county,precinct,office,district,party,candidate,votes
Summit,BTNN34:25,President,,,CORNEL RONALD WEST / MELINA ABDULLAH,0
Summit,BTNS34:10,President,,,CORNEL RONALD WEST / MELINA ABDULLAH,0
Summit,CCRK20:10,President,,,CORNEL RONALD WEST / MELINA ABDULLAH,0
Summit,CLN19:10,President,,,CORNEL RONALD WEST / MELINA ABDULLAH,1
Summit,CLS19:25,President,,,CORNEL RONALD WEST / MELINA ABDULLAH,0
Summit,COLN56:10,President,,,CORNEL RONALD WEST / MELINA ABDULLAH,0
Summit,DVN1:1,President,,,CORNEL RONALD WEST / MELINA ABDULLAH,2
Summit,DVS31:1,President,,,CORNEL RONALD WEST / MELINA ABDULLAH,0
Summit,ECOR46:10,President,,,CORNEL RONALD WEST / MELINA ABDULLAH,0
Summit,ECOR46:50,President,,,CORNEL RONALD WEST / MELINA ABDULLAH,0
Summit,FRAE28:25,President,,,CORNEL RONALD WEST / MELINA ABDULLAH,1
Summit,FRAW28:10,President,,,CORNEL RONALD WEST / MELINA ABDULLAH,0
Summit,GARF58:10,President,,,CORNEL RONALD WEST / MELINA ABDULLAH,0
Summit,HEE38:32,President,,,CORNEL RONALD WEST / MELINA ABDULLAH,2
Summit,HEN25:1,President,,,CORNEL RONALD WEST / MELINA ABDULLAH,1
Summit,HEW23:32,President,,,CORNEL RONALD WEST / MELINA ABDULLAH,2
Summit,HOYT18:10,President,,,CORNEL RONALD WEST / MELINA ABDULLAH,0
Summit,IFOR49:10,President,,,CORNEL RONALD WEST / MELINA ABDULLAH,0
Summit,JERE37:32,President,,,CORNEL RONALD WEST / MELINA ABDULLAH,0
Summit,JERW27:32,President,,,CORNEL RONALD WEST / MELINA ABDULLAH,1
Summit,KAMN12:10,President,,,CORNEL RONALD WEST / MELINA ABDULLAH,1
Summit,KAMS12:25,President,,,CORNEL RONALD WEST / MELINA ABDULLAH,2
Summit,KCYN43:32,President,,,CORNEL RONALD WEST / MELINA ABDULLAH,0
Summit,LPNE9:15,President,,,CORNEL RONALD WEST / MELINA ABDULLAH,1
Summit,LPNW9:3,President,,,CORNEL RONALD WEST / MELINA ABDULLAH,0
Summit,MHW40:32,President,,,CORNEL RONALD WEST / MELINA ABDULLAH,0
Summit,MTCR59:10,President,,,CORNEL RONALD WEST / MELINA ABDULLAH,0
Summit,MTRS55:25,President,,,CORNEL RONALD WEST / MELINA ABDULLAH,0
Summit,NSN24:10,President,,,CORNEL RONALD WEST / MELINA ABDULLAH,0
Summit,OAKN14:10,President,,,CORNEL RONALD WEST / MELINA ABDULLAH,0
Summit,OAKS14:25,President,,,CORNEL RONALD WEST / MELINA ABDULLAH,1
Summit,OLDN32:1,President,,,CORNEL RONALD WEST / MELINA ABDULLAH,0
Summit,OLDS2:1,President,,,CORNEL RONALD WEST / MELINA ABDULLAH,0
Summit,PARS7:25,President,,,CORNEL RONALD WEST / MELINA ABDULLAH,0
Summit,PARW7:32,President,,,CORNEL RONALD WEST / MELINA ABDULLAH,1
Summit,PEOA15:20,President,,,CORNEL RONALD WEST / MELINA ABDULLAH,0
Summit,PEW51:10,President,,,CORNEL RONALD WEST / MELINA ABDULLAH,0
Summit,PEW51:NS5,President,,,CORNEL RONALD WEST / MELINA ABDULLAH,0
Summit,PINN39:32,President,,,CORNEL RONALD WEST / MELINA ABDULLAH,1
Summit,PKMN35:1,President,,,CORNEL RONALD WEST / MELINA ABDULLAH,0
Summit,PKMS5:1,President,,,CORNEL RONALD WEST / MELINA ABDULLAH,0
Summit,PRG45:32,President,,,CORNEL RONALD WEST / MELINA ABDULLAH,0
Summit,PRG45:S4A,President,,,CORNEL RONALD WEST / MELINA ABDULLAH,0
Summit,PRG45:S4B,President,,,CORNEL RONALD WEST / MELINA ABDULLAH,0
Summit,PRG45:S4C,President,,,CORNEL RONALD WEST / MELINA ABDULLAH,0
Summit,PRM48:10,President,,,CORNEL RONALD WEST / MELINA ABDULLAH,0
Summit,PRM48:N5A,President,,,CORNEL RONALD WEST / MELINA ABDULLAH,0
Summit,PRM48:N5B,President,,,CORNEL RONALD WEST / MELINA ABDULLAH,0
Summit,PROS3:1,President,,,CORNEL RONALD WEST / MELINA ABDULLAH,0
Summit,QUAR6:1,President,,,CORNEL RONALD WEST / MELINA ABDULLAH,0
Summit,RANS36:32,President,,,CORNEL RONALD WEST / MELINA ABDULLAH,0
Summit,RNDV47:10,President,,,CORNEL RONALD WEST / MELINA ABDULLAH,0
Summit,ROCP54:10,President,,,CORNEL RONALD WEST / MELINA ABDULLAH,0
Summit,ROCP54:S4,President,,,CORNEL RONALD WEST / MELINA ABDULLAH,0
Summit,RPL26:32,President,,,CORNEL RONALD WEST / MELINA ABDULLAH,4
Summit,SCRL44:31,President,,,CORNEL RONALD WEST / MELINA ABDULLAH,0
Summit,SCRU8:31,President,,,CORNEL RONALD WEST / MELINA ABDULLAH,0
Summit,SCRU8:NS5,President,,,CORNEL RONALD WEST / MELINA ABDULLAH,0
Summit,SFCC57:10,President,,,CORNEL RONALD WEST / MELINA ABDULLAH,0
Summit,SIDE33:1,President,,,CORNEL RONALD WEST / MELINA ABDULLAH,0
Summit,SLVR16:32,President,,,CORNEL RONALD WEST / MELINA ABDULLAH,1
Summit,SML42:32,President,,,CORNEL RONALD WEST / MELINA ABDULLAH,0
Summit,SSE13:20,President,,,CORNEL RONALD WEST / MELINA ABDULLAH,1
Summit,SSS11:20,President,,,CORNEL RONALD WEST / MELINA ABDULLAH,0
Summit,SSW22:20,President,,,CORNEL RONALD WEST / MELINA ABDULLAH,0
Summit,SUME30:32,President,,,CORNEL RONALD WEST / MELINA ABDULLAH,0
Summit,SUMW10:32,President,,,CORNEL RONALD WEST / MELINA ABDULLAH,0
Summit,THAY4:1,President,,,CORNEL RONALD WEST / MELINA ABDULLAH,0
Summit,UINT52:10,President,,,CORNEL RONALD WEST / MELINA ABDULLAH,0
Summit,UPIN41:32,President,,,CORNEL RONALD WEST / MELINA ABDULLAH,0
Summit,WAGN29:32,President,,,CORNEL RONALD WEST / MELINA ABDULLAH,0
Summit,WANE17:10,President,,,CORNEL RONALD WEST / MELINA ABDULLAH,0
Summit,WANE17:S4,President,,,CORNEL RONALD WEST / MELINA ABDULLAH,0
Summit,WNW17:2,President,,,CORNEL RONALD WEST / MELINA ABDULLAH,0
Summit,WNW17:P4A,President,,,CORNEL RONALD WEST / MELINA ABDULLAH,0
Summit,WNW17:P4B,President,,,CORNEL RONALD WEST / MELINA ABDULLAH,0
Summit,WEBC21:20,President,,,CORNEL RONALD WEST / MELINA ABDULLAH,0
Summit,FED1,President,,,CORNEL RONALD WEST / MELINA ABDULLAH,0
Summit,FED3,President,,,CORNEL RONALD WEST / MELINA ABDULLAH,0
Summit,BTNN34:25,President,,,"LUCIFER ""JUSTIN CASE"" EVERYLOVE",2
Summit,BTNS34:10,President,,,"LUCIFER ""JUSTIN CASE"" EVERYLOVE",0
Summit,CCRK20:10,President,,,"LUCIFER ""JUSTIN CASE"" EVERYLOVE",0
Summit,CLN19:10,President,,,"LUCIFER ""JUSTIN CASE"" EVERYLOVE",0
Summit,CLS19:25,President,,,"LUCIFER ""JUSTIN CASE"" EVERYLOVE",0
Summit,COLN56:10,President,,,"LUCIFER ""JUSTIN CASE"" EVERYLOVE",0
Summit,DVN1:1,President,,,"LUCIFER ""JUSTIN CASE"" EVERYLOVE",1
Summit,DVS31:1,President,,,"LUCIFER ""JUSTIN CASE"" EVERYLOVE",0
Summit,ECOR46:10,President,,,"LUCIFER ""JUSTIN CASE"" EVERYLOVE",0
Summit,ECOR46:50,President,,,"LUCIFER ""JUSTIN CASE"" EVERYLOVE",0
Summit,FRAE28:25,President,,,"LUCIFER ""JUSTIN CASE"" EVERYLOVE",0
Summit,FRAW28:10,President,,,"LUCIFER ""JUSTIN CASE"" EVERYLOVE",4
Summit,GARF58:10,President,,,"LUCIFER ""JUSTIN CASE"" EVERYLOVE",0
Summit,HEE38:32,President,,,"LUCIFER ""JUSTIN CASE"" EVERYLOVE",2
Summit,HEN25:1,President,,,"LUCIFER ""JUSTIN CASE"" EVERYLOVE",1
Summit,HEW23:32,President,,,"LUCIFER ""JUSTIN CASE"" EVERYLOVE",2
Summit,HOYT18:10,President,,,"LUCIFER ""JUSTIN CASE"" EVERYLOVE",2
Summit,IFOR49:10,President,,,"LUCIFER ""JUSTIN CASE"" EVERYLOVE",0
Summit,JERE37:32,President,,,"LUCIFER ""JUSTIN CASE"" EVERYLOVE",1
Summit,JERW27:32,President,,,"LUCIFER ""JUSTIN CASE"" EVERYLOVE",0
Summit,KAMN12:10,President,,,"LUCIFER ""JUSTIN CASE"" EVERYLOVE",1
Summit,KAMS12:25,President,,,"LUCIFER ""JUSTIN CASE"" EVERYLOVE",3
Summit,KCYN43:32,President,,,"LUCIFER ""JUSTIN CASE"" EVERYLOVE",1
Summit,LPNE9:15,President,,,"LUCIFER ""JUSTIN CASE"" EVERYLOVE",0
Summit,LPNW9:3,President,,,"LUCIFER ""JUSTIN CASE"" EVERYLOVE",0
Summit,MHW40:32,President,,,"LUCIFER ""JUSTIN CASE"" EVERYLOVE",0
Summit,MTCR59:10,President,,,"LUCIFER ""JUSTIN CASE"" EVERYLOVE",0
Summit,MTRS55:25,President,,,"LUCIFER ""JUSTIN CASE"" EVERYLOVE",0
Summit,NSN24:10,President,,,"LUCIFER ""JUSTIN CASE"" EVERYLOVE",0
Summit,OAKN14:10,President,,,"LUCIFER ""JUSTIN CASE"" EVERYLOVE",0
Summit,OAKS14:25,President,,,"LUCIFER ""JUSTIN CASE"" EVERYLOVE",0
Summit,OLDN32:1,President,,,"LUCIFER ""JUSTIN CASE"" EVERYLOVE",1
Summit,OLDS2:1,President,,,"LUCIFER ""JUSTIN CASE"" EVERYLOVE",0
Summit,PARS7:25,President,,,"LUCIFER ""JUSTIN CASE"" EVERYLOVE",0
Summit,PARW7:32,President,,,"LUCIFER ""JUSTIN CASE"" EVERYLOVE",0
Summit,PEOA15:20,President,,,"LUCIFER ""JUSTIN CASE"" EVERYLOVE",0
Summit,PEW51:10,President,,,"LUCIFER ""JUSTIN CASE"" EVERYLOVE",0
Summit,PEW51:NS5,President,,,"LUCIFER ""JUSTIN CASE"" EVERYLOVE",0
Summit,PINN39:32,President,,,"LUCIFER ""JUSTIN CASE"" EVERYLOVE",0
Summit,PKMN35:1,President,,,"LUCIFER ""JUSTIN CASE"" EVERYLOVE",2
Summit,PKMS5:1,President,,,"LUCIFER ""JUSTIN CASE"" EVERYLOVE",1
Summit,PRG45:32,President,,,"LUCIFER ""JUSTIN CASE"" EVERYLOVE",0
Summit,PRG45:S4A,President,,,"LUCIFER ""JUSTIN CASE"" EVERYLOVE",0
Summit,PRG45:S4B,President,,,"LUCIFER ""JUSTIN CASE"" EVERYLOVE",0
Summit,PRG45:S4C,President,,,"LUCIFER ""JUSTIN CASE"" EVERYLOVE",0
Summit,PRM48:10,President,,,"LUCIFER ""JUSTIN CASE"" EVERYLOVE",1
Summit,PRM48:N5A,President,,,"LUCIFER ""JUSTIN CASE"" EVERYLOVE",0
Summit,PRM48:N5B,President,,,"LUCIFER ""JUSTIN CASE"" EVERYLOVE",0
Summit,PROS3:1,President,,,"LUCIFER ""JUSTIN CASE"" EVERYLOVE",0
Summit,QUAR6:1,President,,,"LUCIFER ""JUSTIN CASE"" EVERYLOVE",0
Summit,RANS36:32,President,,,"LUCIFER ""JUSTIN CASE"" EVERYLOVE",1
Summit,RNDV47:10,President,,,"LUCIFER ""JUSTIN CASE"" EVERYLOVE",0
Summit,ROCP54:10,President,,,"LUCIFER ""JUSTIN CASE"" EVERYLOVE",0
Summit,ROCP54:S4,President,,,"LUCIFER ""JUSTIN CASE"" EVERYLOVE",0
Summit,RPL26:32,President,,,"LUCIFER ""JUSTIN CASE"" EVERYLOVE",0
Summit,SCRL44:31,President,,,"LUCIFER ""JUSTIN CASE"" EVERYLOVE",1
Summit,SCRU8:31,President,,,"LUCIFER ""JUSTIN CASE"" EVERYLOVE",2
Summit,SCRU8:NS5,President,,,"LUCIFER ""JUSTIN CASE"" EVERYLOVE",0
Summit,SFCC57:10,President,,,"LUCIFER ""JUSTIN CASE"" EVERYLOVE",0
Summit,SIDE33:1,President,,,"LUCIFER ""JUSTIN CASE"" EVERYLOVE",0
Summit,SLVR16:32,President,,,"LUCIFER ""JUSTIN CASE"" EVERYLOVE",1
Summit,SML42:32,President,,,"LUCIFER ""JUSTIN CASE"" EVERYLOVE",0
Summit,SSE13:20,President,,,"LUCIFER ""JUSTIN CASE"" EVERYLOVE",1
Summit,SSS11:20,President,,,"LUCIFER ""JUSTIN CASE"" EVERYLOVE",0
Summit,SSW22:20,President,,,"LUCIFER ""JUSTIN CASE"" EVERYLOVE",0
Summit,SUME30:32,President,,,"LUCIFER ""JUSTIN CASE"" EVERYLOVE",1
Summit,SUMW10:32,President,,,"LUCIFER ""JUSTIN CASE"" EVERYLOVE",1
Summit,THAY4:1,President,,,"LUCIFER ""JUSTIN CASE"" EVERYLOVE",0
Summit,UINT52:10,President,,,"LUCIFER ""JUSTIN CASE"" EVERYLOVE",0
Summit,UPIN41:32,President,,,"LUCIFER ""JUSTIN CASE"" EVERYLOVE",0
Summit,WAGN29:32,President,,,"LUCIFER ""JUSTIN CASE"" EVERYLOVE",1
Summit,WANE17:10,President,,,"LUCIFER ""JUSTIN CASE"" EVERYLOVE",1
Summit,WANE17:S4,President,,,"LUCIFER ""JUSTIN CASE"" EVERYLOVE",0
Summit,WNW17:2,President,,,"LUCIFER ""JUSTIN CASE"" EVERYLOVE",1
Summit,WNW17:P4A,President,,,"LUCIFER ""JUSTIN CASE"" EVERYLOVE",0
Summit,WNW17:P4B,President,,,"LUCIFER ""JUSTIN CASE"" EVERYLOVE",0
Summit,WEBC21:20,President,,,"LUCIFER ""JUSTIN CASE"" EVERYLOVE",0
Summit,FED1,President,,,"LUCIFER ""JUSTIN CASE"" EVERYLOVE",0
Summit,FED3,President,,,"LUCIFER ""JUSTIN CASE"" EVERYLOVE",0
Summit,BTNN34:25,President,,CON,JOEL SKOUSEN / RIK COMBS,1
Summit,BTNS34:10,President,,CON,JOEL SKOUSEN / RIK COMBS,0
Summit,CCRK20:10,President,,CON,JOEL SKOUSEN / RIK COMBS,1
Summit,CLN19:10,President,,CON,JOEL SKOUSEN / RIK COMBS,1
Summit,CLS19:25,President,,CON,JOEL SKOUSEN / RIK COMBS,5
Summit,COLN56:10,President,,CON,JOEL SKOUSEN / RIK COMBS,0
Summit,DVN1:1,President,,CON,JOEL SKOUSEN / RIK COMBS,0
Summit,DVS31:1,President,,CON,JOEL SKOUSEN / RIK COMBS,0
Summit,ECOR46:10,President,,CON,JOEL SKOUSEN / RIK COMBS,0
Summit,ECOR46:50,President,,CON,JOEL SKOUSEN / RIK COMBS,0
Summit,FRAE28:25,President,,CON,JOEL SKOUSEN / RIK COMBS,0
Summit,FRAW28:10,President,,CON,JOEL SKOUSEN / RIK COMBS,2
Summit,GARF58:10,President,,CON,JOEL SKOUSEN / RIK COMBS,0
Summit,HEE38:32,President,,CON,JOEL SKOUSEN / RIK COMBS,1
Summit,HEN25:1,President,,CON,JOEL SKOUSEN / RIK COMBS,4
Summit,HEW23:32,President,,CON,JOEL SKOUSEN / RIK COMBS,1
Summit,HOYT18:10,President,,CON,JOEL SKOUSEN / RIK COMBS,2
Summit,IFOR49:10,President,,CON,JOEL SKOUSEN / RIK COMBS,0
Summit,JERE37:32,President,,CON,JOEL SKOUSEN / RIK COMBS,2
Summit,JERW27:32,President,,CON,JOEL SKOUSEN / RIK COMBS,1
Summit,KAMN12:10,President,,CON,JOEL SKOUSEN / RIK COMBS,4
Summit,KAMS12:25,President,,CON,JOEL SKOUSEN / RIK COMBS,0
Summit,KCYN43:32,President,,CON,JOEL SKOUSEN / RIK COMBS,0
Summit,LPNE9:15,President,,CON,JOEL SKOUSEN / RIK COMBS,1
Summit,LPNW9:3,President,,CON,JOEL SKOUSEN / RIK COMBS,2
Summit,MHW40:32,President,,CON,JOEL SKOUSEN / RIK COMBS,2
Summit,MTCR59:10,President,,CON,JOEL SKOUSEN / RIK COMBS,0
Summit,MTRS55:25,President,,CON,JOEL SKOUSEN / RIK COMBS,0
Summit,NSN24:10,President,,CON,JOEL SKOUSEN / RIK COMBS,0
Summit,OAKN14:10,President,,CON,JOEL SKOUSEN / RIK COMBS,0
Summit,OAKS14:25,President,,CON,JOEL SKOUSEN / RIK COMBS,1
Summit,OLDN32:1,President,,CON,JOEL SKOUSEN / RIK COMBS,0
Summit,OLDS2:1,President,,CON,JOEL SKOUSEN / RIK COMBS,0
Summit,PARS7:25,President,,CON,JOEL SKOUSEN / RIK COMBS,2
Summit,PARW7:32,President,,CON,JOEL SKOUSEN / RIK COMBS,1
Summit,PEOA15:20,President,,CON,JOEL SKOUSEN / RIK COMBS,0
Summit,PEW51:10,President,,CON,JOEL SKOUSEN / RIK COMBS,0
Summit,PEW51:NS5,President,,CON,JOEL SKOUSEN / RIK COMBS,0
Summit,PINN39:32,President,,CON,JOEL SKOUSEN / RIK COMBS,0
Summit,PKMN35:1,President,,CON,JOEL SKOUSEN / RIK COMBS,0
Summit,PKMS5:1,President,,CON,JOEL SKOUSEN / RIK COMBS,0
Summit,PRG45:32,President,,CON,JOEL SKOUSEN / RIK COMBS,0
Summit,PRG45:S4A,President,,CON,JOEL SKOUSEN / RIK COMBS,0
Summit,PRG45:S4B,President,,CON,JOEL SKOUSEN / RIK COMBS,0
Summit,PRG45:S4C,President,,CON,JOEL SKOUSEN / RIK COMBS,0
Summit,PRM48:10,President,,CON,JOEL SKOUSEN / RIK COMBS,0
Summit,PRM48:N5A,President,,CON,JOEL SKOUSEN / RIK COMBS,0
Summit,PRM48:N5B,President,,CON,JOEL SKOUSEN / RIK COMBS,0
Summit,PROS3:1,President,,CON,JOEL SKOUSEN / RIK COMBS,0
Summit,QUAR6:1,President,,CON,JOEL SKOUSEN / RIK COMBS,0
Summit,RANS36:32,President,,CON,JOEL SKOUSEN / RIK COMBS,0
Summit,RNDV47:10,President,,CON,JOEL SKOUSEN / RIK COMBS,0
Summit,ROCP54:10,President,,CON,JOEL SKOUSEN / RIK COMBS,0
Summit,ROCP54:S4,President,,CON,JOEL SKOUSEN / RIK COMBS,0
Summit,RPL26:32,President,,CON,JOEL SKOUSEN / RIK COMBS,0
Summit,SCRL44:31,President,,CON,JOEL SKOUSEN / RIK COMBS,0
Summit,SCRU8:31,President,,CON,JOEL SKOUSEN / RIK COMBS,1
Summit,SCRU8:NS5,President,,CON,JOEL SKOUSEN / RIK COMBS,0
Summit,SFCC57:10,President,,CON,JOEL SKOUSEN / RIK COMBS,0
Summit,SIDE33:1,President,,CON,JOEL SKOUSEN / RIK COMBS,0
Summit,SLVR16:32,President,,CON,JOEL SKOUSEN / RIK COMBS,1
Summit,SML42:32,President,,CON,JOEL SKOUSEN / RIK COMBS,2
Summit,SSE13:20,President,,CON,JOEL SKOUSEN / RIK COMBS,0
Summit,SSS11:20,President,,CON,JOEL SKOUSEN / RIK COMBS,2
Summit,SSW22:20,President,,CON,JOEL SKOUSEN / RIK COMBS,2
Summit,SUME30:32,President,,CON,JOEL SKOUSEN / RIK COMBS,2
Summit,SUMW10:32,President,,CON,JOEL SKOUSEN / RIK COMBS,0
Summit,THAY4:1,President,,CON,JOEL SKOUSEN / RIK COMBS,1
Summit,UINT52:10,President,,CON,JOEL SKOUSEN / RIK COMBS,0
Summit,UPIN41:32,President,,CON,JOEL SKOUSEN / RIK COMBS,0
Summit,WAGN29:32,President,,CON,JOEL SKOUSEN / RIK COMBS,0
Summit,WANE17:10,President,,CON,JOEL SKOUSEN / RIK COMBS,0
Summit,WANE17:S4,President,,CON,JOEL SKOUSEN / RIK COMBS,0
Summit,WNW17:2,President,,CON,JOEL SKOUSEN / RIK COMBS,0
Summit,WNW17:P4A,President,,CON,JOEL SKOUSEN / RIK COMBS,0
Summit,WNW17:P4B,President,,CON,JOEL SKOUSEN / RIK COMBS,0
Summit,WEBC21:20,President,,CON,JOEL SKOUSEN / RIK COMBS,1
Summit,FED1,President,,CON,JOEL SKOUSEN / RIK COMBS,0
Summit,FED3,President,,CON,JOEL SKOUSEN / RIK COMBS,0
Summit,BTNN34:25,President,,GRN,JILL STEIN / RUDOLPH WARE,2
Summit,BTNS34:10,President,,GRN,JILL STEIN / RUDOLPH WARE,1
Summit,CCRK20:10,President,,GRN,JILL STEIN / RUDOLPH WARE,1
Summit,CLN19:10,President,,GRN,JILL STEIN / RUDOLPH WARE,1
Summit,CLS19:25,President,,GRN,JILL STEIN / RUDOLPH WARE,3
Summit,COLN56:10,President,,GRN,JILL STEIN / RUDOLPH WARE,0
Summit,DVN1:1,President,,GRN,JILL STEIN / RUDOLPH WARE,1
Summit,DVS31:1,President,,GRN,JILL STEIN / RUDOLPH WARE,1
Summit,ECOR46:10,President,,GRN,JILL STEIN / RUDOLPH WARE,0
Summit,ECOR46:50,President,,GRN,JILL STEIN / RUDOLPH WARE,0
Summit,FRAE28:25,President,,GRN,JILL STEIN / RUDOLPH WARE,1
Summit,FRAW28:10,President,,GRN,JILL STEIN / RUDOLPH WARE,5
Summit,GARF58:10,President,,GRN,JILL STEIN / RUDOLPH WARE,0
Summit,HEE38:32,President,,GRN,JILL STEIN / RUDOLPH WARE,5
Summit,HEN25:1,President,,GRN,JILL STEIN / RUDOLPH WARE,0
Summit,HEW23:32,President,,GRN,JILL STEIN / RUDOLPH WARE,3
Summit,HOYT18:10,President,,GRN,JILL STEIN / RUDOLPH WARE,2
Summit,IFOR49:10,President,,GRN,JILL STEIN / RUDOLPH WARE,0
Summit,JERE37:32,President,,GRN,JILL STEIN / RUDOLPH WARE,5
Summit,JERW27:32,President,,GRN,JILL STEIN / RUDOLPH WARE,4
Summit,KAMN12:10,President,,GRN,JILL STEIN / RUDOLPH WARE,3
Summit,KAMS12:25,President,,GRN,JILL STEIN / RUDOLPH WARE,4
Summit,KCYN43:32,President,,GRN,JILL STEIN / RUDOLPH WARE,1
Summit,LPNE9:15,President,,GRN,JILL STEIN / RUDOLPH WARE,0
Summit,LPNW9:3,President,,GRN,JILL STEIN / RUDOLPH WARE,2
Summit,MHW40:32,President,,GRN,JILL STEIN / RUDOLPH WARE,2
Summit,MTCR59:10,President,,GRN,JILL STEIN / RUDOLPH WARE,0
Summit,MTRS55:25,President,,GRN,JILL STEIN / RUDOLPH WARE,1
Summit,NSN24:10,President,,GRN,JILL STEIN / RUDOLPH WARE,1
Summit,OAKN14:10,President,,GRN,JILL STEIN / RUDOLPH WARE,0
Summit,OAKS14:25,President,,GRN,JILL STEIN / RUDOLPH WARE,0
Summit,OLDN32:1,President,,GRN,JILL STEIN / RUDOLPH WARE,2
Summit,OLDS2:1,President,,GRN,JILL STEIN / RUDOLPH WARE,3
Summit,PARS7:25,President,,GRN,JILL STEIN / RUDOLPH WARE,3
Summit,PARW7:32,President,,GRN,JILL STEIN / RUDOLPH WARE,3
Summit,PEOA15:20,President,,GRN,JILL STEIN / RUDOLPH WARE,0
Summit,PEW51:10,President,,GRN,JILL STEIN / RUDOLPH WARE,0
Summit,PEW51:NS5,President,,GRN,JILL STEIN / RUDOLPH WARE,0
Summit,PINN39:32,President,,GRN,JILL STEIN / RUDOLPH WARE,3
Summit,PKMN35:1,President,,GRN,JILL STEIN / RUDOLPH WARE,2
Summit,PKMS5:1,President,,GRN,JILL STEIN / RUDOLPH WARE,4
Summit,PRG45:32,President,,GRN,JILL STEIN / RUDOLPH WARE,0
Summit,PRG45:S4A,President,,GRN,JILL STEIN / RUDOLPH WARE,0
Summit,PRG45:S4B,President,,GRN,JILL STEIN / RUDOLPH WARE,0
Summit,PRG45:S4C,President,,GRN,JILL STEIN / RUDOLPH WARE,0
Summit,PRM48:10,President,,GRN,JILL STEIN / RUDOLPH WARE,3
Summit,PRM48:N5A,President,,GRN,JILL STEIN / RUDOLPH WARE,0
Summit,PRM48:N5B,President,,GRN,JILL STEIN / RUDOLPH WARE,0
Summit,PROS3:1,President,,GRN,JILL STEIN / RUDOLPH WARE,2
Summit,QUAR6:1,President,,GRN,JILL STEIN / RUDOLPH WARE,4
Summit,RANS36:32,President,,GRN,JILL STEIN / RUDOLPH WARE,0
Summit,RNDV47:10,President,,GRN,JILL STEIN / RUDOLPH WARE,0
Summit,ROCP54:10,President,,GRN,JILL STEIN / RUDOLPH WARE,0
Summit,ROCP54:S4,President,,GRN,JILL STEIN / RUDOLPH WARE,0
Summit,RPL26:32,President,,GRN,JILL STEIN / RUDOLPH WARE,7
Summit,SCRL44:31,President,,GRN,JILL STEIN / RUDOLPH WARE,2
Summit,SCRU8:31,President,,GRN,JILL STEIN / RUDOLPH WARE,0
Summit,SCRU8:NS5,President,,GRN,JILL STEIN / RUDOLPH WARE,0
Summit,SFCC57:10,President,,GRN,JILL STEIN / RUDOLPH WARE,0
Summit,SIDE33:1,President,,GRN,JILL STEIN / RUDOLPH WARE,3
Summit,SLVR16:32,President,,GRN,JILL STEIN / RUDOLPH WARE,1
Summit,SML42:32,President,,GRN,JILL STEIN / RUDOLPH WARE,3
Summit,SSE13:20,President,,GRN,JILL STEIN / RUDOLPH WARE,2
Summit,SSS11:20,President,,GRN,JILL STEIN / RUDOLPH WARE,0
Summit,SSW22:20,President,,GRN,JILL STEIN / RUDOLPH WARE,4
Summit,SUME30:32,President,,GRN,JILL STEIN / RUDOLPH WARE,2
Summit,SUMW10:32,President,,GRN,JILL STEIN / RUDOLPH WARE,3
Summit,THAY4:1,President,,GRN,JILL STEIN / RUDOLPH WARE,4
Summit,UINT52:10,President,,GRN,JILL STEIN / RUDOLPH WARE,0
Summit,UPIN41:32,President,,GRN,JILL STEIN / RUDOLPH WARE,1
Summit,WAGN29:32,President,,GRN,JILL STEIN / RUDOLPH WARE,1
Summit,WANE17:10,President,,GRN,JILL STEIN / RUDOLPH WARE,4
Summit,WANE17:S4,President,,GRN,JILL STEIN / RUDOLPH WARE,0
Summit,WNW17:2,President,,GRN,JILL STEIN / RUDOLPH WARE,3
Summit,WNW17:P4A,President,,GRN,JILL STEIN / RUDOLPH WARE,0
Summit,WNW17:P4B,President,,GRN,JILL STEIN / RUDOLPH WARE,0
Summit,WEBC21:20,President,,GRN,JILL STEIN / RUDOLPH WARE,2
Summit,FED1,President,,GRN,JILL STEIN / RUDOLPH WARE,0
Summit,FED3,President,,GRN,JILL STEIN / RUDOLPH WARE,1
Summit,BTNN34:25,President,,REP,DONALD J. TRUMP / JD VANCE,183
Summit,BTNS34:10,President,,REP,DONALD J. TRUMP / JD VANCE,100
Summit,CCRK20:10,President,,REP,DONALD J. TRUMP / JD VANCE,226
Summit,CLN19:10,President,,REP,DONALD J. TRUMP / JD VANCE,295
Summit,CLS19:25,President,,REP,DONALD J. TRUMP / JD VANCE,280
Summit,COLN56:10,President,,REP,DONALD J. TRUMP / JD VANCE,0
Summit,DVN1:1,President,,REP,DONALD J. TRUMP / JD VANCE,262
Summit,DVS31:1,President,,REP,DONALD J. TRUMP / JD VANCE,183
Summit,ECOR46:10,President,,REP,DONALD J. TRUMP / JD VANCE,0
Summit,ECOR46:50,President,,REP,DONALD J. TRUMP / JD VANCE,0
Summit,FRAE28:25,President,,REP,DONALD J. TRUMP / JD VANCE,276
Summit,FRAW28:10,President,,REP,DONALD J. TRUMP / JD VANCE,397
Summit,GARF58:10,President,,REP,DONALD J. TRUMP / JD VANCE,0
Summit,HEE38:32,President,,REP,DONALD J. TRUMP / JD VANCE,171
Summit,HEN25:1,President,,REP,DONALD J. TRUMP / JD VANCE,397
Summit,HEW23:32,President,,REP,DONALD J. TRUMP / JD VANCE,193
Summit,HOYT18:10,President,,REP,DONALD J. TRUMP / JD VANCE,415
Summit,IFOR49:10,President,,REP,DONALD J. TRUMP / JD VANCE,0
Summit,JERE37:32,President,,REP,DONALD J. TRUMP / JD VANCE,204
Summit,JERW27:32,President,,REP,DONALD J. TRUMP / JD VANCE,252
Summit,KAMN12:10,President,,REP,DONALD J. TRUMP / JD VANCE,330
Summit,KAMS12:25,President,,REP,DONALD J. TRUMP / JD VANCE,296
Summit,KCYN43:32,President,,REP,DONALD J. TRUMP / JD VANCE,76
Summit,LPNE9:15,President,,REP,DONALD J. TRUMP / JD VANCE,141
Summit,LPNW9:3,President,,REP,DONALD J. TRUMP / JD VANCE,135
Summit,MHW40:32,President,,REP,DONALD J. TRUMP / JD VANCE,215
Summit,MTCR59:10,President,,REP,DONALD J. TRUMP / JD VANCE,0
Summit,MTRS55:25,President,,REP,DONALD J. TRUMP / JD VANCE,72
Summit,NSN24:10,President,,REP,DONALD J. TRUMP / JD VANCE,171
Summit,OAKN14:10,President,,REP,DONALD J. TRUMP / JD VANCE,255
Summit,OAKS14:25,President,,REP,DONALD J. TRUMP / JD VANCE,308
Summit,OLDN32:1,President,,REP,DONALD J. TRUMP / JD VANCE,93
Summit,OLDS2:1,President,,REP,DONALD J. TRUMP / JD VANCE,35
Summit,PARS7:25,President,,REP,DONALD J. TRUMP / JD VANCE,107
Summit,PARW7:32,President,,REP,DONALD J. TRUMP / JD VANCE,264
Summit,PEOA15:20,President,,REP,DONALD J. TRUMP / JD VANCE,141
Summit,PEW51:10,President,,REP,DONALD J. TRUMP / JD VANCE,17
Summit,PEW51:NS5,President,,REP,DONALD J. TRUMP / JD VANCE,0
Summit,PINN39:32,President,,REP,DONALD J. TRUMP / JD VANCE,173
Summit,PKMN35:1,President,,REP,DONALD J. TRUMP / JD VANCE,244
Summit,PKMS5:1,President,,REP,DONALD J. TRUMP / JD VANCE,122
Summit,PRG45:32,President,,REP,DONALD J. TRUMP / JD VANCE,130
Summit,PRG45:S4A,President,,REP,DONALD J. TRUMP / JD VANCE,0
Summit,PRG45:S4B,President,,REP,DONALD J. TRUMP / JD VANCE,0
Summit,PRG45:S4C,President,,REP,DONALD J. TRUMP / JD VANCE,0
Summit,PRM48:10,President,,REP,DONALD J. TRUMP / JD VANCE,341
Summit,PRM48:N5A,President,,REP,DONALD J. TRUMP / JD VANCE,11
Summit,PRM48:N5B,President,,REP,DONALD J. TRUMP / JD VANCE,0
Summit,PROS3:1,President,,REP,DONALD J. TRUMP / JD VANCE,104
Summit,QUAR6:1,President,,REP,DONALD J. TRUMP / JD VANCE,180
Summit,RANS36:32,President,,REP,DONALD J. TRUMP / JD VANCE,81
Summit,RNDV47:10,President,,REP,DONALD J. TRUMP / JD VANCE,0
Summit,ROCP54:10,President,,REP,DONALD J. TRUMP / JD VANCE,46
Summit,ROCP54:S4,President,,REP,DONALD J. TRUMP / JD VANCE,0
Summit,RPL26:32,President,,REP,DONALD J. TRUMP / JD VANCE,185
Summit,SCRL44:31,President,,REP,DONALD J. TRUMP / JD VANCE,192
Summit,SCRU8:31,President,,REP,DONALD J. TRUMP / JD VANCE,139
Summit,SCRU8:NS5,President,,REP,DONALD J. TRUMP / JD VANCE,10
Summit,SFCC57:10,President,,REP,DONALD J. TRUMP / JD VANCE,0
Summit,SIDE33:1,President,,REP,DONALD J. TRUMP / JD VANCE,79
Summit,SLVR16:32,President,,REP,DONALD J. TRUMP / JD VANCE,171
Summit,SML42:32,President,,REP,DONALD J. TRUMP / JD VANCE,179
Summit,SSE13:20,President,,REP,DONALD J. TRUMP / JD VANCE,277
Summit,SSS11:20,President,,REP,DONALD J. TRUMP / JD VANCE,240
Summit,SSW22:20,President,,REP,DONALD J. TRUMP / JD VANCE,247
Summit,SUME30:32,President,,REP,DONALD J. TRUMP / JD VANCE,126
Summit,SUMW10:32,President,,REP,DONALD J. TRUMP / JD VANCE,92
Summit,THAY4:1,President,,REP,DONALD J. TRUMP / JD VANCE,123
Summit,UINT52:10,President,,REP,DONALD J. TRUMP / JD VANCE,0
Summit,UPIN41:32,President,,REP,DONALD J. TRUMP / JD VANCE,126
Summit,WAGN29:32,President,,REP,DONALD J. TRUMP / JD VANCE,89
Summit,WANE17:10,President,,REP,DONALD J. TRUMP / JD VANCE,298
Summit,WANE17:S4,President,,REP,DONALD J. TRUMP / JD VANCE,0
Summit,WNW17:2,President,,REP,DONALD J. TRUMP / JD VANCE,111
Summit,WNW17:P4A,President,,REP,DONALD J. TRUMP / JD VANCE,0
Summit,WNW17:P4B,President,,REP,DONALD J. TRUMP / JD VANCE,0
Summit,WEBC21:20,President,,REP,DONALD J. TRUMP / JD VANCE,145
Summit,FED1,President,,REP,DONALD J. TRUMP / JD VANCE,6
Summit,FED3,President,,REP,DONALD J. TRUMP / JD VANCE,10
Summit,BTNN34:25,President,,LIB,CHASE OLIVER / MIKE TER MAAT,3
Summit,BTNS34:10,President,,LIB,CHASE OLIVER / MIKE TER MAAT,2
Summit,CCRK20:10,President,,LIB,CHASE OLIVER / MIKE TER MAAT,2
Summit,CLN19:10,President,,LIB,CHASE OLIVER / MIKE TER MAAT,7
Summit,CLS19:25,President,,LIB,CHASE OLIVER / MIKE TER MAAT,2
Summit,COLN56:10,President,,LIB,CHASE OLIVER / MIKE TER MAAT,0
Summit,DVN1:1,President,,LIB,CHASE OLIVER / MIKE TER MAAT,8
Summit,DVS31:1,President,,LIB,CHASE OLIVER / MIKE TER MAAT,2
Summit,ECOR46:10,President,,LIB,CHASE OLIVER / MIKE TER MAAT,0
Summit,ECOR46:50,President,,LIB,CHASE OLIVER / MIKE TER MAAT,0
Summit,FRAE28:25,President,,LIB,CHASE OLIVER / MIKE TER MAAT,4
Summit,FRAW28:10,President,,LIB,CHASE OLIVER / MIKE TER MAAT,7
Summit,GARF58:10,President,,LIB,CHASE OLIVER / MIKE TER MAAT,0
Summit,HEE38:32,President,,LIB,CHASE OLIVER / MIKE TER MAAT,3
Summit,HEN25:1,President,,LIB,CHASE OLIVER / MIKE TER MAAT,1
Summit,HEW23:32,President,,LIB,CHASE OLIVER / MIKE TER MAAT,4
Summit,HOYT18:10,President,,LIB,CHASE OLIVER / MIKE TER MAAT,10
Summit,IFOR49:10,President,,LIB,CHASE OLIVER / MIKE TER MAAT,0
Summit,JERE37:32,President,,LIB,CHASE OLIVER / MIKE TER MAAT,6
Summit,JERW27:32,President,,LIB,CHASE OLIVER / MIKE TER MAAT,6
Summit,KAMN12:10,President,,LIB,CHASE OLIVER / MIKE TER MAAT,6
Summit,KAMS12:25,President,,LIB,CHASE OLIVER / MIKE TER MAAT,3
Summit,KCYN43:32,President,,LIB,CHASE OLIVER / MIKE TER MAAT,3
Summit,LPNE9:15,President,,LIB,CHASE OLIVER / MIKE TER MAAT,4
Summit,LPNW9:3,President,,LIB,CHASE OLIVER / MIKE TER MAAT,4
Summit,MHW40:32,President,,LIB,CHASE OLIVER / MIKE TER MAAT,9
Summit,MTCR59:10,President,,LIB,CHASE OLIVER / MIKE TER MAAT,0
Summit,MTRS55:25,President,,LIB,CHASE OLIVER / MIKE TER MAAT,1
Summit,NSN24:10,President,,LIB,CHASE OLIVER / MIKE TER MAAT,2
Summit,OAKN14:10,President,,LIB,CHASE OLIVER / MIKE TER MAAT,4
Summit,OAKS14:25,President,,LIB,CHASE OLIVER / MIKE TER MAAT,7
Summit,OLDN32:1,President,,LIB,CHASE OLIVER / MIKE TER MAAT,2
Summit,OLDS2:1,President,,LIB,CHASE OLIVER / MIKE TER MAAT,2
Summit,PARS7:25,President,,LIB,CHASE OLIVER / MIKE TER MAAT,3
Summit,PARW7:32,President,,LIB,CHASE OLIVER / MIKE TER MAAT,5
Summit,PEOA15:20,President,,LIB,CHASE OLIVER / MIKE TER MAAT,2
Summit,PEW51:10,President,,LIB,CHASE OLIVER / MIKE TER MAAT,0
Summit,PEW51:NS5,President,,LIB,CHASE OLIVER / MIKE TER MAAT,0
Summit,PINN39:32,President,,LIB,CHASE OLIVER / MIKE TER MAAT,5
Summit,PKMN35:1,President,,LIB,CHASE OLIVER / MIKE TER MAAT,12
Summit,PKMS5:1,President,,LIB,CHASE OLIVER / MIKE TER MAAT,2
Summit,PRG45:32,President,,LIB,CHASE OLIVER / MIKE TER MAAT,1
Summit,PRG45:S4A,President,,LIB,CHASE OLIVER / MIKE TER MAAT,0
Summit,PRG45:S4B,President,,LIB,CHASE OLIVER / MIKE TER MAAT,0
Summit,PRG45:S4C,President,,LIB,CHASE OLIVER / MIKE TER MAAT,0
Summit,PRM48:10,President,,LIB,CHASE OLIVER / MIKE TER MAAT,5
Summit,PRM48:N5A,President,,LIB,CHASE OLIVER / MIKE TER MAAT,0
Summit,PRM48:N5B,President,,LIB,CHASE OLIVER / MIKE TER MAAT,0
Summit,PROS3:1,President,,LIB,CHASE OLIVER / MIKE TER MAAT,5
Summit,QUAR6:1,President,,LIB,CHASE OLIVER / MIKE TER MAAT,3
Summit,RANS36:32,President,,LIB,CHASE OLIVER / MIKE TER MAAT,2
Summit,RNDV47:10,President,,LIB,CHASE OLIVER / MIKE TER MAAT,0
Summit,ROCP54:10,President,,LIB,CHASE OLIVER / MIKE TER MAAT,0
Summit,ROCP54:S4,President,,LIB,CHASE OLIVER / MIKE TER MAAT,0
Summit,RPL26:32,President,,LIB,CHASE OLIVER / MIKE TER MAAT,7
Summit,SCRL44:31,President,,LIB,CHASE OLIVER / MIKE TER MAAT,5
Summit,SCRU8:31,President,,LIB,CHASE OLIVER / MIKE TER MAAT,0
Summit,SCRU8:NS5,President,,LIB,CHASE OLIVER / MIKE TER MAAT,0
Summit,SFCC57:10,President,,LIB,CHASE OLIVER / MIKE TER MAAT,0
Summit,SIDE33:1,President,,LIB,CHASE OLIVER / MIKE TER MAAT,2
Summit,SLVR16:32,President,,LIB,CHASE OLIVER / MIKE TER MAAT,3
Summit,SML42:32,President,,LIB,CHASE OLIVER / MIKE TER MAAT,1
Summit,SSE13:20,President,,LIB,CHASE OLIVER / MIKE TER MAAT,6
Summit,SSS11:20,President,,LIB,CHASE OLIVER / MIKE TER MAAT,5
Summit,SSW22:20,President,,LIB,CHASE OLIVER / MIKE TER MAAT,3
Summit,SUME30:32,President,,LIB,CHASE OLIVER / MIKE TER MAAT,6
Summit,SUMW10:32,President,,LIB,CHASE OLIVER / MIKE TER MAAT,8
Summit,THAY4:1,President,,LIB,CHASE OLIVER / MIKE TER MAAT,8
Summit,UINT52:10,President,,LIB,CHASE OLIVER / MIKE TER MAAT,0
Summit,UPIN41:32,President,,LIB,CHASE OLIVER / MIKE TER MAAT,2
Summit,WAGN29:32,President,,LIB,CHASE OLIVER / MIKE TER MAAT,3
Summit,WANE17:10,President,,LIB,CHASE OLIVER / MIKE TER MAAT,5
Summit,WANE17:S4,President,,LIB,CHASE OLIVER / MIKE TER MAAT,0
Summit,WNW17:2,President,,LIB,CHASE OLIVER / MIKE TER MAAT,9
Summit,WNW17:P4A,President,,LIB,CHASE OLIVER / MIKE TER MAAT,0
Summit,WNW17:P4B,President,,LIB,CHASE OLIVER / MIKE TER MAAT,0
Summit,WEBC21:20,President,,LIB,CHASE OLIVER / MIKE TER MAAT,1
Summit,FED1,President,,LIB,CHASE OLIVER / MIKE TER MAAT,0
Summit,FED3,President,,LIB,CHASE OLIVER / MIKE TER MAAT,0
Summit,BTNN34:25,President,,DEM,KAMALA D. HARRIS / TIM WALZ,250
Summit,BTNS34:10,President,,DEM,KAMALA D. HARRIS / TIM WALZ,251
Summit,CCRK20:10,President,,DEM,KAMALA D. HARRIS / TIM WALZ,53
Summit,CLN19:10,President,,DEM,KAMALA D. HARRIS / TIM WALZ,113
Summit,CLS19:25,President,,DEM,KAMALA D. HARRIS / TIM WALZ,58
Summit,COLN56:10,President,,DEM,KAMALA D. HARRIS / TIM WALZ,0
Summit,DVN1:1,President,,DEM,KAMALA D. HARRIS / TIM WALZ,524
Summit,DVS31:1,President,,DEM,KAMALA D. HARRIS / TIM WALZ,392
Summit,ECOR46:10,President,,DEM,KAMALA D. HARRIS / TIM WALZ,0
Summit,ECOR46:50,President,,DEM,KAMALA D. HARRIS / TIM WALZ,0
Summit,FRAE28:25,President,,DEM,KAMALA D. HARRIS / TIM WALZ,84
Summit,FRAW28:10,President,,DEM,KAMALA D. HARRIS / TIM WALZ,224
Summit,GARF58:10,President,,DEM,KAMALA D. HARRIS / TIM WALZ,0
Summit,HEE38:32,President,,DEM,KAMALA D. HARRIS / TIM WALZ,510
Summit,HEN25:1,President,,DEM,KAMALA D. HARRIS / TIM WALZ,68
Summit,HEW23:32,President,,DEM,KAMALA D. HARRIS / TIM WALZ,412
Summit,HOYT18:10,President,,DEM,KAMALA D. HARRIS / TIM WALZ,119
Summit,IFOR49:10,President,,DEM,KAMALA D. HARRIS / TIM WALZ,0
Summit,JERE37:32,President,,DEM,KAMALA D. HARRIS / TIM WALZ,468
Summit,JERW27:32,President,,DEM,KAMALA D. HARRIS / TIM WALZ,394
Summit,KAMN12:10,President,,DEM,KAMALA D. HARRIS / TIM WALZ,228
Summit,KAMS12:25,President,,DEM,KAMALA D. HARRIS / TIM WALZ,160
Summit,KCYN43:32,President,,DEM,KAMALA D. HARRIS / TIM WALZ,126
Summit,LPNE9:15,President,,DEM,KAMALA D. HARRIS / TIM WALZ,350
Summit,LPNW9:3,President,,DEM,KAMALA D. HARRIS / TIM WALZ,324
Summit,MHW40:32,President,,DEM,KAMALA D. HARRIS / TIM WALZ,414
Summit,MTCR59:10,President,,DEM,KAMALA D. HARRIS / TIM WALZ,0
Summit,MTRS55:25,President,,DEM,KAMALA D. HARRIS / TIM WALZ,110
Summit,NSN24:10,President,,DEM,KAMALA D. HARRIS / TIM WALZ,24
Summit,OAKN14:10,President,,DEM,KAMALA D. HARRIS / TIM WALZ,125
Summit,OAKS14:25,President,,DEM,KAMALA D. HARRIS / TIM WALZ,166
Summit,OLDN32:1,President,,DEM,KAMALA D. HARRIS / TIM WALZ,248
Summit,OLDS2:1,President,,DEM,KAMALA D. HARRIS / TIM WALZ,145
Summit,PARS7:25,President,,DEM,KAMALA D. HARRIS / TIM WALZ,169
Summit,PARW7:32,President,,DEM,KAMALA D. HARRIS / TIM WALZ,572
Summit,PEOA15:20,President,,DEM,KAMALA D. HARRIS / TIM WALZ,60
Summit,PEW51:10,President,,DEM,KAMALA D. HARRIS / TIM WALZ,13
Summit,PEW51:NS5,President,,DEM,KAMALA D. HARRIS / TIM WALZ,0
Summit,PINN39:32,President,,DEM,KAMALA D. HARRIS / TIM WALZ,431
Summit,PKMN35:1,President,,DEM,KAMALA D. HARRIS / TIM WALZ,465
Summit,PKMS5:1,President,,DEM,KAMALA D. HARRIS / TIM WALZ,378
Summit,PRG45:32,President,,DEM,KAMALA D. HARRIS / TIM WALZ,101
Summit,PRG45:S4A,President,,DEM,KAMALA D. HARRIS / TIM WALZ,0
Summit,PRG45:S4B,President,,DEM,KAMALA D. HARRIS / TIM WALZ,0
Summit,PRG45:S4C,President,,DEM,KAMALA D. HARRIS / TIM WALZ,0
Summit,PRM48:10,President,,DEM,KAMALA D. HARRIS / TIM WALZ,429
Summit,PRM48:N5A,President,,DEM,KAMALA D. HARRIS / TIM WALZ,4
Summit,PRM48:N5B,President,,DEM,KAMALA D. HARRIS / TIM WALZ,0
Summit,PROS3:1,President,,DEM,KAMALA D. HARRIS / TIM WALZ,223
Summit,QUAR6:1,President,,DEM,KAMALA D. HARRIS / TIM WALZ,425
Summit,RANS36:32,President,,DEM,KAMALA D. HARRIS / TIM WALZ,162
Summit,RNDV47:10,President,,DEM,KAMALA D. HARRIS / TIM WALZ,0
Summit,ROCP54:10,President,,DEM,KAMALA D. HARRIS / TIM WALZ,42
Summit,ROCP54:S4,President,,DEM,KAMALA D. HARRIS / TIM WALZ,0
Summit,RPL26:32,President,,DEM,KAMALA D. HARRIS / TIM WALZ,480
Summit,SCRL44:31,President,,DEM,KAMALA D. HARRIS / TIM WALZ,285
Summit,SCRU8:31,President,,DEM,KAMALA D. HARRIS / TIM WALZ,189
Summit,SCRU8:NS5,President,,DEM,KAMALA D. HARRIS / TIM WALZ,15
Summit,SFCC57:10,President,,DEM,KAMALA D. HARRIS / TIM WALZ,0
Summit,SIDE33:1,President,,DEM,KAMALA D. HARRIS / TIM WALZ,286
Summit,SLVR16:32,President,,DEM,KAMALA D. HARRIS / TIM WALZ,470
Summit,SML42:32,President,,DEM,KAMALA D. HARRIS / TIM WALZ,408
Summit,SSE13:20,President,,DEM,KAMALA D. HARRIS / TIM WALZ,185
Summit,SSS11:20,President,,DEM,KAMALA D. HARRIS / TIM WALZ,105
Summit,SSW22:20,President,,DEM,KAMALA D. HARRIS / TIM WALZ,90
Summit,SUME30:32,President,,DEM,KAMALA D. HARRIS / TIM WALZ,543
Summit,SUMW10:32,President,,DEM,KAMALA D. HARRIS / TIM WALZ,379
Summit,THAY4:1,President,,DEM,KAMALA D. HARRIS / TIM WALZ,292
Summit,UINT52:10,President,,DEM,KAMALA D. HARRIS / TIM WALZ,0
Summit,UPIN41:32,President,,DEM,KAMALA D. HARRIS / TIM WALZ,204
Summit,WAGN29:32,President,,DEM,KAMALA D. HARRIS / TIM WALZ,243
Summit,WANE17:10,President,,DEM,KAMALA D. HARRIS / TIM WALZ,173
Summit,WANE17:S4,President,,DEM,KAMALA D. HARRIS / TIM WALZ,0
Summit,WNW17:2,President,,DEM,KAMALA D. HARRIS / TIM WALZ,221
Summit,WNW17:P4A,President,,DEM,KAMALA D. HARRIS / TIM WALZ,0
Summit,WNW17:P4B,President,,DEM,KAMALA D. HARRIS / TIM WALZ,0
Summit,WEBC21:20,President,,DEM,KAMALA D. HARRIS / TIM WALZ,111
Summit,FED1,President,,DEM,KAMALA D. HARRIS / TIM WALZ,66
Summit,FED3,President,,DEM,KAMALA D. HARRIS / TIM WALZ,31
Summit,BTNN34:25,President,,,CLAUDIA DE LA CRUZ / KARINA ALEXANDRA GARCIA,0
Summit,BTNS34:10,President,,,CLAUDIA DE LA CRUZ / KARINA ALEXANDRA GARCIA,0
Summit,CCRK20:10,President,,,CLAUDIA DE LA CRUZ / KARINA ALEXANDRA GARCIA,0
Summit,CLN19:10,President,,,CLAUDIA DE LA CRUZ / KARINA ALEXANDRA GARCIA,0
Summit,CLS19:25,President,,,CLAUDIA DE LA CRUZ / KARINA ALEXANDRA GARCIA,0
Summit,COLN56:10,President,,,CLAUDIA DE LA CRUZ / KARINA ALEXANDRA GARCIA,0
Summit,DVN1:1,President,,,CLAUDIA DE LA CRUZ / KARINA ALEXANDRA GARCIA,1
Summit,DVS31:1,President,,,CLAUDIA DE LA CRUZ / KARINA ALEXANDRA GARCIA,0
Summit,ECOR46:10,President,,,CLAUDIA DE LA CRUZ / KARINA ALEXANDRA GARCIA,0
Summit,ECOR46:50,President,,,CLAUDIA DE LA CRUZ / KARINA ALEXANDRA GARCIA,0
Summit,FRAE28:25,President,,,CLAUDIA DE LA CRUZ / KARINA ALEXANDRA GARCIA,0
Summit,FRAW28:10,President,,,CLAUDIA DE LA CRUZ / KARINA ALEXANDRA GARCIA,0
Summit,GARF58:10,President,,,CLAUDIA DE LA CRUZ / KARINA ALEXANDRA GARCIA,0
Summit,HEE38:32,President,,,CLAUDIA DE LA CRUZ / KARINA ALEXANDRA GARCIA,0
Summit,HEN25:1,President,,,CLAUDIA DE LA CRUZ / KARINA ALEXANDRA GARCIA,0
Summit,HEW23:32,President,,,CLAUDIA DE LA CRUZ / KARINA ALEXANDRA GARCIA,0
Summit,HOYT18:10,President,,,CLAUDIA DE LA CRUZ / KARINA ALEXANDRA GARCIA,0
Summit,IFOR49:10,President,,,CLAUDIA DE LA CRUZ / KARINA ALEXANDRA GARCIA,0
Summit,JERE37:32,President,,,CLAUDIA DE LA CRUZ / KARINA ALEXANDRA GARCIA,0
Summit,JERW27:32,President,,,CLAUDIA DE LA CRUZ / KARINA ALEXANDRA GARCIA,2
Summit,KAMN12:10,President,,,CLAUDIA DE LA CRUZ / KARINA ALEXANDRA GARCIA,0
Summit,KAMS12:25,President,,,CLAUDIA DE LA CRUZ / KARINA ALEXANDRA GARCIA,1
Summit,KCYN43:32,President,,,CLAUDIA DE LA CRUZ / KARINA ALEXANDRA GARCIA,0
Summit,LPNE9:15,President,,,CLAUDIA DE LA CRUZ / KARINA ALEXANDRA GARCIA,0
Summit,LPNW9:3,President,,,CLAUDIA DE LA CRUZ / KARINA ALEXANDRA GARCIA,1
Summit,MHW40:32,President,,,CLAUDIA DE LA CRUZ / KARINA ALEXANDRA GARCIA,0
Summit,MTCR59:10,President,,,CLAUDIA DE LA CRUZ / KARINA ALEXANDRA GARCIA,0
Summit,MTRS55:25,President,,,CLAUDIA DE LA CRUZ / KARINA ALEXANDRA GARCIA,0
Summit,NSN24:10,President,,,CLAUDIA DE LA CRUZ / KARINA ALEXANDRA GARCIA,0
Summit,OAKN14:10,President,,,CLAUDIA DE LA CRUZ / KARINA ALEXANDRA GARCIA,0
Summit,OAKS14:25,President,,,CLAUDIA DE LA CRUZ / KARINA ALEXANDRA GARCIA,0
Summit,OLDN32:1,President,,,CLAUDIA DE LA CRUZ / KARINA ALEXANDRA GARCIA,0
Summit,OLDS2:1,President,,,CLAUDIA DE LA CRUZ / KARINA ALEXANDRA GARCIA,0
Summit,PARS7:25,President,,,CLAUDIA DE LA CRUZ / KARINA ALEXANDRA GARCIA,0
Summit,PARW7:32,President,,,CLAUDIA DE LA CRUZ / KARINA ALEXANDRA GARCIA,0
Summit,PEOA15:20,President,,,CLAUDIA DE LA CRUZ / KARINA ALEXANDRA GARCIA,1
Summit,PEW51:10,President,,,CLAUDIA DE LA CRUZ / KARINA ALEXANDRA GARCIA,1
Summit,PEW51:NS5,President,,,CLAUDIA DE LA CRUZ / KARINA ALEXANDRA GARCIA,0
Summit,PINN39:32,President,,,CLAUDIA DE LA CRUZ / KARINA ALEXANDRA GARCIA,0
Summit,PKMN35:1,President,,,CLAUDIA DE LA CRUZ / KARINA ALEXANDRA GARCIA,3
Summit,PKMS5:1,President,,,CLAUDIA DE LA CRUZ / KARINA ALEXANDRA GARCIA,0
Summit,PRG45:32,President,,,CLAUDIA DE LA CRUZ / KARINA ALEXANDRA GARCIA,0
Summit,PRG45:S4A,President,,,CLAUDIA DE LA CRUZ / KARINA ALEXANDRA GARCIA,0
Summit,PRG45:S4B,President,,,CLAUDIA DE LA CRUZ / KARINA ALEXANDRA GARCIA,0
Summit,PRG45:S4C,President,,,CLAUDIA DE LA CRUZ / KARINA ALEXANDRA GARCIA,0
Summit,PRM48:10,President,,,CLAUDIA DE LA CRUZ / KARINA ALEXANDRA GARCIA,0
Summit,PRM48:N5A,President,,,CLAUDIA DE LA CRUZ / KARINA ALEXANDRA GARCIA,0
Summit,PRM48:N5B,President,,,CLAUDIA DE LA CRUZ / KARINA ALEXANDRA GARCIA,0
Summit,PROS3:1,President,,,CLAUDIA DE LA CRUZ / KARINA ALEXANDRA GARCIA,0
Summit,QUAR6:1,President,,,CLAUDIA DE LA CRUZ / KARINA ALEXANDRA GARCIA,1
Summit,RANS36:32,President,,,CLAUDIA DE LA CRUZ / KARINA ALEXANDRA GARCIA,0
Summit,RNDV47:10,President,,,CLAUDIA DE LA CRUZ / KARINA ALEXANDRA GARCIA,0
Summit,ROCP54:10,President,,,CLAUDIA DE LA CRUZ / KARINA ALEXANDRA GARCIA,0
Summit,ROCP54:S4,President,,,CLAUDIA DE LA CRUZ / KARINA ALEXANDRA GARCIA,0
Summit,RPL26:32,President,,,CLAUDIA DE LA CRUZ / KARINA ALEXANDRA GARCIA,0
Summit,SCRL44:31,President,,,CLAUDIA DE LA CRUZ / KARINA ALEXANDRA GARCIA,0
Summit,SCRU8:31,President,,,CLAUDIA DE LA CRUZ / KARINA ALEXANDRA GARCIA,2
Summit,SCRU8:NS5,President,,,CLAUDIA DE LA CRUZ / KARINA ALEXANDRA GARCIA,0
Summit,SFCC57:10,President,,,CLAUDIA DE LA CRUZ / KARINA ALEXANDRA GARCIA,0
Summit,SIDE33:1,President,,,CLAUDIA DE LA CRUZ / KARINA ALEXANDRA GARCIA,0
Summit,SLVR16:32,President,,,CLAUDIA DE LA CRUZ / KARINA ALEXANDRA GARCIA,0
Summit,SML42:32,President,,,CLAUDIA DE LA CRUZ / KARINA ALEXANDRA GARCIA,1
Summit,SSE13:20,President,,,CLAUDIA DE LA CRUZ / KARINA ALEXANDRA GARCIA,0
Summit,SSS11:20,President,,,CLAUDIA DE LA CRUZ / KARINA ALEXANDRA GARCIA,0
Summit,SSW22:20,President,,,CLAUDIA DE LA CRUZ / KARINA ALEXANDRA GARCIA,0
Summit,SUME30:32,President,,,CLAUDIA DE LA CRUZ / KARINA ALEXANDRA GARCIA,2
Summit,SUMW10:32,President,,,CLAUDIA DE LA CRUZ / KARINA ALEXANDRA GARCIA,0
Summit,THAY4:1,President,,,CLAUDIA DE LA CRUZ / KARINA ALEXANDRA GARCIA,0
Summit,UINT52:10,President,,,CLAUDIA DE LA CRUZ / KARINA ALEXANDRA GARCIA,0
Summit,UPIN41:32,President,,,CLAUDIA DE LA CRUZ / KARINA ALEXANDRA GARCIA,2
Summit,WAGN29:32,President,,,CLAUDIA DE LA CRUZ / KARINA ALEXANDRA GARCIA,0
Summit,WANE17:10,President,,,CLAUDIA DE LA CRUZ / KARINA ALEXANDRA GARCIA,0
Summit,WANE17:S4,President,,,CLAUDIA DE LA CRUZ / KARINA ALEXANDRA GARCIA,0
Summit,WNW17:2,President,,,CLAUDIA DE LA CRUZ / KARINA ALEXANDRA GARCIA,0
Summit,WNW17:P4A,President,,,CLAUDIA DE LA CRUZ / KARINA ALEXANDRA GARCIA,0
Summit,WNW17:P4B,President,,,CLAUDIA DE LA CRUZ / KARINA ALEXANDRA GARCIA,0
Summit,WEBC21:20,President,,,CLAUDIA DE LA CRUZ / KARINA ALEXANDRA GARCIA,0
Summit,FED1,President,,,CLAUDIA DE LA CRUZ / KARINA ALEXANDRA GARCIA,1
Summit,FED3,President,,,CLAUDIA DE LA CRUZ / KARINA ALEXANDRA GARCIA,0
Summit,BTNN34:25,President,,,FUTURE MADAM POTUS,0
Summit,BTNS34:10,President,,,FUTURE MADAM POTUS,0
Summit,CCRK20:10,President,,,FUTURE MADAM POTUS,0
Summit,CLN19:10,President,,,FUTURE MADAM POTUS,0
Summit,CLS19:25,President,,,FUTURE MADAM POTUS,0
Summit,COLN56:10,President,,,FUTURE MADAM POTUS,0
Summit,DVN1:1,President,,,FUTURE MADAM POTUS,0
Summit,DVS31:1,President,,,FUTURE MADAM POTUS,0
Summit,ECOR46:10,President,,,FUTURE MADAM POTUS,0
Summit,ECOR46:50,President,,,FUTURE MADAM POTUS,0
Summit,FRAE28:25,President,,,FUTURE MADAM POTUS,0
Summit,FRAW28:10,President,,,FUTURE MADAM POTUS,0
Summit,GARF58:10,President,,,FUTURE MADAM POTUS,0
Summit,HEE38:32,President,,,FUTURE MADAM POTUS,0
Summit,HEN25:1,President,,,FUTURE MADAM POTUS,0
Summit,HEW23:32,President,,,FUTURE MADAM POTUS,0
Summit,HOYT18:10,President,,,FUTURE MADAM POTUS,0
Summit,IFOR49:10,President,,,FUTURE MADAM POTUS,0
Summit,JERE37:32,President,,,FUTURE MADAM POTUS,0
Summit,JERW27:32,President,,,FUTURE MADAM POTUS,0
Summit,KAMN12:10,President,,,FUTURE MADAM POTUS,0
Summit,KAMS12:25,President,,,FUTURE MADAM POTUS,0
Summit,KCYN43:32,President,,,FUTURE MADAM POTUS,0
Summit,LPNE9:15,President,,,FUTURE MADAM POTUS,0
Summit,LPNW9:3,President,,,FUTURE MADAM POTUS,0
Summit,MHW40:32,President,,,FUTURE MADAM POTUS,0
Summit,MTCR59:10,President,,,FUTURE MADAM POTUS,0
Summit,MTRS55:25,President,,,FUTURE MADAM POTUS,0
Summit,NSN24:10,President,,,FUTURE MADAM POTUS,0
Summit,OAKN14:10,President,,,FUTURE MADAM POTUS,0
Summit,OAKS14:25,President,,,FUTURE MADAM POTUS,0
Summit,OLDN32:1,President,,,FUTURE MADAM POTUS,0
Summit,OLDS2:1,President,,,FUTURE MADAM POTUS,0
Summit,PARS7:25,President,,,FUTURE MADAM POTUS,0
Summit,PARW7:32,President,,,FUTURE MADAM POTUS,0
Summit,PEOA15:20,President,,,FUTURE MADAM POTUS,0
Summit,PEW51:10,President,,,FUTURE MADAM POTUS,0
Summit,PEW51:NS5,President,,,FUTURE MADAM POTUS,0
Summit,PINN39:32,President,,,FUTURE MADAM POTUS,0
Summit,PKMN35:1,President,,,FUTURE MADAM POTUS,0
Summit,PKMS5:1,President,,,FUTURE MADAM POTUS,0
Summit,PRG45:32,President,,,FUTURE MADAM POTUS,0
Summit,PRG45:S4A,President,,,FUTURE MADAM POTUS,0
Summit,PRG45:S4B,President,,,FUTURE MADAM POTUS,0
Summit,PRG45:S4C,President,,,FUTURE MADAM POTUS,0
Summit,PRM48:10,President,,,FUTURE MADAM POTUS,0
Summit,PRM48:N5A,President,,,FUTURE MADAM POTUS,0
Summit,PRM48:N5B,President,,,FUTURE MADAM POTUS,0
Summit,PROS3:1,President,,,FUTURE MADAM POTUS,0
Summit,QUAR6:1,President,,,FUTURE MADAM POTUS,0
Summit,RANS36:32,President,,,FUTURE MADAM POTUS,0
Summit,RNDV47:10,President,,,FUTURE MADAM POTUS,0
Summit,ROCP54:10,President,,,FUTURE MADAM POTUS,0
Summit,ROCP54:S4,President,,,FUTURE MADAM POTUS,0
Summit,RPL26:32,President,,,FUTURE MADAM POTUS,0
Summit,SCRL44:31,President,,,FUTURE MADAM POTUS,0
Summit,SCRU8:31,President,,,FUTURE MADAM POTUS,0
Summit,SCRU8:NS5,President,,,FUTURE MADAM POTUS,0
Summit,SFCC57:10,President,,,FUTURE MADAM POTUS,0
Summit,SIDE33:1,President,,,FUTURE MADAM POTUS,0
Summit,SLVR16:32,President,,,FUTURE MADAM POTUS,0
Summit,SML42:32,President,,,FUTURE MADAM POTUS,0
Summit,SSE13:20,President,,,FUTURE MADAM POTUS,0
Summit,SSS11:20,President,,,FUTURE MADAM POTUS,0
Summit,SSW22:20,President,,,FUTURE MADAM POTUS,0
Summit,SUME30:32,President,,,FUTURE MADAM POTUS,0
Summit,SUMW10:32,President,,,FUTURE MADAM POTUS,0
Summit,THAY4:1,President,,,FUTURE MADAM POTUS,0
Summit,UINT52:10,President,,,FUTURE MADAM POTUS,0
Summit,UPIN41:32,President,,,FUTURE MADAM POTUS,0
Summit,WAGN29:32,President,,,FUTURE MADAM POTUS,0
Summit,WANE17:10,President,,,FUTURE MADAM POTUS,0
Summit,WANE17:S4,President,,,FUTURE MADAM POTUS,0
Summit,WNW17:2,President,,,FUTURE MADAM POTUS,0
Summit,WNW17:P4A,President,,,FUTURE MADAM POTUS,0
Summit,WNW17:P4B,President,,,FUTURE MADAM POTUS,0
Summit,WEBC21:20,President,,,FUTURE MADAM POTUS,0
Summit,FED1,President,,,FUTURE MADAM POTUS,0
Summit,FED3,President,,,FUTURE MADAM POTUS,0
Summit,BTNN34:25,President,,,PETER SONSKI / LAUREN MICHELLE ONAK,0
Summit,BTNS34:10,President,,,PETER SONSKI / LAUREN MICHELLE ONAK,0
Summit,CCRK20:10,President,,,PETER SONSKI / LAUREN MICHELLE ONAK,0
Summit,CLN19:10,President,,,PETER SONSKI / LAUREN MICHELLE ONAK,0
Summit,CLS19:25,President,,,PETER SONSKI / LAUREN MICHELLE ONAK,0
Summit,COLN56:10,President,,,PETER SONSKI / LAUREN MICHELLE ONAK,0
Summit,DVN1:1,President,,,PETER SONSKI / LAUREN MICHELLE ONAK,0
Summit,DVS31:1,President,,,PETER SONSKI / LAUREN MICHELLE ONAK,0
Summit,ECOR46:10,President,,,PETER SONSKI / LAUREN MICHELLE ONAK,0
Summit,ECOR46:50,President,,,PETER SONSKI / LAUREN MICHELLE ONAK,0
Summit,FRAE28:25,President,,,PETER SONSKI / LAUREN MICHELLE ONAK,0
Summit,FRAW28:10,President,,,PETER SONSKI / LAUREN MICHELLE ONAK,0
Summit,GARF58:10,President,,,PETER SONSKI / LAUREN MICHELLE ONAK,0
Summit,HEE38:32,President,,,PETER SONSKI / LAUREN MICHELLE ONAK,0
Summit,HEN25:1,President,,,PETER SONSKI / LAUREN MICHELLE ONAK,0
Summit,HEW23:32,President,,,PETER SONSKI / LAUREN MICHELLE ONAK,0
Summit,HOYT18:10,President,,,PETER SONSKI / LAUREN MICHELLE ONAK,0
Summit,IFOR49:10,President,,,PETER SONSKI / LAUREN MICHELLE ONAK,0
Summit,JERE37:32,President,,,PETER SONSKI / LAUREN MICHELLE ONAK,0
Summit,JERW27:32,President,,,PETER SONSKI / LAUREN MICHELLE ONAK,0
Summit,KAMN12:10,President,,,PETER SONSKI / LAUREN MICHELLE ONAK,0
Summit,KAMS12:25,President,,,PETER SONSKI / LAUREN MICHELLE ONAK,0
Summit,KCYN43:32,President,,,PETER SONSKI / LAUREN MICHELLE ONAK,0
Summit,LPNE9:15,President,,,PETER SONSKI / LAUREN MICHELLE ONAK,0
Summit,LPNW9:3,President,,,PETER SONSKI / LAUREN MICHELLE ONAK,0
Summit,MHW40:32,President,,,PETER SONSKI / LAUREN MICHELLE ONAK,0
Summit,MTCR59:10,President,,,PETER SONSKI / LAUREN MICHELLE ONAK,0
Summit,MTRS55:25,President,,,PETER SONSKI / LAUREN MICHELLE ONAK,0
Summit,NSN24:10,President,,,PETER SONSKI / LAUREN MICHELLE ONAK,0
Summit,OAKN14:10,President,,,PETER SONSKI / LAUREN MICHELLE ONAK,0
Summit,OAKS14:25,President,,,PETER SONSKI / LAUREN MICHELLE ONAK,0
Summit,OLDN32:1,President,,,PETER SONSKI / LAUREN MICHELLE ONAK,0
Summit,OLDS2:1,President,,,PETER SONSKI / LAUREN MICHELLE ONAK,0
Summit,PARS7:25,President,,,PETER SONSKI / LAUREN MICHELLE ONAK,0
Summit,PARW7:32,President,,,PETER SONSKI / LAUREN MICHELLE ONAK,0
Summit,PEOA15:20,President,,,PETER SONSKI / LAUREN MICHELLE ONAK,0
Summit,PEW51:10,President,,,PETER SONSKI / LAUREN MICHELLE ONAK,0
Summit,PEW51:NS5,President,,,PETER SONSKI / LAUREN MICHELLE ONAK,0
Summit,PINN39:32,President,,,PETER SONSKI / LAUREN MICHELLE ONAK,0
Summit,PKMN35:1,President,,,PETER SONSKI / LAUREN MICHELLE ONAK,0
Summit,PKMS5:1,President,,,PETER SONSKI / LAUREN MICHELLE ONAK,0
Summit,PRG45:32,President,,,PETER SONSKI / LAUREN MICHELLE ONAK,0
Summit,PRG45:S4A,President,,,PETER SONSKI / LAUREN MICHELLE ONAK,0
Summit,PRG45:S4B,President,,,PETER SONSKI / LAUREN MICHELLE ONAK,0
Summit,PRG45:S4C,President,,,PETER SONSKI / LAUREN MICHELLE ONAK,0
Summit,PRM48:10,President,,,PETER SONSKI / LAUREN MICHELLE ONAK,0
Summit,PRM48:N5A,President,,,PETER SONSKI / LAUREN MICHELLE ONAK,0
Summit,PRM48:N5B,President,,,PETER SONSKI / LAUREN MICHELLE ONAK,0
Summit,PROS3:1,President,,,PETER SONSKI / LAUREN MICHELLE ONAK,0
Summit,QUAR6:1,President,,,PETER SONSKI / LAUREN MICHELLE ONAK,0
Summit,RANS36:32,President,,,PETER SONSKI / LAUREN MICHELLE ONAK,0
Summit,RNDV47:10,President,,,PETER SONSKI / LAUREN MICHELLE ONAK,0
Summit,ROCP54:10,President,,,PETER SONSKI / LAUREN MICHELLE ONAK,0
Summit,ROCP54:S4,President,,,PETER SONSKI / LAUREN MICHELLE ONAK,0
Summit,RPL26:32,President,,,PETER SONSKI / LAUREN MICHELLE ONAK,0
Summit,SCRL44:31,President,,,PETER SONSKI / LAUREN MICHELLE ONAK,0
Summit,SCRU8:31,President,,,PETER SONSKI / LAUREN MICHELLE ONAK,0
Summit,SCRU8:NS5,President,,,PETER SONSKI / LAUREN MICHELLE ONAK,0
Summit,SFCC57:10,President,,,PETER SONSKI / LAUREN MICHELLE ONAK,0
Summit,SIDE33:1,President,,,PETER SONSKI / LAUREN MICHELLE ONAK,0
Summit,SLVR16:32,President,,,PETER SONSKI / LAUREN MICHELLE ONAK,0
Summit,SML42:32,President,,,PETER SONSKI / LAUREN MICHELLE ONAK,0
Summit,SSE13:20,President,,,PETER SONSKI / LAUREN MICHELLE ONAK,0
Summit,SSS11:20,President,,,PETER SONSKI / LAUREN MICHELLE ONAK,0
Summit,SSW22:20,President,,,PETER SONSKI / LAUREN MICHELLE ONAK,0
Summit,SUME30:32,President,,,PETER SONSKI / LAUREN MICHELLE ONAK,0
Summit,SUMW10:32,President,,,PETER SONSKI / LAUREN MICHELLE ONAK,0
Summit,THAY4:1,President,,,PETER SONSKI / LAUREN MICHELLE ONAK,0
Summit,UINT52:10,President,,,PETER SONSKI / LAUREN MICHELLE ONAK,0
Summit,UPIN41:32,President,,,PETER SONSKI / LAUREN MICHELLE ONAK,0
Summit,WAGN29:32,President,,,PETER SONSKI / LAUREN MICHELLE ONAK,0
Summit,WANE17:10,President,,,PETER SONSKI / LAUREN MICHELLE ONAK,0
Summit,WANE17:S4,President,,,PETER SONSKI / LAUREN MICHELLE ONAK,0
Summit,WNW17:2,President,,,PETER SONSKI / LAUREN MICHELLE ONAK,0
Summit,WNW17:P4A,President,,,PETER SONSKI / LAUREN MICHELLE ONAK,0
Summit,WNW17:P4B,President,,,PETER SONSKI / LAUREN MICHELLE ONAK,0
Summit,WEBC21:20,President,,,PETER SONSKI / LAUREN MICHELLE ONAK,0
Summit,FED1,President,,,PETER SONSKI / LAUREN MICHELLE ONAK,0
Summit,FED3,President,,,PETER SONSKI / LAUREN MICHELLE ONAK,0
Summit,BTNN34:25,President,,,JAY J BOWMAN / DE D. BOWMAN,0
Summit,BTNS34:10,President,,,JAY J BOWMAN / DE D. BOWMAN,0
Summit,CCRK20:10,President,,,JAY J BOWMAN / DE D. BOWMAN,0
Summit,CLN19:10,President,,,JAY J BOWMAN / DE D. BOWMAN,0
Summit,CLS19:25,President,,,JAY J BOWMAN / DE D. BOWMAN,0
Summit,COLN56:10,President,,,JAY J BOWMAN / DE D. BOWMAN,0
Summit,DVN1:1,President,,,JAY J BOWMAN / DE D. BOWMAN,0
Summit,DVS31:1,President,,,JAY J BOWMAN / DE D. BOWMAN,0
Summit,ECOR46:10,President,,,JAY J BOWMAN / DE D. BOWMAN,0
Summit,ECOR46:50,President,,,JAY J BOWMAN / DE D. BOWMAN,0
Summit,FRAE28:25,President,,,JAY J BOWMAN / DE D. BOWMAN,0
Summit,FRAW28:10,President,,,JAY J BOWMAN / DE D. BOWMAN,0
Summit,GARF58:10,President,,,JAY J BOWMAN / DE D. BOWMAN,0
Summit,HEE38:32,President,,,JAY J BOWMAN / DE D. BOWMAN,0
Summit,HEN25:1,President,,,JAY J BOWMAN / DE D. BOWMAN,0
Summit,HEW23:32,President,,,JAY J BOWMAN / DE D. BOWMAN,0
Summit,HOYT18:10,President,,,JAY J BOWMAN / DE D. BOWMAN,0
Summit,IFOR49:10,President,,,JAY J BOWMAN / DE D. BOWMAN,0
Summit,JERE37:32,President,,,JAY J BOWMAN / DE D. BOWMAN,0
Summit,JERW27:32,President,,,JAY J BOWMAN / DE D. BOWMAN,0
Summit,KAMN12:10,President,,,JAY J BOWMAN / DE D. BOWMAN,0
Summit,KAMS12:25,President,,,JAY J BOWMAN / DE D. BOWMAN,0
Summit,KCYN43:32,President,,,JAY J BOWMAN / DE D. BOWMAN,0
Summit,LPNE9:15,President,,,JAY J BOWMAN / DE D. BOWMAN,0
Summit,LPNW9:3,President,,,JAY J BOWMAN / DE D. BOWMAN,0
Summit,MHW40:32,President,,,JAY J BOWMAN / DE D. BOWMAN,0
Summit,MTCR59:10,President,,,JAY J BOWMAN / DE D. BOWMAN,0
Summit,MTRS55:25,President,,,JAY J BOWMAN / DE D. BOWMAN,0
Summit,NSN24:10,President,,,JAY J BOWMAN / DE D. BOWMAN,0
Summit,OAKN14:10,President,,,JAY J BOWMAN / DE D. BOWMAN,0
Summit,OAKS14:25,President,,,JAY J BOWMAN / DE D. BOWMAN,0
Summit,OLDN32:1,President,,,JAY J BOWMAN / DE D. BOWMAN,0
Summit,OLDS2:1,President,,,JAY J BOWMAN / DE D. BOWMAN,0
Summit,PARS7:25,President,,,JAY J BOWMAN / DE D. BOWMAN,0
Summit,PARW7:32,President,,,JAY J BOWMAN / DE D. BOWMAN,0
Summit,PEOA15:20,President,,,JAY J BOWMAN / DE D. BOWMAN,0
Summit,PEW51:10,President,,,JAY J BOWMAN / DE D. BOWMAN,0
Summit,PEW51:NS5,President,,,JAY J BOWMAN / DE D. BOWMAN,0
Summit,PINN39:32,President,,,JAY J BOWMAN / DE D. BOWMAN,0
Summit,PKMN35:1,President,,,JAY J BOWMAN / DE D. BOWMAN,0
Summit,PKMS5:1,President,,,JAY J BOWMAN / DE D. BOWMAN,0
Summit,PRG45:32,President,,,JAY J BOWMAN / DE D. BOWMAN,0
Summit,PRG45:S4A,President,,,JAY J BOWMAN / DE D. BOWMAN,0
Summit,PRG45:S4B,President,,,JAY J BOWMAN / DE D. BOWMAN,0
Summit,PRG45:S4C,President,,,JAY J BOWMAN / DE D. BOWMAN,0
Summit,PRM48:10,President,,,JAY J BOWMAN / DE D. BOWMAN,0
Summit,PRM48:N5A,President,,,JAY J BOWMAN / DE D. BOWMAN,0
Summit,PRM48:N5B,President,,,JAY J BOWMAN / DE D. BOWMAN,0
Summit,PROS3:1,President,,,JAY J BOWMAN / DE D. BOWMAN,0
Summit,QUAR6:1,President,,,JAY J BOWMAN / DE D. BOWMAN,0
Summit,RANS36:32,President,,,JAY J BOWMAN / DE D. BOWMAN,0
Summit,RNDV47:10,President,,,JAY J BOWMAN / DE D. BOWMAN,0
Summit,ROCP54:10,President,,,JAY J BOWMAN / DE D. BOWMAN,0
Summit,ROCP54:S4,President,,,JAY J BOWMAN / DE D. BOWMAN,0
Summit,RPL26:32,President,,,JAY J BOWMAN / DE D. BOWMAN,0
Summit,SCRL44:31,President,,,JAY J BOWMAN / DE D. BOWMAN,0
Summit,SCRU8:31,President,,,JAY J BOWMAN / DE D. BOWMAN,0
Summit,SCRU8:NS5,President,,,JAY J BOWMAN / DE D. BOWMAN,0
Summit,SFCC57:10,President,,,JAY J BOWMAN / DE D. BOWMAN,0
Summit,SIDE33:1,President,,,JAY J BOWMAN / DE D. BOWMAN,0
Summit,SLVR16:32,President,,,JAY J BOWMAN / DE D. BOWMAN,0
Summit,SML42:32,President,,,JAY J BOWMAN / DE D. BOWMAN,0
Summit,SSE13:20,President,,,JAY J BOWMAN / DE D. BOWMAN,0
Summit,SSS11:20,President,,,JAY J BOWMAN / DE D. BOWMAN,0
Summit,SSW22:20,President,,,JAY J BOWMAN / DE D. BOWMAN,0
Summit,SUME30:32,President,,,JAY J BOWMAN / DE D. BOWMAN,0
Summit,SUMW10:32,President,,,JAY J BOWMAN / DE D. BOWMAN,0
Summit,THAY4:1,President,,,JAY J BOWMAN / DE D. BOWMAN,0
Summit,UINT52:10,President,,,JAY J BOWMAN / DE D. BOWMAN,0
Summit,UPIN41:32,President,,,JAY J BOWMAN / DE D. BOWMAN,0
Summit,WAGN29:32,President,,,JAY J BOWMAN / DE D. BOWMAN,0
Summit,WANE17:10,President,,,JAY J BOWMAN / DE D. BOWMAN,0
Summit,WANE17:S4,President,,,JAY J BOWMAN / DE D. BOWMAN,0
Summit,WNW17:2,President,,,JAY J BOWMAN / DE D. BOWMAN,0
Summit,WNW17:P4A,President,,,JAY J BOWMAN / DE D. BOWMAN,0
Summit,WNW17:P4B,President,,,JAY J BOWMAN / DE D. BOWMAN,0
Summit,WEBC21:20,President,,,JAY J BOWMAN / DE D. BOWMAN,0
Summit,FED1,President,,,JAY J BOWMAN / DE D. BOWMAN,0
Summit,FED3,President,,,JAY J BOWMAN / DE D. BOWMAN,0
Summit,BTNN34:25,President,,,STEVE M. JOHNSON,0
Summit,BTNS34:10,President,,,STEVE M. JOHNSON,0
Summit,CCRK20:10,President,,,STEVE M. JOHNSON,0
Summit,CLN19:10,President,,,STEVE M. JOHNSON,0
Summit,CLS19:25,President,,,STEVE M. JOHNSON,0
Summit,COLN56:10,President,,,STEVE M. JOHNSON,0
Summit,DVN1:1,President,,,STEVE M. JOHNSON,0
Summit,DVS31:1,President,,,STEVE M. JOHNSON,0
Summit,ECOR46:10,President,,,STEVE M. JOHNSON,0
Summit,ECOR46:50,President,,,STEVE M. JOHNSON,0
Summit,FRAE28:25,President,,,STEVE M. JOHNSON,0
Summit,FRAW28:10,President,,,STEVE M. JOHNSON,0
Summit,GARF58:10,President,,,STEVE M. JOHNSON,0
Summit,HEE38:32,President,,,STEVE M. JOHNSON,0
Summit,HEN25:1,President,,,STEVE M. JOHNSON,0
Summit,HEW23:32,President,,,STEVE M. JOHNSON,0
Summit,HOYT18:10,President,,,STEVE M. JOHNSON,0
Summit,IFOR49:10,President,,,STEVE M. JOHNSON,0
Summit,JERE37:32,President,,,STEVE M. JOHNSON,0
Summit,JERW27:32,President,,,STEVE M. JOHNSON,0
Summit,KAMN12:10,President,,,STEVE M. JOHNSON,0
Summit,KAMS12:25,President,,,STEVE M. JOHNSON,0
Summit,KCYN43:32,President,,,STEVE M. JOHNSON,0
Summit,LPNE9:15,President,,,STEVE M. JOHNSON,0
Summit,LPNW9:3,President,,,STEVE M. JOHNSON,0
Summit,MHW40:32,President,,,STEVE M. JOHNSON,0
Summit,MTCR59:10,President,,,STEVE M. JOHNSON,0
Summit,MTRS55:25,President,,,STEVE M. JOHNSON,0
Summit,NSN24:10,President,,,STEVE M. JOHNSON,0
Summit,OAKN14:10,President,,,STEVE M. JOHNSON,0
Summit,OAKS14:25,President,,,STEVE M. JOHNSON,0
Summit,OLDN32:1,President,,,STEVE M. JOHNSON,0
Summit,OLDS2:1,President,,,STEVE M. JOHNSON,0
Summit,PARS7:25,President,,,STEVE M. JOHNSON,0
Summit,PARW7:32,President,,,STEVE M. JOHNSON,0
Summit,PEOA15:20,President,,,STEVE M. JOHNSON,0
Summit,PEW51:10,President,,,STEVE M. JOHNSON,0
Summit,PEW51:NS5,President,,,STEVE M. JOHNSON,0
Summit,PINN39:32,President,,,STEVE M. JOHNSON,0
Summit,PKMN35:1,President,,,STEVE M. JOHNSON,0
Summit,PKMS5:1,President,,,STEVE M. JOHNSON,0
Summit,PRG45:32,President,,,STEVE M. JOHNSON,0
Summit,PRG45:S4A,President,,,STEVE M. JOHNSON,0
Summit,PRG45:S4B,President,,,STEVE M. JOHNSON,0
Summit,PRG45:S4C,President,,,STEVE M. JOHNSON,0
Summit,PRM48:10,President,,,STEVE M. JOHNSON,0
Summit,PRM48:N5A,President,,,STEVE M. JOHNSON,0
Summit,PRM48:N5B,President,,,STEVE M. JOHNSON,0
Summit,PROS3:1,President,,,STEVE M. JOHNSON,0
Summit,QUAR6:1,President,,,STEVE M. JOHNSON,0
Summit,RANS36:32,President,,,STEVE M. JOHNSON,0
Summit,RNDV47:10,President,,,STEVE M. JOHNSON,0
Summit,ROCP54:10,President,,,STEVE M. JOHNSON,0
Summit,ROCP54:S4,President,,,STEVE M. JOHNSON,0
Summit,RPL26:32,President,,,STEVE M. JOHNSON,0
Summit,SCRL44:31,President,,,STEVE M. JOHNSON,0
Summit,SCRU8:31,President,,,STEVE M. JOHNSON,0
Summit,SCRU8:NS5,President,,,STEVE M. JOHNSON,0
Summit,SFCC57:10,President,,,STEVE M. JOHNSON,0
Summit,SIDE33:1,President,,,STEVE M. JOHNSON,0
Summit,SLVR16:32,President,,,STEVE M. JOHNSON,0
Summit,SML42:32,President,,,STEVE M. JOHNSON,0
Summit,SSE13:20,President,,,STEVE M. JOHNSON,0
Summit,SSS11:20,President,,,STEVE M. JOHNSON,0
Summit,SSW22:20,President,,,STEVE M. JOHNSON,0
Summit,SUME30:32,President,,,STEVE M. JOHNSON,0
Summit,SUMW10:32,President,,,STEVE M. JOHNSON,0
Summit,THAY4:1,President,,,STEVE M. JOHNSON,0
Summit,UINT52:10,President,,,STEVE M. JOHNSON,0
Summit,UPIN41:32,President,,,STEVE M. JOHNSON,0
Summit,WAGN29:32,President,,,STEVE M. JOHNSON,0
Summit,WANE17:10,President,,,STEVE M. JOHNSON,0
Summit,WANE17:S4,President,,,STEVE M. JOHNSON,0
Summit,WNW17:2,President,,,STEVE M. JOHNSON,0
Summit,WNW17:P4A,President,,,STEVE M. JOHNSON,0
Summit,WNW17:P4B,President,,,STEVE M. JOHNSON,0
Summit,WEBC21:20,President,,,STEVE M. JOHNSON,0
Summit,FED1,President,,,STEVE M. JOHNSON,0
Summit,FED3,President,,,STEVE M. JOHNSON,0
Summit,BTNN34:25,President,,,ANDRE RAMON MC NEIL,0
Summit,BTNS34:10,President,,,ANDRE RAMON MC NEIL,0
Summit,CCRK20:10,President,,,ANDRE RAMON MC NEIL,0
Summit,CLN19:10,President,,,ANDRE RAMON MC NEIL,0
Summit,CLS19:25,President,,,ANDRE RAMON MC NEIL,0
Summit,COLN56:10,President,,,ANDRE RAMON MC NEIL,0
Summit,DVN1:1,President,,,ANDRE RAMON MC NEIL,0
Summit,DVS31:1,President,,,ANDRE RAMON MC NEIL,0
Summit,ECOR46:10,President,,,ANDRE RAMON MC NEIL,0
Summit,ECOR46:50,President,,,ANDRE RAMON MC NEIL,0
Summit,FRAE28:25,President,,,ANDRE RAMON MC NEIL,0
Summit,FRAW28:10,President,,,ANDRE RAMON MC NEIL,0
Summit,GARF58:10,President,,,ANDRE RAMON MC NEIL,0
Summit,HEE38:32,President,,,ANDRE RAMON MC NEIL,0
Summit,HEN25:1,President,,,ANDRE RAMON MC NEIL,0
Summit,HEW23:32,President,,,ANDRE RAMON MC NEIL,0
Summit,HOYT18:10,President,,,ANDRE RAMON MC NEIL,0
Summit,IFOR49:10,President,,,ANDRE RAMON MC NEIL,0
Summit,JERE37:32,President,,,ANDRE RAMON MC NEIL,0
Summit,JERW27:32,President,,,ANDRE RAMON MC NEIL,0
Summit,KAMN12:10,President,,,ANDRE RAMON MC NEIL,0
Summit,KAMS12:25,President,,,ANDRE RAMON MC NEIL,0
Summit,KCYN43:32,President,,,ANDRE RAMON MC NEIL,0
Summit,LPNE9:15,President,,,ANDRE RAMON MC NEIL,0
Summit,LPNW9:3,President,,,ANDRE RAMON MC NEIL,0
Summit,MHW40:32,President,,,ANDRE RAMON MC NEIL,0
Summit,MTCR59:10,President,,,ANDRE RAMON MC NEIL,0
Summit,MTRS55:25,President,,,ANDRE RAMON MC NEIL,0
Summit,NSN24:10,President,,,ANDRE RAMON MC NEIL,0
Summit,OAKN14:10,President,,,ANDRE RAMON MC NEIL,0
Summit,OAKS14:25,President,,,ANDRE RAMON MC NEIL,0
Summit,OLDN32:1,President,,,ANDRE RAMON MC NEIL,0
Summit,OLDS2:1,President,,,ANDRE RAMON MC NEIL,0
Summit,PARS7:25,President,,,ANDRE RAMON MC NEIL,0
Summit,PARW7:32,President,,,ANDRE RAMON MC NEIL,0
Summit,PEOA15:20,President,,,ANDRE RAMON MC NEIL,0
Summit,PEW51:10,President,,,ANDRE RAMON MC NEIL,0
Summit,PEW51:NS5,President,,,ANDRE RAMON MC NEIL,0
Summit,PINN39:32,President,,,ANDRE RAMON MC NEIL,0
Summit,PKMN35:1,President,,,ANDRE RAMON MC NEIL,0
Summit,PKMS5:1,President,,,ANDRE RAMON MC NEIL,0
Summit,PRG45:32,President,,,ANDRE RAMON MC NEIL,0
Summit,PRG45:S4A,President,,,ANDRE RAMON MC NEIL,0
Summit,PRG45:S4B,President,,,ANDRE RAMON MC NEIL,0
Summit,PRG45:S4C,President,,,ANDRE RAMON MC NEIL,0
Summit,PRM48:10,President,,,ANDRE RAMON MC NEIL,0
Summit,PRM48:N5A,President,,,ANDRE RAMON MC NEIL,0
Summit,PRM48:N5B,President,,,ANDRE RAMON MC NEIL,0
Summit,PROS3:1,President,,,ANDRE RAMON MC NEIL,0
Summit,QUAR6:1,President,,,ANDRE RAMON MC NEIL,0
Summit,RANS36:32,President,,,ANDRE RAMON MC NEIL,0
Summit,RNDV47:10,President,,,ANDRE RAMON MC NEIL,0
Summit,ROCP54:10,President,,,ANDRE RAMON MC NEIL,0
Summit,ROCP54:S4,President,,,ANDRE RAMON MC NEIL,0
Summit,RPL26:32,President,,,ANDRE RAMON MC NEIL,0
Summit,SCRL44:31,President,,,ANDRE RAMON MC NEIL,0
Summit,SCRU8:31,President,,,ANDRE RAMON MC NEIL,0
Summit,SCRU8:NS5,President,,,ANDRE RAMON MC NEIL,0
Summit,SFCC57:10,President,,,ANDRE RAMON MC NEIL,0
Summit,SIDE33:1,President,,,ANDRE RAMON MC NEIL,0
Summit,SLVR16:32,President,,,ANDRE RAMON MC NEIL,0
Summit,SML42:32,President,,,ANDRE RAMON MC NEIL,0
Summit,SSE13:20,President,,,ANDRE RAMON MC NEIL,0
Summit,SSS11:20,President,,,ANDRE RAMON MC NEIL,0
Summit,SSW22:20,President,,,ANDRE RAMON MC NEIL,0
Summit,SUME30:32,President,,,ANDRE RAMON MC NEIL,0
Summit,SUMW10:32,President,,,ANDRE RAMON MC NEIL,0
Summit,THAY4:1,President,,,ANDRE RAMON MC NEIL,0
Summit,UINT52:10,President,,,ANDRE RAMON MC NEIL,0
Summit,UPIN41:32,President,,,ANDRE RAMON MC NEIL,0
Summit,WAGN29:32,President,,,ANDRE RAMON MC NEIL,0
Summit,WANE17:10,President,,,ANDRE RAMON MC NEIL,0
Summit,WANE17:S4,President,,,ANDRE RAMON MC NEIL,0
Summit,WNW17:2,President,,,ANDRE RAMON MC NEIL,0
Summit,WNW17:P4A,President,,,ANDRE RAMON MC NEIL,0
Summit,WNW17:P4B,President,,,ANDRE RAMON MC NEIL,0
Summit,WEBC21:20,President,,,ANDRE RAMON MC NEIL,0
Summit,FED1,President,,,ANDRE RAMON MC NEIL,0
Summit,FED3,President,,,ANDRE RAMON MC NEIL,0
Summit,BTNN34:25,President,,,SHONDRA YEVETTE IRVING,0
Summit,BTNS34:10,President,,,SHONDRA YEVETTE IRVING,0
Summit,CCRK20:10,President,,,SHONDRA YEVETTE IRVING,0
Summit,CLN19:10,President,,,SHONDRA YEVETTE IRVING,0
Summit,CLS19:25,President,,,SHONDRA YEVETTE IRVING,0
Summit,COLN56:10,President,,,SHONDRA YEVETTE IRVING,0
Summit,DVN1:1,President,,,SHONDRA YEVETTE IRVING,0
Summit,DVS31:1,President,,,SHONDRA YEVETTE IRVING,0
Summit,ECOR46:10,President,,,SHONDRA YEVETTE IRVING,0
Summit,ECOR46:50,President,,,SHONDRA YEVETTE IRVING,0
Summit,FRAE28:25,President,,,SHONDRA YEVETTE IRVING,0
Summit,FRAW28:10,President,,,SHONDRA YEVETTE IRVING,0
Summit,GARF58:10,President,,,SHONDRA YEVETTE IRVING,0
Summit,HEE38:32,President,,,SHONDRA YEVETTE IRVING,0
Summit,HEN25:1,President,,,SHONDRA YEVETTE IRVING,0
Summit,HEW23:32,President,,,SHONDRA YEVETTE IRVING,0
Summit,HOYT18:10,President,,,SHONDRA YEVETTE IRVING,0
Summit,IFOR49:10,President,,,SHONDRA YEVETTE IRVING,0
Summit,JERE37:32,President,,,SHONDRA YEVETTE IRVING,0
Summit,JERW27:32,President,,,SHONDRA YEVETTE IRVING,0
Summit,KAMN12:10,President,,,SHONDRA YEVETTE IRVING,0
Summit,KAMS12:25,President,,,SHONDRA YEVETTE IRVING,0
Summit,KCYN43:32,President,,,SHONDRA YEVETTE IRVING,0
Summit,LPNE9:15,President,,,SHONDRA YEVETTE IRVING,0
Summit,LPNW9:3,President,,,SHONDRA YEVETTE IRVING,0
Summit,MHW40:32,President,,,SHONDRA YEVETTE IRVING,0
Summit,MTCR59:10,President,,,SHONDRA YEVETTE IRVING,0
Summit,MTRS55:25,President,,,SHONDRA YEVETTE IRVING,0
Summit,NSN24:10,President,,,SHONDRA YEVETTE IRVING,0
Summit,OAKN14:10,President,,,SHONDRA YEVETTE IRVING,0
Summit,OAKS14:25,President,,,SHONDRA YEVETTE IRVING,0
Summit,OLDN32:1,President,,,SHONDRA YEVETTE IRVING,0
Summit,OLDS2:1,President,,,SHONDRA YEVETTE IRVING,0
Summit,PARS7:25,President,,,SHONDRA YEVETTE IRVING,0
Summit,PARW7:32,President,,,SHONDRA YEVETTE IRVING,0
Summit,PEOA15:20,President,,,SHONDRA YEVETTE IRVING,0
Summit,PEW51:10,President,,,SHONDRA YEVETTE IRVING,0
Summit,PEW51:NS5,President,,,SHONDRA YEVETTE IRVING,0
Summit,PINN39:32,President,,,SHONDRA YEVETTE IRVING,0
Summit,PKMN35:1,President,,,SHONDRA YEVETTE IRVING,0
Summit,PKMS5:1,President,,,SHONDRA YEVETTE IRVING,0
Summit,PRG45:32,President,,,SHONDRA YEVETTE IRVING,0
Summit,PRG45:S4A,President,,,SHONDRA YEVETTE IRVING,0
Summit,PRG45:S4B,President,,,SHONDRA YEVETTE IRVING,0
Summit,PRG45:S4C,President,,,SHONDRA YEVETTE IRVING,0
Summit,PRM48:10,President,,,SHONDRA YEVETTE IRVING,0
Summit,PRM48:N5A,President,,,SHONDRA YEVETTE IRVING,0
Summit,PRM48:N5B,President,,,SHONDRA YEVETTE IRVING,0
Summit,PROS3:1,President,,,SHONDRA YEVETTE IRVING,0
Summit,QUAR6:1,President,,,SHONDRA YEVETTE IRVING,0
Summit,RANS36:32,President,,,SHONDRA YEVETTE IRVING,0
Summit,RNDV47:10,President,,,SHONDRA YEVETTE IRVING,0
Summit,ROCP54:10,President,,,SHONDRA YEVETTE IRVING,0
Summit,ROCP54:S4,President,,,SHONDRA YEVETTE IRVING,0
Summit,RPL26:32,President,,,SHONDRA YEVETTE IRVING,0
Summit,SCRL44:31,President,,,SHONDRA YEVETTE IRVING,0
Summit,SCRU8:31,President,,,SHONDRA YEVETTE IRVING,0
Summit,SCRU8:NS5,President,,,SHONDRA YEVETTE IRVING,0
Summit,SFCC57:10,President,,,SHONDRA YEVETTE IRVING,0
Summit,SIDE33:1,President,,,SHONDRA YEVETTE IRVING,0
Summit,SLVR16:32,President,,,SHONDRA YEVETTE IRVING,0
Summit,SML42:32,President,,,SHONDRA YEVETTE IRVING,0
Summit,SSE13:20,President,,,SHONDRA YEVETTE IRVING,0
Summit,SSS11:20,President,,,SHONDRA YEVETTE IRVING,0
Summit,SSW22:20,President,,,SHONDRA YEVETTE IRVING,0
Summit,SUME30:32,President,,,SHONDRA YEVETTE IRVING,0
Summit,SUMW10:32,President,,,SHONDRA YEVETTE IRVING,0
Summit,THAY4:1,President,,,SHONDRA YEVETTE IRVING,0
Summit,UINT52:10,President,,,SHONDRA YEVETTE IRVING,0
Summit,UPIN41:32,President,,,SHONDRA YEVETTE IRVING,0
Summit,WAGN29:32,President,,,SHONDRA YEVETTE IRVING,0
Summit,WANE17:10,President,,,SHONDRA YEVETTE IRVING,0
Summit,WANE17:S4,President,,,SHONDRA YEVETTE IRVING,0
Summit,WNW17:2,President,,,SHONDRA YEVETTE IRVING,0
Summit,WNW17:P4A,President,,,SHONDRA YEVETTE IRVING,0
Summit,WNW17:P4B,President,,,SHONDRA YEVETTE IRVING,0
Summit,WEBC21:20,President,,,SHONDRA YEVETTE IRVING,0
Summit,FED1,President,,,SHONDRA YEVETTE IRVING,0
Summit,FED3,President,,,SHONDRA YEVETTE IRVING,0
Summit,BTNN34:25,President,,,BUDDIE ARDEN WILKERSON,0
Summit,BTNS34:10,President,,,BUDDIE ARDEN WILKERSON,0
Summit,CCRK20:10,President,,,BUDDIE ARDEN WILKERSON,0
Summit,CLN19:10,President,,,BUDDIE ARDEN WILKERSON,0
Summit,CLS19:25,President,,,BUDDIE ARDEN WILKERSON,0
Summit,COLN56:10,President,,,BUDDIE ARDEN WILKERSON,0
Summit,DVN1:1,President,,,BUDDIE ARDEN WILKERSON,0
Summit,DVS31:1,President,,,BUDDIE ARDEN WILKERSON,0
Summit,ECOR46:10,President,,,BUDDIE ARDEN WILKERSON,0
Summit,ECOR46:50,President,,,BUDDIE ARDEN WILKERSON,0
Summit,FRAE28:25,President,,,BUDDIE ARDEN WILKERSON,0
Summit,FRAW28:10,President,,,BUDDIE ARDEN WILKERSON,0
Summit,GARF58:10,President,,,BUDDIE ARDEN WILKERSON,0
Summit,HEE38:32,President,,,BUDDIE ARDEN WILKERSON,0
Summit,HEN25:1,President,,,BUDDIE ARDEN WILKERSON,0
Summit,HEW23:32,President,,,BUDDIE ARDEN WILKERSON,0
Summit,HOYT18:10,President,,,BUDDIE ARDEN WILKERSON,0
Summit,IFOR49:10,President,,,BUDDIE ARDEN WILKERSON,0
Summit,JERE37:32,President,,,BUDDIE ARDEN WILKERSON,0
Summit,JERW27:32,President,,,BUDDIE ARDEN WILKERSON,0
Summit,KAMN12:10,President,,,BUDDIE ARDEN WILKERSON,0
Summit,KAMS12:25,President,,,BUDDIE ARDEN WILKERSON,0
Summit,KCYN43:32,President,,,BUDDIE ARDEN WILKERSON,0
Summit,LPNE9:15,President,,,BUDDIE ARDEN WILKERSON,0
Summit,LPNW9:3,President,,,BUDDIE ARDEN WILKERSON,0
Summit,MHW40:32,President,,,BUDDIE ARDEN WILKERSON,0
Summit,MTCR59:10,President,,,BUDDIE ARDEN WILKERSON,0
Summit,MTRS55:25,President,,,BUDDIE ARDEN WILKERSON,0
Summit,NSN24:10,President,,,BUDDIE ARDEN WILKERSON,0
Summit,OAKN14:10,President,,,BUDDIE ARDEN WILKERSON,0
Summit,OAKS14:25,President,,,BUDDIE ARDEN WILKERSON,0
Summit,OLDN32:1,President,,,BUDDIE ARDEN WILKERSON,0
Summit,OLDS2:1,President,,,BUDDIE ARDEN WILKERSON,0
Summit,PARS7:25,President,,,BUDDIE ARDEN WILKERSON,0
Summit,PARW7:32,President,,,BUDDIE ARDEN WILKERSON,0
Summit,PEOA15:20,President,,,BUDDIE ARDEN WILKERSON,0
Summit,PEW51:10,President,,,BUDDIE ARDEN WILKERSON,0
Summit,PEW51:NS5,President,,,BUDDIE ARDEN WILKERSON,0
Summit,PINN39:32,President,,,BUDDIE ARDEN WILKERSON,0
Summit,PKMN35:1,President,,,BUDDIE ARDEN WILKERSON,0
Summit,PKMS5:1,President,,,BUDDIE ARDEN WILKERSON,0
Summit,PRG45:32,President,,,BUDDIE ARDEN WILKERSON,0
Summit,PRG45:S4A,President,,,BUDDIE ARDEN WILKERSON,0
Summit,PRG45:S4B,President,,,BUDDIE ARDEN WILKERSON,0
Summit,PRG45:S4C,President,,,BUDDIE ARDEN WILKERSON,0
Summit,PRM48:10,President,,,BUDDIE ARDEN WILKERSON,0
Summit,PRM48:N5A,President,,,BUDDIE ARDEN WILKERSON,0
Summit,PRM48:N5B,President,,,BUDDIE ARDEN WILKERSON,0
Summit,PROS3:1,President,,,BUDDIE ARDEN WILKERSON,0
Summit,QUAR6:1,President,,,BUDDIE ARDEN WILKERSON,0
Summit,RANS36:32,President,,,BUDDIE ARDEN WILKERSON,0
Summit,RNDV47:10,President,,,BUDDIE ARDEN WILKERSON,0
Summit,ROCP54:10,President,,,BUDDIE ARDEN WILKERSON,0
Summit,ROCP54:S4,President,,,BUDDIE ARDEN WILKERSON,0
Summit,RPL26:32,President,,,BUDDIE ARDEN WILKERSON,0
Summit,SCRL44:31,President,,,BUDDIE ARDEN WILKERSON,0
Summit,SCRU8:31,President,,,BUDDIE ARDEN WILKERSON,0
Summit,SCRU8:NS5,President,,,BUDDIE ARDEN WILKERSON,0
Summit,SFCC57:10,President,,,BUDDIE ARDEN WILKERSON,0
Summit,SIDE33:1,President,,,BUDDIE ARDEN WILKERSON,0
Summit,SLVR16:32,President,,,BUDDIE ARDEN WILKERSON,0
Summit,SML42:32,President,,,BUDDIE ARDEN WILKERSON,0
Summit,SSE13:20,President,,,BUDDIE ARDEN WILKERSON,0
Summit,SSS11:20,President,,,BUDDIE ARDEN WILKERSON,0
Summit,SSW22:20,President,,,BUDDIE ARDEN WILKERSON,0
Summit,SUME30:32,President,,,BUDDIE ARDEN WILKERSON,0
Summit,SUMW10:32,President,,,BUDDIE ARDEN WILKERSON,0
Summit,THAY4:1,President,,,BUDDIE ARDEN WILKERSON,0
Summit,UINT52:10,President,,,BUDDIE ARDEN WILKERSON,0
Summit,UPIN41:32,President,,,BUDDIE ARDEN WILKERSON,0
Summit,WAGN29:32,President,,,BUDDIE ARDEN WILKERSON,0
Summit,WANE17:10,President,,,BUDDIE ARDEN WILKERSON,0
Summit,WANE17:S4,President,,,BUDDIE ARDEN WILKERSON,0
Summit,WNW17:2,President,,,BUDDIE ARDEN WILKERSON,0
Summit,WNW17:P4A,President,,,BUDDIE ARDEN WILKERSON,0
Summit,WNW17:P4B,President,,,BUDDIE ARDEN WILKERSON,0
Summit,WEBC21:20,President,,,BUDDIE ARDEN WILKERSON,0
Summit,FED1,President,,,BUDDIE ARDEN WILKERSON,0
Summit,FED3,President,,,BUDDIE ARDEN WILKERSON,0
Summit,BTNN34:25,U.S. Senate,,IAP,CARLTON E. BOWEN,11
Summit,BTNS34:10,U.S. Senate,,IAP,CARLTON E. BOWEN,17
Summit,CCRK20:10,U.S. Senate,,IAP,CARLTON E. BOWEN,22
Summit,CLN19:10,U.S. Senate,,IAP,CARLTON E. BOWEN,19
Summit,CLS19:25,U.S. Senate,,IAP,CARLTON E. BOWEN,15
Summit,COLN56:10,U.S. Senate,,IAP,CARLTON E. BOWEN,0
Summit,DVN1:1,U.S. Senate,,IAP,CARLTON E. BOWEN,18
Summit,DVS31:1,U.S. Senate,,IAP,CARLTON E. BOWEN,7
Summit,ECOR46:10,U.S. Senate,,IAP,CARLTON E. BOWEN,0
Summit,ECOR46:50,U.S. Senate,,IAP,CARLTON E. BOWEN,0
Summit,FRAE28:25,U.S. Senate,,IAP,CARLTON E. BOWEN,19
Summit,FRAW28:10,U.S. Senate,,IAP,CARLTON E. BOWEN,29
Summit,GARF58:10,U.S. Senate,,IAP,CARLTON E. BOWEN,0
Summit,HEE38:32,U.S. Senate,,IAP,CARLTON E. BOWEN,23
Summit,HEN25:1,U.S. Senate,,IAP,CARLTON E. BOWEN,21
Summit,HEW23:32,U.S. Senate,,IAP,CARLTON E. BOWEN,10
Summit,HOYT18:10,U.S. Senate,,IAP,CARLTON E. BOWEN,18
Summit,IFOR49:10,U.S. Senate,,IAP,CARLTON E. BOWEN,0
Summit,JERE37:32,U.S. Senate,,IAP,CARLTON E. BOWEN,12
Summit,JERW27:32,U.S. Senate,,IAP,CARLTON E. BOWEN,15
Summit,KAMN12:10,U.S. Senate,,IAP,CARLTON E. BOWEN,18
Summit,KAMS12:25,U.S. Senate,,IAP,CARLTON E. BOWEN,26
Summit,KCYN43:32,U.S. Senate,,IAP,CARLTON E. BOWEN,6
Summit,LPNE9:15,U.S. Senate,,IAP,CARLTON E. BOWEN,13
Summit,LPNW9:3,U.S. Senate,,IAP,CARLTON E. BOWEN,8
Summit,MHW40:32,U.S. Senate,,IAP,CARLTON E. BOWEN,6
Summit,MTCR59:10,U.S. Senate,,IAP,CARLTON E. BOWEN,0
Summit,MTRS55:25,U.S. Senate,,IAP,CARLTON E. BOWEN,1
Summit,NSN24:10,U.S. Senate,,IAP,CARLTON E. BOWEN,11
Summit,OAKN14:10,U.S. Senate,,IAP,CARLTON E. BOWEN,16
Summit,OAKS14:25,U.S. Senate,,IAP,CARLTON E. BOWEN,25
Summit,OLDN32:1,U.S. Senate,,IAP,CARLTON E. BOWEN,4
Summit,OLDS2:1,U.S. Senate,,IAP,CARLTON E. BOWEN,1
Summit,PARS7:25,U.S. Senate,,IAP,CARLTON E. BOWEN,6
Summit,PARW7:32,U.S. Senate,,IAP,CARLTON E. BOWEN,27
Summit,PEOA15:20,U.S. Senate,,IAP,CARLTON E. BOWEN,12
Summit,PEW51:10,U.S. Senate,,IAP,CARLTON E. BOWEN,0
Summit,PEW51:NS5,U.S. Senate,,IAP,CARLTON E. BOWEN,0
Summit,PINN39:32,U.S. Senate,,IAP,CARLTON E. BOWEN,9
Summit,PKMN35:1,U.S. Senate,,IAP,CARLTON E. BOWEN,11
Summit,PKMS5:1,U.S. Senate,,IAP,CARLTON E. BOWEN,10
Summit,PRG45:32,U.S. Senate,,IAP,CARLTON E. BOWEN,3
Summit,PRG45:S4A,U.S. Senate,,IAP,CARLTON E. BOWEN,0
Summit,PRG45:S4B,U.S. Senate,,IAP,CARLTON E. BOWEN,0
Summit,PRG45:S4C,U.S. Senate,,IAP,CARLTON E. BOWEN,0
Summit,PRM48:10,U.S. Senate,,IAP,CARLTON E. BOWEN,6
Summit,PRM48:N5A,U.S. Senate,,IAP,CARLTON E. BOWEN,0
Summit,PRM48:N5B,U.S. Senate,,IAP,CARLTON E. BOWEN,0
Summit,PROS3:1,U.S. Senate,,IAP,CARLTON E. BOWEN,8
Summit,QUAR6:1,U.S. Senate,,IAP,CARLTON E. BOWEN,7
Summit,RANS36:32,U.S. Senate,,IAP,CARLTON E. BOWEN,4
Summit,RNDV47:10,U.S. Senate,,IAP,CARLTON E. BOWEN,0
Summit,ROCP54:10,U.S. Senate,,IAP,CARLTON E. BOWEN,6
Summit,ROCP54:S4,U.S. Senate,,IAP,CARLTON E. BOWEN,0
Summit,RPL26:32,U.S. Senate,,IAP,CARLTON E. BOWEN,15
Summit,SCRL44:31,U.S. Senate,,IAP,CARLTON E. BOWEN,20
Summit,SCRU8:31,U.S. Senate,,IAP,CARLTON E. BOWEN,17
Summit,SCRU8:NS5,U.S. Senate,,IAP,CARLTON E. BOWEN,1
Summit,SFCC57:10,U.S. Senate,,IAP,CARLTON E. BOWEN,0
Summit,SIDE33:1,U.S. Senate,,IAP,CARLTON E. BOWEN,6
Summit,SLVR16:32,U.S. Senate,,IAP,CARLTON E. BOWEN,7
Summit,SML42:32,U.S. Senate,,IAP,CARLTON E. BOWEN,4
Summit,SSE13:20,U.S. Senate,,IAP,CARLTON E. BOWEN,34
Summit,SSS11:20,U.S. Senate,,IAP,CARLTON E. BOWEN,15
Summit,SSW22:20,U.S. Senate,,IAP,CARLTON E. BOWEN,16
Summit,SUME30:32,U.S. Senate,,IAP,CARLTON E. BOWEN,26
Summit,SUMW10:32,U.S. Senate,,IAP,CARLTON E. BOWEN,5
Summit,THAY4:1,U.S. Senate,,IAP,CARLTON E. BOWEN,6
Summit,UINT52:10,U.S. Senate,,IAP,CARLTON E. BOWEN,0
Summit,UPIN41:32,U.S. Senate,,IAP,CARLTON E. BOWEN,7
Summit,WAGN29:32,U.S. Senate,,IAP,CARLTON E. BOWEN,3
Summit,WANE17:10,U.S. Senate,,IAP,CARLTON E. BOWEN,19
Summit,WANE17:S4,U.S. Senate,,IAP,CARLTON E. BOWEN,0
Summit,WNW17:2,U.S. Senate,,IAP,CARLTON E. BOWEN,28
Summit,WNW17:P4A,U.S. Senate,,IAP,CARLTON E. BOWEN,0
Summit,WNW17:P4B,U.S. Senate,,IAP,CARLTON E. BOWEN,0
Summit,WEBC21:20,U.S. Senate,,IAP,CARLTON E. BOWEN,11
Summit,FED1,U.S. Senate,,IAP,CARLTON E. BOWEN,0
Summit,FED3,U.S. Senate,,IAP,CARLTON E. BOWEN,1
Summit,BTNN34:25,U.S. Senate,,REP,JOHN CURTIS,198
Summit,BTNS34:10,U.S. Senate,,REP,JOHN CURTIS,98
Summit,CCRK20:10,U.S. Senate,,REP,JOHN CURTIS,207
Summit,CLN19:10,U.S. Senate,,REP,JOHN CURTIS,285
Summit,CLS19:25,U.S. Senate,,REP,JOHN CURTIS,263
Summit,COLN56:10,U.S. Senate,,REP,JOHN CURTIS,0
Summit,DVN1:1,U.S. Senate,,REP,JOHN CURTIS,284
Summit,DVS31:1,U.S. Senate,,REP,JOHN CURTIS,223
Summit,ECOR46:10,U.S. Senate,,REP,JOHN CURTIS,0
Summit,ECOR46:50,U.S. Senate,,REP,JOHN CURTIS,0
Summit,FRAE28:25,U.S. Senate,,REP,JOHN CURTIS,265
Summit,FRAW28:10,U.S. Senate,,REP,JOHN CURTIS,406
Summit,GARF58:10,U.S. Senate,,REP,JOHN CURTIS,0
Summit,HEE38:32,U.S. Senate,,REP,JOHN CURTIS,176
Summit,HEN25:1,U.S. Senate,,REP,JOHN CURTIS,381
Summit,HEW23:32,U.S. Senate,,REP,JOHN CURTIS,228
Summit,HOYT18:10,U.S. Senate,,REP,JOHN CURTIS,417
Summit,IFOR49:10,U.S. Senate,,REP,JOHN CURTIS,0
Summit,JERE37:32,U.S. Senate,,REP,JOHN CURTIS,261
Summit,JERW27:32,U.S. Senate,,REP,JOHN CURTIS,269
Summit,KAMN12:10,U.S. Senate,,REP,JOHN CURTIS,328
Summit,KAMS12:25,U.S. Senate,,REP,JOHN CURTIS,275
Summit,KCYN43:32,U.S. Senate,,REP,JOHN CURTIS,80
Summit,LPNE9:15,U.S. Senate,,REP,JOHN CURTIS,150
Summit,LPNW9:3,U.S. Senate,,REP,JOHN CURTIS,160
Summit,MHW40:32,U.S. Senate,,REP,JOHN CURTIS,249
Summit,MTCR59:10,U.S. Senate,,REP,JOHN CURTIS,0
Summit,MTRS55:25,U.S. Senate,,REP,JOHN CURTIS,93
Summit,NSN24:10,U.S. Senate,,REP,JOHN CURTIS,166
Summit,OAKN14:10,U.S. Senate,,REP,JOHN CURTIS,257
Summit,OAKS14:25,U.S. Senate,,REP,JOHN CURTIS,331
Summit,OLDN32:1,U.S. Senate,,REP,JOHN CURTIS,96
Summit,OLDS2:1,U.S. Senate,,REP,JOHN CURTIS,46
Summit,PARS7:25,U.S. Senate,,REP,JOHN CURTIS,118
Summit,PARW7:32,U.S. Senate,,REP,JOHN CURTIS,284
Summit,PEOA15:20,U.S. Senate,,REP,JOHN CURTIS,135
Summit,PEW51:10,U.S. Senate,,REP,JOHN CURTIS,19
Summit,PEW51:NS5,U.S. Senate,,REP,JOHN CURTIS,0
Summit,PINN39:32,U.S. Senate,,REP,JOHN CURTIS,203
Summit,PKMN35:1,U.S. Senate,,REP,JOHN CURTIS,315
Summit,PKMS5:1,U.S. Senate,,REP,JOHN CURTIS,143
Summit,PRG45:32,U.S. Senate,,REP,JOHN CURTIS,146
Summit,PRG45:S4A,U.S. Senate,,REP,JOHN CURTIS,0
Summit,PRG45:S4B,U.S. Senate,,REP,JOHN CURTIS,0
Summit,PRG45:S4C,U.S. Senate,,REP,JOHN CURTIS,0
Summit,PRM48:10,U.S. Senate,,REP,JOHN CURTIS,383
Summit,PRM48:N5A,U.S. Senate,,REP,JOHN CURTIS,12
Summit,PRM48:N5B,U.S. Senate,,REP,JOHN CURTIS,0
Summit,PROS3:1,U.S. Senate,,REP,JOHN CURTIS,101
Summit,QUAR6:1,U.S. Senate,,REP,JOHN CURTIS,218
Summit,RANS36:32,U.S. Senate,,REP,JOHN CURTIS,98
Summit,RNDV47:10,U.S. Senate,,REP,JOHN CURTIS,0
Summit,ROCP54:10,U.S. Senate,,REP,JOHN CURTIS,42
Summit,ROCP54:S4,U.S. Senate,,REP,JOHN CURTIS,0
Summit,RPL26:32,U.S. Senate,,REP,JOHN CURTIS,210
Summit,SCRL44:31,U.S. Senate,,REP,JOHN CURTIS,193
Summit,SCRU8:31,U.S. Senate,,REP,JOHN CURTIS,123
Summit,SCRU8:NS5,U.S. Senate,,REP,JOHN CURTIS,11
Summit,SFCC57:10,U.S. Senate,,REP,JOHN CURTIS,0
Summit,SIDE33:1,U.S. Senate,,REP,JOHN CURTIS,80
Summit,SLVR16:32,U.S. Senate,,REP,JOHN CURTIS,212
Summit,SML42:32,U.S. Senate,,REP,JOHN CURTIS,204
Summit,SSE13:20,U.S. Senate,,REP,JOHN CURTIS,253
Summit,SSS11:20,U.S. Senate,,REP,JOHN CURTIS,245
Summit,SSW22:20,U.S. Senate,,REP,JOHN CURTIS,239
Summit,SUME30:32,U.S. Senate,,REP,JOHN CURTIS,140
Summit,SUMW10:32,U.S. Senate,,REP,JOHN CURTIS,104
Summit,THAY4:1,U.S. Senate,,REP,JOHN CURTIS,143
Summit,UINT52:10,U.S. Senate,,REP,JOHN CURTIS,0
Summit,UPIN41:32,U.S. Senate,,REP,JOHN CURTIS,139
Summit,WAGN29:32,U.S. Senate,,REP,JOHN CURTIS,102
Summit,WANE17:10,U.S. Senate,,REP,JOHN CURTIS,307
Summit,WANE17:S4,U.S. Senate,,REP,JOHN CURTIS,0
Summit,WNW17:2,U.S. Senate,,REP,JOHN CURTIS,106
Summit,WNW17:P4A,U.S. Senate,,REP,JOHN CURTIS,0
Summit,WNW17:P4B,U.S. Senate,,REP,JOHN CURTIS,0
Summit,WEBC21:20,U.S. Senate,,REP,JOHN CURTIS,145
Summit,FED1,U.S. Senate,,REP,JOHN CURTIS,6
Summit,FED3,U.S. Senate,,REP,JOHN CURTIS,9
Summit,BTNN34:25,U.S. Senate,,DEM,CAROLINE GLEICH,231
Summit,BTNS34:10,U.S. Senate,,DEM,CAROLINE GLEICH,234
Summit,CCRK20:10,U.S. Senate,,DEM,CAROLINE GLEICH,32
Summit,CLN19:10,U.S. Senate,,DEM,CAROLINE GLEICH,106
Summit,CLS19:25,U.S. Senate,,DEM,CAROLINE GLEICH,52
Summit,COLN56:10,U.S. Senate,,DEM,CAROLINE GLEICH,0
Summit,DVN1:1,U.S. Senate,,DEM,CAROLINE GLEICH,489
Summit,DVS31:1,U.S. Senate,,DEM,CAROLINE GLEICH,340
Summit,ECOR46:10,U.S. Senate,,DEM,CAROLINE GLEICH,0
Summit,ECOR46:50,U.S. Senate,,DEM,CAROLINE GLEICH,0
Summit,FRAE28:25,U.S. Senate,,DEM,CAROLINE GLEICH,73
Summit,FRAW28:10,U.S. Senate,,DEM,CAROLINE GLEICH,195
Summit,GARF58:10,U.S. Senate,,DEM,CAROLINE GLEICH,0
Summit,HEE38:32,U.S. Senate,,DEM,CAROLINE GLEICH,478
Summit,HEN25:1,U.S. Senate,,DEM,CAROLINE GLEICH,51
Summit,HEW23:32,U.S. Senate,,DEM,CAROLINE GLEICH,366
Summit,HOYT18:10,U.S. Senate,,DEM,CAROLINE GLEICH,98
Summit,IFOR49:10,U.S. Senate,,DEM,CAROLINE GLEICH,0
Summit,JERE37:32,U.S. Senate,,DEM,CAROLINE GLEICH,409
Summit,JERW27:32,U.S. Senate,,DEM,CAROLINE GLEICH,359
Summit,KAMN12:10,U.S. Senate,,DEM,CAROLINE GLEICH,214
Summit,KAMS12:25,U.S. Senate,,DEM,CAROLINE GLEICH,146
Summit,KCYN43:32,U.S. Senate,,DEM,CAROLINE GLEICH,116
Summit,LPNE9:15,U.S. Senate,,DEM,CAROLINE GLEICH,318
Summit,LPNW9:3,U.S. Senate,,DEM,CAROLINE GLEICH,294
Summit,MHW40:32,U.S. Senate,,DEM,CAROLINE GLEICH,373
Summit,MTCR59:10,U.S. Senate,,DEM,CAROLINE GLEICH,0
Summit,MTRS55:25,U.S. Senate,,DEM,CAROLINE GLEICH,86
Summit,NSN24:10,U.S. Senate,,DEM,CAROLINE GLEICH,15
Summit,OAKN14:10,U.S. Senate,,DEM,CAROLINE GLEICH,100
Summit,OAKS14:25,U.S. Senate,,DEM,CAROLINE GLEICH,128
Summit,OLDN32:1,U.S. Senate,,DEM,CAROLINE GLEICH,235
Summit,OLDS2:1,U.S. Senate,,DEM,CAROLINE GLEICH,136
Summit,PARS7:25,U.S. Senate,,DEM,CAROLINE GLEICH,159
Summit,PARW7:32,U.S. Senate,,DEM,CAROLINE GLEICH,524
Summit,PEOA15:20,U.S. Senate,,DEM,CAROLINE GLEICH,54
Summit,PEW51:10,U.S. Senate,,DEM,CAROLINE GLEICH,9
Summit,PEW51:NS5,U.S. Senate,,DEM,CAROLINE GLEICH,0
Summit,PINN39:32,U.S. Senate,,DEM,CAROLINE GLEICH,395
Summit,PKMN35:1,U.S. Senate,,DEM,CAROLINE GLEICH,411
Summit,PKMS5:1,U.S. Senate,,DEM,CAROLINE GLEICH,346
Summit,PRG45:32,U.S. Senate,,DEM,CAROLINE GLEICH,78
Summit,PRG45:S4A,U.S. Senate,,DEM,CAROLINE GLEICH,0
Summit,PRG45:S4B,U.S. Senate,,DEM,CAROLINE GLEICH,0
Summit,PRG45:S4C,U.S. Senate,,DEM,CAROLINE GLEICH,0
Summit,PRM48:10,U.S. Senate,,DEM,CAROLINE GLEICH,381
Summit,PRM48:N5A,U.S. Senate,,DEM,CAROLINE GLEICH,4
Summit,PRM48:N5B,U.S. Senate,,DEM,CAROLINE GLEICH,0
Summit,PROS3:1,U.S. Senate,,DEM,CAROLINE GLEICH,223
Summit,QUAR6:1,U.S. Senate,,DEM,CAROLINE GLEICH,382
Summit,RANS36:32,U.S. Senate,,DEM,CAROLINE GLEICH,147
Summit,RNDV47:10,U.S. Senate,,DEM,CAROLINE GLEICH,0
Summit,ROCP54:10,U.S. Senate,,DEM,CAROLINE GLEICH,34
Summit,ROCP54:S4,U.S. Senate,,DEM,CAROLINE GLEICH,0
Summit,RPL26:32,U.S. Senate,,DEM,CAROLINE GLEICH,442
Summit,SCRL44:31,U.S. Senate,,DEM,CAROLINE GLEICH,266
Summit,SCRU8:31,U.S. Senate,,DEM,CAROLINE GLEICH,177
Summit,SCRU8:NS5,U.S. Senate,,DEM,CAROLINE GLEICH,14
Summit,SFCC57:10,U.S. Senate,,DEM,CAROLINE GLEICH,0
Summit,SIDE33:1,U.S. Senate,,DEM,CAROLINE GLEICH,283
Summit,SLVR16:32,U.S. Senate,,DEM,CAROLINE GLEICH,421
Summit,SML42:32,U.S. Senate,,DEM,CAROLINE GLEICH,383
Summit,SSE13:20,U.S. Senate,,DEM,CAROLINE GLEICH,180
Summit,SSS11:20,U.S. Senate,,DEM,CAROLINE GLEICH,90
Summit,SSW22:20,U.S. Senate,,DEM,CAROLINE GLEICH,83
Summit,SUME30:32,U.S. Senate,,DEM,CAROLINE GLEICH,500
Summit,SUMW10:32,U.S. Senate,,DEM,CAROLINE GLEICH,369
Summit,THAY4:1,U.S. Senate,,DEM,CAROLINE GLEICH,282
Summit,UINT52:10,U.S. Senate,,DEM,CAROLINE GLEICH,0
Summit,UPIN41:32,U.S. Senate,,DEM,CAROLINE GLEICH,180
Summit,WAGN29:32,U.S. Senate,,DEM,CAROLINE GLEICH,220
Summit,WANE17:10,U.S. Senate,,DEM,CAROLINE GLEICH,152
Summit,WANE17:S4,U.S. Senate,,DEM,CAROLINE GLEICH,0
Summit,WNW17:2,U.S. Senate,,DEM,CAROLINE GLEICH,200
Summit,WNW17:P4A,U.S. Senate,,DEM,CAROLINE GLEICH,0
Summit,WNW17:P4B,U.S. Senate,,DEM,CAROLINE GLEICH,0
Summit,WEBC21:20,U.S. Senate,,DEM,CAROLINE GLEICH,100
Summit,FED1,U.S. Senate,,DEM,CAROLINE GLEICH,67
Summit,FED3,U.S. Senate,,DEM,CAROLINE GLEICH,31
Summit,BTNN34:25,U.S. Senate,,,LAIRD FETZER HAMBLIN,0
Summit,BTNS34:10,U.S. Senate,,,LAIRD FETZER HAMBLIN,0
Summit,CCRK20:10,U.S. Senate,,,LAIRD FETZER HAMBLIN,0
Summit,CLN19:10,U.S. Senate,,,LAIRD FETZER HAMBLIN,0
Summit,CLS19:25,U.S. Senate,,,LAIRD FETZER HAMBLIN,0
Summit,COLN56:10,U.S. Senate,,,LAIRD FETZER HAMBLIN,0
Summit,DVN1:1,U.S. Senate,,,LAIRD FETZER HAMBLIN,0
Summit,DVS31:1,U.S. Senate,,,LAIRD FETZER HAMBLIN,0
Summit,ECOR46:10,U.S. Senate,,,LAIRD FETZER HAMBLIN,0
Summit,ECOR46:50,U.S. Senate,,,LAIRD FETZER HAMBLIN,0
Summit,FRAE28:25,U.S. Senate,,,LAIRD FETZER HAMBLIN,0
Summit,FRAW28:10,U.S. Senate,,,LAIRD FETZER HAMBLIN,0
Summit,GARF58:10,U.S. Senate,,,LAIRD FETZER HAMBLIN,0
Summit,HEE38:32,U.S. Senate,,,LAIRD FETZER HAMBLIN,0
Summit,HEN25:1,U.S. Senate,,,LAIRD FETZER HAMBLIN,0
Summit,HEW23:32,U.S. Senate,,,LAIRD FETZER HAMBLIN,0
Summit,HOYT18:10,U.S. Senate,,,LAIRD FETZER HAMBLIN,0
Summit,IFOR49:10,U.S. Senate,,,LAIRD FETZER HAMBLIN,0
Summit,JERE37:32,U.S. Senate,,,LAIRD FETZER HAMBLIN,0
Summit,JERW27:32,U.S. Senate,,,LAIRD FETZER HAMBLIN,0
Summit,KAMN12:10,U.S. Senate,,,LAIRD FETZER HAMBLIN,0
Summit,KAMS12:25,U.S. Senate,,,LAIRD FETZER HAMBLIN,0
Summit,KCYN43:32,U.S. Senate,,,LAIRD FETZER HAMBLIN,0
Summit,LPNE9:15,U.S. Senate,,,LAIRD FETZER HAMBLIN,0
Summit,LPNW9:3,U.S. Senate,,,LAIRD FETZER HAMBLIN,0
Summit,MHW40:32,U.S. Senate,,,LAIRD FETZER HAMBLIN,0
Summit,MTCR59:10,U.S. Senate,,,LAIRD FETZER HAMBLIN,0
Summit,MTRS55:25,U.S. Senate,,,LAIRD FETZER HAMBLIN,0
Summit,NSN24:10,U.S. Senate,,,LAIRD FETZER HAMBLIN,0
Summit,OAKN14:10,U.S. Senate,,,LAIRD FETZER HAMBLIN,0
Summit,OAKS14:25,U.S. Senate,,,LAIRD FETZER HAMBLIN,0
Summit,OLDN32:1,U.S. Senate,,,LAIRD FETZER HAMBLIN,0
Summit,OLDS2:1,U.S. Senate,,,LAIRD FETZER HAMBLIN,0
Summit,PARS7:25,U.S. Senate,,,LAIRD FETZER HAMBLIN,1
Summit,PARW7:32,U.S. Senate,,,LAIRD FETZER HAMBLIN,0
Summit,PEOA15:20,U.S. Senate,,,LAIRD FETZER HAMBLIN,0
Summit,PEW51:10,U.S. Senate,,,LAIRD FETZER HAMBLIN,0
Summit,PEW51:NS5,U.S. Senate,,,LAIRD FETZER HAMBLIN,0
Summit,PINN39:32,U.S. Senate,,,LAIRD FETZER HAMBLIN,0
Summit,PKMN35:1,U.S. Senate,,,LAIRD FETZER HAMBLIN,0
Summit,PKMS5:1,U.S. Senate,,,LAIRD FETZER HAMBLIN,0
Summit,PRG45:32,U.S. Senate,,,LAIRD FETZER HAMBLIN,0
Summit,PRG45:S4A,U.S. Senate,,,LAIRD FETZER HAMBLIN,0
Summit,PRG45:S4B,U.S. Senate,,,LAIRD FETZER HAMBLIN,0
Summit,PRG45:S4C,U.S. Senate,,,LAIRD FETZER HAMBLIN,0
Summit,PRM48:10,U.S. Senate,,,LAIRD FETZER HAMBLIN,0
Summit,PRM48:N5A,U.S. Senate,,,LAIRD FETZER HAMBLIN,0
Summit,PRM48:N5B,U.S. Senate,,,LAIRD FETZER HAMBLIN,0
Summit,PROS3:1,U.S. Senate,,,LAIRD FETZER HAMBLIN,0
Summit,QUAR6:1,U.S. Senate,,,LAIRD FETZER HAMBLIN,0
Summit,RANS36:32,U.S. Senate,,,LAIRD FETZER HAMBLIN,0
Summit,RNDV47:10,U.S. Senate,,,LAIRD FETZER HAMBLIN,0
Summit,ROCP54:10,U.S. Senate,,,LAIRD FETZER HAMBLIN,0
Summit,ROCP54:S4,U.S. Senate,,,LAIRD FETZER HAMBLIN,0
Summit,RPL26:32,U.S. Senate,,,LAIRD FETZER HAMBLIN,0
Summit,SCRL44:31,U.S. Senate,,,LAIRD FETZER HAMBLIN,0
Summit,SCRU8:31,U.S. Senate,,,LAIRD FETZER HAMBLIN,0
Summit,SCRU8:NS5,U.S. Senate,,,LAIRD FETZER HAMBLIN,0
Summit,SFCC57:10,U.S. Senate,,,LAIRD FETZER HAMBLIN,0
Summit,SIDE33:1,U.S. Senate,,,LAIRD FETZER HAMBLIN,0
Summit,SLVR16:32,U.S. Senate,,,LAIRD FETZER HAMBLIN,0
Summit,SML42:32,U.S. Senate,,,LAIRD FETZER HAMBLIN,0
Summit,SSE13:20,U.S. Senate,,,LAIRD FETZER HAMBLIN,0
Summit,SSS11:20,U.S. Senate,,,LAIRD FETZER HAMBLIN,0
Summit,SSW22:20,U.S. Senate,,,LAIRD FETZER HAMBLIN,0
Summit,SUME30:32,U.S. Senate,,,LAIRD FETZER HAMBLIN,0
Summit,SUMW10:32,U.S. Senate,,,LAIRD FETZER HAMBLIN,0
Summit,THAY4:1,U.S. Senate,,,LAIRD FETZER HAMBLIN,0
Summit,UINT52:10,U.S. Senate,,,LAIRD FETZER HAMBLIN,0
Summit,UPIN41:32,U.S. Senate,,,LAIRD FETZER HAMBLIN,0
Summit,WAGN29:32,U.S. Senate,,,LAIRD FETZER HAMBLIN,0
Summit,WANE17:10,U.S. Senate,,,LAIRD FETZER HAMBLIN,0
Summit,WANE17:S4,U.S. Senate,,,LAIRD FETZER HAMBLIN,0
Summit,WNW17:2,U.S. Senate,,,LAIRD FETZER HAMBLIN,0
Summit,WNW17:P4A,U.S. Senate,,,LAIRD FETZER HAMBLIN,0
Summit,WNW17:P4B,U.S. Senate,,,LAIRD FETZER HAMBLIN,0
Summit,WEBC21:20,U.S. Senate,,,LAIRD FETZER HAMBLIN,0
Summit,FED1,U.S. Senate,,,LAIRD FETZER HAMBLIN,0
Summit,FED3,U.S. Senate,,,LAIRD FETZER HAMBLIN,0
Summit,BTNN34:25,U.S. House,1,DEM,BILL CAMPBELL,214
Summit,BTNS34:10,U.S. House,1,DEM,BILL CAMPBELL,220
Summit,CCRK20:10,U.S. House,1,DEM,BILL CAMPBELL,37
Summit,CLN19:10,U.S. House,1,DEM,BILL CAMPBELL,101
Summit,CLS19:25,U.S. House,1,DEM,BILL CAMPBELL,50
Summit,ECOR46:10,U.S. House,1,DEM,BILL CAMPBELL,0
Summit,ECOR46:50,U.S. House,1,DEM,BILL CAMPBELL,0
Summit,HEE38:32,U.S. House,1,DEM,BILL CAMPBELL,449
Summit,HEN25:1,U.S. House,1,DEM,BILL CAMPBELL,52
Summit,HEW23:32,U.S. House,1,DEM,BILL CAMPBELL,353
Summit,HOYT18:10,U.S. House,1,DEM,BILL CAMPBELL,93
Summit,JERE37:32,U.S. House,1,DEM,BILL CAMPBELL,383
Summit,JERW27:32,U.S. House,1,DEM,BILL CAMPBELL,335
Summit,KCYN43:32,U.S. House,1,DEM,BILL CAMPBELL,115
Summit,LPNE9:15,U.S. House,1,DEM,BILL CAMPBELL,306
Summit,LPNW9:3,U.S. House,1,DEM,BILL CAMPBELL,277
Summit,MHW40:32,U.S. House,1,DEM,BILL CAMPBELL,369
Summit,NSN24:10,U.S. House,1,DEM,BILL CAMPBELL,23
Summit,PARS7:25,U.S. House,1,DEM,BILL CAMPBELL,148
Summit,PARW7:32,U.S. House,1,DEM,BILL CAMPBELL,486
Summit,PINN39:32,U.S. House,1,DEM,BILL CAMPBELL,371
Summit,PRG45:32,U.S. House,1,DEM,BILL CAMPBELL,75
Summit,PRG45:S4A,U.S. House,1,DEM,BILL CAMPBELL,0
Summit,PRG45:S4B,U.S. House,1,DEM,BILL CAMPBELL,0
Summit,PRG45:S4C,U.S. House,1,DEM,BILL CAMPBELL,0
Summit,PRM48:10,U.S. House,1,DEM,BILL CAMPBELL,356
Summit,PRM48:N5A,U.S. House,1,DEM,BILL CAMPBELL,4
Summit,PRM48:N5B,U.S. House,1,DEM,BILL CAMPBELL,0
Summit,RANS36:32,U.S. House,1,DEM,BILL CAMPBELL,135
Summit,RNDV47:10,U.S. House,1,DEM,BILL CAMPBELL,0
Summit,RPL26:32,U.S. House,1,DEM,BILL CAMPBELL,407
Summit,SCRL44:31,U.S. House,1,DEM,BILL CAMPBELL,256
Summit,SCRU8:31,U.S. House,1,DEM,BILL CAMPBELL,163
Summit,SCRU8:NS5,U.S. House,1,DEM,BILL CAMPBELL,11
Summit,SFCC57:10,U.S. House,1,DEM,BILL CAMPBELL,0
Summit,SLVR16:32,U.S. House,1,DEM,BILL CAMPBELL,409
Summit,SML42:32,U.S. House,1,DEM,BILL CAMPBELL,368
Summit,SUME30:32,U.S. House,1,DEM,BILL CAMPBELL,477
Summit,SUMW10:32,U.S. House,1,DEM,BILL CAMPBELL,355
Summit,UPIN41:32,U.S. House,1,DEM,BILL CAMPBELL,163
Summit,WAGN29:32,U.S. House,1,DEM,BILL CAMPBELL,212
Summit,WANE17:10,U.S. House,1,DEM,BILL CAMPBELL,143
Summit,WANE17:S4,U.S. House,1,DEM,BILL CAMPBELL,0
Summit,WNW17:2,U.S. House,1,DEM,BILL CAMPBELL,190
Summit,WNW17:P4A,U.S. House,1,DEM,BILL CAMPBELL,0
Summit,WNW17:P4B,U.S. House,1,DEM,BILL CAMPBELL,0
Summit,FED1,U.S. House,1,DEM,BILL CAMPBELL,64
Summit,BTNN34:25,U.S. House,1,LIB,DANIEL R. COTTAM,14
Summit,BTNS34:10,U.S. House,1,LIB,DANIEL R. COTTAM,17
Summit,CCRK20:10,U.S. House,1,LIB,DANIEL R. COTTAM,7
Summit,CLN19:10,U.S. House,1,LIB,DANIEL R. COTTAM,18
Summit,CLS19:25,U.S. House,1,LIB,DANIEL R. COTTAM,20
Summit,ECOR46:10,U.S. House,1,LIB,DANIEL R. COTTAM,0
Summit,ECOR46:50,U.S. House,1,LIB,DANIEL R. COTTAM,0
Summit,HEE38:32,U.S. House,1,LIB,DANIEL R. COTTAM,28
Summit,HEN25:1,U.S. House,1,LIB,DANIEL R. COTTAM,8
Summit,HEW23:32,U.S. House,1,LIB,DANIEL R. COTTAM,14
Summit,HOYT18:10,U.S. House,1,LIB,DANIEL R. COTTAM,16
Summit,JERE37:32,U.S. House,1,LIB,DANIEL R. COTTAM,12
Summit,JERW27:32,U.S. House,1,LIB,DANIEL R. COTTAM,16
Summit,KCYN43:32,U.S. House,1,LIB,DANIEL R. COTTAM,10
Summit,LPNE9:15,U.S. House,1,LIB,DANIEL R. COTTAM,17
Summit,LPNW9:3,U.S. House,1,LIB,DANIEL R. COTTAM,13
Summit,MHW40:32,U.S. House,1,LIB,DANIEL R. COTTAM,11
Summit,NSN24:10,U.S. House,1,LIB,DANIEL R. COTTAM,2
Summit,PARS7:25,U.S. House,1,LIB,DANIEL R. COTTAM,14
Summit,PARW7:32,U.S. House,1,LIB,DANIEL R. COTTAM,26
Summit,PINN39:32,U.S. House,1,LIB,DANIEL R. COTTAM,15
Summit,PRG45:32,U.S. House,1,LIB,DANIEL R. COTTAM,2
Summit,PRG45:S4A,U.S. House,1,LIB,DANIEL R. COTTAM,0
Summit,PRG45:S4B,U.S. House,1,LIB,DANIEL R. COTTAM,0
Summit,PRG45:S4C,U.S. House,1,LIB,DANIEL R. COTTAM,0
Summit,PRM48:10,U.S. House,1,LIB,DANIEL R. COTTAM,11
Summit,PRM48:N5A,U.S. House,1,LIB,DANIEL R. COTTAM,1
Summit,PRM48:N5B,U.S. House,1,LIB,DANIEL R. COTTAM,0
Summit,RANS36:32,U.S. House,1,LIB,DANIEL R. COTTAM,3
Summit,RNDV47:10,U.S. House,1,LIB,DANIEL R. COTTAM,0
Summit,RPL26:32,U.S. House,1,LIB,DANIEL R. COTTAM,25
Summit,SCRL44:31,U.S. House,1,LIB,DANIEL R. COTTAM,16
Summit,SCRU8:31,U.S. House,1,LIB,DANIEL R. COTTAM,13
Summit,SCRU8:NS5,U.S. House,1,LIB,DANIEL R. COTTAM,1
Summit,SFCC57:10,U.S. House,1,LIB,DANIEL R. COTTAM,0
Summit,SLVR16:32,U.S. House,1,LIB,DANIEL R. COTTAM,14
Summit,SML42:32,U.S. House,1,LIB,DANIEL R. COTTAM,12
Summit,SUME30:32,U.S. House,1,LIB,DANIEL R. COTTAM,17
Summit,SUMW10:32,U.S. House,1,LIB,DANIEL R. COTTAM,16
Summit,UPIN41:32,U.S. House,1,LIB,DANIEL R. COTTAM,6
Summit,WAGN29:32,U.S. House,1,LIB,DANIEL R. COTTAM,6
Summit,WANE17:10,U.S. House,1,LIB,DANIEL R. COTTAM,24
Summit,WANE17:S4,U.S. House,1,LIB,DANIEL R. COTTAM,0
Summit,WNW17:2,U.S. House,1,LIB,DANIEL R. COTTAM,18
Summit,WNW17:P4A,U.S. House,1,LIB,DANIEL R. COTTAM,0
Summit,WNW17:P4B,U.S. House,1,LIB,DANIEL R. COTTAM,0
Summit,FED1,U.S. House,1,LIB,DANIEL R. COTTAM,1
Summit,BTNN34:25,U.S. House,1,REP,BLAKE D. MOORE,203
Summit,BTNS34:10,U.S. House,1,REP,BLAKE D. MOORE,102
Summit,CCRK20:10,U.S. House,1,REP,BLAKE D. MOORE,220
Summit,CLN19:10,U.S. House,1,REP,BLAKE D. MOORE,289
Summit,CLS19:25,U.S. House,1,REP,BLAKE D. MOORE,261
Summit,ECOR46:10,U.S. House,1,REP,BLAKE D. MOORE,0
Summit,ECOR46:50,U.S. House,1,REP,BLAKE D. MOORE,0
Summit,HEE38:32,U.S. House,1,REP,BLAKE D. MOORE,182
Summit,HEN25:1,U.S. House,1,REP,BLAKE D. MOORE,396
Summit,HEW23:32,U.S. House,1,REP,BLAKE D. MOORE,229
Summit,HOYT18:10,U.S. House,1,REP,BLAKE D. MOORE,426
Summit,JERE37:32,U.S. House,1,REP,BLAKE D. MOORE,278
Summit,JERW27:32,U.S. House,1,REP,BLAKE D. MOORE,285
Summit,KCYN43:32,U.S. House,1,REP,BLAKE D. MOORE,79
Summit,LPNE9:15,U.S. House,1,REP,BLAKE D. MOORE,139
Summit,LPNW9:3,U.S. House,1,REP,BLAKE D. MOORE,161
Summit,MHW40:32,U.S. House,1,REP,BLAKE D. MOORE,242
Summit,NSN24:10,U.S. House,1,REP,BLAKE D. MOORE,167
Summit,PARS7:25,U.S. House,1,REP,BLAKE D. MOORE,106
Summit,PARW7:32,U.S. House,1,REP,BLAKE D. MOORE,307
Summit,PINN39:32,U.S. House,1,REP,BLAKE D. MOORE,204
Summit,PRG45:32,U.S. House,1,REP,BLAKE D. MOORE,150
Summit,PRG45:S4A,U.S. House,1,REP,BLAKE D. MOORE,0
Summit,PRG45:S4B,U.S. House,1,REP,BLAKE D. MOORE,0
Summit,PRG45:S4C,U.S. House,1,REP,BLAKE D. MOORE,0
Summit,PRM48:10,U.S. House,1,REP,BLAKE D. MOORE,381
Summit,PRM48:N5A,U.S. House,1,REP,BLAKE D. MOORE,11
Summit,PRM48:N5B,U.S. House,1,REP,BLAKE D. MOORE,0
Summit,RANS36:32,U.S. House,1,REP,BLAKE D. MOORE,106
Summit,RNDV47:10,U.S. House,1,REP,BLAKE D. MOORE,0
Summit,RPL26:32,U.S. House,1,REP,BLAKE D. MOORE,220
Summit,SCRL44:31,U.S. House,1,REP,BLAKE D. MOORE,202
Summit,SCRU8:31,U.S. House,1,REP,BLAKE D. MOORE,140
Summit,SCRU8:NS5,U.S. House,1,REP,BLAKE D. MOORE,14
Summit,SFCC57:10,U.S. House,1,REP,BLAKE D. MOORE,0
Summit,SLVR16:32,U.S. House,1,REP,BLAKE D. MOORE,199
Summit,SML42:32,U.S. House,1,REP,BLAKE D. MOORE,205
Summit,SUME30:32,U.S. House,1,REP,BLAKE D. MOORE,146
Summit,SUMW10:32,U.S. House,1,REP,BLAKE D. MOORE,102
Summit,UPIN41:32,U.S. House,1,REP,BLAKE D. MOORE,155
Summit,WAGN29:32,U.S. House,1,REP,BLAKE D. MOORE,103
Summit,WANE17:10,U.S. House,1,REP,BLAKE D. MOORE,309
Summit,WANE17:S4,U.S. House,1,REP,BLAKE D. MOORE,0
Summit,WNW17:2,U.S. House,1,REP,BLAKE D. MOORE,114
Summit,WNW17:P4A,U.S. House,1,REP,BLAKE D. MOORE,0
Summit,WNW17:P4B,U.S. House,1,REP,BLAKE D. MOORE,0
Summit,FED1,U.S. House,1,REP,BLAKE D. MOORE,8
Summit,COLN56:10,U.S. House,3,DEM,GLENN J. WRIGHT,0
Summit,DVN1:1,U.S. House,3,DEM,GLENN J. WRIGHT,492
Summit,DVS31:1,U.S. House,3,DEM,GLENN J. WRIGHT,347
Summit,FRAE28:25,U.S. House,3,DEM,GLENN J. WRIGHT,83
Summit,FRAW28:10,U.S. House,3,DEM,GLENN J. WRIGHT,209
Summit,GARF58:10,U.S. House,3,DEM,GLENN J. WRIGHT,0
Summit,IFOR49:10,U.S. House,3,DEM,GLENN J. WRIGHT,0
Summit,KAMN12:10,U.S. House,3,DEM,GLENN J. WRIGHT,223
Summit,KAMS12:25,U.S. House,3,DEM,GLENN J. WRIGHT,147
Summit,MTCR59:10,U.S. House,3,DEM,GLENN J. WRIGHT,0
Summit,MTRS55:25,U.S. House,3,DEM,GLENN J. WRIGHT,89
Summit,OAKN14:10,U.S. House,3,DEM,GLENN J. WRIGHT,114
Summit,OAKS14:25,U.S. House,3,DEM,GLENN J. WRIGHT,143
Summit,OLDN32:1,U.S. House,3,DEM,GLENN J. WRIGHT,231
Summit,OLDS2:1,U.S. House,3,DEM,GLENN J. WRIGHT,135
Summit,PEOA15:20,U.S. House,3,DEM,GLENN J. WRIGHT,56
Summit,PEW51:10,U.S. House,3,DEM,GLENN J. WRIGHT,8
Summit,PEW51:NS5,U.S. House,3,DEM,GLENN J. WRIGHT,0
Summit,PKMN35:1,U.S. House,3,DEM,GLENN J. WRIGHT,417
Summit,PKMS5:1,U.S. House,3,DEM,GLENN J. WRIGHT,360
Summit,PROS3:1,U.S. House,3,DEM,GLENN J. WRIGHT,228
Summit,QUAR6:1,U.S. House,3,DEM,GLENN J. WRIGHT,385
Summit,ROCP54:10,U.S. House,3,DEM,GLENN J. WRIGHT,39
Summit,ROCP54:S4,U.S. House,3,DEM,GLENN J. WRIGHT,0
Summit,SIDE33:1,U.S. House,3,DEM,GLENN J. WRIGHT,273
Summit,SSE13:20,U.S. House,3,DEM,GLENN J. WRIGHT,191
Summit,SSS11:20,U.S. House,3,DEM,GLENN J. WRIGHT,100
Summit,SSW22:20,U.S. House,3,DEM,GLENN J. WRIGHT,97
Summit,THAY4:1,U.S. House,3,DEM,GLENN J. WRIGHT,271
Summit,UINT52:10,U.S. House,3,DEM,GLENN J. WRIGHT,0
Summit,WEBC21:20,U.S. House,3,DEM,GLENN J. WRIGHT,100
Summit,FED3,U.S. House,3,DEM,GLENN J. WRIGHT,31
Summit,COLN56:10,U.S. House,3,REP,MIKE KENNEDY,0
Summit,DVN1:1,U.S. House,3,REP,MIKE KENNEDY,275
Summit,DVS31:1,U.S. House,3,REP,MIKE KENNEDY,216
Summit,FRAE28:25,U.S. House,3,REP,MIKE KENNEDY,267
Summit,FRAW28:10,U.S. House,3,REP,MIKE KENNEDY,415
Summit,GARF58:10,U.S. House,3,REP,MIKE KENNEDY,0
Summit,IFOR49:10,U.S. House,3,REP,MIKE KENNEDY,0
Summit,KAMN12:10,U.S. House,3,REP,MIKE KENNEDY,334
Summit,KAMS12:25,U.S. House,3,REP,MIKE KENNEDY,296
Summit,MTCR59:10,U.S. House,3,REP,MIKE KENNEDY,0
Summit,MTRS55:25,U.S. House,3,REP,MIKE KENNEDY,89
Summit,OAKN14:10,U.S. House,3,REP,MIKE KENNEDY,262
Summit,OAKS14:25,U.S. House,3,REP,MIKE KENNEDY,329
Summit,OLDN32:1,U.S. House,3,REP,MIKE KENNEDY,103
Summit,OLDS2:1,U.S. House,3,REP,MIKE KENNEDY,42
Summit,PEOA15:20,U.S. House,3,REP,MIKE KENNEDY,138
Summit,PEW51:10,U.S. House,3,REP,MIKE KENNEDY,19
Summit,PEW51:NS5,U.S. House,3,REP,MIKE KENNEDY,0
Summit,PKMN35:1,U.S. House,3,REP,MIKE KENNEDY,300
Summit,PKMS5:1,U.S. House,3,REP,MIKE KENNEDY,134
Summit,PROS3:1,U.S. House,3,REP,MIKE KENNEDY,94
Summit,QUAR6:1,U.S. House,3,REP,MIKE KENNEDY,202
Summit,ROCP54:10,U.S. House,3,REP,MIKE KENNEDY,43
Summit,ROCP54:S4,U.S. House,3,REP,MIKE KENNEDY,0
Summit,SIDE33:1,U.S. House,3,REP,MIKE KENNEDY,86
Summit,SSE13:20,U.S. House,3,REP,MIKE KENNEDY,278
Summit,SSS11:20,U.S. House,3,REP,MIKE KENNEDY,250
Summit,SSW22:20,U.S. House,3,REP,MIKE KENNEDY,244
Summit,THAY4:1,U.S. House,3,REP,MIKE KENNEDY,150
Summit,UINT52:10,U.S. House,3,REP,MIKE KENNEDY,0
Summit,WEBC21:20,U.S. House,3,REP,MIKE KENNEDY,156
Summit,FED3,U.S. House,3,REP,MIKE KENNEDY,10
Summit,BTNN34:25,Governor,,REP,SPENCER J. COX DEIDRE M. HENDERSON,226
Summit,BTNS34:10,Governor,,REP,SPENCER J. COX DEIDRE M. HENDERSON,147
Summit,CCRK20:10,Governor,,REP,SPENCER J. COX DEIDRE M. HENDERSON,187
Summit,CLN19:10,Governor,,REP,SPENCER J. COX DEIDRE M. HENDERSON,227
Summit,CLS19:25,Governor,,REP,SPENCER J. COX DEIDRE M. HENDERSON,215
Summit,COLN56:10,Governor,,REP,SPENCER J. COX DEIDRE M. HENDERSON,0
Summit,DVN1:1,Governor,,REP,SPENCER J. COX DEIDRE M. HENDERSON,336
Summit,DVS31:1,Governor,,REP,SPENCER J. COX DEIDRE M. HENDERSON,239
Summit,ECOR46:10,Governor,,REP,SPENCER J. COX DEIDRE M. HENDERSON,0
Summit,ECOR46:50,Governor,,REP,SPENCER J. COX DEIDRE M. HENDERSON,0
Summit,FRAE28:25,Governor,,REP,SPENCER J. COX DEIDRE M. HENDERSON,227
Summit,FRAW28:10,Governor,,REP,SPENCER J. COX DEIDRE M. HENDERSON,332
Summit,GARF58:10,Governor,,REP,SPENCER J. COX DEIDRE M. HENDERSON,0
Summit,HEE38:32,Governor,,REP,SPENCER J. COX DEIDRE M. HENDERSON,203
Summit,HEN25:1,Governor,,REP,SPENCER J. COX DEIDRE M. HENDERSON,277
Summit,HEW23:32,Governor,,REP,SPENCER J. COX DEIDRE M. HENDERSON,254
Summit,HOYT18:10,Governor,,REP,SPENCER J. COX DEIDRE M. HENDERSON,332
Summit,IFOR49:10,Governor,,REP,SPENCER J. COX DEIDRE M. HENDERSON,0
Summit,JERE37:32,Governor,,REP,SPENCER J. COX DEIDRE M. HENDERSON,272
Summit,JERW27:32,Governor,,REP,SPENCER J. COX DEIDRE M. HENDERSON,278
Summit,KAMN12:10,Governor,,REP,SPENCER J. COX DEIDRE M. HENDERSON,258
Summit,KAMS12:25,Governor,,REP,SPENCER J. COX DEIDRE M. HENDERSON,240
Summit,KCYN43:32,Governor,,REP,SPENCER J. COX DEIDRE M. HENDERSON,81
Summit,LPNE9:15,Governor,,REP,SPENCER J. COX DEIDRE M. HENDERSON,161
Summit,LPNW9:3,Governor,,REP,SPENCER J. COX DEIDRE M. HENDERSON,172
Summit,MHW40:32,Governor,,REP,SPENCER J. COX DEIDRE M. HENDERSON,236
Summit,MTCR59:10,Governor,,REP,SPENCER J. COX DEIDRE M. HENDERSON,0
Summit,MTRS55:25,Governor,,REP,SPENCER J. COX DEIDRE M. HENDERSON,121
Summit,NSN24:10,Governor,,REP,SPENCER J. COX DEIDRE M. HENDERSON,129
Summit,OAKN14:10,Governor,,REP,SPENCER J. COX DEIDRE M. HENDERSON,225
Summit,OAKS14:25,Governor,,REP,SPENCER J. COX DEIDRE M. HENDERSON,263
Summit,OLDN32:1,Governor,,REP,SPENCER J. COX DEIDRE M. HENDERSON,114
Summit,OLDS2:1,Governor,,REP,SPENCER J. COX DEIDRE M. HENDERSON,53
Summit,PARS7:25,Governor,,REP,SPENCER J. COX DEIDRE M. HENDERSON,110
Summit,PARW7:32,Governor,,REP,SPENCER J. COX DEIDRE M. HENDERSON,345
Summit,PEOA15:20,Governor,,REP,SPENCER J. COX DEIDRE M. HENDERSON,98
Summit,PEW51:10,Governor,,REP,SPENCER J. COX DEIDRE M. HENDERSON,18
Summit,PEW51:NS5,Governor,,REP,SPENCER J. COX DEIDRE M. HENDERSON,0
Summit,PINN39:32,Governor,,REP,SPENCER J. COX DEIDRE M. HENDERSON,202
Summit,PKMN35:1,Governor,,REP,SPENCER J. COX DEIDRE M. HENDERSON,352
Summit,PKMS5:1,Governor,,REP,SPENCER J. COX DEIDRE M. HENDERSON,182
Summit,PRG45:32,Governor,,REP,SPENCER J. COX DEIDRE M. HENDERSON,156
Summit,PRG45:S4A,Governor,,REP,SPENCER J. COX DEIDRE M. HENDERSON,0
Summit,PRG45:S4B,Governor,,REP,SPENCER J. COX DEIDRE M. HENDERSON,0
Summit,PRG45:S4C,Governor,,REP,SPENCER J. COX DEIDRE M. HENDERSON,0
Summit,PRM48:10,Governor,,REP,SPENCER J. COX DEIDRE M. HENDERSON,415
Summit,PRM48:N5A,Governor,,REP,SPENCER J. COX DEIDRE M. HENDERSON,12
Summit,PRM48:N5B,Governor,,REP,SPENCER J. COX DEIDRE M. HENDERSON,0
Summit,PROS3:1,Governor,,REP,SPENCER J. COX DEIDRE M. HENDERSON,118
Summit,QUAR6:1,Governor,,REP,SPENCER J. COX DEIDRE M. HENDERSON,236
Summit,RANS36:32,Governor,,REP,SPENCER J. COX DEIDRE M. HENDERSON,122
Summit,RNDV47:10,Governor,,REP,SPENCER J. COX DEIDRE M. HENDERSON,0
Summit,ROCP54:10,Governor,,REP,SPENCER J. COX DEIDRE M. HENDERSON,45
Summit,ROCP54:S4,Governor,,REP,SPENCER J. COX DEIDRE M. HENDERSON,0
Summit,RPL26:32,Governor,,REP,SPENCER J. COX DEIDRE M. HENDERSON,271
Summit,SCRL44:31,Governor,,REP,SPENCER J. COX DEIDRE M. HENDERSON,194
Summit,SCRU8:31,Governor,,REP,SPENCER J. COX DEIDRE M. HENDERSON,136
Summit,SCRU8:NS5,Governor,,REP,SPENCER J. COX DEIDRE M. HENDERSON,15
Summit,SFCC57:10,Governor,,REP,SPENCER J. COX DEIDRE M. HENDERSON,0
Summit,SIDE33:1,Governor,,REP,SPENCER J. COX DEIDRE M. HENDERSON,119
Summit,SLVR16:32,Governor,,REP,SPENCER J. COX DEIDRE M. HENDERSON,237
Summit,SML42:32,Governor,,REP,SPENCER J. COX DEIDRE M. HENDERSON,230
Summit,SSE13:20,Governor,,REP,SPENCER J. COX DEIDRE M. HENDERSON,215
Summit,SSS11:20,Governor,,REP,SPENCER J. COX DEIDRE M. HENDERSON,171
Summit,SSW22:20,Governor,,REP,SPENCER J. COX DEIDRE M. HENDERSON,174
Summit,SUME30:32,Governor,,REP,SPENCER J. COX DEIDRE M. HENDERSON,169
Summit,SUMW10:32,Governor,,REP,SPENCER J. COX DEIDRE M. HENDERSON,116
Summit,THAY4:1,Governor,,REP,SPENCER J. COX DEIDRE M. HENDERSON,173
Summit,UINT52:10,Governor,,REP,SPENCER J. COX DEIDRE M. HENDERSON,0
Summit,UPIN41:32,Governor,,REP,SPENCER J. COX DEIDRE M. HENDERSON,147
Summit,WAGN29:32,Governor,,REP,SPENCER J. COX DEIDRE M. HENDERSON,105
Summit,WANE17:10,Governor,,REP,SPENCER J. COX DEIDRE M. HENDERSON,282
Summit,WANE17:S4,Governor,,REP,SPENCER J. COX DEIDRE M. HENDERSON,0
Summit,WNW17:2,Governor,,REP,SPENCER J. COX DEIDRE M. HENDERSON,92
Summit,WNW17:P4A,Governor,,REP,SPENCER J. COX DEIDRE M. HENDERSON,0
Summit,WNW17:P4B,Governor,,REP,SPENCER J. COX DEIDRE M. HENDERSON,0
Summit,WEBC21:20,Governor,,REP,SPENCER J. COX DEIDRE M. HENDERSON,118
Summit,BTNN34:25,Governor,,IAP,TOMMY WILLIAMS ARCHIE A. WILLIAMS III,5
Summit,BTNS34:10,Governor,,IAP,TOMMY WILLIAMS ARCHIE A. WILLIAMS III,7
Summit,CCRK20:10,Governor,,IAP,TOMMY WILLIAMS ARCHIE A. WILLIAMS III,5
Summit,CLN19:10,Governor,,IAP,TOMMY WILLIAMS ARCHIE A. WILLIAMS III,14
Summit,CLS19:25,Governor,,IAP,TOMMY WILLIAMS ARCHIE A. WILLIAMS III,9
Summit,COLN56:10,Governor,,IAP,TOMMY WILLIAMS ARCHIE A. WILLIAMS III,0
Summit,DVN1:1,Governor,,IAP,TOMMY WILLIAMS ARCHIE A. WILLIAMS III,8
Summit,DVS31:1,Governor,,IAP,TOMMY WILLIAMS ARCHIE A. WILLIAMS III,4
Summit,ECOR46:10,Governor,,IAP,TOMMY WILLIAMS ARCHIE A. WILLIAMS III,0
Summit,ECOR46:50,Governor,,IAP,TOMMY WILLIAMS ARCHIE A. WILLIAMS III,0
Summit,FRAE28:25,Governor,,IAP,TOMMY WILLIAMS ARCHIE A. WILLIAMS III,9
Summit,FRAW28:10,Governor,,IAP,TOMMY WILLIAMS ARCHIE A. WILLIAMS III,15
Summit,GARF58:10,Governor,,IAP,TOMMY WILLIAMS ARCHIE A. WILLIAMS III,0
Summit,HEE38:32,Governor,,IAP,TOMMY WILLIAMS ARCHIE A. WILLIAMS III,6
Summit,HEN25:1,Governor,,IAP,TOMMY WILLIAMS ARCHIE A. WILLIAMS III,7
Summit,HEW23:32,Governor,,IAP,TOMMY WILLIAMS ARCHIE A. WILLIAMS III,5
Summit,HOYT18:10,Governor,,IAP,TOMMY WILLIAMS ARCHIE A. WILLIAMS III,13
Summit,IFOR49:10,Governor,,IAP,TOMMY WILLIAMS ARCHIE A. WILLIAMS III,0
Summit,JERE37:32,Governor,,IAP,TOMMY WILLIAMS ARCHIE A. WILLIAMS III,4
Summit,JERW27:32,Governor,,IAP,TOMMY WILLIAMS ARCHIE A. WILLIAMS III,1
Summit,KAMN12:10,Governor,,IAP,TOMMY WILLIAMS ARCHIE A. WILLIAMS III,15
Summit,KAMS12:25,Governor,,IAP,TOMMY WILLIAMS ARCHIE A. WILLIAMS III,10
Summit,KCYN43:32,Governor,,IAP,TOMMY WILLIAMS ARCHIE A. WILLIAMS III,2
Summit,LPNE9:15,Governor,,IAP,TOMMY WILLIAMS ARCHIE A. WILLIAMS III,6
Summit,LPNW9:3,Governor,,IAP,TOMMY WILLIAMS ARCHIE A. WILLIAMS III,4
Summit,MHW40:32,Governor,,IAP,TOMMY WILLIAMS ARCHIE A. WILLIAMS III,4
Summit,MTCR59:10,Governor,,IAP,TOMMY WILLIAMS ARCHIE A. WILLIAMS III,0
Summit,MTRS55:25,Governor,,IAP,TOMMY WILLIAMS ARCHIE A. WILLIAMS III,0
Summit,NSN24:10,Governor,,IAP,TOMMY WILLIAMS ARCHIE A. WILLIAMS III,2
Summit,OAKN14:10,Governor,,IAP,TOMMY WILLIAMS ARCHIE A. WILLIAMS III,5
Summit,OAKS14:25,Governor,,IAP,TOMMY WILLIAMS ARCHIE A. WILLIAMS III,10
Summit,OLDN32:1,Governor,,IAP,TOMMY WILLIAMS ARCHIE A. WILLIAMS III,3
Summit,OLDS2:1,Governor,,IAP,TOMMY WILLIAMS ARCHIE A. WILLIAMS III,0
Summit,PARS7:25,Governor,,IAP,TOMMY WILLIAMS ARCHIE A. WILLIAMS III,3
Summit,PARW7:32,Governor,,IAP,TOMMY WILLIAMS ARCHIE A. WILLIAMS III,8
Summit,PEOA15:20,Governor,,IAP,TOMMY WILLIAMS ARCHIE A. WILLIAMS III,4
Summit,PEW51:10,Governor,,IAP,TOMMY WILLIAMS ARCHIE A. WILLIAMS III,0
Summit,PEW51:NS5,Governor,,IAP,TOMMY WILLIAMS ARCHIE A. WILLIAMS III,0
Summit,PINN39:32,Governor,,IAP,TOMMY WILLIAMS ARCHIE A. WILLIAMS III,6
Summit,PKMN35:1,Governor,,IAP,TOMMY WILLIAMS ARCHIE A. WILLIAMS III,2
Summit,PKMS5:1,Governor,,IAP,TOMMY WILLIAMS ARCHIE A. WILLIAMS III,1
Summit,PRG45:32,Governor,,IAP,TOMMY WILLIAMS ARCHIE A. WILLIAMS III,0
Summit,PRG45:S4A,Governor,,IAP,TOMMY WILLIAMS ARCHIE A. WILLIAMS III,0
Summit,PRG45:S4B,Governor,,IAP,TOMMY WILLIAMS ARCHIE A. WILLIAMS III,0
Summit,PRG45:S4C,Governor,,IAP,TOMMY WILLIAMS ARCHIE A. WILLIAMS III,0
Summit,PRM48:10,Governor,,IAP,TOMMY WILLIAMS ARCHIE A. WILLIAMS III,2
Summit,PRM48:N5A,Governor,,IAP,TOMMY WILLIAMS ARCHIE A. WILLIAMS III,0
Summit,PRM48:N5B,Governor,,IAP,TOMMY WILLIAMS ARCHIE A. WILLIAMS III,0
Summit,PROS3:1,Governor,,IAP,TOMMY WILLIAMS ARCHIE A. WILLIAMS III,0
Summit,QUAR6:1,Governor,,IAP,TOMMY WILLIAMS ARCHIE A. WILLIAMS III,2
Summit,RANS36:32,Governor,,IAP,TOMMY WILLIAMS ARCHIE A. WILLIAMS III,1
Summit,RNDV47:10,Governor,,IAP,TOMMY WILLIAMS ARCHIE A. WILLIAMS III,0
Summit,ROCP54:10,Governor,,IAP,TOMMY WILLIAMS ARCHIE A. WILLIAMS III,0
Summit,ROCP54:S4,Governor,,IAP,TOMMY WILLIAMS ARCHIE A. WILLIAMS III,0
Summit,RPL26:32,Governor,,IAP,TOMMY WILLIAMS ARCHIE A. WILLIAMS III,6
Summit,SCRL44:31,Governor,,IAP,TOMMY WILLIAMS ARCHIE A. WILLIAMS III,9
Summit,SCRU8:31,Governor,,IAP,TOMMY WILLIAMS ARCHIE A. WILLIAMS III,4
Summit,SCRU8:NS5,Governor,,IAP,TOMMY WILLIAMS ARCHIE A. WILLIAMS III,0
Summit,SFCC57:10,Governor,,IAP,TOMMY WILLIAMS ARCHIE A. WILLIAMS III,0
Summit,SIDE33:1,Governor,,IAP,TOMMY WILLIAMS ARCHIE A. WILLIAMS III,1
Summit,SLVR16:32,Governor,,IAP,TOMMY WILLIAMS ARCHIE A. WILLIAMS III,2
Summit,SML42:32,Governor,,IAP,TOMMY WILLIAMS ARCHIE A. WILLIAMS III,7
Summit,SSE13:20,Governor,,IAP,TOMMY WILLIAMS ARCHIE A. WILLIAMS III,12
Summit,SSS11:20,Governor,,IAP,TOMMY WILLIAMS ARCHIE A. WILLIAMS III,4
Summit,SSW22:20,Governor,,IAP,TOMMY WILLIAMS ARCHIE A. WILLIAMS III,13
Summit,SUME30:32,Governor,,IAP,TOMMY WILLIAMS ARCHIE A. WILLIAMS III,7
Summit,SUMW10:32,Governor,,IAP,TOMMY WILLIAMS ARCHIE A. WILLIAMS III,2
Summit,THAY4:1,Governor,,IAP,TOMMY WILLIAMS ARCHIE A. WILLIAMS III,3
Summit,UINT52:10,Governor,,IAP,TOMMY WILLIAMS ARCHIE A. WILLIAMS III,0
Summit,UPIN41:32,Governor,,IAP,TOMMY WILLIAMS ARCHIE A. WILLIAMS III,1
Summit,WAGN29:32,Governor,,IAP,TOMMY WILLIAMS ARCHIE A. WILLIAMS III,0
Summit,WANE17:10,Governor,,IAP,TOMMY WILLIAMS ARCHIE A. WILLIAMS III,4
Summit,WANE17:S4,Governor,,IAP,TOMMY WILLIAMS ARCHIE A. WILLIAMS III,0
Summit,WNW17:2,Governor,,IAP,TOMMY WILLIAMS ARCHIE A. WILLIAMS III,14
Summit,WNW17:P4A,Governor,,IAP,TOMMY WILLIAMS ARCHIE A. WILLIAMS III,0
Summit,WNW17:P4B,Governor,,IAP,TOMMY WILLIAMS ARCHIE A. WILLIAMS III,0
Summit,WEBC21:20,Governor,,IAP,TOMMY WILLIAMS ARCHIE A. WILLIAMS III,5
Summit,BTNN34:25,Governor,,DEM,BRIAN SMITH KING REBEKAH CUMMINGS,188
Summit,BTNS34:10,Governor,,DEM,BRIAN SMITH KING REBEKAH CUMMINGS,176
Summit,CCRK20:10,Governor,,DEM,BRIAN SMITH KING REBEKAH CUMMINGS,32
Summit,CLN19:10,Governor,,DEM,BRIAN SMITH KING REBEKAH CUMMINGS,100
Summit,CLS19:25,Governor,,DEM,BRIAN SMITH KING REBEKAH CUMMINGS,45
Summit,COLN56:10,Governor,,DEM,BRIAN SMITH KING REBEKAH CUMMINGS,0
Summit,DVN1:1,Governor,,DEM,BRIAN SMITH KING REBEKAH CUMMINGS,408
Summit,DVS31:1,Governor,,DEM,BRIAN SMITH KING REBEKAH CUMMINGS,308
Summit,ECOR46:10,Governor,,DEM,BRIAN SMITH KING REBEKAH CUMMINGS,0
Summit,ECOR46:50,Governor,,DEM,BRIAN SMITH KING REBEKAH CUMMINGS,0
Summit,FRAE28:25,Governor,,DEM,BRIAN SMITH KING REBEKAH CUMMINGS,66
Summit,FRAW28:10,Governor,,DEM,BRIAN SMITH KING REBEKAH CUMMINGS,173
Summit,GARF58:10,Governor,,DEM,BRIAN SMITH KING REBEKAH CUMMINGS,0
Summit,HEE38:32,Governor,,DEM,BRIAN SMITH KING REBEKAH CUMMINGS,431
Summit,HEN25:1,Governor,,DEM,BRIAN SMITH KING REBEKAH CUMMINGS,49
Summit,HEW23:32,Governor,,DEM,BRIAN SMITH KING REBEKAH CUMMINGS,313
Summit,HOYT18:10,Governor,,DEM,BRIAN SMITH KING REBEKAH CUMMINGS,85
Summit,IFOR49:10,Governor,,DEM,BRIAN SMITH KING REBEKAH CUMMINGS,0
Summit,JERE37:32,Governor,,DEM,BRIAN SMITH KING REBEKAH CUMMINGS,359
Summit,JERW27:32,Governor,,DEM,BRIAN SMITH KING REBEKAH CUMMINGS,335
Summit,KAMN12:10,Governor,,DEM,BRIAN SMITH KING REBEKAH CUMMINGS,192
Summit,KAMS12:25,Governor,,DEM,BRIAN SMITH KING REBEKAH CUMMINGS,124
Summit,KCYN43:32,Governor,,DEM,BRIAN SMITH KING REBEKAH CUMMINGS,104
Summit,LPNE9:15,Governor,,DEM,BRIAN SMITH KING REBEKAH CUMMINGS,282
Summit,LPNW9:3,Governor,,DEM,BRIAN SMITH KING REBEKAH CUMMINGS,251
Summit,MHW40:32,Governor,,DEM,BRIAN SMITH KING REBEKAH CUMMINGS,332
Summit,MTCR59:10,Governor,,DEM,BRIAN SMITH KING REBEKAH CUMMINGS,0
Summit,MTRS55:25,Governor,,DEM,BRIAN SMITH KING REBEKAH CUMMINGS,58
Summit,NSN24:10,Governor,,DEM,BRIAN SMITH KING REBEKAH CUMMINGS,16
Summit,OAKN14:10,Governor,,DEM,BRIAN SMITH KING REBEKAH CUMMINGS,92
Summit,OAKS14:25,Governor,,DEM,BRIAN SMITH KING REBEKAH CUMMINGS,130
Summit,OLDN32:1,Governor,,DEM,BRIAN SMITH KING REBEKAH CUMMINGS,202
Summit,OLDS2:1,Governor,,DEM,BRIAN SMITH KING REBEKAH CUMMINGS,119
Summit,PARS7:25,Governor,,DEM,BRIAN SMITH KING REBEKAH CUMMINGS,144
Summit,PARW7:32,Governor,,DEM,BRIAN SMITH KING REBEKAH CUMMINGS,452
Summit,PEOA15:20,Governor,,DEM,BRIAN SMITH KING REBEKAH CUMMINGS,46
Summit,PEW51:10,Governor,,DEM,BRIAN SMITH KING REBEKAH CUMMINGS,9
Summit,PEW51:NS5,Governor,,DEM,BRIAN SMITH KING REBEKAH CUMMINGS,0
Summit,PINN39:32,Governor,,DEM,BRIAN SMITH KING REBEKAH CUMMINGS,359
Summit,PKMN35:1,Governor,,DEM,BRIAN SMITH KING REBEKAH CUMMINGS,339
Summit,PKMS5:1,Governor,,DEM,BRIAN SMITH KING REBEKAH CUMMINGS,305
Summit,PRG45:32,Governor,,DEM,BRIAN SMITH KING REBEKAH CUMMINGS,66
Summit,PRG45:S4A,Governor,,DEM,BRIAN SMITH KING REBEKAH CUMMINGS,0
Summit,PRG45:S4B,Governor,,DEM,BRIAN SMITH KING REBEKAH CUMMINGS,0
Summit,PRG45:S4C,Governor,,DEM,BRIAN SMITH KING REBEKAH CUMMINGS,0
Summit,PRM48:10,Governor,,DEM,BRIAN SMITH KING REBEKAH CUMMINGS,320
Summit,PRM48:N5A,Governor,,DEM,BRIAN SMITH KING REBEKAH CUMMINGS,3
Summit,PRM48:N5B,Governor,,DEM,BRIAN SMITH KING REBEKAH CUMMINGS,0
Summit,PROS3:1,Governor,,DEM,BRIAN SMITH KING REBEKAH CUMMINGS,189
Summit,QUAR6:1,Governor,,DEM,BRIAN SMITH KING REBEKAH CUMMINGS,340
Summit,RANS36:32,Governor,,DEM,BRIAN SMITH KING REBEKAH CUMMINGS,119
Summit,RNDV47:10,Governor,,DEM,BRIAN SMITH KING REBEKAH CUMMINGS,0
Summit,ROCP54:10,Governor,,DEM,BRIAN SMITH KING REBEKAH CUMMINGS,31
Summit,ROCP54:S4,Governor,,DEM,BRIAN SMITH KING REBEKAH CUMMINGS,0
Summit,RPL26:32,Governor,,DEM,BRIAN SMITH KING REBEKAH CUMMINGS,353
Summit,SCRL44:31,Governor,,DEM,BRIAN SMITH KING REBEKAH CUMMINGS,227
Summit,SCRU8:31,Governor,,DEM,BRIAN SMITH KING REBEKAH CUMMINGS,145
Summit,SCRU8:NS5,Governor,,DEM,BRIAN SMITH KING REBEKAH CUMMINGS,7
Summit,SFCC57:10,Governor,,DEM,BRIAN SMITH KING REBEKAH CUMMINGS,0
Summit,SIDE33:1,Governor,,DEM,BRIAN SMITH KING REBEKAH CUMMINGS,229
Summit,SLVR16:32,Governor,,DEM,BRIAN SMITH KING REBEKAH CUMMINGS,360
Summit,SML42:32,Governor,,DEM,BRIAN SMITH KING REBEKAH CUMMINGS,331
Summit,SSE13:20,Governor,,DEM,BRIAN SMITH KING REBEKAH CUMMINGS,148
Summit,SSS11:20,Governor,,DEM,BRIAN SMITH KING REBEKAH CUMMINGS,78
Summit,SSW22:20,Governor,,DEM,BRIAN SMITH KING REBEKAH CUMMINGS,79
Summit,SUME30:32,Governor,,DEM,BRIAN SMITH KING REBEKAH CUMMINGS,457
Summit,SUMW10:32,Governor,,DEM,BRIAN SMITH KING REBEKAH CUMMINGS,335
Summit,THAY4:1,Governor,,DEM,BRIAN SMITH KING REBEKAH CUMMINGS,233
Summit,UINT52:10,Governor,,DEM,BRIAN SMITH KING REBEKAH CUMMINGS,0
Summit,UPIN41:32,Governor,,DEM,BRIAN SMITH KING REBEKAH CUMMINGS,148
Summit,WAGN29:32,Governor,,DEM,BRIAN SMITH KING REBEKAH CUMMINGS,207
Summit,WANE17:10,Governor,,DEM,BRIAN SMITH KING REBEKAH CUMMINGS,119
Summit,WANE17:S4,Governor,,DEM,BRIAN SMITH KING REBEKAH CUMMINGS,0
Summit,WNW17:2,Governor,,DEM,BRIAN SMITH KING REBEKAH CUMMINGS,177
Summit,WNW17:P4A,Governor,,DEM,BRIAN SMITH KING REBEKAH CUMMINGS,0
Summit,WNW17:P4B,Governor,,DEM,BRIAN SMITH KING REBEKAH CUMMINGS,0
Summit,WEBC21:20,Governor,,DEM,BRIAN SMITH KING REBEKAH CUMMINGS,96
Summit,BTNN34:25,Governor,,LIB,J. ROBERT LATHAM BARRY EVAN SHORT,6
Summit,BTNS34:10,Governor,,LIB,J. ROBERT LATHAM BARRY EVAN SHORT,13
Summit,CCRK20:10,Governor,,LIB,J. ROBERT LATHAM BARRY EVAN SHORT,4
Summit,CLN19:10,Governor,,LIB,J. ROBERT LATHAM BARRY EVAN SHORT,14
Summit,CLS19:25,Governor,,LIB,J. ROBERT LATHAM BARRY EVAN SHORT,7
Summit,COLN56:10,Governor,,LIB,J. ROBERT LATHAM BARRY EVAN SHORT,0
Summit,DVN1:1,Governor,,LIB,J. ROBERT LATHAM BARRY EVAN SHORT,9
Summit,DVS31:1,Governor,,LIB,J. ROBERT LATHAM BARRY EVAN SHORT,8
Summit,ECOR46:10,Governor,,LIB,J. ROBERT LATHAM BARRY EVAN SHORT,0
Summit,ECOR46:50,Governor,,LIB,J. ROBERT LATHAM BARRY EVAN SHORT,0
Summit,FRAE28:25,Governor,,LIB,J. ROBERT LATHAM BARRY EVAN SHORT,6
Summit,FRAW28:10,Governor,,LIB,J. ROBERT LATHAM BARRY EVAN SHORT,15
Summit,GARF58:10,Governor,,LIB,J. ROBERT LATHAM BARRY EVAN SHORT,0
Summit,HEE38:32,Governor,,LIB,J. ROBERT LATHAM BARRY EVAN SHORT,13
Summit,HEN25:1,Governor,,LIB,J. ROBERT LATHAM BARRY EVAN SHORT,16
Summit,HEW23:32,Governor,,LIB,J. ROBERT LATHAM BARRY EVAN SHORT,9
Summit,HOYT18:10,Governor,,LIB,J. ROBERT LATHAM BARRY EVAN SHORT,20
Summit,IFOR49:10,Governor,,LIB,J. ROBERT LATHAM BARRY EVAN SHORT,0
Summit,JERE37:32,Governor,,LIB,J. ROBERT LATHAM BARRY EVAN SHORT,11
Summit,JERW27:32,Governor,,LIB,J. ROBERT LATHAM BARRY EVAN SHORT,13
Summit,KAMN12:10,Governor,,LIB,J. ROBERT LATHAM BARRY EVAN SHORT,17
Summit,KAMS12:25,Governor,,LIB,J. ROBERT LATHAM BARRY EVAN SHORT,10
Summit,KCYN43:32,Governor,,LIB,J. ROBERT LATHAM BARRY EVAN SHORT,4
Summit,LPNE9:15,Governor,,LIB,J. ROBERT LATHAM BARRY EVAN SHORT,12
Summit,LPNW9:3,Governor,,LIB,J. ROBERT LATHAM BARRY EVAN SHORT,5
Summit,MHW40:32,Governor,,LIB,J. ROBERT LATHAM BARRY EVAN SHORT,18
Summit,MTCR59:10,Governor,,LIB,J. ROBERT LATHAM BARRY EVAN SHORT,0
Summit,MTRS55:25,Governor,,LIB,J. ROBERT LATHAM BARRY EVAN SHORT,0
Summit,NSN24:10,Governor,,LIB,J. ROBERT LATHAM BARRY EVAN SHORT,7
Summit,OAKN14:10,Governor,,LIB,J. ROBERT LATHAM BARRY EVAN SHORT,11
Summit,OAKS14:25,Governor,,LIB,J. ROBERT LATHAM BARRY EVAN SHORT,15
Summit,OLDN32:1,Governor,,LIB,J. ROBERT LATHAM BARRY EVAN SHORT,5
Summit,OLDS2:1,Governor,,LIB,J. ROBERT LATHAM BARRY EVAN SHORT,2
Summit,PARS7:25,Governor,,LIB,J. ROBERT LATHAM BARRY EVAN SHORT,10
Summit,PARW7:32,Governor,,LIB,J. ROBERT LATHAM BARRY EVAN SHORT,14
Summit,PEOA15:20,Governor,,LIB,J. ROBERT LATHAM BARRY EVAN SHORT,12
Summit,PEW51:10,Governor,,LIB,J. ROBERT LATHAM BARRY EVAN SHORT,0
Summit,PEW51:NS5,Governor,,LIB,J. ROBERT LATHAM BARRY EVAN SHORT,0
Summit,PINN39:32,Governor,,LIB,J. ROBERT LATHAM BARRY EVAN SHORT,8
Summit,PKMN35:1,Governor,,LIB,J. ROBERT LATHAM BARRY EVAN SHORT,18
Summit,PKMS5:1,Governor,,LIB,J. ROBERT LATHAM BARRY EVAN SHORT,5
Summit,PRG45:32,Governor,,LIB,J. ROBERT LATHAM BARRY EVAN SHORT,1
Summit,PRG45:S4A,Governor,,LIB,J. ROBERT LATHAM BARRY EVAN SHORT,0
Summit,PRG45:S4B,Governor,,LIB,J. ROBERT LATHAM BARRY EVAN SHORT,0
Summit,PRG45:S4C,Governor,,LIB,J. ROBERT LATHAM BARRY EVAN SHORT,0
Summit,PRM48:10,Governor,,LIB,J. ROBERT LATHAM BARRY EVAN SHORT,19
Summit,PRM48:N5A,Governor,,LIB,J. ROBERT LATHAM BARRY EVAN SHORT,0
Summit,PRM48:N5B,Governor,,LIB,J. ROBERT LATHAM BARRY EVAN SHORT,0
Summit,PROS3:1,Governor,,LIB,J. ROBERT LATHAM BARRY EVAN SHORT,15
Summit,QUAR6:1,Governor,,LIB,J. ROBERT LATHAM BARRY EVAN SHORT,12
Summit,RANS36:32,Governor,,LIB,J. ROBERT LATHAM BARRY EVAN SHORT,1
Summit,RNDV47:10,Governor,,LIB,J. ROBERT LATHAM BARRY EVAN SHORT,0
Summit,ROCP54:10,Governor,,LIB,J. ROBERT LATHAM BARRY EVAN SHORT,3
Summit,ROCP54:S4,Governor,,LIB,J. ROBERT LATHAM BARRY EVAN SHORT,0
Summit,RPL26:32,Governor,,LIB,J. ROBERT LATHAM BARRY EVAN SHORT,20
Summit,SCRL44:31,Governor,,LIB,J. ROBERT LATHAM BARRY EVAN SHORT,18
Summit,SCRU8:31,Governor,,LIB,J. ROBERT LATHAM BARRY EVAN SHORT,5
Summit,SCRU8:NS5,Governor,,LIB,J. ROBERT LATHAM BARRY EVAN SHORT,1
Summit,SFCC57:10,Governor,,LIB,J. ROBERT LATHAM BARRY EVAN SHORT,0
Summit,SIDE33:1,Governor,,LIB,J. ROBERT LATHAM BARRY EVAN SHORT,8
Summit,SLVR16:32,Governor,,LIB,J. ROBERT LATHAM BARRY EVAN SHORT,5
Summit,SML42:32,Governor,,LIB,J. ROBERT LATHAM BARRY EVAN SHORT,5
Summit,SSE13:20,Governor,,LIB,J. ROBERT LATHAM BARRY EVAN SHORT,12
Summit,SSS11:20,Governor,,LIB,J. ROBERT LATHAM BARRY EVAN SHORT,15
Summit,SSW22:20,Governor,,LIB,J. ROBERT LATHAM BARRY EVAN SHORT,13
Summit,SUME30:32,Governor,,LIB,J. ROBERT LATHAM BARRY EVAN SHORT,14
Summit,SUMW10:32,Governor,,LIB,J. ROBERT LATHAM BARRY EVAN SHORT,11
Summit,THAY4:1,Governor,,LIB,J. ROBERT LATHAM BARRY EVAN SHORT,11
Summit,UINT52:10,Governor,,LIB,J. ROBERT LATHAM BARRY EVAN SHORT,0
Summit,UPIN41:32,Governor,,LIB,J. ROBERT LATHAM BARRY EVAN SHORT,6
Summit,WAGN29:32,Governor,,LIB,J. ROBERT LATHAM BARRY EVAN SHORT,2
Summit,WANE17:10,Governor,,LIB,J. ROBERT LATHAM BARRY EVAN SHORT,14
Summit,WANE17:S4,Governor,,LIB,J. ROBERT LATHAM BARRY EVAN SHORT,0
Summit,WNW17:2,Governor,,LIB,J. ROBERT LATHAM BARRY EVAN SHORT,17
Summit,WNW17:P4A,Governor,,LIB,J. ROBERT LATHAM BARRY EVAN SHORT,0
Summit,WNW17:P4B,Governor,,LIB,J. ROBERT LATHAM BARRY EVAN SHORT,0
Summit,WEBC21:20,Governor,,LIB,J. ROBERT LATHAM BARRY EVAN SHORT,5
Summit,BTNN34:25,Governor,,,TOM TOMENY WILLIAM LANSING TAYLOR,1
Summit,BTNS34:10,Governor,,,TOM TOMENY WILLIAM LANSING TAYLOR,0
Summit,CCRK20:10,Governor,,,TOM TOMENY WILLIAM LANSING TAYLOR,0
Summit,CLN19:10,Governor,,,TOM TOMENY WILLIAM LANSING TAYLOR,1
Summit,CLS19:25,Governor,,,TOM TOMENY WILLIAM LANSING TAYLOR,3
Summit,COLN56:10,Governor,,,TOM TOMENY WILLIAM LANSING TAYLOR,0
Summit,DVN1:1,Governor,,,TOM TOMENY WILLIAM LANSING TAYLOR,0
Summit,DVS31:1,Governor,,,TOM TOMENY WILLIAM LANSING TAYLOR,0
Summit,ECOR46:10,Governor,,,TOM TOMENY WILLIAM LANSING TAYLOR,0
Summit,ECOR46:50,Governor,,,TOM TOMENY WILLIAM LANSING TAYLOR,0
Summit,FRAE28:25,Governor,,,TOM TOMENY WILLIAM LANSING TAYLOR,1
Summit,FRAW28:10,Governor,,,TOM TOMENY WILLIAM LANSING TAYLOR,1
Summit,GARF58:10,Governor,,,TOM TOMENY WILLIAM LANSING TAYLOR,0
Summit,HEE38:32,Governor,,,TOM TOMENY WILLIAM LANSING TAYLOR,1
Summit,HEN25:1,Governor,,,TOM TOMENY WILLIAM LANSING TAYLOR,4
Summit,HEW23:32,Governor,,,TOM TOMENY WILLIAM LANSING TAYLOR,0
Summit,HOYT18:10,Governor,,,TOM TOMENY WILLIAM LANSING TAYLOR,1
Summit,IFOR49:10,Governor,,,TOM TOMENY WILLIAM LANSING TAYLOR,0
Summit,JERE37:32,Governor,,,TOM TOMENY WILLIAM LANSING TAYLOR,0
Summit,JERW27:32,Governor,,,TOM TOMENY WILLIAM LANSING TAYLOR,2
Summit,KAMN12:10,Governor,,,TOM TOMENY WILLIAM LANSING TAYLOR,2
Summit,KAMS12:25,Governor,,,TOM TOMENY WILLIAM LANSING TAYLOR,2
Summit,KCYN43:32,Governor,,,TOM TOMENY WILLIAM LANSING TAYLOR,0
Summit,LPNE9:15,Governor,,,TOM TOMENY WILLIAM LANSING TAYLOR,0
Summit,LPNW9:3,Governor,,,TOM TOMENY WILLIAM LANSING TAYLOR,0
Summit,MHW40:32,Governor,,,TOM TOMENY WILLIAM LANSING TAYLOR,0
Summit,MTCR59:10,Governor,,,TOM TOMENY WILLIAM LANSING TAYLOR,0
Summit,MTRS55:25,Governor,,,TOM TOMENY WILLIAM LANSING TAYLOR,0
Summit,NSN24:10,Governor,,,TOM TOMENY WILLIAM LANSING TAYLOR,0
Summit,OAKN14:10,Governor,,,TOM TOMENY WILLIAM LANSING TAYLOR,0
Summit,OAKS14:25,Governor,,,TOM TOMENY WILLIAM LANSING TAYLOR,0
Summit,OLDN32:1,Governor,,,TOM TOMENY WILLIAM LANSING TAYLOR,2
Summit,OLDS2:1,Governor,,,TOM TOMENY WILLIAM LANSING TAYLOR,0
Summit,PARS7:25,Governor,,,TOM TOMENY WILLIAM LANSING TAYLOR,0
Summit,PARW7:32,Governor,,,TOM TOMENY WILLIAM LANSING TAYLOR,1
Summit,PEOA15:20,Governor,,,TOM TOMENY WILLIAM LANSING TAYLOR,0
Summit,PEW51:10,Governor,,,TOM TOMENY WILLIAM LANSING TAYLOR,0
Summit,PEW51:NS5,Governor,,,TOM TOMENY WILLIAM LANSING TAYLOR,0
Summit,PINN39:32,Governor,,,TOM TOMENY WILLIAM LANSING TAYLOR,0
Summit,PKMN35:1,Governor,,,TOM TOMENY WILLIAM LANSING TAYLOR,0
Summit,PKMS5:1,Governor,,,TOM TOMENY WILLIAM LANSING TAYLOR,0
Summit,PRG45:32,Governor,,,TOM TOMENY WILLIAM LANSING TAYLOR,0
Summit,PRG45:S4A,Governor,,,TOM TOMENY WILLIAM LANSING TAYLOR,0
Summit,PRG45:S4B,Governor,,,TOM TOMENY WILLIAM LANSING TAYLOR,0
Summit,PRG45:S4C,Governor,,,TOM TOMENY WILLIAM LANSING TAYLOR,0
Summit,PRM48:10,Governor,,,TOM TOMENY WILLIAM LANSING TAYLOR,0
Summit,PRM48:N5A,Governor,,,TOM TOMENY WILLIAM LANSING TAYLOR,0
Summit,PRM48:N5B,Governor,,,TOM TOMENY WILLIAM LANSING TAYLOR,0
Summit,PROS3:1,Governor,,,TOM TOMENY WILLIAM LANSING TAYLOR,1
Summit,QUAR6:1,Governor,,,TOM TOMENY WILLIAM LANSING TAYLOR,0
Summit,RANS36:32,Governor,,,TOM TOMENY WILLIAM LANSING TAYLOR,0
Summit,RNDV47:10,Governor,,,TOM TOMENY WILLIAM LANSING TAYLOR,0
Summit,ROCP54:10,Governor,,,TOM TOMENY WILLIAM LANSING TAYLOR,0
Summit,ROCP54:S4,Governor,,,TOM TOMENY WILLIAM LANSING TAYLOR,0
Summit,RPL26:32,Governor,,,TOM TOMENY WILLIAM LANSING TAYLOR,0
Summit,SCRL44:31,Governor,,,TOM TOMENY WILLIAM LANSING TAYLOR,0
Summit,SCRU8:31,Governor,,,TOM TOMENY WILLIAM LANSING TAYLOR,1
Summit,SCRU8:NS5,Governor,,,TOM TOMENY WILLIAM LANSING TAYLOR,0
Summit,SFCC57:10,Governor,,,TOM TOMENY WILLIAM LANSING TAYLOR,0
Summit,SIDE33:1,Governor,,,TOM TOMENY WILLIAM LANSING TAYLOR,0
Summit,SLVR16:32,Governor,,,TOM TOMENY WILLIAM LANSING TAYLOR,1
Summit,SML42:32,Governor,,,TOM TOMENY WILLIAM LANSING TAYLOR,1
Summit,SSE13:20,Governor,,,TOM TOMENY WILLIAM LANSING TAYLOR,0
Summit,SSS11:20,Governor,,,TOM TOMENY WILLIAM LANSING TAYLOR,0
Summit,SSW22:20,Governor,,,TOM TOMENY WILLIAM LANSING TAYLOR,2
Summit,SUME30:32,Governor,,,TOM TOMENY WILLIAM LANSING TAYLOR,0
Summit,SUMW10:32,Governor,,,TOM TOMENY WILLIAM LANSING TAYLOR,0
Summit,THAY4:1,Governor,,,TOM TOMENY WILLIAM LANSING TAYLOR,0
Summit,UINT52:10,Governor,,,TOM TOMENY WILLIAM LANSING TAYLOR,0
Summit,UPIN41:32,Governor,,,TOM TOMENY WILLIAM LANSING TAYLOR,0
Summit,WAGN29:32,Governor,,,TOM TOMENY WILLIAM LANSING TAYLOR,0
Summit,WANE17:10,Governor,,,TOM TOMENY WILLIAM LANSING TAYLOR,2
Summit,WANE17:S4,Governor,,,TOM TOMENY WILLIAM LANSING TAYLOR,0
Summit,WNW17:2,Governor,,,TOM TOMENY WILLIAM LANSING TAYLOR,1
Summit,WNW17:P4A,Governor,,,TOM TOMENY WILLIAM LANSING TAYLOR,0
Summit,WNW17:P4B,Governor,,,TOM TOMENY WILLIAM LANSING TAYLOR,0
Summit,WEBC21:20,Governor,,,TOM TOMENY WILLIAM LANSING TAYLOR,0
Summit,BTNN34:25,Governor,,,PHIL LYMAN NATALIE CLAWSON,13
Summit,BTNS34:10,Governor,,,PHIL LYMAN NATALIE CLAWSON,9
Summit,CCRK20:10,Governor,,,PHIL LYMAN NATALIE CLAWSON,46
Summit,CLN19:10,Governor,,,PHIL LYMAN NATALIE CLAWSON,55
Summit,CLS19:25,Governor,,,PHIL LYMAN NATALIE CLAWSON,59
Summit,COLN56:10,Governor,,,PHIL LYMAN NATALIE CLAWSON,0
Summit,DVN1:1,Governor,,,PHIL LYMAN NATALIE CLAWSON,27
Summit,DVS31:1,Governor,,,PHIL LYMAN NATALIE CLAWSON,11
Summit,ECOR46:10,Governor,,,PHIL LYMAN NATALIE CLAWSON,0
Summit,ECOR46:50,Governor,,,PHIL LYMAN NATALIE CLAWSON,0
Summit,FRAE28:25,Governor,,,PHIL LYMAN NATALIE CLAWSON,46
Summit,FRAW28:10,Governor,,,PHIL LYMAN NATALIE CLAWSON,100
Summit,GARF58:10,Governor,,,PHIL LYMAN NATALIE CLAWSON,0
Summit,HEE38:32,Governor,,,PHIL LYMAN NATALIE CLAWSON,28
Summit,HEN25:1,Governor,,,PHIL LYMAN NATALIE CLAWSON,107
Summit,HEW23:32,Governor,,,PHIL LYMAN NATALIE CLAWSON,34
Summit,HOYT18:10,Governor,,,PHIL LYMAN NATALIE CLAWSON,95
Summit,IFOR49:10,Governor,,,PHIL LYMAN NATALIE CLAWSON,0
Summit,JERE37:32,Governor,,,PHIL LYMAN NATALIE CLAWSON,36
Summit,JERW27:32,Governor,,,PHIL LYMAN NATALIE CLAWSON,37
Summit,KAMN12:10,Governor,,,PHIL LYMAN NATALIE CLAWSON,79
Summit,KAMS12:25,Governor,,,PHIL LYMAN NATALIE CLAWSON,66
Summit,KCYN43:32,Governor,,,PHIL LYMAN NATALIE CLAWSON,13
Summit,LPNE9:15,Governor,,,PHIL LYMAN NATALIE CLAWSON,14
Summit,LPNW9:3,Governor,,,PHIL LYMAN NATALIE CLAWSON,29
Summit,MHW40:32,Governor,,,PHIL LYMAN NATALIE CLAWSON,46
Summit,MTCR59:10,Governor,,,PHIL LYMAN NATALIE CLAWSON,0
Summit,MTRS55:25,Governor,,,PHIL LYMAN NATALIE CLAWSON,4
Summit,NSN24:10,Governor,,,PHIL LYMAN NATALIE CLAWSON,43
Summit,OAKN14:10,Governor,,,PHIL LYMAN NATALIE CLAWSON,54
Summit,OAKS14:25,Governor,,,PHIL LYMAN NATALIE CLAWSON,69
Summit,OLDN32:1,Governor,,,PHIL LYMAN NATALIE CLAWSON,11
Summit,OLDS2:1,Governor,,,PHIL LYMAN NATALIE CLAWSON,8
Summit,PARS7:25,Governor,,,PHIL LYMAN NATALIE CLAWSON,13
Summit,PARW7:32,Governor,,,PHIL LYMAN NATALIE CLAWSON,16
Summit,PEOA15:20,Governor,,,PHIL LYMAN NATALIE CLAWSON,38
Summit,PEW51:10,Governor,,,PHIL LYMAN NATALIE CLAWSON,3
Summit,PEW51:NS5,Governor,,,PHIL LYMAN NATALIE CLAWSON,0
Summit,PINN39:32,Governor,,,PHIL LYMAN NATALIE CLAWSON,33
Summit,PKMN35:1,Governor,,,PHIL LYMAN NATALIE CLAWSON,24
Summit,PKMS5:1,Governor,,,PHIL LYMAN NATALIE CLAWSON,11
Summit,PRG45:32,Governor,,,PHIL LYMAN NATALIE CLAWSON,6
Summit,PRG45:S4A,Governor,,,PHIL LYMAN NATALIE CLAWSON,0
Summit,PRG45:S4B,Governor,,,PHIL LYMAN NATALIE CLAWSON,0
Summit,PRG45:S4C,Governor,,,PHIL LYMAN NATALIE CLAWSON,0
Summit,PRM48:10,Governor,,,PHIL LYMAN NATALIE CLAWSON,17
Summit,PRM48:N5A,Governor,,,PHIL LYMAN NATALIE CLAWSON,1
Summit,PRM48:N5B,Governor,,,PHIL LYMAN NATALIE CLAWSON,0
Summit,PROS3:1,Governor,,,PHIL LYMAN NATALIE CLAWSON,10
Summit,QUAR6:1,Governor,,,PHIL LYMAN NATALIE CLAWSON,12
Summit,RANS36:32,Governor,,,PHIL LYMAN NATALIE CLAWSON,6
Summit,RNDV47:10,Governor,,,PHIL LYMAN NATALIE CLAWSON,0
Summit,ROCP54:10,Governor,,,PHIL LYMAN NATALIE CLAWSON,7
Summit,ROCP54:S4,Governor,,,PHIL LYMAN NATALIE CLAWSON,0
Summit,RPL26:32,Governor,,,PHIL LYMAN NATALIE CLAWSON,20
Summit,SCRL44:31,Governor,,,PHIL LYMAN NATALIE CLAWSON,32
Summit,SCRU8:31,Governor,,,PHIL LYMAN NATALIE CLAWSON,42
Summit,SCRU8:NS5,Governor,,,PHIL LYMAN NATALIE CLAWSON,2
Summit,SFCC57:10,Governor,,,PHIL LYMAN NATALIE CLAWSON,0
Summit,SIDE33:1,Governor,,,PHIL LYMAN NATALIE CLAWSON,11
Summit,SLVR16:32,Governor,,,PHIL LYMAN NATALIE CLAWSON,38
Summit,SML42:32,Governor,,,PHIL LYMAN NATALIE CLAWSON,24
Summit,SSE13:20,Governor,,,PHIL LYMAN NATALIE CLAWSON,84
Summit,SSS11:20,Governor,,,PHIL LYMAN NATALIE CLAWSON,82
Summit,SSW22:20,Governor,,,PHIL LYMAN NATALIE CLAWSON,64
Summit,SUME30:32,Governor,,,PHIL LYMAN NATALIE CLAWSON,27
Summit,SUMW10:32,Governor,,,PHIL LYMAN NATALIE CLAWSON,19
Summit,THAY4:1,Governor,,,PHIL LYMAN NATALIE CLAWSON,14
Summit,UINT52:10,Governor,,,PHIL LYMAN NATALIE CLAWSON,0
Summit,UPIN41:32,Governor,,,PHIL LYMAN NATALIE CLAWSON,27
Summit,WAGN29:32,Governor,,,PHIL LYMAN NATALIE CLAWSON,12
Summit,WANE17:10,Governor,,,PHIL LYMAN NATALIE CLAWSON,49
Summit,WANE17:S4,Governor,,,PHIL LYMAN NATALIE CLAWSON,0
Summit,WNW17:2,Governor,,,PHIL LYMAN NATALIE CLAWSON,29
Summit,WNW17:P4A,Governor,,,PHIL LYMAN NATALIE CLAWSON,0
Summit,WNW17:P4B,Governor,,,PHIL LYMAN NATALIE CLAWSON,0
Summit,WEBC21:20,Governor,,,PHIL LYMAN NATALIE CLAWSON,35
Summit,BTNN34:25,Governor,,,CHARLIE TAUTUAA SYLVIA MIERA FISK,0
Summit,BTNS34:10,Governor,,,CHARLIE TAUTUAA SYLVIA MIERA FISK,0
Summit,CCRK20:10,Governor,,,CHARLIE TAUTUAA SYLVIA MIERA FISK,0
Summit,CLN19:10,Governor,,,CHARLIE TAUTUAA SYLVIA MIERA FISK,0
Summit,CLS19:25,Governor,,,CHARLIE TAUTUAA SYLVIA MIERA FISK,0
Summit,COLN56:10,Governor,,,CHARLIE TAUTUAA SYLVIA MIERA FISK,0
Summit,DVN1:1,Governor,,,CHARLIE TAUTUAA SYLVIA MIERA FISK,0
Summit,DVS31:1,Governor,,,CHARLIE TAUTUAA SYLVIA MIERA FISK,0
Summit,ECOR46:10,Governor,,,CHARLIE TAUTUAA SYLVIA MIERA FISK,0
Summit,ECOR46:50,Governor,,,CHARLIE TAUTUAA SYLVIA MIERA FISK,0
Summit,FRAE28:25,Governor,,,CHARLIE TAUTUAA SYLVIA MIERA FISK,0
Summit,FRAW28:10,Governor,,,CHARLIE TAUTUAA SYLVIA MIERA FISK,0
Summit,GARF58:10,Governor,,,CHARLIE TAUTUAA SYLVIA MIERA FISK,0
Summit,HEE38:32,Governor,,,CHARLIE TAUTUAA SYLVIA MIERA FISK,0
Summit,HEN25:1,Governor,,,CHARLIE TAUTUAA SYLVIA MIERA FISK,3
Summit,HEW23:32,Governor,,,CHARLIE TAUTUAA SYLVIA MIERA FISK,0
Summit,HOYT18:10,Governor,,,CHARLIE TAUTUAA SYLVIA MIERA FISK,0
Summit,IFOR49:10,Governor,,,CHARLIE TAUTUAA SYLVIA MIERA FISK,0
Summit,JERE37:32,Governor,,,CHARLIE TAUTUAA SYLVIA MIERA FISK,0
Summit,JERW27:32,Governor,,,CHARLIE TAUTUAA SYLVIA MIERA FISK,0
Summit,KAMN12:10,Governor,,,CHARLIE TAUTUAA SYLVIA MIERA FISK,0
Summit,KAMS12:25,Governor,,,CHARLIE TAUTUAA SYLVIA MIERA FISK,0
Summit,KCYN43:32,Governor,,,CHARLIE TAUTUAA SYLVIA MIERA FISK,0
Summit,LPNE9:15,Governor,,,CHARLIE TAUTUAA SYLVIA MIERA FISK,0
Summit,LPNW9:3,Governor,,,CHARLIE TAUTUAA SYLVIA MIERA FISK,0
Summit,MHW40:32,Governor,,,CHARLIE TAUTUAA SYLVIA MIERA FISK,0
Summit,MTCR59:10,Governor,,,CHARLIE TAUTUAA SYLVIA MIERA FISK,0
Summit,MTRS55:25,Governor,,,CHARLIE TAUTUAA SYLVIA MIERA FISK,0
Summit,NSN24:10,Governor,,,CHARLIE TAUTUAA SYLVIA MIERA FISK,0
Summit,OAKN14:10,Governor,,,CHARLIE TAUTUAA SYLVIA MIERA FISK,0
Summit,OAKS14:25,Governor,,,CHARLIE TAUTUAA SYLVIA MIERA FISK,0
Summit,OLDN32:1,Governor,,,CHARLIE TAUTUAA SYLVIA MIERA FISK,0
Summit,OLDS2:1,Governor,,,CHARLIE TAUTUAA SYLVIA MIERA FISK,0
Summit,PARS7:25,Governor,,,CHARLIE TAUTUAA SYLVIA MIERA FISK,1
Summit,PARW7:32,Governor,,,CHARLIE TAUTUAA SYLVIA MIERA FISK,0
Summit,PEOA15:20,Governor,,,CHARLIE TAUTUAA SYLVIA MIERA FISK,0
Summit,PEW51:10,Governor,,,CHARLIE TAUTUAA SYLVIA MIERA FISK,0
Summit,PEW51:NS5,Governor,,,CHARLIE TAUTUAA SYLVIA MIERA FISK,0
Summit,PINN39:32,Governor,,,CHARLIE TAUTUAA SYLVIA MIERA FISK,0
Summit,PKMN35:1,Governor,,,CHARLIE TAUTUAA SYLVIA MIERA FISK,0
Summit,PKMS5:1,Governor,,,CHARLIE TAUTUAA SYLVIA MIERA FISK,1
Summit,PRG45:32,Governor,,,CHARLIE TAUTUAA SYLVIA MIERA FISK,0
Summit,PRG45:S4A,Governor,,,CHARLIE TAUTUAA SYLVIA MIERA FISK,0
Summit,PRG45:S4B,Governor,,,CHARLIE TAUTUAA SYLVIA MIERA FISK,0
Summit,PRG45:S4C,Governor,,,CHARLIE TAUTUAA SYLVIA MIERA FISK,0
Summit,PRM48:10,Governor,,,CHARLIE TAUTUAA SYLVIA MIERA FISK,0
Summit,PRM48:N5A,Governor,,,CHARLIE TAUTUAA SYLVIA MIERA FISK,0
Summit,PRM48:N5B,Governor,,,CHARLIE TAUTUAA SYLVIA MIERA FISK,0
Summit,PROS3:1,Governor,,,CHARLIE TAUTUAA SYLVIA MIERA FISK,0
Summit,QUAR6:1,Governor,,,CHARLIE TAUTUAA SYLVIA MIERA FISK,0
Summit,RANS36:32,Governor,,,CHARLIE TAUTUAA SYLVIA MIERA FISK,0
Summit,RNDV47:10,Governor,,,CHARLIE TAUTUAA SYLVIA MIERA FISK,0
Summit,ROCP54:10,Governor,,,CHARLIE TAUTUAA SYLVIA MIERA FISK,0
Summit,ROCP54:S4,Governor,,,CHARLIE TAUTUAA SYLVIA MIERA FISK,0
Summit,RPL26:32,Governor,,,CHARLIE TAUTUAA SYLVIA MIERA FISK,0
Summit,SCRL44:31,Governor,,,CHARLIE TAUTUAA SYLVIA MIERA FISK,0
Summit,SCRU8:31,Governor,,,CHARLIE TAUTUAA SYLVIA MIERA FISK,0
Summit,SCRU8:NS5,Governor,,,CHARLIE TAUTUAA SYLVIA MIERA FISK,0
Summit,SFCC57:10,Governor,,,CHARLIE TAUTUAA SYLVIA MIERA FISK,0
Summit,SIDE33:1,Governor,,,CHARLIE TAUTUAA SYLVIA MIERA FISK,0
Summit,SLVR16:32,Governor,,,CHARLIE TAUTUAA SYLVIA MIERA FISK,0
Summit,SML42:32,Governor,,,CHARLIE TAUTUAA SYLVIA MIERA FISK,0
Summit,SSE13:20,Governor,,,CHARLIE TAUTUAA SYLVIA MIERA FISK,0
Summit,SSS11:20,Governor,,,CHARLIE TAUTUAA SYLVIA MIERA FISK,0
Summit,SSW22:20,Governor,,,CHARLIE TAUTUAA SYLVIA MIERA FISK,0
Summit,SUME30:32,Governor,,,CHARLIE TAUTUAA SYLVIA MIERA FISK,0
Summit,SUMW10:32,Governor,,,CHARLIE TAUTUAA SYLVIA MIERA FISK,0
Summit,THAY4:1,Governor,,,CHARLIE TAUTUAA SYLVIA MIERA FISK,0
Summit,UINT52:10,Governor,,,CHARLIE TAUTUAA SYLVIA MIERA FISK,0
Summit,UPIN41:32,Governor,,,CHARLIE TAUTUAA SYLVIA MIERA FISK,0
Summit,WAGN29:32,Governor,,,CHARLIE TAUTUAA SYLVIA MIERA FISK,0
Summit,WANE17:10,Governor,,,CHARLIE TAUTUAA SYLVIA MIERA FISK,0
Summit,WANE17:S4,Governor,,,CHARLIE TAUTUAA SYLVIA MIERA FISK,0
Summit,WNW17:2,Governor,,,CHARLIE TAUTUAA SYLVIA MIERA FISK,0
Summit,WNW17:P4A,Governor,,,CHARLIE TAUTUAA SYLVIA MIERA FISK,0
Summit,WNW17:P4B,Governor,,,CHARLIE TAUTUAA SYLVIA MIERA FISK,0
Summit,WEBC21:20,Governor,,,CHARLIE TAUTUAA SYLVIA MIERA FISK,0
Summit,BTNN34:25,Attorney General,,REP,DEREK BROWN,197
Summit,BTNS34:10,Attorney General,,REP,DEREK BROWN,95
Summit,CCRK20:10,Attorney General,,REP,DEREK BROWN,204
Summit,CLN19:10,Attorney General,,REP,DEREK BROWN,267
Summit,CLS19:25,Attorney General,,REP,DEREK BROWN,253
Summit,COLN56:10,Attorney General,,REP,DEREK BROWN,0
Summit,DVN1:1,Attorney General,,REP,DEREK BROWN,265
Summit,DVS31:1,Attorney General,,REP,DEREK BROWN,207
Summit,ECOR46:10,Attorney General,,REP,DEREK BROWN,0
Summit,ECOR46:50,Attorney General,,REP,DEREK BROWN,0
Summit,FRAE28:25,Attorney General,,REP,DEREK BROWN,251
Summit,FRAW28:10,Attorney General,,REP,DEREK BROWN,388
Summit,GARF58:10,Attorney General,,REP,DEREK BROWN,0
Summit,HEE38:32,Attorney General,,REP,DEREK BROWN,168
Summit,HEN25:1,Attorney General,,REP,DEREK BROWN,369
Summit,HEW23:32,Attorney General,,REP,DEREK BROWN,207
Summit,HOYT18:10,Attorney General,,REP,DEREK BROWN,397
Summit,IFOR49:10,Attorney General,,REP,DEREK BROWN,0
Summit,JERE37:32,Attorney General,,REP,DEREK BROWN,234
Summit,JERW27:32,Attorney General,,REP,DEREK BROWN,262
Summit,KAMN12:10,Attorney General,,REP,DEREK BROWN,312
Summit,KAMS12:25,Attorney General,,REP,DEREK BROWN,267
Summit,KCYN43:32,Attorney General,,REP,DEREK BROWN,87
Summit,LPNE9:15,Attorney General,,REP,DEREK BROWN,126
Summit,LPNW9:3,Attorney General,,REP,DEREK BROWN,140
Summit,MHW40:32,Attorney General,,REP,DEREK BROWN,238
Summit,MTCR59:10,Attorney General,,REP,DEREK BROWN,0
Summit,MTRS55:25,Attorney General,,REP,DEREK BROWN,89
Summit,NSN24:10,Attorney General,,REP,DEREK BROWN,160
Summit,OAKN14:10,Attorney General,,REP,DEREK BROWN,246
Summit,OAKS14:25,Attorney General,,REP,DEREK BROWN,295
Summit,OLDN32:1,Attorney General,,REP,DEREK BROWN,93
Summit,OLDS2:1,Attorney General,,REP,DEREK BROWN,47
Summit,PARS7:25,Attorney General,,REP,DEREK BROWN,106
Summit,PARW7:32,Attorney General,,REP,DEREK BROWN,278
Summit,PEOA15:20,Attorney General,,REP,DEREK BROWN,131
Summit,PEW51:10,Attorney General,,REP,DEREK BROWN,13
Summit,PEW51:NS5,Attorney General,,REP,DEREK BROWN,0
Summit,PINN39:32,Attorney General,,REP,DEREK BROWN,170
Summit,PKMN35:1,Attorney General,,REP,DEREK BROWN,270
Summit,PKMS5:1,Attorney General,,REP,DEREK BROWN,127
Summit,PRG45:32,Attorney General,,REP,DEREK BROWN,140
Summit,PRG45:S4A,Attorney General,,REP,DEREK BROWN,0
Summit,PRG45:S4B,Attorney General,,REP,DEREK BROWN,0
Summit,PRG45:S4C,Attorney General,,REP,DEREK BROWN,0
Summit,PRM48:10,Attorney General,,REP,DEREK BROWN,373
Summit,PRM48:N5A,Attorney General,,REP,DEREK BROWN,12
Summit,PRM48:N5B,Attorney General,,REP,DEREK BROWN,0
Summit,PROS3:1,Attorney General,,REP,DEREK BROWN,91
Summit,QUAR6:1,Attorney General,,REP,DEREK BROWN,200
Summit,RANS36:32,Attorney General,,REP,DEREK BROWN,89
Summit,RNDV47:10,Attorney General,,REP,DEREK BROWN,0
Summit,ROCP54:10,Attorney General,,REP,DEREK BROWN,37
Summit,ROCP54:S4,Attorney General,,REP,DEREK BROWN,0
Summit,RPL26:32,Attorney General,,REP,DEREK BROWN,194
Summit,SCRL44:31,Attorney General,,REP,DEREK BROWN,181
Summit,SCRU8:31,Attorney General,,REP,DEREK BROWN,127
Summit,SCRU8:NS5,Attorney General,,REP,DEREK BROWN,13
Summit,SFCC57:10,Attorney General,,REP,DEREK BROWN,0
Summit,SIDE33:1,Attorney General,,REP,DEREK BROWN,75
Summit,SLVR16:32,Attorney General,,REP,DEREK BROWN,182
Summit,SML42:32,Attorney General,,REP,DEREK BROWN,203
Summit,SSE13:20,Attorney General,,REP,DEREK BROWN,244
Summit,SSS11:20,Attorney General,,REP,DEREK BROWN,233
Summit,SSW22:20,Attorney General,,REP,DEREK BROWN,224
Summit,SUME30:32,Attorney General,,REP,DEREK BROWN,125
Summit,SUMW10:32,Attorney General,,REP,DEREK BROWN,82
Summit,THAY4:1,Attorney General,,REP,DEREK BROWN,145
Summit,UINT52:10,Attorney General,,REP,DEREK BROWN,0
Summit,UPIN41:32,Attorney General,,REP,DEREK BROWN,127
Summit,WAGN29:32,Attorney General,,REP,DEREK BROWN,96
Summit,WANE17:10,Attorney General,,REP,DEREK BROWN,292
Summit,WANE17:S4,Attorney General,,REP,DEREK BROWN,0
Summit,WNW17:2,Attorney General,,REP,DEREK BROWN,102
Summit,WNW17:P4A,Attorney General,,REP,DEREK BROWN,0
Summit,WNW17:P4B,Attorney General,,REP,DEREK BROWN,0
Summit,WEBC21:20,Attorney General,,REP,DEREK BROWN,132
Summit,BTNN34:25,Attorney General,,DEM,RUDY J BAUTISTA,198
Summit,BTNS34:10,Attorney General,,DEM,RUDY J BAUTISTA,193
Summit,CCRK20:10,Attorney General,,DEM,RUDY J BAUTISTA,34
Summit,CLN19:10,Attorney General,,DEM,RUDY J BAUTISTA,98
Summit,CLS19:25,Attorney General,,DEM,RUDY J BAUTISTA,41
Summit,COLN56:10,Attorney General,,DEM,RUDY J BAUTISTA,0
Summit,DVN1:1,Attorney General,,DEM,RUDY J BAUTISTA,451
Summit,DVS31:1,Attorney General,,DEM,RUDY J BAUTISTA,300
Summit,ECOR46:10,Attorney General,,DEM,RUDY J BAUTISTA,0
Summit,ECOR46:50,Attorney General,,DEM,RUDY J BAUTISTA,0
Summit,FRAE28:25,Attorney General,,DEM,RUDY J BAUTISTA,70
Summit,FRAW28:10,Attorney General,,DEM,RUDY J BAUTISTA,179
Summit,GARF58:10,Attorney General,,DEM,RUDY J BAUTISTA,0
Summit,HEE38:32,Attorney General,,DEM,RUDY J BAUTISTA,394
Summit,HEN25:1,Attorney General,,DEM,RUDY J BAUTISTA,44
Summit,HEW23:32,Attorney General,,DEM,RUDY J BAUTISTA,331
Summit,HOYT18:10,Attorney General,,DEM,RUDY J BAUTISTA,94
Summit,IFOR49:10,Attorney General,,DEM,RUDY J BAUTISTA,0
Summit,JERE37:32,Attorney General,,DEM,RUDY J BAUTISTA,359
Summit,JERW27:32,Attorney General,,DEM,RUDY J BAUTISTA,305
Summit,KAMN12:10,Attorney General,,DEM,RUDY J BAUTISTA,190
Summit,KAMS12:25,Attorney General,,DEM,RUDY J BAUTISTA,135
Summit,KCYN43:32,Attorney General,,DEM,RUDY J BAUTISTA,104
Summit,LPNE9:15,Attorney General,,DEM,RUDY J BAUTISTA,279
Summit,LPNW9:3,Attorney General,,DEM,RUDY J BAUTISTA,273
Summit,MHW40:32,Attorney General,,DEM,RUDY J BAUTISTA,335
Summit,MTCR59:10,Attorney General,,DEM,RUDY J BAUTISTA,0
Summit,MTRS55:25,Attorney General,,DEM,RUDY J BAUTISTA,81
Summit,NSN24:10,Attorney General,,DEM,RUDY J BAUTISTA,20
Summit,OAKN14:10,Attorney General,,DEM,RUDY J BAUTISTA,97
Summit,OAKS14:25,Attorney General,,DEM,RUDY J BAUTISTA,133
Summit,OLDN32:1,Attorney General,,DEM,RUDY J BAUTISTA,204
Summit,OLDS2:1,Attorney General,,DEM,RUDY J BAUTISTA,122
Summit,PARS7:25,Attorney General,,DEM,RUDY J BAUTISTA,136
Summit,PARW7:32,Attorney General,,DEM,RUDY J BAUTISTA,443
Summit,PEOA15:20,Attorney General,,DEM,RUDY J BAUTISTA,44
Summit,PEW51:10,Attorney General,,DEM,RUDY J BAUTISTA,13
Summit,PEW51:NS5,Attorney General,,DEM,RUDY J BAUTISTA,0
Summit,PINN39:32,Attorney General,,DEM,RUDY J BAUTISTA,352
Summit,PKMN35:1,Attorney General,,DEM,RUDY J BAUTISTA,386
Summit,PKMS5:1,Attorney General,,DEM,RUDY J BAUTISTA,328
Summit,PRG45:32,Attorney General,,DEM,RUDY J BAUTISTA,76
Summit,PRG45:S4A,Attorney General,,DEM,RUDY J BAUTISTA,0
Summit,PRG45:S4B,Attorney General,,DEM,RUDY J BAUTISTA,0
Summit,PRG45:S4C,Attorney General,,DEM,RUDY J BAUTISTA,0
Summit,PRM48:10,Attorney General,,DEM,RUDY J BAUTISTA,330
Summit,PRM48:N5A,Attorney General,,DEM,RUDY J BAUTISTA,3
Summit,PRM48:N5B,Attorney General,,DEM,RUDY J BAUTISTA,0
Summit,PROS3:1,Attorney General,,DEM,RUDY J BAUTISTA,198
Summit,QUAR6:1,Attorney General,,DEM,RUDY J BAUTISTA,321
Summit,RANS36:32,Attorney General,,DEM,RUDY J BAUTISTA,140
Summit,RNDV47:10,Attorney General,,DEM,RUDY J BAUTISTA,0
Summit,ROCP54:10,Attorney General,,DEM,RUDY J BAUTISTA,38
Summit,ROCP54:S4,Attorney General,,DEM,RUDY J BAUTISTA,0
Summit,RPL26:32,Attorney General,,DEM,RUDY J BAUTISTA,384
Summit,SCRL44:31,Attorney General,,DEM,RUDY J BAUTISTA,228
Summit,SCRU8:31,Attorney General,,DEM,RUDY J BAUTISTA,148
Summit,SCRU8:NS5,Attorney General,,DEM,RUDY J BAUTISTA,10
Summit,SFCC57:10,Attorney General,,DEM,RUDY J BAUTISTA,0
Summit,SIDE33:1,Attorney General,,DEM,RUDY J BAUTISTA,240
Summit,SLVR16:32,Attorney General,,DEM,RUDY J BAUTISTA,377
Summit,SML42:32,Attorney General,,DEM,RUDY J BAUTISTA,331
Summit,SSE13:20,Attorney General,,DEM,RUDY J BAUTISTA,162
Summit,SSS11:20,Attorney General,,DEM,RUDY J BAUTISTA,78
Summit,SSW22:20,Attorney General,,DEM,RUDY J BAUTISTA,70
Summit,SUME30:32,Attorney General,,DEM,RUDY J BAUTISTA,441
Summit,SUMW10:32,Attorney General,,DEM,RUDY J BAUTISTA,330
Summit,THAY4:1,Attorney General,,DEM,RUDY J BAUTISTA,238
Summit,UINT52:10,Attorney General,,DEM,RUDY J BAUTISTA,0
Summit,UPIN41:32,Attorney General,,DEM,RUDY J BAUTISTA,157
Summit,WAGN29:32,Attorney General,,DEM,RUDY J BAUTISTA,191
Summit,WANE17:10,Attorney General,,DEM,RUDY J BAUTISTA,133
Summit,WANE17:S4,Attorney General,,DEM,RUDY J BAUTISTA,0
Summit,WNW17:2,Attorney General,,DEM,RUDY J BAUTISTA,167
Summit,WNW17:P4A,Attorney General,,DEM,RUDY J BAUTISTA,0
Summit,WNW17:P4B,Attorney General,,DEM,RUDY J BAUTISTA,0
Summit,WEBC21:20,Attorney General,,DEM,RUDY J BAUTISTA,91
Summit,BTNN34:25,Attorney General,,LIB,W. ANDREW MCCULLOUGH,13
Summit,BTNS34:10,Attorney General,,LIB,W. ANDREW MCCULLOUGH,21
Summit,CCRK20:10,Attorney General,,LIB,W. ANDREW MCCULLOUGH,8
Summit,CLN19:10,Attorney General,,LIB,W. ANDREW MCCULLOUGH,21
Summit,CLS19:25,Attorney General,,LIB,W. ANDREW MCCULLOUGH,14
Summit,COLN56:10,Attorney General,,LIB,W. ANDREW MCCULLOUGH,0
Summit,DVN1:1,Attorney General,,LIB,W. ANDREW MCCULLOUGH,18
Summit,DVS31:1,Attorney General,,LIB,W. ANDREW MCCULLOUGH,16
Summit,ECOR46:10,Attorney General,,LIB,W. ANDREW MCCULLOUGH,0
Summit,ECOR46:50,Attorney General,,LIB,W. ANDREW MCCULLOUGH,0
Summit,FRAE28:25,Attorney General,,LIB,W. ANDREW MCCULLOUGH,11
Summit,FRAW28:10,Attorney General,,LIB,W. ANDREW MCCULLOUGH,22
Summit,GARF58:10,Attorney General,,LIB,W. ANDREW MCCULLOUGH,0
Summit,HEE38:32,Attorney General,,LIB,W. ANDREW MCCULLOUGH,35
Summit,HEN25:1,Attorney General,,LIB,W. ANDREW MCCULLOUGH,9
Summit,HEW23:32,Attorney General,,LIB,W. ANDREW MCCULLOUGH,16
Summit,HOYT18:10,Attorney General,,LIB,W. ANDREW MCCULLOUGH,15
Summit,IFOR49:10,Attorney General,,LIB,W. ANDREW MCCULLOUGH,0
Summit,JERE37:32,Attorney General,,LIB,W. ANDREW MCCULLOUGH,20
Summit,JERW27:32,Attorney General,,LIB,W. ANDREW MCCULLOUGH,23
Summit,KAMN12:10,Attorney General,,LIB,W. ANDREW MCCULLOUGH,19
Summit,KAMS12:25,Attorney General,,LIB,W. ANDREW MCCULLOUGH,18
Summit,KCYN43:32,Attorney General,,LIB,W. ANDREW MCCULLOUGH,5
Summit,LPNE9:15,Attorney General,,LIB,W. ANDREW MCCULLOUGH,18
Summit,LPNW9:3,Attorney General,,LIB,W. ANDREW MCCULLOUGH,12
Summit,MHW40:32,Attorney General,,LIB,W. ANDREW MCCULLOUGH,9
Summit,MTCR59:10,Attorney General,,LIB,W. ANDREW MCCULLOUGH,0
Summit,MTRS55:25,Attorney General,,LIB,W. ANDREW MCCULLOUGH,1
Summit,NSN24:10,Attorney General,,LIB,W. ANDREW MCCULLOUGH,8
Summit,OAKN14:10,Attorney General,,LIB,W. ANDREW MCCULLOUGH,15
Summit,OAKS14:25,Attorney General,,LIB,W. ANDREW MCCULLOUGH,14
Summit,OLDN32:1,Attorney General,,LIB,W. ANDREW MCCULLOUGH,11
Summit,OLDS2:1,Attorney General,,LIB,W. ANDREW MCCULLOUGH,5
Summit,PARS7:25,Attorney General,,LIB,W. ANDREW MCCULLOUGH,12
Summit,PARW7:32,Attorney General,,LIB,W. ANDREW MCCULLOUGH,32
Summit,PEOA15:20,Attorney General,,LIB,W. ANDREW MCCULLOUGH,7
Summit,PEW51:10,Attorney General,,LIB,W. ANDREW MCCULLOUGH,1
Summit,PEW51:NS5,Attorney General,,LIB,W. ANDREW MCCULLOUGH,0
Summit,PINN39:32,Attorney General,,LIB,W. ANDREW MCCULLOUGH,17
Summit,PKMN35:1,Attorney General,,LIB,W. ANDREW MCCULLOUGH,21
Summit,PKMS5:1,Attorney General,,LIB,W. ANDREW MCCULLOUGH,7
Summit,PRG45:32,Attorney General,,LIB,W. ANDREW MCCULLOUGH,1
Summit,PRG45:S4A,Attorney General,,LIB,W. ANDREW MCCULLOUGH,0
Summit,PRG45:S4B,Attorney General,,LIB,W. ANDREW MCCULLOUGH,0
Summit,PRG45:S4C,Attorney General,,LIB,W. ANDREW MCCULLOUGH,0
Summit,PRM48:10,Attorney General,,LIB,W. ANDREW MCCULLOUGH,20
Summit,PRM48:N5A,Attorney General,,LIB,W. ANDREW MCCULLOUGH,0
Summit,PRM48:N5B,Attorney General,,LIB,W. ANDREW MCCULLOUGH,0
Summit,PROS3:1,Attorney General,,LIB,W. ANDREW MCCULLOUGH,16
Summit,QUAR6:1,Attorney General,,LIB,W. ANDREW MCCULLOUGH,17
Summit,RANS36:32,Attorney General,,LIB,W. ANDREW MCCULLOUGH,5
Summit,RNDV47:10,Attorney General,,LIB,W. ANDREW MCCULLOUGH,0
Summit,ROCP54:10,Attorney General,,LIB,W. ANDREW MCCULLOUGH,6
Summit,ROCP54:S4,Attorney General,,LIB,W. ANDREW MCCULLOUGH,0
Summit,RPL26:32,Attorney General,,LIB,W. ANDREW MCCULLOUGH,25
Summit,SCRL44:31,Attorney General,,LIB,W. ANDREW MCCULLOUGH,17
Summit,SCRU8:31,Attorney General,,LIB,W. ANDREW MCCULLOUGH,8
Summit,SCRU8:NS5,Attorney General,,LIB,W. ANDREW MCCULLOUGH,0
Summit,SFCC57:10,Attorney General,,LIB,W. ANDREW MCCULLOUGH,0
Summit,SIDE33:1,Attorney General,,LIB,W. ANDREW MCCULLOUGH,18
Summit,SLVR16:32,Attorney General,,LIB,W. ANDREW MCCULLOUGH,22
Summit,SML42:32,Attorney General,,LIB,W. ANDREW MCCULLOUGH,13
Summit,SSE13:20,Attorney General,,LIB,W. ANDREW MCCULLOUGH,16
Summit,SSS11:20,Attorney General,,LIB,W. ANDREW MCCULLOUGH,10
Summit,SSW22:20,Attorney General,,LIB,W. ANDREW MCCULLOUGH,18
Summit,SUME30:32,Attorney General,,LIB,W. ANDREW MCCULLOUGH,23
Summit,SUMW10:32,Attorney General,,LIB,W. ANDREW MCCULLOUGH,19
Summit,THAY4:1,Attorney General,,LIB,W. ANDREW MCCULLOUGH,17
Summit,UINT52:10,Attorney General,,LIB,W. ANDREW MCCULLOUGH,0
Summit,UPIN41:32,Attorney General,,LIB,W. ANDREW MCCULLOUGH,7
Summit,WAGN29:32,Attorney General,,LIB,W. ANDREW MCCULLOUGH,9
Summit,WANE17:10,Attorney General,,LIB,W. ANDREW MCCULLOUGH,24
Summit,WANE17:S4,Attorney General,,LIB,W. ANDREW MCCULLOUGH,0
Summit,WNW17:2,Attorney General,,LIB,W. ANDREW MCCULLOUGH,24
Summit,WNW17:P4A,Attorney General,,LIB,W. ANDREW MCCULLOUGH,0
Summit,WNW17:P4B,Attorney General,,LIB,W. ANDREW MCCULLOUGH,0
Summit,WEBC21:20,Attorney General,,LIB,W. ANDREW MCCULLOUGH,7
Summit,BTNN34:25,Attorney General,,,AUSTIN HEPWORTH,1
Summit,BTNS34:10,Attorney General,,,AUSTIN HEPWORTH,2
Summit,CCRK20:10,Attorney General,,,AUSTIN HEPWORTH,5
Summit,CLN19:10,Attorney General,,,AUSTIN HEPWORTH,9
Summit,CLS19:25,Attorney General,,,AUSTIN HEPWORTH,6
Summit,COLN56:10,Attorney General,,,AUSTIN HEPWORTH,0
Summit,DVN1:1,Attorney General,,,AUSTIN HEPWORTH,13
Summit,DVS31:1,Attorney General,,,AUSTIN HEPWORTH,2
Summit,ECOR46:10,Attorney General,,,AUSTIN HEPWORTH,0
Summit,ECOR46:50,Attorney General,,,AUSTIN HEPWORTH,0
Summit,FRAE28:25,Attorney General,,,AUSTIN HEPWORTH,9
Summit,FRAW28:10,Attorney General,,,AUSTIN HEPWORTH,13
Summit,GARF58:10,Attorney General,,,AUSTIN HEPWORTH,0
Summit,HEE38:32,Attorney General,,,AUSTIN HEPWORTH,10
Summit,HEN25:1,Attorney General,,,AUSTIN HEPWORTH,10
Summit,HEW23:32,Attorney General,,,AUSTIN HEPWORTH,6
Summit,HOYT18:10,Attorney General,,,AUSTIN HEPWORTH,12
Summit,IFOR49:10,Attorney General,,,AUSTIN HEPWORTH,0
Summit,JERE37:32,Attorney General,,,AUSTIN HEPWORTH,6
Summit,JERW27:32,Attorney General,,,AUSTIN HEPWORTH,8
Summit,KAMN12:10,Attorney General,,,AUSTIN HEPWORTH,13
Summit,KAMS12:25,Attorney General,,,AUSTIN HEPWORTH,15
Summit,KCYN43:32,Attorney General,,,AUSTIN HEPWORTH,0
Summit,LPNE9:15,Attorney General,,,AUSTIN HEPWORTH,11
Summit,LPNW9:3,Attorney General,,,AUSTIN HEPWORTH,7
Summit,MHW40:32,Attorney General,,,AUSTIN HEPWORTH,4
Summit,MTCR59:10,Attorney General,,,AUSTIN HEPWORTH,0
Summit,MTRS55:25,Attorney General,,,AUSTIN HEPWORTH,0
Summit,NSN24:10,Attorney General,,,AUSTIN HEPWORTH,3
Summit,OAKN14:10,Attorney General,,,AUSTIN HEPWORTH,7
Summit,OAKS14:25,Attorney General,,,AUSTIN HEPWORTH,15
Summit,OLDN32:1,Attorney General,,,AUSTIN HEPWORTH,6
Summit,OLDS2:1,Attorney General,,,AUSTIN HEPWORTH,0
Summit,PARS7:25,Attorney General,,,AUSTIN HEPWORTH,3
Summit,PARW7:32,Attorney General,,,AUSTIN HEPWORTH,9
Summit,PEOA15:20,Attorney General,,,AUSTIN HEPWORTH,4
Summit,PEW51:10,Attorney General,,,AUSTIN HEPWORTH,1
Summit,PEW51:NS5,Attorney General,,,AUSTIN HEPWORTH,0
Summit,PINN39:32,Attorney General,,,AUSTIN HEPWORTH,4
Summit,PKMN35:1,Attorney General,,,AUSTIN HEPWORTH,4
Summit,PKMS5:1,Attorney General,,,AUSTIN HEPWORTH,4
Summit,PRG45:32,Attorney General,,,AUSTIN HEPWORTH,1
Summit,PRG45:S4A,Attorney General,,,AUSTIN HEPWORTH,0
Summit,PRG45:S4B,Attorney General,,,AUSTIN HEPWORTH,0
Summit,PRG45:S4C,Attorney General,,,AUSTIN HEPWORTH,0
Summit,PRM48:10,Attorney General,,,AUSTIN HEPWORTH,8
Summit,PRM48:N5A,Attorney General,,,AUSTIN HEPWORTH,0
Summit,PRM48:N5B,Attorney General,,,AUSTIN HEPWORTH,0
Summit,PROS3:1,Attorney General,,,AUSTIN HEPWORTH,1
Summit,QUAR6:1,Attorney General,,,AUSTIN HEPWORTH,4
Summit,RANS36:32,Attorney General,,,AUSTIN HEPWORTH,1
Summit,RNDV47:10,Attorney General,,,AUSTIN HEPWORTH,0
Summit,ROCP54:10,Attorney General,,,AUSTIN HEPWORTH,1
Summit,ROCP54:S4,Attorney General,,,AUSTIN HEPWORTH,0
Summit,RPL26:32,Attorney General,,,AUSTIN HEPWORTH,7
Summit,SCRL44:31,Attorney General,,,AUSTIN HEPWORTH,9
Summit,SCRU8:31,Attorney General,,,AUSTIN HEPWORTH,13
Summit,SCRU8:NS5,Attorney General,,,AUSTIN HEPWORTH,0
Summit,SFCC57:10,Attorney General,,,AUSTIN HEPWORTH,0
Summit,SIDE33:1,Attorney General,,,AUSTIN HEPWORTH,4
Summit,SLVR16:32,Attorney General,,,AUSTIN HEPWORTH,4
Summit,SML42:32,Attorney General,,,AUSTIN HEPWORTH,4
Summit,SSE13:20,Attorney General,,,AUSTIN HEPWORTH,22
Summit,SSS11:20,Attorney General,,,AUSTIN HEPWORTH,13
Summit,SSW22:20,Attorney General,,,AUSTIN HEPWORTH,4
Summit,SUME30:32,Attorney General,,,AUSTIN HEPWORTH,11
Summit,SUMW10:32,Attorney General,,,AUSTIN HEPWORTH,2
Summit,THAY4:1,Attorney General,,,AUSTIN HEPWORTH,2
Summit,UINT52:10,Attorney General,,,AUSTIN HEPWORTH,0
Summit,UPIN41:32,Attorney General,,,AUSTIN HEPWORTH,8
Summit,WAGN29:32,Attorney General,,,AUSTIN HEPWORTH,1
Summit,WANE17:10,Attorney General,,,AUSTIN HEPWORTH,5
Summit,WANE17:S4,Attorney General,,,AUSTIN HEPWORTH,0
Summit,WNW17:2,Attorney General,,,AUSTIN HEPWORTH,13
Summit,WNW17:P4A,Attorney General,,,AUSTIN HEPWORTH,0
Summit,WNW17:P4B,Attorney General,,,AUSTIN HEPWORTH,0
Summit,WEBC21:20,Attorney General,,,AUSTIN HEPWORTH,5
Summit,BTNN34:25,Attorney General,,UUP,MICHELLE QUIST,15
Summit,BTNS34:10,Attorney General,,UUP,MICHELLE QUIST,25
Summit,CCRK20:10,Attorney General,,UUP,MICHELLE QUIST,12
Summit,CLN19:10,Attorney General,,UUP,MICHELLE QUIST,9
Summit,CLS19:25,Attorney General,,UUP,MICHELLE QUIST,10
Summit,COLN56:10,Attorney General,,UUP,MICHELLE QUIST,0
Summit,DVN1:1,Attorney General,,UUP,MICHELLE QUIST,27
Summit,DVS31:1,Attorney General,,UUP,MICHELLE QUIST,26
Summit,ECOR46:10,Attorney General,,UUP,MICHELLE QUIST,0
Summit,ECOR46:50,Attorney General,,UUP,MICHELLE QUIST,0
Summit,FRAE28:25,Attorney General,,UUP,MICHELLE QUIST,10
Summit,FRAW28:10,Attorney General,,UUP,MICHELLE QUIST,21
Summit,GARF58:10,Attorney General,,UUP,MICHELLE QUIST,0
Summit,HEE38:32,Attorney General,,UUP,MICHELLE QUIST,55
Summit,HEN25:1,Attorney General,,UUP,MICHELLE QUIST,21
Summit,HEW23:32,Attorney General,,UUP,MICHELLE QUIST,32
Summit,HOYT18:10,Attorney General,,UUP,MICHELLE QUIST,15
Summit,IFOR49:10,Attorney General,,UUP,MICHELLE QUIST,0
Summit,JERE37:32,Attorney General,,UUP,MICHELLE QUIST,54
Summit,JERW27:32,Attorney General,,UUP,MICHELLE QUIST,38
Summit,KAMN12:10,Attorney General,,UUP,MICHELLE QUIST,21
Summit,KAMS12:25,Attorney General,,UUP,MICHELLE QUIST,16
Summit,KCYN43:32,Attorney General,,UUP,MICHELLE QUIST,6
Summit,LPNE9:15,Attorney General,,UUP,MICHELLE QUIST,26
Summit,LPNW9:3,Attorney General,,UUP,MICHELLE QUIST,21
Summit,MHW40:32,Attorney General,,UUP,MICHELLE QUIST,35
Summit,MTCR59:10,Attorney General,,UUP,MICHELLE QUIST,0
Summit,MTRS55:25,Attorney General,,UUP,MICHELLE QUIST,5
Summit,NSN24:10,Attorney General,,UUP,MICHELLE QUIST,5
Summit,OAKN14:10,Attorney General,,UUP,MICHELLE QUIST,11
Summit,OAKS14:25,Attorney General,,UUP,MICHELLE QUIST,23
Summit,OLDN32:1,Attorney General,,UUP,MICHELLE QUIST,14
Summit,OLDS2:1,Attorney General,,UUP,MICHELLE QUIST,5
Summit,PARS7:25,Attorney General,,UUP,MICHELLE QUIST,15
Summit,PARW7:32,Attorney General,,UUP,MICHELLE QUIST,63
Summit,PEOA15:20,Attorney General,,UUP,MICHELLE QUIST,10
Summit,PEW51:10,Attorney General,,UUP,MICHELLE QUIST,1
Summit,PEW51:NS5,Attorney General,,UUP,MICHELLE QUIST,0
Summit,PINN39:32,Attorney General,,UUP,MICHELLE QUIST,42
Summit,PKMN35:1,Attorney General,,UUP,MICHELLE QUIST,40
Summit,PKMS5:1,Attorney General,,UUP,MICHELLE QUIST,25
Summit,PRG45:32,Attorney General,,UUP,MICHELLE QUIST,5
Summit,PRG45:S4A,Attorney General,,UUP,MICHELLE QUIST,0
Summit,PRG45:S4B,Attorney General,,UUP,MICHELLE QUIST,0
Summit,PRG45:S4C,Attorney General,,UUP,MICHELLE QUIST,0
Summit,PRM48:10,Attorney General,,UUP,MICHELLE QUIST,18
Summit,PRM48:N5A,Attorney General,,UUP,MICHELLE QUIST,0
Summit,PRM48:N5B,Attorney General,,UUP,MICHELLE QUIST,0
Summit,PROS3:1,Attorney General,,UUP,MICHELLE QUIST,19
Summit,QUAR6:1,Attorney General,,UUP,MICHELLE QUIST,45
Summit,RANS36:32,Attorney General,,UUP,MICHELLE QUIST,10
Summit,RNDV47:10,Attorney General,,UUP,MICHELLE QUIST,0
Summit,ROCP54:10,Attorney General,,UUP,MICHELLE QUIST,2
Summit,ROCP54:S4,Attorney General,,UUP,MICHELLE QUIST,0
Summit,RPL26:32,Attorney General,,UUP,MICHELLE QUIST,35
Summit,SCRL44:31,Attorney General,,UUP,MICHELLE QUIST,35
Summit,SCRU8:31,Attorney General,,UUP,MICHELLE QUIST,26
Summit,SCRU8:NS5,Attorney General,,UUP,MICHELLE QUIST,1
Summit,SFCC57:10,Attorney General,,UUP,MICHELLE QUIST,0
Summit,SIDE33:1,Attorney General,,UUP,MICHELLE QUIST,20
Summit,SLVR16:32,Attorney General,,UUP,MICHELLE QUIST,35
Summit,SML42:32,Attorney General,,UUP,MICHELLE QUIST,34
Summit,SSE13:20,Attorney General,,UUP,MICHELLE QUIST,21
Summit,SSS11:20,Attorney General,,UUP,MICHELLE QUIST,15
Summit,SSW22:20,Attorney General,,UUP,MICHELLE QUIST,15
Summit,SUME30:32,Attorney General,,UUP,MICHELLE QUIST,57
Summit,SUMW10:32,Attorney General,,UUP,MICHELLE QUIST,36
Summit,THAY4:1,Attorney General,,UUP,MICHELLE QUIST,24
Summit,UINT52:10,Attorney General,,UUP,MICHELLE QUIST,0
Summit,UPIN41:32,Attorney General,,UUP,MICHELLE QUIST,23
Summit,WAGN29:32,Attorney General,,UUP,MICHELLE QUIST,18
Summit,WANE17:10,Attorney General,,UUP,MICHELLE QUIST,22
Summit,WANE17:S4,Attorney General,,UUP,MICHELLE QUIST,0
Summit,WNW17:2,Attorney General,,UUP,MICHELLE QUIST,17
Summit,WNW17:P4A,Attorney General,,UUP,MICHELLE QUIST,0
Summit,WNW17:P4B,Attorney General,,UUP,MICHELLE QUIST,0
Summit,WEBC21:20,Attorney General,,UUP,MICHELLE QUIST,18
Summit,BTNN34:25,State Auditor,,REP,TINA CANNON,203
Summit,BTNS34:10,State Auditor,,REP,TINA CANNON,112
Summit,CCRK20:10,State Auditor,,REP,TINA CANNON,212
Summit,CLN19:10,State Auditor,,REP,TINA CANNON,269
Summit,CLS19:25,State Auditor,,REP,TINA CANNON,247
Summit,COLN56:10,State Auditor,,REP,TINA CANNON,0
Summit,DVN1:1,State Auditor,,REP,TINA CANNON,310
Summit,DVS31:1,State Auditor,,REP,TINA CANNON,228
Summit,ECOR46:10,State Auditor,,REP,TINA CANNON,0
Summit,ECOR46:50,State Auditor,,REP,TINA CANNON,0
Summit,FRAE28:25,State Auditor,,REP,TINA CANNON,265
Summit,FRAW28:10,State Auditor,,REP,TINA CANNON,395
Summit,GARF58:10,State Auditor,,REP,TINA CANNON,0
Summit,HEE38:32,State Auditor,,REP,TINA CANNON,205
Summit,HEN25:1,State Auditor,,REP,TINA CANNON,358
Summit,HEW23:32,State Auditor,,REP,TINA CANNON,232
Summit,HOYT18:10,State Auditor,,REP,TINA CANNON,390
Summit,IFOR49:10,State Auditor,,REP,TINA CANNON,0
Summit,JERE37:32,State Auditor,,REP,TINA CANNON,249
Summit,JERW27:32,State Auditor,,REP,TINA CANNON,280
Summit,KAMN12:10,State Auditor,,REP,TINA CANNON,327
Summit,KAMS12:25,State Auditor,,REP,TINA CANNON,281
Summit,KCYN43:32,State Auditor,,REP,TINA CANNON,87
Summit,LPNE9:15,State Auditor,,REP,TINA CANNON,145
Summit,LPNW9:3,State Auditor,,REP,TINA CANNON,163
Summit,MHW40:32,State Auditor,,REP,TINA CANNON,247
Summit,MTCR59:10,State Auditor,,REP,TINA CANNON,0
Summit,MTRS55:25,State Auditor,,REP,TINA CANNON,93
Summit,NSN24:10,State Auditor,,REP,TINA CANNON,157
Summit,OAKN14:10,State Auditor,,REP,TINA CANNON,253
Summit,OAKS14:25,State Auditor,,REP,TINA CANNON,315
Summit,OLDN32:1,State Auditor,,REP,TINA CANNON,103
Summit,OLDS2:1,State Auditor,,REP,TINA CANNON,42
Summit,PARS7:25,State Auditor,,REP,TINA CANNON,114
Summit,PARW7:32,State Auditor,,REP,TINA CANNON,322
Summit,PEOA15:20,State Auditor,,REP,TINA CANNON,140
Summit,PEW51:10,State Auditor,,REP,TINA CANNON,14
Summit,PEW51:NS5,State Auditor,,REP,TINA CANNON,0
Summit,PINN39:32,State Auditor,,REP,TINA CANNON,210
Summit,PKMN35:1,State Auditor,,REP,TINA CANNON,321
Summit,PKMS5:1,State Auditor,,REP,TINA CANNON,149
Summit,PRG45:32,State Auditor,,REP,TINA CANNON,147
Summit,PRG45:S4A,State Auditor,,REP,TINA CANNON,0
Summit,PRG45:S4B,State Auditor,,REP,TINA CANNON,0
Summit,PRG45:S4C,State Auditor,,REP,TINA CANNON,0
Summit,PRM48:10,State Auditor,,REP,TINA CANNON,391
Summit,PRM48:N5A,State Auditor,,REP,TINA CANNON,12
Summit,PRM48:N5B,State Auditor,,REP,TINA CANNON,0
Summit,PROS3:1,State Auditor,,REP,TINA CANNON,98
Summit,QUAR6:1,State Auditor,,REP,TINA CANNON,215
Summit,RANS36:32,State Auditor,,REP,TINA CANNON,101
Summit,RNDV47:10,State Auditor,,REP,TINA CANNON,0
Summit,ROCP54:10,State Auditor,,REP,TINA CANNON,44
Summit,ROCP54:S4,State Auditor,,REP,TINA CANNON,0
Summit,RPL26:32,State Auditor,,REP,TINA CANNON,221
Summit,SCRL44:31,State Auditor,,REP,TINA CANNON,197
Summit,SCRU8:31,State Auditor,,REP,TINA CANNON,140
Summit,SCRU8:NS5,State Auditor,,REP,TINA CANNON,13
Summit,SFCC57:10,State Auditor,,REP,TINA CANNON,0
Summit,SIDE33:1,State Auditor,,REP,TINA CANNON,86
Summit,SLVR16:32,State Auditor,,REP,TINA CANNON,207
Summit,SML42:32,State Auditor,,REP,TINA CANNON,228
Summit,SSE13:20,State Auditor,,REP,TINA CANNON,269
Summit,SSS11:20,State Auditor,,REP,TINA CANNON,245
Summit,SSW22:20,State Auditor,,REP,TINA CANNON,221
Summit,SUME30:32,State Auditor,,REP,TINA CANNON,149
Summit,SUMW10:32,State Auditor,,REP,TINA CANNON,113
Summit,THAY4:1,State Auditor,,REP,TINA CANNON,170
Summit,UINT52:10,State Auditor,,REP,TINA CANNON,0
Summit,UPIN41:32,State Auditor,,REP,TINA CANNON,159
Summit,WAGN29:32,State Auditor,,REP,TINA CANNON,105
Summit,WANE17:10,State Auditor,,REP,TINA CANNON,314
Summit,WANE17:S4,State Auditor,,REP,TINA CANNON,0
Summit,WNW17:2,State Auditor,,REP,TINA CANNON,126
Summit,WNW17:P4A,State Auditor,,REP,TINA CANNON,0
Summit,WNW17:P4B,State Auditor,,REP,TINA CANNON,0
Summit,WEBC21:20,State Auditor,,REP,TINA CANNON,153
Summit,BTNN34:25,State Auditor,,CON,JEFFREY L. OSTLER,7
Summit,BTNS34:10,State Auditor,,CON,JEFFREY L. OSTLER,7
Summit,CCRK20:10,State Auditor,,CON,JEFFREY L. OSTLER,11
Summit,CLN19:10,State Auditor,,CON,JEFFREY L. OSTLER,24
Summit,CLS19:25,State Auditor,,CON,JEFFREY L. OSTLER,21
Summit,COLN56:10,State Auditor,,CON,JEFFREY L. OSTLER,0
Summit,DVN1:1,State Auditor,,CON,JEFFREY L. OSTLER,13
Summit,DVS31:1,State Auditor,,CON,JEFFREY L. OSTLER,8
Summit,ECOR46:10,State Auditor,,CON,JEFFREY L. OSTLER,0
Summit,ECOR46:50,State Auditor,,CON,JEFFREY L. OSTLER,0
Summit,FRAE28:25,State Auditor,,CON,JEFFREY L. OSTLER,11
Summit,FRAW28:10,State Auditor,,CON,JEFFREY L. OSTLER,31
Summit,GARF58:10,State Auditor,,CON,JEFFREY L. OSTLER,0
Summit,HEE38:32,State Auditor,,CON,JEFFREY L. OSTLER,18
Summit,HEN25:1,State Auditor,,CON,JEFFREY L. OSTLER,27
Summit,HEW23:32,State Auditor,,CON,JEFFREY L. OSTLER,13
Summit,HOYT18:10,State Auditor,,CON,JEFFREY L. OSTLER,30
Summit,IFOR49:10,State Auditor,,CON,JEFFREY L. OSTLER,0
Summit,JERE37:32,State Auditor,,CON,JEFFREY L. OSTLER,13
Summit,JERW27:32,State Auditor,,CON,JEFFREY L. OSTLER,15
Summit,KAMN12:10,State Auditor,,CON,JEFFREY L. OSTLER,25
Summit,KAMS12:25,State Auditor,,CON,JEFFREY L. OSTLER,25
Summit,KCYN43:32,State Auditor,,CON,JEFFREY L. OSTLER,4
Summit,LPNE9:15,State Auditor,,CON,JEFFREY L. OSTLER,12
Summit,LPNW9:3,State Auditor,,CON,JEFFREY L. OSTLER,6
Summit,MHW40:32,State Auditor,,CON,JEFFREY L. OSTLER,14
Summit,MTCR59:10,State Auditor,,CON,JEFFREY L. OSTLER,0
Summit,MTRS55:25,State Auditor,,CON,JEFFREY L. OSTLER,1
Summit,NSN24:10,State Auditor,,CON,JEFFREY L. OSTLER,14
Summit,OAKN14:10,State Auditor,,CON,JEFFREY L. OSTLER,15
Summit,OAKS14:25,State Auditor,,CON,JEFFREY L. OSTLER,17
Summit,OLDN32:1,State Auditor,,CON,JEFFREY L. OSTLER,12
Summit,OLDS2:1,State Auditor,,CON,JEFFREY L. OSTLER,2
Summit,PARS7:25,State Auditor,,CON,JEFFREY L. OSTLER,5
Summit,PARW7:32,State Auditor,,CON,JEFFREY L. OSTLER,20
Summit,PEOA15:20,State Auditor,,CON,JEFFREY L. OSTLER,9
Summit,PEW51:10,State Auditor,,CON,JEFFREY L. OSTLER,3
Summit,PEW51:NS5,State Auditor,,CON,JEFFREY L. OSTLER,0
Summit,PINN39:32,State Auditor,,CON,JEFFREY L. OSTLER,10
Summit,PKMN35:1,State Auditor,,CON,JEFFREY L. OSTLER,9
Summit,PKMS5:1,State Auditor,,CON,JEFFREY L. OSTLER,8
Summit,PRG45:32,State Auditor,,CON,JEFFREY L. OSTLER,2
Summit,PRG45:S4A,State Auditor,,CON,JEFFREY L. OSTLER,0
Summit,PRG45:S4B,State Auditor,,CON,JEFFREY L. OSTLER,0
Summit,PRG45:S4C,State Auditor,,CON,JEFFREY L. OSTLER,0
Summit,PRM48:10,State Auditor,,CON,JEFFREY L. OSTLER,6
Summit,PRM48:N5A,State Auditor,,CON,JEFFREY L. OSTLER,0
Summit,PRM48:N5B,State Auditor,,CON,JEFFREY L. OSTLER,0
Summit,PROS3:1,State Auditor,,CON,JEFFREY L. OSTLER,9
Summit,QUAR6:1,State Auditor,,CON,JEFFREY L. OSTLER,13
Summit,RANS36:32,State Auditor,,CON,JEFFREY L. OSTLER,3
Summit,RNDV47:10,State Auditor,,CON,JEFFREY L. OSTLER,0
Summit,ROCP54:10,State Auditor,,CON,JEFFREY L. OSTLER,0
Summit,ROCP54:S4,State Auditor,,CON,JEFFREY L. OSTLER,0
Summit,RPL26:32,State Auditor,,CON,JEFFREY L. OSTLER,8
Summit,SCRL44:31,State Auditor,,CON,JEFFREY L. OSTLER,19
Summit,SCRU8:31,State Auditor,,CON,JEFFREY L. OSTLER,10
Summit,SCRU8:NS5,State Auditor,,CON,JEFFREY L. OSTLER,1
Summit,SFCC57:10,State Auditor,,CON,JEFFREY L. OSTLER,0
Summit,SIDE33:1,State Auditor,,CON,JEFFREY L. OSTLER,9
Summit,SLVR16:32,State Auditor,,CON,JEFFREY L. OSTLER,13
Summit,SML42:32,State Auditor,,CON,JEFFREY L. OSTLER,10
Summit,SSE13:20,State Auditor,,CON,JEFFREY L. OSTLER,23
Summit,SSS11:20,State Auditor,,CON,JEFFREY L. OSTLER,20
Summit,SSW22:20,State Auditor,,CON,JEFFREY L. OSTLER,19
Summit,SUME30:32,State Auditor,,CON,JEFFREY L. OSTLER,13
Summit,SUMW10:32,State Auditor,,CON,JEFFREY L. OSTLER,12
Summit,THAY4:1,State Auditor,,CON,JEFFREY L. OSTLER,9
Summit,UINT52:10,State Auditor,,CON,JEFFREY L. OSTLER,0
Summit,UPIN41:32,State Auditor,,CON,JEFFREY L. OSTLER,2
Summit,WAGN29:32,State Auditor,,CON,JEFFREY L. OSTLER,3
Summit,WANE17:10,State Auditor,,CON,JEFFREY L. OSTLER,15
Summit,WANE17:S4,State Auditor,,CON,JEFFREY L. OSTLER,0
Summit,WNW17:2,State Auditor,,CON,JEFFREY L. OSTLER,12
Summit,WNW17:P4A,State Auditor,,CON,JEFFREY L. OSTLER,0
Summit,WNW17:P4B,State Auditor,,CON,JEFFREY L. OSTLER,0
Summit,WEBC21:20,State Auditor,,CON,JEFFREY L. OSTLER,8
Summit,BTNN34:25,State Auditor,,DEM,CATHERINE VOUTAZ,208
Summit,BTNS34:10,State Auditor,,DEM,CATHERINE VOUTAZ,210
Summit,CCRK20:10,State Auditor,,DEM,CATHERINE VOUTAZ,38
Summit,CLN19:10,State Auditor,,DEM,CATHERINE VOUTAZ,110
Summit,CLS19:25,State Auditor,,DEM,CATHERINE VOUTAZ,46
Summit,COLN56:10,State Auditor,,DEM,CATHERINE VOUTAZ,0
Summit,DVN1:1,State Auditor,,DEM,CATHERINE VOUTAZ,424
Summit,DVS31:1,State Auditor,,DEM,CATHERINE VOUTAZ,297
Summit,ECOR46:10,State Auditor,,DEM,CATHERINE VOUTAZ,0
Summit,ECOR46:50,State Auditor,,DEM,CATHERINE VOUTAZ,0
Summit,FRAE28:25,State Auditor,,DEM,CATHERINE VOUTAZ,70
Summit,FRAW28:10,State Auditor,,DEM,CATHERINE VOUTAZ,181
Summit,GARF58:10,State Auditor,,DEM,CATHERINE VOUTAZ,0
Summit,HEE38:32,State Auditor,,DEM,CATHERINE VOUTAZ,433
Summit,HEN25:1,State Auditor,,DEM,CATHERINE VOUTAZ,60
Summit,HEW23:32,State Auditor,,DEM,CATHERINE VOUTAZ,329
Summit,HOYT18:10,State Auditor,,DEM,CATHERINE VOUTAZ,103
Summit,IFOR49:10,State Auditor,,DEM,CATHERINE VOUTAZ,0
Summit,JERE37:32,State Auditor,,DEM,CATHERINE VOUTAZ,392
Summit,JERW27:32,State Auditor,,DEM,CATHERINE VOUTAZ,325
Summit,KAMN12:10,State Auditor,,DEM,CATHERINE VOUTAZ,199
Summit,KAMS12:25,State Auditor,,DEM,CATHERINE VOUTAZ,138
Summit,KCYN43:32,State Auditor,,DEM,CATHERINE VOUTAZ,107
Summit,LPNE9:15,State Auditor,,DEM,CATHERINE VOUTAZ,297
Summit,LPNW9:3,State Auditor,,DEM,CATHERINE VOUTAZ,274
Summit,MHW40:32,State Auditor,,DEM,CATHERINE VOUTAZ,338
Summit,MTCR59:10,State Auditor,,DEM,CATHERINE VOUTAZ,0
Summit,MTRS55:25,State Auditor,,DEM,CATHERINE VOUTAZ,78
Summit,NSN24:10,State Auditor,,DEM,CATHERINE VOUTAZ,20
Summit,OAKN14:10,State Auditor,,DEM,CATHERINE VOUTAZ,101
Summit,OAKS14:25,State Auditor,,DEM,CATHERINE VOUTAZ,136
Summit,OLDN32:1,State Auditor,,DEM,CATHERINE VOUTAZ,212
Summit,OLDS2:1,State Auditor,,DEM,CATHERINE VOUTAZ,126
Summit,PARS7:25,State Auditor,,DEM,CATHERINE VOUTAZ,144
Summit,PARW7:32,State Auditor,,DEM,CATHERINE VOUTAZ,463
Summit,PEOA15:20,State Auditor,,DEM,CATHERINE VOUTAZ,48
Summit,PEW51:10,State Auditor,,DEM,CATHERINE VOUTAZ,9
Summit,PEW51:NS5,State Auditor,,DEM,CATHERINE VOUTAZ,0
Summit,PINN39:32,State Auditor,,DEM,CATHERINE VOUTAZ,363
Summit,PKMN35:1,State Auditor,,DEM,CATHERINE VOUTAZ,360
Summit,PKMS5:1,State Auditor,,DEM,CATHERINE VOUTAZ,315
Summit,PRG45:32,State Auditor,,DEM,CATHERINE VOUTAZ,68
Summit,PRG45:S4A,State Auditor,,DEM,CATHERINE VOUTAZ,0
Summit,PRG45:S4B,State Auditor,,DEM,CATHERINE VOUTAZ,0
Summit,PRG45:S4C,State Auditor,,DEM,CATHERINE VOUTAZ,0
Summit,PRM48:10,State Auditor,,DEM,CATHERINE VOUTAZ,331
Summit,PRM48:N5A,State Auditor,,DEM,CATHERINE VOUTAZ,3
Summit,PRM48:N5B,State Auditor,,DEM,CATHERINE VOUTAZ,0
Summit,PROS3:1,State Auditor,,DEM,CATHERINE VOUTAZ,213
Summit,QUAR6:1,State Auditor,,DEM,CATHERINE VOUTAZ,335
Summit,RANS36:32,State Auditor,,DEM,CATHERINE VOUTAZ,127
Summit,RNDV47:10,State Auditor,,DEM,CATHERINE VOUTAZ,0
Summit,ROCP54:10,State Auditor,,DEM,CATHERINE VOUTAZ,39
Summit,ROCP54:S4,State Auditor,,DEM,CATHERINE VOUTAZ,0
Summit,RPL26:32,State Auditor,,DEM,CATHERINE VOUTAZ,392
Summit,SCRL44:31,State Auditor,,DEM,CATHERINE VOUTAZ,243
Summit,SCRU8:31,State Auditor,,DEM,CATHERINE VOUTAZ,169
Summit,SCRU8:NS5,State Auditor,,DEM,CATHERINE VOUTAZ,10
Summit,SFCC57:10,State Auditor,,DEM,CATHERINE VOUTAZ,0
Summit,SIDE33:1,State Auditor,,DEM,CATHERINE VOUTAZ,255
Summit,SLVR16:32,State Auditor,,DEM,CATHERINE VOUTAZ,385
Summit,SML42:32,State Auditor,,DEM,CATHERINE VOUTAZ,339
Summit,SSE13:20,State Auditor,,DEM,CATHERINE VOUTAZ,165
Summit,SSS11:20,State Auditor,,DEM,CATHERINE VOUTAZ,82
Summit,SSW22:20,State Auditor,,DEM,CATHERINE VOUTAZ,82
Summit,SUME30:32,State Auditor,,DEM,CATHERINE VOUTAZ,478
Summit,SUMW10:32,State Auditor,,DEM,CATHERINE VOUTAZ,340
Summit,THAY4:1,State Auditor,,DEM,CATHERINE VOUTAZ,228
Summit,UINT52:10,State Auditor,,DEM,CATHERINE VOUTAZ,0
Summit,UPIN41:32,State Auditor,,DEM,CATHERINE VOUTAZ,153
Summit,WAGN29:32,State Auditor,,DEM,CATHERINE VOUTAZ,203
Summit,WANE17:10,State Auditor,,DEM,CATHERINE VOUTAZ,143
Summit,WANE17:S4,State Auditor,,DEM,CATHERINE VOUTAZ,0
Summit,WNW17:2,State Auditor,,DEM,CATHERINE VOUTAZ,175
Summit,WNW17:P4A,State Auditor,,DEM,CATHERINE VOUTAZ,0
Summit,WNW17:P4B,State Auditor,,DEM,CATHERINE VOUTAZ,0
Summit,WEBC21:20,State Auditor,,DEM,CATHERINE VOUTAZ,95
Summit,BTNN34:25,State Treasurer,,Utah Forward,MILES POMEROY,19
Summit,BTNS34:10,State Treasurer,,Utah Forward,MILES POMEROY,9
Summit,CCRK20:10,State Treasurer,,Utah Forward,MILES POMEROY,10
Summit,CLN19:10,State Treasurer,,Utah Forward,MILES POMEROY,12
Summit,CLS19:25,State Treasurer,,Utah Forward,MILES POMEROY,7
Summit,COLN56:10,State Treasurer,,Utah Forward,MILES POMEROY,0
Summit,DVN1:1,State Treasurer,,Utah Forward,MILES POMEROY,19
Summit,DVS31:1,State Treasurer,,Utah Forward,MILES POMEROY,12
Summit,ECOR46:10,State Treasurer,,Utah Forward,MILES POMEROY,0
Summit,ECOR46:50,State Treasurer,,Utah Forward,MILES POMEROY,0
Summit,FRAE28:25,State Treasurer,,Utah Forward,MILES POMEROY,12
Summit,FRAW28:10,State Treasurer,,Utah Forward,MILES POMEROY,23
Summit,GARF58:10,State Treasurer,,Utah Forward,MILES POMEROY,0
Summit,HEE38:32,State Treasurer,,Utah Forward,MILES POMEROY,40
Summit,HEN25:1,State Treasurer,,Utah Forward,MILES POMEROY,7
Summit,HEW23:32,State Treasurer,,Utah Forward,MILES POMEROY,18
Summit,HOYT18:10,State Treasurer,,Utah Forward,MILES POMEROY,17
Summit,IFOR49:10,State Treasurer,,Utah Forward,MILES POMEROY,0
Summit,JERE37:32,State Treasurer,,Utah Forward,MILES POMEROY,20
Summit,JERW27:32,State Treasurer,,Utah Forward,MILES POMEROY,26
Summit,KAMN12:10,State Treasurer,,Utah Forward,MILES POMEROY,28
Summit,KAMS12:25,State Treasurer,,Utah Forward,MILES POMEROY,16
Summit,KCYN43:32,State Treasurer,,Utah Forward,MILES POMEROY,9
Summit,LPNE9:15,State Treasurer,,Utah Forward,MILES POMEROY,19
Summit,LPNW9:3,State Treasurer,,Utah Forward,MILES POMEROY,22
Summit,MHW40:32,State Treasurer,,Utah Forward,MILES POMEROY,24
Summit,MTCR59:10,State Treasurer,,Utah Forward,MILES POMEROY,0
Summit,MTRS55:25,State Treasurer,,Utah Forward,MILES POMEROY,5
Summit,NSN24:10,State Treasurer,,Utah Forward,MILES POMEROY,8
Summit,OAKN14:10,State Treasurer,,Utah Forward,MILES POMEROY,14
Summit,OAKS14:25,State Treasurer,,Utah Forward,MILES POMEROY,17
Summit,OLDN32:1,State Treasurer,,Utah Forward,MILES POMEROY,14
Summit,OLDS2:1,State Treasurer,,Utah Forward,MILES POMEROY,1
Summit,PARS7:25,State Treasurer,,Utah Forward,MILES POMEROY,11
Summit,PARW7:32,State Treasurer,,Utah Forward,MILES POMEROY,38
Summit,PEOA15:20,State Treasurer,,Utah Forward,MILES POMEROY,5
Summit,PEW51:10,State Treasurer,,Utah Forward,MILES POMEROY,0
Summit,PEW51:NS5,State Treasurer,,Utah Forward,MILES POMEROY,0
Summit,PINN39:32,State Treasurer,,Utah Forward,MILES POMEROY,16
Summit,PKMN35:1,State Treasurer,,Utah Forward,MILES POMEROY,11
Summit,PKMS5:1,State Treasurer,,Utah Forward,MILES POMEROY,14
Summit,PRG45:32,State Treasurer,,Utah Forward,MILES POMEROY,2
Summit,PRG45:S4A,State Treasurer,,Utah Forward,MILES POMEROY,0
Summit,PRG45:S4B,State Treasurer,,Utah Forward,MILES POMEROY,0
Summit,PRG45:S4C,State Treasurer,,Utah Forward,MILES POMEROY,0
Summit,PRM48:10,State Treasurer,,Utah Forward,MILES POMEROY,17
Summit,PRM48:N5A,State Treasurer,,Utah Forward,MILES POMEROY,0
Summit,PRM48:N5B,State Treasurer,,Utah Forward,MILES POMEROY,0
Summit,PROS3:1,State Treasurer,,Utah Forward,MILES POMEROY,25
Summit,QUAR6:1,State Treasurer,,Utah Forward,MILES POMEROY,17
Summit,RANS36:32,State Treasurer,,Utah Forward,MILES POMEROY,7
Summit,RNDV47:10,State Treasurer,,Utah Forward,MILES POMEROY,0
Summit,ROCP54:10,State Treasurer,,Utah Forward,MILES POMEROY,3
Summit,ROCP54:S4,State Treasurer,,Utah Forward,MILES POMEROY,0
Summit,RPL26:32,State Treasurer,,Utah Forward,MILES POMEROY,17
Summit,SCRL44:31,State Treasurer,,Utah Forward,MILES POMEROY,21
Summit,SCRU8:31,State Treasurer,,Utah Forward,MILES POMEROY,17
Summit,SCRU8:NS5,State Treasurer,,Utah Forward,MILES POMEROY,0
Summit,SFCC57:10,State Treasurer,,Utah Forward,MILES POMEROY,0
Summit,SIDE33:1,State Treasurer,,Utah Forward,MILES POMEROY,12
Summit,SLVR16:32,State Treasurer,,Utah Forward,MILES POMEROY,14
Summit,SML42:32,State Treasurer,,Utah Forward,MILES POMEROY,16
Summit,SSE13:20,State Treasurer,,Utah Forward,MILES POMEROY,16
Summit,SSS11:20,State Treasurer,,Utah Forward,MILES POMEROY,15
Summit,SSW22:20,State Treasurer,,Utah Forward,MILES POMEROY,10
Summit,SUME30:32,State Treasurer,,Utah Forward,MILES POMEROY,38
Summit,SUMW10:32,State Treasurer,,Utah Forward,MILES POMEROY,19
Summit,THAY4:1,State Treasurer,,Utah Forward,MILES POMEROY,18
Summit,UINT52:10,State Treasurer,,Utah Forward,MILES POMEROY,0
Summit,UPIN41:32,State Treasurer,,Utah Forward,MILES POMEROY,13
Summit,WAGN29:32,State Treasurer,,Utah Forward,MILES POMEROY,7
Summit,WANE17:10,State Treasurer,,Utah Forward,MILES POMEROY,18
Summit,WANE17:S4,State Treasurer,,Utah Forward,MILES POMEROY,0
Summit,WNW17:2,State Treasurer,,Utah Forward,MILES POMEROY,14
Summit,WNW17:P4A,State Treasurer,,Utah Forward,MILES POMEROY,0
Summit,WNW17:P4B,State Treasurer,,Utah Forward,MILES POMEROY,0
Summit,WEBC21:20,State Treasurer,,Utah Forward,MILES POMEROY,8
Summit,BTNN34:25,State Treasurer,,REP,MARLO M. OAKS,203
Summit,BTNS34:10,State Treasurer,,REP,MARLO M. OAKS,114
Summit,CCRK20:10,State Treasurer,,REP,MARLO M. OAKS,209
Summit,CLN19:10,State Treasurer,,REP,MARLO M. OAKS,280
Summit,CLS19:25,State Treasurer,,REP,MARLO M. OAKS,260
Summit,COLN56:10,State Treasurer,,REP,MARLO M. OAKS,0
Summit,DVN1:1,State Treasurer,,REP,MARLO M. OAKS,312
Summit,DVS31:1,State Treasurer,,REP,MARLO M. OAKS,225
Summit,ECOR46:10,State Treasurer,,REP,MARLO M. OAKS,0
Summit,ECOR46:50,State Treasurer,,REP,MARLO M. OAKS,0
Summit,FRAE28:25,State Treasurer,,REP,MARLO M. OAKS,260
Summit,FRAW28:10,State Treasurer,,REP,MARLO M. OAKS,414
Summit,GARF58:10,State Treasurer,,REP,MARLO M. OAKS,0
Summit,HEE38:32,State Treasurer,,REP,MARLO M. OAKS,212
Summit,HEN25:1,State Treasurer,,REP,MARLO M. OAKS,370
Summit,HEW23:32,State Treasurer,,REP,MARLO M. OAKS,230
Summit,HOYT18:10,State Treasurer,,REP,MARLO M. OAKS,402
Summit,IFOR49:10,State Treasurer,,REP,MARLO M. OAKS,0
Summit,JERE37:32,State Treasurer,,REP,MARLO M. OAKS,267
Summit,JERW27:32,State Treasurer,,REP,MARLO M. OAKS,301
Summit,KAMN12:10,State Treasurer,,REP,MARLO M. OAKS,323
Summit,KAMS12:25,State Treasurer,,REP,MARLO M. OAKS,279
Summit,KCYN43:32,State Treasurer,,REP,MARLO M. OAKS,84
Summit,LPNE9:15,State Treasurer,,REP,MARLO M. OAKS,159
Summit,LPNW9:3,State Treasurer,,REP,MARLO M. OAKS,167
Summit,MHW40:32,State Treasurer,,REP,MARLO M. OAKS,247
Summit,MTCR59:10,State Treasurer,,REP,MARLO M. OAKS,0
Summit,MTRS55:25,State Treasurer,,REP,MARLO M. OAKS,96
Summit,NSN24:10,State Treasurer,,REP,MARLO M. OAKS,167
Summit,OAKN14:10,State Treasurer,,REP,MARLO M. OAKS,250
Summit,OAKS14:25,State Treasurer,,REP,MARLO M. OAKS,313
Summit,OLDN32:1,State Treasurer,,REP,MARLO M. OAKS,99
Summit,OLDS2:1,State Treasurer,,REP,MARLO M. OAKS,51
Summit,PARS7:25,State Treasurer,,REP,MARLO M. OAKS,118
Summit,PARW7:32,State Treasurer,,REP,MARLO M. OAKS,319
Summit,PEOA15:20,State Treasurer,,REP,MARLO M. OAKS,146
Summit,PEW51:10,State Treasurer,,REP,MARLO M. OAKS,20
Summit,PEW51:NS5,State Treasurer,,REP,MARLO M. OAKS,0
Summit,PINN39:32,State Treasurer,,REP,MARLO M. OAKS,214
Summit,PKMN35:1,State Treasurer,,REP,MARLO M. OAKS,329
Summit,PKMS5:1,State Treasurer,,REP,MARLO M. OAKS,162
Summit,PRG45:32,State Treasurer,,REP,MARLO M. OAKS,153
Summit,PRG45:S4A,State Treasurer,,REP,MARLO M. OAKS,0
Summit,PRG45:S4B,State Treasurer,,REP,MARLO M. OAKS,0
Summit,PRG45:S4C,State Treasurer,,REP,MARLO M. OAKS,0
Summit,PRM48:10,State Treasurer,,REP,MARLO M. OAKS,390
Summit,PRM48:N5A,State Treasurer,,REP,MARLO M. OAKS,12
Summit,PRM48:N5B,State Treasurer,,REP,MARLO M. OAKS,0
Summit,PROS3:1,State Treasurer,,REP,MARLO M. OAKS,98
Summit,QUAR6:1,State Treasurer,,REP,MARLO M. OAKS,219
Summit,RANS36:32,State Treasurer,,REP,MARLO M. OAKS,103
Summit,RNDV47:10,State Treasurer,,REP,MARLO M. OAKS,0
Summit,ROCP54:10,State Treasurer,,REP,MARLO M. OAKS,42
Summit,ROCP54:S4,State Treasurer,,REP,MARLO M. OAKS,0
Summit,RPL26:32,State Treasurer,,REP,MARLO M. OAKS,218
Summit,SCRL44:31,State Treasurer,,REP,MARLO M. OAKS,214
Summit,SCRU8:31,State Treasurer,,REP,MARLO M. OAKS,151
Summit,SCRU8:NS5,State Treasurer,,REP,MARLO M. OAKS,13
Summit,SFCC57:10,State Treasurer,,REP,MARLO M. OAKS,0
Summit,SIDE33:1,State Treasurer,,REP,MARLO M. OAKS,97
Summit,SLVR16:32,State Treasurer,,REP,MARLO M. OAKS,206
Summit,SML42:32,State Treasurer,,REP,MARLO M. OAKS,231
Summit,SSE13:20,State Treasurer,,REP,MARLO M. OAKS,275
Summit,SSS11:20,State Treasurer,,REP,MARLO M. OAKS,249
Summit,SSW22:20,State Treasurer,,REP,MARLO M. OAKS,219
Summit,SUME30:32,State Treasurer,,REP,MARLO M. OAKS,150
Summit,SUMW10:32,State Treasurer,,REP,MARLO M. OAKS,121
Summit,THAY4:1,State Treasurer,,REP,MARLO M. OAKS,163
Summit,UINT52:10,State Treasurer,,REP,MARLO M. OAKS,0
Summit,UPIN41:32,State Treasurer,,REP,MARLO M. OAKS,149
Summit,WAGN29:32,State Treasurer,,REP,MARLO M. OAKS,105
Summit,WANE17:10,State Treasurer,,REP,MARLO M. OAKS,312
Summit,WANE17:S4,State Treasurer,,REP,MARLO M. OAKS,0
Summit,WNW17:2,State Treasurer,,REP,MARLO M. OAKS,128
Summit,WNW17:P4A,State Treasurer,,REP,MARLO M. OAKS,0
Summit,WNW17:P4B,State Treasurer,,REP,MARLO M. OAKS,0
Summit,WEBC21:20,State Treasurer,,REP,MARLO M. OAKS,158
Summit,BTNN34:25,State Treasurer,,DEM,NEIL A HANSEN,200
Summit,BTNS34:10,State Treasurer,,DEM,NEIL A HANSEN,204
Summit,CCRK20:10,State Treasurer,,DEM,NEIL A HANSEN,38
Summit,CLN19:10,State Treasurer,,DEM,NEIL A HANSEN,109
Summit,CLS19:25,State Treasurer,,DEM,NEIL A HANSEN,53
Summit,COLN56:10,State Treasurer,,DEM,NEIL A HANSEN,0
Summit,DVN1:1,State Treasurer,,DEM,NEIL A HANSEN,416
Summit,DVS31:1,State Treasurer,,DEM,NEIL A HANSEN,297
Summit,ECOR46:10,State Treasurer,,DEM,NEIL A HANSEN,0
Summit,ECOR46:50,State Treasurer,,DEM,NEIL A HANSEN,0
Summit,FRAE28:25,State Treasurer,,DEM,NEIL A HANSEN,74
Summit,FRAW28:10,State Treasurer,,DEM,NEIL A HANSEN,172
Summit,GARF58:10,State Treasurer,,DEM,NEIL A HANSEN,0
Summit,HEE38:32,State Treasurer,,DEM,NEIL A HANSEN,396
Summit,HEN25:1,State Treasurer,,DEM,NEIL A HANSEN,69
Summit,HEW23:32,State Treasurer,,DEM,NEIL A HANSEN,325
Summit,HOYT18:10,State Treasurer,,DEM,NEIL A HANSEN,97
Summit,IFOR49:10,State Treasurer,,DEM,NEIL A HANSEN,0
Summit,JERE37:32,State Treasurer,,DEM,NEIL A HANSEN,366
Summit,JERW27:32,State Treasurer,,DEM,NEIL A HANSEN,290
Summit,KAMN12:10,State Treasurer,,DEM,NEIL A HANSEN,194
Summit,KAMS12:25,State Treasurer,,DEM,NEIL A HANSEN,140
Summit,KCYN43:32,State Treasurer,,DEM,NEIL A HANSEN,105
Summit,LPNE9:15,State Treasurer,,DEM,NEIL A HANSEN,274
Summit,LPNW9:3,State Treasurer,,DEM,NEIL A HANSEN,252
Summit,MHW40:32,State Treasurer,,DEM,NEIL A HANSEN,324
Summit,MTCR59:10,State Treasurer,,DEM,NEIL A HANSEN,0
Summit,MTRS55:25,State Treasurer,,DEM,NEIL A HANSEN,74
Summit,NSN24:10,State Treasurer,,DEM,NEIL A HANSEN,20
Summit,OAKN14:10,State Treasurer,,DEM,NEIL A HANSEN,106
Summit,OAKS14:25,State Treasurer,,DEM,NEIL A HANSEN,141
Summit,OLDN32:1,State Treasurer,,DEM,NEIL A HANSEN,210
Summit,OLDS2:1,State Treasurer,,DEM,NEIL A HANSEN,119
Summit,PARS7:25,State Treasurer,,DEM,NEIL A HANSEN,138
Summit,PARW7:32,State Treasurer,,DEM,NEIL A HANSEN,438
Summit,PEOA15:20,State Treasurer,,DEM,NEIL A HANSEN,42
Summit,PEW51:10,State Treasurer,,DEM,NEIL A HANSEN,8
Summit,PEW51:NS5,State Treasurer,,DEM,NEIL A HANSEN,0
Summit,PINN39:32,State Treasurer,,DEM,NEIL A HANSEN,351
Summit,PKMN35:1,State Treasurer,,DEM,NEIL A HANSEN,361
Summit,PKMS5:1,State Treasurer,,DEM,NEIL A HANSEN,301
Summit,PRG45:32,State Treasurer,,DEM,NEIL A HANSEN,61
Summit,PRG45:S4A,State Treasurer,,DEM,NEIL A HANSEN,0
Summit,PRG45:S4B,State Treasurer,,DEM,NEIL A HANSEN,0
Summit,PRG45:S4C,State Treasurer,,DEM,NEIL A HANSEN,0
Summit,PRM48:10,State Treasurer,,DEM,NEIL A HANSEN,318
Summit,PRM48:N5A,State Treasurer,,DEM,NEIL A HANSEN,3
Summit,PRM48:N5B,State Treasurer,,DEM,NEIL A HANSEN,0
Summit,PROS3:1,State Treasurer,,DEM,NEIL A HANSEN,198
Summit,QUAR6:1,State Treasurer,,DEM,NEIL A HANSEN,329
Summit,RANS36:32,State Treasurer,,DEM,NEIL A HANSEN,123
Summit,RNDV47:10,State Treasurer,,DEM,NEIL A HANSEN,0
Summit,ROCP54:10,State Treasurer,,DEM,NEIL A HANSEN,38
Summit,ROCP54:S4,State Treasurer,,DEM,NEIL A HANSEN,0
Summit,RPL26:32,State Treasurer,,DEM,NEIL A HANSEN,387
Summit,SCRL44:31,State Treasurer,,DEM,NEIL A HANSEN,228
Summit,SCRU8:31,State Treasurer,,DEM,NEIL A HANSEN,150
Summit,SCRU8:NS5,State Treasurer,,DEM,NEIL A HANSEN,10
Summit,SFCC57:10,State Treasurer,,DEM,NEIL A HANSEN,0
Summit,SIDE33:1,State Treasurer,,DEM,NEIL A HANSEN,239
Summit,SLVR16:32,State Treasurer,,DEM,NEIL A HANSEN,377
Summit,SML42:32,State Treasurer,,DEM,NEIL A HANSEN,320
Summit,SSE13:20,State Treasurer,,DEM,NEIL A HANSEN,165
Summit,SSS11:20,State Treasurer,,DEM,NEIL A HANSEN,83
Summit,SSW22:20,State Treasurer,,DEM,NEIL A HANSEN,90
Summit,SUME30:32,State Treasurer,,DEM,NEIL A HANSEN,454
Summit,SUMW10:32,State Treasurer,,DEM,NEIL A HANSEN,320
Summit,THAY4:1,State Treasurer,,DEM,NEIL A HANSEN,226
Summit,UINT52:10,State Treasurer,,DEM,NEIL A HANSEN,0
Summit,UPIN41:32,State Treasurer,,DEM,NEIL A HANSEN,156
Summit,WAGN29:32,State Treasurer,,DEM,NEIL A HANSEN,195
Summit,WANE17:10,State Treasurer,,DEM,NEIL A HANSEN,142
Summit,WANE17:S4,State Treasurer,,DEM,NEIL A HANSEN,0
Summit,WNW17:2,State Treasurer,,DEM,NEIL A HANSEN,168
Summit,WNW17:P4A,State Treasurer,,DEM,NEIL A HANSEN,0
Summit,WNW17:P4B,State Treasurer,,DEM,NEIL A HANSEN,0
Summit,WEBC21:20,State Treasurer,,DEM,NEIL A HANSEN,90
Summit,BTNN34:25,State Senate,3,DEM,STACY BERNAL,223
Summit,BTNS34:10,State Senate,3,DEM,STACY BERNAL,235
Summit,CCRK20:10,State Senate,3,DEM,STACY BERNAL,51
Summit,CLN19:10,State Senate,3,DEM,STACY BERNAL,130
Summit,CLS19:25,State Senate,3,DEM,STACY BERNAL,69
Summit,HEN25:1,State Senate,3,DEM,STACY BERNAL,66
Summit,HOYT18:10,State Senate,3,DEM,STACY BERNAL,138
Summit,JERE37:32,State Senate,3,DEM,STACY BERNAL,424
Summit,JERW27:32,State Senate,3,DEM,STACY BERNAL,365
Summit,KCYN43:32,State Senate,3,DEM,STACY BERNAL,118
Summit,LPNE9:15,State Senate,3,DEM,STACY BERNAL,319
Summit,LPNW9:3,State Senate,3,DEM,STACY BERNAL,303
Summit,MHW40:32,State Senate,3,DEM,STACY BERNAL,382
Summit,NSN24:10,State Senate,3,DEM,STACY BERNAL,27
Summit,PINN39:32,State Senate,3,DEM,STACY BERNAL,397
Summit,PRG45:32,State Senate,3,DEM,STACY BERNAL,85
Summit,PRG45:S4A,State Senate,3,DEM,STACY BERNAL,0
Summit,PRG45:S4B,State Senate,3,DEM,STACY BERNAL,0
Summit,PRG45:S4C,State Senate,3,DEM,STACY BERNAL,0
Summit,ROCP54:10,State Senate,3,DEM,STACY BERNAL,47
Summit,ROCP54:S4,State Senate,3,DEM,STACY BERNAL,0
Summit,SCRL44:31,State Senate,3,DEM,STACY BERNAL,263
Summit,SCRU8:31,State Senate,3,DEM,STACY BERNAL,183
Summit,SCRU8:NS5,State Senate,3,DEM,STACY BERNAL,11
Summit,SUME30:32,State Senate,3,DEM,STACY BERNAL,514
Summit,SUMW10:32,State Senate,3,DEM,STACY BERNAL,368
Summit,WAGN29:32,State Senate,3,DEM,STACY BERNAL,224
Summit,WANE17:10,State Senate,3,DEM,STACY BERNAL,177
Summit,WANE17:S4,State Senate,3,DEM,STACY BERNAL,0
Summit,WNW17:2,State Senate,3,DEM,STACY BERNAL,204
Summit,WNW17:P4A,State Senate,3,DEM,STACY BERNAL,0
Summit,WNW17:P4B,State Senate,3,DEM,STACY BERNAL,0
Summit,BTNN34:25,State Senate,3,REP,JOHN D. JOHNSON,199
Summit,BTNS34:10,State Senate,3,REP,JOHN D. JOHNSON,96
Summit,CCRK20:10,State Senate,3,REP,JOHN D. JOHNSON,213
Summit,CLN19:10,State Senate,3,REP,JOHN D. JOHNSON,273
Summit,CLS19:25,State Senate,3,REP,JOHN D. JOHNSON,254
Summit,HEN25:1,State Senate,3,REP,JOHN D. JOHNSON,383
Summit,HOYT18:10,State Senate,3,REP,JOHN D. JOHNSON,387
Summit,JERE37:32,State Senate,3,REP,JOHN D. JOHNSON,242
Summit,JERW27:32,State Senate,3,REP,JOHN D. JOHNSON,264
Summit,KCYN43:32,State Senate,3,REP,JOHN D. JOHNSON,78
Summit,LPNE9:15,State Senate,3,REP,JOHN D. JOHNSON,140
Summit,LPNW9:3,State Senate,3,REP,JOHN D. JOHNSON,143
Summit,MHW40:32,State Senate,3,REP,JOHN D. JOHNSON,227
Summit,NSN24:10,State Senate,3,REP,JOHN D. JOHNSON,166
Summit,PINN39:32,State Senate,3,REP,JOHN D. JOHNSON,189
Summit,PRG45:32,State Senate,3,REP,JOHN D. JOHNSON,135
Summit,PRG45:S4A,State Senate,3,REP,JOHN D. JOHNSON,0
Summit,PRG45:S4B,State Senate,3,REP,JOHN D. JOHNSON,0
Summit,PRG45:S4C,State Senate,3,REP,JOHN D. JOHNSON,0
Summit,ROCP54:10,State Senate,3,REP,JOHN D. JOHNSON,37
Summit,ROCP54:S4,State Senate,3,REP,JOHN D. JOHNSON,0
Summit,SCRL44:31,State Senate,3,REP,JOHN D. JOHNSON,207
Summit,SCRU8:31,State Senate,3,REP,JOHN D. JOHNSON,137
Summit,SCRU8:NS5,State Senate,3,REP,JOHN D. JOHNSON,13
Summit,SUME30:32,State Senate,3,REP,JOHN D. JOHNSON,132
Summit,SUMW10:32,State Senate,3,REP,JOHN D. JOHNSON,98
Summit,WAGN29:32,State Senate,3,REP,JOHN D. JOHNSON,92
Summit,WANE17:10,State Senate,3,REP,JOHN D. JOHNSON,293
Summit,WANE17:S4,State Senate,3,REP,JOHN D. JOHNSON,0
Summit,WNW17:2,State Senate,3,REP,JOHN D. JOHNSON,116
Summit,WNW17:P4A,State Senate,3,REP,JOHN D. JOHNSON,0
Summit,WNW17:P4B,State Senate,3,REP,JOHN D. JOHNSON,0
Summit,BTNN34:25,State House,4,REP,KERA YATES BIRKELAND,191
Summit,BTNS34:10,State House,4,REP,KERA YATES BIRKELAND,93
Summit,CCRK20:10,State House,4,REP,KERA YATES BIRKELAND,210
Summit,CLN19:10,State House,4,REP,KERA YATES BIRKELAND,283
Summit,CLS19:25,State House,4,REP,KERA YATES BIRKELAND,270
Summit,COLN56:10,State House,4,REP,KERA YATES BIRKELAND,0
Summit,ECOR46:10,State House,4,REP,KERA YATES BIRKELAND,0
Summit,ECOR46:50,State House,4,REP,KERA YATES BIRKELAND,0
Summit,FRAE28:25,State House,4,REP,KERA YATES BIRKELAND,253
Summit,FRAW28:10,State House,4,REP,KERA YATES BIRKELAND,395
Summit,GARF58:10,State House,4,REP,KERA YATES BIRKELAND,0
Summit,HEE38:32,State House,4,REP,KERA YATES BIRKELAND,180
Summit,HEN25:1,State House,4,REP,KERA YATES BIRKELAND,389
Summit,HEW23:32,State House,4,REP,KERA YATES BIRKELAND,211
Summit,HOYT18:10,State House,4,REP,KERA YATES BIRKELAND,408
Summit,JERE37:32,State House,4,REP,KERA YATES BIRKELAND,248
Summit,JERW27:32,State House,4,REP,KERA YATES BIRKELAND,261
Summit,KAMN12:10,State House,4,REP,KERA YATES BIRKELAND,329
Summit,KAMS12:25,State House,4,REP,KERA YATES BIRKELAND,287
Summit,KCYN43:32,State House,4,REP,KERA YATES BIRKELAND,82
Summit,LPNE9:15,State House,4,REP,KERA YATES BIRKELAND,139
Summit,LPNW9:3,State House,4,REP,KERA YATES BIRKELAND,149
Summit,MHW40:32,State House,4,REP,KERA YATES BIRKELAND,237
Summit,MTCR59:10,State House,4,REP,KERA YATES BIRKELAND,0
Summit,NSN24:10,State House,4,REP,KERA YATES BIRKELAND,168
Summit,OAKN14:10,State House,4,REP,KERA YATES BIRKELAND,252
Summit,OAKS14:25,State House,4,REP,KERA YATES BIRKELAND,312
Summit,PARW7:32,State House,4,REP,KERA YATES BIRKELAND,281
Summit,PEOA15:20,State House,4,REP,KERA YATES BIRKELAND,137
Summit,PEW51:10,State House,4,REP,KERA YATES BIRKELAND,15
Summit,PEW51:NS5,State House,4,REP,KERA YATES BIRKELAND,0
Summit,PINN39:32,State House,4,REP,KERA YATES BIRKELAND,193
Summit,PRG45:32,State House,4,REP,KERA YATES BIRKELAND,134
Summit,PRG45:S4A,State House,4,REP,KERA YATES BIRKELAND,0
Summit,PRG45:S4B,State House,4,REP,KERA YATES BIRKELAND,0
Summit,PRG45:S4C,State House,4,REP,KERA YATES BIRKELAND,0
Summit,PRM48:10,State House,4,REP,KERA YATES BIRKELAND,366
Summit,PRM48:N5A,State House,4,REP,KERA YATES BIRKELAND,12
Summit,PRM48:N5B,State House,4,REP,KERA YATES BIRKELAND,0
Summit,ROCP54:10,State House,4,REP,KERA YATES BIRKELAND,45
Summit,ROCP54:S4,State House,4,REP,KERA YATES BIRKELAND,0
Summit,RPL26:32,State House,4,REP,KERA YATES BIRKELAND,195
Summit,SCRL44:31,State House,4,REP,KERA YATES BIRKELAND,200
Summit,SCRU8:31,State House,4,REP,KERA YATES BIRKELAND,134
Summit,SCRU8:NS5,State House,4,REP,KERA YATES BIRKELAND,10
Summit,SFCC57:10,State House,4,REP,KERA YATES BIRKELAND,0
Summit,SLVR16:32,State House,4,REP,KERA YATES BIRKELAND,188
Summit,SSE13:20,State House,4,REP,KERA YATES BIRKELAND,276
Summit,SSS11:20,State House,4,REP,KERA YATES BIRKELAND,251
Summit,SSW22:20,State House,4,REP,KERA YATES BIRKELAND,240
Summit,UPIN41:32,State House,4,REP,KERA YATES BIRKELAND,140
Summit,WAGN29:32,State House,4,REP,KERA YATES BIRKELAND,89
Summit,WANE17:10,State House,4,REP,KERA YATES BIRKELAND,297
Summit,WANE17:S4,State House,4,REP,KERA YATES BIRKELAND,0
Summit,WNW17:2,State House,4,REP,KERA YATES BIRKELAND,113
Summit,WNW17:P4A,State House,4,REP,KERA YATES BIRKELAND,0
Summit,WNW17:P4B,State House,4,REP,KERA YATES BIRKELAND,0
Summit,WEBC21:20,State House,4,REP,KERA YATES BIRKELAND,145
Summit,BTNN34:25,State House,4,DEM,KRIS CAMPBELL,226
Summit,BTNS34:10,State House,4,DEM,KRIS CAMPBELL,240
Summit,CCRK20:10,State House,4,DEM,KRIS CAMPBELL,61
Summit,CLN19:10,State House,4,DEM,KRIS CAMPBELL,123
Summit,CLS19:25,State House,4,DEM,KRIS CAMPBELL,53
Summit,COLN56:10,State House,4,DEM,KRIS CAMPBELL,0
Summit,ECOR46:10,State House,4,DEM,KRIS CAMPBELL,0
Summit,ECOR46:50,State House,4,DEM,KRIS CAMPBELL,0
Summit,FRAE28:25,State House,4,DEM,KRIS CAMPBELL,95
Summit,FRAW28:10,State House,4,DEM,KRIS CAMPBELL,210
Summit,GARF58:10,State House,4,DEM,KRIS CAMPBELL,0
Summit,HEE38:32,State House,4,DEM,KRIS CAMPBELL,481
Summit,HEN25:1,State House,4,DEM,KRIS CAMPBELL,63
Summit,HEW23:32,State House,4,DEM,KRIS CAMPBELL,379
Summit,HOYT18:10,State House,4,DEM,KRIS CAMPBELL,120
Summit,JERE37:32,State House,4,DEM,KRIS CAMPBELL,422
Summit,JERW27:32,State House,4,DEM,KRIS CAMPBELL,374
Summit,KAMN12:10,State House,4,DEM,KRIS CAMPBELL,218
Summit,KAMS12:25,State House,4,DEM,KRIS CAMPBELL,160
Summit,KCYN43:32,State House,4,DEM,KRIS CAMPBELL,116
Summit,LPNE9:15,State House,4,DEM,KRIS CAMPBELL,321
Summit,LPNW9:3,State House,4,DEM,KRIS CAMPBELL,298
Summit,MHW40:32,State House,4,DEM,KRIS CAMPBELL,373
Summit,MTCR59:10,State House,4,DEM,KRIS CAMPBELL,0
Summit,NSN24:10,State House,4,DEM,KRIS CAMPBELL,29
Summit,OAKN14:10,State House,4,DEM,KRIS CAMPBELL,121
Summit,OAKS14:25,State House,4,DEM,KRIS CAMPBELL,166
Summit,PARW7:32,State House,4,DEM,KRIS CAMPBELL,531
Summit,PEOA15:20,State House,4,DEM,KRIS CAMPBELL,61
Summit,PEW51:10,State House,4,DEM,KRIS CAMPBELL,14
Summit,PEW51:NS5,State House,4,DEM,KRIS CAMPBELL,0
Summit,PINN39:32,State House,4,DEM,KRIS CAMPBELL,396
Summit,PRG45:32,State House,4,DEM,KRIS CAMPBELL,87
Summit,PRG45:S4A,State House,4,DEM,KRIS CAMPBELL,0
Summit,PRG45:S4B,State House,4,DEM,KRIS CAMPBELL,0
Summit,PRG45:S4C,State House,4,DEM,KRIS CAMPBELL,0
Summit,PRM48:10,State House,4,DEM,KRIS CAMPBELL,368
Summit,PRM48:N5A,State House,4,DEM,KRIS CAMPBELL,3
Summit,PRM48:N5B,State House,4,DEM,KRIS CAMPBELL,0
Summit,ROCP54:10,State House,4,DEM,KRIS CAMPBELL,41
Summit,ROCP54:S4,State House,4,DEM,KRIS CAMPBELL,0
Summit,RPL26:32,State House,4,DEM,KRIS CAMPBELL,436
Summit,SCRL44:31,State House,4,DEM,KRIS CAMPBELL,259
Summit,SCRU8:31,State House,4,DEM,KRIS CAMPBELL,189
Summit,SCRU8:NS5,State House,4,DEM,KRIS CAMPBELL,14
Summit,SFCC57:10,State House,4,DEM,KRIS CAMPBELL,0
Summit,SLVR16:32,State House,4,DEM,KRIS CAMPBELL,426
Summit,SSE13:20,State House,4,DEM,KRIS CAMPBELL,187
Summit,SSS11:20,State House,4,DEM,KRIS CAMPBELL,96
Summit,SSW22:20,State House,4,DEM,KRIS CAMPBELL,92
Summit,UPIN41:32,State House,4,DEM,KRIS CAMPBELL,182
Summit,WAGN29:32,State House,4,DEM,KRIS CAMPBELL,227
Summit,WANE17:10,State House,4,DEM,KRIS CAMPBELL,173
Summit,WANE17:S4,State House,4,DEM,KRIS CAMPBELL,0
Summit,WNW17:2,State House,4,DEM,KRIS CAMPBELL,206
Summit,WNW17:P4A,State House,4,DEM,KRIS CAMPBELL,0
Summit,WNW17:P4B,State House,4,DEM,KRIS CAMPBELL,0
Summit,WEBC21:20,State House,4,DEM,KRIS CAMPBELL,108
Summit,SUME30:32,State House,23,REP,M. SCOTT ROMNEY,130
Summit,SUMW10:32,State House,23,REP,M. SCOTT ROMNEY,98
Summit,SUME30:32,State House,23,UUP,CABOT WM. NELSON,20
Summit,SUMW10:32,State House,23,UUP,CABOT WM. NELSON,12
Summit,SUME30:32,State House,23,DEM,HOANG NGUYEN,499
Summit,SUMW10:32,State House,23,DEM,HOANG NGUYEN,355
Summit,DVN1:1,State House,59,DEM,JULIE A. MONAHAN,503
Summit,DVS31:1,State House,59,DEM,JULIE A. MONAHAN,337
Summit,IFOR49:10,State House,59,DEM,JULIE A. MONAHAN,0
Summit,MTRS55:25,State House,59,DEM,JULIE A. MONAHAN,85
Summit,OLDN32:1,State House,59,DEM,JULIE A. MONAHAN,237
Summit,OLDS2:1,State House,59,DEM,JULIE A. MONAHAN,135
Summit,PARS7:25,State House,59,DEM,JULIE A. MONAHAN,159
Summit,PKMN35:1,State House,59,DEM,JULIE A. MONAHAN,425
Summit,PKMS5:1,State House,59,DEM,JULIE A. MONAHAN,365
Summit,PROS3:1,State House,59,DEM,JULIE A. MONAHAN,224
Summit,QUAR6:1,State House,59,DEM,JULIE A. MONAHAN,398
Summit,RANS36:32,State House,59,DEM,JULIE A. MONAHAN,149
Summit,RNDV47:10,State House,59,DEM,JULIE A. MONAHAN,0
Summit,SIDE33:1,State House,59,DEM,JULIE A. MONAHAN,275
Summit,SML42:32,State House,59,DEM,JULIE A. MONAHAN,387
Summit,THAY4:1,State House,59,DEM,JULIE A. MONAHAN,280
Summit,DVN1:1,State House,59,REP,MIKE KOHLER,255
Summit,DVS31:1,State House,59,REP,MIKE KOHLER,209
Summit,IFOR49:10,State House,59,REP,MIKE KOHLER,0
Summit,MTRS55:25,State House,59,REP,MIKE KOHLER,93
Summit,OLDN32:1,State House,59,REP,MIKE KOHLER,89
Summit,OLDS2:1,State House,59,REP,MIKE KOHLER,37
Summit,PARS7:25,State House,59,REP,MIKE KOHLER,105
Summit,PKMN35:1,State House,59,REP,MIKE KOHLER,288
Summit,PKMS5:1,State House,59,REP,MIKE KOHLER,123
Summit,PROS3:1,State House,59,REP,MIKE KOHLER,99
Summit,QUAR6:1,State House,59,REP,MIKE KOHLER,190
Summit,RANS36:32,State House,59,REP,MIKE KOHLER,89
Summit,RNDV47:10,State House,59,REP,MIKE KOHLER,0
Summit,SIDE33:1,State House,59,REP,MIKE KOHLER,79
Summit,SML42:32,State House,59,REP,MIKE KOHLER,198
Summit,THAY4:1,State House,59,REP,MIKE KOHLER,141
Summit,UINT52:10,State House,68,REP,SCOTT H CHEW,0
Summit,BTNN34:25,State School Board (Multi-County),6,DEM,CAROL BARLOW LEAR,224
Summit,BTNS34:10,State School Board (Multi-County),6,DEM,CAROL BARLOW LEAR,216
Summit,DVN1:1,State School Board (Multi-County),6,DEM,CAROL BARLOW LEAR,460
Summit,DVS31:1,State School Board (Multi-County),6,DEM,CAROL BARLOW LEAR,324
Summit,HEE38:32,State School Board (Multi-County),6,DEM,CAROL BARLOW LEAR,459
Summit,HEW23:32,State School Board (Multi-County),6,DEM,CAROL BARLOW LEAR,358
Summit,IFOR49:10,State School Board (Multi-County),6,DEM,CAROL BARLOW LEAR,0
Summit,JERE37:32,State School Board (Multi-County),6,DEM,CAROL BARLOW LEAR,389
Summit,JERW27:32,State School Board (Multi-County),6,DEM,CAROL BARLOW LEAR,336
Summit,KCYN43:32,State School Board (Multi-County),6,DEM,CAROL BARLOW LEAR,100
Summit,LPNE9:15,State School Board (Multi-County),6,DEM,CAROL BARLOW LEAR,285
Summit,LPNW9:3,State School Board (Multi-County),6,DEM,CAROL BARLOW LEAR,267
Summit,MHW40:32,State School Board (Multi-County),6,DEM,CAROL BARLOW LEAR,368
Summit,MTRS55:25,State School Board (Multi-County),6,DEM,CAROL BARLOW LEAR,92
Summit,OLDN32:1,State School Board (Multi-County),6,DEM,CAROL BARLOW LEAR,213
Summit,OLDS2:1,State School Board (Multi-County),6,DEM,CAROL BARLOW LEAR,128
Summit,PARS7:25,State School Board (Multi-County),6,DEM,CAROL BARLOW LEAR,142
Summit,PARW7:32,State School Board (Multi-County),6,DEM,CAROL BARLOW LEAR,480
Summit,PINN39:32,State School Board (Multi-County),6,DEM,CAROL BARLOW LEAR,372
Summit,PKMN35:1,State School Board (Multi-County),6,DEM,CAROL BARLOW LEAR,407
Summit,PKMS5:1,State School Board (Multi-County),6,DEM,CAROL BARLOW LEAR,334
Summit,PROS3:1,State School Board (Multi-County),6,DEM,CAROL BARLOW LEAR,200
Summit,QUAR6:1,State School Board (Multi-County),6,DEM,CAROL BARLOW LEAR,356
Summit,RANS36:32,State School Board (Multi-County),6,DEM,CAROL BARLOW LEAR,138
Summit,RNDV47:10,State School Board (Multi-County),6,DEM,CAROL BARLOW LEAR,0
Summit,RPL26:32,State School Board (Multi-County),6,DEM,CAROL BARLOW LEAR,409
Summit,SCRL44:31,State School Board (Multi-County),6,DEM,CAROL BARLOW LEAR,255
Summit,SCRU8:31,State School Board (Multi-County),6,DEM,CAROL BARLOW LEAR,172
Summit,SCRU8:NS5,State School Board (Multi-County),6,DEM,CAROL BARLOW LEAR,11
Summit,SIDE33:1,State School Board (Multi-County),6,DEM,CAROL BARLOW LEAR,250
Summit,SLVR16:32,State School Board (Multi-County),6,DEM,CAROL BARLOW LEAR,413
Summit,SML42:32,State School Board (Multi-County),6,DEM,CAROL BARLOW LEAR,352
Summit,SUME30:32,State School Board (Multi-County),6,DEM,CAROL BARLOW LEAR,455
Summit,SUMW10:32,State School Board (Multi-County),6,DEM,CAROL BARLOW LEAR,349
Summit,THAY4:1,State School Board (Multi-County),6,DEM,CAROL BARLOW LEAR,246
Summit,UPIN41:32,State School Board (Multi-County),6,DEM,CAROL BARLOW LEAR,180
Summit,WAGN29:32,State School Board (Multi-County),6,DEM,CAROL BARLOW LEAR,199
Summit,BTNN34:25,State School Board (Multi-County),6,,DIANE LIVINGSTON,129
Summit,BTNS34:10,State School Board (Multi-County),6,,DIANE LIVINGSTON,84
Summit,DVN1:1,State School Board (Multi-County),6,,DIANE LIVINGSTON,220
Summit,DVS31:1,State School Board (Multi-County),6,,DIANE LIVINGSTON,134
Summit,HEE38:32,State School Board (Multi-County),6,,DIANE LIVINGSTON,179
Summit,HEW23:32,State School Board (Multi-County),6,,DIANE LIVINGSTON,158
Summit,IFOR49:10,State School Board (Multi-County),6,,DIANE LIVINGSTON,0
Summit,JERE37:32,State School Board (Multi-County),6,,DIANE LIVINGSTON,225
Summit,JERW27:32,State School Board (Multi-County),6,,DIANE LIVINGSTON,245
Summit,KCYN43:32,State School Board (Multi-County),6,,DIANE LIVINGSTON,61
Summit,LPNE9:15,State School Board (Multi-County),6,,DIANE LIVINGSTON,129
Summit,LPNW9:3,State School Board (Multi-County),6,,DIANE LIVINGSTON,146
Summit,MHW40:32,State School Board (Multi-County),6,,DIANE LIVINGSTON,184
Summit,MTRS55:25,State School Board (Multi-County),6,,DIANE LIVINGSTON,63
Summit,OLDN32:1,State School Board (Multi-County),6,,DIANE LIVINGSTON,75
Summit,OLDS2:1,State School Board (Multi-County),6,,DIANE LIVINGSTON,32
Summit,PARS7:25,State School Board (Multi-County),6,,DIANE LIVINGSTON,79
Summit,PARW7:32,State School Board (Multi-County),6,,DIANE LIVINGSTON,221
Summit,PINN39:32,State School Board (Multi-County),6,,DIANE LIVINGSTON,167
Summit,PKMN35:1,State School Board (Multi-County),6,,DIANE LIVINGSTON,219
Summit,PKMS5:1,State School Board (Multi-County),6,,DIANE LIVINGSTON,120
Summit,PROS3:1,State School Board (Multi-County),6,,DIANE LIVINGSTON,93
Summit,QUAR6:1,State School Board (Multi-County),6,,DIANE LIVINGSTON,165
Summit,RANS36:32,State School Board (Multi-County),6,,DIANE LIVINGSTON,79
Summit,RNDV47:10,State School Board (Multi-County),6,,DIANE LIVINGSTON,0
Summit,RPL26:32,State School Board (Multi-County),6,,DIANE LIVINGSTON,172
Summit,SCRL44:31,State School Board (Multi-County),6,,DIANE LIVINGSTON,157
Summit,SCRU8:31,State School Board (Multi-County),6,,DIANE LIVINGSTON,111
Summit,SCRU8:NS5,State School Board (Multi-County),6,,DIANE LIVINGSTON,10
Summit,SIDE33:1,State School Board (Multi-County),6,,DIANE LIVINGSTON,79
Summit,SLVR16:32,State School Board (Multi-County),6,,DIANE LIVINGSTON,162
Summit,SML42:32,State School Board (Multi-County),6,,DIANE LIVINGSTON,169
Summit,SUME30:32,State School Board (Multi-County),6,,DIANE LIVINGSTON,149
Summit,SUMW10:32,State School Board (Multi-County),6,,DIANE LIVINGSTON,91
Summit,THAY4:1,State School Board (Multi-County),6,,DIANE LIVINGSTON,124
Summit,UPIN41:32,State School Board (Multi-County),6,,DIANE LIVINGSTON,124
Summit,WAGN29:32,State School Board (Multi-County),6,,DIANE LIVINGSTON,89
Summit,BTNN34:25,Summit County Council Seat A,,REP,REP TORY WELCH,202
Summit,BTNS34:10,Summit County Council Seat A,,REP,REP TORY WELCH,108
Summit,CCRK20:10,Summit County Council Seat A,,REP,REP TORY WELCH,234
Summit,CLN19:10,Summit County Council Seat A,,REP,REP TORY WELCH,307
Summit,CLS19:25,Summit County Council Seat A,,REP,REP TORY WELCH,273
Summit,COLN56:10,Summit County Council Seat A,,REP,REP TORY WELCH,0
Summit,DVN1:1,Summit County Council Seat A,,REP,REP TORY WELCH,280
Summit,DVS31:1,Summit County Council Seat A,,REP,REP TORY WELCH,206
Summit,ECOR46:10,Summit County Council Seat A,,REP,REP TORY WELCH,0
Summit,ECOR46:50,Summit County Council Seat A,,REP,REP TORY WELCH,0
Summit,FRAE28:25,Summit County Council Seat A,,REP,REP TORY WELCH,276
Summit,FRAW28:10,Summit County Council Seat A,,REP,REP TORY WELCH,433
Summit,GARF58:10,Summit County Council Seat A,,REP,REP TORY WELCH,0
Summit,HEE38:32,Summit County Council Seat A,,REP,REP TORY WELCH,221
Summit,HEN25:1,Summit County Council Seat A,,REP,REP TORY WELCH,399
Summit,HEW23:32,Summit County Council Seat A,,REP,REP TORY WELCH,211
Summit,HOYT18:10,Summit County Council Seat A,,REP,REP TORY WELCH,445
Summit,IFOR49:10,Summit County Council Seat A,,REP,REP TORY WELCH,0
Summit,JERE37:32,Summit County Council Seat A,,REP,REP TORY WELCH,266
Summit,JERW27:32,Summit County Council Seat A,,REP,REP TORY WELCH,281
Summit,KAMN12:10,Summit County Council Seat A,,REP,REP TORY WELCH,345
Summit,KAMS12:25,Summit County Council Seat A,,REP,REP TORY WELCH,313
Summit,KCYN43:32,Summit County Council Seat A,,REP,REP TORY WELCH,87
Summit,LPNE9:15,Summit County Council Seat A,,REP,REP TORY WELCH,151
Summit,LPNW9:3,Summit County Council Seat A,,REP,REP TORY WELCH,162
Summit,MHW40:32,Summit County Council Seat A,,REP,REP TORY WELCH,260
Summit,MTCR59:10,Summit County Council Seat A,,REP,REP TORY WELCH,0
Summit,MTRS55:25,Summit County Council Seat A,,REP,REP TORY WELCH,97
Summit,NSN24:10,Summit County Council Seat A,,REP,REP TORY WELCH,175
Summit,OAKN14:10,Summit County Council Seat A,,REP,REP TORY WELCH,272
Summit,OAKS14:25,Summit County Council Seat A,,REP,REP TORY WELCH,342
Summit,OLDN32:1,Summit County Council Seat A,,REP,REP TORY WELCH,113
Summit,OLDS2:1,Summit County Council Seat A,,REP,REP TORY WELCH,52
Summit,PARS7:25,Summit County Council Seat A,,REP,REP TORY WELCH,122
Summit,PARW7:32,Summit County Council Seat A,,REP,REP TORY WELCH,311
Summit,PEOA15:20,Summit County Council Seat A,,REP,REP TORY WELCH,146
Summit,PEW51:10,Summit County Council Seat A,,REP,REP TORY WELCH,20
Summit,PEW51:NS5,Summit County Council Seat A,,REP,REP TORY WELCH,0
Summit,PINN39:32,Summit County Council Seat A,,REP,REP TORY WELCH,205
Summit,PKMN35:1,Summit County Council Seat A,,REP,REP TORY WELCH,270
Summit,PKMS5:1,Summit County Council Seat A,,REP,REP TORY WELCH,125
Summit,PRG45:32,Summit County Council Seat A,,REP,REP TORY WELCH,132
Summit,PRG45:S4A,Summit County Council Seat A,,REP,REP TORY WELCH,0
Summit,PRG45:S4B,Summit County Council Seat A,,REP,REP TORY WELCH,0
Summit,PRG45:S4C,Summit County Council Seat A,,REP,REP TORY WELCH,0
Summit,PRM48:10,Summit County Council Seat A,,REP,REP TORY WELCH,365
Summit,PRM48:N5A,Summit County Council Seat A,,REP,REP TORY WELCH,12
Summit,PRM48:N5B,Summit County Council Seat A,,REP,REP TORY WELCH,0
Summit,PROS3:1,Summit County Council Seat A,,REP,REP TORY WELCH,104
Summit,QUAR6:1,Summit County Council Seat A,,REP,REP TORY WELCH,206
Summit,RANS36:32,Summit County Council Seat A,,REP,REP TORY WELCH,85
Summit,RNDV47:10,Summit County Council Seat A,,REP,REP TORY WELCH,0
Summit,ROCP54:10,Summit County Council Seat A,,REP,REP TORY WELCH,48
Summit,ROCP54:S4,Summit County Council Seat A,,REP,REP TORY WELCH,0
Summit,RPL26:32,Summit County Council Seat A,,REP,REP TORY WELCH,214
Summit,SCRL44:31,Summit County Council Seat A,,REP,REP TORY WELCH,213
Summit,SCRU8:31,Summit County Council Seat A,,REP,REP TORY WELCH,146
Summit,SCRU8:NS5,Summit County Council Seat A,,REP,REP TORY WELCH,12
Summit,SFCC57:10,Summit County Council Seat A,,REP,REP TORY WELCH,0
Summit,SIDE33:1,Summit County Council Seat A,,REP,REP TORY WELCH,102
Summit,SLVR16:32,Summit County Council Seat A,,REP,REP TORY WELCH,186
Summit,SML42:32,Summit County Council Seat A,,REP,REP TORY WELCH,198
Summit,SSE13:20,Summit County Council Seat A,,REP,REP TORY WELCH,284
Summit,SSS11:20,Summit County Council Seat A,,REP,REP TORY WELCH,258
Summit,SSW22:20,Summit County Council Seat A,,REP,REP TORY WELCH,248
Summit,SUME30:32,Summit County Council Seat A,,REP,REP TORY WELCH,174
Summit,SUMW10:32,Summit County Council Seat A,,REP,REP TORY WELCH,120
Summit,THAY4:1,Summit County Council Seat A,,REP,REP TORY WELCH,148
Summit,UINT52:10,Summit County Council Seat A,,REP,REP TORY WELCH,0
Summit,UPIN41:32,Summit County Council Seat A,,REP,REP TORY WELCH,143
Summit,WAGN29:32,Summit County Council Seat A,,REP,REP TORY WELCH,114
Summit,WANE17:10,Summit County Council Seat A,,REP,REP TORY WELCH,314
Summit,WANE17:S4,Summit County Council Seat A,,REP,REP TORY WELCH,0
Summit,WNW17:2,Summit County Council Seat A,,REP,REP TORY WELCH,132
Summit,WNW17:P4A,Summit County Council Seat A,,REP,REP TORY WELCH,0
Summit,WNW17:P4B,Summit County Council Seat A,,REP,REP TORY WELCH,0
Summit,WEBC21:20,Summit County Council Seat A,,REP,REP TORY WELCH,153
Summit,BTNN34:25,Summit County Council Seat A,,DEM,DEM ROGER ARMSTRONG,223
Summit,BTNS34:10,Summit County Council Seat A,,DEM,DEM ROGER ARMSTRONG,230
Summit,CCRK20:10,Summit County Council Seat A,,DEM,DEM ROGER ARMSTRONG,39
Summit,CLN19:10,Summit County Council Seat A,,DEM,DEM ROGER ARMSTRONG,99
Summit,CLS19:25,Summit County Council Seat A,,DEM,DEM ROGER ARMSTRONG,61
Summit,COLN56:10,Summit County Council Seat A,,DEM,DEM ROGER ARMSTRONG,0
Summit,DVN1:1,Summit County Council Seat A,,DEM,DEM ROGER ARMSTRONG,480
Summit,DVS31:1,Summit County Council Seat A,,DEM,DEM ROGER ARMSTRONG,335
Summit,ECOR46:10,Summit County Council Seat A,,DEM,DEM ROGER ARMSTRONG,0
Summit,ECOR46:50,Summit County Council Seat A,,DEM,DEM ROGER ARMSTRONG,0
Summit,FRAE28:25,Summit County Council Seat A,,DEM,DEM ROGER ARMSTRONG,82
Summit,FRAW28:10,Summit County Council Seat A,,DEM,DEM ROGER ARMSTRONG,187
Summit,GARF58:10,Summit County Council Seat A,,DEM,DEM ROGER ARMSTRONG,0
Summit,HEE38:32,Summit County Council Seat A,,DEM,DEM ROGER ARMSTRONG,435
Summit,HEN25:1,Summit County Council Seat A,,DEM,DEM ROGER ARMSTRONG,61
Summit,HEW23:32,Summit County Council Seat A,,DEM,DEM ROGER ARMSTRONG,376
Summit,HOYT18:10,Summit County Council Seat A,,DEM,DEM ROGER ARMSTRONG,96
Summit,IFOR49:10,Summit County Council Seat A,,DEM,DEM ROGER ARMSTRONG,0
Summit,JERE37:32,Summit County Council Seat A,,DEM,DEM ROGER ARMSTRONG,400
Summit,JERW27:32,Summit County Council Seat A,,DEM,DEM ROGER ARMSTRONG,348
Summit,KAMN12:10,Summit County Council Seat A,,DEM,DEM ROGER ARMSTRONG,207
Summit,KAMS12:25,Summit County Council Seat A,,DEM,DEM ROGER ARMSTRONG,136
Summit,KCYN43:32,Summit County Council Seat A,,DEM,DEM ROGER ARMSTRONG,113
Summit,LPNE9:15,Summit County Council Seat A,,DEM,DEM ROGER ARMSTRONG,311
Summit,LPNW9:3,Summit County Council Seat A,,DEM,DEM ROGER ARMSTRONG,283
Summit,MHW40:32,Summit County Council Seat A,,DEM,DEM ROGER ARMSTRONG,351
Summit,MTCR59:10,Summit County Council Seat A,,DEM,DEM ROGER ARMSTRONG,0
Summit,MTRS55:25,Summit County Council Seat A,,DEM,DEM ROGER ARMSTRONG,79
Summit,NSN24:10,Summit County Council Seat A,,DEM,DEM ROGER ARMSTRONG,23
Summit,OAKN14:10,Summit County Council Seat A,,DEM,DEM ROGER ARMSTRONG,110
Summit,OAKS14:25,Summit County Council Seat A,,DEM,DEM ROGER ARMSTRONG,138
Summit,OLDN32:1,Summit County Council Seat A,,DEM,DEM ROGER ARMSTRONG,212
Summit,OLDS2:1,Summit County Council Seat A,,DEM,DEM ROGER ARMSTRONG,128
Summit,PARS7:25,Summit County Council Seat A,,DEM,DEM ROGER ARMSTRONG,144
Summit,PARW7:32,Summit County Council Seat A,,DEM,DEM ROGER ARMSTRONG,492
Summit,PEOA15:20,Summit County Council Seat A,,DEM,DEM ROGER ARMSTRONG,50
Summit,PEW51:10,Summit County Council Seat A,,DEM,DEM ROGER ARMSTRONG,9
Summit,PEW51:NS5,Summit County Council Seat A,,DEM,DEM ROGER ARMSTRONG,0
Summit,PINN39:32,Summit County Council Seat A,,DEM,DEM ROGER ARMSTRONG,391
Summit,PKMN35:1,Summit County Council Seat A,,DEM,DEM ROGER ARMSTRONG,454
Summit,PKMS5:1,Summit County Council Seat A,,DEM,DEM ROGER ARMSTRONG,359
Summit,PRG45:32,Summit County Council Seat A,,DEM,DEM ROGER ARMSTRONG,93
Summit,PRG45:S4A,Summit County Council Seat A,,DEM,DEM ROGER ARMSTRONG,0
Summit,PRG45:S4B,Summit County Council Seat A,,DEM,DEM ROGER ARMSTRONG,0
Summit,PRG45:S4C,Summit County Council Seat A,,DEM,DEM ROGER ARMSTRONG,0
Summit,PRM48:10,Summit County Council Seat A,,DEM,DEM ROGER ARMSTRONG,386
Summit,PRM48:N5A,Summit County Council Seat A,,DEM,DEM ROGER ARMSTRONG,3
Summit,PRM48:N5B,Summit County Council Seat A,,DEM,DEM ROGER ARMSTRONG,0
Summit,PROS3:1,Summit County Council Seat A,,DEM,DEM ROGER ARMSTRONG,215
Summit,QUAR6:1,Summit County Council Seat A,,DEM,DEM ROGER ARMSTRONG,380
Summit,RANS36:32,Summit County Council Seat A,,DEM,DEM ROGER ARMSTRONG,157
Summit,RNDV47:10,Summit County Council Seat A,,DEM,DEM ROGER ARMSTRONG,0
Summit,ROCP54:10,Summit County Council Seat A,,DEM,DEM ROGER ARMSTRONG,38
Summit,ROCP54:S4,Summit County Council Seat A,,DEM,DEM ROGER ARMSTRONG,0
Summit,RPL26:32,Summit County Council Seat A,,DEM,DEM ROGER ARMSTRONG,422
Summit,SCRL44:31,Summit County Council Seat A,,DEM,DEM ROGER ARMSTRONG,254
Summit,SCRU8:31,Summit County Council Seat A,,DEM,DEM ROGER ARMSTRONG,170
Summit,SCRU8:NS5,Summit County Council Seat A,,DEM,DEM ROGER ARMSTRONG,13
Summit,SFCC57:10,Summit County Council Seat A,,DEM,DEM ROGER ARMSTRONG,0
Summit,SIDE33:1,Summit County Council Seat A,,DEM,DEM ROGER ARMSTRONG,257
Summit,SLVR16:32,Summit County Council Seat A,,DEM,DEM ROGER ARMSTRONG,438
Summit,SML42:32,Summit County Council Seat A,,DEM,DEM ROGER ARMSTRONG,381
Summit,SSE13:20,Summit County Council Seat A,,DEM,DEM ROGER ARMSTRONG,178
Summit,SSS11:20,Summit County Council Seat A,,DEM,DEM ROGER ARMSTRONG,93
Summit,SSW22:20,Summit County Council Seat A,,DEM,DEM ROGER ARMSTRONG,89
Summit,SUME30:32,Summit County Council Seat A,,DEM,DEM ROGER ARMSTRONG,472
Summit,SUMW10:32,Summit County Council Seat A,,DEM,DEM ROGER ARMSTRONG,352
Summit,THAY4:1,Summit County Council Seat A,,DEM,DEM ROGER ARMSTRONG,272
Summit,UINT52:10,Summit County Council Seat A,,DEM,DEM ROGER ARMSTRONG,0
Summit,UPIN41:32,Summit County Council Seat A,,DEM,DEM ROGER ARMSTRONG,175
Summit,WAGN29:32,Summit County Council Seat A,,DEM,DEM ROGER ARMSTRONG,200
Summit,WANE17:10,Summit County Council Seat A,,DEM,DEM ROGER ARMSTRONG,158
Summit,WANE17:S4,Summit County Council Seat A,,DEM,DEM ROGER ARMSTRONG,0
Summit,WNW17:2,Summit County Council Seat A,,DEM,DEM ROGER ARMSTRONG,188
Summit,WNW17:P4A,Summit County Council Seat A,,DEM,DEM ROGER ARMSTRONG,0
Summit,WNW17:P4B,Summit County Council Seat A,,DEM,DEM ROGER ARMSTRONG,0
Summit,WEBC21:20,Summit County Council Seat A,,DEM,DEM ROGER ARMSTRONG,102
Summit,BTNN34:25,Summit County Council Seat B,,DEM,DEM TONJA BLONQUIST HANSON,278
Summit,BTNS34:10,Summit County Council Seat B,,DEM,DEM TONJA BLONQUIST HANSON,253
Summit,CCRK20:10,Summit County Council Seat B,,DEM,DEM TONJA BLONQUIST HANSON,174
Summit,CLN19:10,Summit County Council Seat B,,DEM,DEM TONJA BLONQUIST HANSON,273
Summit,CLS19:25,Summit County Council Seat B,,DEM,DEM TONJA BLONQUIST HANSON,198
Summit,COLN56:10,Summit County Council Seat B,,DEM,DEM TONJA BLONQUIST HANSON,0
Summit,DVN1:1,Summit County Council Seat B,,DEM,DEM TONJA BLONQUIST HANSON,549
Summit,DVS31:1,Summit County Council Seat B,,DEM,DEM TONJA BLONQUIST HANSON,381
Summit,ECOR46:10,Summit County Council Seat B,,DEM,DEM TONJA BLONQUIST HANSON,0
Summit,ECOR46:50,Summit County Council Seat B,,DEM,DEM TONJA BLONQUIST HANSON,0
Summit,FRAE28:25,Summit County Council Seat B,,DEM,DEM TONJA BLONQUIST HANSON,212
Summit,FRAW28:10,Summit County Council Seat B,,DEM,DEM TONJA BLONQUIST HANSON,353
Summit,GARF58:10,Summit County Council Seat B,,DEM,DEM TONJA BLONQUIST HANSON,0
Summit,HEE38:32,Summit County Council Seat B,,DEM,DEM TONJA BLONQUIST HANSON,533
Summit,HEN25:1,Summit County Council Seat B,,DEM,DEM TONJA BLONQUIST HANSON,284
Summit,HEW23:32,Summit County Council Seat B,,DEM,DEM TONJA BLONQUIST HANSON,412
Summit,HOYT18:10,Summit County Council Seat B,,DEM,DEM TONJA BLONQUIST HANSON,332
Summit,IFOR49:10,Summit County Council Seat B,,DEM,DEM TONJA BLONQUIST HANSON,0
Summit,JERE37:32,Summit County Council Seat B,,DEM,DEM TONJA BLONQUIST HANSON,485
Summit,JERW27:32,Summit County Council Seat B,,DEM,DEM TONJA BLONQUIST HANSON,438
Summit,KAMN12:10,Summit County Council Seat B,,DEM,DEM TONJA BLONQUIST HANSON,373
Summit,KAMS12:25,Summit County Council Seat B,,DEM,DEM TONJA BLONQUIST HANSON,313
Summit,KCYN43:32,Summit County Council Seat B,,DEM,DEM TONJA BLONQUIST HANSON,129
Summit,LPNE9:15,Summit County Council Seat B,,DEM,DEM TONJA BLONQUIST HANSON,351
Summit,LPNW9:3,Summit County Council Seat B,,DEM,DEM TONJA BLONQUIST HANSON,328
Summit,MHW40:32,Summit County Council Seat B,,DEM,DEM TONJA BLONQUIST HANSON,428
Summit,MTCR59:10,Summit County Council Seat B,,DEM,DEM TONJA BLONQUIST HANSON,0
Summit,MTRS55:25,Summit County Council Seat B,,DEM,DEM TONJA BLONQUIST HANSON,110
Summit,NSN24:10,Summit County Council Seat B,,DEM,DEM TONJA BLONQUIST HANSON,114
Summit,OAKN14:10,Summit County Council Seat B,,DEM,DEM TONJA BLONQUIST HANSON,222
Summit,OAKS14:25,Summit County Council Seat B,,DEM,DEM TONJA BLONQUIST HANSON,307
Summit,OLDN32:1,Summit County Council Seat B,,DEM,DEM TONJA BLONQUIST HANSON,245
Summit,OLDS2:1,Summit County Council Seat B,,DEM,DEM TONJA BLONQUIST HANSON,142
Summit,PARS7:25,Summit County Council Seat B,,DEM,DEM TONJA BLONQUIST HANSON,183
Summit,PARW7:32,Summit County Council Seat B,,DEM,DEM TONJA BLONQUIST HANSON,585
Summit,PEOA15:20,Summit County Council Seat B,,DEM,DEM TONJA BLONQUIST HANSON,115
Summit,PEW51:10,Summit County Council Seat B,,DEM,DEM TONJA BLONQUIST HANSON,12
Summit,PEW51:NS5,Summit County Council Seat B,,DEM,DEM TONJA BLONQUIST HANSON,0
Summit,PINN39:32,Summit County Council Seat B,,DEM,DEM TONJA BLONQUIST HANSON,464
Summit,PKMN35:1,Summit County Council Seat B,,DEM,DEM TONJA BLONQUIST HANSON,468
Summit,PKMS5:1,Summit County Council Seat B,,DEM,DEM TONJA BLONQUIST HANSON,402
Summit,PRG45:32,Summit County Council Seat B,,DEM,DEM TONJA BLONQUIST HANSON,114
Summit,PRG45:S4A,Summit County Council Seat B,,DEM,DEM TONJA BLONQUIST HANSON,0
Summit,PRG45:S4B,Summit County Council Seat B,,DEM,DEM TONJA BLONQUIST HANSON,0
Summit,PRG45:S4C,Summit County Council Seat B,,DEM,DEM TONJA BLONQUIST HANSON,0
Summit,PRM48:10,Summit County Council Seat B,,DEM,DEM TONJA BLONQUIST HANSON,471
Summit,PRM48:N5A,Summit County Council Seat B,,DEM,DEM TONJA BLONQUIST HANSON,6
Summit,PRM48:N5B,Summit County Council Seat B,,DEM,DEM TONJA BLONQUIST HANSON,0
Summit,PROS3:1,Summit County Council Seat B,,DEM,DEM TONJA BLONQUIST HANSON,233
Summit,QUAR6:1,Summit County Council Seat B,,DEM,DEM TONJA BLONQUIST HANSON,431
Summit,RANS36:32,Summit County Council Seat B,,DEM,DEM TONJA BLONQUIST HANSON,176
Summit,RNDV47:10,Summit County Council Seat B,,DEM,DEM TONJA BLONQUIST HANSON,0
Summit,ROCP54:10,Summit County Council Seat B,,DEM,DEM TONJA BLONQUIST HANSON,63
Summit,ROCP54:S4,Summit County Council Seat B,,DEM,DEM TONJA BLONQUIST HANSON,0
Summit,RPL26:32,Summit County Council Seat B,,DEM,DEM TONJA BLONQUIST HANSON,494
Summit,SCRL44:31,Summit County Council Seat B,,DEM,DEM TONJA BLONQUIST HANSON,317
Summit,SCRU8:31,Summit County Council Seat B,,DEM,DEM TONJA BLONQUIST HANSON,206
Summit,SCRU8:NS5,Summit County Council Seat B,,DEM,DEM TONJA BLONQUIST HANSON,13
Summit,SFCC57:10,Summit County Council Seat B,,DEM,DEM TONJA BLONQUIST HANSON,0
Summit,SIDE33:1,Summit County Council Seat B,,DEM,DEM TONJA BLONQUIST HANSON,286
Summit,SLVR16:32,Summit County Council Seat B,,DEM,DEM TONJA BLONQUIST HANSON,466
Summit,SML42:32,Summit County Council Seat B,,DEM,DEM TONJA BLONQUIST HANSON,423
Summit,SSE13:20,Summit County Council Seat B,,DEM,DEM TONJA BLONQUIST HANSON,288
Summit,SSS11:20,Summit County Council Seat B,,DEM,DEM TONJA BLONQUIST HANSON,188
Summit,SSW22:20,Summit County Council Seat B,,DEM,DEM TONJA BLONQUIST HANSON,202
Summit,SUME30:32,Summit County Council Seat B,,DEM,DEM TONJA BLONQUIST HANSON,540
Summit,SUMW10:32,Summit County Council Seat B,,DEM,DEM TONJA BLONQUIST HANSON,372
Summit,THAY4:1,Summit County Council Seat B,,DEM,DEM TONJA BLONQUIST HANSON,301
Summit,UINT52:10,Summit County Council Seat B,,DEM,DEM TONJA BLONQUIST HANSON,0
Summit,UPIN41:32,Summit County Council Seat B,,DEM,DEM TONJA BLONQUIST HANSON,219
Summit,WAGN29:32,Summit County Council Seat B,,DEM,DEM TONJA BLONQUIST HANSON,245
Summit,WANE17:10,Summit County Council Seat B,,DEM,DEM TONJA BLONQUIST HANSON,276
Summit,WANE17:S4,Summit County Council Seat B,,DEM,DEM TONJA BLONQUIST HANSON,0
Summit,WNW17:2,Summit County Council Seat B,,DEM,DEM TONJA BLONQUIST HANSON,217
Summit,WNW17:P4A,Summit County Council Seat B,,DEM,DEM TONJA BLONQUIST HANSON,0
Summit,WNW17:P4B,Summit County Council Seat B,,DEM,DEM TONJA BLONQUIST HANSON,0
Summit,WEBC21:20,Summit County Council Seat B,,DEM,DEM TONJA BLONQUIST HANSON,158
Summit,BTNN34:25,Summit County Council Seat C,,DEM,DEM MEGAN MARIE MCKENNA,216
Summit,BTNS34:10,Summit County Council Seat C,,DEM,DEM MEGAN MARIE MCKENNA,205
Summit,CCRK20:10,Summit County Council Seat C,,DEM,DEM MEGAN MARIE MCKENNA,74
Summit,CLN19:10,Summit County Council Seat C,,DEM,DEM MEGAN MARIE MCKENNA,128
Summit,CLS19:25,Summit County Council Seat C,,DEM,DEM MEGAN MARIE MCKENNA,75
Summit,COLN56:10,Summit County Council Seat C,,DEM,DEM MEGAN MARIE MCKENNA,0
Summit,DVN1:1,Summit County Council Seat C,,DEM,DEM MEGAN MARIE MCKENNA,449
Summit,DVS31:1,Summit County Council Seat C,,DEM,DEM MEGAN MARIE MCKENNA,325
Summit,ECOR46:10,Summit County Council Seat C,,DEM,DEM MEGAN MARIE MCKENNA,0
Summit,ECOR46:50,Summit County Council Seat C,,DEM,DEM MEGAN MARIE MCKENNA,0
Summit,FRAE28:25,Summit County Council Seat C,,DEM,DEM MEGAN MARIE MCKENNA,90
Summit,FRAW28:10,Summit County Council Seat C,,DEM,DEM MEGAN MARIE MCKENNA,208
Summit,GARF58:10,Summit County Council Seat C,,DEM,DEM MEGAN MARIE MCKENNA,0
Summit,HEE38:32,Summit County Council Seat C,,DEM,DEM MEGAN MARIE MCKENNA,422
Summit,HEN25:1,Summit County Council Seat C,,DEM,DEM MEGAN MARIE MCKENNA,83
Summit,HEW23:32,Summit County Council Seat C,,DEM,DEM MEGAN MARIE MCKENNA,331
Summit,HOYT18:10,Summit County Council Seat C,,DEM,DEM MEGAN MARIE MCKENNA,123
Summit,IFOR49:10,Summit County Council Seat C,,DEM,DEM MEGAN MARIE MCKENNA,0
Summit,JERE37:32,Summit County Council Seat C,,DEM,DEM MEGAN MARIE MCKENNA,384
Summit,JERW27:32,Summit County Council Seat C,,DEM,DEM MEGAN MARIE MCKENNA,342
Summit,KAMN12:10,Summit County Council Seat C,,DEM,DEM MEGAN MARIE MCKENNA,223
Summit,KAMS12:25,Summit County Council Seat C,,DEM,DEM MEGAN MARIE MCKENNA,175
Summit,KCYN43:32,Summit County Council Seat C,,DEM,DEM MEGAN MARIE MCKENNA,114
Summit,LPNE9:15,Summit County Council Seat C,,DEM,DEM MEGAN MARIE MCKENNA,288
Summit,LPNW9:3,Summit County Council Seat C,,DEM,DEM MEGAN MARIE MCKENNA,270
Summit,MHW40:32,Summit County Council Seat C,,DEM,DEM MEGAN MARIE MCKENNA,354
Summit,MTCR59:10,Summit County Council Seat C,,DEM,DEM MEGAN MARIE MCKENNA,0
Summit,MTRS55:25,Summit County Council Seat C,,DEM,DEM MEGAN MARIE MCKENNA,76
Summit,NSN24:10,Summit County Council Seat C,,DEM,DEM MEGAN MARIE MCKENNA,28
Summit,OAKN14:10,Summit County Council Seat C,,DEM,DEM MEGAN MARIE MCKENNA,123
Summit,OAKS14:25,Summit County Council Seat C,,DEM,DEM MEGAN MARIE MCKENNA,159
Summit,OLDN32:1,Summit County Council Seat C,,DEM,DEM MEGAN MARIE MCKENNA,220
Summit,OLDS2:1,Summit County Council Seat C,,DEM,DEM MEGAN MARIE MCKENNA,124
Summit,PARS7:25,Summit County Council Seat C,,DEM,DEM MEGAN MARIE MCKENNA,152
Summit,PARW7:32,Summit County Council Seat C,,DEM,DEM MEGAN MARIE MCKENNA,484
Summit,PEOA15:20,Summit County Council Seat C,,DEM,DEM MEGAN MARIE MCKENNA,61
Summit,PEW51:10,Summit County Council Seat C,,DEM,DEM MEGAN MARIE MCKENNA,11
Summit,PEW51:NS5,Summit County Council Seat C,,DEM,DEM MEGAN MARIE MCKENNA,0
Summit,PINN39:32,Summit County Council Seat C,,DEM,DEM MEGAN MARIE MCKENNA,371
Summit,PKMN35:1,Summit County Council Seat C,,DEM,DEM MEGAN MARIE MCKENNA,358
Summit,PKMS5:1,Summit County Council Seat C,,DEM,DEM MEGAN MARIE MCKENNA,315
Summit,PRG45:32,Summit County Council Seat C,,DEM,DEM MEGAN MARIE MCKENNA,77
Summit,PRG45:S4A,Summit County Council Seat C,,DEM,DEM MEGAN MARIE MCKENNA,0
Summit,PRG45:S4B,Summit County Council Seat C,,DEM,DEM MEGAN MARIE MCKENNA,0
Summit,PRG45:S4C,Summit County Council Seat C,,DEM,DEM MEGAN MARIE MCKENNA,0
Summit,PRM48:10,Summit County Council Seat C,,DEM,DEM MEGAN MARIE MCKENNA,321
Summit,PRM48:N5A,Summit County Council Seat C,,DEM,DEM MEGAN MARIE MCKENNA,3
Summit,PRM48:N5B,Summit County Council Seat C,,DEM,DEM MEGAN MARIE MCKENNA,0
Summit,PROS3:1,Summit County Council Seat C,,DEM,DEM MEGAN MARIE MCKENNA,205
Summit,QUAR6:1,Summit County Council Seat C,,DEM,DEM MEGAN MARIE MCKENNA,342
Summit,RANS36:32,Summit County Council Seat C,,DEM,DEM MEGAN MARIE MCKENNA,133
Summit,RNDV47:10,Summit County Council Seat C,,DEM,DEM MEGAN MARIE MCKENNA,0
Summit,ROCP54:10,Summit County Council Seat C,,DEM,DEM MEGAN MARIE MCKENNA,38
Summit,ROCP54:S4,Summit County Council Seat C,,DEM,DEM MEGAN MARIE MCKENNA,0
Summit,RPL26:32,Summit County Council Seat C,,DEM,DEM MEGAN MARIE MCKENNA,386
Summit,SCRL44:31,Summit County Council Seat C,,DEM,DEM MEGAN MARIE MCKENNA,236
Summit,SCRU8:31,Summit County Council Seat C,,DEM,DEM MEGAN MARIE MCKENNA,157
Summit,SCRU8:NS5,Summit County Council Seat C,,DEM,DEM MEGAN MARIE MCKENNA,5
Summit,SFCC57:10,Summit County Council Seat C,,DEM,DEM MEGAN MARIE MCKENNA,0
Summit,SIDE33:1,Summit County Council Seat C,,DEM,DEM MEGAN MARIE MCKENNA,261
Summit,SLVR16:32,Summit County Council Seat C,,DEM,DEM MEGAN MARIE MCKENNA,378
Summit,SML42:32,Summit County Council Seat C,,DEM,DEM MEGAN MARIE MCKENNA,356
Summit,SSE13:20,Summit County Council Seat C,,DEM,DEM MEGAN MARIE MCKENNA,192
Summit,SSS11:20,Summit County Council Seat C,,DEM,DEM MEGAN MARIE MCKENNA,103
Summit,SSW22:20,Summit County Council Seat C,,DEM,DEM MEGAN MARIE MCKENNA,97
Summit,SUME30:32,Summit County Council Seat C,,DEM,DEM MEGAN MARIE MCKENNA,478
Summit,SUMW10:32,Summit County Council Seat C,,DEM,DEM MEGAN MARIE MCKENNA,341
Summit,THAY4:1,Summit County Council Seat C,,DEM,DEM MEGAN MARIE MCKENNA,258
Summit,UINT52:10,Summit County Council Seat C,,DEM,DEM MEGAN MARIE MCKENNA,0
Summit,UPIN41:32,Summit County Council Seat C,,DEM,DEM MEGAN MARIE MCKENNA,168
Summit,WAGN29:32,Summit County Council Seat C,,DEM,DEM MEGAN MARIE MCKENNA,203
Summit,WANE17:10,Summit County Council Seat C,,DEM,DEM MEGAN MARIE MCKENNA,155
Summit,WANE17:S4,Summit County Council Seat C,,DEM,DEM MEGAN MARIE MCKENNA,0
Summit,WNW17:2,Summit County Council Seat C,,DEM,DEM MEGAN MARIE MCKENNA,143
Summit,WNW17:P4A,Summit County Council Seat C,,DEM,DEM MEGAN MARIE MCKENNA,0
Summit,WNW17:P4B,Summit County Council Seat C,,DEM,DEM MEGAN MARIE MCKENNA,0
Summit,WEBC21:20,Summit County Council Seat C,,DEM,DEM MEGAN MARIE MCKENNA,102
Summit,BTNN34:25,Summit County Council Seat C,,REP,REP ARI IOANNIDES,205
Summit,BTNS34:10,Summit County Council Seat C,,REP,REP ARI IOANNIDES,126
Summit,CCRK20:10,Summit County Council Seat C,,REP,REP ARI IOANNIDES,191
Summit,CLN19:10,Summit County Council Seat C,,REP,REP ARI IOANNIDES,273
Summit,CLS19:25,Summit County Council Seat C,,REP,REP ARI IOANNIDES,248
Summit,COLN56:10,Summit County Council Seat C,,REP,REP ARI IOANNIDES,0
Summit,DVN1:1,Summit County Council Seat C,,REP,REP ARI IOANNIDES,321
Summit,DVS31:1,Summit County Council Seat C,,REP,REP ARI IOANNIDES,220
Summit,ECOR46:10,Summit County Council Seat C,,REP,REP ARI IOANNIDES,0
Summit,ECOR46:50,Summit County Council Seat C,,REP,REP ARI IOANNIDES,0
Summit,FRAE28:25,Summit County Council Seat C,,REP,REP ARI IOANNIDES,258
Summit,FRAW28:10,Summit County Council Seat C,,REP,REP ARI IOANNIDES,411
Summit,GARF58:10,Summit County Council Seat C,,REP,REP ARI IOANNIDES,0
Summit,HEE38:32,Summit County Council Seat C,,REP,REP ARI IOANNIDES,236
Summit,HEN25:1,Summit County Council Seat C,,REP,REP ARI IOANNIDES,366
Summit,HEW23:32,Summit County Council Seat C,,REP,REP ARI IOANNIDES,258
Summit,HOYT18:10,Summit County Council Seat C,,REP,REP ARI IOANNIDES,404
Summit,IFOR49:10,Summit County Council Seat C,,REP,REP ARI IOANNIDES,0
Summit,JERE37:32,Summit County Council Seat C,,REP,REP ARI IOANNIDES,278
Summit,JERW27:32,Summit County Council Seat C,,REP,REP ARI IOANNIDES,287
Summit,KAMN12:10,Summit County Council Seat C,,REP,REP ARI IOANNIDES,323
Summit,KAMS12:25,Summit County Council Seat C,,REP,REP ARI IOANNIDES,271
Summit,KCYN43:32,Summit County Council Seat C,,REP,REP ARI IOANNIDES,86
Summit,LPNE9:15,Summit County Council Seat C,,REP,REP ARI IOANNIDES,179
Summit,LPNW9:3,Summit County Council Seat C,,REP,REP ARI IOANNIDES,173
Summit,MHW40:32,Summit County Council Seat C,,REP,REP ARI IOANNIDES,261
Summit,MTCR59:10,Summit County Council Seat C,,REP,REP ARI IOANNIDES,0
Summit,MTRS55:25,Summit County Council Seat C,,REP,REP ARI IOANNIDES,98
Summit,NSN24:10,Summit County Council Seat C,,REP,REP ARI IOANNIDES,166
Summit,OAKN14:10,Summit County Council Seat C,,REP,REP ARI IOANNIDES,255
Summit,OAKS14:25,Summit County Council Seat C,,REP,REP ARI IOANNIDES,311
Summit,OLDN32:1,Summit County Council Seat C,,REP,REP ARI IOANNIDES,105
Summit,OLDS2:1,Summit County Council Seat C,,REP,REP ARI IOANNIDES,56
Summit,PARS7:25,Summit County Council Seat C,,REP,REP ARI IOANNIDES,115
Summit,PARW7:32,Summit County Council Seat C,,REP,REP ARI IOANNIDES,315
Summit,PEOA15:20,Summit County Council Seat C,,REP,REP ARI IOANNIDES,133
Summit,PEW51:10,Summit County Council Seat C,,REP,REP ARI IOANNIDES,19
Summit,PEW51:NS5,Summit County Council Seat C,,REP,REP ARI IOANNIDES,0
Summit,PINN39:32,Summit County Council Seat C,,REP,REP ARI IOANNIDES,223
Summit,PKMN35:1,Summit County Council Seat C,,REP,REP ARI IOANNIDES,351
Summit,PKMS5:1,Summit County Council Seat C,,REP,REP ARI IOANNIDES,173
Summit,PRG45:32,Summit County Council Seat C,,REP,REP ARI IOANNIDES,146
Summit,PRG45:S4A,Summit County Council Seat C,,REP,REP ARI IOANNIDES,0
Summit,PRG45:S4B,Summit County Council Seat C,,REP,REP ARI IOANNIDES,0
Summit,PRG45:S4C,Summit County Council Seat C,,REP,REP ARI IOANNIDES,0
Summit,PRM48:10,Summit County Council Seat C,,REP,REP ARI IOANNIDES,415
Summit,PRM48:N5A,Summit County Council Seat C,,REP,REP ARI IOANNIDES,12
Summit,PRM48:N5B,Summit County Council Seat C,,REP,REP ARI IOANNIDES,0
Summit,PROS3:1,Summit County Council Seat C,,REP,REP ARI IOANNIDES,117
Summit,QUAR6:1,Summit County Council Seat C,,REP,REP ARI IOANNIDES,245
Summit,RANS36:32,Summit County Council Seat C,,REP,REP ARI IOANNIDES,105
Summit,RNDV47:10,Summit County Council Seat C,,REP,REP ARI IOANNIDES,0
Summit,ROCP54:10,Summit County Council Seat C,,REP,REP ARI IOANNIDES,47
Summit,ROCP54:S4,Summit County Council Seat C,,REP,REP ARI IOANNIDES,0
Summit,RPL26:32,Summit County Council Seat C,,REP,REP ARI IOANNIDES,249
Summit,SCRL44:31,Summit County Council Seat C,,REP,REP ARI IOANNIDES,239
Summit,SCRU8:31,Summit County Council Seat C,,REP,REP ARI IOANNIDES,167
Summit,SCRU8:NS5,Summit County Council Seat C,,REP,REP ARI IOANNIDES,21
Summit,SFCC57:10,Summit County Council Seat C,,REP,REP ARI IOANNIDES,0
Summit,SIDE33:1,Summit County Council Seat C,,REP,REP ARI IOANNIDES,99
Summit,SLVR16:32,Summit County Council Seat C,,REP,REP ARI IOANNIDES,257
Summit,SML42:32,Summit County Council Seat C,,REP,REP ARI IOANNIDES,221
Summit,SSE13:20,Summit County Council Seat C,,REP,REP ARI IOANNIDES,267
Summit,SSS11:20,Summit County Council Seat C,,REP,REP ARI IOANNIDES,240
Summit,SSW22:20,Summit County Council Seat C,,REP,REP ARI IOANNIDES,241
Summit,SUME30:32,Summit County Council Seat C,,REP,REP ARI IOANNIDES,168
Summit,SUMW10:32,Summit County Council Seat C,,REP,REP ARI IOANNIDES,127
Summit,THAY4:1,Summit County Council Seat C,,REP,REP ARI IOANNIDES,161
Summit,UINT52:10,Summit County Council Seat C,,REP,REP ARI IOANNIDES,0
Summit,UPIN41:32,Summit County Council Seat C,,REP,REP ARI IOANNIDES,152
Summit,WAGN29:32,Summit County Council Seat C,,REP,REP ARI IOANNIDES,116
Summit,WANE17:10,Summit County Council Seat C,,REP,REP ARI IOANNIDES,313
Summit,WANE17:S4,Summit County Council Seat C,,REP,REP ARI IOANNIDES,0
Summit,WNW17:2,Summit County Council Seat C,,REP,REP ARI IOANNIDES,187
Summit,WNW17:P4A,Summit County Council Seat C,,REP,REP ARI IOANNIDES,0
Summit,WNW17:P4B,Summit County Council Seat C,,REP,REP ARI IOANNIDES,0
Summit,WEBC21:20,Summit County Council Seat C,,REP,REP ARI IOANNIDES,154
Summit,BTNN34:25,Summit County Assessor,,DEM,DEM STEPHANIE POLL,294
Summit,BTNS34:10,Summit County Assessor,,DEM,DEM STEPHANIE POLL,250
Summit,CCRK20:10,Summit County Assessor,,DEM,DEM STEPHANIE POLL,163
Summit,CLN19:10,Summit County Assessor,,DEM,DEM STEPHANIE POLL,269
Summit,CLS19:25,Summit County Assessor,,DEM,DEM STEPHANIE POLL,193
Summit,COLN56:10,Summit County Assessor,,DEM,DEM STEPHANIE POLL,0
Summit,DVN1:1,Summit County Assessor,,DEM,DEM STEPHANIE POLL,551
Summit,DVS31:1,Summit County Assessor,,DEM,DEM STEPHANIE POLL,383
Summit,ECOR46:10,Summit County Assessor,,DEM,DEM STEPHANIE POLL,0
Summit,ECOR46:50,Summit County Assessor,,DEM,DEM STEPHANIE POLL,0
Summit,FRAE28:25,Summit County Assessor,,DEM,DEM STEPHANIE POLL,210
Summit,FRAW28:10,Summit County Assessor,,DEM,DEM STEPHANIE POLL,348
Summit,GARF58:10,Summit County Assessor,,DEM,DEM STEPHANIE POLL,0
Summit,HEE38:32,Summit County Assessor,,DEM,DEM STEPHANIE POLL,526
Summit,HEN25:1,Summit County Assessor,,DEM,DEM STEPHANIE POLL,291
Summit,HEW23:32,Summit County Assessor,,DEM,DEM STEPHANIE POLL,407
Summit,HOYT18:10,Summit County Assessor,,DEM,DEM STEPHANIE POLL,309
Summit,IFOR49:10,Summit County Assessor,,DEM,DEM STEPHANIE POLL,0
Summit,JERE37:32,Summit County Assessor,,DEM,DEM STEPHANIE POLL,489
Summit,JERW27:32,Summit County Assessor,,DEM,DEM STEPHANIE POLL,443
Summit,KAMN12:10,Summit County Assessor,,DEM,DEM STEPHANIE POLL,367
Summit,KAMS12:25,Summit County Assessor,,DEM,DEM STEPHANIE POLL,308
Summit,KCYN43:32,Summit County Assessor,,DEM,DEM STEPHANIE POLL,130
Summit,LPNE9:15,Summit County Assessor,,DEM,DEM STEPHANIE POLL,355
Summit,LPNW9:3,Summit County Assessor,,DEM,DEM STEPHANIE POLL,335
Summit,MHW40:32,Summit County Assessor,,DEM,DEM STEPHANIE POLL,429
Summit,MTCR59:10,Summit County Assessor,,DEM,DEM STEPHANIE POLL,0
Summit,MTRS55:25,Summit County Assessor,,DEM,DEM STEPHANIE POLL,104
Summit,NSN24:10,Summit County Assessor,,DEM,DEM STEPHANIE POLL,117
Summit,OAKN14:10,Summit County Assessor,,DEM,DEM STEPHANIE POLL,221
Summit,OAKS14:25,Summit County Assessor,,DEM,DEM STEPHANIE POLL,298
Summit,OLDN32:1,Summit County Assessor,,DEM,DEM STEPHANIE POLL,242
Summit,OLDS2:1,Summit County Assessor,,DEM,DEM STEPHANIE POLL,139
Summit,PARS7:25,Summit County Assessor,,DEM,DEM STEPHANIE POLL,177
Summit,PARW7:32,Summit County Assessor,,DEM,DEM STEPHANIE POLL,589
Summit,PEOA15:20,Summit County Assessor,,DEM,DEM STEPHANIE POLL,111
Summit,PEW51:10,Summit County Assessor,,DEM,DEM STEPHANIE POLL,15
Summit,PEW51:NS5,Summit County Assessor,,DEM,DEM STEPHANIE POLL,0
Summit,PINN39:32,Summit County Assessor,,DEM,DEM STEPHANIE POLL,465
Summit,PKMN35:1,Summit County Assessor,,DEM,DEM STEPHANIE POLL,474
Summit,PKMS5:1,Summit County Assessor,,DEM,DEM STEPHANIE POLL,394
Summit,PRG45:32,Summit County Assessor,,DEM,DEM STEPHANIE POLL,115
Summit,PRG45:S4A,Summit County Assessor,,DEM,DEM STEPHANIE POLL,0
Summit,PRG45:S4B,Summit County Assessor,,DEM,DEM STEPHANIE POLL,0
Summit,PRG45:S4C,Summit County Assessor,,DEM,DEM STEPHANIE POLL,0
Summit,PRM48:10,Summit County Assessor,,DEM,DEM STEPHANIE POLL,480
Summit,PRM48:N5A,Summit County Assessor,,DEM,DEM STEPHANIE POLL,5
Summit,PRM48:N5B,Summit County Assessor,,DEM,DEM STEPHANIE POLL,0
Summit,PROS3:1,Summit County Assessor,,DEM,DEM STEPHANIE POLL,240
Summit,QUAR6:1,Summit County Assessor,,DEM,DEM STEPHANIE POLL,432
Summit,RANS36:32,Summit County Assessor,,DEM,DEM STEPHANIE POLL,172
Summit,RNDV47:10,Summit County Assessor,,DEM,DEM STEPHANIE POLL,0
Summit,ROCP54:10,Summit County Assessor,,DEM,DEM STEPHANIE POLL,62
Summit,ROCP54:S4,Summit County Assessor,,DEM,DEM STEPHANIE POLL,0
Summit,RPL26:32,Summit County Assessor,,DEM,DEM STEPHANIE POLL,498
Summit,SCRL44:31,Summit County Assessor,,DEM,DEM STEPHANIE POLL,326
Summit,SCRU8:31,Summit County Assessor,,DEM,DEM STEPHANIE POLL,215
Summit,SCRU8:NS5,Summit County Assessor,,DEM,DEM STEPHANIE POLL,12
Summit,SFCC57:10,Summit County Assessor,,DEM,DEM STEPHANIE POLL,0
Summit,SIDE33:1,Summit County Assessor,,DEM,DEM STEPHANIE POLL,284
Summit,SLVR16:32,Summit County Assessor,,DEM,DEM STEPHANIE POLL,462
Summit,SML42:32,Summit County Assessor,,DEM,DEM STEPHANIE POLL,433
Summit,SSE13:20,Summit County Assessor,,DEM,DEM STEPHANIE POLL,287
Summit,SSS11:20,Summit County Assessor,,DEM,DEM STEPHANIE POLL,188
Summit,SSW22:20,Summit County Assessor,,DEM,DEM STEPHANIE POLL,184
Summit,SUME30:32,Summit County Assessor,,DEM,DEM STEPHANIE POLL,532
Summit,SUMW10:32,Summit County Assessor,,DEM,DEM STEPHANIE POLL,370
Summit,THAY4:1,Summit County Assessor,,DEM,DEM STEPHANIE POLL,304
Summit,UINT52:10,Summit County Assessor,,DEM,DEM STEPHANIE POLL,0
Summit,UPIN41:32,Summit County Assessor,,DEM,DEM STEPHANIE POLL,220
Summit,WAGN29:32,Summit County Assessor,,DEM,DEM STEPHANIE POLL,250
Summit,WANE17:10,Summit County Assessor,,DEM,DEM STEPHANIE POLL,276
Summit,WANE17:S4,Summit County Assessor,,DEM,DEM STEPHANIE POLL,0
Summit,WNW17:2,Summit County Assessor,,DEM,DEM STEPHANIE POLL,218
Summit,WNW17:P4A,Summit County Assessor,,DEM,DEM STEPHANIE POLL,0
Summit,WNW17:P4B,Summit County Assessor,,DEM,DEM STEPHANIE POLL,0
Summit,WEBC21:20,Summit County Assessor,,DEM,DEM STEPHANIE POLL,155
Summit,BTNN34:25,Summit County Recorder,,DEM,DEM GREG R. WOLBACH,297
Summit,BTNS34:10,Summit County Recorder,,DEM,DEM GREG R. WOLBACH,254
Summit,CCRK20:10,Summit County Recorder,,DEM,DEM GREG R. WOLBACH,159
Summit,CLN19:10,Summit County Recorder,,DEM,DEM GREG R. WOLBACH,267
Summit,CLS19:25,Summit County Recorder,,DEM,DEM GREG R. WOLBACH,186
Summit,COLN56:10,Summit County Recorder,,DEM,DEM GREG R. WOLBACH,0
Summit,DVN1:1,Summit County Recorder,,DEM,DEM GREG R. WOLBACH,558
Summit,DVS31:1,Summit County Recorder,,DEM,DEM GREG R. WOLBACH,382
Summit,ECOR46:10,Summit County Recorder,,DEM,DEM GREG R. WOLBACH,0
Summit,ECOR46:50,Summit County Recorder,,DEM,DEM GREG R. WOLBACH,0
Summit,FRAE28:25,Summit County Recorder,,DEM,DEM GREG R. WOLBACH,210
Summit,FRAW28:10,Summit County Recorder,,DEM,DEM GREG R. WOLBACH,347
Summit,GARF58:10,Summit County Recorder,,DEM,DEM GREG R. WOLBACH,0
Summit,HEE38:32,Summit County Recorder,,DEM,DEM GREG R. WOLBACH,530
Summit,HEN25:1,Summit County Recorder,,DEM,DEM GREG R. WOLBACH,286
Summit,HEW23:32,Summit County Recorder,,DEM,DEM GREG R. WOLBACH,416
Summit,HOYT18:10,Summit County Recorder,,DEM,DEM GREG R. WOLBACH,310
Summit,IFOR49:10,Summit County Recorder,,DEM,DEM GREG R. WOLBACH,0
Summit,JERE37:32,Summit County Recorder,,DEM,DEM GREG R. WOLBACH,498
Summit,JERW27:32,Summit County Recorder,,DEM,DEM GREG R. WOLBACH,452
Summit,KAMN12:10,Summit County Recorder,,DEM,DEM GREG R. WOLBACH,370
Summit,KAMS12:25,Summit County Recorder,,DEM,DEM GREG R. WOLBACH,310
Summit,KCYN43:32,Summit County Recorder,,DEM,DEM GREG R. WOLBACH,130
Summit,LPNE9:15,Summit County Recorder,,DEM,DEM GREG R. WOLBACH,361
Summit,LPNW9:3,Summit County Recorder,,DEM,DEM GREG R. WOLBACH,336
Summit,MHW40:32,Summit County Recorder,,DEM,DEM GREG R. WOLBACH,429
Summit,MTCR59:10,Summit County Recorder,,DEM,DEM GREG R. WOLBACH,0
Summit,MTRS55:25,Summit County Recorder,,DEM,DEM GREG R. WOLBACH,110
Summit,NSN24:10,Summit County Recorder,,DEM,DEM GREG R. WOLBACH,119
Summit,OAKN14:10,Summit County Recorder,,DEM,DEM GREG R. WOLBACH,222
Summit,OAKS14:25,Summit County Recorder,,DEM,DEM GREG R. WOLBACH,306
Summit,OLDN32:1,Summit County Recorder,,DEM,DEM GREG R. WOLBACH,244
Summit,OLDS2:1,Summit County Recorder,,DEM,DEM GREG R. WOLBACH,137
Summit,PARS7:25,Summit County Recorder,,DEM,DEM GREG R. WOLBACH,180
Summit,PARW7:32,Summit County Recorder,,DEM,DEM GREG R. WOLBACH,583
Summit,PEOA15:20,Summit County Recorder,,DEM,DEM GREG R. WOLBACH,114
Summit,PEW51:10,Summit County Recorder,,DEM,DEM GREG R. WOLBACH,15
Summit,PEW51:NS5,Summit County Recorder,,DEM,DEM GREG R. WOLBACH,0
Summit,PINN39:32,Summit County Recorder,,DEM,DEM GREG R. WOLBACH,472
Summit,PKMN35:1,Summit County Recorder,,DEM,DEM GREG R. WOLBACH,480
Summit,PKMS5:1,Summit County Recorder,,DEM,DEM GREG R. WOLBACH,407
Summit,PRG45:32,Summit County Recorder,,DEM,DEM GREG R. WOLBACH,117
Summit,PRG45:S4A,Summit County Recorder,,DEM,DEM GREG R. WOLBACH,0
Summit,PRG45:S4B,Summit County Recorder,,DEM,DEM GREG R. WOLBACH,0
Summit,PRG45:S4C,Summit County Recorder,,DEM,DEM GREG R. WOLBACH,0
Summit,PRM48:10,Summit County Recorder,,DEM,DEM GREG R. WOLBACH,482
Summit,PRM48:N5A,Summit County Recorder,,DEM,DEM GREG R. WOLBACH,6
Summit,PRM48:N5B,Summit County Recorder,,DEM,DEM GREG R. WOLBACH,0
Summit,PROS3:1,Summit County Recorder,,DEM,DEM GREG R. WOLBACH,241
Summit,QUAR6:1,Summit County Recorder,,DEM,DEM GREG R. WOLBACH,432
Summit,RANS36:32,Summit County Recorder,,DEM,DEM GREG R. WOLBACH,176
Summit,RNDV47:10,Summit County Recorder,,DEM,DEM GREG R. WOLBACH,0
Summit,ROCP54:10,Summit County Recorder,,DEM,DEM GREG R. WOLBACH,65
Summit,ROCP54:S4,Summit County Recorder,,DEM,DEM GREG R. WOLBACH,0
Summit,RPL26:32,Summit County Recorder,,DEM,DEM GREG R. WOLBACH,496
Summit,SCRL44:31,Summit County Recorder,,DEM,DEM GREG R. WOLBACH,331
Summit,SCRU8:31,Summit County Recorder,,DEM,DEM GREG R. WOLBACH,218
Summit,SCRU8:NS5,Summit County Recorder,,DEM,DEM GREG R. WOLBACH,14
Summit,SFCC57:10,Summit County Recorder,,DEM,DEM GREG R. WOLBACH,0
Summit,SIDE33:1,Summit County Recorder,,DEM,DEM GREG R. WOLBACH,285
Summit,SLVR16:32,Summit County Recorder,,DEM,DEM GREG R. WOLBACH,467
Summit,SML42:32,Summit County Recorder,,DEM,DEM GREG R. WOLBACH,433
Summit,SSE13:20,Summit County Recorder,,DEM,DEM GREG R. WOLBACH,287
Summit,SSS11:20,Summit County Recorder,,DEM,DEM GREG R. WOLBACH,190
Summit,SSW22:20,Summit County Recorder,,DEM,DEM GREG R. WOLBACH,186
Summit,SUME30:32,Summit County Recorder,,DEM,DEM GREG R. WOLBACH,534
Summit,SUMW10:32,Summit County Recorder,,DEM,DEM GREG R. WOLBACH,375
Summit,THAY4:1,Summit County Recorder,,DEM,DEM GREG R. WOLBACH,307
Summit,UINT52:10,Summit County Recorder,,DEM,DEM GREG R. WOLBACH,0
Summit,UPIN41:32,Summit County Recorder,,DEM,DEM GREG R. WOLBACH,219
Summit,WAGN29:32,Summit County Recorder,,DEM,DEM GREG R. WOLBACH,252
Summit,WANE17:10,Summit County Recorder,,DEM,DEM GREG R. WOLBACH,274
Summit,WANE17:S4,Summit County Recorder,,DEM,DEM GREG R. WOLBACH,0
Summit,WNW17:2,Summit County Recorder,,DEM,DEM GREG R. WOLBACH,217
Summit,WNW17:P4A,Summit County Recorder,,DEM,DEM GREG R. WOLBACH,0
Summit,WNW17:P4B,Summit County Recorder,,DEM,DEM GREG R. WOLBACH,0
Summit,WEBC21:20,Summit County Recorder,,DEM,DEM GREG R. WOLBACH,156
Summit,BTNN34:25,Summit County Sheriff,,DEM,DEM FRANCIS ANTHONY SMITH,300
Summit,BTNS34:10,Summit County Sheriff,,DEM,DEM FRANCIS ANTHONY SMITH,255
Summit,CCRK20:10,Summit County Sheriff,,DEM,DEM FRANCIS ANTHONY SMITH,161
Summit,CLN19:10,Summit County Sheriff,,DEM,DEM FRANCIS ANTHONY SMITH,273
Summit,CLS19:25,Summit County Sheriff,,DEM,DEM FRANCIS ANTHONY SMITH,195
Summit,COLN56:10,Summit County Sheriff,,DEM,DEM FRANCIS ANTHONY SMITH,0
Summit,DVN1:1,Summit County Sheriff,,DEM,DEM FRANCIS ANTHONY SMITH,555
Summit,DVS31:1,Summit County Sheriff,,DEM,DEM FRANCIS ANTHONY SMITH,392
Summit,ECOR46:10,Summit County Sheriff,,DEM,DEM FRANCIS ANTHONY SMITH,0
Summit,ECOR46:50,Summit County Sheriff,,DEM,DEM FRANCIS ANTHONY SMITH,0
Summit,FRAE28:25,Summit County Sheriff,,DEM,DEM FRANCIS ANTHONY SMITH,219
Summit,FRAW28:10,Summit County Sheriff,,DEM,DEM FRANCIS ANTHONY SMITH,356
Summit,GARF58:10,Summit County Sheriff,,DEM,DEM FRANCIS ANTHONY SMITH,0
Summit,HEE38:32,Summit County Sheriff,,DEM,DEM FRANCIS ANTHONY SMITH,538
Summit,HEN25:1,Summit County Sheriff,,DEM,DEM FRANCIS ANTHONY SMITH,291
Summit,HEW23:32,Summit County Sheriff,,DEM,DEM FRANCIS ANTHONY SMITH,419
Summit,HOYT18:10,Summit County Sheriff,,DEM,DEM FRANCIS ANTHONY SMITH,315
Summit,IFOR49:10,Summit County Sheriff,,DEM,DEM FRANCIS ANTHONY SMITH,0
Summit,JERE37:32,Summit County Sheriff,,DEM,DEM FRANCIS ANTHONY SMITH,503
Summit,JERW27:32,Summit County Sheriff,,DEM,DEM FRANCIS ANTHONY SMITH,456
Summit,KAMN12:10,Summit County Sheriff,,DEM,DEM FRANCIS ANTHONY SMITH,381
Summit,KAMS12:25,Summit County Sheriff,,DEM,DEM FRANCIS ANTHONY SMITH,311
Summit,KCYN43:32,Summit County Sheriff,,DEM,DEM FRANCIS ANTHONY SMITH,131
Summit,LPNE9:15,Summit County Sheriff,,DEM,DEM FRANCIS ANTHONY SMITH,359
Summit,LPNW9:3,Summit County Sheriff,,DEM,DEM FRANCIS ANTHONY SMITH,341
Summit,MHW40:32,Summit County Sheriff,,DEM,DEM FRANCIS ANTHONY SMITH,436
Summit,MTCR59:10,Summit County Sheriff,,DEM,DEM FRANCIS ANTHONY SMITH,0
Summit,MTRS55:25,Summit County Sheriff,,DEM,DEM FRANCIS ANTHONY SMITH,111
Summit,NSN24:10,Summit County Sheriff,,DEM,DEM FRANCIS ANTHONY SMITH,127
Summit,OAKN14:10,Summit County Sheriff,,DEM,DEM FRANCIS ANTHONY SMITH,233
Summit,OAKS14:25,Summit County Sheriff,,DEM,DEM FRANCIS ANTHONY SMITH,313
Summit,OLDN32:1,Summit County Sheriff,,DEM,DEM FRANCIS ANTHONY SMITH,244
Summit,OLDS2:1,Summit County Sheriff,,DEM,DEM FRANCIS ANTHONY SMITH,141
Summit,PARS7:25,Summit County Sheriff,,DEM,DEM FRANCIS ANTHONY SMITH,187
Summit,PARW7:32,Summit County Sheriff,,DEM,DEM FRANCIS ANTHONY SMITH,605
Summit,PEOA15:20,Summit County Sheriff,,DEM,DEM FRANCIS ANTHONY SMITH,115
Summit,PEW51:10,Summit County Sheriff,,DEM,DEM FRANCIS ANTHONY SMITH,17
Summit,PEW51:NS5,Summit County Sheriff,,DEM,DEM FRANCIS ANTHONY SMITH,0
Summit,PINN39:32,Summit County Sheriff,,DEM,DEM FRANCIS ANTHONY SMITH,471
Summit,PKMN35:1,Summit County Sheriff,,DEM,DEM FRANCIS ANTHONY SMITH,486
Summit,PKMS5:1,Summit County Sheriff,,DEM,DEM FRANCIS ANTHONY SMITH,403
Summit,PRG45:32,Summit County Sheriff,,DEM,DEM FRANCIS ANTHONY SMITH,122
Summit,PRG45:S4A,Summit County Sheriff,,DEM,DEM FRANCIS ANTHONY SMITH,0
Summit,PRG45:S4B,Summit County Sheriff,,DEM,DEM FRANCIS ANTHONY SMITH,0
Summit,PRG45:S4C,Summit County Sheriff,,DEM,DEM FRANCIS ANTHONY SMITH,0
Summit,PRM48:10,Summit County Sheriff,,DEM,DEM FRANCIS ANTHONY SMITH,487
Summit,PRM48:N5A,Summit County Sheriff,,DEM,DEM FRANCIS ANTHONY SMITH,6
Summit,PRM48:N5B,Summit County Sheriff,,DEM,DEM FRANCIS ANTHONY SMITH,0
Summit,PROS3:1,Summit County Sheriff,,DEM,DEM FRANCIS ANTHONY SMITH,242
Summit,QUAR6:1,Summit County Sheriff,,DEM,DEM FRANCIS ANTHONY SMITH,436
Summit,RANS36:32,Summit County Sheriff,,DEM,DEM FRANCIS ANTHONY SMITH,179
Summit,RNDV47:10,Summit County Sheriff,,DEM,DEM FRANCIS ANTHONY SMITH,0
Summit,ROCP54:10,Summit County Sheriff,,DEM,DEM FRANCIS ANTHONY SMITH,63
Summit,ROCP54:S4,Summit County Sheriff,,DEM,DEM FRANCIS ANTHONY SMITH,0
Summit,RPL26:32,Summit County Sheriff,,DEM,DEM FRANCIS ANTHONY SMITH,509
Summit,SCRL44:31,Summit County Sheriff,,DEM,DEM FRANCIS ANTHONY SMITH,332
Summit,SCRU8:31,Summit County Sheriff,,DEM,DEM FRANCIS ANTHONY SMITH,232
Summit,SCRU8:NS5,Summit County Sheriff,,DEM,DEM FRANCIS ANTHONY SMITH,15
Summit,SFCC57:10,Summit County Sheriff,,DEM,DEM FRANCIS ANTHONY SMITH,0
Summit,SIDE33:1,Summit County Sheriff,,DEM,DEM FRANCIS ANTHONY SMITH,287
Summit,SLVR16:32,Summit County Sheriff,,DEM,DEM FRANCIS ANTHONY SMITH,479
Summit,SML42:32,Summit County Sheriff,,DEM,DEM FRANCIS ANTHONY SMITH,440
Summit,SSE13:20,Summit County Sheriff,,DEM,DEM FRANCIS ANTHONY SMITH,293
Summit,SSS11:20,Summit County Sheriff,,DEM,DEM FRANCIS ANTHONY SMITH,187
Summit,SSW22:20,Summit County Sheriff,,DEM,DEM FRANCIS ANTHONY SMITH,193
Summit,SUME30:32,Summit County Sheriff,,DEM,DEM FRANCIS ANTHONY SMITH,534
Summit,SUMW10:32,Summit County Sheriff,,DEM,DEM FRANCIS ANTHONY SMITH,374
Summit,THAY4:1,Summit County Sheriff,,DEM,DEM FRANCIS ANTHONY SMITH,308
Summit,UINT52:10,Summit County Sheriff,,DEM,DEM FRANCIS ANTHONY SMITH,0
Summit,UPIN41:32,Summit County Sheriff,,DEM,DEM FRANCIS ANTHONY SMITH,229
Summit,WAGN29:32,Summit County Sheriff,,DEM,DEM FRANCIS ANTHONY SMITH,254
Summit,WANE17:10,Summit County Sheriff,,DEM,DEM FRANCIS ANTHONY SMITH,291
Summit,WANE17:S4,Summit County Sheriff,,DEM,DEM FRANCIS ANTHONY SMITH,0
Summit,WNW17:2,Summit County Sheriff,,DEM,DEM FRANCIS ANTHONY SMITH,219
Summit,WNW17:P4A,Summit County Sheriff,,DEM,DEM FRANCIS ANTHONY SMITH,0
Summit,WNW17:P4B,Summit County Sheriff,,DEM,DEM FRANCIS ANTHONY SMITH,0
Summit,WEBC21:20,Summit County Sheriff,,DEM,DEM FRANCIS ANTHONY SMITH,160
Summit,BTNN34:25,Summit County Treasurer,,DEM,DEM CORRIE FORSLING,298
Summit,BTNS34:10,Summit County Treasurer,,DEM,DEM CORRIE FORSLING,255
Summit,CCRK20:10,Summit County Treasurer,,DEM,DEM CORRIE FORSLING,162
Summit,CLN19:10,Summit County Treasurer,,DEM,DEM CORRIE FORSLING,274
Summit,CLS19:25,Summit County Treasurer,,DEM,DEM CORRIE FORSLING,189
Summit,COLN56:10,Summit County Treasurer,,DEM,DEM CORRIE FORSLING,0
Summit,DVN1:1,Summit County Treasurer,,DEM,DEM CORRIE FORSLING,559
Summit,DVS31:1,Summit County Treasurer,,DEM,DEM CORRIE FORSLING,393
Summit,ECOR46:10,Summit County Treasurer,,DEM,DEM CORRIE FORSLING,0
Summit,ECOR46:50,Summit County Treasurer,,DEM,DEM CORRIE FORSLING,0
Summit,FRAE28:25,Summit County Treasurer,,DEM,DEM CORRIE FORSLING,210
Summit,FRAW28:10,Summit County Treasurer,,DEM,DEM CORRIE FORSLING,350
Summit,GARF58:10,Summit County Treasurer,,DEM,DEM CORRIE FORSLING,0
Summit,HEE38:32,Summit County Treasurer,,DEM,DEM CORRIE FORSLING,526
Summit,HEN25:1,Summit County Treasurer,,DEM,DEM CORRIE FORSLING,289
Summit,HEW23:32,Summit County Treasurer,,DEM,DEM CORRIE FORSLING,419
Summit,HOYT18:10,Summit County Treasurer,,DEM,DEM CORRIE FORSLING,323
Summit,IFOR49:10,Summit County Treasurer,,DEM,DEM CORRIE FORSLING,0
Summit,JERE37:32,Summit County Treasurer,,DEM,DEM CORRIE FORSLING,499
Summit,JERW27:32,Summit County Treasurer,,DEM,DEM CORRIE FORSLING,446
Summit,KAMN12:10,Summit County Treasurer,,DEM,DEM CORRIE FORSLING,377
Summit,KAMS12:25,Summit County Treasurer,,DEM,DEM CORRIE FORSLING,310
Summit,KCYN43:32,Summit County Treasurer,,DEM,DEM CORRIE FORSLING,131
Summit,LPNE9:15,Summit County Treasurer,,DEM,DEM CORRIE FORSLING,357
Summit,LPNW9:3,Summit County Treasurer,,DEM,DEM CORRIE FORSLING,338
Summit,MHW40:32,Summit County Treasurer,,DEM,DEM CORRIE FORSLING,436
Summit,MTCR59:10,Summit County Treasurer,,DEM,DEM CORRIE FORSLING,0
Summit,MTRS55:25,Summit County Treasurer,,DEM,DEM CORRIE FORSLING,108
Summit,NSN24:10,Summit County Treasurer,,DEM,DEM CORRIE FORSLING,112
Summit,OAKN14:10,Summit County Treasurer,,DEM,DEM CORRIE FORSLING,226
Summit,OAKS14:25,Summit County Treasurer,,DEM,DEM CORRIE FORSLING,302
Summit,OLDN32:1,Summit County Treasurer,,DEM,DEM CORRIE FORSLING,243
Summit,OLDS2:1,Summit County Treasurer,,DEM,DEM CORRIE FORSLING,144
Summit,PARS7:25,Summit County Treasurer,,DEM,DEM CORRIE FORSLING,184
Summit,PARW7:32,Summit County Treasurer,,DEM,DEM CORRIE FORSLING,602
Summit,PEOA15:20,Summit County Treasurer,,DEM,DEM CORRIE FORSLING,115
Summit,PEW51:10,Summit County Treasurer,,DEM,DEM CORRIE FORSLING,15
Summit,PEW51:NS5,Summit County Treasurer,,DEM,DEM CORRIE FORSLING,0
Summit,PINN39:32,Summit County Treasurer,,DEM,DEM CORRIE FORSLING,471
Summit,PKMN35:1,Summit County Treasurer,,DEM,DEM CORRIE FORSLING,481
Summit,PKMS5:1,Summit County Treasurer,,DEM,DEM CORRIE FORSLING,409
Summit,PRG45:32,Summit County Treasurer,,DEM,DEM CORRIE FORSLING,117
Summit,PRG45:S4A,Summit County Treasurer,,DEM,DEM CORRIE FORSLING,0
Summit,PRG45:S4B,Summit County Treasurer,,DEM,DEM CORRIE FORSLING,0
Summit,PRG45:S4C,Summit County Treasurer,,DEM,DEM CORRIE FORSLING,0
Summit,PRM48:10,Summit County Treasurer,,DEM,DEM CORRIE FORSLING,484
Summit,PRM48:N5A,Summit County Treasurer,,DEM,DEM CORRIE FORSLING,6
Summit,PRM48:N5B,Summit County Treasurer,,DEM,DEM CORRIE FORSLING,0
Summit,PROS3:1,Summit County Treasurer,,DEM,DEM CORRIE FORSLING,241
Summit,QUAR6:1,Summit County Treasurer,,DEM,DEM CORRIE FORSLING,436
Summit,RANS36:32,Summit County Treasurer,,DEM,DEM CORRIE FORSLING,176
Summit,RNDV47:10,Summit County Treasurer,,DEM,DEM CORRIE FORSLING,0
Summit,ROCP54:10,Summit County Treasurer,,DEM,DEM CORRIE FORSLING,64
Summit,ROCP54:S4,Summit County Treasurer,,DEM,DEM CORRIE FORSLING,0
Summit,RPL26:32,Summit County Treasurer,,DEM,DEM CORRIE FORSLING,506
Summit,SCRL44:31,Summit County Treasurer,,DEM,DEM CORRIE FORSLING,335
Summit,SCRU8:31,Summit County Treasurer,,DEM,DEM CORRIE FORSLING,217
Summit,SCRU8:NS5,Summit County Treasurer,,DEM,DEM CORRIE FORSLING,13
Summit,SFCC57:10,Summit County Treasurer,,DEM,DEM CORRIE FORSLING,0
Summit,SIDE33:1,Summit County Treasurer,,DEM,DEM CORRIE FORSLING,286
Summit,SLVR16:32,Summit County Treasurer,,DEM,DEM CORRIE FORSLING,475
Summit,SML42:32,Summit County Treasurer,,DEM,DEM CORRIE FORSLING,443
Summit,SSE13:20,Summit County Treasurer,,DEM,DEM CORRIE FORSLING,289
Summit,SSS11:20,Summit County Treasurer,,DEM,DEM CORRIE FORSLING,191
Summit,SSW22:20,Summit County Treasurer,,DEM,DEM CORRIE FORSLING,191
Summit,SUME30:32,Summit County Treasurer,,DEM,DEM CORRIE FORSLING,537
Summit,SUMW10:32,Summit County Treasurer,,DEM,DEM CORRIE FORSLING,370
Summit,THAY4:1,Summit County Treasurer,,DEM,DEM CORRIE FORSLING,310
Summit,UINT52:10,Summit County Treasurer,,DEM,DEM CORRIE FORSLING,0
Summit,UPIN41:32,Summit County Treasurer,,DEM,DEM CORRIE FORSLING,223
Summit,WAGN29:32,Summit County Treasurer,,DEM,DEM CORRIE FORSLING,252
Summit,WANE17:10,Summit County Treasurer,,DEM,DEM CORRIE FORSLING,284
Summit,WANE17:S4,Summit County Treasurer,,DEM,DEM CORRIE FORSLING,0
Summit,WNW17:2,Summit County Treasurer,,DEM,DEM CORRIE FORSLING,221
Summit,WNW17:P4A,Summit County Treasurer,,DEM,DEM CORRIE FORSLING,0
Summit,WNW17:P4B,Summit County Treasurer,,DEM,DEM CORRIE FORSLING,0
Summit,WEBC21:20,Summit County Treasurer,,DEM,DEM CORRIE FORSLING,156
Summit,HEN25:1,North Summit School Board Seat,1,,SUSAN RICHINS,396
Summit,CLN19:10,North Summit School Board Seat,2,,WAYLON BOND,247
Summit,CLS19:25,North Summit School Board Seat,2,,WAYLON BOND,224
Summit,CLN19:10,North Summit School Board Seat,2,,WALTER YATES,101
Summit,CLS19:25,North Summit School Board Seat,2,,WALTER YATES,72
Summit,HOYT18:10,North Summit School Board Seat,3,,MAGGIE B. JUDI,324
Summit,HOYT18:10,North Summit School Board Seat,3,,CLARK O STALEY,169
Summit,OAKN14:10,South Summit School Board Seat,1,,WADE W. WOOLSTENHULME,199
Summit,OAKS14:25,South Summit School Board Seat,1,,WADE W. WOOLSTENHULME,279
Summit,OAKN14:10,South Summit School Board Seat,1,,WENDY RADKE,168
Summit,OAKS14:25,South Summit School Board Seat,1,,WENDY RADKE,196
Summit,KAMN12:10,South Summit School Board Seat,2,,GARRETT WALKER CARPENTER,236
Summit,KAMS12:25,South Summit School Board Seat,2,,GARRETT WALKER CARPENTER,210
Summit,KAMN12:10,South Summit School Board Seat,2,,DAN D. ECKERT,281
Summit,KAMS12:25,South Summit School Board Seat,2,,DAN D. ECKERT,221
Summit,FRAE28:25,South Summit School Board Seat,3,,LYNDA WHITMORE,243
Summit,FRAW28:10,South Summit School Board Seat,3,,LYNDA WHITMORE,437
Summit,GARF58:10,South Summit School Board Seat,5,,TY EDWARD METCALF,0
Summit,SSS11:20,South Summit School Board Seat,5,,TY EDWARD METCALF,231
Summit,SSW22:20,South Summit School Board Seat,5,,TY EDWARD METCALF,239
Summit,DVN1:1,Park City School Board Seat,1,,SUSAN GOLDBERG,520
Summit,DVS31:1,Park City School Board Seat,1,,SUSAN GOLDBERG,340
Summit,IFOR49:10,Park City School Board Seat,1,,SUSAN GOLDBERG,0
Summit,OLDN32:1,Park City School Board Seat,1,,SUSAN GOLDBERG,223
Summit,OLDS2:1,Park City School Board Seat,1,,SUSAN GOLDBERG,116
Summit,PROS3:1,Park City School Board Seat,1,,SUSAN GOLDBERG,224
Summit,SIDE33:1,Park City School Board Seat,1,,SUSAN GOLDBERG,229
Summit,THAY4:1,Park City School Board Seat,1,,SUSAN GOLDBERG,290
Summit,HEE38:32,Park City School Board Seat,2,,EILEEN GALLAGHER,512
Summit,HEW23:32,Park City School Board Seat,2,,EILEEN GALLAGHER,376
Summit,PKMN35:1,Park City School Board Seat,2,,EILEEN GALLAGHER,482
Summit,RNDV47:10,Park City School Board Seat,2,,EILEEN GALLAGHER,0
Summit,RPL26:32,Park City School Board Seat,2,,EILEEN GALLAGHER,468
Summit,SML42:32,Park City School Board Seat,2,,EILEEN GALLAGHER,400
Summit,MTRS55:25,Park City School Board Seat,3,,KATHLEEN BRITTON,57
Summit,PARS7:25,Park City School Board Seat,3,,KATHLEEN BRITTON,117
Summit,PARW7:32,Park City School Board Seat,3,,KATHLEEN BRITTON,347
Summit,PKMS5:1,Park City School Board Seat,3,,KATHLEEN BRITTON,226
Summit,QUAR6:1,Park City School Board Seat,3,,KATHLEEN BRITTON,291
Summit,RANS36:32,Park City School Board Seat,3,,KATHLEEN BRITTON,101
Summit,SLVR16:32,Park City School Board Seat,3,,KATHLEEN BRITTON,269
Summit,MTRS55:25,Park City School Board Seat,3,,DANNY GLASSER,69
Summit,PARS7:25,Park City School Board Seat,3,,DANNY GLASSER,68
Summit,PARW7:32,Park City School Board Seat,3,,DANNY GLASSER,252
Summit,PKMS5:1,Park City School Board Seat,3,,DANNY GLASSER,178
Summit,QUAR6:1,Park City School Board Seat,3,,DANNY GLASSER,190
Summit,RANS36:32,Park City School Board Seat,3,,DANNY GLASSER,86
Summit,SLVR16:32,Park City School Board Seat,3,,DANNY GLASSER,244
Summit,BTNN34:25,Shall MATTHEW B. DURRANT be retained in the office of Justice of the Supreme Court of Utah?,,,YES,236
Summit,BTNS34:10,Shall MATTHEW B. DURRANT be retained in the office of Justice of the Supreme Court of Utah?,,,YES,190
Summit,CCRK20:10,Shall MATTHEW B. DURRANT be retained in the office of Justice of the Supreme Court of Utah?,,,YES,154
Summit,CLN19:10,Shall MATTHEW B. DURRANT be retained in the office of Justice of the Supreme Court of Utah?,,,YES,247
Summit,CLS19:25,Shall MATTHEW B. DURRANT be retained in the office of Justice of the Supreme Court of Utah?,,,YES,209
Summit,COLN56:10,Shall MATTHEW B. DURRANT be retained in the office of Justice of the Supreme Court of Utah?,,,YES,0
Summit,DVN1:1,Shall MATTHEW B. DURRANT be retained in the office of Justice of the Supreme Court of Utah?,,,YES,414
Summit,DVS31:1,Shall MATTHEW B. DURRANT be retained in the office of Justice of the Supreme Court of Utah?,,,YES,305
Summit,ECOR46:10,Shall MATTHEW B. DURRANT be retained in the office of Justice of the Supreme Court of Utah?,,,YES,0
Summit,ECOR46:50,Shall MATTHEW B. DURRANT be retained in the office of Justice of the Supreme Court of Utah?,,,YES,0
Summit,FRAE28:25,Shall MATTHEW B. DURRANT be retained in the office of Justice of the Supreme Court of Utah?,,,YES,188
Summit,FRAW28:10,Shall MATTHEW B. DURRANT be retained in the office of Justice of the Supreme Court of Utah?,,,YES,354
Summit,GARF58:10,Shall MATTHEW B. DURRANT be retained in the office of Justice of the Supreme Court of Utah?,,,YES,0
Summit,HEE38:32,Shall MATTHEW B. DURRANT be retained in the office of Justice of the Supreme Court of Utah?,,,YES,367
Summit,HEN25:1,Shall MATTHEW B. DURRANT be retained in the office of Justice of the Supreme Court of Utah?,,,YES,298
Summit,HEW23:32,Shall MATTHEW B. DURRANT be retained in the office of Justice of the Supreme Court of Utah?,,,YES,290
Summit,HOYT18:10,Shall MATTHEW B. DURRANT be retained in the office of Justice of the Supreme Court of Utah?,,,YES,299
Summit,IFOR49:10,Shall MATTHEW B. DURRANT be retained in the office of Justice of the Supreme Court of Utah?,,,YES,0
Summit,JERE37:32,Shall MATTHEW B. DURRANT be retained in the office of Justice of the Supreme Court of Utah?,,,YES,422
Summit,JERW27:32,Shall MATTHEW B. DURRANT be retained in the office of Justice of the Supreme Court of Utah?,,,YES,390
Summit,KAMN12:10,Shall MATTHEW B. DURRANT be retained in the office of Justice of the Supreme Court of Utah?,,,YES,335
Summit,KAMS12:25,Shall MATTHEW B. DURRANT be retained in the office of Justice of the Supreme Court of Utah?,,,YES,277
Summit,KCYN43:32,Shall MATTHEW B. DURRANT be retained in the office of Justice of the Supreme Court of Utah?,,,YES,113
Summit,LPNE9:15,Shall MATTHEW B. DURRANT be retained in the office of Justice of the Supreme Court of Utah?,,,YES,242
Summit,LPNW9:3,Shall MATTHEW B. DURRANT be retained in the office of Justice of the Supreme Court of Utah?,,,YES,274
Summit,MHW40:32,Shall MATTHEW B. DURRANT be retained in the office of Justice of the Supreme Court of Utah?,,,YES,387
Summit,MTCR59:10,Shall MATTHEW B. DURRANT be retained in the office of Justice of the Supreme Court of Utah?,,,YES,0
Summit,MTRS55:25,Shall MATTHEW B. DURRANT be retained in the office of Justice of the Supreme Court of Utah?,,,YES,106
Summit,NSN24:10,Shall MATTHEW B. DURRANT be retained in the office of Justice of the Supreme Court of Utah?,,,YES,129
Summit,OAKN14:10,Shall MATTHEW B. DURRANT be retained in the office of Justice of the Supreme Court of Utah?,,,YES,220
Summit,OAKS14:25,Shall MATTHEW B. DURRANT be retained in the office of Justice of the Supreme Court of Utah?,,,YES,305
Summit,OLDN32:1,Shall MATTHEW B. DURRANT be retained in the office of Justice of the Supreme Court of Utah?,,,YES,174
Summit,OLDS2:1,Shall MATTHEW B. DURRANT be retained in the office of Justice of the Supreme Court of Utah?,,,YES,92
Summit,PARS7:25,Shall MATTHEW B. DURRANT be retained in the office of Justice of the Supreme Court of Utah?,,,YES,127
Summit,PARW7:32,Shall MATTHEW B. DURRANT be retained in the office of Justice of the Supreme Court of Utah?,,,YES,461
Summit,PEOA15:20,Shall MATTHEW B. DURRANT be retained in the office of Justice of the Supreme Court of Utah?,,,YES,102
Summit,PEW51:10,Shall MATTHEW B. DURRANT be retained in the office of Justice of the Supreme Court of Utah?,,,YES,20
Summit,PEW51:NS5,Shall MATTHEW B. DURRANT be retained in the office of Justice of the Supreme Court of Utah?,,,YES,0
Summit,PINN39:32,Shall MATTHEW B. DURRANT be retained in the office of Justice of the Supreme Court of Utah?,,,YES,329
Summit,PKMN35:1,Shall MATTHEW B. DURRANT be retained in the office of Justice of the Supreme Court of Utah?,,,YES,417
Summit,PKMS5:1,Shall MATTHEW B. DURRANT be retained in the office of Justice of the Supreme Court of Utah?,,,YES,278
Summit,PRG45:32,Shall MATTHEW B. DURRANT be retained in the office of Justice of the Supreme Court of Utah?,,,YES,153
Summit,PRG45:S4A,Shall MATTHEW B. DURRANT be retained in the office of Justice of the Supreme Court of Utah?,,,YES,0
Summit,PRG45:S4B,Shall MATTHEW B. DURRANT be retained in the office of Justice of the Supreme Court of Utah?,,,YES,0
Summit,PRG45:S4C,Shall MATTHEW B. DURRANT be retained in the office of Justice of the Supreme Court of Utah?,,,YES,0
Summit,PRM48:10,Shall MATTHEW B. DURRANT be retained in the office of Justice of the Supreme Court of Utah?,,,YES,440
Summit,PRM48:N5A,Shall MATTHEW B. DURRANT be retained in the office of Justice of the Supreme Court of Utah?,,,YES,10
Summit,PRM48:N5B,Shall MATTHEW B. DURRANT be retained in the office of Justice of the Supreme Court of Utah?,,,YES,0
Summit,PROS3:1,Shall MATTHEW B. DURRANT be retained in the office of Justice of the Supreme Court of Utah?,,,YES,159
Summit,QUAR6:1,Shall MATTHEW B. DURRANT be retained in the office of Justice of the Supreme Court of Utah?,,,YES,330
Summit,RANS36:32,Shall MATTHEW B. DURRANT be retained in the office of Justice of the Supreme Court of Utah?,,,YES,132
Summit,RNDV47:10,Shall MATTHEW B. DURRANT be retained in the office of Justice of the Supreme Court of Utah?,,,YES,0
Summit,ROCP54:10,Shall MATTHEW B. DURRANT be retained in the office of Justice of the Supreme Court of Utah?,,,YES,56
Summit,ROCP54:S4,Shall MATTHEW B. DURRANT be retained in the office of Justice of the Supreme Court of Utah?,,,YES,0
Summit,RPL26:32,Shall MATTHEW B. DURRANT be retained in the office of Justice of the Supreme Court of Utah?,,,YES,380
Summit,SCRL44:31,Shall MATTHEW B. DURRANT be retained in the office of Justice of the Supreme Court of Utah?,,,YES,275
Summit,SCRU8:31,Shall MATTHEW B. DURRANT be retained in the office of Justice of the Supreme Court of Utah?,,,YES,188
Summit,SCRU8:NS5,Shall MATTHEW B. DURRANT be retained in the office of Justice of the Supreme Court of Utah?,,,YES,14
Summit,SFCC57:10,Shall MATTHEW B. DURRANT be retained in the office of Justice of the Supreme Court of Utah?,,,YES,0
Summit,SIDE33:1,Shall MATTHEW B. DURRANT be retained in the office of Justice of the Supreme Court of Utah?,,,YES,174
Summit,SLVR16:32,Shall MATTHEW B. DURRANT be retained in the office of Justice of the Supreme Court of Utah?,,,YES,339
Summit,SML42:32,Shall MATTHEW B. DURRANT be retained in the office of Justice of the Supreme Court of Utah?,,,YES,336
Summit,SSE13:20,Shall MATTHEW B. DURRANT be retained in the office of Justice of the Supreme Court of Utah?,,,YES,259
Summit,SSS11:20,Shall MATTHEW B. DURRANT be retained in the office of Justice of the Supreme Court of Utah?,,,YES,198
Summit,SSW22:20,Shall MATTHEW B. DURRANT be retained in the office of Justice of the Supreme Court of Utah?,,,YES,192
Summit,SUME30:32,Shall MATTHEW B. DURRANT be retained in the office of Justice of the Supreme Court of Utah?,,,YES,352
Summit,SUMW10:32,Shall MATTHEW B. DURRANT be retained in the office of Justice of the Supreme Court of Utah?,,,YES,234
Summit,THAY4:1,Shall MATTHEW B. DURRANT be retained in the office of Justice of the Supreme Court of Utah?,,,YES,247
Summit,UINT52:10,Shall MATTHEW B. DURRANT be retained in the office of Justice of the Supreme Court of Utah?,,,YES,0
Summit,UPIN41:32,Shall MATTHEW B. DURRANT be retained in the office of Justice of the Supreme Court of Utah?,,,YES,195
Summit,WAGN29:32,Shall MATTHEW B. DURRANT be retained in the office of Justice of the Supreme Court of Utah?,,,YES,192
Summit,WANE17:10,Shall MATTHEW B. DURRANT be retained in the office of Justice of the Supreme Court of Utah?,,,YES,292
Summit,WANE17:S4,Shall MATTHEW B. DURRANT be retained in the office of Justice of the Supreme Court of Utah?,,,YES,0
Summit,WNW17:2,Shall MATTHEW B. DURRANT be retained in the office of Justice of the Supreme Court of Utah?,,,YES,163
Summit,WNW17:P4A,Shall MATTHEW B. DURRANT be retained in the office of Justice of the Supreme Court of Utah?,,,YES,0
Summit,WNW17:P4B,Shall MATTHEW B. DURRANT be retained in the office of Justice of the Supreme Court of Utah?,,,YES,0
Summit,WEBC21:20,Shall MATTHEW B. DURRANT be retained in the office of Justice of the Supreme Court of Utah?,,,YES,152
Summit,BTNN34:25,Shall MATTHEW B. DURRANT be retained in the office of Justice of the Supreme Court of Utah?,,,NO,71
Summit,BTNS34:10,Shall MATTHEW B. DURRANT be retained in the office of Justice of the Supreme Court of Utah?,,,NO,55
Summit,CCRK20:10,Shall MATTHEW B. DURRANT be retained in the office of Justice of the Supreme Court of Utah?,,,NO,63
Summit,CLN19:10,Shall MATTHEW B. DURRANT be retained in the office of Justice of the Supreme Court of Utah?,,,NO,91
Summit,CLS19:25,Shall MATTHEW B. DURRANT be retained in the office of Justice of the Supreme Court of Utah?,,,NO,61
Summit,COLN56:10,Shall MATTHEW B. DURRANT be retained in the office of Justice of the Supreme Court of Utah?,,,NO,0
Summit,DVN1:1,Shall MATTHEW B. DURRANT be retained in the office of Justice of the Supreme Court of Utah?,,,NO,125
Summit,DVS31:1,Shall MATTHEW B. DURRANT be retained in the office of Justice of the Supreme Court of Utah?,,,NO,76
Summit,ECOR46:10,Shall MATTHEW B. DURRANT be retained in the office of Justice of the Supreme Court of Utah?,,,NO,0
Summit,ECOR46:50,Shall MATTHEW B. DURRANT be retained in the office of Justice of the Supreme Court of Utah?,,,NO,0
Summit,FRAE28:25,Shall MATTHEW B. DURRANT be retained in the office of Justice of the Supreme Court of Utah?,,,NO,83
Summit,FRAW28:10,Shall MATTHEW B. DURRANT be retained in the office of Justice of the Supreme Court of Utah?,,,NO,111
Summit,GARF58:10,Shall MATTHEW B. DURRANT be retained in the office of Justice of the Supreme Court of Utah?,,,NO,0
Summit,HEE38:32,Shall MATTHEW B. DURRANT be retained in the office of Justice of the Supreme Court of Utah?,,,NO,128
Summit,HEN25:1,Shall MATTHEW B. DURRANT be retained in the office of Justice of the Supreme Court of Utah?,,,NO,91
Summit,HEW23:32,Shall MATTHEW B. DURRANT be retained in the office of Justice of the Supreme Court of Utah?,,,NO,112
Summit,HOYT18:10,Shall MATTHEW B. DURRANT be retained in the office of Justice of the Supreme Court of Utah?,,,NO,129
Summit,IFOR49:10,Shall MATTHEW B. DURRANT be retained in the office of Justice of the Supreme Court of Utah?,,,NO,0
Summit,JERE37:32,Shall MATTHEW B. DURRANT be retained in the office of Justice of the Supreme Court of Utah?,,,NO,83
Summit,JERW27:32,Shall MATTHEW B. DURRANT be retained in the office of Justice of the Supreme Court of Utah?,,,NO,96
Summit,KAMN12:10,Shall MATTHEW B. DURRANT be retained in the office of Justice of the Supreme Court of Utah?,,,NO,116
Summit,KAMS12:25,Shall MATTHEW B. DURRANT be retained in the office of Justice of the Supreme Court of Utah?,,,NO,103
Summit,KCYN43:32,Shall MATTHEW B. DURRANT be retained in the office of Justice of the Supreme Court of Utah?,,,NO,25
Summit,LPNE9:15,Shall MATTHEW B. DURRANT be retained in the office of Justice of the Supreme Court of Utah?,,,NO,85
Summit,LPNW9:3,Shall MATTHEW B. DURRANT be retained in the office of Justice of the Supreme Court of Utah?,,,NO,75
Summit,MHW40:32,Shall MATTHEW B. DURRANT be retained in the office of Justice of the Supreme Court of Utah?,,,NO,87
Summit,MTCR59:10,Shall MATTHEW B. DURRANT be retained in the office of Justice of the Supreme Court of Utah?,,,NO,0
Summit,MTRS55:25,Shall MATTHEW B. DURRANT be retained in the office of Justice of the Supreme Court of Utah?,,,NO,16
Summit,NSN24:10,Shall MATTHEW B. DURRANT be retained in the office of Justice of the Supreme Court of Utah?,,,NO,33
Summit,OAKN14:10,Shall MATTHEW B. DURRANT be retained in the office of Justice of the Supreme Court of Utah?,,,NO,82
Summit,OAKS14:25,Shall MATTHEW B. DURRANT be retained in the office of Justice of the Supreme Court of Utah?,,,NO,78
Summit,OLDN32:1,Shall MATTHEW B. DURRANT be retained in the office of Justice of the Supreme Court of Utah?,,,NO,56
Summit,OLDS2:1,Shall MATTHEW B. DURRANT be retained in the office of Justice of the Supreme Court of Utah?,,,NO,33
Summit,PARS7:25,Shall MATTHEW B. DURRANT be retained in the office of Justice of the Supreme Court of Utah?,,,NO,46
Summit,PARW7:32,Shall MATTHEW B. DURRANT be retained in the office of Justice of the Supreme Court of Utah?,,,NO,135
Summit,PEOA15:20,Shall MATTHEW B. DURRANT be retained in the office of Justice of the Supreme Court of Utah?,,,NO,58
Summit,PEW51:10,Shall MATTHEW B. DURRANT be retained in the office of Justice of the Supreme Court of Utah?,,,NO,2
Summit,PEW51:NS5,Shall MATTHEW B. DURRANT be retained in the office of Justice of the Supreme Court of Utah?,,,NO,0
Summit,PINN39:32,Shall MATTHEW B. DURRANT be retained in the office of Justice of the Supreme Court of Utah?,,,NO,100
Summit,PKMN35:1,Shall MATTHEW B. DURRANT be retained in the office of Justice of the Supreme Court of Utah?,,,NO,63
Summit,PKMS5:1,Shall MATTHEW B. DURRANT be retained in the office of Justice of the Supreme Court of Utah?,,,NO,59
Summit,PRG45:32,Shall MATTHEW B. DURRANT be retained in the office of Justice of the Supreme Court of Utah?,,,NO,20
Summit,PRG45:S4A,Shall MATTHEW B. DURRANT be retained in the office of Justice of the Supreme Court of Utah?,,,NO,0
Summit,PRG45:S4B,Shall MATTHEW B. DURRANT be retained in the office of Justice of the Supreme Court of Utah?,,,NO,0
Summit,PRG45:S4C,Shall MATTHEW B. DURRANT be retained in the office of Justice of the Supreme Court of Utah?,,,NO,0
Summit,PRM48:10,Shall MATTHEW B. DURRANT be retained in the office of Justice of the Supreme Court of Utah?,,,NO,123
Summit,PRM48:N5A,Shall MATTHEW B. DURRANT be retained in the office of Justice of the Supreme Court of Utah?,,,NO,2
Summit,PRM48:N5B,Shall MATTHEW B. DURRANT be retained in the office of Justice of the Supreme Court of Utah?,,,NO,0
Summit,PROS3:1,Shall MATTHEW B. DURRANT be retained in the office of Justice of the Supreme Court of Utah?,,,NO,64
Summit,QUAR6:1,Shall MATTHEW B. DURRANT be retained in the office of Justice of the Supreme Court of Utah?,,,NO,82
Summit,RANS36:32,Shall MATTHEW B. DURRANT be retained in the office of Justice of the Supreme Court of Utah?,,,NO,30
Summit,RNDV47:10,Shall MATTHEW B. DURRANT be retained in the office of Justice of the Supreme Court of Utah?,,,NO,0
Summit,ROCP54:10,Shall MATTHEW B. DURRANT be retained in the office of Justice of the Supreme Court of Utah?,,,NO,16
Summit,ROCP54:S4,Shall MATTHEW B. DURRANT be retained in the office of Justice of the Supreme Court of Utah?,,,NO,0
Summit,RPL26:32,Shall MATTHEW B. DURRANT be retained in the office of Justice of the Supreme Court of Utah?,,,NO,79
Summit,SCRL44:31,Shall MATTHEW B. DURRANT be retained in the office of Justice of the Supreme Court of Utah?,,,NO,80
Summit,SCRU8:31,Shall MATTHEW B. DURRANT be retained in the office of Justice of the Supreme Court of Utah?,,,NO,73
Summit,SCRU8:NS5,Shall MATTHEW B. DURRANT be retained in the office of Justice of the Supreme Court of Utah?,,,NO,3
Summit,SFCC57:10,Shall MATTHEW B. DURRANT be retained in the office of Justice of the Supreme Court of Utah?,,,NO,0
Summit,SIDE33:1,Shall MATTHEW B. DURRANT be retained in the office of Justice of the Supreme Court of Utah?,,,NO,74
Summit,SLVR16:32,Shall MATTHEW B. DURRANT be retained in the office of Justice of the Supreme Court of Utah?,,,NO,82
Summit,SML42:32,Shall MATTHEW B. DURRANT be retained in the office of Justice of the Supreme Court of Utah?,,,NO,71
Summit,SSE13:20,Shall MATTHEW B. DURRANT be retained in the office of Justice of the Supreme Court of Utah?,,,NO,126
Summit,SSS11:20,Shall MATTHEW B. DURRANT be retained in the office of Justice of the Supreme Court of Utah?,,,NO,81
Summit,SSW22:20,Shall MATTHEW B. DURRANT be retained in the office of Justice of the Supreme Court of Utah?,,,NO,76
Summit,SUME30:32,Shall MATTHEW B. DURRANT be retained in the office of Justice of the Supreme Court of Utah?,,,NO,142
Summit,SUMW10:32,Shall MATTHEW B. DURRANT be retained in the office of Justice of the Supreme Court of Utah?,,,NO,103
Summit,THAY4:1,Shall MATTHEW B. DURRANT be retained in the office of Justice of the Supreme Court of Utah?,,,NO,57
Summit,UINT52:10,Shall MATTHEW B. DURRANT be retained in the office of Justice of the Supreme Court of Utah?,,,NO,0
Summit,UPIN41:32,Shall MATTHEW B. DURRANT be retained in the office of Justice of the Supreme Court of Utah?,,,NO,48
Summit,WAGN29:32,Shall MATTHEW B. DURRANT be retained in the office of Justice of the Supreme Court of Utah?,,,NO,57
Summit,WANE17:10,Shall MATTHEW B. DURRANT be retained in the office of Justice of the Supreme Court of Utah?,,,NO,82
Summit,WANE17:S4,Shall MATTHEW B. DURRANT be retained in the office of Justice of the Supreme Court of Utah?,,,NO,0
Summit,WNW17:2,Shall MATTHEW B. DURRANT be retained in the office of Justice of the Supreme Court of Utah?,,,NO,70
Summit,WNW17:P4A,Shall MATTHEW B. DURRANT be retained in the office of Justice of the Supreme Court of Utah?,,,NO,0
Summit,WNW17:P4B,Shall MATTHEW B. DURRANT be retained in the office of Justice of the Supreme Court of Utah?,,,NO,0
Summit,WEBC21:20,Shall MATTHEW B. DURRANT be retained in the office of Justice of the Supreme Court of Utah?,,,NO,55
Summit,BTNN34:25,Shall RYAN D. TENNEY be retained in the office of Judge of the Court of Appeals of Utah?,,,YES,231
Summit,BTNS34:10,Shall RYAN D. TENNEY be retained in the office of Judge of the Court of Appeals of Utah?,,,YES,191
Summit,CCRK20:10,Shall RYAN D. TENNEY be retained in the office of Judge of the Court of Appeals of Utah?,,,YES,146
Summit,CLN19:10,Shall RYAN D. TENNEY be retained in the office of Judge of the Court of Appeals of Utah?,,,YES,236
Summit,CLS19:25,Shall RYAN D. TENNEY be retained in the office of Judge of the Court of Appeals of Utah?,,,YES,203
Summit,COLN56:10,Shall RYAN D. TENNEY be retained in the office of Judge of the Court of Appeals of Utah?,,,YES,0
Summit,DVN1:1,Shall RYAN D. TENNEY be retained in the office of Judge of the Court of Appeals of Utah?,,,YES,404
Summit,DVS31:1,Shall RYAN D. TENNEY be retained in the office of Judge of the Court of Appeals of Utah?,,,YES,303
Summit,ECOR46:10,Shall RYAN D. TENNEY be retained in the office of Judge of the Court of Appeals of Utah?,,,YES,0
Summit,ECOR46:50,Shall RYAN D. TENNEY be retained in the office of Judge of the Court of Appeals of Utah?,,,YES,0
Summit,FRAE28:25,Shall RYAN D. TENNEY be retained in the office of Judge of the Court of Appeals of Utah?,,,YES,185
Summit,FRAW28:10,Shall RYAN D. TENNEY be retained in the office of Judge of the Court of Appeals of Utah?,,,YES,337
Summit,GARF58:10,Shall RYAN D. TENNEY be retained in the office of Judge of the Court of Appeals of Utah?,,,YES,0
Summit,HEE38:32,Shall RYAN D. TENNEY be retained in the office of Judge of the Court of Appeals of Utah?,,,YES,362
Summit,HEN25:1,Shall RYAN D. TENNEY be retained in the office of Judge of the Court of Appeals of Utah?,,,YES,291
Summit,HEW23:32,Shall RYAN D. TENNEY be retained in the office of Judge of the Court of Appeals of Utah?,,,YES,291
Summit,HOYT18:10,Shall RYAN D. TENNEY be retained in the office of Judge of the Court of Appeals of Utah?,,,YES,288
Summit,IFOR49:10,Shall RYAN D. TENNEY be retained in the office of Judge of the Court of Appeals of Utah?,,,YES,0
Summit,JERE37:32,Shall RYAN D. TENNEY be retained in the office of Judge of the Court of Appeals of Utah?,,,YES,417
Summit,JERW27:32,Shall RYAN D. TENNEY be retained in the office of Judge of the Court of Appeals of Utah?,,,YES,384
Summit,KAMN12:10,Shall RYAN D. TENNEY be retained in the office of Judge of the Court of Appeals of Utah?,,,YES,314
Summit,KAMS12:25,Shall RYAN D. TENNEY be retained in the office of Judge of the Court of Appeals of Utah?,,,YES,267
Summit,KCYN43:32,Shall RYAN D. TENNEY be retained in the office of Judge of the Court of Appeals of Utah?,,,YES,110
Summit,LPNE9:15,Shall RYAN D. TENNEY be retained in the office of Judge of the Court of Appeals of Utah?,,,YES,231
Summit,LPNW9:3,Shall RYAN D. TENNEY be retained in the office of Judge of the Court of Appeals of Utah?,,,YES,267
Summit,MHW40:32,Shall RYAN D. TENNEY be retained in the office of Judge of the Court of Appeals of Utah?,,,YES,370
Summit,MTCR59:10,Shall RYAN D. TENNEY be retained in the office of Judge of the Court of Appeals of Utah?,,,YES,0
Summit,MTRS55:25,Shall RYAN D. TENNEY be retained in the office of Judge of the Court of Appeals of Utah?,,,YES,106
Summit,NSN24:10,Shall RYAN D. TENNEY be retained in the office of Judge of the Court of Appeals of Utah?,,,YES,122
Summit,OAKN14:10,Shall RYAN D. TENNEY be retained in the office of Judge of the Court of Appeals of Utah?,,,YES,211
Summit,OAKS14:25,Shall RYAN D. TENNEY be retained in the office of Judge of the Court of Appeals of Utah?,,,YES,291
Summit,OLDN32:1,Shall RYAN D. TENNEY be retained in the office of Judge of the Court of Appeals of Utah?,,,YES,167
Summit,OLDS2:1,Shall RYAN D. TENNEY be retained in the office of Judge of the Court of Appeals of Utah?,,,YES,79
Summit,PARS7:25,Shall RYAN D. TENNEY be retained in the office of Judge of the Court of Appeals of Utah?,,,YES,123
Summit,PARW7:32,Shall RYAN D. TENNEY be retained in the office of Judge of the Court of Appeals of Utah?,,,YES,447
Summit,PEOA15:20,Shall RYAN D. TENNEY be retained in the office of Judge of the Court of Appeals of Utah?,,,YES,105
Summit,PEW51:10,Shall RYAN D. TENNEY be retained in the office of Judge of the Court of Appeals of Utah?,,,YES,17
Summit,PEW51:NS5,Shall RYAN D. TENNEY be retained in the office of Judge of the Court of Appeals of Utah?,,,YES,0
Summit,PINN39:32,Shall RYAN D. TENNEY be retained in the office of Judge of the Court of Appeals of Utah?,,,YES,332
Summit,PKMN35:1,Shall RYAN D. TENNEY be retained in the office of Judge of the Court of Appeals of Utah?,,,YES,406
Summit,PKMS5:1,Shall RYAN D. TENNEY be retained in the office of Judge of the Court of Appeals of Utah?,,,YES,274
Summit,PRG45:32,Shall RYAN D. TENNEY be retained in the office of Judge of the Court of Appeals of Utah?,,,YES,144
Summit,PRG45:S4A,Shall RYAN D. TENNEY be retained in the office of Judge of the Court of Appeals of Utah?,,,YES,0
Summit,PRG45:S4B,Shall RYAN D. TENNEY be retained in the office of Judge of the Court of Appeals of Utah?,,,YES,0
Summit,PRG45:S4C,Shall RYAN D. TENNEY be retained in the office of Judge of the Court of Appeals of Utah?,,,YES,0
Summit,PRM48:10,Shall RYAN D. TENNEY be retained in the office of Judge of the Court of Appeals of Utah?,,,YES,446
Summit,PRM48:N5A,Shall RYAN D. TENNEY be retained in the office of Judge of the Court of Appeals of Utah?,,,YES,10
Summit,PRM48:N5B,Shall RYAN D. TENNEY be retained in the office of Judge of the Court of Appeals of Utah?,,,YES,0
Summit,PROS3:1,Shall RYAN D. TENNEY be retained in the office of Judge of the Court of Appeals of Utah?,,,YES,166
Summit,QUAR6:1,Shall RYAN D. TENNEY be retained in the office of Judge of the Court of Appeals of Utah?,,,YES,314
Summit,RANS36:32,Shall RYAN D. TENNEY be retained in the office of Judge of the Court of Appeals of Utah?,,,YES,130
Summit,RNDV47:10,Shall RYAN D. TENNEY be retained in the office of Judge of the Court of Appeals of Utah?,,,YES,0
Summit,ROCP54:10,Shall RYAN D. TENNEY be retained in the office of Judge of the Court of Appeals of Utah?,,,YES,54
Summit,ROCP54:S4,Shall RYAN D. TENNEY be retained in the office of Judge of the Court of Appeals of Utah?,,,YES,0
Summit,RPL26:32,Shall RYAN D. TENNEY be retained in the office of Judge of the Court of Appeals of Utah?,,,YES,366
Summit,SCRL44:31,Shall RYAN D. TENNEY be retained in the office of Judge of the Court of Appeals of Utah?,,,YES,267
Summit,SCRU8:31,Shall RYAN D. TENNEY be retained in the office of Judge of the Court of Appeals of Utah?,,,YES,178
Summit,SCRU8:NS5,Shall RYAN D. TENNEY be retained in the office of Judge of the Court of Appeals of Utah?,,,YES,15
Summit,SFCC57:10,Shall RYAN D. TENNEY be retained in the office of Judge of the Court of Appeals of Utah?,,,YES,0
Summit,SIDE33:1,Shall RYAN D. TENNEY be retained in the office of Judge of the Court of Appeals of Utah?,,,YES,172
Summit,SLVR16:32,Shall RYAN D. TENNEY be retained in the office of Judge of the Court of Appeals of Utah?,,,YES,334
Summit,SML42:32,Shall RYAN D. TENNEY be retained in the office of Judge of the Court of Appeals of Utah?,,,YES,333
Summit,SSE13:20,Shall RYAN D. TENNEY be retained in the office of Judge of the Court of Appeals of Utah?,,,YES,263
Summit,SSS11:20,Shall RYAN D. TENNEY be retained in the office of Judge of the Court of Appeals of Utah?,,,YES,178
Summit,SSW22:20,Shall RYAN D. TENNEY be retained in the office of Judge of the Court of Appeals of Utah?,,,YES,185
Summit,SUME30:32,Shall RYAN D. TENNEY be retained in the office of Judge of the Court of Appeals of Utah?,,,YES,361
Summit,SUMW10:32,Shall RYAN D. TENNEY be retained in the office of Judge of the Court of Appeals of Utah?,,,YES,228
Summit,THAY4:1,Shall RYAN D. TENNEY be retained in the office of Judge of the Court of Appeals of Utah?,,,YES,235
Summit,UINT52:10,Shall RYAN D. TENNEY be retained in the office of Judge of the Court of Appeals of Utah?,,,YES,0
Summit,UPIN41:32,Shall RYAN D. TENNEY be retained in the office of Judge of the Court of Appeals of Utah?,,,YES,193
Summit,WAGN29:32,Shall RYAN D. TENNEY be retained in the office of Judge of the Court of Appeals of Utah?,,,YES,188
Summit,WANE17:10,Shall RYAN D. TENNEY be retained in the office of Judge of the Court of Appeals of Utah?,,,YES,266
Summit,WANE17:S4,Shall RYAN D. TENNEY be retained in the office of Judge of the Court of Appeals of Utah?,,,YES,0
Summit,WNW17:2,Shall RYAN D. TENNEY be retained in the office of Judge of the Court of Appeals of Utah?,,,YES,154
Summit,WNW17:P4A,Shall RYAN D. TENNEY be retained in the office of Judge of the Court of Appeals of Utah?,,,YES,0
Summit,WNW17:P4B,Shall RYAN D. TENNEY be retained in the office of Judge of the Court of Appeals of Utah?,,,YES,0
Summit,WEBC21:20,Shall RYAN D. TENNEY be retained in the office of Judge of the Court of Appeals of Utah?,,,YES,148
Summit,BTNN34:25,Shall RYAN D. TENNEY be retained in the office of Judge of the Court of Appeals of Utah?,,,NO,65
Summit,BTNS34:10,Shall RYAN D. TENNEY be retained in the office of Judge of the Court of Appeals of Utah?,,,NO,47
Summit,CCRK20:10,Shall RYAN D. TENNEY be retained in the office of Judge of the Court of Appeals of Utah?,,,NO,68
Summit,CLN19:10,Shall RYAN D. TENNEY be retained in the office of Judge of the Court of Appeals of Utah?,,,NO,97
Summit,CLS19:25,Shall RYAN D. TENNEY be retained in the office of Judge of the Court of Appeals of Utah?,,,NO,63
Summit,COLN56:10,Shall RYAN D. TENNEY be retained in the office of Judge of the Court of Appeals of Utah?,,,NO,0
Summit,DVN1:1,Shall RYAN D. TENNEY be retained in the office of Judge of the Court of Appeals of Utah?,,,NO,125
Summit,DVS31:1,Shall RYAN D. TENNEY be retained in the office of Judge of the Court of Appeals of Utah?,,,NO,67
Summit,ECOR46:10,Shall RYAN D. TENNEY be retained in the office of Judge of the Court of Appeals of Utah?,,,NO,0
Summit,ECOR46:50,Shall RYAN D. TENNEY be retained in the office of Judge of the Court of Appeals of Utah?,,,NO,0
Summit,FRAE28:25,Shall RYAN D. TENNEY be retained in the office of Judge of the Court of Appeals of Utah?,,,NO,80
Summit,FRAW28:10,Shall RYAN D. TENNEY be retained in the office of Judge of the Court of Appeals of Utah?,,,NO,118
Summit,GARF58:10,Shall RYAN D. TENNEY be retained in the office of Judge of the Court of Appeals of Utah?,,,NO,0
Summit,HEE38:32,Shall RYAN D. TENNEY be retained in the office of Judge of the Court of Appeals of Utah?,,,NO,114
Summit,HEN25:1,Shall RYAN D. TENNEY be retained in the office of Judge of the Court of Appeals of Utah?,,,NO,94
Summit,HEW23:32,Shall RYAN D. TENNEY be retained in the office of Judge of the Court of Appeals of Utah?,,,NO,98
Summit,HOYT18:10,Shall RYAN D. TENNEY be retained in the office of Judge of the Court of Appeals of Utah?,,,NO,137
Summit,IFOR49:10,Shall RYAN D. TENNEY be retained in the office of Judge of the Court of Appeals of Utah?,,,NO,0
Summit,JERE37:32,Shall RYAN D. TENNEY be retained in the office of Judge of the Court of Appeals of Utah?,,,NO,80
Summit,JERW27:32,Shall RYAN D. TENNEY be retained in the office of Judge of the Court of Appeals of Utah?,,,NO,95
Summit,KAMN12:10,Shall RYAN D. TENNEY be retained in the office of Judge of the Court of Appeals of Utah?,,,NO,126
Summit,KAMS12:25,Shall RYAN D. TENNEY be retained in the office of Judge of the Court of Appeals of Utah?,,,NO,107
Summit,KCYN43:32,Shall RYAN D. TENNEY be retained in the office of Judge of the Court of Appeals of Utah?,,,NO,26
Summit,LPNE9:15,Shall RYAN D. TENNEY be retained in the office of Judge of the Court of Appeals of Utah?,,,NO,86
Summit,LPNW9:3,Shall RYAN D. TENNEY be retained in the office of Judge of the Court of Appeals of Utah?,,,NO,72
Summit,MHW40:32,Shall RYAN D. TENNEY be retained in the office of Judge of the Court of Appeals of Utah?,,,NO,95
Summit,MTCR59:10,Shall RYAN D. TENNEY be retained in the office of Judge of the Court of Appeals of Utah?,,,NO,0
Summit,MTRS55:25,Shall RYAN D. TENNEY be retained in the office of Judge of the Court of Appeals of Utah?,,,NO,16
Summit,NSN24:10,Shall RYAN D. TENNEY be retained in the office of Judge of the Court of Appeals of Utah?,,,NO,38
Summit,OAKN14:10,Shall RYAN D. TENNEY be retained in the office of Judge of the Court of Appeals of Utah?,,,NO,84
Summit,OAKS14:25,Shall RYAN D. TENNEY be retained in the office of Judge of the Court of Appeals of Utah?,,,NO,84
Summit,OLDN32:1,Shall RYAN D. TENNEY be retained in the office of Judge of the Court of Appeals of Utah?,,,NO,48
Summit,OLDS2:1,Shall RYAN D. TENNEY be retained in the office of Judge of the Court of Appeals of Utah?,,,NO,40
Summit,PARS7:25,Shall RYAN D. TENNEY be retained in the office of Judge of the Court of Appeals of Utah?,,,NO,42
Summit,PARW7:32,Shall RYAN D. TENNEY be retained in the office of Judge of the Court of Appeals of Utah?,,,NO,122
Summit,PEOA15:20,Shall RYAN D. TENNEY be retained in the office of Judge of the Court of Appeals of Utah?,,,NO,54
Summit,PEW51:10,Shall RYAN D. TENNEY be retained in the office of Judge of the Court of Appeals of Utah?,,,NO,2
Summit,PEW51:NS5,Shall RYAN D. TENNEY be retained in the office of Judge of the Court of Appeals of Utah?,,,NO,0
Summit,PINN39:32,Shall RYAN D. TENNEY be retained in the office of Judge of the Court of Appeals of Utah?,,,NO,86
Summit,PKMN35:1,Shall RYAN D. TENNEY be retained in the office of Judge of the Court of Appeals of Utah?,,,NO,53
Summit,PKMS5:1,Shall RYAN D. TENNEY be retained in the office of Judge of the Court of Appeals of Utah?,,,NO,47
Summit,PRG45:32,Shall RYAN D. TENNEY be retained in the office of Judge of the Court of Appeals of Utah?,,,NO,12
Summit,PRG45:S4A,Shall RYAN D. TENNEY be retained in the office of Judge of the Court of Appeals of Utah?,,,NO,0
Summit,PRG45:S4B,Shall RYAN D. TENNEY be retained in the office of Judge of the Court of Appeals of Utah?,,,NO,0
Summit,PRG45:S4C,Shall RYAN D. TENNEY be retained in the office of Judge of the Court of Appeals of Utah?,,,NO,0
Summit,PRM48:10,Shall RYAN D. TENNEY be retained in the office of Judge of the Court of Appeals of Utah?,,,NO,102
Summit,PRM48:N5A,Shall RYAN D. TENNEY be retained in the office of Judge of the Court of Appeals of Utah?,,,NO,3
Summit,PRM48:N5B,Shall RYAN D. TENNEY be retained in the office of Judge of the Court of Appeals of Utah?,,,NO,0
Summit,PROS3:1,Shall RYAN D. TENNEY be retained in the office of Judge of the Court of Appeals of Utah?,,,NO,54
Summit,QUAR6:1,Shall RYAN D. TENNEY be retained in the office of Judge of the Court of Appeals of Utah?,,,NO,82
Summit,RANS36:32,Shall RYAN D. TENNEY be retained in the office of Judge of the Court of Appeals of Utah?,,,NO,27
Summit,RNDV47:10,Shall RYAN D. TENNEY be retained in the office of Judge of the Court of Appeals of Utah?,,,NO,0
Summit,ROCP54:10,Shall RYAN D. TENNEY be retained in the office of Judge of the Court of Appeals of Utah?,,,NO,12
Summit,ROCP54:S4,Shall RYAN D. TENNEY be retained in the office of Judge of the Court of Appeals of Utah?,,,NO,0
Summit,RPL26:32,Shall RYAN D. TENNEY be retained in the office of Judge of the Court of Appeals of Utah?,,,NO,83
Summit,SCRL44:31,Shall RYAN D. TENNEY be retained in the office of Judge of the Court of Appeals of Utah?,,,NO,80
Summit,SCRU8:31,Shall RYAN D. TENNEY be retained in the office of Judge of the Court of Appeals of Utah?,,,NO,76
Summit,SCRU8:NS5,Shall RYAN D. TENNEY be retained in the office of Judge of the Court of Appeals of Utah?,,,NO,2
Summit,SFCC57:10,Shall RYAN D. TENNEY be retained in the office of Judge of the Court of Appeals of Utah?,,,NO,0
Summit,SIDE33:1,Shall RYAN D. TENNEY be retained in the office of Judge of the Court of Appeals of Utah?,,,NO,65
Summit,SLVR16:32,Shall RYAN D. TENNEY be retained in the office of Judge of the Court of Appeals of Utah?,,,NO,76
Summit,SML42:32,Shall RYAN D. TENNEY be retained in the office of Judge of the Court of Appeals of Utah?,,,NO,64
Summit,SSE13:20,Shall RYAN D. TENNEY be retained in the office of Judge of the Court of Appeals of Utah?,,,NO,123
Summit,SSS11:20,Shall RYAN D. TENNEY be retained in the office of Judge of the Court of Appeals of Utah?,,,NO,90
Summit,SSW22:20,Shall RYAN D. TENNEY be retained in the office of Judge of the Court of Appeals of Utah?,,,NO,78
Summit,SUME30:32,Shall RYAN D. TENNEY be retained in the office of Judge of the Court of Appeals of Utah?,,,NO,110
Summit,SUMW10:32,Shall RYAN D. TENNEY be retained in the office of Judge of the Court of Appeals of Utah?,,,NO,99
Summit,THAY4:1,Shall RYAN D. TENNEY be retained in the office of Judge of the Court of Appeals of Utah?,,,NO,57
Summit,UINT52:10,Shall RYAN D. TENNEY be retained in the office of Judge of the Court of Appeals of Utah?,,,NO,0
Summit,UPIN41:32,Shall RYAN D. TENNEY be retained in the office of Judge of the Court of Appeals of Utah?,,,NO,39
Summit,WAGN29:32,Shall RYAN D. TENNEY be retained in the office of Judge of the Court of Appeals of Utah?,,,NO,57
Summit,WANE17:10,Shall RYAN D. TENNEY be retained in the office of Judge of the Court of Appeals of Utah?,,,NO,88
Summit,WANE17:S4,Shall RYAN D. TENNEY be retained in the office of Judge of the Court of Appeals of Utah?,,,NO,0
Summit,WNW17:2,Shall RYAN D. TENNEY be retained in the office of Judge of the Court of Appeals of Utah?,,,NO,64
Summit,WNW17:P4A,Shall RYAN D. TENNEY be retained in the office of Judge of the Court of Appeals of Utah?,,,NO,0
Summit,WNW17:P4B,Shall RYAN D. TENNEY be retained in the office of Judge of the Court of Appeals of Utah?,,,NO,0
Summit,WEBC21:20,Shall RYAN D. TENNEY be retained in the office of Judge of the Court of Appeals of Utah?,,,NO,58
Summit,BTNN34:25,Shall HEATHER ANNETTE BRERETON be retained in the office of Judge of the District Court of the Third Judicial District?,,,YES,223
Summit,BTNS34:10,Shall HEATHER ANNETTE BRERETON be retained in the office of Judge of the District Court of the Third Judicial District?,,,YES,191
Summit,CCRK20:10,Shall HEATHER ANNETTE BRERETON be retained in the office of Judge of the District Court of the Third Judicial District?,,,YES,132
Summit,CLN19:10,Shall HEATHER ANNETTE BRERETON be retained in the office of Judge of the District Court of the Third Judicial District?,,,YES,236
Summit,CLS19:25,Shall HEATHER ANNETTE BRERETON be retained in the office of Judge of the District Court of the Third Judicial District?,,,YES,194
Summit,COLN56:10,Shall HEATHER ANNETTE BRERETON be retained in the office of Judge of the District Court of the Third Judicial District?,,,YES,0
Summit,DVN1:1,Shall HEATHER ANNETTE BRERETON be retained in the office of Judge of the District Court of the Third Judicial District?,,,YES,411
Summit,DVS31:1,Shall HEATHER ANNETTE BRERETON be retained in the office of Judge of the District Court of the Third Judicial District?,,,YES,297
Summit,ECOR46:10,Shall HEATHER ANNETTE BRERETON be retained in the office of Judge of the District Court of the Third Judicial District?,,,YES,0
Summit,ECOR46:50,Shall HEATHER ANNETTE BRERETON be retained in the office of Judge of the District Court of the Third Judicial District?,,,YES,0
Summit,FRAE28:25,Shall HEATHER ANNETTE BRERETON be retained in the office of Judge of the District Court of the Third Judicial District?,,,YES,185
Summit,FRAW28:10,Shall HEATHER ANNETTE BRERETON be retained in the office of Judge of the District Court of the Third Judicial District?,,,YES,329
Summit,GARF58:10,Shall HEATHER ANNETTE BRERETON be retained in the office of Judge of the District Court of the Third Judicial District?,,,YES,0
Summit,HEE38:32,Shall HEATHER ANNETTE BRERETON be retained in the office of Judge of the District Court of the Third Judicial District?,,,YES,381
Summit,HEN25:1,Shall HEATHER ANNETTE BRERETON be retained in the office of Judge of the District Court of the Third Judicial District?,,,YES,276
Summit,HEW23:32,Shall HEATHER ANNETTE BRERETON be retained in the office of Judge of the District Court of the Third Judicial District?,,,YES,285
Summit,HOYT18:10,Shall HEATHER ANNETTE BRERETON be retained in the office of Judge of the District Court of the Third Judicial District?,,,YES,280
Summit,IFOR49:10,Shall HEATHER ANNETTE BRERETON be retained in the office of Judge of the District Court of the Third Judicial District?,,,YES,0
Summit,JERE37:32,Shall HEATHER ANNETTE BRERETON be retained in the office of Judge of the District Court of the Third Judicial District?,,,YES,405
Summit,JERW27:32,Shall HEATHER ANNETTE BRERETON be retained in the office of Judge of the District Court of the Third Judicial District?,,,YES,404
Summit,KAMN12:10,Shall HEATHER ANNETTE BRERETON be retained in the office of Judge of the District Court of the Third Judicial District?,,,YES,317
Summit,KAMS12:25,Shall HEATHER ANNETTE BRERETON be retained in the office of Judge of the District Court of the Third Judicial District?,,,YES,274
Summit,KCYN43:32,Shall HEATHER ANNETTE BRERETON be retained in the office of Judge of the District Court of the Third Judicial District?,,,YES,112
Summit,LPNE9:15,Shall HEATHER ANNETTE BRERETON be retained in the office of Judge of the District Court of the Third Judicial District?,,,YES,242
Summit,LPNW9:3,Shall HEATHER ANNETTE BRERETON be retained in the office of Judge of the District Court of the Third Judicial District?,,,YES,278
Summit,MHW40:32,Shall HEATHER ANNETTE BRERETON be retained in the office of Judge of the District Court of the Third Judicial District?,,,YES,371
Summit,MTCR59:10,Shall HEATHER ANNETTE BRERETON be retained in the office of Judge of the District Court of the Third Judicial District?,,,YES,0
Summit,MTRS55:25,Shall HEATHER ANNETTE BRERETON be retained in the office of Judge of the District Court of the Third Judicial District?,,,YES,99
Summit,NSN24:10,Shall HEATHER ANNETTE BRERETON be retained in the office of Judge of the District Court of the Third Judicial District?,,,YES,111
Summit,OAKN14:10,Shall HEATHER ANNETTE BRERETON be retained in the office of Judge of the District Court of the Third Judicial District?,,,YES,209
Summit,OAKS14:25,Shall HEATHER ANNETTE BRERETON be retained in the office of Judge of the District Court of the Third Judicial District?,,,YES,276
Summit,OLDN32:1,Shall HEATHER ANNETTE BRERETON be retained in the office of Judge of the District Court of the Third Judicial District?,,,YES,169
Summit,OLDS2:1,Shall HEATHER ANNETTE BRERETON be retained in the office of Judge of the District Court of the Third Judicial District?,,,YES,92
Summit,PARS7:25,Shall HEATHER ANNETTE BRERETON be retained in the office of Judge of the District Court of the Third Judicial District?,,,YES,128
Summit,PARW7:32,Shall HEATHER ANNETTE BRERETON be retained in the office of Judge of the District Court of the Third Judicial District?,,,YES,455
Summit,PEOA15:20,Shall HEATHER ANNETTE BRERETON be retained in the office of Judge of the District Court of the Third Judicial District?,,,YES,101
Summit,PEW51:10,Shall HEATHER ANNETTE BRERETON be retained in the office of Judge of the District Court of the Third Judicial District?,,,YES,14
Summit,PEW51:NS5,Shall HEATHER ANNETTE BRERETON be retained in the office of Judge of the District Court of the Third Judicial District?,,,YES,0
Summit,PINN39:32,Shall HEATHER ANNETTE BRERETON be retained in the office of Judge of the District Court of the Third Judicial District?,,,YES,355
Summit,PKMN35:1,Shall HEATHER ANNETTE BRERETON be retained in the office of Judge of the District Court of the Third Judicial District?,,,YES,380
Summit,PKMS5:1,Shall HEATHER ANNETTE BRERETON be retained in the office of Judge of the District Court of the Third Judicial District?,,,YES,276
Summit,PRG45:32,Shall HEATHER ANNETTE BRERETON be retained in the office of Judge of the District Court of the Third Judicial District?,,,YES,127
Summit,PRG45:S4A,Shall HEATHER ANNETTE BRERETON be retained in the office of Judge of the District Court of the Third Judicial District?,,,YES,0
Summit,PRG45:S4B,Shall HEATHER ANNETTE BRERETON be retained in the office of Judge of the District Court of the Third Judicial District?,,,YES,0
Summit,PRG45:S4C,Shall HEATHER ANNETTE BRERETON be retained in the office of Judge of the District Court of the Third Judicial District?,,,YES,0
Summit,PRM48:10,Shall HEATHER ANNETTE BRERETON be retained in the office of Judge of the District Court of the Third Judicial District?,,,YES,431
Summit,PRM48:N5A,Shall HEATHER ANNETTE BRERETON be retained in the office of Judge of the District Court of the Third Judicial District?,,,YES,7
Summit,PRM48:N5B,Shall HEATHER ANNETTE BRERETON be retained in the office of Judge of the District Court of the Third Judicial District?,,,YES,0
Summit,PROS3:1,Shall HEATHER ANNETTE BRERETON be retained in the office of Judge of the District Court of the Third Judicial District?,,,YES,171
Summit,QUAR6:1,Shall HEATHER ANNETTE BRERETON be retained in the office of Judge of the District Court of the Third Judicial District?,,,YES,305
Summit,RANS36:32,Shall HEATHER ANNETTE BRERETON be retained in the office of Judge of the District Court of the Third Judicial District?,,,YES,128
Summit,RNDV47:10,Shall HEATHER ANNETTE BRERETON be retained in the office of Judge of the District Court of the Third Judicial District?,,,YES,0
Summit,ROCP54:10,Shall HEATHER ANNETTE BRERETON be retained in the office of Judge of the District Court of the Third Judicial District?,,,YES,54
Summit,ROCP54:S4,Shall HEATHER ANNETTE BRERETON be retained in the office of Judge of the District Court of the Third Judicial District?,,,YES,0
Summit,RPL26:32,Shall HEATHER ANNETTE BRERETON be retained in the office of Judge of the District Court of the Third Judicial District?,,,YES,357
Summit,SCRL44:31,Shall HEATHER ANNETTE BRERETON be retained in the office of Judge of the District Court of the Third Judicial District?,,,YES,257
Summit,SCRU8:31,Shall HEATHER ANNETTE BRERETON be retained in the office of Judge of the District Court of the Third Judicial District?,,,YES,182
Summit,SCRU8:NS5,Shall HEATHER ANNETTE BRERETON be retained in the office of Judge of the District Court of the Third Judicial District?,,,YES,16
Summit,SFCC57:10,Shall HEATHER ANNETTE BRERETON be retained in the office of Judge of the District Court of the Third Judicial District?,,,YES,0
Summit,SIDE33:1,Shall HEATHER ANNETTE BRERETON be retained in the office of Judge of the District Court of the Third Judicial District?,,,YES,191
Summit,SLVR16:32,Shall HEATHER ANNETTE BRERETON be retained in the office of Judge of the District Court of the Third Judicial District?,,,YES,342
Summit,SML42:32,Shall HEATHER ANNETTE BRERETON be retained in the office of Judge of the District Court of the Third Judicial District?,,,YES,327
Summit,SSE13:20,Shall HEATHER ANNETTE BRERETON be retained in the office of Judge of the District Court of the Third Judicial District?,,,YES,253
Summit,SSS11:20,Shall HEATHER ANNETTE BRERETON be retained in the office of Judge of the District Court of the Third Judicial District?,,,YES,175
Summit,SSW22:20,Shall HEATHER ANNETTE BRERETON be retained in the office of Judge of the District Court of the Third Judicial District?,,,YES,186
Summit,SUME30:32,Shall HEATHER ANNETTE BRERETON be retained in the office of Judge of the District Court of the Third Judicial District?,,,YES,373
Summit,SUMW10:32,Shall HEATHER ANNETTE BRERETON be retained in the office of Judge of the District Court of the Third Judicial District?,,,YES,248
Summit,THAY4:1,Shall HEATHER ANNETTE BRERETON be retained in the office of Judge of the District Court of the Third Judicial District?,,,YES,223
Summit,UINT52:10,Shall HEATHER ANNETTE BRERETON be retained in the office of Judge of the District Court of the Third Judicial District?,,,YES,0
Summit,UPIN41:32,Shall HEATHER ANNETTE BRERETON be retained in the office of Judge of the District Court of the Third Judicial District?,,,YES,200
Summit,WAGN29:32,Shall HEATHER ANNETTE BRERETON be retained in the office of Judge of the District Court of the Third Judicial District?,,,YES,196
Summit,WANE17:10,Shall HEATHER ANNETTE BRERETON be retained in the office of Judge of the District Court of the Third Judicial District?,,,YES,262
Summit,WANE17:S4,Shall HEATHER ANNETTE BRERETON be retained in the office of Judge of the District Court of the Third Judicial District?,,,YES,0
Summit,WNW17:2,Shall HEATHER ANNETTE BRERETON be retained in the office of Judge of the District Court of the Third Judicial District?,,,YES,153
Summit,WNW17:P4A,Shall HEATHER ANNETTE BRERETON be retained in the office of Judge of the District Court of the Third Judicial District?,,,YES,0
Summit,WNW17:P4B,Shall HEATHER ANNETTE BRERETON be retained in the office of Judge of the District Court of the Third Judicial District?,,,YES,0
Summit,WEBC21:20,Shall HEATHER ANNETTE BRERETON be retained in the office of Judge of the District Court of the Third Judicial District?,,,YES,140
Summit,BTNN34:25,Shall HEATHER ANNETTE BRERETON be retained in the office of Judge of the District Court of the Third Judicial District?,,,NO,73
Summit,BTNS34:10,Shall HEATHER ANNETTE BRERETON be retained in the office of Judge of the District Court of the Third Judicial District?,,,NO,46
Summit,CCRK20:10,Shall HEATHER ANNETTE BRERETON be retained in the office of Judge of the District Court of the Third Judicial District?,,,NO,81
Summit,CLN19:10,Shall HEATHER ANNETTE BRERETON be retained in the office of Judge of the District Court of the Third Judicial District?,,,NO,93
Summit,CLS19:25,Shall HEATHER ANNETTE BRERETON be retained in the office of Judge of the District Court of the Third Judicial District?,,,NO,73
Summit,COLN56:10,Shall HEATHER ANNETTE BRERETON be retained in the office of Judge of the District Court of the Third Judicial District?,,,NO,0
Summit,DVN1:1,Shall HEATHER ANNETTE BRERETON be retained in the office of Judge of the District Court of the Third Judicial District?,,,NO,117
Summit,DVS31:1,Shall HEATHER ANNETTE BRERETON be retained in the office of Judge of the District Court of the Third Judicial District?,,,NO,72
Summit,ECOR46:10,Shall HEATHER ANNETTE BRERETON be retained in the office of Judge of the District Court of the Third Judicial District?,,,NO,0
Summit,ECOR46:50,Shall HEATHER ANNETTE BRERETON be retained in the office of Judge of the District Court of the Third Judicial District?,,,NO,0
Summit,FRAE28:25,Shall HEATHER ANNETTE BRERETON be retained in the office of Judge of the District Court of the Third Judicial District?,,,NO,81
Summit,FRAW28:10,Shall HEATHER ANNETTE BRERETON be retained in the office of Judge of the District Court of the Third Judicial District?,,,NO,127
Summit,GARF58:10,Shall HEATHER ANNETTE BRERETON be retained in the office of Judge of the District Court of the Third Judicial District?,,,NO,0
Summit,HEE38:32,Shall HEATHER ANNETTE BRERETON be retained in the office of Judge of the District Court of the Third Judicial District?,,,NO,92
Summit,HEN25:1,Shall HEATHER ANNETTE BRERETON be retained in the office of Judge of the District Court of the Third Judicial District?,,,NO,110
Summit,HEW23:32,Shall HEATHER ANNETTE BRERETON be retained in the office of Judge of the District Court of the Third Judicial District?,,,NO,102
Summit,HOYT18:10,Shall HEATHER ANNETTE BRERETON be retained in the office of Judge of the District Court of the Third Judicial District?,,,NO,146
Summit,IFOR49:10,Shall HEATHER ANNETTE BRERETON be retained in the office of Judge of the District Court of the Third Judicial District?,,,NO,0
Summit,JERE37:32,Shall HEATHER ANNETTE BRERETON be retained in the office of Judge of the District Court of the Third Judicial District?,,,NO,88
Summit,JERW27:32,Shall HEATHER ANNETTE BRERETON be retained in the office of Judge of the District Court of the Third Judicial District?,,,NO,74
Summit,KAMN12:10,Shall HEATHER ANNETTE BRERETON be retained in the office of Judge of the District Court of the Third Judicial District?,,,NO,119
Summit,KAMS12:25,Shall HEATHER ANNETTE BRERETON be retained in the office of Judge of the District Court of the Third Judicial District?,,,NO,100
Summit,KCYN43:32,Shall HEATHER ANNETTE BRERETON be retained in the office of Judge of the District Court of the Third Judicial District?,,,NO,22
Summit,LPNE9:15,Shall HEATHER ANNETTE BRERETON be retained in the office of Judge of the District Court of the Third Judicial District?,,,NO,72
Summit,LPNW9:3,Shall HEATHER ANNETTE BRERETON be retained in the office of Judge of the District Court of the Third Judicial District?,,,NO,64
Summit,MHW40:32,Shall HEATHER ANNETTE BRERETON be retained in the office of Judge of the District Court of the Third Judicial District?,,,NO,93
Summit,MTCR59:10,Shall HEATHER ANNETTE BRERETON be retained in the office of Judge of the District Court of the Third Judicial District?,,,NO,0
Summit,MTRS55:25,Shall HEATHER ANNETTE BRERETON be retained in the office of Judge of the District Court of the Third Judicial District?,,,NO,22
Summit,NSN24:10,Shall HEATHER ANNETTE BRERETON be retained in the office of Judge of the District Court of the Third Judicial District?,,,NO,47
Summit,OAKN14:10,Shall HEATHER ANNETTE BRERETON be retained in the office of Judge of the District Court of the Third Judicial District?,,,NO,86
Summit,OAKS14:25,Shall HEATHER ANNETTE BRERETON be retained in the office of Judge of the District Court of the Third Judicial District?,,,NO,96
Summit,OLDN32:1,Shall HEATHER ANNETTE BRERETON be retained in the office of Judge of the District Court of the Third Judicial District?,,,NO,41
Summit,OLDS2:1,Shall HEATHER ANNETTE BRERETON be retained in the office of Judge of the District Court of the Third Judicial District?,,,NO,28
Summit,PARS7:25,Shall HEATHER ANNETTE BRERETON be retained in the office of Judge of the District Court of the Third Judicial District?,,,NO,40
Summit,PARW7:32,Shall HEATHER ANNETTE BRERETON be retained in the office of Judge of the District Court of the Third Judicial District?,,,NO,119
Summit,PEOA15:20,Shall HEATHER ANNETTE BRERETON be retained in the office of Judge of the District Court of the Third Judicial District?,,,NO,57
Summit,PEW51:10,Shall HEATHER ANNETTE BRERETON be retained in the office of Judge of the District Court of the Third Judicial District?,,,NO,5
Summit,PEW51:NS5,Shall HEATHER ANNETTE BRERETON be retained in the office of Judge of the District Court of the Third Judicial District?,,,NO,0
Summit,PINN39:32,Shall HEATHER ANNETTE BRERETON be retained in the office of Judge of the District Court of the Third Judicial District?,,,NO,55
Summit,PKMN35:1,Shall HEATHER ANNETTE BRERETON be retained in the office of Judge of the District Court of the Third Judicial District?,,,NO,73
Summit,PKMS5:1,Shall HEATHER ANNETTE BRERETON be retained in the office of Judge of the District Court of the Third Judicial District?,,,NO,44
Summit,PRG45:32,Shall HEATHER ANNETTE BRERETON be retained in the office of Judge of the District Court of the Third Judicial District?,,,NO,27
Summit,PRG45:S4A,Shall HEATHER ANNETTE BRERETON be retained in the office of Judge of the District Court of the Third Judicial District?,,,NO,0
Summit,PRG45:S4B,Shall HEATHER ANNETTE BRERETON be retained in the office of Judge of the District Court of the Third Judicial District?,,,NO,0
Summit,PRG45:S4C,Shall HEATHER ANNETTE BRERETON be retained in the office of Judge of the District Court of the Third Judicial District?,,,NO,0
Summit,PRM48:10,Shall HEATHER ANNETTE BRERETON be retained in the office of Judge of the District Court of the Third Judicial District?,,,NO,92
Summit,PRM48:N5A,Shall HEATHER ANNETTE BRERETON be retained in the office of Judge of the District Court of the Third Judicial District?,,,NO,3
Summit,PRM48:N5B,Shall HEATHER ANNETTE BRERETON be retained in the office of Judge of the District Court of the Third Judicial District?,,,NO,0
Summit,PROS3:1,Shall HEATHER ANNETTE BRERETON be retained in the office of Judge of the District Court of the Third Judicial District?,,,NO,46
Summit,QUAR6:1,Shall HEATHER ANNETTE BRERETON be retained in the office of Judge of the District Court of the Third Judicial District?,,,NO,92
Summit,RANS36:32,Shall HEATHER ANNETTE BRERETON be retained in the office of Judge of the District Court of the Third Judicial District?,,,NO,27
Summit,RNDV47:10,Shall HEATHER ANNETTE BRERETON be retained in the office of Judge of the District Court of the Third Judicial District?,,,NO,0
Summit,ROCP54:10,Shall HEATHER ANNETTE BRERETON be retained in the office of Judge of the District Court of the Third Judicial District?,,,NO,10
Summit,ROCP54:S4,Shall HEATHER ANNETTE BRERETON be retained in the office of Judge of the District Court of the Third Judicial District?,,,NO,0
Summit,RPL26:32,Shall HEATHER ANNETTE BRERETON be retained in the office of Judge of the District Court of the Third Judicial District?,,,NO,94
Summit,SCRL44:31,Shall HEATHER ANNETTE BRERETON be retained in the office of Judge of the District Court of the Third Judicial District?,,,NO,89
Summit,SCRU8:31,Shall HEATHER ANNETTE BRERETON be retained in the office of Judge of the District Court of the Third Judicial District?,,,NO,71
Summit,SCRU8:NS5,Shall HEATHER ANNETTE BRERETON be retained in the office of Judge of the District Court of the Third Judicial District?,,,NO,1
Summit,SFCC57:10,Shall HEATHER ANNETTE BRERETON be retained in the office of Judge of the District Court of the Third Judicial District?,,,NO,0
Summit,SIDE33:1,Shall HEATHER ANNETTE BRERETON be retained in the office of Judge of the District Court of the Third Judicial District?,,,NO,50
Summit,SLVR16:32,Shall HEATHER ANNETTE BRERETON be retained in the office of Judge of the District Court of the Third Judicial District?,,,NO,76
Summit,SML42:32,Shall HEATHER ANNETTE BRERETON be retained in the office of Judge of the District Court of the Third Judicial District?,,,NO,69
Summit,SSE13:20,Shall HEATHER ANNETTE BRERETON be retained in the office of Judge of the District Court of the Third Judicial District?,,,NO,117
Summit,SSS11:20,Shall HEATHER ANNETTE BRERETON be retained in the office of Judge of the District Court of the Third Judicial District?,,,NO,98
Summit,SSW22:20,Shall HEATHER ANNETTE BRERETON be retained in the office of Judge of the District Court of the Third Judicial District?,,,NO,79
Summit,SUME30:32,Shall HEATHER ANNETTE BRERETON be retained in the office of Judge of the District Court of the Third Judicial District?,,,NO,98
Summit,SUMW10:32,Shall HEATHER ANNETTE BRERETON be retained in the office of Judge of the District Court of the Third Judicial District?,,,NO,82
Summit,THAY4:1,Shall HEATHER ANNETTE BRERETON be retained in the office of Judge of the District Court of the Third Judicial District?,,,NO,60
Summit,UINT52:10,Shall HEATHER ANNETTE BRERETON be retained in the office of Judge of the District Court of the Third Judicial District?,,,NO,0
Summit,UPIN41:32,Shall HEATHER ANNETTE BRERETON be retained in the office of Judge of the District Court of the Third Judicial District?,,,NO,30
Summit,WAGN29:32,Shall HEATHER ANNETTE BRERETON be retained in the office of Judge of the District Court of the Third Judicial District?,,,NO,46
Summit,WANE17:10,Shall HEATHER ANNETTE BRERETON be retained in the office of Judge of the District Court of the Third Judicial District?,,,NO,89
Summit,WANE17:S4,Shall HEATHER ANNETTE BRERETON be retained in the office of Judge of the District Court of the Third Judicial District?,,,NO,0
Summit,WNW17:2,Shall HEATHER ANNETTE BRERETON be retained in the office of Judge of the District Court of the Third Judicial District?,,,NO,59
Summit,WNW17:P4A,Shall HEATHER ANNETTE BRERETON be retained in the office of Judge of the District Court of the Third Judicial District?,,,NO,0
Summit,WNW17:P4B,Shall HEATHER ANNETTE BRERETON be retained in the office of Judge of the District Court of the Third Judicial District?,,,NO,0
Summit,WEBC21:20,Shall HEATHER ANNETTE BRERETON be retained in the office of Judge of the District Court of the Third Judicial District?,,,NO,53
Summit,BTNN34:25,Shall JAMES D. GARDNER be retained in the office of Judge of the District Court of the Third Judicial District?,,,YES,244
Summit,BTNS34:10,Shall JAMES D. GARDNER be retained in the office of Judge of the District Court of the Third Judicial District?,,,YES,194
Summit,CCRK20:10,Shall JAMES D. GARDNER be retained in the office of Judge of the District Court of the Third Judicial District?,,,YES,140
Summit,CLN19:10,Shall JAMES D. GARDNER be retained in the office of Judge of the District Court of the Third Judicial District?,,,YES,237
Summit,CLS19:25,Shall JAMES D. GARDNER be retained in the office of Judge of the District Court of the Third Judicial District?,,,YES,203
Summit,COLN56:10,Shall JAMES D. GARDNER be retained in the office of Judge of the District Court of the Third Judicial District?,,,YES,0
Summit,DVN1:1,Shall JAMES D. GARDNER be retained in the office of Judge of the District Court of the Third Judicial District?,,,YES,412
Summit,DVS31:1,Shall JAMES D. GARDNER be retained in the office of Judge of the District Court of the Third Judicial District?,,,YES,309
Summit,ECOR46:10,Shall JAMES D. GARDNER be retained in the office of Judge of the District Court of the Third Judicial District?,,,YES,0
Summit,ECOR46:50,Shall JAMES D. GARDNER be retained in the office of Judge of the District Court of the Third Judicial District?,,,YES,0
Summit,FRAE28:25,Shall JAMES D. GARDNER be retained in the office of Judge of the District Court of the Third Judicial District?,,,YES,183
Summit,FRAW28:10,Shall JAMES D. GARDNER be retained in the office of Judge of the District Court of the Third Judicial District?,,,YES,347
Summit,GARF58:10,Shall JAMES D. GARDNER be retained in the office of Judge of the District Court of the Third Judicial District?,,,YES,0
Summit,HEE38:32,Shall JAMES D. GARDNER be retained in the office of Judge of the District Court of the Third Judicial District?,,,YES,376
Summit,HEN25:1,Shall JAMES D. GARDNER be retained in the office of Judge of the District Court of the Third Judicial District?,,,YES,287
Summit,HEW23:32,Shall JAMES D. GARDNER be retained in the office of Judge of the District Court of the Third Judicial District?,,,YES,293
Summit,HOYT18:10,Shall JAMES D. GARDNER be retained in the office of Judge of the District Court of the Third Judicial District?,,,YES,292
Summit,IFOR49:10,Shall JAMES D. GARDNER be retained in the office of Judge of the District Court of the Third Judicial District?,,,YES,0
Summit,JERE37:32,Shall JAMES D. GARDNER be retained in the office of Judge of the District Court of the Third Judicial District?,,,YES,424
Summit,JERW27:32,Shall JAMES D. GARDNER be retained in the office of Judge of the District Court of the Third Judicial District?,,,YES,401
Summit,KAMN12:10,Shall JAMES D. GARDNER be retained in the office of Judge of the District Court of the Third Judicial District?,,,YES,329
Summit,KAMS12:25,Shall JAMES D. GARDNER be retained in the office of Judge of the District Court of the Third Judicial District?,,,YES,272
Summit,KCYN43:32,Shall JAMES D. GARDNER be retained in the office of Judge of the District Court of the Third Judicial District?,,,YES,116
Summit,LPNE9:15,Shall JAMES D. GARDNER be retained in the office of Judge of the District Court of the Third Judicial District?,,,YES,246
Summit,LPNW9:3,Shall JAMES D. GARDNER be retained in the office of Judge of the District Court of the Third Judicial District?,,,YES,276
Summit,MHW40:32,Shall JAMES D. GARDNER be retained in the office of Judge of the District Court of the Third Judicial District?,,,YES,376
Summit,MTCR59:10,Shall JAMES D. GARDNER be retained in the office of Judge of the District Court of the Third Judicial District?,,,YES,0
Summit,MTRS55:25,Shall JAMES D. GARDNER be retained in the office of Judge of the District Court of the Third Judicial District?,,,YES,102
Summit,NSN24:10,Shall JAMES D. GARDNER be retained in the office of Judge of the District Court of the Third Judicial District?,,,YES,126
Summit,OAKN14:10,Shall JAMES D. GARDNER be retained in the office of Judge of the District Court of the Third Judicial District?,,,YES,211
Summit,OAKS14:25,Shall JAMES D. GARDNER be retained in the office of Judge of the District Court of the Third Judicial District?,,,YES,296
Summit,OLDN32:1,Shall JAMES D. GARDNER be retained in the office of Judge of the District Court of the Third Judicial District?,,,YES,176
Summit,OLDS2:1,Shall JAMES D. GARDNER be retained in the office of Judge of the District Court of the Third Judicial District?,,,YES,87
Summit,PARS7:25,Shall JAMES D. GARDNER be retained in the office of Judge of the District Court of the Third Judicial District?,,,YES,132
Summit,PARW7:32,Shall JAMES D. GARDNER be retained in the office of Judge of the District Court of the Third Judicial District?,,,YES,456
Summit,PEOA15:20,Shall JAMES D. GARDNER be retained in the office of Judge of the District Court of the Third Judicial District?,,,YES,101
Summit,PEW51:10,Shall JAMES D. GARDNER be retained in the office of Judge of the District Court of the Third Judicial District?,,,YES,18
Summit,PEW51:NS5,Shall JAMES D. GARDNER be retained in the office of Judge of the District Court of the Third Judicial District?,,,YES,0
Summit,PINN39:32,Shall JAMES D. GARDNER be retained in the office of Judge of the District Court of the Third Judicial District?,,,YES,333
Summit,PKMN35:1,Shall JAMES D. GARDNER be retained in the office of Judge of the District Court of the Third Judicial District?,,,YES,405
Summit,PKMS5:1,Shall JAMES D. GARDNER be retained in the office of Judge of the District Court of the Third Judicial District?,,,YES,283
Summit,PRG45:32,Shall JAMES D. GARDNER be retained in the office of Judge of the District Court of the Third Judicial District?,,,YES,143
Summit,PRG45:S4A,Shall JAMES D. GARDNER be retained in the office of Judge of the District Court of the Third Judicial District?,,,YES,0
Summit,PRG45:S4B,Shall JAMES D. GARDNER be retained in the office of Judge of the District Court of the Third Judicial District?,,,YES,0
Summit,PRG45:S4C,Shall JAMES D. GARDNER be retained in the office of Judge of the District Court of the Third Judicial District?,,,YES,0
Summit,PRM48:10,Shall JAMES D. GARDNER be retained in the office of Judge of the District Court of the Third Judicial District?,,,YES,421
Summit,PRM48:N5A,Shall JAMES D. GARDNER be retained in the office of Judge of the District Court of the Third Judicial District?,,,YES,8
Summit,PRM48:N5B,Shall JAMES D. GARDNER be retained in the office of Judge of the District Court of the Third Judicial District?,,,YES,0
Summit,PROS3:1,Shall JAMES D. GARDNER be retained in the office of Judge of the District Court of the Third Judicial District?,,,YES,171
Summit,QUAR6:1,Shall JAMES D. GARDNER be retained in the office of Judge of the District Court of the Third Judicial District?,,,YES,313
Summit,RANS36:32,Shall JAMES D. GARDNER be retained in the office of Judge of the District Court of the Third Judicial District?,,,YES,132
Summit,RNDV47:10,Shall JAMES D. GARDNER be retained in the office of Judge of the District Court of the Third Judicial District?,,,YES,0
Summit,ROCP54:10,Shall JAMES D. GARDNER be retained in the office of Judge of the District Court of the Third Judicial District?,,,YES,54
Summit,ROCP54:S4,Shall JAMES D. GARDNER be retained in the office of Judge of the District Court of the Third Judicial District?,,,YES,0
Summit,RPL26:32,Shall JAMES D. GARDNER be retained in the office of Judge of the District Court of the Third Judicial District?,,,YES,375
Summit,SCRL44:31,Shall JAMES D. GARDNER be retained in the office of Judge of the District Court of the Third Judicial District?,,,YES,269
Summit,SCRU8:31,Shall JAMES D. GARDNER be retained in the office of Judge of the District Court of the Third Judicial District?,,,YES,178
Summit,SCRU8:NS5,Shall JAMES D. GARDNER be retained in the office of Judge of the District Court of the Third Judicial District?,,,YES,15
Summit,SFCC57:10,Shall JAMES D. GARDNER be retained in the office of Judge of the District Court of the Third Judicial District?,,,YES,0
Summit,SIDE33:1,Shall JAMES D. GARDNER be retained in the office of Judge of the District Court of the Third Judicial District?,,,YES,177
Summit,SLVR16:32,Shall JAMES D. GARDNER be retained in the office of Judge of the District Court of the Third Judicial District?,,,YES,343
Summit,SML42:32,Shall JAMES D. GARDNER be retained in the office of Judge of the District Court of the Third Judicial District?,,,YES,334
Summit,SSE13:20,Shall JAMES D. GARDNER be retained in the office of Judge of the District Court of the Third Judicial District?,,,YES,254
Summit,SSS11:20,Shall JAMES D. GARDNER be retained in the office of Judge of the District Court of the Third Judicial District?,,,YES,186
Summit,SSW22:20,Shall JAMES D. GARDNER be retained in the office of Judge of the District Court of the Third Judicial District?,,,YES,189
Summit,SUME30:32,Shall JAMES D. GARDNER be retained in the office of Judge of the District Court of the Third Judicial District?,,,YES,367
Summit,SUMW10:32,Shall JAMES D. GARDNER be retained in the office of Judge of the District Court of the Third Judicial District?,,,YES,246
Summit,THAY4:1,Shall JAMES D. GARDNER be retained in the office of Judge of the District Court of the Third Judicial District?,,,YES,231
Summit,UINT52:10,Shall JAMES D. GARDNER be retained in the office of Judge of the District Court of the Third Judicial District?,,,YES,0
Summit,UPIN41:32,Shall JAMES D. GARDNER be retained in the office of Judge of the District Court of the Third Judicial District?,,,YES,202
Summit,WAGN29:32,Shall JAMES D. GARDNER be retained in the office of Judge of the District Court of the Third Judicial District?,,,YES,199
Summit,WANE17:10,Shall JAMES D. GARDNER be retained in the office of Judge of the District Court of the Third Judicial District?,,,YES,269
Summit,WANE17:S4,Shall JAMES D. GARDNER be retained in the office of Judge of the District Court of the Third Judicial District?,,,YES,0
Summit,WNW17:2,Shall JAMES D. GARDNER be retained in the office of Judge of the District Court of the Third Judicial District?,,,YES,153
Summit,WNW17:P4A,Shall JAMES D. GARDNER be retained in the office of Judge of the District Court of the Third Judicial District?,,,YES,0
Summit,WNW17:P4B,Shall JAMES D. GARDNER be retained in the office of Judge of the District Court of the Third Judicial District?,,,YES,0
Summit,WEBC21:20,Shall JAMES D. GARDNER be retained in the office of Judge of the District Court of the Third Judicial District?,,,YES,146
Summit,BTNN34:25,Shall JAMES D. GARDNER be retained in the office of Judge of the District Court of the Third Judicial District?,,,NO,53
Summit,BTNS34:10,Shall JAMES D. GARDNER be retained in the office of Judge of the District Court of the Third Judicial District?,,,NO,41
Summit,CCRK20:10,Shall JAMES D. GARDNER be retained in the office of Judge of the District Court of the Third Judicial District?,,,NO,73
Summit,CLN19:10,Shall JAMES D. GARDNER be retained in the office of Judge of the District Court of the Third Judicial District?,,,NO,94
Summit,CLS19:25,Shall JAMES D. GARDNER be retained in the office of Judge of the District Court of the Third Judicial District?,,,NO,66
Summit,COLN56:10,Shall JAMES D. GARDNER be retained in the office of Judge of the District Court of the Third Judicial District?,,,NO,0
Summit,DVN1:1,Shall JAMES D. GARDNER be retained in the office of Judge of the District Court of the Third Judicial District?,,,NO,112
Summit,DVS31:1,Shall JAMES D. GARDNER be retained in the office of Judge of the District Court of the Third Judicial District?,,,NO,55
Summit,ECOR46:10,Shall JAMES D. GARDNER be retained in the office of Judge of the District Court of the Third Judicial District?,,,NO,0
Summit,ECOR46:50,Shall JAMES D. GARDNER be retained in the office of Judge of the District Court of the Third Judicial District?,,,NO,0
Summit,FRAE28:25,Shall JAMES D. GARDNER be retained in the office of Judge of the District Court of the Third Judicial District?,,,NO,82
Summit,FRAW28:10,Shall JAMES D. GARDNER be retained in the office of Judge of the District Court of the Third Judicial District?,,,NO,103
Summit,GARF58:10,Shall JAMES D. GARDNER be retained in the office of Judge of the District Court of the Third Judicial District?,,,NO,0
Summit,HEE38:32,Shall JAMES D. GARDNER be retained in the office of Judge of the District Court of the Third Judicial District?,,,NO,99
Summit,HEN25:1,Shall JAMES D. GARDNER be retained in the office of Judge of the District Court of the Third Judicial District?,,,NO,97
Summit,HEW23:32,Shall JAMES D. GARDNER be retained in the office of Judge of the District Court of the Third Judicial District?,,,NO,92
Summit,HOYT18:10,Shall JAMES D. GARDNER be retained in the office of Judge of the District Court of the Third Judicial District?,,,NO,130
Summit,IFOR49:10,Shall JAMES D. GARDNER be retained in the office of Judge of the District Court of the Third Judicial District?,,,NO,0
Summit,JERE37:32,Shall JAMES D. GARDNER be retained in the office of Judge of the District Court of the Third Judicial District?,,,NO,69
Summit,JERW27:32,Shall JAMES D. GARDNER be retained in the office of Judge of the District Court of the Third Judicial District?,,,NO,71
Summit,KAMN12:10,Shall JAMES D. GARDNER be retained in the office of Judge of the District Court of the Third Judicial District?,,,NO,112
Summit,KAMS12:25,Shall JAMES D. GARDNER be retained in the office of Judge of the District Court of the Third Judicial District?,,,NO,103
Summit,KCYN43:32,Shall JAMES D. GARDNER be retained in the office of Judge of the District Court of the Third Judicial District?,,,NO,14
Summit,LPNE9:15,Shall JAMES D. GARDNER be retained in the office of Judge of the District Court of the Third Judicial District?,,,NO,68
Summit,LPNW9:3,Shall JAMES D. GARDNER be retained in the office of Judge of the District Court of the Third Judicial District?,,,NO,64
Summit,MHW40:32,Shall JAMES D. GARDNER be retained in the office of Judge of the District Court of the Third Judicial District?,,,NO,86
Summit,MTCR59:10,Shall JAMES D. GARDNER be retained in the office of Judge of the District Court of the Third Judicial District?,,,NO,0
Summit,MTRS55:25,Shall JAMES D. GARDNER be retained in the office of Judge of the District Court of the Third Judicial District?,,,NO,15
Summit,NSN24:10,Shall JAMES D. GARDNER be retained in the office of Judge of the District Court of the Third Judicial District?,,,NO,31
Summit,OAKN14:10,Shall JAMES D. GARDNER be retained in the office of Judge of the District Court of the Third Judicial District?,,,NO,83
Summit,OAKS14:25,Shall JAMES D. GARDNER be retained in the office of Judge of the District Court of the Third Judicial District?,,,NO,77
Summit,OLDN32:1,Shall JAMES D. GARDNER be retained in the office of Judge of the District Court of the Third Judicial District?,,,NO,36
Summit,OLDS2:1,Shall JAMES D. GARDNER be retained in the office of Judge of the District Court of the Third Judicial District?,,,NO,33
Summit,PARS7:25,Shall JAMES D. GARDNER be retained in the office of Judge of the District Court of the Third Judicial District?,,,NO,33
Summit,PARW7:32,Shall JAMES D. GARDNER be retained in the office of Judge of the District Court of the Third Judicial District?,,,NO,111
Summit,PEOA15:20,Shall JAMES D. GARDNER be retained in the office of Judge of the District Court of the Third Judicial District?,,,NO,57
Summit,PEW51:10,Shall JAMES D. GARDNER be retained in the office of Judge of the District Court of the Third Judicial District?,,,NO,3
Summit,PEW51:NS5,Shall JAMES D. GARDNER be retained in the office of Judge of the District Court of the Third Judicial District?,,,NO,0
Summit,PINN39:32,Shall JAMES D. GARDNER be retained in the office of Judge of the District Court of the Third Judicial District?,,,NO,82
Summit,PKMN35:1,Shall JAMES D. GARDNER be retained in the office of Judge of the District Court of the Third Judicial District?,,,NO,44
Summit,PKMS5:1,Shall JAMES D. GARDNER be retained in the office of Judge of the District Court of the Third Judicial District?,,,NO,40
Summit,PRG45:32,Shall JAMES D. GARDNER be retained in the office of Judge of the District Court of the Third Judicial District?,,,NO,13
Summit,PRG45:S4A,Shall JAMES D. GARDNER be retained in the office of Judge of the District Court of the Third Judicial District?,,,NO,0
Summit,PRG45:S4B,Shall JAMES D. GARDNER be retained in the office of Judge of the District Court of the Third Judicial District?,,,NO,0
Summit,PRG45:S4C,Shall JAMES D. GARDNER be retained in the office of Judge of the District Court of the Third Judicial District?,,,NO,0
Summit,PRM48:10,Shall JAMES D. GARDNER be retained in the office of Judge of the District Court of the Third Judicial District?,,,NO,89
Summit,PRM48:N5A,Shall JAMES D. GARDNER be retained in the office of Judge of the District Court of the Third Judicial District?,,,NO,2
Summit,PRM48:N5B,Shall JAMES D. GARDNER be retained in the office of Judge of the District Court of the Third Judicial District?,,,NO,0
Summit,PROS3:1,Shall JAMES D. GARDNER be retained in the office of Judge of the District Court of the Third Judicial District?,,,NO,47
Summit,QUAR6:1,Shall JAMES D. GARDNER be retained in the office of Judge of the District Court of the Third Judicial District?,,,NO,76
Summit,RANS36:32,Shall JAMES D. GARDNER be retained in the office of Judge of the District Court of the Third Judicial District?,,,NO,25
Summit,RNDV47:10,Shall JAMES D. GARDNER be retained in the office of Judge of the District Court of the Third Judicial District?,,,NO,0
Summit,ROCP54:10,Shall JAMES D. GARDNER be retained in the office of Judge of the District Court of the Third Judicial District?,,,NO,11
Summit,ROCP54:S4,Shall JAMES D. GARDNER be retained in the office of Judge of the District Court of the Third Judicial District?,,,NO,0
Summit,RPL26:32,Shall JAMES D. GARDNER be retained in the office of Judge of the District Court of the Third Judicial District?,,,NO,74
Summit,SCRL44:31,Shall JAMES D. GARDNER be retained in the office of Judge of the District Court of the Third Judicial District?,,,NO,74
Summit,SCRU8:31,Shall JAMES D. GARDNER be retained in the office of Judge of the District Court of the Third Judicial District?,,,NO,74
Summit,SCRU8:NS5,Shall JAMES D. GARDNER be retained in the office of Judge of the District Court of the Third Judicial District?,,,NO,2
Summit,SFCC57:10,Shall JAMES D. GARDNER be retained in the office of Judge of the District Court of the Third Judicial District?,,,NO,0
Summit,SIDE33:1,Shall JAMES D. GARDNER be retained in the office of Judge of the District Court of the Third Judicial District?,,,NO,58
Summit,SLVR16:32,Shall JAMES D. GARDNER be retained in the office of Judge of the District Court of the Third Judicial District?,,,NO,74
Summit,SML42:32,Shall JAMES D. GARDNER be retained in the office of Judge of the District Court of the Third Judicial District?,,,NO,59
Summit,SSE13:20,Shall JAMES D. GARDNER be retained in the office of Judge of the District Court of the Third Judicial District?,,,NO,116
Summit,SSS11:20,Shall JAMES D. GARDNER be retained in the office of Judge of the District Court of the Third Judicial District?,,,NO,90
Summit,SSW22:20,Shall JAMES D. GARDNER be retained in the office of Judge of the District Court of the Third Judicial District?,,,NO,74
Summit,SUME30:32,Shall JAMES D. GARDNER be retained in the office of Judge of the District Court of the Third Judicial District?,,,NO,100
Summit,SUMW10:32,Shall JAMES D. GARDNER be retained in the office of Judge of the District Court of the Third Judicial District?,,,NO,80
Summit,THAY4:1,Shall JAMES D. GARDNER be retained in the office of Judge of the District Court of the Third Judicial District?,,,NO,48
Summit,UINT52:10,Shall JAMES D. GARDNER be retained in the office of Judge of the District Court of the Third Judicial District?,,,NO,0
Summit,UPIN41:32,Shall JAMES D. GARDNER be retained in the office of Judge of the District Court of the Third Judicial District?,,,NO,28
Summit,WAGN29:32,Shall JAMES D. GARDNER be retained in the office of Judge of the District Court of the Third Judicial District?,,,NO,46
Summit,WANE17:10,Shall JAMES D. GARDNER be retained in the office of Judge of the District Court of the Third Judicial District?,,,NO,85
Summit,WANE17:S4,Shall JAMES D. GARDNER be retained in the office of Judge of the District Court of the Third Judicial District?,,,NO,0
Summit,WNW17:2,Shall JAMES D. GARDNER be retained in the office of Judge of the District Court of the Third Judicial District?,,,NO,58
Summit,WNW17:P4A,Shall JAMES D. GARDNER be retained in the office of Judge of the District Court of the Third Judicial District?,,,NO,0
Summit,WNW17:P4B,Shall JAMES D. GARDNER be retained in the office of Judge of the District Court of the Third Judicial District?,,,NO,0
Summit,WEBC21:20,Shall JAMES D. GARDNER be retained in the office of Judge of the District Court of the Third Judicial District?,,,NO,45
Summit,BTNN34:25,Shall LELAND DOUGLAS HOGAN be retained in the office of Judge of the District Court of the Third Judicial District?,,,YES,237
Summit,BTNS34:10,Shall LELAND DOUGLAS HOGAN be retained in the office of Judge of the District Court of the Third Judicial District?,,,YES,192
Summit,CCRK20:10,Shall LELAND DOUGLAS HOGAN be retained in the office of Judge of the District Court of the Third Judicial District?,,,YES,145
Summit,CLN19:10,Shall LELAND DOUGLAS HOGAN be retained in the office of Judge of the District Court of the Third Judicial District?,,,YES,230
Summit,CLS19:25,Shall LELAND DOUGLAS HOGAN be retained in the office of Judge of the District Court of the Third Judicial District?,,,YES,195
Summit,COLN56:10,Shall LELAND DOUGLAS HOGAN be retained in the office of Judge of the District Court of the Third Judicial District?,,,YES,0
Summit,DVN1:1,Shall LELAND DOUGLAS HOGAN be retained in the office of Judge of the District Court of the Third Judicial District?,,,YES,416
Summit,DVS31:1,Shall LELAND DOUGLAS HOGAN be retained in the office of Judge of the District Court of the Third Judicial District?,,,YES,306
Summit,ECOR46:10,Shall LELAND DOUGLAS HOGAN be retained in the office of Judge of the District Court of the Third Judicial District?,,,YES,0
Summit,ECOR46:50,Shall LELAND DOUGLAS HOGAN be retained in the office of Judge of the District Court of the Third Judicial District?,,,YES,0
Summit,FRAE28:25,Shall LELAND DOUGLAS HOGAN be retained in the office of Judge of the District Court of the Third Judicial District?,,,YES,173
Summit,FRAW28:10,Shall LELAND DOUGLAS HOGAN be retained in the office of Judge of the District Court of the Third Judicial District?,,,YES,337
Summit,GARF58:10,Shall LELAND DOUGLAS HOGAN be retained in the office of Judge of the District Court of the Third Judicial District?,,,YES,0
Summit,HEE38:32,Shall LELAND DOUGLAS HOGAN be retained in the office of Judge of the District Court of the Third Judicial District?,,,YES,375
Summit,HEN25:1,Shall LELAND DOUGLAS HOGAN be retained in the office of Judge of the District Court of the Third Judicial District?,,,YES,282
Summit,HEW23:32,Shall LELAND DOUGLAS HOGAN be retained in the office of Judge of the District Court of the Third Judicial District?,,,YES,292
Summit,HOYT18:10,Shall LELAND DOUGLAS HOGAN be retained in the office of Judge of the District Court of the Third Judicial District?,,,YES,286
Summit,IFOR49:10,Shall LELAND DOUGLAS HOGAN be retained in the office of Judge of the District Court of the Third Judicial District?,,,YES,0
Summit,JERE37:32,Shall LELAND DOUGLAS HOGAN be retained in the office of Judge of the District Court of the Third Judicial District?,,,YES,417
Summit,JERW27:32,Shall LELAND DOUGLAS HOGAN be retained in the office of Judge of the District Court of the Third Judicial District?,,,YES,394
Summit,KAMN12:10,Shall LELAND DOUGLAS HOGAN be retained in the office of Judge of the District Court of the Third Judicial District?,,,YES,324
Summit,KAMS12:25,Shall LELAND DOUGLAS HOGAN be retained in the office of Judge of the District Court of the Third Judicial District?,,,YES,270
Summit,KCYN43:32,Shall LELAND DOUGLAS HOGAN be retained in the office of Judge of the District Court of the Third Judicial District?,,,YES,114
Summit,LPNE9:15,Shall LELAND DOUGLAS HOGAN be retained in the office of Judge of the District Court of the Third Judicial District?,,,YES,249
Summit,LPNW9:3,Shall LELAND DOUGLAS HOGAN be retained in the office of Judge of the District Court of the Third Judicial District?,,,YES,280
Summit,MHW40:32,Shall LELAND DOUGLAS HOGAN be retained in the office of Judge of the District Court of the Third Judicial District?,,,YES,381
Summit,MTCR59:10,Shall LELAND DOUGLAS HOGAN be retained in the office of Judge of the District Court of the Third Judicial District?,,,YES,0
Summit,MTRS55:25,Shall LELAND DOUGLAS HOGAN be retained in the office of Judge of the District Court of the Third Judicial District?,,,YES,101
Summit,NSN24:10,Shall LELAND DOUGLAS HOGAN be retained in the office of Judge of the District Court of the Third Judicial District?,,,YES,121
Summit,OAKN14:10,Shall LELAND DOUGLAS HOGAN be retained in the office of Judge of the District Court of the Third Judicial District?,,,YES,216
Summit,OAKS14:25,Shall LELAND DOUGLAS HOGAN be retained in the office of Judge of the District Court of the Third Judicial District?,,,YES,288
Summit,OLDN32:1,Shall LELAND DOUGLAS HOGAN be retained in the office of Judge of the District Court of the Third Judicial District?,,,YES,172
Summit,OLDS2:1,Shall LELAND DOUGLAS HOGAN be retained in the office of Judge of the District Court of the Third Judicial District?,,,YES,91
Summit,PARS7:25,Shall LELAND DOUGLAS HOGAN be retained in the office of Judge of the District Court of the Third Judicial District?,,,YES,127
Summit,PARW7:32,Shall LELAND DOUGLAS HOGAN be retained in the office of Judge of the District Court of the Third Judicial District?,,,YES,441
Summit,PEOA15:20,Shall LELAND DOUGLAS HOGAN be retained in the office of Judge of the District Court of the Third Judicial District?,,,YES,104
Summit,PEW51:10,Shall LELAND DOUGLAS HOGAN be retained in the office of Judge of the District Court of the Third Judicial District?,,,YES,18
Summit,PEW51:NS5,Shall LELAND DOUGLAS HOGAN be retained in the office of Judge of the District Court of the Third Judicial District?,,,YES,0
Summit,PINN39:32,Shall LELAND DOUGLAS HOGAN be retained in the office of Judge of the District Court of the Third Judicial District?,,,YES,333
Summit,PKMN35:1,Shall LELAND DOUGLAS HOGAN be retained in the office of Judge of the District Court of the Third Judicial District?,,,YES,394
Summit,PKMS5:1,Shall LELAND DOUGLAS HOGAN be retained in the office of Judge of the District Court of the Third Judicial District?,,,YES,275
Summit,PRG45:32,Shall LELAND DOUGLAS HOGAN be retained in the office of Judge of the District Court of the Third Judicial District?,,,YES,139
Summit,PRG45:S4A,Shall LELAND DOUGLAS HOGAN be retained in the office of Judge of the District Court of the Third Judicial District?,,,YES,0
Summit,PRG45:S4B,Shall LELAND DOUGLAS HOGAN be retained in the office of Judge of the District Court of the Third Judicial District?,,,YES,0
Summit,PRG45:S4C,Shall LELAND DOUGLAS HOGAN be retained in the office of Judge of the District Court of the Third Judicial District?,,,YES,0
Summit,PRM48:10,Shall LELAND DOUGLAS HOGAN be retained in the office of Judge of the District Court of the Third Judicial District?,,,YES,403
Summit,PRM48:N5A,Shall LELAND DOUGLAS HOGAN be retained in the office of Judge of the District Court of the Third Judicial District?,,,YES,8
Summit,PRM48:N5B,Shall LELAND DOUGLAS HOGAN be retained in the office of Judge of the District Court of the Third Judicial District?,,,YES,0
Summit,PROS3:1,Shall LELAND DOUGLAS HOGAN be retained in the office of Judge of the District Court of the Third Judicial District?,,,YES,173
Summit,QUAR6:1,Shall LELAND DOUGLAS HOGAN be retained in the office of Judge of the District Court of the Third Judicial District?,,,YES,314
Summit,RANS36:32,Shall LELAND DOUGLAS HOGAN be retained in the office of Judge of the District Court of the Third Judicial District?,,,YES,131
Summit,RNDV47:10,Shall LELAND DOUGLAS HOGAN be retained in the office of Judge of the District Court of the Third Judicial District?,,,YES,0
Summit,ROCP54:10,Shall LELAND DOUGLAS HOGAN be retained in the office of Judge of the District Court of the Third Judicial District?,,,YES,51
Summit,ROCP54:S4,Shall LELAND DOUGLAS HOGAN be retained in the office of Judge of the District Court of the Third Judicial District?,,,YES,0
Summit,RPL26:32,Shall LELAND DOUGLAS HOGAN be retained in the office of Judge of the District Court of the Third Judicial District?,,,YES,376
Summit,SCRL44:31,Shall LELAND DOUGLAS HOGAN be retained in the office of Judge of the District Court of the Third Judicial District?,,,YES,265
Summit,SCRU8:31,Shall LELAND DOUGLAS HOGAN be retained in the office of Judge of the District Court of the Third Judicial District?,,,YES,177
Summit,SCRU8:NS5,Shall LELAND DOUGLAS HOGAN be retained in the office of Judge of the District Court of the Third Judicial District?,,,YES,16
Summit,SFCC57:10,Shall LELAND DOUGLAS HOGAN be retained in the office of Judge of the District Court of the Third Judicial District?,,,YES,0
Summit,SIDE33:1,Shall LELAND DOUGLAS HOGAN be retained in the office of Judge of the District Court of the Third Judicial District?,,,YES,182
Summit,SLVR16:32,Shall LELAND DOUGLAS HOGAN be retained in the office of Judge of the District Court of the Third Judicial District?,,,YES,349
Summit,SML42:32,Shall LELAND DOUGLAS HOGAN be retained in the office of Judge of the District Court of the Third Judicial District?,,,YES,329
Summit,SSE13:20,Shall LELAND DOUGLAS HOGAN be retained in the office of Judge of the District Court of the Third Judicial District?,,,YES,244
Summit,SSS11:20,Shall LELAND DOUGLAS HOGAN be retained in the office of Judge of the District Court of the Third Judicial District?,,,YES,184
Summit,SSW22:20,Shall LELAND DOUGLAS HOGAN be retained in the office of Judge of the District Court of the Third Judicial District?,,,YES,181
Summit,SUME30:32,Shall LELAND DOUGLAS HOGAN be retained in the office of Judge of the District Court of the Third Judicial District?,,,YES,356
Summit,SUMW10:32,Shall LELAND DOUGLAS HOGAN be retained in the office of Judge of the District Court of the Third Judicial District?,,,YES,246
Summit,THAY4:1,Shall LELAND DOUGLAS HOGAN be retained in the office of Judge of the District Court of the Third Judicial District?,,,YES,238
Summit,UINT52:10,Shall LELAND DOUGLAS HOGAN be retained in the office of Judge of the District Court of the Third Judicial District?,,,YES,0
Summit,UPIN41:32,Shall LELAND DOUGLAS HOGAN be retained in the office of Judge of the District Court of the Third Judicial District?,,,YES,200
Summit,WAGN29:32,Shall LELAND DOUGLAS HOGAN be retained in the office of Judge of the District Court of the Third Judicial District?,,,YES,196
Summit,WANE17:10,Shall LELAND DOUGLAS HOGAN be retained in the office of Judge of the District Court of the Third Judicial District?,,,YES,261
Summit,WANE17:S4,Shall LELAND DOUGLAS HOGAN be retained in the office of Judge of the District Court of the Third Judicial District?,,,YES,0
Summit,WNW17:2,Shall LELAND DOUGLAS HOGAN be retained in the office of Judge of the District Court of the Third Judicial District?,,,YES,145
Summit,WNW17:P4A,Shall LELAND DOUGLAS HOGAN be retained in the office of Judge of the District Court of the Third Judicial District?,,,YES,0
Summit,WNW17:P4B,Shall LELAND DOUGLAS HOGAN be retained in the office of Judge of the District Court of the Third Judicial District?,,,YES,0
Summit,WEBC21:20,Shall LELAND DOUGLAS HOGAN be retained in the office of Judge of the District Court of the Third Judicial District?,,,YES,143
Summit,BTNN34:25,Shall LELAND DOUGLAS HOGAN be retained in the office of Judge of the District Court of the Third Judicial District?,,,NO,57
Summit,BTNS34:10,Shall LELAND DOUGLAS HOGAN be retained in the office of Judge of the District Court of the Third Judicial District?,,,NO,43
Summit,CCRK20:10,Shall LELAND DOUGLAS HOGAN be retained in the office of Judge of the District Court of the Third Judicial District?,,,NO,67
Summit,CLN19:10,Shall LELAND DOUGLAS HOGAN be retained in the office of Judge of the District Court of the Third Judicial District?,,,NO,100
Summit,CLS19:25,Shall LELAND DOUGLAS HOGAN be retained in the office of Judge of the District Court of the Third Judicial District?,,,NO,73
Summit,COLN56:10,Shall LELAND DOUGLAS HOGAN be retained in the office of Judge of the District Court of the Third Judicial District?,,,NO,0
Summit,DVN1:1,Shall LELAND DOUGLAS HOGAN be retained in the office of Judge of the District Court of the Third Judicial District?,,,NO,108
Summit,DVS31:1,Shall LELAND DOUGLAS HOGAN be retained in the office of Judge of the District Court of the Third Judicial District?,,,NO,61
Summit,ECOR46:10,Shall LELAND DOUGLAS HOGAN be retained in the office of Judge of the District Court of the Third Judicial District?,,,NO,0
Summit,ECOR46:50,Shall LELAND DOUGLAS HOGAN be retained in the office of Judge of the District Court of the Third Judicial District?,,,NO,0
Summit,FRAE28:25,Shall LELAND DOUGLAS HOGAN be retained in the office of Judge of the District Court of the Third Judicial District?,,,NO,91
Summit,FRAW28:10,Shall LELAND DOUGLAS HOGAN be retained in the office of Judge of the District Court of the Third Judicial District?,,,NO,115
Summit,GARF58:10,Shall LELAND DOUGLAS HOGAN be retained in the office of Judge of the District Court of the Third Judicial District?,,,NO,0
Summit,HEE38:32,Shall LELAND DOUGLAS HOGAN be retained in the office of Judge of the District Court of the Third Judicial District?,,,NO,99
Summit,HEN25:1,Shall LELAND DOUGLAS HOGAN be retained in the office of Judge of the District Court of the Third Judicial District?,,,NO,103
Summit,HEW23:32,Shall LELAND DOUGLAS HOGAN be retained in the office of Judge of the District Court of the Third Judicial District?,,,NO,91
Summit,HOYT18:10,Shall LELAND DOUGLAS HOGAN be retained in the office of Judge of the District Court of the Third Judicial District?,,,NO,139
Summit,IFOR49:10,Shall LELAND DOUGLAS HOGAN be retained in the office of Judge of the District Court of the Third Judicial District?,,,NO,0
Summit,JERE37:32,Shall LELAND DOUGLAS HOGAN be retained in the office of Judge of the District Court of the Third Judicial District?,,,NO,73
Summit,JERW27:32,Shall LELAND DOUGLAS HOGAN be retained in the office of Judge of the District Court of the Third Judicial District?,,,NO,80
Summit,KAMN12:10,Shall LELAND DOUGLAS HOGAN be retained in the office of Judge of the District Court of the Third Judicial District?,,,NO,113
Summit,KAMS12:25,Shall LELAND DOUGLAS HOGAN be retained in the office of Judge of the District Court of the Third Judicial District?,,,NO,104
Summit,KCYN43:32,Shall LELAND DOUGLAS HOGAN be retained in the office of Judge of the District Court of the Third Judicial District?,,,NO,15
Summit,LPNE9:15,Shall LELAND DOUGLAS HOGAN be retained in the office of Judge of the District Court of the Third Judicial District?,,,NO,63
Summit,LPNW9:3,Shall LELAND DOUGLAS HOGAN be retained in the office of Judge of the District Court of the Third Judicial District?,,,NO,59
Summit,MHW40:32,Shall LELAND DOUGLAS HOGAN be retained in the office of Judge of the District Court of the Third Judicial District?,,,NO,82
Summit,MTCR59:10,Shall LELAND DOUGLAS HOGAN be retained in the office of Judge of the District Court of the Third Judicial District?,,,NO,0
Summit,MTRS55:25,Shall LELAND DOUGLAS HOGAN be retained in the office of Judge of the District Court of the Third Judicial District?,,,NO,15
Summit,NSN24:10,Shall LELAND DOUGLAS HOGAN be retained in the office of Judge of the District Court of the Third Judicial District?,,,NO,37
Summit,OAKN14:10,Shall LELAND DOUGLAS HOGAN be retained in the office of Judge of the District Court of the Third Judicial District?,,,NO,79
Summit,OAKS14:25,Shall LELAND DOUGLAS HOGAN be retained in the office of Judge of the District Court of the Third Judicial District?,,,NO,80
Summit,OLDN32:1,Shall LELAND DOUGLAS HOGAN be retained in the office of Judge of the District Court of the Third Judicial District?,,,NO,40
Summit,OLDS2:1,Shall LELAND DOUGLAS HOGAN be retained in the office of Judge of the District Court of the Third Judicial District?,,,NO,24
Summit,PARS7:25,Shall LELAND DOUGLAS HOGAN be retained in the office of Judge of the District Court of the Third Judicial District?,,,NO,38
Summit,PARW7:32,Shall LELAND DOUGLAS HOGAN be retained in the office of Judge of the District Court of the Third Judicial District?,,,NO,130
Summit,PEOA15:20,Shall LELAND DOUGLAS HOGAN be retained in the office of Judge of the District Court of the Third Judicial District?,,,NO,53
Summit,PEW51:10,Shall LELAND DOUGLAS HOGAN be retained in the office of Judge of the District Court of the Third Judicial District?,,,NO,3
Summit,PEW51:NS5,Shall LELAND DOUGLAS HOGAN be retained in the office of Judge of the District Court of the Third Judicial District?,,,NO,0
Summit,PINN39:32,Shall LELAND DOUGLAS HOGAN be retained in the office of Judge of the District Court of the Third Judicial District?,,,NO,76
Summit,PKMN35:1,Shall LELAND DOUGLAS HOGAN be retained in the office of Judge of the District Court of the Third Judicial District?,,,NO,54
Summit,PKMS5:1,Shall LELAND DOUGLAS HOGAN be retained in the office of Judge of the District Court of the Third Judicial District?,,,NO,44
Summit,PRG45:32,Shall LELAND DOUGLAS HOGAN be retained in the office of Judge of the District Court of the Third Judicial District?,,,NO,16
Summit,PRG45:S4A,Shall LELAND DOUGLAS HOGAN be retained in the office of Judge of the District Court of the Third Judicial District?,,,NO,0
Summit,PRG45:S4B,Shall LELAND DOUGLAS HOGAN be retained in the office of Judge of the District Court of the Third Judicial District?,,,NO,0
Summit,PRG45:S4C,Shall LELAND DOUGLAS HOGAN be retained in the office of Judge of the District Court of the Third Judicial District?,,,NO,0
Summit,PRM48:10,Shall LELAND DOUGLAS HOGAN be retained in the office of Judge of the District Court of the Third Judicial District?,,,NO,108
Summit,PRM48:N5A,Shall LELAND DOUGLAS HOGAN be retained in the office of Judge of the District Court of the Third Judicial District?,,,NO,2
Summit,PRM48:N5B,Shall LELAND DOUGLAS HOGAN be retained in the office of Judge of the District Court of the Third Judicial District?,,,NO,0
Summit,PROS3:1,Shall LELAND DOUGLAS HOGAN be retained in the office of Judge of the District Court of the Third Judicial District?,,,NO,43
Summit,QUAR6:1,Shall LELAND DOUGLAS HOGAN be retained in the office of Judge of the District Court of the Third Judicial District?,,,NO,77
Summit,RANS36:32,Shall LELAND DOUGLAS HOGAN be retained in the office of Judge of the District Court of the Third Judicial District?,,,NO,26
Summit,RNDV47:10,Shall LELAND DOUGLAS HOGAN be retained in the office of Judge of the District Court of the Third Judicial District?,,,NO,0
Summit,ROCP54:10,Shall LELAND DOUGLAS HOGAN be retained in the office of Judge of the District Court of the Third Judicial District?,,,NO,15
Summit,ROCP54:S4,Shall LELAND DOUGLAS HOGAN be retained in the office of Judge of the District Court of the Third Judicial District?,,,NO,0
Summit,RPL26:32,Shall LELAND DOUGLAS HOGAN be retained in the office of Judge of the District Court of the Third Judicial District?,,,NO,72
Summit,SCRL44:31,Shall LELAND DOUGLAS HOGAN be retained in the office of Judge of the District Court of the Third Judicial District?,,,NO,77
Summit,SCRU8:31,Shall LELAND DOUGLAS HOGAN be retained in the office of Judge of the District Court of the Third Judicial District?,,,NO,73
Summit,SCRU8:NS5,Shall LELAND DOUGLAS HOGAN be retained in the office of Judge of the District Court of the Third Judicial District?,,,NO,1
Summit,SFCC57:10,Shall LELAND DOUGLAS HOGAN be retained in the office of Judge of the District Court of the Third Judicial District?,,,NO,0
Summit,SIDE33:1,Shall LELAND DOUGLAS HOGAN be retained in the office of Judge of the District Court of the Third Judicial District?,,,NO,55
Summit,SLVR16:32,Shall LELAND DOUGLAS HOGAN be retained in the office of Judge of the District Court of the Third Judicial District?,,,NO,65
Summit,SML42:32,Shall LELAND DOUGLAS HOGAN be retained in the office of Judge of the District Court of the Third Judicial District?,,,NO,65
Summit,SSE13:20,Shall LELAND DOUGLAS HOGAN be retained in the office of Judge of the District Court of the Third Judicial District?,,,NO,123
Summit,SSS11:20,Shall LELAND DOUGLAS HOGAN be retained in the office of Judge of the District Court of the Third Judicial District?,,,NO,90
Summit,SSW22:20,Shall LELAND DOUGLAS HOGAN be retained in the office of Judge of the District Court of the Third Judicial District?,,,NO,80
Summit,SUME30:32,Shall LELAND DOUGLAS HOGAN be retained in the office of Judge of the District Court of the Third Judicial District?,,,NO,111
Summit,SUMW10:32,Shall LELAND DOUGLAS HOGAN be retained in the office of Judge of the District Court of the Third Judicial District?,,,NO,80
Summit,THAY4:1,Shall LELAND DOUGLAS HOGAN be retained in the office of Judge of the District Court of the Third Judicial District?,,,NO,44
Summit,UINT52:10,Shall LELAND DOUGLAS HOGAN be retained in the office of Judge of the District Court of the Third Judicial District?,,,NO,0
Summit,UPIN41:32,Shall LELAND DOUGLAS HOGAN be retained in the office of Judge of the District Court of the Third Judicial District?,,,NO,31
Summit,WAGN29:32,Shall LELAND DOUGLAS HOGAN be retained in the office of Judge of the District Court of the Third Judicial District?,,,NO,47
Summit,WANE17:10,Shall LELAND DOUGLAS HOGAN be retained in the office of Judge of the District Court of the Third Judicial District?,,,NO,91
Summit,WANE17:S4,Shall LELAND DOUGLAS HOGAN be retained in the office of Judge of the District Court of the Third Judicial District?,,,NO,0
Summit,WNW17:2,Shall LELAND DOUGLAS HOGAN be retained in the office of Judge of the District Court of the Third Judicial District?,,,NO,63
Summit,WNW17:P4A,Shall LELAND DOUGLAS HOGAN be retained in the office of Judge of the District Court of the Third Judicial District?,,,NO,0
Summit,WNW17:P4B,Shall LELAND DOUGLAS HOGAN be retained in the office of Judge of the District Court of the Third Judicial District?,,,NO,0
Summit,WEBC21:20,Shall LELAND DOUGLAS HOGAN be retained in the office of Judge of the District Court of the Third Judicial District?,,,NO,49
Summit,BTNN34:25,Shall KRISTINE EDDE JOHNSON be retained in the office of Judge of the District Court of the Third Judicial District?,,,YES,219
Summit,BTNS34:10,Shall KRISTINE EDDE JOHNSON be retained in the office of Judge of the District Court of the Third Judicial District?,,,YES,186
Summit,CCRK20:10,Shall KRISTINE EDDE JOHNSON be retained in the office of Judge of the District Court of the Third Judicial District?,,,YES,136
Summit,CLN19:10,Shall KRISTINE EDDE JOHNSON be retained in the office of Judge of the District Court of the Third Judicial District?,,,YES,241
Summit,CLS19:25,Shall KRISTINE EDDE JOHNSON be retained in the office of Judge of the District Court of the Third Judicial District?,,,YES,191
Summit,COLN56:10,Shall KRISTINE EDDE JOHNSON be retained in the office of Judge of the District Court of the Third Judicial District?,,,YES,0
Summit,DVN1:1,Shall KRISTINE EDDE JOHNSON be retained in the office of Judge of the District Court of the Third Judicial District?,,,YES,405
Summit,DVS31:1,Shall KRISTINE EDDE JOHNSON be retained in the office of Judge of the District Court of the Third Judicial District?,,,YES,297
Summit,ECOR46:10,Shall KRISTINE EDDE JOHNSON be retained in the office of Judge of the District Court of the Third Judicial District?,,,YES,0
Summit,ECOR46:50,Shall KRISTINE EDDE JOHNSON be retained in the office of Judge of the District Court of the Third Judicial District?,,,YES,0
Summit,FRAE28:25,Shall KRISTINE EDDE JOHNSON be retained in the office of Judge of the District Court of the Third Judicial District?,,,YES,182
Summit,FRAW28:10,Shall KRISTINE EDDE JOHNSON be retained in the office of Judge of the District Court of the Third Judicial District?,,,YES,315
Summit,GARF58:10,Shall KRISTINE EDDE JOHNSON be retained in the office of Judge of the District Court of the Third Judicial District?,,,YES,0
Summit,HEE38:32,Shall KRISTINE EDDE JOHNSON be retained in the office of Judge of the District Court of the Third Judicial District?,,,YES,369
Summit,HEN25:1,Shall KRISTINE EDDE JOHNSON be retained in the office of Judge of the District Court of the Third Judicial District?,,,YES,260
Summit,HEW23:32,Shall KRISTINE EDDE JOHNSON be retained in the office of Judge of the District Court of the Third Judicial District?,,,YES,280
Summit,HOYT18:10,Shall KRISTINE EDDE JOHNSON be retained in the office of Judge of the District Court of the Third Judicial District?,,,YES,285
Summit,IFOR49:10,Shall KRISTINE EDDE JOHNSON be retained in the office of Judge of the District Court of the Third Judicial District?,,,YES,0
Summit,JERE37:32,Shall KRISTINE EDDE JOHNSON be retained in the office of Judge of the District Court of the Third Judicial District?,,,YES,396
Summit,JERW27:32,Shall KRISTINE EDDE JOHNSON be retained in the office of Judge of the District Court of the Third Judicial District?,,,YES,388
Summit,KAMN12:10,Shall KRISTINE EDDE JOHNSON be retained in the office of Judge of the District Court of the Third Judicial District?,,,YES,305
Summit,KAMS12:25,Shall KRISTINE EDDE JOHNSON be retained in the office of Judge of the District Court of the Third Judicial District?,,,YES,267
Summit,KCYN43:32,Shall KRISTINE EDDE JOHNSON be retained in the office of Judge of the District Court of the Third Judicial District?,,,YES,118
Summit,LPNE9:15,Shall KRISTINE EDDE JOHNSON be retained in the office of Judge of the District Court of the Third Judicial District?,,,YES,242
Summit,LPNW9:3,Shall KRISTINE EDDE JOHNSON be retained in the office of Judge of the District Court of the Third Judicial District?,,,YES,269
Summit,MHW40:32,Shall KRISTINE EDDE JOHNSON be retained in the office of Judge of the District Court of the Third Judicial District?,,,YES,368
Summit,MTCR59:10,Shall KRISTINE EDDE JOHNSON be retained in the office of Judge of the District Court of the Third Judicial District?,,,YES,0
Summit,MTRS55:25,Shall KRISTINE EDDE JOHNSON be retained in the office of Judge of the District Court of the Third Judicial District?,,,YES,96
Summit,NSN24:10,Shall KRISTINE EDDE JOHNSON be retained in the office of Judge of the District Court of the Third Judicial District?,,,YES,117
Summit,OAKN14:10,Shall KRISTINE EDDE JOHNSON be retained in the office of Judge of the District Court of the Third Judicial District?,,,YES,214
Summit,OAKS14:25,Shall KRISTINE EDDE JOHNSON be retained in the office of Judge of the District Court of the Third Judicial District?,,,YES,270
Summit,OLDN32:1,Shall KRISTINE EDDE JOHNSON be retained in the office of Judge of the District Court of the Third Judicial District?,,,YES,169
Summit,OLDS2:1,Shall KRISTINE EDDE JOHNSON be retained in the office of Judge of the District Court of the Third Judicial District?,,,YES,91
Summit,PARS7:25,Shall KRISTINE EDDE JOHNSON be retained in the office of Judge of the District Court of the Third Judicial District?,,,YES,130
Summit,PARW7:32,Shall KRISTINE EDDE JOHNSON be retained in the office of Judge of the District Court of the Third Judicial District?,,,YES,430
Summit,PEOA15:20,Shall KRISTINE EDDE JOHNSON be retained in the office of Judge of the District Court of the Third Judicial District?,,,YES,98
Summit,PEW51:10,Shall KRISTINE EDDE JOHNSON be retained in the office of Judge of the District Court of the Third Judicial District?,,,YES,16
Summit,PEW51:NS5,Shall KRISTINE EDDE JOHNSON be retained in the office of Judge of the District Court of the Third Judicial District?,,,YES,0
Summit,PINN39:32,Shall KRISTINE EDDE JOHNSON be retained in the office of Judge of the District Court of the Third Judicial District?,,,YES,339
Summit,PKMN35:1,Shall KRISTINE EDDE JOHNSON be retained in the office of Judge of the District Court of the Third Judicial District?,,,YES,370
Summit,PKMS5:1,Shall KRISTINE EDDE JOHNSON be retained in the office of Judge of the District Court of the Third Judicial District?,,,YES,269
Summit,PRG45:32,Shall KRISTINE EDDE JOHNSON be retained in the office of Judge of the District Court of the Third Judicial District?,,,YES,127
Summit,PRG45:S4A,Shall KRISTINE EDDE JOHNSON be retained in the office of Judge of the District Court of the Third Judicial District?,,,YES,0
Summit,PRG45:S4B,Shall KRISTINE EDDE JOHNSON be retained in the office of Judge of the District Court of the Third Judicial District?,,,YES,0
Summit,PRG45:S4C,Shall KRISTINE EDDE JOHNSON be retained in the office of Judge of the District Court of the Third Judicial District?,,,YES,0
Summit,PRM48:10,Shall KRISTINE EDDE JOHNSON be retained in the office of Judge of the District Court of the Third Judicial District?,,,YES,413
Summit,PRM48:N5A,Shall KRISTINE EDDE JOHNSON be retained in the office of Judge of the District Court of the Third Judicial District?,,,YES,8
Summit,PRM48:N5B,Shall KRISTINE EDDE JOHNSON be retained in the office of Judge of the District Court of the Third Judicial District?,,,YES,0
Summit,PROS3:1,Shall KRISTINE EDDE JOHNSON be retained in the office of Judge of the District Court of the Third Judicial District?,,,YES,164
Summit,QUAR6:1,Shall KRISTINE EDDE JOHNSON be retained in the office of Judge of the District Court of the Third Judicial District?,,,YES,314
Summit,RANS36:32,Shall KRISTINE EDDE JOHNSON be retained in the office of Judge of the District Court of the Third Judicial District?,,,YES,128
Summit,RNDV47:10,Shall KRISTINE EDDE JOHNSON be retained in the office of Judge of the District Court of the Third Judicial District?,,,YES,0
Summit,ROCP54:10,Shall KRISTINE EDDE JOHNSON be retained in the office of Judge of the District Court of the Third Judicial District?,,,YES,53
Summit,ROCP54:S4,Shall KRISTINE EDDE JOHNSON be retained in the office of Judge of the District Court of the Third Judicial District?,,,YES,0
Summit,RPL26:32,Shall KRISTINE EDDE JOHNSON be retained in the office of Judge of the District Court of the Third Judicial District?,,,YES,349
Summit,SCRL44:31,Shall KRISTINE EDDE JOHNSON be retained in the office of Judge of the District Court of the Third Judicial District?,,,YES,258
Summit,SCRU8:31,Shall KRISTINE EDDE JOHNSON be retained in the office of Judge of the District Court of the Third Judicial District?,,,YES,170
Summit,SCRU8:NS5,Shall KRISTINE EDDE JOHNSON be retained in the office of Judge of the District Court of the Third Judicial District?,,,YES,16
Summit,SFCC57:10,Shall KRISTINE EDDE JOHNSON be retained in the office of Judge of the District Court of the Third Judicial District?,,,YES,0
Summit,SIDE33:1,Shall KRISTINE EDDE JOHNSON be retained in the office of Judge of the District Court of the Third Judicial District?,,,YES,182
Summit,SLVR16:32,Shall KRISTINE EDDE JOHNSON be retained in the office of Judge of the District Court of the Third Judicial District?,,,YES,322
Summit,SML42:32,Shall KRISTINE EDDE JOHNSON be retained in the office of Judge of the District Court of the Third Judicial District?,,,YES,327
Summit,SSE13:20,Shall KRISTINE EDDE JOHNSON be retained in the office of Judge of the District Court of the Third Judicial District?,,,YES,242
Summit,SSS11:20,Shall KRISTINE EDDE JOHNSON be retained in the office of Judge of the District Court of the Third Judicial District?,,,YES,162
Summit,SSW22:20,Shall KRISTINE EDDE JOHNSON be retained in the office of Judge of the District Court of the Third Judicial District?,,,YES,183
Summit,SUME30:32,Shall KRISTINE EDDE JOHNSON be retained in the office of Judge of the District Court of the Third Judicial District?,,,YES,358
Summit,SUMW10:32,Shall KRISTINE EDDE JOHNSON be retained in the office of Judge of the District Court of the Third Judicial District?,,,YES,240
Summit,THAY4:1,Shall KRISTINE EDDE JOHNSON be retained in the office of Judge of the District Court of the Third Judicial District?,,,YES,218
Summit,UINT52:10,Shall KRISTINE EDDE JOHNSON be retained in the office of Judge of the District Court of the Third Judicial District?,,,YES,0
Summit,UPIN41:32,Shall KRISTINE EDDE JOHNSON be retained in the office of Judge of the District Court of the Third Judicial District?,,,YES,190
Summit,WAGN29:32,Shall KRISTINE EDDE JOHNSON be retained in the office of Judge of the District Court of the Third Judicial District?,,,YES,197
Summit,WANE17:10,Shall KRISTINE EDDE JOHNSON be retained in the office of Judge of the District Court of the Third Judicial District?,,,YES,252
Summit,WANE17:S4,Shall KRISTINE EDDE JOHNSON be retained in the office of Judge of the District Court of the Third Judicial District?,,,YES,0
Summit,WNW17:2,Shall KRISTINE EDDE JOHNSON be retained in the office of Judge of the District Court of the Third Judicial District?,,,YES,147
Summit,WNW17:P4A,Shall KRISTINE EDDE JOHNSON be retained in the office of Judge of the District Court of the Third Judicial District?,,,YES,0
Summit,WNW17:P4B,Shall KRISTINE EDDE JOHNSON be retained in the office of Judge of the District Court of the Third Judicial District?,,,YES,0
Summit,WEBC21:20,Shall KRISTINE EDDE JOHNSON be retained in the office of Judge of the District Court of the Third Judicial District?,,,YES,135
Summit,BTNN34:25,Shall KRISTINE EDDE JOHNSON be retained in the office of Judge of the District Court of the Third Judicial District?,,,NO,74
Summit,BTNS34:10,Shall KRISTINE EDDE JOHNSON be retained in the office of Judge of the District Court of the Third Judicial District?,,,NO,49
Summit,CCRK20:10,Shall KRISTINE EDDE JOHNSON be retained in the office of Judge of the District Court of the Third Judicial District?,,,NO,75
Summit,CLN19:10,Shall KRISTINE EDDE JOHNSON be retained in the office of Judge of the District Court of the Third Judicial District?,,,NO,87
Summit,CLS19:25,Shall KRISTINE EDDE JOHNSON be retained in the office of Judge of the District Court of the Third Judicial District?,,,NO,76
Summit,COLN56:10,Shall KRISTINE EDDE JOHNSON be retained in the office of Judge of the District Court of the Third Judicial District?,,,NO,0
Summit,DVN1:1,Shall KRISTINE EDDE JOHNSON be retained in the office of Judge of the District Court of the Third Judicial District?,,,NO,115
Summit,DVS31:1,Shall KRISTINE EDDE JOHNSON be retained in the office of Judge of the District Court of the Third Judicial District?,,,NO,66
Summit,ECOR46:10,Shall KRISTINE EDDE JOHNSON be retained in the office of Judge of the District Court of the Third Judicial District?,,,NO,0
Summit,ECOR46:50,Shall KRISTINE EDDE JOHNSON be retained in the office of Judge of the District Court of the Third Judicial District?,,,NO,0
Summit,FRAE28:25,Shall KRISTINE EDDE JOHNSON be retained in the office of Judge of the District Court of the Third Judicial District?,,,NO,82
Summit,FRAW28:10,Shall KRISTINE EDDE JOHNSON be retained in the office of Judge of the District Court of the Third Judicial District?,,,NO,137
Summit,GARF58:10,Shall KRISTINE EDDE JOHNSON be retained in the office of Judge of the District Court of the Third Judicial District?,,,NO,0
Summit,HEE38:32,Shall KRISTINE EDDE JOHNSON be retained in the office of Judge of the District Court of the Third Judicial District?,,,NO,102
Summit,HEN25:1,Shall KRISTINE EDDE JOHNSON be retained in the office of Judge of the District Court of the Third Judicial District?,,,NO,122
Summit,HEW23:32,Shall KRISTINE EDDE JOHNSON be retained in the office of Judge of the District Court of the Third Judicial District?,,,NO,103
Summit,HOYT18:10,Shall KRISTINE EDDE JOHNSON be retained in the office of Judge of the District Court of the Third Judicial District?,,,NO,137
Summit,IFOR49:10,Shall KRISTINE EDDE JOHNSON be retained in the office of Judge of the District Court of the Third Judicial District?,,,NO,0
Summit,JERE37:32,Shall KRISTINE EDDE JOHNSON be retained in the office of Judge of the District Court of the Third Judicial District?,,,NO,96
Summit,JERW27:32,Shall KRISTINE EDDE JOHNSON be retained in the office of Judge of the District Court of the Third Judicial District?,,,NO,80
Summit,KAMN12:10,Shall KRISTINE EDDE JOHNSON be retained in the office of Judge of the District Court of the Third Judicial District?,,,NO,132
Summit,KAMS12:25,Shall KRISTINE EDDE JOHNSON be retained in the office of Judge of the District Court of the Third Judicial District?,,,NO,103
Summit,KCYN43:32,Shall KRISTINE EDDE JOHNSON be retained in the office of Judge of the District Court of the Third Judicial District?,,,NO,13
Summit,LPNE9:15,Shall KRISTINE EDDE JOHNSON be retained in the office of Judge of the District Court of the Third Judicial District?,,,NO,68
Summit,LPNW9:3,Shall KRISTINE EDDE JOHNSON be retained in the office of Judge of the District Court of the Third Judicial District?,,,NO,71
Summit,MHW40:32,Shall KRISTINE EDDE JOHNSON be retained in the office of Judge of the District Court of the Third Judicial District?,,,NO,93
Summit,MTCR59:10,Shall KRISTINE EDDE JOHNSON be retained in the office of Judge of the District Court of the Third Judicial District?,,,NO,0
Summit,MTRS55:25,Shall KRISTINE EDDE JOHNSON be retained in the office of Judge of the District Court of the Third Judicial District?,,,NO,22
Summit,NSN24:10,Shall KRISTINE EDDE JOHNSON be retained in the office of Judge of the District Court of the Third Judicial District?,,,NO,40
Summit,OAKN14:10,Shall KRISTINE EDDE JOHNSON be retained in the office of Judge of the District Court of the Third Judicial District?,,,NO,81
Summit,OAKS14:25,Shall KRISTINE EDDE JOHNSON be retained in the office of Judge of the District Court of the Third Judicial District?,,,NO,96
Summit,OLDN32:1,Shall KRISTINE EDDE JOHNSON be retained in the office of Judge of the District Court of the Third Judicial District?,,,NO,42
Summit,OLDS2:1,Shall KRISTINE EDDE JOHNSON be retained in the office of Judge of the District Court of the Third Judicial District?,,,NO,25
Summit,PARS7:25,Shall KRISTINE EDDE JOHNSON be retained in the office of Judge of the District Court of the Third Judicial District?,,,NO,34
Summit,PARW7:32,Shall KRISTINE EDDE JOHNSON be retained in the office of Judge of the District Court of the Third Judicial District?,,,NO,136
Summit,PEOA15:20,Shall KRISTINE EDDE JOHNSON be retained in the office of Judge of the District Court of the Third Judicial District?,,,NO,58
Summit,PEW51:10,Shall KRISTINE EDDE JOHNSON be retained in the office of Judge of the District Court of the Third Judicial District?,,,NO,3
Summit,PEW51:NS5,Shall KRISTINE EDDE JOHNSON be retained in the office of Judge of the District Court of the Third Judicial District?,,,NO,0
Summit,PINN39:32,Shall KRISTINE EDDE JOHNSON be retained in the office of Judge of the District Court of the Third Judicial District?,,,NO,66
Summit,PKMN35:1,Shall KRISTINE EDDE JOHNSON be retained in the office of Judge of the District Court of the Third Judicial District?,,,NO,76
Summit,PKMS5:1,Shall KRISTINE EDDE JOHNSON be retained in the office of Judge of the District Court of the Third Judicial District?,,,NO,52
Summit,PRG45:32,Shall KRISTINE EDDE JOHNSON be retained in the office of Judge of the District Court of the Third Judicial District?,,,NO,23
Summit,PRG45:S4A,Shall KRISTINE EDDE JOHNSON be retained in the office of Judge of the District Court of the Third Judicial District?,,,NO,0
Summit,PRG45:S4B,Shall KRISTINE EDDE JOHNSON be retained in the office of Judge of the District Court of the Third Judicial District?,,,NO,0
Summit,PRG45:S4C,Shall KRISTINE EDDE JOHNSON be retained in the office of Judge of the District Court of the Third Judicial District?,,,NO,0
Summit,PRM48:10,Shall KRISTINE EDDE JOHNSON be retained in the office of Judge of the District Court of the Third Judicial District?,,,NO,92
Summit,PRM48:N5A,Shall KRISTINE EDDE JOHNSON be retained in the office of Judge of the District Court of the Third Judicial District?,,,NO,2
Summit,PRM48:N5B,Shall KRISTINE EDDE JOHNSON be retained in the office of Judge of the District Court of the Third Judicial District?,,,NO,0
Summit,PROS3:1,Shall KRISTINE EDDE JOHNSON be retained in the office of Judge of the District Court of the Third Judicial District?,,,NO,52
Summit,QUAR6:1,Shall KRISTINE EDDE JOHNSON be retained in the office of Judge of the District Court of the Third Judicial District?,,,NO,78
Summit,RANS36:32,Shall KRISTINE EDDE JOHNSON be retained in the office of Judge of the District Court of the Third Judicial District?,,,NO,26
Summit,RNDV47:10,Shall KRISTINE EDDE JOHNSON be retained in the office of Judge of the District Court of the Third Judicial District?,,,NO,0
Summit,ROCP54:10,Shall KRISTINE EDDE JOHNSON be retained in the office of Judge of the District Court of the Third Judicial District?,,,NO,12
Summit,ROCP54:S4,Shall KRISTINE EDDE JOHNSON be retained in the office of Judge of the District Court of the Third Judicial District?,,,NO,0
Summit,RPL26:32,Shall KRISTINE EDDE JOHNSON be retained in the office of Judge of the District Court of the Third Judicial District?,,,NO,91
Summit,SCRL44:31,Shall KRISTINE EDDE JOHNSON be retained in the office of Judge of the District Court of the Third Judicial District?,,,NO,87
Summit,SCRU8:31,Shall KRISTINE EDDE JOHNSON be retained in the office of Judge of the District Court of the Third Judicial District?,,,NO,81
Summit,SCRU8:NS5,Shall KRISTINE EDDE JOHNSON be retained in the office of Judge of the District Court of the Third Judicial District?,,,NO,1
Summit,SFCC57:10,Shall KRISTINE EDDE JOHNSON be retained in the office of Judge of the District Court of the Third Judicial District?,,,NO,0
Summit,SIDE33:1,Shall KRISTINE EDDE JOHNSON be retained in the office of Judge of the District Court of the Third Judicial District?,,,NO,56
Summit,SLVR16:32,Shall KRISTINE EDDE JOHNSON be retained in the office of Judge of the District Court of the Third Judicial District?,,,NO,90
Summit,SML42:32,Shall KRISTINE EDDE JOHNSON be retained in the office of Judge of the District Court of the Third Judicial District?,,,NO,63
Summit,SSE13:20,Shall KRISTINE EDDE JOHNSON be retained in the office of Judge of the District Court of the Third Judicial District?,,,NO,124
Summit,SSS11:20,Shall KRISTINE EDDE JOHNSON be retained in the office of Judge of the District Court of the Third Judicial District?,,,NO,105
Summit,SSW22:20,Shall KRISTINE EDDE JOHNSON be retained in the office of Judge of the District Court of the Third Judicial District?,,,NO,76
Summit,SUME30:32,Shall KRISTINE EDDE JOHNSON be retained in the office of Judge of the District Court of the Third Judicial District?,,,NO,112
Summit,SUMW10:32,Shall KRISTINE EDDE JOHNSON be retained in the office of Judge of the District Court of the Third Judicial District?,,,NO,86
Summit,THAY4:1,Shall KRISTINE EDDE JOHNSON be retained in the office of Judge of the District Court of the Third Judicial District?,,,NO,60
Summit,UINT52:10,Shall KRISTINE EDDE JOHNSON be retained in the office of Judge of the District Court of the Third Judicial District?,,,NO,0
Summit,UPIN41:32,Shall KRISTINE EDDE JOHNSON be retained in the office of Judge of the District Court of the Third Judicial District?,,,NO,36
Summit,WAGN29:32,Shall KRISTINE EDDE JOHNSON be retained in the office of Judge of the District Court of the Third Judicial District?,,,NO,46
Summit,WANE17:10,Shall KRISTINE EDDE JOHNSON be retained in the office of Judge of the District Court of the Third Judicial District?,,,NO,96
Summit,WANE17:S4,Shall KRISTINE EDDE JOHNSON be retained in the office of Judge of the District Court of the Third Judicial District?,,,NO,0
Summit,WNW17:2,Shall KRISTINE EDDE JOHNSON be retained in the office of Judge of the District Court of the Third Judicial District?,,,NO,60
Summit,WNW17:P4A,Shall KRISTINE EDDE JOHNSON be retained in the office of Judge of the District Court of the Third Judicial District?,,,NO,0
Summit,WNW17:P4B,Shall KRISTINE EDDE JOHNSON be retained in the office of Judge of the District Court of the Third Judicial District?,,,NO,0
Summit,WEBC21:20,Shall KRISTINE EDDE JOHNSON be retained in the office of Judge of the District Court of the Third Judicial District?,,,NO,56
Summit,BTNN34:25,Shall WILLIAM K. KENDALL  be retained in the office of Judge of the District Court of the Third Judicial District?,,,YES,238
Summit,BTNS34:10,Shall WILLIAM K. KENDALL  be retained in the office of Judge of the District Court of the Third Judicial District?,,,YES,192
Summit,CCRK20:10,Shall WILLIAM K. KENDALL  be retained in the office of Judge of the District Court of the Third Judicial District?,,,YES,142
Summit,CLN19:10,Shall WILLIAM K. KENDALL  be retained in the office of Judge of the District Court of the Third Judicial District?,,,YES,231
Summit,CLS19:25,Shall WILLIAM K. KENDALL  be retained in the office of Judge of the District Court of the Third Judicial District?,,,YES,199
Summit,COLN56:10,Shall WILLIAM K. KENDALL  be retained in the office of Judge of the District Court of the Third Judicial District?,,,YES,0
Summit,DVN1:1,Shall WILLIAM K. KENDALL  be retained in the office of Judge of the District Court of the Third Judicial District?,,,YES,405
Summit,DVS31:1,Shall WILLIAM K. KENDALL  be retained in the office of Judge of the District Court of the Third Judicial District?,,,YES,304
Summit,ECOR46:10,Shall WILLIAM K. KENDALL  be retained in the office of Judge of the District Court of the Third Judicial District?,,,YES,0
Summit,ECOR46:50,Shall WILLIAM K. KENDALL  be retained in the office of Judge of the District Court of the Third Judicial District?,,,YES,0
Summit,FRAE28:25,Shall WILLIAM K. KENDALL  be retained in the office of Judge of the District Court of the Third Judicial District?,,,YES,176
Summit,FRAW28:10,Shall WILLIAM K. KENDALL  be retained in the office of Judge of the District Court of the Third Judicial District?,,,YES,332
Summit,GARF58:10,Shall WILLIAM K. KENDALL  be retained in the office of Judge of the District Court of the Third Judicial District?,,,YES,0
Summit,HEE38:32,Shall WILLIAM K. KENDALL  be retained in the office of Judge of the District Court of the Third Judicial District?,,,YES,376
Summit,HEN25:1,Shall WILLIAM K. KENDALL  be retained in the office of Judge of the District Court of the Third Judicial District?,,,YES,282
Summit,HEW23:32,Shall WILLIAM K. KENDALL  be retained in the office of Judge of the District Court of the Third Judicial District?,,,YES,289
Summit,HOYT18:10,Shall WILLIAM K. KENDALL  be retained in the office of Judge of the District Court of the Third Judicial District?,,,YES,293
Summit,IFOR49:10,Shall WILLIAM K. KENDALL  be retained in the office of Judge of the District Court of the Third Judicial District?,,,YES,0
Summit,JERE37:32,Shall WILLIAM K. KENDALL  be retained in the office of Judge of the District Court of the Third Judicial District?,,,YES,417
Summit,JERW27:32,Shall WILLIAM K. KENDALL  be retained in the office of Judge of the District Court of the Third Judicial District?,,,YES,399
Summit,KAMN12:10,Shall WILLIAM K. KENDALL  be retained in the office of Judge of the District Court of the Third Judicial District?,,,YES,315
Summit,KAMS12:25,Shall WILLIAM K. KENDALL  be retained in the office of Judge of the District Court of the Third Judicial District?,,,YES,265
Summit,KCYN43:32,Shall WILLIAM K. KENDALL  be retained in the office of Judge of the District Court of the Third Judicial District?,,,YES,118
Summit,LPNE9:15,Shall WILLIAM K. KENDALL  be retained in the office of Judge of the District Court of the Third Judicial District?,,,YES,237
Summit,LPNW9:3,Shall WILLIAM K. KENDALL  be retained in the office of Judge of the District Court of the Third Judicial District?,,,YES,267
Summit,MHW40:32,Shall WILLIAM K. KENDALL  be retained in the office of Judge of the District Court of the Third Judicial District?,,,YES,373
Summit,MTCR59:10,Shall WILLIAM K. KENDALL  be retained in the office of Judge of the District Court of the Third Judicial District?,,,YES,0
Summit,MTRS55:25,Shall WILLIAM K. KENDALL  be retained in the office of Judge of the District Court of the Third Judicial District?,,,YES,101
Summit,NSN24:10,Shall WILLIAM K. KENDALL  be retained in the office of Judge of the District Court of the Third Judicial District?,,,YES,118
Summit,OAKN14:10,Shall WILLIAM K. KENDALL  be retained in the office of Judge of the District Court of the Third Judicial District?,,,YES,220
Summit,OAKS14:25,Shall WILLIAM K. KENDALL  be retained in the office of Judge of the District Court of the Third Judicial District?,,,YES,280
Summit,OLDN32:1,Shall WILLIAM K. KENDALL  be retained in the office of Judge of the District Court of the Third Judicial District?,,,YES,170
Summit,OLDS2:1,Shall WILLIAM K. KENDALL  be retained in the office of Judge of the District Court of the Third Judicial District?,,,YES,86
Summit,PARS7:25,Shall WILLIAM K. KENDALL  be retained in the office of Judge of the District Court of the Third Judicial District?,,,YES,128
Summit,PARW7:32,Shall WILLIAM K. KENDALL  be retained in the office of Judge of the District Court of the Third Judicial District?,,,YES,447
Summit,PEOA15:20,Shall WILLIAM K. KENDALL  be retained in the office of Judge of the District Court of the Third Judicial District?,,,YES,96
Summit,PEW51:10,Shall WILLIAM K. KENDALL  be retained in the office of Judge of the District Court of the Third Judicial District?,,,YES,18
Summit,PEW51:NS5,Shall WILLIAM K. KENDALL  be retained in the office of Judge of the District Court of the Third Judicial District?,,,YES,0
Summit,PINN39:32,Shall WILLIAM K. KENDALL  be retained in the office of Judge of the District Court of the Third Judicial District?,,,YES,334
Summit,PKMN35:1,Shall WILLIAM K. KENDALL  be retained in the office of Judge of the District Court of the Third Judicial District?,,,YES,389
Summit,PKMS5:1,Shall WILLIAM K. KENDALL  be retained in the office of Judge of the District Court of the Third Judicial District?,,,YES,278
Summit,PRG45:32,Shall WILLIAM K. KENDALL  be retained in the office of Judge of the District Court of the Third Judicial District?,,,YES,139
Summit,PRG45:S4A,Shall WILLIAM K. KENDALL  be retained in the office of Judge of the District Court of the Third Judicial District?,,,YES,0
Summit,PRG45:S4B,Shall WILLIAM K. KENDALL  be retained in the office of Judge of the District Court of the Third Judicial District?,,,YES,0
Summit,PRG45:S4C,Shall WILLIAM K. KENDALL  be retained in the office of Judge of the District Court of the Third Judicial District?,,,YES,0
Summit,PRM48:10,Shall WILLIAM K. KENDALL  be retained in the office of Judge of the District Court of the Third Judicial District?,,,YES,407
Summit,PRM48:N5A,Shall WILLIAM K. KENDALL  be retained in the office of Judge of the District Court of the Third Judicial District?,,,YES,8
Summit,PRM48:N5B,Shall WILLIAM K. KENDALL  be retained in the office of Judge of the District Court of the Third Judicial District?,,,YES,0
Summit,PROS3:1,Shall WILLIAM K. KENDALL  be retained in the office of Judge of the District Court of the Third Judicial District?,,,YES,166
Summit,QUAR6:1,Shall WILLIAM K. KENDALL  be retained in the office of Judge of the District Court of the Third Judicial District?,,,YES,317
Summit,RANS36:32,Shall WILLIAM K. KENDALL  be retained in the office of Judge of the District Court of the Third Judicial District?,,,YES,135
Summit,RNDV47:10,Shall WILLIAM K. KENDALL  be retained in the office of Judge of the District Court of the Third Judicial District?,,,YES,0
Summit,ROCP54:10,Shall WILLIAM K. KENDALL  be retained in the office of Judge of the District Court of the Third Judicial District?,,,YES,54
Summit,ROCP54:S4,Shall WILLIAM K. KENDALL  be retained in the office of Judge of the District Court of the Third Judicial District?,,,YES,0
Summit,RPL26:32,Shall WILLIAM K. KENDALL  be retained in the office of Judge of the District Court of the Third Judicial District?,,,YES,380
Summit,SCRL44:31,Shall WILLIAM K. KENDALL  be retained in the office of Judge of the District Court of the Third Judicial District?,,,YES,265
Summit,SCRU8:31,Shall WILLIAM K. KENDALL  be retained in the office of Judge of the District Court of the Third Judicial District?,,,YES,172
Summit,SCRU8:NS5,Shall WILLIAM K. KENDALL  be retained in the office of Judge of the District Court of the Third Judicial District?,,,YES,16
Summit,SFCC57:10,Shall WILLIAM K. KENDALL  be retained in the office of Judge of the District Court of the Third Judicial District?,,,YES,0
Summit,SIDE33:1,Shall WILLIAM K. KENDALL  be retained in the office of Judge of the District Court of the Third Judicial District?,,,YES,177
Summit,SLVR16:32,Shall WILLIAM K. KENDALL  be retained in the office of Judge of the District Court of the Third Judicial District?,,,YES,346
Summit,SML42:32,Shall WILLIAM K. KENDALL  be retained in the office of Judge of the District Court of the Third Judicial District?,,,YES,334
Summit,SSE13:20,Shall WILLIAM K. KENDALL  be retained in the office of Judge of the District Court of the Third Judicial District?,,,YES,241
Summit,SSS11:20,Shall WILLIAM K. KENDALL  be retained in the office of Judge of the District Court of the Third Judicial District?,,,YES,176
Summit,SSW22:20,Shall WILLIAM K. KENDALL  be retained in the office of Judge of the District Court of the Third Judicial District?,,,YES,187
Summit,SUME30:32,Shall WILLIAM K. KENDALL  be retained in the office of Judge of the District Court of the Third Judicial District?,,,YES,366
Summit,SUMW10:32,Shall WILLIAM K. KENDALL  be retained in the office of Judge of the District Court of the Third Judicial District?,,,YES,251
Summit,THAY4:1,Shall WILLIAM K. KENDALL  be retained in the office of Judge of the District Court of the Third Judicial District?,,,YES,227
Summit,UINT52:10,Shall WILLIAM K. KENDALL  be retained in the office of Judge of the District Court of the Third Judicial District?,,,YES,0
Summit,UPIN41:32,Shall WILLIAM K. KENDALL  be retained in the office of Judge of the District Court of the Third Judicial District?,,,YES,193
Summit,WAGN29:32,Shall WILLIAM K. KENDALL  be retained in the office of Judge of the District Court of the Third Judicial District?,,,YES,194
Summit,WANE17:10,Shall WILLIAM K. KENDALL  be retained in the office of Judge of the District Court of the Third Judicial District?,,,YES,260
Summit,WANE17:S4,Shall WILLIAM K. KENDALL  be retained in the office of Judge of the District Court of the Third Judicial District?,,,YES,0
Summit,WNW17:2,Shall WILLIAM K. KENDALL  be retained in the office of Judge of the District Court of the Third Judicial District?,,,YES,153
Summit,WNW17:P4A,Shall WILLIAM K. KENDALL  be retained in the office of Judge of the District Court of the Third Judicial District?,,,YES,0
Summit,WNW17:P4B,Shall WILLIAM K. KENDALL  be retained in the office of Judge of the District Court of the Third Judicial District?,,,YES,0
Summit,WEBC21:20,Shall WILLIAM K. KENDALL  be retained in the office of Judge of the District Court of the Third Judicial District?,,,YES,143
Summit,BTNN34:25,Shall WILLIAM K. KENDALL  be retained in the office of Judge of the District Court of the Third Judicial District?,,,NO,54
Summit,BTNS34:10,Shall WILLIAM K. KENDALL  be retained in the office of Judge of the District Court of the Third Judicial District?,,,NO,41
Summit,CCRK20:10,Shall WILLIAM K. KENDALL  be retained in the office of Judge of the District Court of the Third Judicial District?,,,NO,71
Summit,CLN19:10,Shall WILLIAM K. KENDALL  be retained in the office of Judge of the District Court of the Third Judicial District?,,,NO,99
Summit,CLS19:25,Shall WILLIAM K. KENDALL  be retained in the office of Judge of the District Court of the Third Judicial District?,,,NO,69
Summit,COLN56:10,Shall WILLIAM K. KENDALL  be retained in the office of Judge of the District Court of the Third Judicial District?,,,NO,0
Summit,DVN1:1,Shall WILLIAM K. KENDALL  be retained in the office of Judge of the District Court of the Third Judicial District?,,,NO,111
Summit,DVS31:1,Shall WILLIAM K. KENDALL  be retained in the office of Judge of the District Court of the Third Judicial District?,,,NO,58
Summit,ECOR46:10,Shall WILLIAM K. KENDALL  be retained in the office of Judge of the District Court of the Third Judicial District?,,,NO,0
Summit,ECOR46:50,Shall WILLIAM K. KENDALL  be retained in the office of Judge of the District Court of the Third Judicial District?,,,NO,0
Summit,FRAE28:25,Shall WILLIAM K. KENDALL  be retained in the office of Judge of the District Court of the Third Judicial District?,,,NO,88
Summit,FRAW28:10,Shall WILLIAM K. KENDALL  be retained in the office of Judge of the District Court of the Third Judicial District?,,,NO,118
Summit,GARF58:10,Shall WILLIAM K. KENDALL  be retained in the office of Judge of the District Court of the Third Judicial District?,,,NO,0
Summit,HEE38:32,Shall WILLIAM K. KENDALL  be retained in the office of Judge of the District Court of the Third Judicial District?,,,NO,95
Summit,HEN25:1,Shall WILLIAM K. KENDALL  be retained in the office of Judge of the District Court of the Third Judicial District?,,,NO,100
Summit,HEW23:32,Shall WILLIAM K. KENDALL  be retained in the office of Judge of the District Court of the Third Judicial District?,,,NO,94
Summit,HOYT18:10,Shall WILLIAM K. KENDALL  be retained in the office of Judge of the District Court of the Third Judicial District?,,,NO,132
Summit,IFOR49:10,Shall WILLIAM K. KENDALL  be retained in the office of Judge of the District Court of the Third Judicial District?,,,NO,0
Summit,JERE37:32,Shall WILLIAM K. KENDALL  be retained in the office of Judge of the District Court of the Third Judicial District?,,,NO,74
Summit,JERW27:32,Shall WILLIAM K. KENDALL  be retained in the office of Judge of the District Court of the Third Judicial District?,,,NO,73
Summit,KAMN12:10,Shall WILLIAM K. KENDALL  be retained in the office of Judge of the District Court of the Third Judicial District?,,,NO,121
Summit,KAMS12:25,Shall WILLIAM K. KENDALL  be retained in the office of Judge of the District Court of the Third Judicial District?,,,NO,105
Summit,KCYN43:32,Shall WILLIAM K. KENDALL  be retained in the office of Judge of the District Court of the Third Judicial District?,,,NO,13
Summit,LPNE9:15,Shall WILLIAM K. KENDALL  be retained in the office of Judge of the District Court of the Third Judicial District?,,,NO,73
Summit,LPNW9:3,Shall WILLIAM K. KENDALL  be retained in the office of Judge of the District Court of the Third Judicial District?,,,NO,69
Summit,MHW40:32,Shall WILLIAM K. KENDALL  be retained in the office of Judge of the District Court of the Third Judicial District?,,,NO,85
Summit,MTCR59:10,Shall WILLIAM K. KENDALL  be retained in the office of Judge of the District Court of the Third Judicial District?,,,NO,0
Summit,MTRS55:25,Shall WILLIAM K. KENDALL  be retained in the office of Judge of the District Court of the Third Judicial District?,,,NO,15
Summit,NSN24:10,Shall WILLIAM K. KENDALL  be retained in the office of Judge of the District Court of the Third Judicial District?,,,NO,38
Summit,OAKN14:10,Shall WILLIAM K. KENDALL  be retained in the office of Judge of the District Court of the Third Judicial District?,,,NO,75
Summit,OAKS14:25,Shall WILLIAM K. KENDALL  be retained in the office of Judge of the District Court of the Third Judicial District?,,,NO,84
Summit,OLDN32:1,Shall WILLIAM K. KENDALL  be retained in the office of Judge of the District Court of the Third Judicial District?,,,NO,39
Summit,OLDS2:1,Shall WILLIAM K. KENDALL  be retained in the office of Judge of the District Court of the Third Judicial District?,,,NO,31
Summit,PARS7:25,Shall WILLIAM K. KENDALL  be retained in the office of Judge of the District Court of the Third Judicial District?,,,NO,35
Summit,PARW7:32,Shall WILLIAM K. KENDALL  be retained in the office of Judge of the District Court of the Third Judicial District?,,,NO,121
Summit,PEOA15:20,Shall WILLIAM K. KENDALL  be retained in the office of Judge of the District Court of the Third Judicial District?,,,NO,60
Summit,PEW51:10,Shall WILLIAM K. KENDALL  be retained in the office of Judge of the District Court of the Third Judicial District?,,,NO,3
Summit,PEW51:NS5,Shall WILLIAM K. KENDALL  be retained in the office of Judge of the District Court of the Third Judicial District?,,,NO,0
Summit,PINN39:32,Shall WILLIAM K. KENDALL  be retained in the office of Judge of the District Court of the Third Judicial District?,,,NO,73
Summit,PKMN35:1,Shall WILLIAM K. KENDALL  be retained in the office of Judge of the District Court of the Third Judicial District?,,,NO,54
Summit,PKMS5:1,Shall WILLIAM K. KENDALL  be retained in the office of Judge of the District Court of the Third Judicial District?,,,NO,41
Summit,PRG45:32,Shall WILLIAM K. KENDALL  be retained in the office of Judge of the District Court of the Third Judicial District?,,,NO,15
Summit,PRG45:S4A,Shall WILLIAM K. KENDALL  be retained in the office of Judge of the District Court of the Third Judicial District?,,,NO,0
Summit,PRG45:S4B,Shall WILLIAM K. KENDALL  be retained in the office of Judge of the District Court of the Third Judicial District?,,,NO,0
Summit,PRG45:S4C,Shall WILLIAM K. KENDALL  be retained in the office of Judge of the District Court of the Third Judicial District?,,,NO,0
Summit,PRM48:10,Shall WILLIAM K. KENDALL  be retained in the office of Judge of the District Court of the Third Judicial District?,,,NO,98
Summit,PRM48:N5A,Shall WILLIAM K. KENDALL  be retained in the office of Judge of the District Court of the Third Judicial District?,,,NO,2
Summit,PRM48:N5B,Shall WILLIAM K. KENDALL  be retained in the office of Judge of the District Court of the Third Judicial District?,,,NO,0
Summit,PROS3:1,Shall WILLIAM K. KENDALL  be retained in the office of Judge of the District Court of the Third Judicial District?,,,NO,46
Summit,QUAR6:1,Shall WILLIAM K. KENDALL  be retained in the office of Judge of the District Court of the Third Judicial District?,,,NO,72
Summit,RANS36:32,Shall WILLIAM K. KENDALL  be retained in the office of Judge of the District Court of the Third Judicial District?,,,NO,20
Summit,RNDV47:10,Shall WILLIAM K. KENDALL  be retained in the office of Judge of the District Court of the Third Judicial District?,,,NO,0
Summit,ROCP54:10,Shall WILLIAM K. KENDALL  be retained in the office of Judge of the District Court of the Third Judicial District?,,,NO,10
Summit,ROCP54:S4,Shall WILLIAM K. KENDALL  be retained in the office of Judge of the District Court of the Third Judicial District?,,,NO,0
Summit,RPL26:32,Shall WILLIAM K. KENDALL  be retained in the office of Judge of the District Court of the Third Judicial District?,,,NO,67
Summit,SCRL44:31,Shall WILLIAM K. KENDALL  be retained in the office of Judge of the District Court of the Third Judicial District?,,,NO,76
Summit,SCRU8:31,Shall WILLIAM K. KENDALL  be retained in the office of Judge of the District Court of the Third Judicial District?,,,NO,78
Summit,SCRU8:NS5,Shall WILLIAM K. KENDALL  be retained in the office of Judge of the District Court of the Third Judicial District?,,,NO,1
Summit,SFCC57:10,Shall WILLIAM K. KENDALL  be retained in the office of Judge of the District Court of the Third Judicial District?,,,NO,0
Summit,SIDE33:1,Shall WILLIAM K. KENDALL  be retained in the office of Judge of the District Court of the Third Judicial District?,,,NO,60
Summit,SLVR16:32,Shall WILLIAM K. KENDALL  be retained in the office of Judge of the District Court of the Third Judicial District?,,,NO,67
Summit,SML42:32,Shall WILLIAM K. KENDALL  be retained in the office of Judge of the District Court of the Third Judicial District?,,,NO,56
Summit,SSE13:20,Shall WILLIAM K. KENDALL  be retained in the office of Judge of the District Court of the Third Judicial District?,,,NO,126
Summit,SSS11:20,Shall WILLIAM K. KENDALL  be retained in the office of Judge of the District Court of the Third Judicial District?,,,NO,91
Summit,SSW22:20,Shall WILLIAM K. KENDALL  be retained in the office of Judge of the District Court of the Third Judicial District?,,,NO,73
Summit,SUME30:32,Shall WILLIAM K. KENDALL  be retained in the office of Judge of the District Court of the Third Judicial District?,,,NO,103
Summit,SUMW10:32,Shall WILLIAM K. KENDALL  be retained in the office of Judge of the District Court of the Third Judicial District?,,,NO,78
Summit,THAY4:1,Shall WILLIAM K. KENDALL  be retained in the office of Judge of the District Court of the Third Judicial District?,,,NO,46
Summit,UINT52:10,Shall WILLIAM K. KENDALL  be retained in the office of Judge of the District Court of the Third Judicial District?,,,NO,0
Summit,UPIN41:32,Shall WILLIAM K. KENDALL  be retained in the office of Judge of the District Court of the Third Judicial District?,,,NO,33
Summit,WAGN29:32,Shall WILLIAM K. KENDALL  be retained in the office of Judge of the District Court of the Third Judicial District?,,,NO,48
Summit,WANE17:10,Shall WILLIAM K. KENDALL  be retained in the office of Judge of the District Court of the Third Judicial District?,,,NO,90
Summit,WANE17:S4,Shall WILLIAM K. KENDALL  be retained in the office of Judge of the District Court of the Third Judicial District?,,,NO,0
Summit,WNW17:2,Shall WILLIAM K. KENDALL  be retained in the office of Judge of the District Court of the Third Judicial District?,,,NO,55
Summit,WNW17:P4A,Shall WILLIAM K. KENDALL  be retained in the office of Judge of the District Court of the Third Judicial District?,,,NO,0
Summit,WNW17:P4B,Shall WILLIAM K. KENDALL  be retained in the office of Judge of the District Court of the Third Judicial District?,,,NO,0
Summit,WEBC21:20,Shall WILLIAM K. KENDALL  be retained in the office of Judge of the District Court of the Third Judicial District?,,,NO,49
Summit,BTNN34:25,Shall KARA LEA PETTIT be retained in the office of Judge of the District Court of the Third Judicial District?,,,YES,231
Summit,BTNS34:10,Shall KARA LEA PETTIT be retained in the office of Judge of the District Court of the Third Judicial District?,,,YES,188
Summit,CCRK20:10,Shall KARA LEA PETTIT be retained in the office of Judge of the District Court of the Third Judicial District?,,,YES,136
Summit,CLN19:10,Shall KARA LEA PETTIT be retained in the office of Judge of the District Court of the Third Judicial District?,,,YES,232
Summit,CLS19:25,Shall KARA LEA PETTIT be retained in the office of Judge of the District Court of the Third Judicial District?,,,YES,184
Summit,COLN56:10,Shall KARA LEA PETTIT be retained in the office of Judge of the District Court of the Third Judicial District?,,,YES,0
Summit,DVN1:1,Shall KARA LEA PETTIT be retained in the office of Judge of the District Court of the Third Judicial District?,,,YES,408
Summit,DVS31:1,Shall KARA LEA PETTIT be retained in the office of Judge of the District Court of the Third Judicial District?,,,YES,287
Summit,ECOR46:10,Shall KARA LEA PETTIT be retained in the office of Judge of the District Court of the Third Judicial District?,,,YES,0
Summit,ECOR46:50,Shall KARA LEA PETTIT be retained in the office of Judge of the District Court of the Third Judicial District?,,,YES,0
Summit,FRAE28:25,Shall KARA LEA PETTIT be retained in the office of Judge of the District Court of the Third Judicial District?,,,YES,179
Summit,FRAW28:10,Shall KARA LEA PETTIT be retained in the office of Judge of the District Court of the Third Judicial District?,,,YES,325
Summit,GARF58:10,Shall KARA LEA PETTIT be retained in the office of Judge of the District Court of the Third Judicial District?,,,YES,0
Summit,HEE38:32,Shall KARA LEA PETTIT be retained in the office of Judge of the District Court of the Third Judicial District?,,,YES,379
Summit,HEN25:1,Shall KARA LEA PETTIT be retained in the office of Judge of the District Court of the Third Judicial District?,,,YES,264
Summit,HEW23:32,Shall KARA LEA PETTIT be retained in the office of Judge of the District Court of the Third Judicial District?,,,YES,280
Summit,HOYT18:10,Shall KARA LEA PETTIT be retained in the office of Judge of the District Court of the Third Judicial District?,,,YES,279
Summit,IFOR49:10,Shall KARA LEA PETTIT be retained in the office of Judge of the District Court of the Third Judicial District?,,,YES,0
Summit,JERE37:32,Shall KARA LEA PETTIT be retained in the office of Judge of the District Court of the Third Judicial District?,,,YES,409
Summit,JERW27:32,Shall KARA LEA PETTIT be retained in the office of Judge of the District Court of the Third Judicial District?,,,YES,381
Summit,KAMN12:10,Shall KARA LEA PETTIT be retained in the office of Judge of the District Court of the Third Judicial District?,,,YES,317
Summit,KAMS12:25,Shall KARA LEA PETTIT be retained in the office of Judge of the District Court of the Third Judicial District?,,,YES,263
Summit,KCYN43:32,Shall KARA LEA PETTIT be retained in the office of Judge of the District Court of the Third Judicial District?,,,YES,114
Summit,LPNE9:15,Shall KARA LEA PETTIT be retained in the office of Judge of the District Court of the Third Judicial District?,,,YES,239
Summit,LPNW9:3,Shall KARA LEA PETTIT be retained in the office of Judge of the District Court of the Third Judicial District?,,,YES,266
Summit,MHW40:32,Shall KARA LEA PETTIT be retained in the office of Judge of the District Court of the Third Judicial District?,,,YES,360
Summit,MTCR59:10,Shall KARA LEA PETTIT be retained in the office of Judge of the District Court of the Third Judicial District?,,,YES,0
Summit,MTRS55:25,Shall KARA LEA PETTIT be retained in the office of Judge of the District Court of the Third Judicial District?,,,YES,91
Summit,NSN24:10,Shall KARA LEA PETTIT be retained in the office of Judge of the District Court of the Third Judicial District?,,,YES,110
Summit,OAKN14:10,Shall KARA LEA PETTIT be retained in the office of Judge of the District Court of the Third Judicial District?,,,YES,206
Summit,OAKS14:25,Shall KARA LEA PETTIT be retained in the office of Judge of the District Court of the Third Judicial District?,,,YES,282
Summit,OLDN32:1,Shall KARA LEA PETTIT be retained in the office of Judge of the District Court of the Third Judicial District?,,,YES,163
Summit,OLDS2:1,Shall KARA LEA PETTIT be retained in the office of Judge of the District Court of the Third Judicial District?,,,YES,90
Summit,PARS7:25,Shall KARA LEA PETTIT be retained in the office of Judge of the District Court of the Third Judicial District?,,,YES,123
Summit,PARW7:32,Shall KARA LEA PETTIT be retained in the office of Judge of the District Court of the Third Judicial District?,,,YES,430
Summit,PEOA15:20,Shall KARA LEA PETTIT be retained in the office of Judge of the District Court of the Third Judicial District?,,,YES,96
Summit,PEW51:10,Shall KARA LEA PETTIT be retained in the office of Judge of the District Court of the Third Judicial District?,,,YES,18
Summit,PEW51:NS5,Shall KARA LEA PETTIT be retained in the office of Judge of the District Court of the Third Judicial District?,,,YES,0
Summit,PINN39:32,Shall KARA LEA PETTIT be retained in the office of Judge of the District Court of the Third Judicial District?,,,YES,344
Summit,PKMN35:1,Shall KARA LEA PETTIT be retained in the office of Judge of the District Court of the Third Judicial District?,,,YES,385
Summit,PKMS5:1,Shall KARA LEA PETTIT be retained in the office of Judge of the District Court of the Third Judicial District?,,,YES,277
Summit,PRG45:32,Shall KARA LEA PETTIT be retained in the office of Judge of the District Court of the Third Judicial District?,,,YES,124
Summit,PRG45:S4A,Shall KARA LEA PETTIT be retained in the office of Judge of the District Court of the Third Judicial District?,,,YES,0
Summit,PRG45:S4B,Shall KARA LEA PETTIT be retained in the office of Judge of the District Court of the Third Judicial District?,,,YES,0
Summit,PRG45:S4C,Shall KARA LEA PETTIT be retained in the office of Judge of the District Court of the Third Judicial District?,,,YES,0
Summit,PRM48:10,Shall KARA LEA PETTIT be retained in the office of Judge of the District Court of the Third Judicial District?,,,YES,402
Summit,PRM48:N5A,Shall KARA LEA PETTIT be retained in the office of Judge of the District Court of the Third Judicial District?,,,YES,8
Summit,PRM48:N5B,Shall KARA LEA PETTIT be retained in the office of Judge of the District Court of the Third Judicial District?,,,YES,0
Summit,PROS3:1,Shall KARA LEA PETTIT be retained in the office of Judge of the District Court of the Third Judicial District?,,,YES,174
Summit,QUAR6:1,Shall KARA LEA PETTIT be retained in the office of Judge of the District Court of the Third Judicial District?,,,YES,307
Summit,RANS36:32,Shall KARA LEA PETTIT be retained in the office of Judge of the District Court of the Third Judicial District?,,,YES,134
Summit,RNDV47:10,Shall KARA LEA PETTIT be retained in the office of Judge of the District Court of the Third Judicial District?,,,YES,0
Summit,ROCP54:10,Shall KARA LEA PETTIT be retained in the office of Judge of the District Court of the Third Judicial District?,,,YES,55
Summit,ROCP54:S4,Shall KARA LEA PETTIT be retained in the office of Judge of the District Court of the Third Judicial District?,,,YES,0
Summit,RPL26:32,Shall KARA LEA PETTIT be retained in the office of Judge of the District Court of the Third Judicial District?,,,YES,355
Summit,SCRL44:31,Shall KARA LEA PETTIT be retained in the office of Judge of the District Court of the Third Judicial District?,,,YES,254
Summit,SCRU8:31,Shall KARA LEA PETTIT be retained in the office of Judge of the District Court of the Third Judicial District?,,,YES,171
Summit,SCRU8:NS5,Shall KARA LEA PETTIT be retained in the office of Judge of the District Court of the Third Judicial District?,,,YES,16
Summit,SFCC57:10,Shall KARA LEA PETTIT be retained in the office of Judge of the District Court of the Third Judicial District?,,,YES,0
Summit,SIDE33:1,Shall KARA LEA PETTIT be retained in the office of Judge of the District Court of the Third Judicial District?,,,YES,183
Summit,SLVR16:32,Shall KARA LEA PETTIT be retained in the office of Judge of the District Court of the Third Judicial District?,,,YES,340
Summit,SML42:32,Shall KARA LEA PETTIT be retained in the office of Judge of the District Court of the Third Judicial District?,,,YES,320
Summit,SSE13:20,Shall KARA LEA PETTIT be retained in the office of Judge of the District Court of the Third Judicial District?,,,YES,241
Summit,SSS11:20,Shall KARA LEA PETTIT be retained in the office of Judge of the District Court of the Third Judicial District?,,,YES,156
Summit,SSW22:20,Shall KARA LEA PETTIT be retained in the office of Judge of the District Court of the Third Judicial District?,,,YES,177
Summit,SUME30:32,Shall KARA LEA PETTIT be retained in the office of Judge of the District Court of the Third Judicial District?,,,YES,366
Summit,SUMW10:32,Shall KARA LEA PETTIT be retained in the office of Judge of the District Court of the Third Judicial District?,,,YES,247
Summit,THAY4:1,Shall KARA LEA PETTIT be retained in the office of Judge of the District Court of the Third Judicial District?,,,YES,214
Summit,UINT52:10,Shall KARA LEA PETTIT be retained in the office of Judge of the District Court of the Third Judicial District?,,,YES,0
Summit,UPIN41:32,Shall KARA LEA PETTIT be retained in the office of Judge of the District Court of the Third Judicial District?,,,YES,198
Summit,WAGN29:32,Shall KARA LEA PETTIT be retained in the office of Judge of the District Court of the Third Judicial District?,,,YES,198
Summit,WANE17:10,Shall KARA LEA PETTIT be retained in the office of Judge of the District Court of the Third Judicial District?,,,YES,251
Summit,WANE17:S4,Shall KARA LEA PETTIT be retained in the office of Judge of the District Court of the Third Judicial District?,,,YES,0
Summit,WNW17:2,Shall KARA LEA PETTIT be retained in the office of Judge of the District Court of the Third Judicial District?,,,YES,150
Summit,WNW17:P4A,Shall KARA LEA PETTIT be retained in the office of Judge of the District Court of the Third Judicial District?,,,YES,0
Summit,WNW17:P4B,Shall KARA LEA PETTIT be retained in the office of Judge of the District Court of the Third Judicial District?,,,YES,0
Summit,WEBC21:20,Shall KARA LEA PETTIT be retained in the office of Judge of the District Court of the Third Judicial District?,,,YES,139
Summit,BTNN34:25,Shall KARA LEA PETTIT be retained in the office of Judge of the District Court of the Third Judicial District?,,,NO,61
Summit,BTNS34:10,Shall KARA LEA PETTIT be retained in the office of Judge of the District Court of the Third Judicial District?,,,NO,46
Summit,CCRK20:10,Shall KARA LEA PETTIT be retained in the office of Judge of the District Court of the Third Judicial District?,,,NO,77
Summit,CLN19:10,Shall KARA LEA PETTIT be retained in the office of Judge of the District Court of the Third Judicial District?,,,NO,97
Summit,CLS19:25,Shall KARA LEA PETTIT be retained in the office of Judge of the District Court of the Third Judicial District?,,,NO,81
Summit,COLN56:10,Shall KARA LEA PETTIT be retained in the office of Judge of the District Court of the Third Judicial District?,,,NO,0
Summit,DVN1:1,Shall KARA LEA PETTIT be retained in the office of Judge of the District Court of the Third Judicial District?,,,NO,113
Summit,DVS31:1,Shall KARA LEA PETTIT be retained in the office of Judge of the District Court of the Third Judicial District?,,,NO,76
Summit,ECOR46:10,Shall KARA LEA PETTIT be retained in the office of Judge of the District Court of the Third Judicial District?,,,NO,0
Summit,ECOR46:50,Shall KARA LEA PETTIT be retained in the office of Judge of the District Court of the Third Judicial District?,,,NO,0
Summit,FRAE28:25,Shall KARA LEA PETTIT be retained in the office of Judge of the District Court of the Third Judicial District?,,,NO,84
Summit,FRAW28:10,Shall KARA LEA PETTIT be retained in the office of Judge of the District Court of the Third Judicial District?,,,NO,129
Summit,GARF58:10,Shall KARA LEA PETTIT be retained in the office of Judge of the District Court of the Third Judicial District?,,,NO,0
Summit,HEE38:32,Shall KARA LEA PETTIT be retained in the office of Judge of the District Court of the Third Judicial District?,,,NO,98
Summit,HEN25:1,Shall KARA LEA PETTIT be retained in the office of Judge of the District Court of the Third Judicial District?,,,NO,119
Summit,HEW23:32,Shall KARA LEA PETTIT be retained in the office of Judge of the District Court of the Third Judicial District?,,,NO,105
Summit,HOYT18:10,Shall KARA LEA PETTIT be retained in the office of Judge of the District Court of the Third Judicial District?,,,NO,148
Summit,IFOR49:10,Shall KARA LEA PETTIT be retained in the office of Judge of the District Court of the Third Judicial District?,,,NO,0
Summit,JERE37:32,Shall KARA LEA PETTIT be retained in the office of Judge of the District Court of the Third Judicial District?,,,NO,86
Summit,JERW27:32,Shall KARA LEA PETTIT be retained in the office of Judge of the District Court of the Third Judicial District?,,,NO,91
Summit,KAMN12:10,Shall KARA LEA PETTIT be retained in the office of Judge of the District Court of the Third Judicial District?,,,NO,122
Summit,KAMS12:25,Shall KARA LEA PETTIT be retained in the office of Judge of the District Court of the Third Judicial District?,,,NO,111
Summit,KCYN43:32,Shall KARA LEA PETTIT be retained in the office of Judge of the District Court of the Third Judicial District?,,,NO,18
Summit,LPNE9:15,Shall KARA LEA PETTIT be retained in the office of Judge of the District Court of the Third Judicial District?,,,NO,75
Summit,LPNW9:3,Shall KARA LEA PETTIT be retained in the office of Judge of the District Court of the Third Judicial District?,,,NO,74
Summit,MHW40:32,Shall KARA LEA PETTIT be retained in the office of Judge of the District Court of the Third Judicial District?,,,NO,91
Summit,MTCR59:10,Shall KARA LEA PETTIT be retained in the office of Judge of the District Court of the Third Judicial District?,,,NO,0
Summit,MTRS55:25,Shall KARA LEA PETTIT be retained in the office of Judge of the District Court of the Third Judicial District?,,,NO,25
Summit,NSN24:10,Shall KARA LEA PETTIT be retained in the office of Judge of the District Court of the Third Judicial District?,,,NO,47
Summit,OAKN14:10,Shall KARA LEA PETTIT be retained in the office of Judge of the District Court of the Third Judicial District?,,,NO,87
Summit,OAKS14:25,Shall KARA LEA PETTIT be retained in the office of Judge of the District Court of the Third Judicial District?,,,NO,88
Summit,OLDN32:1,Shall KARA LEA PETTIT be retained in the office of Judge of the District Court of the Third Judicial District?,,,NO,46
Summit,OLDS2:1,Shall KARA LEA PETTIT be retained in the office of Judge of the District Court of the Third Judicial District?,,,NO,27
Summit,PARS7:25,Shall KARA LEA PETTIT be retained in the office of Judge of the District Court of the Third Judicial District?,,,NO,40
Summit,PARW7:32,Shall KARA LEA PETTIT be retained in the office of Judge of the District Court of the Third Judicial District?,,,NO,139
Summit,PEOA15:20,Shall KARA LEA PETTIT be retained in the office of Judge of the District Court of the Third Judicial District?,,,NO,61
Summit,PEW51:10,Shall KARA LEA PETTIT be retained in the office of Judge of the District Court of the Third Judicial District?,,,NO,3
Summit,PEW51:NS5,Shall KARA LEA PETTIT be retained in the office of Judge of the District Court of the Third Judicial District?,,,NO,0
Summit,PINN39:32,Shall KARA LEA PETTIT be retained in the office of Judge of the District Court of the Third Judicial District?,,,NO,67
Summit,PKMN35:1,Shall KARA LEA PETTIT be retained in the office of Judge of the District Court of the Third Judicial District?,,,NO,67
Summit,PKMS5:1,Shall KARA LEA PETTIT be retained in the office of Judge of the District Court of the Third Judicial District?,,,NO,49
Summit,PRG45:32,Shall KARA LEA PETTIT be retained in the office of Judge of the District Court of the Third Judicial District?,,,NO,28
Summit,PRG45:S4A,Shall KARA LEA PETTIT be retained in the office of Judge of the District Court of the Third Judicial District?,,,NO,0
Summit,PRG45:S4B,Shall KARA LEA PETTIT be retained in the office of Judge of the District Court of the Third Judicial District?,,,NO,0
Summit,PRG45:S4C,Shall KARA LEA PETTIT be retained in the office of Judge of the District Court of the Third Judicial District?,,,NO,0
Summit,PRM48:10,Shall KARA LEA PETTIT be retained in the office of Judge of the District Court of the Third Judicial District?,,,NO,108
Summit,PRM48:N5A,Shall KARA LEA PETTIT be retained in the office of Judge of the District Court of the Third Judicial District?,,,NO,2
Summit,PRM48:N5B,Shall KARA LEA PETTIT be retained in the office of Judge of the District Court of the Third Judicial District?,,,NO,0
Summit,PROS3:1,Shall KARA LEA PETTIT be retained in the office of Judge of the District Court of the Third Judicial District?,,,NO,41
Summit,QUAR6:1,Shall KARA LEA PETTIT be retained in the office of Judge of the District Court of the Third Judicial District?,,,NO,89
Summit,RANS36:32,Shall KARA LEA PETTIT be retained in the office of Judge of the District Court of the Third Judicial District?,,,NO,24
Summit,RNDV47:10,Shall KARA LEA PETTIT be retained in the office of Judge of the District Court of the Third Judicial District?,,,NO,0
Summit,ROCP54:10,Shall KARA LEA PETTIT be retained in the office of Judge of the District Court of the Third Judicial District?,,,NO,10
Summit,ROCP54:S4,Shall KARA LEA PETTIT be retained in the office of Judge of the District Court of the Third Judicial District?,,,NO,0
Summit,RPL26:32,Shall KARA LEA PETTIT be retained in the office of Judge of the District Court of the Third Judicial District?,,,NO,92
Summit,SCRL44:31,Shall KARA LEA PETTIT be retained in the office of Judge of the District Court of the Third Judicial District?,,,NO,89
Summit,SCRU8:31,Shall KARA LEA PETTIT be retained in the office of Judge of the District Court of the Third Judicial District?,,,NO,82
Summit,SCRU8:NS5,Shall KARA LEA PETTIT be retained in the office of Judge of the District Court of the Third Judicial District?,,,NO,1
Summit,SFCC57:10,Shall KARA LEA PETTIT be retained in the office of Judge of the District Court of the Third Judicial District?,,,NO,0
Summit,SIDE33:1,Shall KARA LEA PETTIT be retained in the office of Judge of the District Court of the Third Judicial District?,,,NO,55
Summit,SLVR16:32,Shall KARA LEA PETTIT be retained in the office of Judge of the District Court of the Third Judicial District?,,,NO,74
Summit,SML42:32,Shall KARA LEA PETTIT be retained in the office of Judge of the District Court of the Third Judicial District?,,,NO,69
Summit,SSE13:20,Shall KARA LEA PETTIT be retained in the office of Judge of the District Court of the Third Judicial District?,,,NO,129
Summit,SSS11:20,Shall KARA LEA PETTIT be retained in the office of Judge of the District Court of the Third Judicial District?,,,NO,109
Summit,SSW22:20,Shall KARA LEA PETTIT be retained in the office of Judge of the District Court of the Third Judicial District?,,,NO,84
Summit,SUME30:32,Shall KARA LEA PETTIT be retained in the office of Judge of the District Court of the Third Judicial District?,,,NO,101
Summit,SUMW10:32,Shall KARA LEA PETTIT be retained in the office of Judge of the District Court of the Third Judicial District?,,,NO,81
Summit,THAY4:1,Shall KARA LEA PETTIT be retained in the office of Judge of the District Court of the Third Judicial District?,,,NO,62
Summit,UINT52:10,Shall KARA LEA PETTIT be retained in the office of Judge of the District Court of the Third Judicial District?,,,NO,0
Summit,UPIN41:32,Shall KARA LEA PETTIT be retained in the office of Judge of the District Court of the Third Judicial District?,,,NO,31
Summit,WAGN29:32,Shall KARA LEA PETTIT be retained in the office of Judge of the District Court of the Third Judicial District?,,,NO,47
Summit,WANE17:10,Shall KARA LEA PETTIT be retained in the office of Judge of the District Court of the Third Judicial District?,,,NO,101
Summit,WANE17:S4,Shall KARA LEA PETTIT be retained in the office of Judge of the District Court of the Third Judicial District?,,,NO,0
Summit,WNW17:2,Shall KARA LEA PETTIT be retained in the office of Judge of the District Court of the Third Judicial District?,,,NO,59
Summit,WNW17:P4A,Shall KARA LEA PETTIT be retained in the office of Judge of the District Court of the Third Judicial District?,,,NO,0
Summit,WNW17:P4B,Shall KARA LEA PETTIT be retained in the office of Judge of the District Court of the Third Judicial District?,,,NO,0
Summit,WEBC21:20,Shall KARA LEA PETTIT be retained in the office of Judge of the District Court of the Third Judicial District?,,,NO,51
Summit,BTNN34:25,Shall LAURA S. SCOTT be retained in the office of Judge of the District Court of the Third Judicial District?,,,YES,243
Summit,BTNS34:10,Shall LAURA S. SCOTT be retained in the office of Judge of the District Court of the Third Judicial District?,,,YES,198
Summit,CCRK20:10,Shall LAURA S. SCOTT be retained in the office of Judge of the District Court of the Third Judicial District?,,,YES,144
Summit,CLN19:10,Shall LAURA S. SCOTT be retained in the office of Judge of the District Court of the Third Judicial District?,,,YES,248
Summit,CLS19:25,Shall LAURA S. SCOTT be retained in the office of Judge of the District Court of the Third Judicial District?,,,YES,197
Summit,COLN56:10,Shall LAURA S. SCOTT be retained in the office of Judge of the District Court of the Third Judicial District?,,,YES,0
Summit,DVN1:1,Shall LAURA S. SCOTT be retained in the office of Judge of the District Court of the Third Judicial District?,,,YES,435
Summit,DVS31:1,Shall LAURA S. SCOTT be retained in the office of Judge of the District Court of the Third Judicial District?,,,YES,319
Summit,ECOR46:10,Shall LAURA S. SCOTT be retained in the office of Judge of the District Court of the Third Judicial District?,,,YES,0
Summit,ECOR46:50,Shall LAURA S. SCOTT be retained in the office of Judge of the District Court of the Third Judicial District?,,,YES,0
Summit,FRAE28:25,Shall LAURA S. SCOTT be retained in the office of Judge of the District Court of the Third Judicial District?,,,YES,186
Summit,FRAW28:10,Shall LAURA S. SCOTT be retained in the office of Judge of the District Court of the Third Judicial District?,,,YES,353
Summit,GARF58:10,Shall LAURA S. SCOTT be retained in the office of Judge of the District Court of the Third Judicial District?,,,YES,0
Summit,HEE38:32,Shall LAURA S. SCOTT be retained in the office of Judge of the District Court of the Third Judicial District?,,,YES,400
Summit,HEN25:1,Shall LAURA S. SCOTT be retained in the office of Judge of the District Court of the Third Judicial District?,,,YES,292
Summit,HEW23:32,Shall LAURA S. SCOTT be retained in the office of Judge of the District Court of the Third Judicial District?,,,YES,303
Summit,HOYT18:10,Shall LAURA S. SCOTT be retained in the office of Judge of the District Court of the Third Judicial District?,,,YES,302
Summit,IFOR49:10,Shall LAURA S. SCOTT be retained in the office of Judge of the District Court of the Third Judicial District?,,,YES,0
Summit,JERE37:32,Shall LAURA S. SCOTT be retained in the office of Judge of the District Court of the Third Judicial District?,,,YES,436
Summit,JERW27:32,Shall LAURA S. SCOTT be retained in the office of Judge of the District Court of the Third Judicial District?,,,YES,412
Summit,KAMN12:10,Shall LAURA S. SCOTT be retained in the office of Judge of the District Court of the Third Judicial District?,,,YES,327
Summit,KAMS12:25,Shall LAURA S. SCOTT be retained in the office of Judge of the District Court of the Third Judicial District?,,,YES,274
Summit,KCYN43:32,Shall LAURA S. SCOTT be retained in the office of Judge of the District Court of the Third Judicial District?,,,YES,118
Summit,LPNE9:15,Shall LAURA S. SCOTT be retained in the office of Judge of the District Court of the Third Judicial District?,,,YES,259
Summit,LPNW9:3,Shall LAURA S. SCOTT be retained in the office of Judge of the District Court of the Third Judicial District?,,,YES,289
Summit,MHW40:32,Shall LAURA S. SCOTT be retained in the office of Judge of the District Court of the Third Judicial District?,,,YES,386
Summit,MTCR59:10,Shall LAURA S. SCOTT be retained in the office of Judge of the District Court of the Third Judicial District?,,,YES,0
Summit,MTRS55:25,Shall LAURA S. SCOTT be retained in the office of Judge of the District Court of the Third Judicial District?,,,YES,103
Summit,NSN24:10,Shall LAURA S. SCOTT be retained in the office of Judge of the District Court of the Third Judicial District?,,,YES,120
Summit,OAKN14:10,Shall LAURA S. SCOTT be retained in the office of Judge of the District Court of the Third Judicial District?,,,YES,223
Summit,OAKS14:25,Shall LAURA S. SCOTT be retained in the office of Judge of the District Court of the Third Judicial District?,,,YES,294
Summit,OLDN32:1,Shall LAURA S. SCOTT be retained in the office of Judge of the District Court of the Third Judicial District?,,,YES,180
Summit,OLDS2:1,Shall LAURA S. SCOTT be retained in the office of Judge of the District Court of the Third Judicial District?,,,YES,95
Summit,PARS7:25,Shall LAURA S. SCOTT be retained in the office of Judge of the District Court of the Third Judicial District?,,,YES,136
Summit,PARW7:32,Shall LAURA S. SCOTT be retained in the office of Judge of the District Court of the Third Judicial District?,,,YES,464
Summit,PEOA15:20,Shall LAURA S. SCOTT be retained in the office of Judge of the District Court of the Third Judicial District?,,,YES,102
Summit,PEW51:10,Shall LAURA S. SCOTT be retained in the office of Judge of the District Court of the Third Judicial District?,,,YES,15
Summit,PEW51:NS5,Shall LAURA S. SCOTT be retained in the office of Judge of the District Court of the Third Judicial District?,,,YES,0
Summit,PINN39:32,Shall LAURA S. SCOTT be retained in the office of Judge of the District Court of the Third Judicial District?,,,YES,359
Summit,PKMN35:1,Shall LAURA S. SCOTT be retained in the office of Judge of the District Court of the Third Judicial District?,,,YES,408
Summit,PKMS5:1,Shall LAURA S. SCOTT be retained in the office of Judge of the District Court of the Third Judicial District?,,,YES,288
Summit,PRG45:32,Shall LAURA S. SCOTT be retained in the office of Judge of the District Court of the Third Judicial District?,,,YES,140
Summit,PRG45:S4A,Shall LAURA S. SCOTT be retained in the office of Judge of the District Court of the Third Judicial District?,,,YES,0
Summit,PRG45:S4B,Shall LAURA S. SCOTT be retained in the office of Judge of the District Court of the Third Judicial District?,,,YES,0
Summit,PRG45:S4C,Shall LAURA S. SCOTT be retained in the office of Judge of the District Court of the Third Judicial District?,,,YES,0
Summit,PRM48:10,Shall LAURA S. SCOTT be retained in the office of Judge of the District Court of the Third Judicial District?,,,YES,426
Summit,PRM48:N5A,Shall LAURA S. SCOTT be retained in the office of Judge of the District Court of the Third Judicial District?,,,YES,8
Summit,PRM48:N5B,Shall LAURA S. SCOTT be retained in the office of Judge of the District Court of the Third Judicial District?,,,YES,0
Summit,PROS3:1,Shall LAURA S. SCOTT be retained in the office of Judge of the District Court of the Third Judicial District?,,,YES,178
Summit,QUAR6:1,Shall LAURA S. SCOTT be retained in the office of Judge of the District Court of the Third Judicial District?,,,YES,324
Summit,RANS36:32,Shall LAURA S. SCOTT be retained in the office of Judge of the District Court of the Third Judicial District?,,,YES,135
Summit,RNDV47:10,Shall LAURA S. SCOTT be retained in the office of Judge of the District Court of the Third Judicial District?,,,YES,0
Summit,ROCP54:10,Shall LAURA S. SCOTT be retained in the office of Judge of the District Court of the Third Judicial District?,,,YES,55
Summit,ROCP54:S4,Shall LAURA S. SCOTT be retained in the office of Judge of the District Court of the Third Judicial District?,,,YES,0
Summit,RPL26:32,Shall LAURA S. SCOTT be retained in the office of Judge of the District Court of the Third Judicial District?,,,YES,388
Summit,SCRL44:31,Shall LAURA S. SCOTT be retained in the office of Judge of the District Court of the Third Judicial District?,,,YES,282
Summit,SCRU8:31,Shall LAURA S. SCOTT be retained in the office of Judge of the District Court of the Third Judicial District?,,,YES,187
Summit,SCRU8:NS5,Shall LAURA S. SCOTT be retained in the office of Judge of the District Court of the Third Judicial District?,,,YES,16
Summit,SFCC57:10,Shall LAURA S. SCOTT be retained in the office of Judge of the District Court of the Third Judicial District?,,,YES,0
Summit,SIDE33:1,Shall LAURA S. SCOTT be retained in the office of Judge of the District Court of the Third Judicial District?,,,YES,194
Summit,SLVR16:32,Shall LAURA S. SCOTT be retained in the office of Judge of the District Court of the Third Judicial District?,,,YES,362
Summit,SML42:32,Shall LAURA S. SCOTT be retained in the office of Judge of the District Court of the Third Judicial District?,,,YES,349
Summit,SSE13:20,Shall LAURA S. SCOTT be retained in the office of Judge of the District Court of the Third Judicial District?,,,YES,261
Summit,SSS11:20,Shall LAURA S. SCOTT be retained in the office of Judge of the District Court of the Third Judicial District?,,,YES,174
Summit,SSW22:20,Shall LAURA S. SCOTT be retained in the office of Judge of the District Court of the Third Judicial District?,,,YES,194
Summit,SUME30:32,Shall LAURA S. SCOTT be retained in the office of Judge of the District Court of the Third Judicial District?,,,YES,396
Summit,SUMW10:32,Shall LAURA S. SCOTT be retained in the office of Judge of the District Court of the Third Judicial District?,,,YES,269
Summit,THAY4:1,Shall LAURA S. SCOTT be retained in the office of Judge of the District Court of the Third Judicial District?,,,YES,238
Summit,UINT52:10,Shall LAURA S. SCOTT be retained in the office of Judge of the District Court of the Third Judicial District?,,,YES,0
Summit,UPIN41:32,Shall LAURA S. SCOTT be retained in the office of Judge of the District Court of the Third Judicial District?,,,YES,210
Summit,WAGN29:32,Shall LAURA S. SCOTT be retained in the office of Judge of the District Court of the Third Judicial District?,,,YES,213
Summit,WANE17:10,Shall LAURA S. SCOTT be retained in the office of Judge of the District Court of the Third Judicial District?,,,YES,268
Summit,WANE17:S4,Shall LAURA S. SCOTT be retained in the office of Judge of the District Court of the Third Judicial District?,,,YES,0
Summit,WNW17:2,Shall LAURA S. SCOTT be retained in the office of Judge of the District Court of the Third Judicial District?,,,YES,161
Summit,WNW17:P4A,Shall LAURA S. SCOTT be retained in the office of Judge of the District Court of the Third Judicial District?,,,YES,0
Summit,WNW17:P4B,Shall LAURA S. SCOTT be retained in the office of Judge of the District Court of the Third Judicial District?,,,YES,0
Summit,WEBC21:20,Shall LAURA S. SCOTT be retained in the office of Judge of the District Court of the Third Judicial District?,,,YES,143
Summit,BTNN34:25,Shall LAURA S. SCOTT be retained in the office of Judge of the District Court of the Third Judicial District?,,,NO,51
Summit,BTNS34:10,Shall LAURA S. SCOTT be retained in the office of Judge of the District Court of the Third Judicial District?,,,NO,38
Summit,CCRK20:10,Shall LAURA S. SCOTT be retained in the office of Judge of the District Court of the Third Judicial District?,,,NO,69
Summit,CLN19:10,Shall LAURA S. SCOTT be retained in the office of Judge of the District Court of the Third Judicial District?,,,NO,82
Summit,CLS19:25,Shall LAURA S. SCOTT be retained in the office of Judge of the District Court of the Third Judicial District?,,,NO,69
Summit,COLN56:10,Shall LAURA S. SCOTT be retained in the office of Judge of the District Court of the Third Judicial District?,,,NO,0
Summit,DVN1:1,Shall LAURA S. SCOTT be retained in the office of Judge of the District Court of the Third Judicial District?,,,NO,89
Summit,DVS31:1,Shall LAURA S. SCOTT be retained in the office of Judge of the District Court of the Third Judicial District?,,,NO,45
Summit,ECOR46:10,Shall LAURA S. SCOTT be retained in the office of Judge of the District Court of the Third Judicial District?,,,NO,0
Summit,ECOR46:50,Shall LAURA S. SCOTT be retained in the office of Judge of the District Court of the Third Judicial District?,,,NO,0
Summit,FRAE28:25,Shall LAURA S. SCOTT be retained in the office of Judge of the District Court of the Third Judicial District?,,,NO,78
Summit,FRAW28:10,Shall LAURA S. SCOTT be retained in the office of Judge of the District Court of the Third Judicial District?,,,NO,98
Summit,GARF58:10,Shall LAURA S. SCOTT be retained in the office of Judge of the District Court of the Third Judicial District?,,,NO,0
Summit,HEE38:32,Shall LAURA S. SCOTT be retained in the office of Judge of the District Court of the Third Judicial District?,,,NO,76
Summit,HEN25:1,Shall LAURA S. SCOTT be retained in the office of Judge of the District Court of the Third Judicial District?,,,NO,92
Summit,HEW23:32,Shall LAURA S. SCOTT be retained in the office of Judge of the District Court of the Third Judicial District?,,,NO,83
Summit,HOYT18:10,Shall LAURA S. SCOTT be retained in the office of Judge of the District Court of the Third Judicial District?,,,NO,123
Summit,IFOR49:10,Shall LAURA S. SCOTT be retained in the office of Judge of the District Court of the Third Judicial District?,,,NO,0
Summit,JERE37:32,Shall LAURA S. SCOTT be retained in the office of Judge of the District Court of the Third Judicial District?,,,NO,61
Summit,JERW27:32,Shall LAURA S. SCOTT be retained in the office of Judge of the District Court of the Third Judicial District?,,,NO,59
Summit,KAMN12:10,Shall LAURA S. SCOTT be retained in the office of Judge of the District Court of the Third Judicial District?,,,NO,111
Summit,KAMS12:25,Shall LAURA S. SCOTT be retained in the office of Judge of the District Court of the Third Judicial District?,,,NO,96
Summit,KCYN43:32,Shall LAURA S. SCOTT be retained in the office of Judge of the District Court of the Third Judicial District?,,,NO,11
Summit,LPNE9:15,Shall LAURA S. SCOTT be retained in the office of Judge of the District Court of the Third Judicial District?,,,NO,54
Summit,LPNW9:3,Shall LAURA S. SCOTT be retained in the office of Judge of the District Court of the Third Judicial District?,,,NO,51
Summit,MHW40:32,Shall LAURA S. SCOTT be retained in the office of Judge of the District Court of the Third Judicial District?,,,NO,71
Summit,MTCR59:10,Shall LAURA S. SCOTT be retained in the office of Judge of the District Court of the Third Judicial District?,,,NO,0
Summit,MTRS55:25,Shall LAURA S. SCOTT be retained in the office of Judge of the District Court of the Third Judicial District?,,,NO,13
Summit,NSN24:10,Shall LAURA S. SCOTT be retained in the office of Judge of the District Court of the Third Judicial District?,,,NO,36
Summit,OAKN14:10,Shall LAURA S. SCOTT be retained in the office of Judge of the District Court of the Third Judicial District?,,,NO,74
Summit,OAKS14:25,Shall LAURA S. SCOTT be retained in the office of Judge of the District Court of the Third Judicial District?,,,NO,78
Summit,OLDN32:1,Shall LAURA S. SCOTT be retained in the office of Judge of the District Court of the Third Judicial District?,,,NO,31
Summit,OLDS2:1,Shall LAURA S. SCOTT be retained in the office of Judge of the District Court of the Third Judicial District?,,,NO,22
Summit,PARS7:25,Shall LAURA S. SCOTT be retained in the office of Judge of the District Court of the Third Judicial District?,,,NO,29
Summit,PARW7:32,Shall LAURA S. SCOTT be retained in the office of Judge of the District Court of the Third Judicial District?,,,NO,105
Summit,PEOA15:20,Shall LAURA S. SCOTT be retained in the office of Judge of the District Court of the Third Judicial District?,,,NO,53
Summit,PEW51:10,Shall LAURA S. SCOTT be retained in the office of Judge of the District Court of the Third Judicial District?,,,NO,5
Summit,PEW51:NS5,Shall LAURA S. SCOTT be retained in the office of Judge of the District Court of the Third Judicial District?,,,NO,0
Summit,PINN39:32,Shall LAURA S. SCOTT be retained in the office of Judge of the District Court of the Third Judicial District?,,,NO,52
Summit,PKMN35:1,Shall LAURA S. SCOTT be retained in the office of Judge of the District Court of the Third Judicial District?,,,NO,34
Summit,PKMS5:1,Shall LAURA S. SCOTT be retained in the office of Judge of the District Court of the Third Judicial District?,,,NO,36
Summit,PRG45:32,Shall LAURA S. SCOTT be retained in the office of Judge of the District Court of the Third Judicial District?,,,NO,11
Summit,PRG45:S4A,Shall LAURA S. SCOTT be retained in the office of Judge of the District Court of the Third Judicial District?,,,NO,0
Summit,PRG45:S4B,Shall LAURA S. SCOTT be retained in the office of Judge of the District Court of the Third Judicial District?,,,NO,0
Summit,PRG45:S4C,Shall LAURA S. SCOTT be retained in the office of Judge of the District Court of the Third Judicial District?,,,NO,0
Summit,PRM48:10,Shall LAURA S. SCOTT be retained in the office of Judge of the District Court of the Third Judicial District?,,,NO,83
Summit,PRM48:N5A,Shall LAURA S. SCOTT be retained in the office of Judge of the District Court of the Third Judicial District?,,,NO,2
Summit,PRM48:N5B,Shall LAURA S. SCOTT be retained in the office of Judge of the District Court of the Third Judicial District?,,,NO,0
Summit,PROS3:1,Shall LAURA S. SCOTT be retained in the office of Judge of the District Court of the Third Judicial District?,,,NO,38
Summit,QUAR6:1,Shall LAURA S. SCOTT be retained in the office of Judge of the District Court of the Third Judicial District?,,,NO,67
Summit,RANS36:32,Shall LAURA S. SCOTT be retained in the office of Judge of the District Court of the Third Judicial District?,,,NO,19
Summit,RNDV47:10,Shall LAURA S. SCOTT be retained in the office of Judge of the District Court of the Third Judicial District?,,,NO,0
Summit,ROCP54:10,Shall LAURA S. SCOTT be retained in the office of Judge of the District Court of the Third Judicial District?,,,NO,10
Summit,ROCP54:S4,Shall LAURA S. SCOTT be retained in the office of Judge of the District Court of the Third Judicial District?,,,NO,0
Summit,RPL26:32,Shall LAURA S. SCOTT be retained in the office of Judge of the District Court of the Third Judicial District?,,,NO,60
Summit,SCRL44:31,Shall LAURA S. SCOTT be retained in the office of Judge of the District Court of the Third Judicial District?,,,NO,63
Summit,SCRU8:31,Shall LAURA S. SCOTT be retained in the office of Judge of the District Court of the Third Judicial District?,,,NO,65
Summit,SCRU8:NS5,Shall LAURA S. SCOTT be retained in the office of Judge of the District Court of the Third Judicial District?,,,NO,1
Summit,SFCC57:10,Shall LAURA S. SCOTT be retained in the office of Judge of the District Court of the Third Judicial District?,,,NO,0
Summit,SIDE33:1,Shall LAURA S. SCOTT be retained in the office of Judge of the District Court of the Third Judicial District?,,,NO,44
Summit,SLVR16:32,Shall LAURA S. SCOTT be retained in the office of Judge of the District Court of the Third Judicial District?,,,NO,49
Summit,SML42:32,Shall LAURA S. SCOTT be retained in the office of Judge of the District Court of the Third Judicial District?,,,NO,47
Summit,SSE13:20,Shall LAURA S. SCOTT be retained in the office of Judge of the District Court of the Third Judicial District?,,,NO,108
Summit,SSS11:20,Shall LAURA S. SCOTT be retained in the office of Judge of the District Court of the Third Judicial District?,,,NO,93
Summit,SSW22:20,Shall LAURA S. SCOTT be retained in the office of Judge of the District Court of the Third Judicial District?,,,NO,68
Summit,SUME30:32,Shall LAURA S. SCOTT be retained in the office of Judge of the District Court of the Third Judicial District?,,,NO,76
Summit,SUMW10:32,Shall LAURA S. SCOTT be retained in the office of Judge of the District Court of the Third Judicial District?,,,NO,59
Summit,THAY4:1,Shall LAURA S. SCOTT be retained in the office of Judge of the District Court of the Third Judicial District?,,,NO,42
Summit,UINT52:10,Shall LAURA S. SCOTT be retained in the office of Judge of the District Court of the Third Judicial District?,,,NO,0
Summit,UPIN41:32,Shall LAURA S. SCOTT be retained in the office of Judge of the District Court of the Third Judicial District?,,,NO,20
Summit,WAGN29:32,Shall LAURA S. SCOTT be retained in the office of Judge of the District Court of the Third Judicial District?,,,NO,34
Summit,WANE17:10,Shall LAURA S. SCOTT be retained in the office of Judge of the District Court of the Third Judicial District?,,,NO,84
Summit,WANE17:S4,Shall LAURA S. SCOTT be retained in the office of Judge of the District Court of the Third Judicial District?,,,NO,0
Summit,WNW17:2,Shall LAURA S. SCOTT be retained in the office of Judge of the District Court of the Third Judicial District?,,,NO,47
Summit,WNW17:P4A,Shall LAURA S. SCOTT be retained in the office of Judge of the District Court of the Third Judicial District?,,,NO,0
Summit,WNW17:P4B,Shall LAURA S. SCOTT be retained in the office of Judge of the District Court of the Third Judicial District?,,,NO,0
Summit,WEBC21:20,Shall LAURA S. SCOTT be retained in the office of Judge of the District Court of the Third Judicial District?,,,NO,47
Summit,BTNN34:25,Shall TERESA LYNN WELCH be retained in the office of Judge of the District Court of the Third Judicial District?,,,YES,238
Summit,BTNS34:10,Shall TERESA LYNN WELCH be retained in the office of Judge of the District Court of the Third Judicial District?,,,YES,208
Summit,CCRK20:10,Shall TERESA LYNN WELCH be retained in the office of Judge of the District Court of the Third Judicial District?,,,YES,140
Summit,CLN19:10,Shall TERESA LYNN WELCH be retained in the office of Judge of the District Court of the Third Judicial District?,,,YES,247
Summit,CLS19:25,Shall TERESA LYNN WELCH be retained in the office of Judge of the District Court of the Third Judicial District?,,,YES,204
Summit,COLN56:10,Shall TERESA LYNN WELCH be retained in the office of Judge of the District Court of the Third Judicial District?,,,YES,0
Summit,DVN1:1,Shall TERESA LYNN WELCH be retained in the office of Judge of the District Court of the Third Judicial District?,,,YES,425
Summit,DVS31:1,Shall TERESA LYNN WELCH be retained in the office of Judge of the District Court of the Third Judicial District?,,,YES,319
Summit,ECOR46:10,Shall TERESA LYNN WELCH be retained in the office of Judge of the District Court of the Third Judicial District?,,,YES,0
Summit,ECOR46:50,Shall TERESA LYNN WELCH be retained in the office of Judge of the District Court of the Third Judicial District?,,,YES,0
Summit,FRAE28:25,Shall TERESA LYNN WELCH be retained in the office of Judge of the District Court of the Third Judicial District?,,,YES,177
Summit,FRAW28:10,Shall TERESA LYNN WELCH be retained in the office of Judge of the District Court of the Third Judicial District?,,,YES,357
Summit,GARF58:10,Shall TERESA LYNN WELCH be retained in the office of Judge of the District Court of the Third Judicial District?,,,YES,0
Summit,HEE38:32,Shall TERESA LYNN WELCH be retained in the office of Judge of the District Court of the Third Judicial District?,,,YES,389
Summit,HEN25:1,Shall TERESA LYNN WELCH be retained in the office of Judge of the District Court of the Third Judicial District?,,,YES,288
Summit,HEW23:32,Shall TERESA LYNN WELCH be retained in the office of Judge of the District Court of the Third Judicial District?,,,YES,304
Summit,HOYT18:10,Shall TERESA LYNN WELCH be retained in the office of Judge of the District Court of the Third Judicial District?,,,YES,297
Summit,IFOR49:10,Shall TERESA LYNN WELCH be retained in the office of Judge of the District Court of the Third Judicial District?,,,YES,0
Summit,JERE37:32,Shall TERESA LYNN WELCH be retained in the office of Judge of the District Court of the Third Judicial District?,,,YES,435
Summit,JERW27:32,Shall TERESA LYNN WELCH be retained in the office of Judge of the District Court of the Third Judicial District?,,,YES,411
Summit,KAMN12:10,Shall TERESA LYNN WELCH be retained in the office of Judge of the District Court of the Third Judicial District?,,,YES,337
Summit,KAMS12:25,Shall TERESA LYNN WELCH be retained in the office of Judge of the District Court of the Third Judicial District?,,,YES,279
Summit,KCYN43:32,Shall TERESA LYNN WELCH be retained in the office of Judge of the District Court of the Third Judicial District?,,,YES,117
Summit,LPNE9:15,Shall TERESA LYNN WELCH be retained in the office of Judge of the District Court of the Third Judicial District?,,,YES,263
Summit,LPNW9:3,Shall TERESA LYNN WELCH be retained in the office of Judge of the District Court of the Third Judicial District?,,,YES,288
Summit,MHW40:32,Shall TERESA LYNN WELCH be retained in the office of Judge of the District Court of the Third Judicial District?,,,YES,385
Summit,MTCR59:10,Shall TERESA LYNN WELCH be retained in the office of Judge of the District Court of the Third Judicial District?,,,YES,0
Summit,MTRS55:25,Shall TERESA LYNN WELCH be retained in the office of Judge of the District Court of the Third Judicial District?,,,YES,100
Summit,NSN24:10,Shall TERESA LYNN WELCH be retained in the office of Judge of the District Court of the Third Judicial District?,,,YES,120
Summit,OAKN14:10,Shall TERESA LYNN WELCH be retained in the office of Judge of the District Court of the Third Judicial District?,,,YES,222
Summit,OAKS14:25,Shall TERESA LYNN WELCH be retained in the office of Judge of the District Court of the Third Judicial District?,,,YES,292
Summit,OLDN32:1,Shall TERESA LYNN WELCH be retained in the office of Judge of the District Court of the Third Judicial District?,,,YES,183
Summit,OLDS2:1,Shall TERESA LYNN WELCH be retained in the office of Judge of the District Court of the Third Judicial District?,,,YES,99
Summit,PARS7:25,Shall TERESA LYNN WELCH be retained in the office of Judge of the District Court of the Third Judicial District?,,,YES,140
Summit,PARW7:32,Shall TERESA LYNN WELCH be retained in the office of Judge of the District Court of the Third Judicial District?,,,YES,462
Summit,PEOA15:20,Shall TERESA LYNN WELCH be retained in the office of Judge of the District Court of the Third Judicial District?,,,YES,102
Summit,PEW51:10,Shall TERESA LYNN WELCH be retained in the office of Judge of the District Court of the Third Judicial District?,,,YES,16
Summit,PEW51:NS5,Shall TERESA LYNN WELCH be retained in the office of Judge of the District Court of the Third Judicial District?,,,YES,0
Summit,PINN39:32,Shall TERESA LYNN WELCH be retained in the office of Judge of the District Court of the Third Judicial District?,,,YES,361
Summit,PKMN35:1,Shall TERESA LYNN WELCH be retained in the office of Judge of the District Court of the Third Judicial District?,,,YES,405
Summit,PKMS5:1,Shall TERESA LYNN WELCH be retained in the office of Judge of the District Court of the Third Judicial District?,,,YES,290
Summit,PRG45:32,Shall TERESA LYNN WELCH be retained in the office of Judge of the District Court of the Third Judicial District?,,,YES,141
Summit,PRG45:S4A,Shall TERESA LYNN WELCH be retained in the office of Judge of the District Court of the Third Judicial District?,,,YES,0
Summit,PRG45:S4B,Shall TERESA LYNN WELCH be retained in the office of Judge of the District Court of the Third Judicial District?,,,YES,0
Summit,PRG45:S4C,Shall TERESA LYNN WELCH be retained in the office of Judge of the District Court of the Third Judicial District?,,,YES,0
Summit,PRM48:10,Shall TERESA LYNN WELCH be retained in the office of Judge of the District Court of the Third Judicial District?,,,YES,431
Summit,PRM48:N5A,Shall TERESA LYNN WELCH be retained in the office of Judge of the District Court of the Third Judicial District?,,,YES,8
Summit,PRM48:N5B,Shall TERESA LYNN WELCH be retained in the office of Judge of the District Court of the Third Judicial District?,,,YES,0
Summit,PROS3:1,Shall TERESA LYNN WELCH be retained in the office of Judge of the District Court of the Third Judicial District?,,,YES,186
Summit,QUAR6:1,Shall TERESA LYNN WELCH be retained in the office of Judge of the District Court of the Third Judicial District?,,,YES,314
Summit,RANS36:32,Shall TERESA LYNN WELCH be retained in the office of Judge of the District Court of the Third Judicial District?,,,YES,138
Summit,RNDV47:10,Shall TERESA LYNN WELCH be retained in the office of Judge of the District Court of the Third Judicial District?,,,YES,0
Summit,ROCP54:10,Shall TERESA LYNN WELCH be retained in the office of Judge of the District Court of the Third Judicial District?,,,YES,51
Summit,ROCP54:S4,Shall TERESA LYNN WELCH be retained in the office of Judge of the District Court of the Third Judicial District?,,,YES,0
Summit,RPL26:32,Shall TERESA LYNN WELCH be retained in the office of Judge of the District Court of the Third Judicial District?,,,YES,384
Summit,SCRL44:31,Shall TERESA LYNN WELCH be retained in the office of Judge of the District Court of the Third Judicial District?,,,YES,278
Summit,SCRU8:31,Shall TERESA LYNN WELCH be retained in the office of Judge of the District Court of the Third Judicial District?,,,YES,179
Summit,SCRU8:NS5,Shall TERESA LYNN WELCH be retained in the office of Judge of the District Court of the Third Judicial District?,,,YES,15
Summit,SFCC57:10,Shall TERESA LYNN WELCH be retained in the office of Judge of the District Court of the Third Judicial District?,,,YES,0
Summit,SIDE33:1,Shall TERESA LYNN WELCH be retained in the office of Judge of the District Court of the Third Judicial District?,,,YES,193
Summit,SLVR16:32,Shall TERESA LYNN WELCH be retained in the office of Judge of the District Court of the Third Judicial District?,,,YES,366
Summit,SML42:32,Shall TERESA LYNN WELCH be retained in the office of Judge of the District Court of the Third Judicial District?,,,YES,345
Summit,SSE13:20,Shall TERESA LYNN WELCH be retained in the office of Judge of the District Court of the Third Judicial District?,,,YES,255
Summit,SSS11:20,Shall TERESA LYNN WELCH be retained in the office of Judge of the District Court of the Third Judicial District?,,,YES,178
Summit,SSW22:20,Shall TERESA LYNN WELCH be retained in the office of Judge of the District Court of the Third Judicial District?,,,YES,192
Summit,SUME30:32,Shall TERESA LYNN WELCH be retained in the office of Judge of the District Court of the Third Judicial District?,,,YES,394
Summit,SUMW10:32,Shall TERESA LYNN WELCH be retained in the office of Judge of the District Court of the Third Judicial District?,,,YES,271
Summit,THAY4:1,Shall TERESA LYNN WELCH be retained in the office of Judge of the District Court of the Third Judicial District?,,,YES,240
Summit,UINT52:10,Shall TERESA LYNN WELCH be retained in the office of Judge of the District Court of the Third Judicial District?,,,YES,0
Summit,UPIN41:32,Shall TERESA LYNN WELCH be retained in the office of Judge of the District Court of the Third Judicial District?,,,YES,206
Summit,WAGN29:32,Shall TERESA LYNN WELCH be retained in the office of Judge of the District Court of the Third Judicial District?,,,YES,207
Summit,WANE17:10,Shall TERESA LYNN WELCH be retained in the office of Judge of the District Court of the Third Judicial District?,,,YES,276
Summit,WANE17:S4,Shall TERESA LYNN WELCH be retained in the office of Judge of the District Court of the Third Judicial District?,,,YES,0
Summit,WNW17:2,Shall TERESA LYNN WELCH be retained in the office of Judge of the District Court of the Third Judicial District?,,,YES,158
Summit,WNW17:P4A,Shall TERESA LYNN WELCH be retained in the office of Judge of the District Court of the Third Judicial District?,,,YES,0
Summit,WNW17:P4B,Shall TERESA LYNN WELCH be retained in the office of Judge of the District Court of the Third Judicial District?,,,YES,0
Summit,WEBC21:20,Shall TERESA LYNN WELCH be retained in the office of Judge of the District Court of the Third Judicial District?,,,YES,150
Summit,BTNN34:25,Shall TERESA LYNN WELCH be retained in the office of Judge of the District Court of the Third Judicial District?,,,NO,55
Summit,BTNS34:10,Shall TERESA LYNN WELCH be retained in the office of Judge of the District Court of the Third Judicial District?,,,NO,29
Summit,CCRK20:10,Shall TERESA LYNN WELCH be retained in the office of Judge of the District Court of the Third Judicial District?,,,NO,72
Summit,CLN19:10,Shall TERESA LYNN WELCH be retained in the office of Judge of the District Court of the Third Judicial District?,,,NO,84
Summit,CLS19:25,Shall TERESA LYNN WELCH be retained in the office of Judge of the District Court of the Third Judicial District?,,,NO,63
Summit,COLN56:10,Shall TERESA LYNN WELCH be retained in the office of Judge of the District Court of the Third Judicial District?,,,NO,0
Summit,DVN1:1,Shall TERESA LYNN WELCH be retained in the office of Judge of the District Court of the Third Judicial District?,,,NO,96
Summit,DVS31:1,Shall TERESA LYNN WELCH be retained in the office of Judge of the District Court of the Third Judicial District?,,,NO,47
Summit,ECOR46:10,Shall TERESA LYNN WELCH be retained in the office of Judge of the District Court of the Third Judicial District?,,,NO,0
Summit,ECOR46:50,Shall TERESA LYNN WELCH be retained in the office of Judge of the District Court of the Third Judicial District?,,,NO,0
Summit,FRAE28:25,Shall TERESA LYNN WELCH be retained in the office of Judge of the District Court of the Third Judicial District?,,,NO,83
Summit,FRAW28:10,Shall TERESA LYNN WELCH be retained in the office of Judge of the District Court of the Third Judicial District?,,,NO,93
Summit,GARF58:10,Shall TERESA LYNN WELCH be retained in the office of Judge of the District Court of the Third Judicial District?,,,NO,0
Summit,HEE38:32,Shall TERESA LYNN WELCH be retained in the office of Judge of the District Court of the Third Judicial District?,,,NO,84
Summit,HEN25:1,Shall TERESA LYNN WELCH be retained in the office of Judge of the District Court of the Third Judicial District?,,,NO,96
Summit,HEW23:32,Shall TERESA LYNN WELCH be retained in the office of Judge of the District Court of the Third Judicial District?,,,NO,83
Summit,HOYT18:10,Shall TERESA LYNN WELCH be retained in the office of Judge of the District Court of the Third Judicial District?,,,NO,130
Summit,IFOR49:10,Shall TERESA LYNN WELCH be retained in the office of Judge of the District Court of the Third Judicial District?,,,NO,0
Summit,JERE37:32,Shall TERESA LYNN WELCH be retained in the office of Judge of the District Court of the Third Judicial District?,,,NO,59
Summit,JERW27:32,Shall TERESA LYNN WELCH be retained in the office of Judge of the District Court of the Third Judicial District?,,,NO,62
Summit,KAMN12:10,Shall TERESA LYNN WELCH be retained in the office of Judge of the District Court of the Third Judicial District?,,,NO,102
Summit,KAMS12:25,Shall TERESA LYNN WELCH be retained in the office of Judge of the District Court of the Third Judicial District?,,,NO,95
Summit,KCYN43:32,Shall TERESA LYNN WELCH be retained in the office of Judge of the District Court of the Third Judicial District?,,,NO,15
Summit,LPNE9:15,Shall TERESA LYNN WELCH be retained in the office of Judge of the District Court of the Third Judicial District?,,,NO,51
Summit,LPNW9:3,Shall TERESA LYNN WELCH be retained in the office of Judge of the District Court of the Third Judicial District?,,,NO,53
Summit,MHW40:32,Shall TERESA LYNN WELCH be retained in the office of Judge of the District Court of the Third Judicial District?,,,NO,73
Summit,MTCR59:10,Shall TERESA LYNN WELCH be retained in the office of Judge of the District Court of the Third Judicial District?,,,NO,0
Summit,MTRS55:25,Shall TERESA LYNN WELCH be retained in the office of Judge of the District Court of the Third Judicial District?,,,NO,16
Summit,NSN24:10,Shall TERESA LYNN WELCH be retained in the office of Judge of the District Court of the Third Judicial District?,,,NO,37
Summit,OAKN14:10,Shall TERESA LYNN WELCH be retained in the office of Judge of the District Court of the Third Judicial District?,,,NO,73
Summit,OAKS14:25,Shall TERESA LYNN WELCH be retained in the office of Judge of the District Court of the Third Judicial District?,,,NO,80
Summit,OLDN32:1,Shall TERESA LYNN WELCH be retained in the office of Judge of the District Court of the Third Judicial District?,,,NO,27
Summit,OLDS2:1,Shall TERESA LYNN WELCH be retained in the office of Judge of the District Court of the Third Judicial District?,,,NO,19
Summit,PARS7:25,Shall TERESA LYNN WELCH be retained in the office of Judge of the District Court of the Third Judicial District?,,,NO,26
Summit,PARW7:32,Shall TERESA LYNN WELCH be retained in the office of Judge of the District Court of the Third Judicial District?,,,NO,108
Summit,PEOA15:20,Shall TERESA LYNN WELCH be retained in the office of Judge of the District Court of the Third Judicial District?,,,NO,53
Summit,PEW51:10,Shall TERESA LYNN WELCH be retained in the office of Judge of the District Court of the Third Judicial District?,,,NO,3
Summit,PEW51:NS5,Shall TERESA LYNN WELCH be retained in the office of Judge of the District Court of the Third Judicial District?,,,NO,0
Summit,PINN39:32,Shall TERESA LYNN WELCH be retained in the office of Judge of the District Court of the Third Judicial District?,,,NO,48
Summit,PKMN35:1,Shall TERESA LYNN WELCH be retained in the office of Judge of the District Court of the Third Judicial District?,,,NO,45
Summit,PKMS5:1,Shall TERESA LYNN WELCH be retained in the office of Judge of the District Court of the Third Judicial District?,,,NO,34
Summit,PRG45:32,Shall TERESA LYNN WELCH be retained in the office of Judge of the District Court of the Third Judicial District?,,,NO,10
Summit,PRG45:S4A,Shall TERESA LYNN WELCH be retained in the office of Judge of the District Court of the Third Judicial District?,,,NO,0
Summit,PRG45:S4B,Shall TERESA LYNN WELCH be retained in the office of Judge of the District Court of the Third Judicial District?,,,NO,0
Summit,PRG45:S4C,Shall TERESA LYNN WELCH be retained in the office of Judge of the District Court of the Third Judicial District?,,,NO,0
Summit,PRM48:10,Shall TERESA LYNN WELCH be retained in the office of Judge of the District Court of the Third Judicial District?,,,NO,81
Summit,PRM48:N5A,Shall TERESA LYNN WELCH be retained in the office of Judge of the District Court of the Third Judicial District?,,,NO,2
Summit,PRM48:N5B,Shall TERESA LYNN WELCH be retained in the office of Judge of the District Court of the Third Judicial District?,,,NO,0
Summit,PROS3:1,Shall TERESA LYNN WELCH be retained in the office of Judge of the District Court of the Third Judicial District?,,,NO,31
Summit,QUAR6:1,Shall TERESA LYNN WELCH be retained in the office of Judge of the District Court of the Third Judicial District?,,,NO,78
Summit,RANS36:32,Shall TERESA LYNN WELCH be retained in the office of Judge of the District Court of the Third Judicial District?,,,NO,18
Summit,RNDV47:10,Shall TERESA LYNN WELCH be retained in the office of Judge of the District Court of the Third Judicial District?,,,NO,0
Summit,ROCP54:10,Shall TERESA LYNN WELCH be retained in the office of Judge of the District Court of the Third Judicial District?,,,NO,14
Summit,ROCP54:S4,Shall TERESA LYNN WELCH be retained in the office of Judge of the District Court of the Third Judicial District?,,,NO,0
Summit,RPL26:32,Shall TERESA LYNN WELCH be retained in the office of Judge of the District Court of the Third Judicial District?,,,NO,62
Summit,SCRL44:31,Shall TERESA LYNN WELCH be retained in the office of Judge of the District Court of the Third Judicial District?,,,NO,68
Summit,SCRU8:31,Shall TERESA LYNN WELCH be retained in the office of Judge of the District Court of the Third Judicial District?,,,NO,72
Summit,SCRU8:NS5,Shall TERESA LYNN WELCH be retained in the office of Judge of the District Court of the Third Judicial District?,,,NO,2
Summit,SFCC57:10,Shall TERESA LYNN WELCH be retained in the office of Judge of the District Court of the Third Judicial District?,,,NO,0
Summit,SIDE33:1,Shall TERESA LYNN WELCH be retained in the office of Judge of the District Court of the Third Judicial District?,,,NO,43
Summit,SLVR16:32,Shall TERESA LYNN WELCH be retained in the office of Judge of the District Court of the Third Judicial District?,,,NO,48
Summit,SML42:32,Shall TERESA LYNN WELCH be retained in the office of Judge of the District Court of the Third Judicial District?,,,NO,50
Summit,SSE13:20,Shall TERESA LYNN WELCH be retained in the office of Judge of the District Court of the Third Judicial District?,,,NO,112
Summit,SSS11:20,Shall TERESA LYNN WELCH be retained in the office of Judge of the District Court of the Third Judicial District?,,,NO,90
Summit,SSW22:20,Shall TERESA LYNN WELCH be retained in the office of Judge of the District Court of the Third Judicial District?,,,NO,69
Summit,SUME30:32,Shall TERESA LYNN WELCH be retained in the office of Judge of the District Court of the Third Judicial District?,,,NO,77
Summit,SUMW10:32,Shall TERESA LYNN WELCH be retained in the office of Judge of the District Court of the Third Judicial District?,,,NO,56
Summit,THAY4:1,Shall TERESA LYNN WELCH be retained in the office of Judge of the District Court of the Third Judicial District?,,,NO,37
Summit,UINT52:10,Shall TERESA LYNN WELCH be retained in the office of Judge of the District Court of the Third Judicial District?,,,NO,0
Summit,UPIN41:32,Shall TERESA LYNN WELCH be retained in the office of Judge of the District Court of the Third Judicial District?,,,NO,21
Summit,WAGN29:32,Shall TERESA LYNN WELCH be retained in the office of Judge of the District Court of the Third Judicial District?,,,NO,35
Summit,WANE17:10,Shall TERESA LYNN WELCH be retained in the office of Judge of the District Court of the Third Judicial District?,,,NO,76
Summit,WANE17:S4,Shall TERESA LYNN WELCH be retained in the office of Judge of the District Court of the Third Judicial District?,,,NO,0
Summit,WNW17:2,Shall TERESA LYNN WELCH be retained in the office of Judge of the District Court of the Third Judicial District?,,,NO,49
Summit,WNW17:P4A,Shall TERESA LYNN WELCH be retained in the office of Judge of the District Court of the Third Judicial District?,,,NO,0
Summit,WNW17:P4B,Shall TERESA LYNN WELCH be retained in the office of Judge of the District Court of the Third Judicial District?,,,NO,0
Summit,WEBC21:20,Shall TERESA LYNN WELCH be retained in the office of Judge of the District Court of the Third Judicial District?,,,NO,41
Summit,BTNN34:25,Shall MONICA DIAZ be retained in the office of Judge of the Juvenile Court of the Third Juvenile Court District?,,,YES,254
Summit,BTNS34:10,Shall MONICA DIAZ be retained in the office of Judge of the Juvenile Court of the Third Juvenile Court District?,,,YES,198
Summit,CCRK20:10,Shall MONICA DIAZ be retained in the office of Judge of the Juvenile Court of the Third Juvenile Court District?,,,YES,138
Summit,CLN19:10,Shall MONICA DIAZ be retained in the office of Judge of the Juvenile Court of the Third Juvenile Court District?,,,YES,239
Summit,CLS19:25,Shall MONICA DIAZ be retained in the office of Judge of the Juvenile Court of the Third Juvenile Court District?,,,YES,199
Summit,COLN56:10,Shall MONICA DIAZ be retained in the office of Judge of the Juvenile Court of the Third Juvenile Court District?,,,YES,0
Summit,DVN1:1,Shall MONICA DIAZ be retained in the office of Judge of the Juvenile Court of the Third Juvenile Court District?,,,YES,442
Summit,DVS31:1,Shall MONICA DIAZ be retained in the office of Judge of the Juvenile Court of the Third Juvenile Court District?,,,YES,301
Summit,ECOR46:10,Shall MONICA DIAZ be retained in the office of Judge of the Juvenile Court of the Third Juvenile Court District?,,,YES,0
Summit,ECOR46:50,Shall MONICA DIAZ be retained in the office of Judge of the Juvenile Court of the Third Juvenile Court District?,,,YES,0
Summit,FRAE28:25,Shall MONICA DIAZ be retained in the office of Judge of the Juvenile Court of the Third Juvenile Court District?,,,YES,172
Summit,FRAW28:10,Shall MONICA DIAZ be retained in the office of Judge of the Juvenile Court of the Third Juvenile Court District?,,,YES,349
Summit,GARF58:10,Shall MONICA DIAZ be retained in the office of Judge of the Juvenile Court of the Third Juvenile Court District?,,,YES,0
Summit,HEE38:32,Shall MONICA DIAZ be retained in the office of Judge of the Juvenile Court of the Third Juvenile Court District?,,,YES,401
Summit,HEN25:1,Shall MONICA DIAZ be retained in the office of Judge of the Juvenile Court of the Third Juvenile Court District?,,,YES,281
Summit,HEW23:32,Shall MONICA DIAZ be retained in the office of Judge of the Juvenile Court of the Third Juvenile Court District?,,,YES,301
Summit,HOYT18:10,Shall MONICA DIAZ be retained in the office of Judge of the Juvenile Court of the Third Juvenile Court District?,,,YES,294
Summit,IFOR49:10,Shall MONICA DIAZ be retained in the office of Judge of the Juvenile Court of the Third Juvenile Court District?,,,YES,0
Summit,JERE37:32,Shall MONICA DIAZ be retained in the office of Judge of the Juvenile Court of the Third Juvenile Court District?,,,YES,432
Summit,JERW27:32,Shall MONICA DIAZ be retained in the office of Judge of the Juvenile Court of the Third Juvenile Court District?,,,YES,409
Summit,KAMN12:10,Shall MONICA DIAZ be retained in the office of Judge of the Juvenile Court of the Third Juvenile Court District?,,,YES,330
Summit,KAMS12:25,Shall MONICA DIAZ be retained in the office of Judge of the Juvenile Court of the Third Juvenile Court District?,,,YES,271
Summit,KCYN43:32,Shall MONICA DIAZ be retained in the office of Judge of the Juvenile Court of the Third Juvenile Court District?,,,YES,117
Summit,LPNE9:15,Shall MONICA DIAZ be retained in the office of Judge of the Juvenile Court of the Third Juvenile Court District?,,,YES,267
Summit,LPNW9:3,Shall MONICA DIAZ be retained in the office of Judge of the Juvenile Court of the Third Juvenile Court District?,,,YES,280
Summit,MHW40:32,Shall MONICA DIAZ be retained in the office of Judge of the Juvenile Court of the Third Juvenile Court District?,,,YES,378
Summit,MTCR59:10,Shall MONICA DIAZ be retained in the office of Judge of the Juvenile Court of the Third Juvenile Court District?,,,YES,0
Summit,MTRS55:25,Shall MONICA DIAZ be retained in the office of Judge of the Juvenile Court of the Third Juvenile Court District?,,,YES,102
Summit,NSN24:10,Shall MONICA DIAZ be retained in the office of Judge of the Juvenile Court of the Third Juvenile Court District?,,,YES,114
Summit,OAKN14:10,Shall MONICA DIAZ be retained in the office of Judge of the Juvenile Court of the Third Juvenile Court District?,,,YES,215
Summit,OAKS14:25,Shall MONICA DIAZ be retained in the office of Judge of the Juvenile Court of the Third Juvenile Court District?,,,YES,292
Summit,OLDN32:1,Shall MONICA DIAZ be retained in the office of Judge of the Juvenile Court of the Third Juvenile Court District?,,,YES,177
Summit,OLDS2:1,Shall MONICA DIAZ be retained in the office of Judge of the Juvenile Court of the Third Juvenile Court District?,,,YES,93
Summit,PARS7:25,Shall MONICA DIAZ be retained in the office of Judge of the Juvenile Court of the Third Juvenile Court District?,,,YES,138
Summit,PARW7:32,Shall MONICA DIAZ be retained in the office of Judge of the Juvenile Court of the Third Juvenile Court District?,,,YES,472
Summit,PEOA15:20,Shall MONICA DIAZ be retained in the office of Judge of the Juvenile Court of the Third Juvenile Court District?,,,YES,99
Summit,PEW51:10,Shall MONICA DIAZ be retained in the office of Judge of the Juvenile Court of the Third Juvenile Court District?,,,YES,16
Summit,PEW51:NS5,Shall MONICA DIAZ be retained in the office of Judge of the Juvenile Court of the Third Juvenile Court District?,,,YES,0
Summit,PINN39:32,Shall MONICA DIAZ be retained in the office of Judge of the Juvenile Court of the Third Juvenile Court District?,,,YES,362
Summit,PKMN35:1,Shall MONICA DIAZ be retained in the office of Judge of the Juvenile Court of the Third Juvenile Court District?,,,YES,399
Summit,PKMS5:1,Shall MONICA DIAZ be retained in the office of Judge of the Juvenile Court of the Third Juvenile Court District?,,,YES,288
Summit,PRG45:32,Shall MONICA DIAZ be retained in the office of Judge of the Juvenile Court of the Third Juvenile Court District?,,,YES,138
Summit,PRG45:S4A,Shall MONICA DIAZ be retained in the office of Judge of the Juvenile Court of the Third Juvenile Court District?,,,YES,0
Summit,PRG45:S4B,Shall MONICA DIAZ be retained in the office of Judge of the Juvenile Court of the Third Juvenile Court District?,,,YES,0
Summit,PRG45:S4C,Shall MONICA DIAZ be retained in the office of Judge of the Juvenile Court of the Third Juvenile Court District?,,,YES,0
Summit,PRM48:10,Shall MONICA DIAZ be retained in the office of Judge of the Juvenile Court of the Third Juvenile Court District?,,,YES,424
Summit,PRM48:N5A,Shall MONICA DIAZ be retained in the office of Judge of the Juvenile Court of the Third Juvenile Court District?,,,YES,8
Summit,PRM48:N5B,Shall MONICA DIAZ be retained in the office of Judge of the Juvenile Court of the Third Juvenile Court District?,,,YES,0
Summit,PROS3:1,Shall MONICA DIAZ be retained in the office of Judge of the Juvenile Court of the Third Juvenile Court District?,,,YES,187
Summit,QUAR6:1,Shall MONICA DIAZ be retained in the office of Judge of the Juvenile Court of the Third Juvenile Court District?,,,YES,325
Summit,RANS36:32,Shall MONICA DIAZ be retained in the office of Judge of the Juvenile Court of the Third Juvenile Court District?,,,YES,135
Summit,RNDV47:10,Shall MONICA DIAZ be retained in the office of Judge of the Juvenile Court of the Third Juvenile Court District?,,,YES,0
Summit,ROCP54:10,Shall MONICA DIAZ be retained in the office of Judge of the Juvenile Court of the Third Juvenile Court District?,,,YES,50
Summit,ROCP54:S4,Shall MONICA DIAZ be retained in the office of Judge of the Juvenile Court of the Third Juvenile Court District?,,,YES,0
Summit,RPL26:32,Shall MONICA DIAZ be retained in the office of Judge of the Juvenile Court of the Third Juvenile Court District?,,,YES,387
Summit,SCRL44:31,Shall MONICA DIAZ be retained in the office of Judge of the Juvenile Court of the Third Juvenile Court District?,,,YES,277
Summit,SCRU8:31,Shall MONICA DIAZ be retained in the office of Judge of the Juvenile Court of the Third Juvenile Court District?,,,YES,179
Summit,SCRU8:NS5,Shall MONICA DIAZ be retained in the office of Judge of the Juvenile Court of the Third Juvenile Court District?,,,YES,16
Summit,SFCC57:10,Shall MONICA DIAZ be retained in the office of Judge of the Juvenile Court of the Third Juvenile Court District?,,,YES,0
Summit,SIDE33:1,Shall MONICA DIAZ be retained in the office of Judge of the Juvenile Court of the Third Juvenile Court District?,,,YES,188
Summit,SLVR16:32,Shall MONICA DIAZ be retained in the office of Judge of the Juvenile Court of the Third Juvenile Court District?,,,YES,362
Summit,SML42:32,Shall MONICA DIAZ be retained in the office of Judge of the Juvenile Court of the Third Juvenile Court District?,,,YES,355
Summit,SSE13:20,Shall MONICA DIAZ be retained in the office of Judge of the Juvenile Court of the Third Juvenile Court District?,,,YES,252
Summit,SSS11:20,Shall MONICA DIAZ be retained in the office of Judge of the Juvenile Court of the Third Juvenile Court District?,,,YES,182
Summit,SSW22:20,Shall MONICA DIAZ be retained in the office of Judge of the Juvenile Court of the Third Juvenile Court District?,,,YES,194
Summit,SUME30:32,Shall MONICA DIAZ be retained in the office of Judge of the Juvenile Court of the Third Juvenile Court District?,,,YES,396
Summit,SUMW10:32,Shall MONICA DIAZ be retained in the office of Judge of the Juvenile Court of the Third Juvenile Court District?,,,YES,267
Summit,THAY4:1,Shall MONICA DIAZ be retained in the office of Judge of the Juvenile Court of the Third Juvenile Court District?,,,YES,244
Summit,UINT52:10,Shall MONICA DIAZ be retained in the office of Judge of the Juvenile Court of the Third Juvenile Court District?,,,YES,0
Summit,UPIN41:32,Shall MONICA DIAZ be retained in the office of Judge of the Juvenile Court of the Third Juvenile Court District?,,,YES,209
Summit,WAGN29:32,Shall MONICA DIAZ be retained in the office of Judge of the Juvenile Court of the Third Juvenile Court District?,,,YES,210
Summit,WANE17:10,Shall MONICA DIAZ be retained in the office of Judge of the Juvenile Court of the Third Juvenile Court District?,,,YES,266
Summit,WANE17:S4,Shall MONICA DIAZ be retained in the office of Judge of the Juvenile Court of the Third Juvenile Court District?,,,YES,0
Summit,WNW17:2,Shall MONICA DIAZ be retained in the office of Judge of the Juvenile Court of the Third Juvenile Court District?,,,YES,159
Summit,WNW17:P4A,Shall MONICA DIAZ be retained in the office of Judge of the Juvenile Court of the Third Juvenile Court District?,,,YES,0
Summit,WNW17:P4B,Shall MONICA DIAZ be retained in the office of Judge of the Juvenile Court of the Third Juvenile Court District?,,,YES,0
Summit,WEBC21:20,Shall MONICA DIAZ be retained in the office of Judge of the Juvenile Court of the Third Juvenile Court District?,,,YES,153
Summit,BTNN34:25,Shall MONICA DIAZ be retained in the office of Judge of the Juvenile Court of the Third Juvenile Court District?,,,NO,42
Summit,BTNS34:10,Shall MONICA DIAZ be retained in the office of Judge of the Juvenile Court of the Third Juvenile Court District?,,,NO,38
Summit,CCRK20:10,Shall MONICA DIAZ be retained in the office of Judge of the Juvenile Court of the Third Juvenile Court District?,,,NO,75
Summit,CLN19:10,Shall MONICA DIAZ be retained in the office of Judge of the Juvenile Court of the Third Juvenile Court District?,,,NO,91
Summit,CLS19:25,Shall MONICA DIAZ be retained in the office of Judge of the Juvenile Court of the Third Juvenile Court District?,,,NO,68
Summit,COLN56:10,Shall MONICA DIAZ be retained in the office of Judge of the Juvenile Court of the Third Juvenile Court District?,,,NO,0
Summit,DVN1:1,Shall MONICA DIAZ be retained in the office of Judge of the Juvenile Court of the Third Juvenile Court District?,,,NO,82
Summit,DVS31:1,Shall MONICA DIAZ be retained in the office of Judge of the Juvenile Court of the Third Juvenile Court District?,,,NO,56
Summit,ECOR46:10,Shall MONICA DIAZ be retained in the office of Judge of the Juvenile Court of the Third Juvenile Court District?,,,NO,0
Summit,ECOR46:50,Shall MONICA DIAZ be retained in the office of Judge of the Juvenile Court of the Third Juvenile Court District?,,,NO,0
Summit,FRAE28:25,Shall MONICA DIAZ be retained in the office of Judge of the Juvenile Court of the Third Juvenile Court District?,,,NO,87
Summit,FRAW28:10,Shall MONICA DIAZ be retained in the office of Judge of the Juvenile Court of the Third Juvenile Court District?,,,NO,96
Summit,GARF58:10,Shall MONICA DIAZ be retained in the office of Judge of the Juvenile Court of the Third Juvenile Court District?,,,NO,0
Summit,HEE38:32,Shall MONICA DIAZ be retained in the office of Judge of the Juvenile Court of the Third Juvenile Court District?,,,NO,72
Summit,HEN25:1,Shall MONICA DIAZ be retained in the office of Judge of the Juvenile Court of the Third Juvenile Court District?,,,NO,101
Summit,HEW23:32,Shall MONICA DIAZ be retained in the office of Judge of the Juvenile Court of the Third Juvenile Court District?,,,NO,80
Summit,HOYT18:10,Shall MONICA DIAZ be retained in the office of Judge of the Juvenile Court of the Third Juvenile Court District?,,,NO,130
Summit,IFOR49:10,Shall MONICA DIAZ be retained in the office of Judge of the Juvenile Court of the Third Juvenile Court District?,,,NO,0
Summit,JERE37:32,Shall MONICA DIAZ be retained in the office of Judge of the Juvenile Court of the Third Juvenile Court District?,,,NO,69
Summit,JERW27:32,Shall MONICA DIAZ be retained in the office of Judge of the Juvenile Court of the Third Juvenile Court District?,,,NO,66
Summit,KAMN12:10,Shall MONICA DIAZ be retained in the office of Judge of the Juvenile Court of the Third Juvenile Court District?,,,NO,106
Summit,KAMS12:25,Shall MONICA DIAZ be retained in the office of Judge of the Juvenile Court of the Third Juvenile Court District?,,,NO,97
Summit,KCYN43:32,Shall MONICA DIAZ be retained in the office of Judge of the Juvenile Court of the Third Juvenile Court District?,,,NO,15
Summit,LPNE9:15,Shall MONICA DIAZ be retained in the office of Judge of the Juvenile Court of the Third Juvenile Court District?,,,NO,49
Summit,LPNW9:3,Shall MONICA DIAZ be retained in the office of Judge of the Juvenile Court of the Third Juvenile Court District?,,,NO,59
Summit,MHW40:32,Shall MONICA DIAZ be retained in the office of Judge of the Juvenile Court of the Third Juvenile Court District?,,,NO,78
Summit,MTCR59:10,Shall MONICA DIAZ be retained in the office of Judge of the Juvenile Court of the Third Juvenile Court District?,,,NO,0
Summit,MTRS55:25,Shall MONICA DIAZ be retained in the office of Judge of the Juvenile Court of the Third Juvenile Court District?,,,NO,14
Summit,NSN24:10,Shall MONICA DIAZ be retained in the office of Judge of the Juvenile Court of the Third Juvenile Court District?,,,NO,42
Summit,OAKN14:10,Shall MONICA DIAZ be retained in the office of Judge of the Juvenile Court of the Third Juvenile Court District?,,,NO,81
Summit,OAKS14:25,Shall MONICA DIAZ be retained in the office of Judge of the Juvenile Court of the Third Juvenile Court District?,,,NO,73
Summit,OLDN32:1,Shall MONICA DIAZ be retained in the office of Judge of the Juvenile Court of the Third Juvenile Court District?,,,NO,33
Summit,OLDS2:1,Shall MONICA DIAZ be retained in the office of Judge of the Juvenile Court of the Third Juvenile Court District?,,,NO,23
Summit,PARS7:25,Shall MONICA DIAZ be retained in the office of Judge of the Juvenile Court of the Third Juvenile Court District?,,,NO,27
Summit,PARW7:32,Shall MONICA DIAZ be retained in the office of Judge of the Juvenile Court of the Third Juvenile Court District?,,,NO,97
Summit,PEOA15:20,Shall MONICA DIAZ be retained in the office of Judge of the Juvenile Court of the Third Juvenile Court District?,,,NO,58
Summit,PEW51:10,Shall MONICA DIAZ be retained in the office of Judge of the Juvenile Court of the Third Juvenile Court District?,,,NO,3
Summit,PEW51:NS5,Shall MONICA DIAZ be retained in the office of Judge of the Juvenile Court of the Third Juvenile Court District?,,,NO,0
Summit,PINN39:32,Shall MONICA DIAZ be retained in the office of Judge of the Juvenile Court of the Third Juvenile Court District?,,,NO,48
Summit,PKMN35:1,Shall MONICA DIAZ be retained in the office of Judge of the Juvenile Court of the Third Juvenile Court District?,,,NO,37
Summit,PKMS5:1,Shall MONICA DIAZ be retained in the office of Judge of the Juvenile Court of the Third Juvenile Court District?,,,NO,36
Summit,PRG45:32,Shall MONICA DIAZ be retained in the office of Judge of the Juvenile Court of the Third Juvenile Court District?,,,NO,15
Summit,PRG45:S4A,Shall MONICA DIAZ be retained in the office of Judge of the Juvenile Court of the Third Juvenile Court District?,,,NO,0
Summit,PRG45:S4B,Shall MONICA DIAZ be retained in the office of Judge of the Juvenile Court of the Third Juvenile Court District?,,,NO,0
Summit,PRG45:S4C,Shall MONICA DIAZ be retained in the office of Judge of the Juvenile Court of the Third Juvenile Court District?,,,NO,0
Summit,PRM48:10,Shall MONICA DIAZ be retained in the office of Judge of the Juvenile Court of the Third Juvenile Court District?,,,NO,88
Summit,PRM48:N5A,Shall MONICA DIAZ be retained in the office of Judge of the Juvenile Court of the Third Juvenile Court District?,,,NO,2
Summit,PRM48:N5B,Shall MONICA DIAZ be retained in the office of Judge of the Juvenile Court of the Third Juvenile Court District?,,,NO,0
Summit,PROS3:1,Shall MONICA DIAZ be retained in the office of Judge of the Juvenile Court of the Third Juvenile Court District?,,,NO,31
Summit,QUAR6:1,Shall MONICA DIAZ be retained in the office of Judge of the Juvenile Court of the Third Juvenile Court District?,,,NO,65
Summit,RANS36:32,Shall MONICA DIAZ be retained in the office of Judge of the Juvenile Court of the Third Juvenile Court District?,,,NO,19
Summit,RNDV47:10,Shall MONICA DIAZ be retained in the office of Judge of the Juvenile Court of the Third Juvenile Court District?,,,NO,0
Summit,ROCP54:10,Shall MONICA DIAZ be retained in the office of Judge of the Juvenile Court of the Third Juvenile Court District?,,,NO,16
Summit,ROCP54:S4,Shall MONICA DIAZ be retained in the office of Judge of the Juvenile Court of the Third Juvenile Court District?,,,NO,0
Summit,RPL26:32,Shall MONICA DIAZ be retained in the office of Judge of the Juvenile Court of the Third Juvenile Court District?,,,NO,57
Summit,SCRL44:31,Shall MONICA DIAZ be retained in the office of Judge of the Juvenile Court of the Third Juvenile Court District?,,,NO,68
Summit,SCRU8:31,Shall MONICA DIAZ be retained in the office of Judge of the Juvenile Court of the Third Juvenile Court District?,,,NO,70
Summit,SCRU8:NS5,Shall MONICA DIAZ be retained in the office of Judge of the Juvenile Court of the Third Juvenile Court District?,,,NO,1
Summit,SFCC57:10,Shall MONICA DIAZ be retained in the office of Judge of the Juvenile Court of the Third Juvenile Court District?,,,NO,0
Summit,SIDE33:1,Shall MONICA DIAZ be retained in the office of Judge of the Juvenile Court of the Third Juvenile Court District?,,,NO,43
Summit,SLVR16:32,Shall MONICA DIAZ be retained in the office of Judge of the Juvenile Court of the Third Juvenile Court District?,,,NO,50
Summit,SML42:32,Shall MONICA DIAZ be retained in the office of Judge of the Juvenile Court of the Third Juvenile Court District?,,,NO,40
Summit,SSE13:20,Shall MONICA DIAZ be retained in the office of Judge of the Juvenile Court of the Third Juvenile Court District?,,,NO,119
Summit,SSS11:20,Shall MONICA DIAZ be retained in the office of Judge of the Juvenile Court of the Third Juvenile Court District?,,,NO,83
Summit,SSW22:20,Shall MONICA DIAZ be retained in the office of Judge of the Juvenile Court of the Third Juvenile Court District?,,,NO,67
Summit,SUME30:32,Shall MONICA DIAZ be retained in the office of Judge of the Juvenile Court of the Third Juvenile Court District?,,,NO,77
Summit,SUMW10:32,Shall MONICA DIAZ be retained in the office of Judge of the Juvenile Court of the Third Juvenile Court District?,,,NO,61
Summit,THAY4:1,Shall MONICA DIAZ be retained in the office of Judge of the Juvenile Court of the Third Juvenile Court District?,,,NO,39
Summit,UINT52:10,Shall MONICA DIAZ be retained in the office of Judge of the Juvenile Court of the Third Juvenile Court District?,,,NO,0
Summit,UPIN41:32,Shall MONICA DIAZ be retained in the office of Judge of the Juvenile Court of the Third Juvenile Court District?,,,NO,24
Summit,WAGN29:32,Shall MONICA DIAZ be retained in the office of Judge of the Juvenile Court of the Third Juvenile Court District?,,,NO,34
Summit,WANE17:10,Shall MONICA DIAZ be retained in the office of Judge of the Juvenile Court of the Third Juvenile Court District?,,,NO,84
Summit,WANE17:S4,Shall MONICA DIAZ be retained in the office of Judge of the Juvenile Court of the Third Juvenile Court District?,,,NO,0
Summit,WNW17:2,Shall MONICA DIAZ be retained in the office of Judge of the Juvenile Court of the Third Juvenile Court District?,,,NO,48
Summit,WNW17:P4A,Shall MONICA DIAZ be retained in the office of Judge of the Juvenile Court of the Third Juvenile Court District?,,,NO,0
Summit,WNW17:P4B,Shall MONICA DIAZ be retained in the office of Judge of the Juvenile Court of the Third Juvenile Court District?,,,NO,0
Summit,WEBC21:20,Shall MONICA DIAZ be retained in the office of Judge of the Juvenile Court of the Third Juvenile Court District?,,,NO,39
Summit,BTNN34:25,Shall ANNETTE T. JAN be retained in the office of Judge of the Juvenile Court of the Third Juvenile Court District?,,,YES,245
Summit,BTNS34:10,Shall ANNETTE T. JAN be retained in the office of Judge of the Juvenile Court of the Third Juvenile Court District?,,,YES,200
Summit,CCRK20:10,Shall ANNETTE T. JAN be retained in the office of Judge of the Juvenile Court of the Third Juvenile Court District?,,,YES,142
Summit,CLN19:10,Shall ANNETTE T. JAN be retained in the office of Judge of the Juvenile Court of the Third Juvenile Court District?,,,YES,248
Summit,CLS19:25,Shall ANNETTE T. JAN be retained in the office of Judge of the Juvenile Court of the Third Juvenile Court District?,,,YES,204
Summit,COLN56:10,Shall ANNETTE T. JAN be retained in the office of Judge of the Juvenile Court of the Third Juvenile Court District?,,,YES,0
Summit,DVN1:1,Shall ANNETTE T. JAN be retained in the office of Judge of the Juvenile Court of the Third Juvenile Court District?,,,YES,437
Summit,DVS31:1,Shall ANNETTE T. JAN be retained in the office of Judge of the Juvenile Court of the Third Juvenile Court District?,,,YES,305
Summit,ECOR46:10,Shall ANNETTE T. JAN be retained in the office of Judge of the Juvenile Court of the Third Juvenile Court District?,,,YES,0
Summit,ECOR46:50,Shall ANNETTE T. JAN be retained in the office of Judge of the Juvenile Court of the Third Juvenile Court District?,,,YES,0
Summit,FRAE28:25,Shall ANNETTE T. JAN be retained in the office of Judge of the Juvenile Court of the Third Juvenile Court District?,,,YES,180
Summit,FRAW28:10,Shall ANNETTE T. JAN be retained in the office of Judge of the Juvenile Court of the Third Juvenile Court District?,,,YES,352
Summit,GARF58:10,Shall ANNETTE T. JAN be retained in the office of Judge of the Juvenile Court of the Third Juvenile Court District?,,,YES,0
Summit,HEE38:32,Shall ANNETTE T. JAN be retained in the office of Judge of the Juvenile Court of the Third Juvenile Court District?,,,YES,392
Summit,HEN25:1,Shall ANNETTE T. JAN be retained in the office of Judge of the Juvenile Court of the Third Juvenile Court District?,,,YES,288
Summit,HEW23:32,Shall ANNETTE T. JAN be retained in the office of Judge of the Juvenile Court of the Third Juvenile Court District?,,,YES,301
Summit,HOYT18:10,Shall ANNETTE T. JAN be retained in the office of Judge of the Juvenile Court of the Third Juvenile Court District?,,,YES,296
Summit,IFOR49:10,Shall ANNETTE T. JAN be retained in the office of Judge of the Juvenile Court of the Third Juvenile Court District?,,,YES,0
Summit,JERE37:32,Shall ANNETTE T. JAN be retained in the office of Judge of the Juvenile Court of the Third Juvenile Court District?,,,YES,440
Summit,JERW27:32,Shall ANNETTE T. JAN be retained in the office of Judge of the Juvenile Court of the Third Juvenile Court District?,,,YES,416
Summit,KAMN12:10,Shall ANNETTE T. JAN be retained in the office of Judge of the Juvenile Court of the Third Juvenile Court District?,,,YES,332
Summit,KAMS12:25,Shall ANNETTE T. JAN be retained in the office of Judge of the Juvenile Court of the Third Juvenile Court District?,,,YES,275
Summit,KCYN43:32,Shall ANNETTE T. JAN be retained in the office of Judge of the Juvenile Court of the Third Juvenile Court District?,,,YES,118
Summit,LPNE9:15,Shall ANNETTE T. JAN be retained in the office of Judge of the Juvenile Court of the Third Juvenile Court District?,,,YES,262
Summit,LPNW9:3,Shall ANNETTE T. JAN be retained in the office of Judge of the Juvenile Court of the Third Juvenile Court District?,,,YES,290
Summit,MHW40:32,Shall ANNETTE T. JAN be retained in the office of Judge of the Juvenile Court of the Third Juvenile Court District?,,,YES,384
Summit,MTCR59:10,Shall ANNETTE T. JAN be retained in the office of Judge of the Juvenile Court of the Third Juvenile Court District?,,,YES,0
Summit,MTRS55:25,Shall ANNETTE T. JAN be retained in the office of Judge of the Juvenile Court of the Third Juvenile Court District?,,,YES,102
Summit,NSN24:10,Shall ANNETTE T. JAN be retained in the office of Judge of the Juvenile Court of the Third Juvenile Court District?,,,YES,117
Summit,OAKN14:10,Shall ANNETTE T. JAN be retained in the office of Judge of the Juvenile Court of the Third Juvenile Court District?,,,YES,223
Summit,OAKS14:25,Shall ANNETTE T. JAN be retained in the office of Judge of the Juvenile Court of the Third Juvenile Court District?,,,YES,294
Summit,OLDN32:1,Shall ANNETTE T. JAN be retained in the office of Judge of the Juvenile Court of the Third Juvenile Court District?,,,YES,180
Summit,OLDS2:1,Shall ANNETTE T. JAN be retained in the office of Judge of the Juvenile Court of the Third Juvenile Court District?,,,YES,94
Summit,PARS7:25,Shall ANNETTE T. JAN be retained in the office of Judge of the Juvenile Court of the Third Juvenile Court District?,,,YES,136
Summit,PARW7:32,Shall ANNETTE T. JAN be retained in the office of Judge of the Juvenile Court of the Third Juvenile Court District?,,,YES,463
Summit,PEOA15:20,Shall ANNETTE T. JAN be retained in the office of Judge of the Juvenile Court of the Third Juvenile Court District?,,,YES,104
Summit,PEW51:10,Shall ANNETTE T. JAN be retained in the office of Judge of the Juvenile Court of the Third Juvenile Court District?,,,YES,18
Summit,PEW51:NS5,Shall ANNETTE T. JAN be retained in the office of Judge of the Juvenile Court of the Third Juvenile Court District?,,,YES,0
Summit,PINN39:32,Shall ANNETTE T. JAN be retained in the office of Judge of the Juvenile Court of the Third Juvenile Court District?,,,YES,358
Summit,PKMN35:1,Shall ANNETTE T. JAN be retained in the office of Judge of the Juvenile Court of the Third Juvenile Court District?,,,YES,397
Summit,PKMS5:1,Shall ANNETTE T. JAN be retained in the office of Judge of the Juvenile Court of the Third Juvenile Court District?,,,YES,287
Summit,PRG45:32,Shall ANNETTE T. JAN be retained in the office of Judge of the Juvenile Court of the Third Juvenile Court District?,,,YES,143
Summit,PRG45:S4A,Shall ANNETTE T. JAN be retained in the office of Judge of the Juvenile Court of the Third Juvenile Court District?,,,YES,0
Summit,PRG45:S4B,Shall ANNETTE T. JAN be retained in the office of Judge of the Juvenile Court of the Third Juvenile Court District?,,,YES,0
Summit,PRG45:S4C,Shall ANNETTE T. JAN be retained in the office of Judge of the Juvenile Court of the Third Juvenile Court District?,,,YES,0
Summit,PRM48:10,Shall ANNETTE T. JAN be retained in the office of Judge of the Juvenile Court of the Third Juvenile Court District?,,,YES,425
Summit,PRM48:N5A,Shall ANNETTE T. JAN be retained in the office of Judge of the Juvenile Court of the Third Juvenile Court District?,,,YES,8
Summit,PRM48:N5B,Shall ANNETTE T. JAN be retained in the office of Judge of the Juvenile Court of the Third Juvenile Court District?,,,YES,0
Summit,PROS3:1,Shall ANNETTE T. JAN be retained in the office of Judge of the Juvenile Court of the Third Juvenile Court District?,,,YES,183
Summit,QUAR6:1,Shall ANNETTE T. JAN be retained in the office of Judge of the Juvenile Court of the Third Juvenile Court District?,,,YES,323
Summit,RANS36:32,Shall ANNETTE T. JAN be retained in the office of Judge of the Juvenile Court of the Third Juvenile Court District?,,,YES,133
Summit,RNDV47:10,Shall ANNETTE T. JAN be retained in the office of Judge of the Juvenile Court of the Third Juvenile Court District?,,,YES,0
Summit,ROCP54:10,Shall ANNETTE T. JAN be retained in the office of Judge of the Juvenile Court of the Third Juvenile Court District?,,,YES,52
Summit,ROCP54:S4,Shall ANNETTE T. JAN be retained in the office of Judge of the Juvenile Court of the Third Juvenile Court District?,,,YES,0
Summit,RPL26:32,Shall ANNETTE T. JAN be retained in the office of Judge of the Juvenile Court of the Third Juvenile Court District?,,,YES,385
Summit,SCRL44:31,Shall ANNETTE T. JAN be retained in the office of Judge of the Juvenile Court of the Third Juvenile Court District?,,,YES,280
Summit,SCRU8:31,Shall ANNETTE T. JAN be retained in the office of Judge of the Juvenile Court of the Third Juvenile Court District?,,,YES,183
Summit,SCRU8:NS5,Shall ANNETTE T. JAN be retained in the office of Judge of the Juvenile Court of the Third Juvenile Court District?,,,YES,16
Summit,SFCC57:10,Shall ANNETTE T. JAN be retained in the office of Judge of the Juvenile Court of the Third Juvenile Court District?,,,YES,0
Summit,SIDE33:1,Shall ANNETTE T. JAN be retained in the office of Judge of the Juvenile Court of the Third Juvenile Court District?,,,YES,190
Summit,SLVR16:32,Shall ANNETTE T. JAN be retained in the office of Judge of the Juvenile Court of the Third Juvenile Court District?,,,YES,366
Summit,SML42:32,Shall ANNETTE T. JAN be retained in the office of Judge of the Juvenile Court of the Third Juvenile Court District?,,,YES,347
Summit,SSE13:20,Shall ANNETTE T. JAN be retained in the office of Judge of the Juvenile Court of the Third Juvenile Court District?,,,YES,254
Summit,SSS11:20,Shall ANNETTE T. JAN be retained in the office of Judge of the Juvenile Court of the Third Juvenile Court District?,,,YES,185
Summit,SSW22:20,Shall ANNETTE T. JAN be retained in the office of Judge of the Juvenile Court of the Third Juvenile Court District?,,,YES,195
Summit,SUME30:32,Shall ANNETTE T. JAN be retained in the office of Judge of the Juvenile Court of the Third Juvenile Court District?,,,YES,389
Summit,SUMW10:32,Shall ANNETTE T. JAN be retained in the office of Judge of the Juvenile Court of the Third Juvenile Court District?,,,YES,270
Summit,THAY4:1,Shall ANNETTE T. JAN be retained in the office of Judge of the Juvenile Court of the Third Juvenile Court District?,,,YES,237
Summit,UINT52:10,Shall ANNETTE T. JAN be retained in the office of Judge of the Juvenile Court of the Third Juvenile Court District?,,,YES,0
Summit,UPIN41:32,Shall ANNETTE T. JAN be retained in the office of Judge of the Juvenile Court of the Third Juvenile Court District?,,,YES,211
Summit,WAGN29:32,Shall ANNETTE T. JAN be retained in the office of Judge of the Juvenile Court of the Third Juvenile Court District?,,,YES,211
Summit,WANE17:10,Shall ANNETTE T. JAN be retained in the office of Judge of the Juvenile Court of the Third Juvenile Court District?,,,YES,273
Summit,WANE17:S4,Shall ANNETTE T. JAN be retained in the office of Judge of the Juvenile Court of the Third Juvenile Court District?,,,YES,0
Summit,WNW17:2,Shall ANNETTE T. JAN be retained in the office of Judge of the Juvenile Court of the Third Juvenile Court District?,,,YES,161
Summit,WNW17:P4A,Shall ANNETTE T. JAN be retained in the office of Judge of the Juvenile Court of the Third Juvenile Court District?,,,YES,0
Summit,WNW17:P4B,Shall ANNETTE T. JAN be retained in the office of Judge of the Juvenile Court of the Third Juvenile Court District?,,,YES,0
Summit,WEBC21:20,Shall ANNETTE T. JAN be retained in the office of Judge of the Juvenile Court of the Third Juvenile Court District?,,,YES,151
Summit,BTNN34:25,Shall ANNETTE T. JAN be retained in the office of Judge of the Juvenile Court of the Third Juvenile Court District?,,,NO,47
Summit,BTNS34:10,Shall ANNETTE T. JAN be retained in the office of Judge of the Juvenile Court of the Third Juvenile Court District?,,,NO,35
Summit,CCRK20:10,Shall ANNETTE T. JAN be retained in the office of Judge of the Juvenile Court of the Third Juvenile Court District?,,,NO,72
Summit,CLN19:10,Shall ANNETTE T. JAN be retained in the office of Judge of the Juvenile Court of the Third Juvenile Court District?,,,NO,82
Summit,CLS19:25,Shall ANNETTE T. JAN be retained in the office of Judge of the Juvenile Court of the Third Juvenile Court District?,,,NO,61
Summit,COLN56:10,Shall ANNETTE T. JAN be retained in the office of Judge of the Juvenile Court of the Third Juvenile Court District?,,,NO,0
Summit,DVN1:1,Shall ANNETTE T. JAN be retained in the office of Judge of the Juvenile Court of the Third Juvenile Court District?,,,NO,85
Summit,DVS31:1,Shall ANNETTE T. JAN be retained in the office of Judge of the Juvenile Court of the Third Juvenile Court District?,,,NO,51
Summit,ECOR46:10,Shall ANNETTE T. JAN be retained in the office of Judge of the Juvenile Court of the Third Juvenile Court District?,,,NO,0
Summit,ECOR46:50,Shall ANNETTE T. JAN be retained in the office of Judge of the Juvenile Court of the Third Juvenile Court District?,,,NO,0
Summit,FRAE28:25,Shall ANNETTE T. JAN be retained in the office of Judge of the Juvenile Court of the Third Juvenile Court District?,,,NO,78
Summit,FRAW28:10,Shall ANNETTE T. JAN be retained in the office of Judge of the Juvenile Court of the Third Juvenile Court District?,,,NO,89
Summit,GARF58:10,Shall ANNETTE T. JAN be retained in the office of Judge of the Juvenile Court of the Third Juvenile Court District?,,,NO,0
Summit,HEE38:32,Shall ANNETTE T. JAN be retained in the office of Judge of the Juvenile Court of the Third Juvenile Court District?,,,NO,75
Summit,HEN25:1,Shall ANNETTE T. JAN be retained in the office of Judge of the Juvenile Court of the Third Juvenile Court District?,,,NO,92
Summit,HEW23:32,Shall ANNETTE T. JAN be retained in the office of Judge of the Juvenile Court of the Third Juvenile Court District?,,,NO,78
Summit,HOYT18:10,Shall ANNETTE T. JAN be retained in the office of Judge of the Juvenile Court of the Third Juvenile Court District?,,,NO,124
Summit,IFOR49:10,Shall ANNETTE T. JAN be retained in the office of Judge of the Juvenile Court of the Third Juvenile Court District?,,,NO,0
Summit,JERE37:32,Shall ANNETTE T. JAN be retained in the office of Judge of the Juvenile Court of the Third Juvenile Court District?,,,NO,61
Summit,JERW27:32,Shall ANNETTE T. JAN be retained in the office of Judge of the Juvenile Court of the Third Juvenile Court District?,,,NO,55
Summit,KAMN12:10,Shall ANNETTE T. JAN be retained in the office of Judge of the Juvenile Court of the Third Juvenile Court District?,,,NO,102
Summit,KAMS12:25,Shall ANNETTE T. JAN be retained in the office of Judge of the Juvenile Court of the Third Juvenile Court District?,,,NO,93
Summit,KCYN43:32,Shall ANNETTE T. JAN be retained in the office of Judge of the Juvenile Court of the Third Juvenile Court District?,,,NO,11
Summit,LPNE9:15,Shall ANNETTE T. JAN be retained in the office of Judge of the Juvenile Court of the Third Juvenile Court District?,,,NO,52
Summit,LPNW9:3,Shall ANNETTE T. JAN be retained in the office of Judge of the Juvenile Court of the Third Juvenile Court District?,,,NO,51
Summit,MHW40:32,Shall ANNETTE T. JAN be retained in the office of Judge of the Juvenile Court of the Third Juvenile Court District?,,,NO,74
Summit,MTCR59:10,Shall ANNETTE T. JAN be retained in the office of Judge of the Juvenile Court of the Third Juvenile Court District?,,,NO,0
Summit,MTRS55:25,Shall ANNETTE T. JAN be retained in the office of Judge of the Juvenile Court of the Third Juvenile Court District?,,,NO,13
Summit,NSN24:10,Shall ANNETTE T. JAN be retained in the office of Judge of the Juvenile Court of the Third Juvenile Court District?,,,NO,38
Summit,OAKN14:10,Shall ANNETTE T. JAN be retained in the office of Judge of the Juvenile Court of the Third Juvenile Court District?,,,NO,71
Summit,OAKS14:25,Shall ANNETTE T. JAN be retained in the office of Judge of the Juvenile Court of the Third Juvenile Court District?,,,NO,70
Summit,OLDN32:1,Shall ANNETTE T. JAN be retained in the office of Judge of the Juvenile Court of the Third Juvenile Court District?,,,NO,29
Summit,OLDS2:1,Shall ANNETTE T. JAN be retained in the office of Judge of the Juvenile Court of the Third Juvenile Court District?,,,NO,19
Summit,PARS7:25,Shall ANNETTE T. JAN be retained in the office of Judge of the Juvenile Court of the Third Juvenile Court District?,,,NO,29
Summit,PARW7:32,Shall ANNETTE T. JAN be retained in the office of Judge of the Juvenile Court of the Third Juvenile Court District?,,,NO,100
Summit,PEOA15:20,Shall ANNETTE T. JAN be retained in the office of Judge of the Juvenile Court of the Third Juvenile Court District?,,,NO,52
Summit,PEW51:10,Shall ANNETTE T. JAN be retained in the office of Judge of the Juvenile Court of the Third Juvenile Court District?,,,NO,3
Summit,PEW51:NS5,Shall ANNETTE T. JAN be retained in the office of Judge of the Juvenile Court of the Third Juvenile Court District?,,,NO,0
Summit,PINN39:32,Shall ANNETTE T. JAN be retained in the office of Judge of the Juvenile Court of the Third Juvenile Court District?,,,NO,53
Summit,PKMN35:1,Shall ANNETTE T. JAN be retained in the office of Judge of the Juvenile Court of the Third Juvenile Court District?,,,NO,37
Summit,PKMS5:1,Shall ANNETTE T. JAN be retained in the office of Judge of the Juvenile Court of the Third Juvenile Court District?,,,NO,35
Summit,PRG45:32,Shall ANNETTE T. JAN be retained in the office of Judge of the Juvenile Court of the Third Juvenile Court District?,,,NO,11
Summit,PRG45:S4A,Shall ANNETTE T. JAN be retained in the office of Judge of the Juvenile Court of the Third Juvenile Court District?,,,NO,0
Summit,PRG45:S4B,Shall ANNETTE T. JAN be retained in the office of Judge of the Juvenile Court of the Third Juvenile Court District?,,,NO,0
Summit,PRG45:S4C,Shall ANNETTE T. JAN be retained in the office of Judge of the Juvenile Court of the Third Juvenile Court District?,,,NO,0
Summit,PRM48:10,Shall ANNETTE T. JAN be retained in the office of Judge of the Juvenile Court of the Third Juvenile Court District?,,,NO,88
Summit,PRM48:N5A,Shall ANNETTE T. JAN be retained in the office of Judge of the Juvenile Court of the Third Juvenile Court District?,,,NO,2
Summit,PRM48:N5B,Shall ANNETTE T. JAN be retained in the office of Judge of the Juvenile Court of the Third Juvenile Court District?,,,NO,0
Summit,PROS3:1,Shall ANNETTE T. JAN be retained in the office of Judge of the Juvenile Court of the Third Juvenile Court District?,,,NO,32
Summit,QUAR6:1,Shall ANNETTE T. JAN be retained in the office of Judge of the Juvenile Court of the Third Juvenile Court District?,,,NO,66
Summit,RANS36:32,Shall ANNETTE T. JAN be retained in the office of Judge of the Juvenile Court of the Third Juvenile Court District?,,,NO,22
Summit,RNDV47:10,Shall ANNETTE T. JAN be retained in the office of Judge of the Juvenile Court of the Third Juvenile Court District?,,,NO,0
Summit,ROCP54:10,Shall ANNETTE T. JAN be retained in the office of Judge of the Juvenile Court of the Third Juvenile Court District?,,,NO,14
Summit,ROCP54:S4,Shall ANNETTE T. JAN be retained in the office of Judge of the Juvenile Court of the Third Juvenile Court District?,,,NO,0
Summit,RPL26:32,Shall ANNETTE T. JAN be retained in the office of Judge of the Juvenile Court of the Third Juvenile Court District?,,,NO,57
Summit,SCRL44:31,Shall ANNETTE T. JAN be retained in the office of Judge of the Juvenile Court of the Third Juvenile Court District?,,,NO,66
Summit,SCRU8:31,Shall ANNETTE T. JAN be retained in the office of Judge of the Juvenile Court of the Third Juvenile Court District?,,,NO,67
Summit,SCRU8:NS5,Shall ANNETTE T. JAN be retained in the office of Judge of the Juvenile Court of the Third Juvenile Court District?,,,NO,1
Summit,SFCC57:10,Shall ANNETTE T. JAN be retained in the office of Judge of the Juvenile Court of the Third Juvenile Court District?,,,NO,0
Summit,SIDE33:1,Shall ANNETTE T. JAN be retained in the office of Judge of the Juvenile Court of the Third Juvenile Court District?,,,NO,41
Summit,SLVR16:32,Shall ANNETTE T. JAN be retained in the office of Judge of the Juvenile Court of the Third Juvenile Court District?,,,NO,47
Summit,SML42:32,Shall ANNETTE T. JAN be retained in the office of Judge of the Juvenile Court of the Third Juvenile Court District?,,,NO,43
Summit,SSE13:20,Shall ANNETTE T. JAN be retained in the office of Judge of the Juvenile Court of the Third Juvenile Court District?,,,NO,115
Summit,SSS11:20,Shall ANNETTE T. JAN be retained in the office of Judge of the Juvenile Court of the Third Juvenile Court District?,,,NO,82
Summit,SSW22:20,Shall ANNETTE T. JAN be retained in the office of Judge of the Juvenile Court of the Third Juvenile Court District?,,,NO,64
Summit,SUME30:32,Shall ANNETTE T. JAN be retained in the office of Judge of the Juvenile Court of the Third Juvenile Court District?,,,NO,83
Summit,SUMW10:32,Shall ANNETTE T. JAN be retained in the office of Judge of the Juvenile Court of the Third Juvenile Court District?,,,NO,58
Summit,THAY4:1,Shall ANNETTE T. JAN be retained in the office of Judge of the Juvenile Court of the Third Juvenile Court District?,,,NO,42
Summit,UINT52:10,Shall ANNETTE T. JAN be retained in the office of Judge of the Juvenile Court of the Third Juvenile Court District?,,,NO,0
Summit,UPIN41:32,Shall ANNETTE T. JAN be retained in the office of Judge of the Juvenile Court of the Third Juvenile Court District?,,,NO,22
Summit,WAGN29:32,Shall ANNETTE T. JAN be retained in the office of Judge of the Juvenile Court of the Third Juvenile Court District?,,,NO,33
Summit,WANE17:10,Shall ANNETTE T. JAN be retained in the office of Judge of the Juvenile Court of the Third Juvenile Court District?,,,NO,80
Summit,WANE17:S4,Shall ANNETTE T. JAN be retained in the office of Judge of the Juvenile Court of the Third Juvenile Court District?,,,NO,0
Summit,WNW17:2,Shall ANNETTE T. JAN be retained in the office of Judge of the Juvenile Court of the Third Juvenile Court District?,,,NO,45
Summit,WNW17:P4A,Shall ANNETTE T. JAN be retained in the office of Judge of the Juvenile Court of the Third Juvenile Court District?,,,NO,0
Summit,WNW17:P4B,Shall ANNETTE T. JAN be retained in the office of Judge of the Juvenile Court of the Third Juvenile Court District?,,,NO,0
Summit,WEBC21:20,Shall ANNETTE T. JAN be retained in the office of Judge of the Juvenile Court of the Third Juvenile Court District?,,,NO,39
Summit,BTNN34:25,Shall ELIZABETH MARIE KNIGHT be retained in the office of Judge of the Juvenile Court of the Third Juvenile Court District?,,,YES,244
Summit,BTNS34:10,Shall ELIZABETH MARIE KNIGHT be retained in the office of Judge of the Juvenile Court of the Third Juvenile Court District?,,,YES,199
Summit,CCRK20:10,Shall ELIZABETH MARIE KNIGHT be retained in the office of Judge of the Juvenile Court of the Third Juvenile Court District?,,,YES,146
Summit,CLN19:10,Shall ELIZABETH MARIE KNIGHT be retained in the office of Judge of the Juvenile Court of the Third Juvenile Court District?,,,YES,244
Summit,CLS19:25,Shall ELIZABETH MARIE KNIGHT be retained in the office of Judge of the Juvenile Court of the Third Juvenile Court District?,,,YES,204
Summit,COLN56:10,Shall ELIZABETH MARIE KNIGHT be retained in the office of Judge of the Juvenile Court of the Third Juvenile Court District?,,,YES,0
Summit,DVN1:1,Shall ELIZABETH MARIE KNIGHT be retained in the office of Judge of the Juvenile Court of the Third Juvenile Court District?,,,YES,431
Summit,DVS31:1,Shall ELIZABETH MARIE KNIGHT be retained in the office of Judge of the Juvenile Court of the Third Juvenile Court District?,,,YES,315
Summit,ECOR46:10,Shall ELIZABETH MARIE KNIGHT be retained in the office of Judge of the Juvenile Court of the Third Juvenile Court District?,,,YES,0
Summit,ECOR46:50,Shall ELIZABETH MARIE KNIGHT be retained in the office of Judge of the Juvenile Court of the Third Juvenile Court District?,,,YES,0
Summit,FRAE28:25,Shall ELIZABETH MARIE KNIGHT be retained in the office of Judge of the Juvenile Court of the Third Juvenile Court District?,,,YES,178
Summit,FRAW28:10,Shall ELIZABETH MARIE KNIGHT be retained in the office of Judge of the Juvenile Court of the Third Juvenile Court District?,,,YES,351
Summit,GARF58:10,Shall ELIZABETH MARIE KNIGHT be retained in the office of Judge of the Juvenile Court of the Third Juvenile Court District?,,,YES,0
Summit,HEE38:32,Shall ELIZABETH MARIE KNIGHT be retained in the office of Judge of the Juvenile Court of the Third Juvenile Court District?,,,YES,402
Summit,HEN25:1,Shall ELIZABETH MARIE KNIGHT be retained in the office of Judge of the Juvenile Court of the Third Juvenile Court District?,,,YES,291
Summit,HEW23:32,Shall ELIZABETH MARIE KNIGHT be retained in the office of Judge of the Juvenile Court of the Third Juvenile Court District?,,,YES,300
Summit,HOYT18:10,Shall ELIZABETH MARIE KNIGHT be retained in the office of Judge of the Juvenile Court of the Third Juvenile Court District?,,,YES,299
Summit,IFOR49:10,Shall ELIZABETH MARIE KNIGHT be retained in the office of Judge of the Juvenile Court of the Third Juvenile Court District?,,,YES,0
Summit,JERE37:32,Shall ELIZABETH MARIE KNIGHT be retained in the office of Judge of the Juvenile Court of the Third Juvenile Court District?,,,YES,436
Summit,JERW27:32,Shall ELIZABETH MARIE KNIGHT be retained in the office of Judge of the Juvenile Court of the Third Juvenile Court District?,,,YES,406
Summit,KAMN12:10,Shall ELIZABETH MARIE KNIGHT be retained in the office of Judge of the Juvenile Court of the Third Juvenile Court District?,,,YES,350
Summit,KAMS12:25,Shall ELIZABETH MARIE KNIGHT be retained in the office of Judge of the Juvenile Court of the Third Juvenile Court District?,,,YES,272
Summit,KCYN43:32,Shall ELIZABETH MARIE KNIGHT be retained in the office of Judge of the Juvenile Court of the Third Juvenile Court District?,,,YES,124
Summit,LPNE9:15,Shall ELIZABETH MARIE KNIGHT be retained in the office of Judge of the Juvenile Court of the Third Juvenile Court District?,,,YES,254
Summit,LPNW9:3,Shall ELIZABETH MARIE KNIGHT be retained in the office of Judge of the Juvenile Court of the Third Juvenile Court District?,,,YES,285
Summit,MHW40:32,Shall ELIZABETH MARIE KNIGHT be retained in the office of Judge of the Juvenile Court of the Third Juvenile Court District?,,,YES,384
Summit,MTCR59:10,Shall ELIZABETH MARIE KNIGHT be retained in the office of Judge of the Juvenile Court of the Third Juvenile Court District?,,,YES,0
Summit,MTRS55:25,Shall ELIZABETH MARIE KNIGHT be retained in the office of Judge of the Juvenile Court of the Third Juvenile Court District?,,,YES,103
Summit,NSN24:10,Shall ELIZABETH MARIE KNIGHT be retained in the office of Judge of the Juvenile Court of the Third Juvenile Court District?,,,YES,123
Summit,OAKN14:10,Shall ELIZABETH MARIE KNIGHT be retained in the office of Judge of the Juvenile Court of the Third Juvenile Court District?,,,YES,223
Summit,OAKS14:25,Shall ELIZABETH MARIE KNIGHT be retained in the office of Judge of the Juvenile Court of the Third Juvenile Court District?,,,YES,292
Summit,OLDN32:1,Shall ELIZABETH MARIE KNIGHT be retained in the office of Judge of the Juvenile Court of the Third Juvenile Court District?,,,YES,182
Summit,OLDS2:1,Shall ELIZABETH MARIE KNIGHT be retained in the office of Judge of the Juvenile Court of the Third Juvenile Court District?,,,YES,101
Summit,PARS7:25,Shall ELIZABETH MARIE KNIGHT be retained in the office of Judge of the Juvenile Court of the Third Juvenile Court District?,,,YES,136
Summit,PARW7:32,Shall ELIZABETH MARIE KNIGHT be retained in the office of Judge of the Juvenile Court of the Third Juvenile Court District?,,,YES,467
Summit,PEOA15:20,Shall ELIZABETH MARIE KNIGHT be retained in the office of Judge of the Juvenile Court of the Third Juvenile Court District?,,,YES,103
Summit,PEW51:10,Shall ELIZABETH MARIE KNIGHT be retained in the office of Judge of the Juvenile Court of the Third Juvenile Court District?,,,YES,18
Summit,PEW51:NS5,Shall ELIZABETH MARIE KNIGHT be retained in the office of Judge of the Juvenile Court of the Third Juvenile Court District?,,,YES,0
Summit,PINN39:32,Shall ELIZABETH MARIE KNIGHT be retained in the office of Judge of the Juvenile Court of the Third Juvenile Court District?,,,YES,355
Summit,PKMN35:1,Shall ELIZABETH MARIE KNIGHT be retained in the office of Judge of the Juvenile Court of the Third Juvenile Court District?,,,YES,392
Summit,PKMS5:1,Shall ELIZABETH MARIE KNIGHT be retained in the office of Judge of the Juvenile Court of the Third Juvenile Court District?,,,YES,290
Summit,PRG45:32,Shall ELIZABETH MARIE KNIGHT be retained in the office of Judge of the Juvenile Court of the Third Juvenile Court District?,,,YES,141
Summit,PRG45:S4A,Shall ELIZABETH MARIE KNIGHT be retained in the office of Judge of the Juvenile Court of the Third Juvenile Court District?,,,YES,0
Summit,PRG45:S4B,Shall ELIZABETH MARIE KNIGHT be retained in the office of Judge of the Juvenile Court of the Third Juvenile Court District?,,,YES,0
Summit,PRG45:S4C,Shall ELIZABETH MARIE KNIGHT be retained in the office of Judge of the Juvenile Court of the Third Juvenile Court District?,,,YES,0
Summit,PRM48:10,Shall ELIZABETH MARIE KNIGHT be retained in the office of Judge of the Juvenile Court of the Third Juvenile Court District?,,,YES,431
Summit,PRM48:N5A,Shall ELIZABETH MARIE KNIGHT be retained in the office of Judge of the Juvenile Court of the Third Juvenile Court District?,,,YES,8
Summit,PRM48:N5B,Shall ELIZABETH MARIE KNIGHT be retained in the office of Judge of the Juvenile Court of the Third Juvenile Court District?,,,YES,0
Summit,PROS3:1,Shall ELIZABETH MARIE KNIGHT be retained in the office of Judge of the Juvenile Court of the Third Juvenile Court District?,,,YES,184
Summit,QUAR6:1,Shall ELIZABETH MARIE KNIGHT be retained in the office of Judge of the Juvenile Court of the Third Juvenile Court District?,,,YES,326
Summit,RANS36:32,Shall ELIZABETH MARIE KNIGHT be retained in the office of Judge of the Juvenile Court of the Third Juvenile Court District?,,,YES,137
Summit,RNDV47:10,Shall ELIZABETH MARIE KNIGHT be retained in the office of Judge of the Juvenile Court of the Third Juvenile Court District?,,,YES,0
Summit,ROCP54:10,Shall ELIZABETH MARIE KNIGHT be retained in the office of Judge of the Juvenile Court of the Third Juvenile Court District?,,,YES,55
Summit,ROCP54:S4,Shall ELIZABETH MARIE KNIGHT be retained in the office of Judge of the Juvenile Court of the Third Juvenile Court District?,,,YES,0
Summit,RPL26:32,Shall ELIZABETH MARIE KNIGHT be retained in the office of Judge of the Juvenile Court of the Third Juvenile Court District?,,,YES,386
Summit,SCRL44:31,Shall ELIZABETH MARIE KNIGHT be retained in the office of Judge of the Juvenile Court of the Third Juvenile Court District?,,,YES,286
Summit,SCRU8:31,Shall ELIZABETH MARIE KNIGHT be retained in the office of Judge of the Juvenile Court of the Third Juvenile Court District?,,,YES,183
Summit,SCRU8:NS5,Shall ELIZABETH MARIE KNIGHT be retained in the office of Judge of the Juvenile Court of the Third Juvenile Court District?,,,YES,16
Summit,SFCC57:10,Shall ELIZABETH MARIE KNIGHT be retained in the office of Judge of the Juvenile Court of the Third Juvenile Court District?,,,YES,0
Summit,SIDE33:1,Shall ELIZABETH MARIE KNIGHT be retained in the office of Judge of the Juvenile Court of the Third Juvenile Court District?,,,YES,190
Summit,SLVR16:32,Shall ELIZABETH MARIE KNIGHT be retained in the office of Judge of the Juvenile Court of the Third Juvenile Court District?,,,YES,361
Summit,SML42:32,Shall ELIZABETH MARIE KNIGHT be retained in the office of Judge of the Juvenile Court of the Third Juvenile Court District?,,,YES,346
Summit,SSE13:20,Shall ELIZABETH MARIE KNIGHT be retained in the office of Judge of the Juvenile Court of the Third Juvenile Court District?,,,YES,264
Summit,SSS11:20,Shall ELIZABETH MARIE KNIGHT be retained in the office of Judge of the Juvenile Court of the Third Juvenile Court District?,,,YES,177
Summit,SSW22:20,Shall ELIZABETH MARIE KNIGHT be retained in the office of Judge of the Juvenile Court of the Third Juvenile Court District?,,,YES,190
Summit,SUME30:32,Shall ELIZABETH MARIE KNIGHT be retained in the office of Judge of the Juvenile Court of the Third Juvenile Court District?,,,YES,393
Summit,SUMW10:32,Shall ELIZABETH MARIE KNIGHT be retained in the office of Judge of the Juvenile Court of the Third Juvenile Court District?,,,YES,267
Summit,THAY4:1,Shall ELIZABETH MARIE KNIGHT be retained in the office of Judge of the Juvenile Court of the Third Juvenile Court District?,,,YES,242
Summit,UINT52:10,Shall ELIZABETH MARIE KNIGHT be retained in the office of Judge of the Juvenile Court of the Third Juvenile Court District?,,,YES,0
Summit,UPIN41:32,Shall ELIZABETH MARIE KNIGHT be retained in the office of Judge of the Juvenile Court of the Third Juvenile Court District?,,,YES,212
Summit,WAGN29:32,Shall ELIZABETH MARIE KNIGHT be retained in the office of Judge of the Juvenile Court of the Third Juvenile Court District?,,,YES,203
Summit,WANE17:10,Shall ELIZABETH MARIE KNIGHT be retained in the office of Judge of the Juvenile Court of the Third Juvenile Court District?,,,YES,278
Summit,WANE17:S4,Shall ELIZABETH MARIE KNIGHT be retained in the office of Judge of the Juvenile Court of the Third Juvenile Court District?,,,YES,0
Summit,WNW17:2,Shall ELIZABETH MARIE KNIGHT be retained in the office of Judge of the Juvenile Court of the Third Juvenile Court District?,,,YES,165
Summit,WNW17:P4A,Shall ELIZABETH MARIE KNIGHT be retained in the office of Judge of the Juvenile Court of the Third Juvenile Court District?,,,YES,0
Summit,WNW17:P4B,Shall ELIZABETH MARIE KNIGHT be retained in the office of Judge of the Juvenile Court of the Third Juvenile Court District?,,,YES,0
Summit,WEBC21:20,Shall ELIZABETH MARIE KNIGHT be retained in the office of Judge of the Juvenile Court of the Third Juvenile Court District?,,,YES,150
Summit,BTNN34:25,Shall ELIZABETH MARIE KNIGHT be retained in the office of Judge of the Juvenile Court of the Third Juvenile Court District?,,,NO,45
Summit,BTNS34:10,Shall ELIZABETH MARIE KNIGHT be retained in the office of Judge of the Juvenile Court of the Third Juvenile Court District?,,,NO,30
Summit,CCRK20:10,Shall ELIZABETH MARIE KNIGHT be retained in the office of Judge of the Juvenile Court of the Third Juvenile Court District?,,,NO,70
Summit,CLN19:10,Shall ELIZABETH MARIE KNIGHT be retained in the office of Judge of the Juvenile Court of the Third Juvenile Court District?,,,NO,86
Summit,CLS19:25,Shall ELIZABETH MARIE KNIGHT be retained in the office of Judge of the Juvenile Court of the Third Juvenile Court District?,,,NO,60
Summit,COLN56:10,Shall ELIZABETH MARIE KNIGHT be retained in the office of Judge of the Juvenile Court of the Third Juvenile Court District?,,,NO,0
Summit,DVN1:1,Shall ELIZABETH MARIE KNIGHT be retained in the office of Judge of the Juvenile Court of the Third Juvenile Court District?,,,NO,90
Summit,DVS31:1,Shall ELIZABETH MARIE KNIGHT be retained in the office of Judge of the Juvenile Court of the Third Juvenile Court District?,,,NO,41
Summit,ECOR46:10,Shall ELIZABETH MARIE KNIGHT be retained in the office of Judge of the Juvenile Court of the Third Juvenile Court District?,,,NO,0
Summit,ECOR46:50,Shall ELIZABETH MARIE KNIGHT be retained in the office of Judge of the Juvenile Court of the Third Juvenile Court District?,,,NO,0
Summit,FRAE28:25,Shall ELIZABETH MARIE KNIGHT be retained in the office of Judge of the Juvenile Court of the Third Juvenile Court District?,,,NO,84
Summit,FRAW28:10,Shall ELIZABETH MARIE KNIGHT be retained in the office of Judge of the Juvenile Court of the Third Juvenile Court District?,,,NO,89
Summit,GARF58:10,Shall ELIZABETH MARIE KNIGHT be retained in the office of Judge of the Juvenile Court of the Third Juvenile Court District?,,,NO,0
Summit,HEE38:32,Shall ELIZABETH MARIE KNIGHT be retained in the office of Judge of the Juvenile Court of the Third Juvenile Court District?,,,NO,71
Summit,HEN25:1,Shall ELIZABETH MARIE KNIGHT be retained in the office of Judge of the Juvenile Court of the Third Juvenile Court District?,,,NO,90
Summit,HEW23:32,Shall ELIZABETH MARIE KNIGHT be retained in the office of Judge of the Juvenile Court of the Third Juvenile Court District?,,,NO,79
Summit,HOYT18:10,Shall ELIZABETH MARIE KNIGHT be retained in the office of Judge of the Juvenile Court of the Third Juvenile Court District?,,,NO,121
Summit,IFOR49:10,Shall ELIZABETH MARIE KNIGHT be retained in the office of Judge of the Juvenile Court of the Third Juvenile Court District?,,,NO,0
Summit,JERE37:32,Shall ELIZABETH MARIE KNIGHT be retained in the office of Judge of the Juvenile Court of the Third Juvenile Court District?,,,NO,56
Summit,JERW27:32,Shall ELIZABETH MARIE KNIGHT be retained in the office of Judge of the Juvenile Court of the Third Juvenile Court District?,,,NO,52
Summit,KAMN12:10,Shall ELIZABETH MARIE KNIGHT be retained in the office of Judge of the Juvenile Court of the Third Juvenile Court District?,,,NO,89
Summit,KAMS12:25,Shall ELIZABETH MARIE KNIGHT be retained in the office of Judge of the Juvenile Court of the Third Juvenile Court District?,,,NO,91
Summit,KCYN43:32,Shall ELIZABETH MARIE KNIGHT be retained in the office of Judge of the Juvenile Court of the Third Juvenile Court District?,,,NO,11
Summit,LPNE9:15,Shall ELIZABETH MARIE KNIGHT be retained in the office of Judge of the Juvenile Court of the Third Juvenile Court District?,,,NO,54
Summit,LPNW9:3,Shall ELIZABETH MARIE KNIGHT be retained in the office of Judge of the Juvenile Court of the Third Juvenile Court District?,,,NO,51
Summit,MHW40:32,Shall ELIZABETH MARIE KNIGHT be retained in the office of Judge of the Juvenile Court of the Third Juvenile Court District?,,,NO,70
Summit,MTCR59:10,Shall ELIZABETH MARIE KNIGHT be retained in the office of Judge of the Juvenile Court of the Third Juvenile Court District?,,,NO,0
Summit,MTRS55:25,Shall ELIZABETH MARIE KNIGHT be retained in the office of Judge of the Juvenile Court of the Third Juvenile Court District?,,,NO,11
Summit,NSN24:10,Shall ELIZABETH MARIE KNIGHT be retained in the office of Judge of the Juvenile Court of the Third Juvenile Court District?,,,NO,32
Summit,OAKN14:10,Shall ELIZABETH MARIE KNIGHT be retained in the office of Judge of the Juvenile Court of the Third Juvenile Court District?,,,NO,70
Summit,OAKS14:25,Shall ELIZABETH MARIE KNIGHT be retained in the office of Judge of the Juvenile Court of the Third Juvenile Court District?,,,NO,69
Summit,OLDN32:1,Shall ELIZABETH MARIE KNIGHT be retained in the office of Judge of the Juvenile Court of the Third Juvenile Court District?,,,NO,30
Summit,OLDS2:1,Shall ELIZABETH MARIE KNIGHT be retained in the office of Judge of the Juvenile Court of the Third Juvenile Court District?,,,NO,12
Summit,PARS7:25,Shall ELIZABETH MARIE KNIGHT be retained in the office of Judge of the Juvenile Court of the Third Juvenile Court District?,,,NO,27
Summit,PARW7:32,Shall ELIZABETH MARIE KNIGHT be retained in the office of Judge of the Juvenile Court of the Third Juvenile Court District?,,,NO,103
Summit,PEOA15:20,Shall ELIZABETH MARIE KNIGHT be retained in the office of Judge of the Juvenile Court of the Third Juvenile Court District?,,,NO,53
Summit,PEW51:10,Shall ELIZABETH MARIE KNIGHT be retained in the office of Judge of the Juvenile Court of the Third Juvenile Court District?,,,NO,3
Summit,PEW51:NS5,Shall ELIZABETH MARIE KNIGHT be retained in the office of Judge of the Juvenile Court of the Third Juvenile Court District?,,,NO,0
Summit,PINN39:32,Shall ELIZABETH MARIE KNIGHT be retained in the office of Judge of the Juvenile Court of the Third Juvenile Court District?,,,NO,45
Summit,PKMN35:1,Shall ELIZABETH MARIE KNIGHT be retained in the office of Judge of the Juvenile Court of the Third Juvenile Court District?,,,NO,40
Summit,PKMS5:1,Shall ELIZABETH MARIE KNIGHT be retained in the office of Judge of the Juvenile Court of the Third Juvenile Court District?,,,NO,29
Summit,PRG45:32,Shall ELIZABETH MARIE KNIGHT be retained in the office of Judge of the Juvenile Court of the Third Juvenile Court District?,,,NO,11
Summit,PRG45:S4A,Shall ELIZABETH MARIE KNIGHT be retained in the office of Judge of the Juvenile Court of the Third Juvenile Court District?,,,NO,0
Summit,PRG45:S4B,Shall ELIZABETH MARIE KNIGHT be retained in the office of Judge of the Juvenile Court of the Third Juvenile Court District?,,,NO,0
Summit,PRG45:S4C,Shall ELIZABETH MARIE KNIGHT be retained in the office of Judge of the Juvenile Court of the Third Juvenile Court District?,,,NO,0
Summit,PRM48:10,Shall ELIZABETH MARIE KNIGHT be retained in the office of Judge of the Juvenile Court of the Third Juvenile Court District?,,,NO,74
Summit,PRM48:N5A,Shall ELIZABETH MARIE KNIGHT be retained in the office of Judge of the Juvenile Court of the Third Juvenile Court District?,,,NO,2
Summit,PRM48:N5B,Shall ELIZABETH MARIE KNIGHT be retained in the office of Judge of the Juvenile Court of the Third Juvenile Court District?,,,NO,0
Summit,PROS3:1,Shall ELIZABETH MARIE KNIGHT be retained in the office of Judge of the Juvenile Court of the Third Juvenile Court District?,,,NO,32
Summit,QUAR6:1,Shall ELIZABETH MARIE KNIGHT be retained in the office of Judge of the Juvenile Court of the Third Juvenile Court District?,,,NO,59
Summit,RANS36:32,Shall ELIZABETH MARIE KNIGHT be retained in the office of Judge of the Juvenile Court of the Third Juvenile Court District?,,,NO,16
Summit,RNDV47:10,Shall ELIZABETH MARIE KNIGHT be retained in the office of Judge of the Juvenile Court of the Third Juvenile Court District?,,,NO,0
Summit,ROCP54:10,Shall ELIZABETH MARIE KNIGHT be retained in the office of Judge of the Juvenile Court of the Third Juvenile Court District?,,,NO,11
Summit,ROCP54:S4,Shall ELIZABETH MARIE KNIGHT be retained in the office of Judge of the Juvenile Court of the Third Juvenile Court District?,,,NO,0
Summit,RPL26:32,Shall ELIZABETH MARIE KNIGHT be retained in the office of Judge of the Juvenile Court of the Third Juvenile Court District?,,,NO,58
Summit,SCRL44:31,Shall ELIZABETH MARIE KNIGHT be retained in the office of Judge of the Juvenile Court of the Third Juvenile Court District?,,,NO,58
Summit,SCRU8:31,Shall ELIZABETH MARIE KNIGHT be retained in the office of Judge of the Juvenile Court of the Third Juvenile Court District?,,,NO,61
Summit,SCRU8:NS5,Shall ELIZABETH MARIE KNIGHT be retained in the office of Judge of the Juvenile Court of the Third Juvenile Court District?,,,NO,1
Summit,SFCC57:10,Shall ELIZABETH MARIE KNIGHT be retained in the office of Judge of the Juvenile Court of the Third Juvenile Court District?,,,NO,0
Summit,SIDE33:1,Shall ELIZABETH MARIE KNIGHT be retained in the office of Judge of the Juvenile Court of the Third Juvenile Court District?,,,NO,43
Summit,SLVR16:32,Shall ELIZABETH MARIE KNIGHT be retained in the office of Judge of the Juvenile Court of the Third Juvenile Court District?,,,NO,46
Summit,SML42:32,Shall ELIZABETH MARIE KNIGHT be retained in the office of Judge of the Juvenile Court of the Third Juvenile Court District?,,,NO,47
Summit,SSE13:20,Shall ELIZABETH MARIE KNIGHT be retained in the office of Judge of the Juvenile Court of the Third Juvenile Court District?,,,NO,105
Summit,SSS11:20,Shall ELIZABETH MARIE KNIGHT be retained in the office of Judge of the Juvenile Court of the Third Juvenile Court District?,,,NO,91
Summit,SSW22:20,Shall ELIZABETH MARIE KNIGHT be retained in the office of Judge of the Juvenile Court of the Third Juvenile Court District?,,,NO,65
Summit,SUME30:32,Shall ELIZABETH MARIE KNIGHT be retained in the office of Judge of the Juvenile Court of the Third Juvenile Court District?,,,NO,70
Summit,SUMW10:32,Shall ELIZABETH MARIE KNIGHT be retained in the office of Judge of the Juvenile Court of the Third Juvenile Court District?,,,NO,52
Summit,THAY4:1,Shall ELIZABETH MARIE KNIGHT be retained in the office of Judge of the Juvenile Court of the Third Juvenile Court District?,,,NO,39
Summit,UINT52:10,Shall ELIZABETH MARIE KNIGHT be retained in the office of Judge of the Juvenile Court of the Third Juvenile Court District?,,,NO,0
Summit,UPIN41:32,Shall ELIZABETH MARIE KNIGHT be retained in the office of Judge of the Juvenile Court of the Third Juvenile Court District?,,,NO,23
Summit,WAGN29:32,Shall ELIZABETH MARIE KNIGHT be retained in the office of Judge of the Juvenile Court of the Third Juvenile Court District?,,,NO,32
Summit,WANE17:10,Shall ELIZABETH MARIE KNIGHT be retained in the office of Judge of the Juvenile Court of the Third Juvenile Court District?,,,NO,74
Summit,WANE17:S4,Shall ELIZABETH MARIE KNIGHT be retained in the office of Judge of the Juvenile Court of the Third Juvenile Court District?,,,NO,0
Summit,WNW17:2,Shall ELIZABETH MARIE KNIGHT be retained in the office of Judge of the Juvenile Court of the Third Juvenile Court District?,,,NO,44
Summit,WNW17:P4A,Shall ELIZABETH MARIE KNIGHT be retained in the office of Judge of the Juvenile Court of the Third Juvenile Court District?,,,NO,0
Summit,WNW17:P4B,Shall ELIZABETH MARIE KNIGHT be retained in the office of Judge of the Juvenile Court of the Third Juvenile Court District?,,,NO,0
Summit,WEBC21:20,Shall ELIZABETH MARIE KNIGHT be retained in the office of Judge of the Juvenile Court of the Third Juvenile Court District?,,,NO,40
Summit,BTNN34:25,Shall TUPAKK AMARU GUSTAVO RENTERIA be retained in the office of Judge of the Juvenile Court of the Third Juvenile Court District?,,,YES,249
Summit,BTNS34:10,Shall TUPAKK AMARU GUSTAVO RENTERIA be retained in the office of Judge of the Juvenile Court of the Third Juvenile Court District?,,,YES,199
Summit,CCRK20:10,Shall TUPAKK AMARU GUSTAVO RENTERIA be retained in the office of Judge of the Juvenile Court of the Third Juvenile Court District?,,,YES,129
Summit,CLN19:10,Shall TUPAKK AMARU GUSTAVO RENTERIA be retained in the office of Judge of the Juvenile Court of the Third Juvenile Court District?,,,YES,224
Summit,CLS19:25,Shall TUPAKK AMARU GUSTAVO RENTERIA be retained in the office of Judge of the Juvenile Court of the Third Juvenile Court District?,,,YES,184
Summit,COLN56:10,Shall TUPAKK AMARU GUSTAVO RENTERIA be retained in the office of Judge of the Juvenile Court of the Third Juvenile Court District?,,,YES,0
Summit,DVN1:1,Shall TUPAKK AMARU GUSTAVO RENTERIA be retained in the office of Judge of the Juvenile Court of the Third Juvenile Court District?,,,YES,423
Summit,DVS31:1,Shall TUPAKK AMARU GUSTAVO RENTERIA be retained in the office of Judge of the Juvenile Court of the Third Juvenile Court District?,,,YES,303
Summit,ECOR46:10,Shall TUPAKK AMARU GUSTAVO RENTERIA be retained in the office of Judge of the Juvenile Court of the Third Juvenile Court District?,,,YES,0
Summit,ECOR46:50,Shall TUPAKK AMARU GUSTAVO RENTERIA be retained in the office of Judge of the Juvenile Court of the Third Juvenile Court District?,,,YES,0
Summit,FRAE28:25,Shall TUPAKK AMARU GUSTAVO RENTERIA be retained in the office of Judge of the Juvenile Court of the Third Juvenile Court District?,,,YES,161
Summit,FRAW28:10,Shall TUPAKK AMARU GUSTAVO RENTERIA be retained in the office of Judge of the Juvenile Court of the Third Juvenile Court District?,,,YES,334
Summit,GARF58:10,Shall TUPAKK AMARU GUSTAVO RENTERIA be retained in the office of Judge of the Juvenile Court of the Third Juvenile Court District?,,,YES,0
Summit,HEE38:32,Shall TUPAKK AMARU GUSTAVO RENTERIA be retained in the office of Judge of the Juvenile Court of the Third Juvenile Court District?,,,YES,382
Summit,HEN25:1,Shall TUPAKK AMARU GUSTAVO RENTERIA be retained in the office of Judge of the Juvenile Court of the Third Juvenile Court District?,,,YES,265
Summit,HEW23:32,Shall TUPAKK AMARU GUSTAVO RENTERIA be retained in the office of Judge of the Juvenile Court of the Third Juvenile Court District?,,,YES,294
Summit,HOYT18:10,Shall TUPAKK AMARU GUSTAVO RENTERIA be retained in the office of Judge of the Juvenile Court of the Third Juvenile Court District?,,,YES,271
Summit,IFOR49:10,Shall TUPAKK AMARU GUSTAVO RENTERIA be retained in the office of Judge of the Juvenile Court of the Third Juvenile Court District?,,,YES,0
Summit,JERE37:32,Shall TUPAKK AMARU GUSTAVO RENTERIA be retained in the office of Judge of the Juvenile Court of the Third Juvenile Court District?,,,YES,429
Summit,JERW27:32,Shall TUPAKK AMARU GUSTAVO RENTERIA be retained in the office of Judge of the Juvenile Court of the Third Juvenile Court District?,,,YES,397
Summit,KAMN12:10,Shall TUPAKK AMARU GUSTAVO RENTERIA be retained in the office of Judge of the Juvenile Court of the Third Juvenile Court District?,,,YES,330
Summit,KAMS12:25,Shall TUPAKK AMARU GUSTAVO RENTERIA be retained in the office of Judge of the Juvenile Court of the Third Juvenile Court District?,,,YES,260
Summit,KCYN43:32,Shall TUPAKK AMARU GUSTAVO RENTERIA be retained in the office of Judge of the Juvenile Court of the Third Juvenile Court District?,,,YES,123
Summit,LPNE9:15,Shall TUPAKK AMARU GUSTAVO RENTERIA be retained in the office of Judge of the Juvenile Court of the Third Juvenile Court District?,,,YES,251
Summit,LPNW9:3,Shall TUPAKK AMARU GUSTAVO RENTERIA be retained in the office of Judge of the Juvenile Court of the Third Juvenile Court District?,,,YES,282
Summit,MHW40:32,Shall TUPAKK AMARU GUSTAVO RENTERIA be retained in the office of Judge of the Juvenile Court of the Third Juvenile Court District?,,,YES,373
Summit,MTCR59:10,Shall TUPAKK AMARU GUSTAVO RENTERIA be retained in the office of Judge of the Juvenile Court of the Third Juvenile Court District?,,,YES,0
Summit,MTRS55:25,Shall TUPAKK AMARU GUSTAVO RENTERIA be retained in the office of Judge of the Juvenile Court of the Third Juvenile Court District?,,,YES,97
Summit,NSN24:10,Shall TUPAKK AMARU GUSTAVO RENTERIA be retained in the office of Judge of the Juvenile Court of the Third Juvenile Court District?,,,YES,109
Summit,OAKN14:10,Shall TUPAKK AMARU GUSTAVO RENTERIA be retained in the office of Judge of the Juvenile Court of the Third Juvenile Court District?,,,YES,207
Summit,OAKS14:25,Shall TUPAKK AMARU GUSTAVO RENTERIA be retained in the office of Judge of the Juvenile Court of the Third Juvenile Court District?,,,YES,285
Summit,OLDN32:1,Shall TUPAKK AMARU GUSTAVO RENTERIA be retained in the office of Judge of the Juvenile Court of the Third Juvenile Court District?,,,YES,184
Summit,OLDS2:1,Shall TUPAKK AMARU GUSTAVO RENTERIA be retained in the office of Judge of the Juvenile Court of the Third Juvenile Court District?,,,YES,97
Summit,PARS7:25,Shall TUPAKK AMARU GUSTAVO RENTERIA be retained in the office of Judge of the Juvenile Court of the Third Juvenile Court District?,,,YES,133
Summit,PARW7:32,Shall TUPAKK AMARU GUSTAVO RENTERIA be retained in the office of Judge of the Juvenile Court of the Third Juvenile Court District?,,,YES,466
Summit,PEOA15:20,Shall TUPAKK AMARU GUSTAVO RENTERIA be retained in the office of Judge of the Juvenile Court of the Third Juvenile Court District?,,,YES,99
Summit,PEW51:10,Shall TUPAKK AMARU GUSTAVO RENTERIA be retained in the office of Judge of the Juvenile Court of the Third Juvenile Court District?,,,YES,20
Summit,PEW51:NS5,Shall TUPAKK AMARU GUSTAVO RENTERIA be retained in the office of Judge of the Juvenile Court of the Third Juvenile Court District?,,,YES,0
Summit,PINN39:32,Shall TUPAKK AMARU GUSTAVO RENTERIA be retained in the office of Judge of the Juvenile Court of the Third Juvenile Court District?,,,YES,354
Summit,PKMN35:1,Shall TUPAKK AMARU GUSTAVO RENTERIA be retained in the office of Judge of the Juvenile Court of the Third Juvenile Court District?,,,YES,387
Summit,PKMS5:1,Shall TUPAKK AMARU GUSTAVO RENTERIA be retained in the office of Judge of the Juvenile Court of the Third Juvenile Court District?,,,YES,287
Summit,PRG45:32,Shall TUPAKK AMARU GUSTAVO RENTERIA be retained in the office of Judge of the Juvenile Court of the Third Juvenile Court District?,,,YES,132
Summit,PRG45:S4A,Shall TUPAKK AMARU GUSTAVO RENTERIA be retained in the office of Judge of the Juvenile Court of the Third Juvenile Court District?,,,YES,0
Summit,PRG45:S4B,Shall TUPAKK AMARU GUSTAVO RENTERIA be retained in the office of Judge of the Juvenile Court of the Third Juvenile Court District?,,,YES,0
Summit,PRG45:S4C,Shall TUPAKK AMARU GUSTAVO RENTERIA be retained in the office of Judge of the Juvenile Court of the Third Juvenile Court District?,,,YES,0
Summit,PRM48:10,Shall TUPAKK AMARU GUSTAVO RENTERIA be retained in the office of Judge of the Juvenile Court of the Third Juvenile Court District?,,,YES,421
Summit,PRM48:N5A,Shall TUPAKK AMARU GUSTAVO RENTERIA be retained in the office of Judge of the Juvenile Court of the Third Juvenile Court District?,,,YES,8
Summit,PRM48:N5B,Shall TUPAKK AMARU GUSTAVO RENTERIA be retained in the office of Judge of the Juvenile Court of the Third Juvenile Court District?,,,YES,0
Summit,PROS3:1,Shall TUPAKK AMARU GUSTAVO RENTERIA be retained in the office of Judge of the Juvenile Court of the Third Juvenile Court District?,,,YES,185
Summit,QUAR6:1,Shall TUPAKK AMARU GUSTAVO RENTERIA be retained in the office of Judge of the Juvenile Court of the Third Juvenile Court District?,,,YES,324
Summit,RANS36:32,Shall TUPAKK AMARU GUSTAVO RENTERIA be retained in the office of Judge of the Juvenile Court of the Third Juvenile Court District?,,,YES,132
Summit,RNDV47:10,Shall TUPAKK AMARU GUSTAVO RENTERIA be retained in the office of Judge of the Juvenile Court of the Third Juvenile Court District?,,,YES,0
Summit,ROCP54:10,Shall TUPAKK AMARU GUSTAVO RENTERIA be retained in the office of Judge of the Juvenile Court of the Third Juvenile Court District?,,,YES,53
Summit,ROCP54:S4,Shall TUPAKK AMARU GUSTAVO RENTERIA be retained in the office of Judge of the Juvenile Court of the Third Juvenile Court District?,,,YES,0
Summit,RPL26:32,Shall TUPAKK AMARU GUSTAVO RENTERIA be retained in the office of Judge of the Juvenile Court of the Third Juvenile Court District?,,,YES,373
Summit,SCRL44:31,Shall TUPAKK AMARU GUSTAVO RENTERIA be retained in the office of Judge of the Juvenile Court of the Third Juvenile Court District?,,,YES,265
Summit,SCRU8:31,Shall TUPAKK AMARU GUSTAVO RENTERIA be retained in the office of Judge of the Juvenile Court of the Third Juvenile Court District?,,,YES,172
Summit,SCRU8:NS5,Shall TUPAKK AMARU GUSTAVO RENTERIA be retained in the office of Judge of the Juvenile Court of the Third Juvenile Court District?,,,YES,16
Summit,SFCC57:10,Shall TUPAKK AMARU GUSTAVO RENTERIA be retained in the office of Judge of the Juvenile Court of the Third Juvenile Court District?,,,YES,0
Summit,SIDE33:1,Shall TUPAKK AMARU GUSTAVO RENTERIA be retained in the office of Judge of the Juvenile Court of the Third Juvenile Court District?,,,YES,184
Summit,SLVR16:32,Shall TUPAKK AMARU GUSTAVO RENTERIA be retained in the office of Judge of the Juvenile Court of the Third Juvenile Court District?,,,YES,354
Summit,SML42:32,Shall TUPAKK AMARU GUSTAVO RENTERIA be retained in the office of Judge of the Juvenile Court of the Third Juvenile Court District?,,,YES,340
Summit,SSE13:20,Shall TUPAKK AMARU GUSTAVO RENTERIA be retained in the office of Judge of the Juvenile Court of the Third Juvenile Court District?,,,YES,253
Summit,SSS11:20,Shall TUPAKK AMARU GUSTAVO RENTERIA be retained in the office of Judge of the Juvenile Court of the Third Juvenile Court District?,,,YES,166
Summit,SSW22:20,Shall TUPAKK AMARU GUSTAVO RENTERIA be retained in the office of Judge of the Juvenile Court of the Third Juvenile Court District?,,,YES,183
Summit,SUME30:32,Shall TUPAKK AMARU GUSTAVO RENTERIA be retained in the office of Judge of the Juvenile Court of the Third Juvenile Court District?,,,YES,393
Summit,SUMW10:32,Shall TUPAKK AMARU GUSTAVO RENTERIA be retained in the office of Judge of the Juvenile Court of the Third Juvenile Court District?,,,YES,266
Summit,THAY4:1,Shall TUPAKK AMARU GUSTAVO RENTERIA be retained in the office of Judge of the Juvenile Court of the Third Juvenile Court District?,,,YES,235
Summit,UINT52:10,Shall TUPAKK AMARU GUSTAVO RENTERIA be retained in the office of Judge of the Juvenile Court of the Third Juvenile Court District?,,,YES,0
Summit,UPIN41:32,Shall TUPAKK AMARU GUSTAVO RENTERIA be retained in the office of Judge of the Juvenile Court of the Third Juvenile Court District?,,,YES,204
Summit,WAGN29:32,Shall TUPAKK AMARU GUSTAVO RENTERIA be retained in the office of Judge of the Juvenile Court of the Third Juvenile Court District?,,,YES,199
Summit,WANE17:10,Shall TUPAKK AMARU GUSTAVO RENTERIA be retained in the office of Judge of the Juvenile Court of the Third Juvenile Court District?,,,YES,256
Summit,WANE17:S4,Shall TUPAKK AMARU GUSTAVO RENTERIA be retained in the office of Judge of the Juvenile Court of the Third Juvenile Court District?,,,YES,0
Summit,WNW17:2,Shall TUPAKK AMARU GUSTAVO RENTERIA be retained in the office of Judge of the Juvenile Court of the Third Juvenile Court District?,,,YES,154
Summit,WNW17:P4A,Shall TUPAKK AMARU GUSTAVO RENTERIA be retained in the office of Judge of the Juvenile Court of the Third Juvenile Court District?,,,YES,0
Summit,WNW17:P4B,Shall TUPAKK AMARU GUSTAVO RENTERIA be retained in the office of Judge of the Juvenile Court of the Third Juvenile Court District?,,,YES,0
Summit,WEBC21:20,Shall TUPAKK AMARU GUSTAVO RENTERIA be retained in the office of Judge of the Juvenile Court of the Third Juvenile Court District?,,,YES,147
Summit,BTNN34:25,Shall TUPAKK AMARU GUSTAVO RENTERIA be retained in the office of Judge of the Juvenile Court of the Third Juvenile Court District?,,,NO,41
Summit,BTNS34:10,Shall TUPAKK AMARU GUSTAVO RENTERIA be retained in the office of Judge of the Juvenile Court of the Third Juvenile Court District?,,,NO,31
Summit,CCRK20:10,Shall TUPAKK AMARU GUSTAVO RENTERIA be retained in the office of Judge of the Juvenile Court of the Third Juvenile Court District?,,,NO,81
Summit,CLN19:10,Shall TUPAKK AMARU GUSTAVO RENTERIA be retained in the office of Judge of the Juvenile Court of the Third Juvenile Court District?,,,NO,104
Summit,CLS19:25,Shall TUPAKK AMARU GUSTAVO RENTERIA be retained in the office of Judge of the Juvenile Court of the Third Juvenile Court District?,,,NO,81
Summit,COLN56:10,Shall TUPAKK AMARU GUSTAVO RENTERIA be retained in the office of Judge of the Juvenile Court of the Third Juvenile Court District?,,,NO,0
Summit,DVN1:1,Shall TUPAKK AMARU GUSTAVO RENTERIA be retained in the office of Judge of the Juvenile Court of the Third Juvenile Court District?,,,NO,97
Summit,DVS31:1,Shall TUPAKK AMARU GUSTAVO RENTERIA be retained in the office of Judge of the Juvenile Court of the Third Juvenile Court District?,,,NO,49
Summit,ECOR46:10,Shall TUPAKK AMARU GUSTAVO RENTERIA be retained in the office of Judge of the Juvenile Court of the Third Juvenile Court District?,,,NO,0
Summit,ECOR46:50,Shall TUPAKK AMARU GUSTAVO RENTERIA be retained in the office of Judge of the Juvenile Court of the Third Juvenile Court District?,,,NO,0
Summit,FRAE28:25,Shall TUPAKK AMARU GUSTAVO RENTERIA be retained in the office of Judge of the Juvenile Court of the Third Juvenile Court District?,,,NO,98
Summit,FRAW28:10,Shall TUPAKK AMARU GUSTAVO RENTERIA be retained in the office of Judge of the Juvenile Court of the Third Juvenile Court District?,,,NO,110
Summit,GARF58:10,Shall TUPAKK AMARU GUSTAVO RENTERIA be retained in the office of Judge of the Juvenile Court of the Third Juvenile Court District?,,,NO,0
Summit,HEE38:32,Shall TUPAKK AMARU GUSTAVO RENTERIA be retained in the office of Judge of the Juvenile Court of the Third Juvenile Court District?,,,NO,81
Summit,HEN25:1,Shall TUPAKK AMARU GUSTAVO RENTERIA be retained in the office of Judge of the Juvenile Court of the Third Juvenile Court District?,,,NO,117
Summit,HEW23:32,Shall TUPAKK AMARU GUSTAVO RENTERIA be retained in the office of Judge of the Juvenile Court of the Third Juvenile Court District?,,,NO,83
Summit,HOYT18:10,Shall TUPAKK AMARU GUSTAVO RENTERIA be retained in the office of Judge of the Juvenile Court of the Third Juvenile Court District?,,,NO,147
Summit,IFOR49:10,Shall TUPAKK AMARU GUSTAVO RENTERIA be retained in the office of Judge of the Juvenile Court of the Third Juvenile Court District?,,,NO,0
Summit,JERE37:32,Shall TUPAKK AMARU GUSTAVO RENTERIA be retained in the office of Judge of the Juvenile Court of the Third Juvenile Court District?,,,NO,58
Summit,JERW27:32,Shall TUPAKK AMARU GUSTAVO RENTERIA be retained in the office of Judge of the Juvenile Court of the Third Juvenile Court District?,,,NO,61
Summit,KAMN12:10,Shall TUPAKK AMARU GUSTAVO RENTERIA be retained in the office of Judge of the Juvenile Court of the Third Juvenile Court District?,,,NO,104
Summit,KAMS12:25,Shall TUPAKK AMARU GUSTAVO RENTERIA be retained in the office of Judge of the Juvenile Court of the Third Juvenile Court District?,,,NO,103
Summit,KCYN43:32,Shall TUPAKK AMARU GUSTAVO RENTERIA be retained in the office of Judge of the Juvenile Court of the Third Juvenile Court District?,,,NO,14
Summit,LPNE9:15,Shall TUPAKK AMARU GUSTAVO RENTERIA be retained in the office of Judge of the Juvenile Court of the Third Juvenile Court District?,,,NO,57
Summit,LPNW9:3,Shall TUPAKK AMARU GUSTAVO RENTERIA be retained in the office of Judge of the Juvenile Court of the Third Juvenile Court District?,,,NO,47
Summit,MHW40:32,Shall TUPAKK AMARU GUSTAVO RENTERIA be retained in the office of Judge of the Juvenile Court of the Third Juvenile Court District?,,,NO,83
Summit,MTCR59:10,Shall TUPAKK AMARU GUSTAVO RENTERIA be retained in the office of Judge of the Juvenile Court of the Third Juvenile Court District?,,,NO,0
Summit,MTRS55:25,Shall TUPAKK AMARU GUSTAVO RENTERIA be retained in the office of Judge of the Juvenile Court of the Third Juvenile Court District?,,,NO,15
Summit,NSN24:10,Shall TUPAKK AMARU GUSTAVO RENTERIA be retained in the office of Judge of the Juvenile Court of the Third Juvenile Court District?,,,NO,42
Summit,OAKN14:10,Shall TUPAKK AMARU GUSTAVO RENTERIA be retained in the office of Judge of the Juvenile Court of the Third Juvenile Court District?,,,NO,82
Summit,OAKS14:25,Shall TUPAKK AMARU GUSTAVO RENTERIA be retained in the office of Judge of the Juvenile Court of the Third Juvenile Court District?,,,NO,77
Summit,OLDN32:1,Shall TUPAKK AMARU GUSTAVO RENTERIA be retained in the office of Judge of the Juvenile Court of the Third Juvenile Court District?,,,NO,27
Summit,OLDS2:1,Shall TUPAKK AMARU GUSTAVO RENTERIA be retained in the office of Judge of the Juvenile Court of the Third Juvenile Court District?,,,NO,17
Summit,PARS7:25,Shall TUPAKK AMARU GUSTAVO RENTERIA be retained in the office of Judge of the Juvenile Court of the Third Juvenile Court District?,,,NO,28
Summit,PARW7:32,Shall TUPAKK AMARU GUSTAVO RENTERIA be retained in the office of Judge of the Juvenile Court of the Third Juvenile Court District?,,,NO,93
Summit,PEOA15:20,Shall TUPAKK AMARU GUSTAVO RENTERIA be retained in the office of Judge of the Juvenile Court of the Third Juvenile Court District?,,,NO,57
Summit,PEW51:10,Shall TUPAKK AMARU GUSTAVO RENTERIA be retained in the office of Judge of the Juvenile Court of the Third Juvenile Court District?,,,NO,3
Summit,PEW51:NS5,Shall TUPAKK AMARU GUSTAVO RENTERIA be retained in the office of Judge of the Juvenile Court of the Third Juvenile Court District?,,,NO,0
Summit,PINN39:32,Shall TUPAKK AMARU GUSTAVO RENTERIA be retained in the office of Judge of the Juvenile Court of the Third Juvenile Court District?,,,NO,45
Summit,PKMN35:1,Shall TUPAKK AMARU GUSTAVO RENTERIA be retained in the office of Judge of the Juvenile Court of the Third Juvenile Court District?,,,NO,40
Summit,PKMS5:1,Shall TUPAKK AMARU GUSTAVO RENTERIA be retained in the office of Judge of the Juvenile Court of the Third Juvenile Court District?,,,NO,37
Summit,PRG45:32,Shall TUPAKK AMARU GUSTAVO RENTERIA be retained in the office of Judge of the Juvenile Court of the Third Juvenile Court District?,,,NO,13
Summit,PRG45:S4A,Shall TUPAKK AMARU GUSTAVO RENTERIA be retained in the office of Judge of the Juvenile Court of the Third Juvenile Court District?,,,NO,0
Summit,PRG45:S4B,Shall TUPAKK AMARU GUSTAVO RENTERIA be retained in the office of Judge of the Juvenile Court of the Third Juvenile Court District?,,,NO,0
Summit,PRG45:S4C,Shall TUPAKK AMARU GUSTAVO RENTERIA be retained in the office of Judge of the Juvenile Court of the Third Juvenile Court District?,,,NO,0
Summit,PRM48:10,Shall TUPAKK AMARU GUSTAVO RENTERIA be retained in the office of Judge of the Juvenile Court of the Third Juvenile Court District?,,,NO,85
Summit,PRM48:N5A,Shall TUPAKK AMARU GUSTAVO RENTERIA be retained in the office of Judge of the Juvenile Court of the Third Juvenile Court District?,,,NO,2
Summit,PRM48:N5B,Shall TUPAKK AMARU GUSTAVO RENTERIA be retained in the office of Judge of the Juvenile Court of the Third Juvenile Court District?,,,NO,0
Summit,PROS3:1,Shall TUPAKK AMARU GUSTAVO RENTERIA be retained in the office of Judge of the Juvenile Court of the Third Juvenile Court District?,,,NO,31
Summit,QUAR6:1,Shall TUPAKK AMARU GUSTAVO RENTERIA be retained in the office of Judge of the Juvenile Court of the Third Juvenile Court District?,,,NO,59
Summit,RANS36:32,Shall TUPAKK AMARU GUSTAVO RENTERIA be retained in the office of Judge of the Juvenile Court of the Third Juvenile Court District?,,,NO,21
Summit,RNDV47:10,Shall TUPAKK AMARU GUSTAVO RENTERIA be retained in the office of Judge of the Juvenile Court of the Third Juvenile Court District?,,,NO,0
Summit,ROCP54:10,Shall TUPAKK AMARU GUSTAVO RENTERIA be retained in the office of Judge of the Juvenile Court of the Third Juvenile Court District?,,,NO,13
Summit,ROCP54:S4,Shall TUPAKK AMARU GUSTAVO RENTERIA be retained in the office of Judge of the Juvenile Court of the Third Juvenile Court District?,,,NO,0
Summit,RPL26:32,Shall TUPAKK AMARU GUSTAVO RENTERIA be retained in the office of Judge of the Juvenile Court of the Third Juvenile Court District?,,,NO,63
Summit,SCRL44:31,Shall TUPAKK AMARU GUSTAVO RENTERIA be retained in the office of Judge of the Juvenile Court of the Third Juvenile Court District?,,,NO,72
Summit,SCRU8:31,Shall TUPAKK AMARU GUSTAVO RENTERIA be retained in the office of Judge of the Juvenile Court of the Third Juvenile Court District?,,,NO,70
Summit,SCRU8:NS5,Shall TUPAKK AMARU GUSTAVO RENTERIA be retained in the office of Judge of the Juvenile Court of the Third Juvenile Court District?,,,NO,2
Summit,SFCC57:10,Shall TUPAKK AMARU GUSTAVO RENTERIA be retained in the office of Judge of the Juvenile Court of the Third Juvenile Court District?,,,NO,0
Summit,SIDE33:1,Shall TUPAKK AMARU GUSTAVO RENTERIA be retained in the office of Judge of the Juvenile Court of the Third Juvenile Court District?,,,NO,45
Summit,SLVR16:32,Shall TUPAKK AMARU GUSTAVO RENTERIA be retained in the office of Judge of the Juvenile Court of the Third Juvenile Court District?,,,NO,53
Summit,SML42:32,Shall TUPAKK AMARU GUSTAVO RENTERIA be retained in the office of Judge of the Juvenile Court of the Third Juvenile Court District?,,,NO,52
Summit,SSE13:20,Shall TUPAKK AMARU GUSTAVO RENTERIA be retained in the office of Judge of the Juvenile Court of the Third Juvenile Court District?,,,NO,118
Summit,SSS11:20,Shall TUPAKK AMARU GUSTAVO RENTERIA be retained in the office of Judge of the Juvenile Court of the Third Juvenile Court District?,,,NO,95
Summit,SSW22:20,Shall TUPAKK AMARU GUSTAVO RENTERIA be retained in the office of Judge of the Juvenile Court of the Third Juvenile Court District?,,,NO,72
Summit,SUME30:32,Shall TUPAKK AMARU GUSTAVO RENTERIA be retained in the office of Judge of the Juvenile Court of the Third Juvenile Court District?,,,NO,72
Summit,SUMW10:32,Shall TUPAKK AMARU GUSTAVO RENTERIA be retained in the office of Judge of the Juvenile Court of the Third Juvenile Court District?,,,NO,53
Summit,THAY4:1,Shall TUPAKK AMARU GUSTAVO RENTERIA be retained in the office of Judge of the Juvenile Court of the Third Juvenile Court District?,,,NO,39
Summit,UINT52:10,Shall TUPAKK AMARU GUSTAVO RENTERIA be retained in the office of Judge of the Juvenile Court of the Third Juvenile Court District?,,,NO,0
Summit,UPIN41:32,Shall TUPAKK AMARU GUSTAVO RENTERIA be retained in the office of Judge of the Juvenile Court of the Third Juvenile Court District?,,,NO,24
Summit,WAGN29:32,Shall TUPAKK AMARU GUSTAVO RENTERIA be retained in the office of Judge of the Juvenile Court of the Third Juvenile Court District?,,,NO,32
Summit,WANE17:10,Shall TUPAKK AMARU GUSTAVO RENTERIA be retained in the office of Judge of the Juvenile Court of the Third Juvenile Court District?,,,NO,87
Summit,WANE17:S4,Shall TUPAKK AMARU GUSTAVO RENTERIA be retained in the office of Judge of the Juvenile Court of the Third Juvenile Court District?,,,NO,0
Summit,WNW17:2,Shall TUPAKK AMARU GUSTAVO RENTERIA be retained in the office of Judge of the Juvenile Court of the Third Juvenile Court District?,,,NO,58
Summit,WNW17:P4A,Shall TUPAKK AMARU GUSTAVO RENTERIA be retained in the office of Judge of the Juvenile Court of the Third Juvenile Court District?,,,NO,0
Summit,WNW17:P4B,Shall TUPAKK AMARU GUSTAVO RENTERIA be retained in the office of Judge of the Juvenile Court of the Third Juvenile Court District?,,,NO,0
Summit,WEBC21:20,Shall TUPAKK AMARU GUSTAVO RENTERIA be retained in the office of Judge of the Juvenile Court of the Third Juvenile Court District?,,,NO,45
Summit,BTNN34:25,Constitutional Amendment B,,,FOR,305
Summit,BTNS34:10,Constitutional Amendment B,,,FOR,269
Summit,CCRK20:10,Constitutional Amendment B,,,FOR,160
Summit,CLN19:10,Constitutional Amendment B,,,FOR,251
Summit,CLS19:25,Constitutional Amendment B,,,FOR,221
Summit,COLN56:10,Constitutional Amendment B,,,FOR,0
Summit,DVN1:1,Constitutional Amendment B,,,FOR,572
Summit,DVS31:1,Constitutional Amendment B,,,FOR,386
Summit,ECOR46:10,Constitutional Amendment B,,,FOR,0
Summit,ECOR46:50,Constitutional Amendment B,,,FOR,0
Summit,FRAE28:25,Constitutional Amendment B,,,FOR,228
Summit,FRAW28:10,Constitutional Amendment B,,,FOR,421
Summit,GARF58:10,Constitutional Amendment B,,,FOR,0
Summit,HEE38:32,Constitutional Amendment B,,,FOR,530
Summit,HEN25:1,Constitutional Amendment B,,,FOR,264
Summit,HEW23:32,Constitutional Amendment B,,,FOR,416
Summit,HOYT18:10,Constitutional Amendment B,,,FOR,342
Summit,IFOR49:10,Constitutional Amendment B,,,FOR,0
Summit,JERE37:32,Constitutional Amendment B,,,FOR,514
Summit,JERW27:32,Constitutional Amendment B,,,FOR,475
Summit,KAMN12:10,Constitutional Amendment B,,,FOR,352
Summit,KAMS12:25,Constitutional Amendment B,,,FOR,318
Summit,KCYN43:32,Constitutional Amendment B,,,FOR,138
Summit,LPNE9:15,Constitutional Amendment B,,,FOR,324
Summit,LPNW9:3,Constitutional Amendment B,,,FOR,330
Summit,MHW40:32,Constitutional Amendment B,,,FOR,471
Summit,MTCR59:10,Constitutional Amendment B,,,FOR,0
Summit,MTRS55:25,Constitutional Amendment B,,,FOR,130
Summit,NSN24:10,Constitutional Amendment B,,,FOR,115
Summit,OAKN14:10,Constitutional Amendment B,,,FOR,259
Summit,OAKS14:25,Constitutional Amendment B,,,FOR,309
Summit,OLDN32:1,Constitutional Amendment B,,,FOR,234
Summit,OLDS2:1,Constitutional Amendment B,,,FOR,135
Summit,PARS7:25,Constitutional Amendment B,,,FOR,174
Summit,PARW7:32,Constitutional Amendment B,,,FOR,595
Summit,PEOA15:20,Constitutional Amendment B,,,FOR,130
Summit,PEW51:10,Constitutional Amendment B,,,FOR,22
Summit,PEW51:NS5,Constitutional Amendment B,,,FOR,0
Summit,PINN39:32,Constitutional Amendment B,,,FOR,441
Summit,PKMN35:1,Constitutional Amendment B,,,FOR,538
Summit,PKMS5:1,Constitutional Amendment B,,,FOR,377
Summit,PRG45:32,Constitutional Amendment B,,,FOR,137
Summit,PRG45:S4A,Constitutional Amendment B,,,FOR,0
Summit,PRG45:S4B,Constitutional Amendment B,,,FOR,0
Summit,PRG45:S4C,Constitutional Amendment B,,,FOR,0
Summit,PRM48:10,Constitutional Amendment B,,,FOR,544
Summit,PRM48:N5A,Constitutional Amendment B,,,FOR,6
Summit,PRM48:N5B,Constitutional Amendment B,,,FOR,0
Summit,PROS3:1,Constitutional Amendment B,,,FOR,240
Summit,QUAR6:1,Constitutional Amendment B,,,FOR,434
Summit,RANS36:32,Constitutional Amendment B,,,FOR,191
Summit,RNDV47:10,Constitutional Amendment B,,,FOR,0
Summit,ROCP54:10,Constitutional Amendment B,,,FOR,58
Summit,ROCP54:S4,Constitutional Amendment B,,,FOR,0
Summit,RPL26:32,Constitutional Amendment B,,,FOR,497
Summit,SCRL44:31,Constitutional Amendment B,,,FOR,319
Summit,SCRU8:31,Constitutional Amendment B,,,FOR,220
Summit,SCRU8:NS5,Constitutional Amendment B,,,FOR,19
Summit,SFCC57:10,Constitutional Amendment B,,,FOR,0
Summit,SIDE33:1,Constitutional Amendment B,,,FOR,279
Summit,SLVR16:32,Constitutional Amendment B,,,FOR,495
Summit,SML42:32,Constitutional Amendment B,,,FOR,432
Summit,SSE13:20,Constitutional Amendment B,,,FOR,300
Summit,SSS11:20,Constitutional Amendment B,,,FOR,213
Summit,SSW22:20,Constitutional Amendment B,,,FOR,190
Summit,SUME30:32,Constitutional Amendment B,,,FOR,529
Summit,SUMW10:32,Constitutional Amendment B,,,FOR,366
Summit,THAY4:1,Constitutional Amendment B,,,FOR,311
Summit,UINT52:10,Constitutional Amendment B,,,FOR,0
Summit,UPIN41:32,Constitutional Amendment B,,,FOR,242
Summit,WAGN29:32,Constitutional Amendment B,,,FOR,250
Summit,WANE17:10,Constitutional Amendment B,,,FOR,273
Summit,WANE17:S4,Constitutional Amendment B,,,FOR,0
Summit,WNW17:2,Constitutional Amendment B,,,FOR,221
Summit,WNW17:P4A,Constitutional Amendment B,,,FOR,0
Summit,WNW17:P4B,Constitutional Amendment B,,,FOR,0
Summit,WEBC21:20,Constitutional Amendment B,,,FOR,160
Summit,BTNN34:25,Constitutional Amendment B,,,AGAINST,100
Summit,BTNS34:10,Constitutional Amendment B,,,AGAINST,43
Summit,CCRK20:10,Constitutional Amendment B,,,AGAINST,101
Summit,CLN19:10,Constitutional Amendment B,,,AGAINST,139
Summit,CLS19:25,Constitutional Amendment B,,,AGAINST,104
Summit,COLN56:10,Constitutional Amendment B,,,AGAINST,0
Summit,DVN1:1,Constitutional Amendment B,,,AGAINST,168
Summit,DVS31:1,Constitutional Amendment B,,,AGAINST,132
Summit,ECOR46:10,Constitutional Amendment B,,,AGAINST,0
Summit,ECOR46:50,Constitutional Amendment B,,,AGAINST,0
Summit,FRAE28:25,Constitutional Amendment B,,,AGAINST,102
Summit,FRAW28:10,Constitutional Amendment B,,,AGAINST,170
Summit,GARF58:10,Constitutional Amendment B,,,AGAINST,0
Summit,HEE38:32,Constitutional Amendment B,,,AGAINST,111
Summit,HEN25:1,Constitutional Amendment B,,,AGAINST,171
Summit,HEW23:32,Constitutional Amendment B,,,AGAINST,143
Summit,HOYT18:10,Constitutional Amendment B,,,AGAINST,182
Summit,IFOR49:10,Constitutional Amendment B,,,AGAINST,0
Summit,JERE37:32,Constitutional Amendment B,,,AGAINST,142
Summit,JERW27:32,Constitutional Amendment B,,,AGAINST,151
Summit,KAMN12:10,Constitutional Amendment B,,,AGAINST,180
Summit,KAMS12:25,Constitutional Amendment B,,,AGAINST,122
Summit,KCYN43:32,Constitutional Amendment B,,,AGAINST,48
Summit,LPNE9:15,Constitutional Amendment B,,,AGAINST,117
Summit,LPNW9:3,Constitutional Amendment B,,,AGAINST,109
Summit,MHW40:32,Constitutional Amendment B,,,AGAINST,131
Summit,MTCR59:10,Constitutional Amendment B,,,AGAINST,0
Summit,MTRS55:25,Constitutional Amendment B,,,AGAINST,37
Summit,NSN24:10,Constitutional Amendment B,,,AGAINST,66
Summit,OAKN14:10,Constitutional Amendment B,,,AGAINST,98
Summit,OAKS14:25,Constitutional Amendment B,,,AGAINST,151
Summit,OLDN32:1,Constitutional Amendment B,,,AGAINST,65
Summit,OLDS2:1,Constitutional Amendment B,,,AGAINST,34
Summit,PARS7:25,Constitutional Amendment B,,,AGAINST,75
Summit,PARW7:32,Constitutional Amendment B,,,AGAINST,179
Summit,PEOA15:20,Constitutional Amendment B,,,AGAINST,65
Summit,PEW51:10,Constitutional Amendment B,,,AGAINST,6
Summit,PEW51:NS5,Constitutional Amendment B,,,AGAINST,0
Summit,PINN39:32,Constitutional Amendment B,,,AGAINST,126
Summit,PKMN35:1,Constitutional Amendment B,,,AGAINST,149
Summit,PKMS5:1,Constitutional Amendment B,,,AGAINST,85
Summit,PRG45:32,Constitutional Amendment B,,,AGAINST,74
Summit,PRG45:S4A,Constitutional Amendment B,,,AGAINST,0
Summit,PRG45:S4B,Constitutional Amendment B,,,AGAINST,0
Summit,PRG45:S4C,Constitutional Amendment B,,,AGAINST,0
Summit,PRM48:10,Constitutional Amendment B,,,AGAINST,179
Summit,PRM48:N5A,Constitutional Amendment B,,,AGAINST,8
Summit,PRM48:N5B,Constitutional Amendment B,,,AGAINST,0
Summit,PROS3:1,Constitutional Amendment B,,,AGAINST,65
Summit,QUAR6:1,Constitutional Amendment B,,,AGAINST,122
Summit,RANS36:32,Constitutional Amendment B,,,AGAINST,47
Summit,RNDV47:10,Constitutional Amendment B,,,AGAINST,0
Summit,ROCP54:10,Constitutional Amendment B,,,AGAINST,23
Summit,ROCP54:S4,Constitutional Amendment B,,,AGAINST,0
Summit,RPL26:32,Constitutional Amendment B,,,AGAINST,120
Summit,SCRL44:31,Constitutional Amendment B,,,AGAINST,138
Summit,SCRU8:31,Constitutional Amendment B,,,AGAINST,93
Summit,SCRU8:NS5,Constitutional Amendment B,,,AGAINST,5
Summit,SFCC57:10,Constitutional Amendment B,,,AGAINST,0
Summit,SIDE33:1,Constitutional Amendment B,,,AGAINST,61
Summit,SLVR16:32,Constitutional Amendment B,,,AGAINST,106
Summit,SML42:32,Constitutional Amendment B,,,AGAINST,115
Summit,SSE13:20,Constitutional Amendment B,,,AGAINST,148
Summit,SSS11:20,Constitutional Amendment B,,,AGAINST,127
Summit,SSW22:20,Constitutional Amendment B,,,AGAINST,134
Summit,SUME30:32,Constitutional Amendment B,,,AGAINST,101
Summit,SUMW10:32,Constitutional Amendment B,,,AGAINST,90
Summit,THAY4:1,Constitutional Amendment B,,,AGAINST,92
Summit,UINT52:10,Constitutional Amendment B,,,AGAINST,0
Summit,UPIN41:32,Constitutional Amendment B,,,AGAINST,79
Summit,WAGN29:32,Constitutional Amendment B,,,AGAINST,61
Summit,WANE17:10,Constitutional Amendment B,,,AGAINST,177
Summit,WANE17:S4,Constitutional Amendment B,,,AGAINST,0
Summit,WNW17:2,Constitutional Amendment B,,,AGAINST,85
Summit,WNW17:P4A,Constitutional Amendment B,,,AGAINST,0
Summit,WNW17:P4B,Constitutional Amendment B,,,AGAINST,0
Summit,WEBC21:20,Constitutional Amendment B,,,AGAINST,84
Summit,BTNN34:25,Constitutional Amendment C,,,FOR,347
Summit,BTNS34:10,Constitutional Amendment C,,,FOR,259
Summit,CCRK20:10,Constitutional Amendment C,,,FOR,224
Summit,CLN19:10,Constitutional Amendment C,,,FOR,345
Summit,CLS19:25,Constitutional Amendment C,,,FOR,286
Summit,COLN56:10,Constitutional Amendment C,,,FOR,0
Summit,DVN1:1,Constitutional Amendment C,,,FOR,592
Summit,DVS31:1,Constitutional Amendment C,,,FOR,388
Summit,ECOR46:10,Constitutional Amendment C,,,FOR,0
Summit,ECOR46:50,Constitutional Amendment C,,,FOR,0
Summit,FRAE28:25,Constitutional Amendment C,,,FOR,286
Summit,FRAW28:10,Constitutional Amendment C,,,FOR,521
Summit,GARF58:10,Constitutional Amendment C,,,FOR,0
Summit,HEE38:32,Constitutional Amendment C,,,FOR,502
Summit,HEN25:1,Constitutional Amendment C,,,FOR,375
Summit,HEW23:32,Constitutional Amendment C,,,FOR,457
Summit,HOYT18:10,Constitutional Amendment C,,,FOR,452
Summit,IFOR49:10,Constitutional Amendment C,,,FOR,0
Summit,JERE37:32,Constitutional Amendment C,,,FOR,498
Summit,JERW27:32,Constitutional Amendment C,,,FOR,481
Summit,KAMN12:10,Constitutional Amendment C,,,FOR,453
Summit,KAMS12:25,Constitutional Amendment C,,,FOR,376
Summit,KCYN43:32,Constitutional Amendment C,,,FOR,170
Summit,LPNE9:15,Constitutional Amendment C,,,FOR,361
Summit,LPNW9:3,Constitutional Amendment C,,,FOR,330
Summit,MHW40:32,Constitutional Amendment C,,,FOR,463
Summit,MTCR59:10,Constitutional Amendment C,,,FOR,0
Summit,MTRS55:25,Constitutional Amendment C,,,FOR,116
Summit,NSN24:10,Constitutional Amendment C,,,FOR,166
Summit,OAKN14:10,Constitutional Amendment C,,,FOR,321
Summit,OAKS14:25,Constitutional Amendment C,,,FOR,395
Summit,OLDN32:1,Constitutional Amendment C,,,FOR,251
Summit,OLDS2:1,Constitutional Amendment C,,,FOR,141
Summit,PARS7:25,Constitutional Amendment C,,,FOR,179
Summit,PARW7:32,Constitutional Amendment C,,,FOR,652
Summit,PEOA15:20,Constitutional Amendment C,,,FOR,170
Summit,PEW51:10,Constitutional Amendment C,,,FOR,26
Summit,PEW51:NS5,Constitutional Amendment C,,,FOR,0
Summit,PINN39:32,Constitutional Amendment C,,,FOR,440
Summit,PKMN35:1,Constitutional Amendment C,,,FOR,522
Summit,PKMS5:1,Constitutional Amendment C,,,FOR,358
Summit,PRG45:32,Constitutional Amendment C,,,FOR,168
Summit,PRG45:S4A,Constitutional Amendment C,,,FOR,0
Summit,PRG45:S4B,Constitutional Amendment C,,,FOR,0
Summit,PRG45:S4C,Constitutional Amendment C,,,FOR,0
Summit,PRM48:10,Constitutional Amendment C,,,FOR,602
Summit,PRM48:N5A,Constitutional Amendment C,,,FOR,14
Summit,PRM48:N5B,Constitutional Amendment C,,,FOR,0
Summit,PROS3:1,Constitutional Amendment C,,,FOR,249
Summit,QUAR6:1,Constitutional Amendment C,,,FOR,418
Summit,RANS36:32,Constitutional Amendment C,,,FOR,181
Summit,RNDV47:10,Constitutional Amendment C,,,FOR,0
Summit,ROCP54:10,Constitutional Amendment C,,,FOR,72
Summit,ROCP54:S4,Constitutional Amendment C,,,FOR,0
Summit,RPL26:32,Constitutional Amendment C,,,FOR,496
Summit,SCRL44:31,Constitutional Amendment C,,,FOR,364
Summit,SCRU8:31,Constitutional Amendment C,,,FOR,269
Summit,SCRU8:NS5,Constitutional Amendment C,,,FOR,16
Summit,SFCC57:10,Constitutional Amendment C,,,FOR,0
Summit,SIDE33:1,Constitutional Amendment C,,,FOR,278
Summit,SLVR16:32,Constitutional Amendment C,,,FOR,491
Summit,SML42:32,Constitutional Amendment C,,,FOR,440
Summit,SSE13:20,Constitutional Amendment C,,,FOR,390
Summit,SSS11:20,Constitutional Amendment C,,,FOR,302
Summit,SSW22:20,Constitutional Amendment C,,,FOR,273
Summit,SUME30:32,Constitutional Amendment C,,,FOR,504
Summit,SUMW10:32,Constitutional Amendment C,,,FOR,372
Summit,THAY4:1,Constitutional Amendment C,,,FOR,335
Summit,UINT52:10,Constitutional Amendment C,,,FOR,0
Summit,UPIN41:32,Constitutional Amendment C,,,FOR,255
Summit,WAGN29:32,Constitutional Amendment C,,,FOR,237
Summit,WANE17:10,Constitutional Amendment C,,,FOR,375
Summit,WANE17:S4,Constitutional Amendment C,,,FOR,0
Summit,WNW17:2,Constitutional Amendment C,,,FOR,263
Summit,WNW17:P4A,Constitutional Amendment C,,,FOR,0
Summit,WNW17:P4B,Constitutional Amendment C,,,FOR,0
Summit,WEBC21:20,Constitutional Amendment C,,,FOR,194
Summit,BTNN34:25,Constitutional Amendment C,,,AGAINST,52
Summit,BTNS34:10,Constitutional Amendment C,,,AGAINST,53
Summit,CCRK20:10,Constitutional Amendment C,,,AGAINST,40
Summit,CLN19:10,Constitutional Amendment C,,,AGAINST,49
Summit,CLS19:25,Constitutional Amendment C,,,AGAINST,41
Summit,COLN56:10,Constitutional Amendment C,,,AGAINST,0
Summit,DVN1:1,Constitutional Amendment C,,,AGAINST,142
Summit,DVS31:1,Constitutional Amendment C,,,AGAINST,124
Summit,ECOR46:10,Constitutional Amendment C,,,AGAINST,0
Summit,ECOR46:50,Constitutional Amendment C,,,AGAINST,0
Summit,FRAE28:25,Constitutional Amendment C,,,AGAINST,52
Summit,FRAW28:10,Constitutional Amendment C,,,AGAINST,82
Summit,GARF58:10,Constitutional Amendment C,,,AGAINST,0
Summit,HEE38:32,Constitutional Amendment C,,,AGAINST,133
Summit,HEN25:1,Constitutional Amendment C,,,AGAINST,61
Summit,HEW23:32,Constitutional Amendment C,,,AGAINST,100
Summit,HOYT18:10,Constitutional Amendment C,,,AGAINST,78
Summit,IFOR49:10,Constitutional Amendment C,,,AGAINST,0
Summit,JERE37:32,Constitutional Amendment C,,,AGAINST,151
Summit,JERW27:32,Constitutional Amendment C,,,AGAINST,132
Summit,KAMN12:10,Constitutional Amendment C,,,AGAINST,81
Summit,KAMS12:25,Constitutional Amendment C,,,AGAINST,60
Summit,KCYN43:32,Constitutional Amendment C,,,AGAINST,24
Summit,LPNE9:15,Constitutional Amendment C,,,AGAINST,81
Summit,LPNW9:3,Constitutional Amendment C,,,AGAINST,98
Summit,MHW40:32,Constitutional Amendment C,,,AGAINST,129
Summit,MTCR59:10,Constitutional Amendment C,,,AGAINST,0
Summit,MTRS55:25,Constitutional Amendment C,,,AGAINST,47
Summit,NSN24:10,Constitutional Amendment C,,,AGAINST,20
Summit,OAKN14:10,Constitutional Amendment C,,,AGAINST,39
Summit,OAKS14:25,Constitutional Amendment C,,,AGAINST,70
Summit,OLDN32:1,Constitutional Amendment C,,,AGAINST,50
Summit,OLDS2:1,Constitutional Amendment C,,,AGAINST,30
Summit,PARS7:25,Constitutional Amendment C,,,AGAINST,64
Summit,PARW7:32,Constitutional Amendment C,,,AGAINST,116
Summit,PEOA15:20,Constitutional Amendment C,,,AGAINST,20
Summit,PEW51:10,Constitutional Amendment C,,,AGAINST,3
Summit,PEW51:NS5,Constitutional Amendment C,,,AGAINST,0
Summit,PINN39:32,Constitutional Amendment C,,,AGAINST,117
Summit,PKMN35:1,Constitutional Amendment C,,,AGAINST,144
Summit,PKMS5:1,Constitutional Amendment C,,,AGAINST,102
Summit,PRG45:32,Constitutional Amendment C,,,AGAINST,38
Summit,PRG45:S4A,Constitutional Amendment C,,,AGAINST,0
Summit,PRG45:S4B,Constitutional Amendment C,,,AGAINST,0
Summit,PRG45:S4C,Constitutional Amendment C,,,AGAINST,0
Summit,PRM48:10,Constitutional Amendment C,,,AGAINST,124
Summit,PRM48:N5A,Constitutional Amendment C,,,AGAINST,1
Summit,PRM48:N5B,Constitutional Amendment C,,,AGAINST,0
Summit,PROS3:1,Constitutional Amendment C,,,AGAINST,51
Summit,QUAR6:1,Constitutional Amendment C,,,AGAINST,134
Summit,RANS36:32,Constitutional Amendment C,,,AGAINST,51
Summit,RNDV47:10,Constitutional Amendment C,,,AGAINST,0
Summit,ROCP54:10,Constitutional Amendment C,,,AGAINST,10
Summit,ROCP54:S4,Constitutional Amendment C,,,AGAINST,0
Summit,RPL26:32,Constitutional Amendment C,,,AGAINST,118
Summit,SCRL44:31,Constitutional Amendment C,,,AGAINST,87
Summit,SCRU8:31,Constitutional Amendment C,,,AGAINST,42
Summit,SCRU8:NS5,Constitutional Amendment C,,,AGAINST,7
Summit,SFCC57:10,Constitutional Amendment C,,,AGAINST,0
Summit,SIDE33:1,Constitutional Amendment C,,,AGAINST,59
Summit,SLVR16:32,Constitutional Amendment C,,,AGAINST,109
Summit,SML42:32,Constitutional Amendment C,,,AGAINST,107
Summit,SSE13:20,Constitutional Amendment C,,,AGAINST,63
Summit,SSS11:20,Constitutional Amendment C,,,AGAINST,39
Summit,SSW22:20,Constitutional Amendment C,,,AGAINST,52
Summit,SUME30:32,Constitutional Amendment C,,,AGAINST,120
Summit,SUMW10:32,Constitutional Amendment C,,,AGAINST,84
Summit,THAY4:1,Constitutional Amendment C,,,AGAINST,72
Summit,UINT52:10,Constitutional Amendment C,,,AGAINST,0
Summit,UPIN41:32,Constitutional Amendment C,,,AGAINST,56
Summit,WAGN29:32,Constitutional Amendment C,,,AGAINST,67
Summit,WANE17:10,Constitutional Amendment C,,,AGAINST,68
Summit,WANE17:S4,Constitutional Amendment C,,,AGAINST,0
Summit,WNW17:2,Constitutional Amendment C,,,AGAINST,39
Summit,WNW17:P4A,Constitutional Amendment C,,,AGAINST,0
Summit,WNW17:P4B,Constitutional Amendment C,,,AGAINST,0
Summit,WEBC21:20,Constitutional Amendment C,,,AGAINST,52
Summit,BTNN34:25,"PROPOSITION ""18"" - EMERGENCY SERVICES",,,YES,273
Summit,BTNS34:10,"PROPOSITION ""18"" - EMERGENCY SERVICES",,,YES,258
Summit,CCRK20:10,"PROPOSITION ""18"" - EMERGENCY SERVICES",,,YES,141
Summit,CLN19:10,"PROPOSITION ""18"" - EMERGENCY SERVICES",,,YES,259
Summit,CLS19:25,"PROPOSITION ""18"" - EMERGENCY SERVICES",,,YES,172
Summit,COLN56:10,"PROPOSITION ""18"" - EMERGENCY SERVICES",,,YES,0
Summit,DVN1:1,"PROPOSITION ""18"" - EMERGENCY SERVICES",,,YES,518
Summit,DVS31:1,"PROPOSITION ""18"" - EMERGENCY SERVICES",,,YES,372
Summit,ECOR46:10,"PROPOSITION ""18"" - EMERGENCY SERVICES",,,YES,0
Summit,ECOR46:50,"PROPOSITION ""18"" - EMERGENCY SERVICES",,,YES,0
Summit,FRAE28:25,"PROPOSITION ""18"" - EMERGENCY SERVICES",,,YES,231
Summit,FRAW28:10,"PROPOSITION ""18"" - EMERGENCY SERVICES",,,YES,400
Summit,GARF58:10,"PROPOSITION ""18"" - EMERGENCY SERVICES",,,YES,0
Summit,HEE38:32,"PROPOSITION ""18"" - EMERGENCY SERVICES",,,YES,529
Summit,HEN25:1,"PROPOSITION ""18"" - EMERGENCY SERVICES",,,YES,254
Summit,HEW23:32,"PROPOSITION ""18"" - EMERGENCY SERVICES",,,YES,433
Summit,HOYT18:10,"PROPOSITION ""18"" - EMERGENCY SERVICES",,,YES,323
Summit,IFOR49:10,"PROPOSITION ""18"" - EMERGENCY SERVICES",,,YES,0
Summit,JERE37:32,"PROPOSITION ""18"" - EMERGENCY SERVICES",,,YES,508
Summit,JERW27:32,"PROPOSITION ""18"" - EMERGENCY SERVICES",,,YES,459
Summit,KAMN12:10,"PROPOSITION ""18"" - EMERGENCY SERVICES",,,YES,397
Summit,KAMS12:25,"PROPOSITION ""18"" - EMERGENCY SERVICES",,,YES,311
Summit,KCYN43:32,"PROPOSITION ""18"" - EMERGENCY SERVICES",,,YES,139
Summit,LPNE9:15,"PROPOSITION ""18"" - EMERGENCY SERVICES",,,YES,351
Summit,LPNW9:3,"PROPOSITION ""18"" - EMERGENCY SERVICES",,,YES,338
Summit,MHW40:32,"PROPOSITION ""18"" - EMERGENCY SERVICES",,,YES,443
Summit,MTCR59:10,"PROPOSITION ""18"" - EMERGENCY SERVICES",,,YES,0
Summit,MTRS55:25,"PROPOSITION ""18"" - EMERGENCY SERVICES",,,YES,114
Summit,NSN24:10,"PROPOSITION ""18"" - EMERGENCY SERVICES",,,YES,98
Summit,OAKN14:10,"PROPOSITION ""18"" - EMERGENCY SERVICES",,,YES,257
Summit,OAKS14:25,"PROPOSITION ""18"" - EMERGENCY SERVICES",,,YES,343
Summit,OLDN32:1,"PROPOSITION ""18"" - EMERGENCY SERVICES",,,YES,246
Summit,OLDS2:1,"PROPOSITION ""18"" - EMERGENCY SERVICES",,,YES,125
Summit,PARS7:25,"PROPOSITION ""18"" - EMERGENCY SERVICES",,,YES,164
Summit,PARW7:32,"PROPOSITION ""18"" - EMERGENCY SERVICES",,,YES,592
Summit,PEOA15:20,"PROPOSITION ""18"" - EMERGENCY SERVICES",,,YES,117
Summit,PEW51:10,"PROPOSITION ""18"" - EMERGENCY SERVICES",,,YES,23
Summit,PEW51:NS5,"PROPOSITION ""18"" - EMERGENCY SERVICES",,,YES,0
Summit,PINN39:32,"PROPOSITION ""18"" - EMERGENCY SERVICES",,,YES,474
Summit,PKMN35:1,"PROPOSITION ""18"" - EMERGENCY SERVICES",,,YES,530
Summit,PKMS5:1,"PROPOSITION ""18"" - EMERGENCY SERVICES",,,YES,368
Summit,PRG45:32,"PROPOSITION ""18"" - EMERGENCY SERVICES",,,YES,158
Summit,PRG45:S4A,"PROPOSITION ""18"" - EMERGENCY SERVICES",,,YES,0
Summit,PRG45:S4B,"PROPOSITION ""18"" - EMERGENCY SERVICES",,,YES,0
Summit,PRG45:S4C,"PROPOSITION ""18"" - EMERGENCY SERVICES",,,YES,0
Summit,PRM48:10,"PROPOSITION ""18"" - EMERGENCY SERVICES",,,YES,537
Summit,PRM48:N5A,"PROPOSITION ""18"" - EMERGENCY SERVICES",,,YES,7
Summit,PRM48:N5B,"PROPOSITION ""18"" - EMERGENCY SERVICES",,,YES,0
Summit,PROS3:1,"PROPOSITION ""18"" - EMERGENCY SERVICES",,,YES,237
Summit,QUAR6:1,"PROPOSITION ""18"" - EMERGENCY SERVICES",,,YES,418
Summit,RANS36:32,"PROPOSITION ""18"" - EMERGENCY SERVICES",,,YES,192
Summit,RNDV47:10,"PROPOSITION ""18"" - EMERGENCY SERVICES",,,YES,0
Summit,ROCP54:10,"PROPOSITION ""18"" - EMERGENCY SERVICES",,,YES,58
Summit,ROCP54:S4,"PROPOSITION ""18"" - EMERGENCY SERVICES",,,YES,0
Summit,RPL26:32,"PROPOSITION ""18"" - EMERGENCY SERVICES",,,YES,484
Summit,SCRL44:31,"PROPOSITION ""18"" - EMERGENCY SERVICES",,,YES,325
Summit,SCRU8:31,"PROPOSITION ""18"" - EMERGENCY SERVICES",,,YES,228
Summit,SCRU8:NS5,"PROPOSITION ""18"" - EMERGENCY SERVICES",,,YES,19
Summit,SFCC57:10,"PROPOSITION ""18"" - EMERGENCY SERVICES",,,YES,0
Summit,SIDE33:1,"PROPOSITION ""18"" - EMERGENCY SERVICES",,,YES,274
Summit,SLVR16:32,"PROPOSITION ""18"" - EMERGENCY SERVICES",,,YES,483
Summit,SML42:32,"PROPOSITION ""18"" - EMERGENCY SERVICES",,,YES,428
Summit,SSE13:20,"PROPOSITION ""18"" - EMERGENCY SERVICES",,,YES,330
Summit,SSS11:20,"PROPOSITION ""18"" - EMERGENCY SERVICES",,,YES,235
Summit,SSW22:20,"PROPOSITION ""18"" - EMERGENCY SERVICES",,,YES,221
Summit,SUME30:32,"PROPOSITION ""18"" - EMERGENCY SERVICES",,,YES,519
Summit,SUMW10:32,"PROPOSITION ""18"" - EMERGENCY SERVICES",,,YES,354
Summit,THAY4:1,"PROPOSITION ""18"" - EMERGENCY SERVICES",,,YES,298
Summit,UINT52:10,"PROPOSITION ""18"" - EMERGENCY SERVICES",,,YES,0
Summit,UPIN41:32,"PROPOSITION ""18"" - EMERGENCY SERVICES",,,YES,246
Summit,WAGN29:32,"PROPOSITION ""18"" - EMERGENCY SERVICES",,,YES,242
Summit,WANE17:10,"PROPOSITION ""18"" - EMERGENCY SERVICES",,,YES,303
Summit,WANE17:S4,"PROPOSITION ""18"" - EMERGENCY SERVICES",,,YES,0
Summit,WNW17:2,"PROPOSITION ""18"" - EMERGENCY SERVICES",,,YES,241
Summit,WNW17:P4A,"PROPOSITION ""18"" - EMERGENCY SERVICES",,,YES,0
Summit,WNW17:P4B,"PROPOSITION ""18"" - EMERGENCY SERVICES",,,YES,0
Summit,WEBC21:20,"PROPOSITION ""18"" - EMERGENCY SERVICES",,,YES,177
Summit,BTNN34:25,"PROPOSITION ""18"" - EMERGENCY SERVICES",,,NO,142
Summit,BTNS34:10,"PROPOSITION ""18"" - EMERGENCY SERVICES",,,NO,68
Summit,CCRK20:10,"PROPOSITION ""18"" - EMERGENCY SERVICES",,,NO,132
Summit,CLN19:10,"PROPOSITION ""18"" - EMERGENCY SERVICES",,,NO,145
Summit,CLS19:25,"PROPOSITION ""18"" - EMERGENCY SERVICES",,,NO,160
Summit,COLN56:10,"PROPOSITION ""18"" - EMERGENCY SERVICES",,,NO,0
Summit,DVN1:1,"PROPOSITION ""18"" - EMERGENCY SERVICES",,,NO,237
Summit,DVS31:1,"PROPOSITION ""18"" - EMERGENCY SERVICES",,,NO,170
Summit,ECOR46:10,"PROPOSITION ""18"" - EMERGENCY SERVICES",,,NO,0
Summit,ECOR46:50,"PROPOSITION ""18"" - EMERGENCY SERVICES",,,NO,0
Summit,FRAE28:25,"PROPOSITION ""18"" - EMERGENCY SERVICES",,,NO,105
Summit,FRAW28:10,"PROPOSITION ""18"" - EMERGENCY SERVICES",,,NO,211
Summit,GARF58:10,"PROPOSITION ""18"" - EMERGENCY SERVICES",,,NO,0
Summit,HEE38:32,"PROPOSITION ""18"" - EMERGENCY SERVICES",,,NO,126
Summit,HEN25:1,"PROPOSITION ""18"" - EMERGENCY SERVICES",,,NO,201
Summit,HEW23:32,"PROPOSITION ""18"" - EMERGENCY SERVICES",,,NO,149
Summit,HOYT18:10,"PROPOSITION ""18"" - EMERGENCY SERVICES",,,NO,224
Summit,IFOR49:10,"PROPOSITION ""18"" - EMERGENCY SERVICES",,,NO,0
Summit,JERE37:32,"PROPOSITION ""18"" - EMERGENCY SERVICES",,,NO,163
Summit,JERW27:32,"PROPOSITION ""18"" - EMERGENCY SERVICES",,,NO,168
Summit,KAMN12:10,"PROPOSITION ""18"" - EMERGENCY SERVICES",,,NO,153
Summit,KAMS12:25,"PROPOSITION ""18"" - EMERGENCY SERVICES",,,NO,127
Summit,KCYN43:32,"PROPOSITION ""18"" - EMERGENCY SERVICES",,,NO,61
Summit,LPNE9:15,"PROPOSITION ""18"" - EMERGENCY SERVICES",,,NO,104
Summit,LPNW9:3,"PROPOSITION ""18"" - EMERGENCY SERVICES",,,NO,105
Summit,MHW40:32,"PROPOSITION ""18"" - EMERGENCY SERVICES",,,NO,167
Summit,MTCR59:10,"PROPOSITION ""18"" - EMERGENCY SERVICES",,,NO,0
Summit,MTRS55:25,"PROPOSITION ""18"" - EMERGENCY SERVICES",,,NO,59
Summit,NSN24:10,"PROPOSITION ""18"" - EMERGENCY SERVICES",,,NO,98
Summit,OAKN14:10,"PROPOSITION ""18"" - EMERGENCY SERVICES",,,NO,103
Summit,OAKS14:25,"PROPOSITION ""18"" - EMERGENCY SERVICES",,,NO,136
Summit,OLDN32:1,"PROPOSITION ""18"" - EMERGENCY SERVICES",,,NO,69
Summit,OLDS2:1,"PROPOSITION ""18"" - EMERGENCY SERVICES",,,NO,42
Summit,PARS7:25,"PROPOSITION ""18"" - EMERGENCY SERVICES",,,NO,88
Summit,PARW7:32,"PROPOSITION ""18"" - EMERGENCY SERVICES",,,NO,207
Summit,PEOA15:20,"PROPOSITION ""18"" - EMERGENCY SERVICES",,,NO,76
Summit,PEW51:10,"PROPOSITION ""18"" - EMERGENCY SERVICES",,,NO,6
Summit,PEW51:NS5,"PROPOSITION ""18"" - EMERGENCY SERVICES",,,NO,0
Summit,PINN39:32,"PROPOSITION ""18"" - EMERGENCY SERVICES",,,NO,100
Summit,PKMN35:1,"PROPOSITION ""18"" - EMERGENCY SERVICES",,,NO,174
Summit,PKMS5:1,"PROPOSITION ""18"" - EMERGENCY SERVICES",,,NO,108
Summit,PRG45:32,"PROPOSITION ""18"" - EMERGENCY SERVICES",,,NO,56
Summit,PRG45:S4A,"PROPOSITION ""18"" - EMERGENCY SERVICES",,,NO,0
Summit,PRG45:S4B,"PROPOSITION ""18"" - EMERGENCY SERVICES",,,NO,0
Summit,PRG45:S4C,"PROPOSITION ""18"" - EMERGENCY SERVICES",,,NO,0
Summit,PRM48:10,"PROPOSITION ""18"" - EMERGENCY SERVICES",,,NO,205
Summit,PRM48:N5A,"PROPOSITION ""18"" - EMERGENCY SERVICES",,,NO,8
Summit,PRM48:N5B,"PROPOSITION ""18"" - EMERGENCY SERVICES",,,NO,0
Summit,PROS3:1,"PROPOSITION ""18"" - EMERGENCY SERVICES",,,NO,67
Summit,QUAR6:1,"PROPOSITION ""18"" - EMERGENCY SERVICES",,,NO,159
Summit,RANS36:32,"PROPOSITION ""18"" - EMERGENCY SERVICES",,,NO,48
Summit,RNDV47:10,"PROPOSITION ""18"" - EMERGENCY SERVICES",,,NO,0
Summit,ROCP54:10,"PROPOSITION ""18"" - EMERGENCY SERVICES",,,NO,24
Summit,ROCP54:S4,"PROPOSITION ""18"" - EMERGENCY SERVICES",,,NO,0
Summit,RPL26:32,"PROPOSITION ""18"" - EMERGENCY SERVICES",,,NO,152
Summit,SCRL44:31,"PROPOSITION ""18"" - EMERGENCY SERVICES",,,NO,144
Summit,SCRU8:31,"PROPOSITION ""18"" - EMERGENCY SERVICES",,,NO,89
Summit,SCRU8:NS5,"PROPOSITION ""18"" - EMERGENCY SERVICES",,,NO,5
Summit,SFCC57:10,"PROPOSITION ""18"" - EMERGENCY SERVICES",,,NO,0
Summit,SIDE33:1,"PROPOSITION ""18"" - EMERGENCY SERVICES",,,NO,73
Summit,SLVR16:32,"PROPOSITION ""18"" - EMERGENCY SERVICES",,,NO,132
Summit,SML42:32,"PROPOSITION ""18"" - EMERGENCY SERVICES",,,NO,135
Summit,SSE13:20,"PROPOSITION ""18"" - EMERGENCY SERVICES",,,NO,124
Summit,SSS11:20,"PROPOSITION ""18"" - EMERGENCY SERVICES",,,NO,109
Summit,SSW22:20,"PROPOSITION ""18"" - EMERGENCY SERVICES",,,NO,113
Summit,SUME30:32,"PROPOSITION ""18"" - EMERGENCY SERVICES",,,NO,130
Summit,SUMW10:32,"PROPOSITION ""18"" - EMERGENCY SERVICES",,,NO,108
Summit,THAY4:1,"PROPOSITION ""18"" - EMERGENCY SERVICES",,,NO,113
Summit,UINT52:10,"PROPOSITION ""18"" - EMERGENCY SERVICES",,,NO,0
Summit,UPIN41:32,"PROPOSITION ""18"" - EMERGENCY SERVICES",,,NO,78
Summit,WAGN29:32,"PROPOSITION ""18"" - EMERGENCY SERVICES",,,NO,69
Summit,WANE17:10,"PROPOSITION ""18"" - EMERGENCY SERVICES",,,NO,158
Summit,WANE17:S4,"PROPOSITION ""18"" - EMERGENCY SERVICES",,,NO,0
Summit,WNW17:2,"PROPOSITION ""18"" - EMERGENCY SERVICES",,,NO,81
Summit,WNW17:P4A,"PROPOSITION ""18"" - EMERGENCY SERVICES",,,NO,0
Summit,WNW17:P4B,"PROPOSITION ""18"" - EMERGENCY SERVICES",,,NO,0
Summit,WEBC21:20,"PROPOSITION ""18"" - EMERGENCY SERVICES",,,NO,73
Summit,CCRK20:10,NORTH SUMMIT SCHOOL BOND ELECTION,,,YES,118
Summit,CLN19:10,NORTH SUMMIT SCHOOL BOND ELECTION,,,YES,188
Summit,CLS19:25,NORTH SUMMIT SCHOOL BOND ELECTION,,,YES,159
Summit,ECOR46:50,NORTH SUMMIT SCHOOL BOND ELECTION,,,YES,0
Summit,HEN25:1,NORTH SUMMIT SCHOOL BOND ELECTION,,,YES,218
Summit,HOYT18:10,NORTH SUMMIT SCHOOL BOND ELECTION,,,YES,239
Summit,NSN24:10,NORTH SUMMIT SCHOOL BOND ELECTION,,,YES,92
Summit,PEW51:NS5,NORTH SUMMIT SCHOOL BOND ELECTION,,,YES,0
Summit,PRG45:32,NORTH SUMMIT SCHOOL BOND ELECTION,,,YES,85
Summit,PRM48:N5A,NORTH SUMMIT SCHOOL BOND ELECTION,,,YES,6
Summit,PRM48:N5B,NORTH SUMMIT SCHOOL BOND ELECTION,,,YES,0
Summit,ROCP54:10,NORTH SUMMIT SCHOOL BOND ELECTION,,,YES,38
Summit,SCRU8:NS5,NORTH SUMMIT SCHOOL BOND ELECTION,,,YES,12
Summit,WANE17:10,NORTH SUMMIT SCHOOL BOND ELECTION,,,YES,191
Summit,WNW17:2,NORTH SUMMIT SCHOOL BOND ELECTION,,,YES,107
Summit,CCRK20:10,NORTH SUMMIT SCHOOL BOND ELECTION,,,NO,160
Summit,CLN19:10,NORTH SUMMIT SCHOOL BOND ELECTION,,,NO,212
Summit,CLS19:25,NORTH SUMMIT SCHOOL BOND ELECTION,,,NO,172
Summit,ECOR46:50,NORTH SUMMIT SCHOOL BOND ELECTION,,,NO,0
Summit,HEN25:1,NORTH SUMMIT SCHOOL BOND ELECTION,,,NO,243
Summit,HOYT18:10,NORTH SUMMIT SCHOOL BOND ELECTION,,,NO,307
Summit,NSN24:10,NORTH SUMMIT SCHOOL BOND ELECTION,,,NO,106
Summit,PEW51:NS5,NORTH SUMMIT SCHOOL BOND ELECTION,,,NO,0
Summit,PRG45:32,NORTH SUMMIT SCHOOL BOND ELECTION,,,NO,118
Summit,PRM48:N5A,NORTH SUMMIT SCHOOL BOND ELECTION,,,NO,9
Summit,PRM48:N5B,NORTH SUMMIT SCHOOL BOND ELECTION,,,NO,0
Summit,ROCP54:10,NORTH SUMMIT SCHOOL BOND ELECTION,,,NO,46
Summit,SCRU8:NS5,NORTH SUMMIT SCHOOL BOND ELECTION,,,NO,8
Summit,WANE17:10,NORTH SUMMIT SCHOOL BOND ELECTION,,,NO,273
Summit,WNW17:2,NORTH SUMMIT SCHOOL BOND ELECTION,,,NO,202
