county,precinct,office,district,party,candidate,votes
Sanpete,Axtell SSD,President,,,CORNEL RONALD WEST / MELINA ABDULLAH,0
Sanpete,Centerfield City,President,,,CORNEL RONALD WEST / MELINA ABDULLAH,1
Sanpete,Ephraim City 1,President,,,CORNEL RONALD WEST / MELINA ABDULLAH,1
Sanpete,Ephraim City 2,President,,,CORNEL RONALD WEST / MELINA ABDULLAH,2
Sanpete,Ephraim City 3,President,,,CORNEL RONALD WEST / MELINA ABDULLAH,0
Sanpete,Ephraim U,President,,,CORNEL RONALD WEST / MELINA ABDULLAH,0
Sanpete,Fayette Town,President,,,CORNEL RONALD WEST / MELINA ABDULLAH,0
Sanpete,Fairview City,President,,,CORNEL RONALD WEST / MELINA ABDULLAH,0
Sanpete,Fairview U,President,,,CORNEL RONALD WEST / MELINA ABDULLAH,0
Sanpete,Fountain Green City,President,,,CORNEL RONALD WEST / MELINA ABDULLAH,1
Sanpete,Gunnison City,President,,,CORNEL RONALD WEST / MELINA ABDULLAH,2
Sanpete,Manti City 1,President,,,CORNEL RONALD WEST / MELINA ABDULLAH,2
Sanpete,Manti City 2,President,,,CORNEL RONALD WEST / MELINA ABDULLAH,1
Sanpete,Manti City 3,President,,,CORNEL RONALD WEST / MELINA ABDULLAH,0
Sanpete,Mayfield Town,President,,,CORNEL RONALD WEST / MELINA ABDULLAH,0
Sanpete,Moroni City,President,,,CORNEL RONALD WEST / MELINA ABDULLAH,0
Sanpete,Moroni U,President,,,CORNEL RONALD WEST / MELINA ABDULLAH,0
Sanpete,Mt Pleasant City 1,President,,,CORNEL RONALD WEST / MELINA ABDULLAH,0
Sanpete,Mt Pleasant City 2,President,,,CORNEL RONALD WEST / MELINA ABDULLAH,0
Sanpete,Mt Pleasant 1 U,President,,,CORNEL RONALD WEST / MELINA ABDULLAH,2
Sanpete,Mt Pleasant 2 U,President,,,CORNEL RONALD WEST / MELINA ABDULLAH,0
Sanpete,Fountain Green U,President,,,CORNEL RONALD WEST / MELINA ABDULLAH,0
Sanpete,Spring City,President,,,CORNEL RONALD WEST / MELINA ABDULLAH,1
Sanpete,"Spring City U, Wales U",President,,,CORNEL RONALD WEST / MELINA ABDULLAH,1
Sanpete,South Sanpete U,President,,,CORNEL RONALD WEST / MELINA ABDULLAH,3
Sanpete,Sterling Town,President,,,CORNEL RONALD WEST / MELINA ABDULLAH,0
Sanpete,Sterling U,President,,,CORNEL RONALD WEST / MELINA ABDULLAH,0
Sanpete,Wales Town,President,,,CORNEL RONALD WEST / MELINA ABDULLAH,0
Sanpete,Federal,President,,,CORNEL RONALD WEST / MELINA ABDULLAH,0
Sanpete,Axtell SSD,President,,,"LUCIFER ""JUSTIN CASE"" EVERYLOVE",0
Sanpete,Centerfield City,President,,,"LUCIFER ""JUSTIN CASE"" EVERYLOVE",1
Sanpete,Ephraim City 1,President,,,"LUCIFER ""JUSTIN CASE"" EVERYLOVE",1
Sanpete,Ephraim City 2,President,,,"LUCIFER ""JUSTIN CASE"" EVERYLOVE",1
Sanpete,Ephraim City 3,President,,,"LUCIFER ""JUSTIN CASE"" EVERYLOVE",1
Sanpete,Ephraim U,President,,,"LUCIFER ""JUSTIN CASE"" EVERYLOVE",0
Sanpete,Fayette Town,President,,,"LUCIFER ""JUSTIN CASE"" EVERYLOVE",0
Sanpete,Fairview City,President,,,"LUCIFER ""JUSTIN CASE"" EVERYLOVE",4
Sanpete,Fairview U,President,,,"LUCIFER ""JUSTIN CASE"" EVERYLOVE",1
Sanpete,Fountain Green City,President,,,"LUCIFER ""JUSTIN CASE"" EVERYLOVE",0
Sanpete,Gunnison City,President,,,"LUCIFER ""JUSTIN CASE"" EVERYLOVE",1
Sanpete,Manti City 1,President,,,"LUCIFER ""JUSTIN CASE"" EVERYLOVE",0
Sanpete,Manti City 2,President,,,"LUCIFER ""JUSTIN CASE"" EVERYLOVE",1
Sanpete,Manti City 3,President,,,"LUCIFER ""JUSTIN CASE"" EVERYLOVE",0
Sanpete,Mayfield Town,President,,,"LUCIFER ""JUSTIN CASE"" EVERYLOVE",2
Sanpete,Moroni City,President,,,"LUCIFER ""JUSTIN CASE"" EVERYLOVE",0
Sanpete,Moroni U,President,,,"LUCIFER ""JUSTIN CASE"" EVERYLOVE",0
Sanpete,Mt Pleasant City 1,President,,,"LUCIFER ""JUSTIN CASE"" EVERYLOVE",1
Sanpete,Mt Pleasant City 2,President,,,"LUCIFER ""JUSTIN CASE"" EVERYLOVE",0
Sanpete,Mt Pleasant 1 U,President,,,"LUCIFER ""JUSTIN CASE"" EVERYLOVE",0
Sanpete,Mt Pleasant 2 U,President,,,"LUCIFER ""JUSTIN CASE"" EVERYLOVE",1
Sanpete,Fountain Green U,President,,,"LUCIFER ""JUSTIN CASE"" EVERYLOVE",0
Sanpete,Spring City,President,,,"LUCIFER ""JUSTIN CASE"" EVERYLOVE",0
Sanpete,"Spring City U, Wales U",President,,,"LUCIFER ""JUSTIN CASE"" EVERYLOVE",0
Sanpete,South Sanpete U,President,,,"LUCIFER ""JUSTIN CASE"" EVERYLOVE",0
Sanpete,Sterling Town,President,,,"LUCIFER ""JUSTIN CASE"" EVERYLOVE",0
Sanpete,Sterling U,President,,,"LUCIFER ""JUSTIN CASE"" EVERYLOVE",0
Sanpete,Wales Town,President,,,"LUCIFER ""JUSTIN CASE"" EVERYLOVE",0
Sanpete,Federal,President,,,"LUCIFER ""JUSTIN CASE"" EVERYLOVE",0
Sanpete,Axtell SSD,President,,CON,JOEL SKOUSEN / RIK COMBS,2
Sanpete,Centerfield City,President,,CON,JOEL SKOUSEN / RIK COMBS,0
Sanpete,Ephraim City 1,President,,CON,JOEL SKOUSEN / RIK COMBS,11
Sanpete,Ephraim City 2,President,,CON,JOEL SKOUSEN / RIK COMBS,15
Sanpete,Ephraim City 3,President,,CON,JOEL SKOUSEN / RIK COMBS,0
Sanpete,Ephraim U,President,,CON,JOEL SKOUSEN / RIK COMBS,4
Sanpete,Fayette Town,President,,CON,JOEL SKOUSEN / RIK COMBS,3
Sanpete,Fairview City,President,,CON,JOEL SKOUSEN / RIK COMBS,9
Sanpete,Fairview U,President,,CON,JOEL SKOUSEN / RIK COMBS,19
Sanpete,Fountain Green City,President,,CON,JOEL SKOUSEN / RIK COMBS,7
Sanpete,Gunnison City,President,,CON,JOEL SKOUSEN / RIK COMBS,4
Sanpete,Manti City 1,President,,CON,JOEL SKOUSEN / RIK COMBS,15
Sanpete,Manti City 2,President,,CON,JOEL SKOUSEN / RIK COMBS,19
Sanpete,Manti City 3,President,,CON,JOEL SKOUSEN / RIK COMBS,3
Sanpete,Mayfield Town,President,,CON,JOEL SKOUSEN / RIK COMBS,4
Sanpete,Moroni City,President,,CON,JOEL SKOUSEN / RIK COMBS,6
Sanpete,Moroni U,President,,CON,JOEL SKOUSEN / RIK COMBS,6
Sanpete,Mt Pleasant City 1,President,,CON,JOEL SKOUSEN / RIK COMBS,10
Sanpete,Mt Pleasant City 2,President,,CON,JOEL SKOUSEN / RIK COMBS,4
Sanpete,Mt Pleasant 1 U,President,,CON,JOEL SKOUSEN / RIK COMBS,2
Sanpete,Mt Pleasant 2 U,President,,CON,JOEL SKOUSEN / RIK COMBS,8
Sanpete,Fountain Green U,President,,CON,JOEL SKOUSEN / RIK COMBS,2
Sanpete,Spring City,President,,CON,JOEL SKOUSEN / RIK COMBS,23
Sanpete,"Spring City U, Wales U",President,,CON,JOEL SKOUSEN / RIK COMBS,17
Sanpete,South Sanpete U,President,,CON,JOEL SKOUSEN / RIK COMBS,2
Sanpete,Sterling Town,President,,CON,JOEL SKOUSEN / RIK COMBS,0
Sanpete,Sterling U,President,,CON,JOEL SKOUSEN / RIK COMBS,1
Sanpete,Wales Town,President,,CON,JOEL SKOUSEN / RIK COMBS,1
Sanpete,Federal,President,,CON,JOEL SKOUSEN / RIK COMBS,0
Sanpete,Axtell SSD,President,,GRN,JILL STEIN / RUDOLPH WARE,0
Sanpete,Centerfield City,President,,GRN,JILL STEIN / RUDOLPH WARE,1
Sanpete,Ephraim City 1,President,,GRN,JILL STEIN / RUDOLPH WARE,2
Sanpete,Ephraim City 2,President,,GRN,JILL STEIN / RUDOLPH WARE,1
Sanpete,Ephraim City 3,President,,GRN,JILL STEIN / RUDOLPH WARE,1
Sanpete,Ephraim U,President,,GRN,JILL STEIN / RUDOLPH WARE,0
Sanpete,Fayette Town,President,,GRN,JILL STEIN / RUDOLPH WARE,0
Sanpete,Fairview City,President,,GRN,JILL STEIN / RUDOLPH WARE,0
Sanpete,Fairview U,President,,GRN,JILL STEIN / RUDOLPH WARE,2
Sanpete,Fountain Green City,President,,GRN,JILL STEIN / RUDOLPH WARE,0
Sanpete,Gunnison City,President,,GRN,JILL STEIN / RUDOLPH WARE,1
Sanpete,Manti City 1,President,,GRN,JILL STEIN / RUDOLPH WARE,5
Sanpete,Manti City 2,President,,GRN,JILL STEIN / RUDOLPH WARE,0
Sanpete,Manti City 3,President,,GRN,JILL STEIN / RUDOLPH WARE,2
Sanpete,Mayfield Town,President,,GRN,JILL STEIN / RUDOLPH WARE,1
Sanpete,Moroni City,President,,GRN,JILL STEIN / RUDOLPH WARE,2
Sanpete,Moroni U,President,,GRN,JILL STEIN / RUDOLPH WARE,0
Sanpete,Mt Pleasant City 1,President,,GRN,JILL STEIN / RUDOLPH WARE,6
Sanpete,Mt Pleasant City 2,President,,GRN,JILL STEIN / RUDOLPH WARE,1
Sanpete,Mt Pleasant 1 U,President,,GRN,JILL STEIN / RUDOLPH WARE,0
Sanpete,Mt Pleasant 2 U,President,,GRN,JILL STEIN / RUDOLPH WARE,1
Sanpete,Fountain Green U,President,,GRN,JILL STEIN / RUDOLPH WARE,0
Sanpete,Spring City,President,,GRN,JILL STEIN / RUDOLPH WARE,4
Sanpete,"Spring City U, Wales U",President,,GRN,JILL STEIN / RUDOLPH WARE,2
Sanpete,South Sanpete U,President,,GRN,JILL STEIN / RUDOLPH WARE,0
Sanpete,Sterling Town,President,,GRN,JILL STEIN / RUDOLPH WARE,0
Sanpete,Sterling U,President,,GRN,JILL STEIN / RUDOLPH WARE,0
Sanpete,Wales Town,President,,GRN,JILL STEIN / RUDOLPH WARE,3
Sanpete,Federal,President,,GRN,JILL STEIN / RUDOLPH WARE,0
Sanpete,Axtell SSD,President,,REP,DONALD J. TRUMP / JD VANCE,136
Sanpete,Centerfield City,President,,REP,DONALD J. TRUMP / JD VANCE,565
Sanpete,Ephraim City 1,President,,REP,DONALD J. TRUMP / JD VANCE,731
Sanpete,Ephraim City 2,President,,REP,DONALD J. TRUMP / JD VANCE,453
Sanpete,Ephraim City 3,President,,REP,DONALD J. TRUMP / JD VANCE,384
Sanpete,Ephraim U,President,,REP,DONALD J. TRUMP / JD VANCE,314
Sanpete,Fayette Town,President,,REP,DONALD J. TRUMP / JD VANCE,114
Sanpete,Fairview City,President,,REP,DONALD J. TRUMP / JD VANCE,541
Sanpete,Fairview U,President,,REP,DONALD J. TRUMP / JD VANCE,693
Sanpete,Fountain Green City,President,,REP,DONALD J. TRUMP / JD VANCE,493
Sanpete,Gunnison City,President,,REP,DONALD J. TRUMP / JD VANCE,751
Sanpete,Manti City 1,President,,REP,DONALD J. TRUMP / JD VANCE,699
Sanpete,Manti City 2,President,,REP,DONALD J. TRUMP / JD VANCE,467
Sanpete,Manti City 3,President,,REP,DONALD J. TRUMP / JD VANCE,286
Sanpete,Mayfield Town,President,,REP,DONALD J. TRUMP / JD VANCE,257
Sanpete,Moroni City,President,,REP,DONALD J. TRUMP / JD VANCE,522
Sanpete,Moroni U,President,,REP,DONALD J. TRUMP / JD VANCE,186
Sanpete,Mt Pleasant City 1,President,,REP,DONALD J. TRUMP / JD VANCE,783
Sanpete,Mt Pleasant City 2,President,,REP,DONALD J. TRUMP / JD VANCE,390
Sanpete,Mt Pleasant 1 U,President,,REP,DONALD J. TRUMP / JD VANCE,224
Sanpete,Mt Pleasant 2 U,President,,REP,DONALD J. TRUMP / JD VANCE,257
Sanpete,Fountain Green U,President,,REP,DONALD J. TRUMP / JD VANCE,41
Sanpete,Spring City,President,,REP,DONALD J. TRUMP / JD VANCE,402
Sanpete,"Spring City U, Wales U",President,,REP,DONALD J. TRUMP / JD VANCE,449
Sanpete,South Sanpete U,President,,REP,DONALD J. TRUMP / JD VANCE,149
Sanpete,Sterling Town,President,,REP,DONALD J. TRUMP / JD VANCE,131
Sanpete,Sterling U,President,,REP,DONALD J. TRUMP / JD VANCE,105
Sanpete,Wales Town,President,,REP,DONALD J. TRUMP / JD VANCE,130
Sanpete,Federal,President,,REP,DONALD J. TRUMP / JD VANCE,0
Sanpete,Axtell SSD,President,,LIB,CHASE OLIVER / MIKE TER MAAT,1
Sanpete,Centerfield City,President,,LIB,CHASE OLIVER / MIKE TER MAAT,4
Sanpete,Ephraim City 1,President,,LIB,CHASE OLIVER / MIKE TER MAAT,12
Sanpete,Ephraim City 2,President,,LIB,CHASE OLIVER / MIKE TER MAAT,4
Sanpete,Ephraim City 3,President,,LIB,CHASE OLIVER / MIKE TER MAAT,8
Sanpete,Ephraim U,President,,LIB,CHASE OLIVER / MIKE TER MAAT,3
Sanpete,Fayette Town,President,,LIB,CHASE OLIVER / MIKE TER MAAT,0
Sanpete,Fairview City,President,,LIB,CHASE OLIVER / MIKE TER MAAT,10
Sanpete,Fairview U,President,,LIB,CHASE OLIVER / MIKE TER MAAT,1
Sanpete,Fountain Green City,President,,LIB,CHASE OLIVER / MIKE TER MAAT,6
Sanpete,Gunnison City,President,,LIB,CHASE OLIVER / MIKE TER MAAT,4
Sanpete,Manti City 1,President,,LIB,CHASE OLIVER / MIKE TER MAAT,8
Sanpete,Manti City 2,President,,LIB,CHASE OLIVER / MIKE TER MAAT,5
Sanpete,Manti City 3,President,,LIB,CHASE OLIVER / MIKE TER MAAT,3
Sanpete,Mayfield Town,President,,LIB,CHASE OLIVER / MIKE TER MAAT,1
Sanpete,Moroni City,President,,LIB,CHASE OLIVER / MIKE TER MAAT,8
Sanpete,Moroni U,President,,LIB,CHASE OLIVER / MIKE TER MAAT,2
Sanpete,Mt Pleasant City 1,President,,LIB,CHASE OLIVER / MIKE TER MAAT,4
Sanpete,Mt Pleasant City 2,President,,LIB,CHASE OLIVER / MIKE TER MAAT,2
Sanpete,Mt Pleasant 1 U,President,,LIB,CHASE OLIVER / MIKE TER MAAT,2
Sanpete,Mt Pleasant 2 U,President,,LIB,CHASE OLIVER / MIKE TER MAAT,2
Sanpete,Fountain Green U,President,,LIB,CHASE OLIVER / MIKE TER MAAT,1
Sanpete,Spring City,President,,LIB,CHASE OLIVER / MIKE TER MAAT,3
Sanpete,"Spring City U, Wales U",President,,LIB,CHASE OLIVER / MIKE TER MAAT,1
Sanpete,South Sanpete U,President,,LIB,CHASE OLIVER / MIKE TER MAAT,0
Sanpete,Sterling Town,President,,LIB,CHASE OLIVER / MIKE TER MAAT,0
Sanpete,Sterling U,President,,LIB,CHASE OLIVER / MIKE TER MAAT,0
Sanpete,Wales Town,President,,LIB,CHASE OLIVER / MIKE TER MAAT,6
Sanpete,Federal,President,,LIB,CHASE OLIVER / MIKE TER MAAT,0
Sanpete,Axtell SSD,President,,DEM,KAMALA D. HARRIS / TIM WALZ,14
Sanpete,Centerfield City,President,,DEM,KAMALA D. HARRIS / TIM WALZ,56
Sanpete,Ephraim City 1,President,,DEM,KAMALA D. HARRIS / TIM WALZ,187
Sanpete,Ephraim City 2,President,,DEM,KAMALA D. HARRIS / TIM WALZ,121
Sanpete,Ephraim City 3,President,,DEM,KAMALA D. HARRIS / TIM WALZ,84
Sanpete,Ephraim U,President,,DEM,KAMALA D. HARRIS / TIM WALZ,28
Sanpete,Fayette Town,President,,DEM,KAMALA D. HARRIS / TIM WALZ,7
Sanpete,Fairview City,President,,DEM,KAMALA D. HARRIS / TIM WALZ,83
Sanpete,Fairview U,President,,DEM,KAMALA D. HARRIS / TIM WALZ,126
Sanpete,Fountain Green City,President,,DEM,KAMALA D. HARRIS / TIM WALZ,80
Sanpete,Gunnison City,President,,DEM,KAMALA D. HARRIS / TIM WALZ,102
Sanpete,Manti City 1,President,,DEM,KAMALA D. HARRIS / TIM WALZ,116
Sanpete,Manti City 2,President,,DEM,KAMALA D. HARRIS / TIM WALZ,71
Sanpete,Manti City 3,President,,DEM,KAMALA D. HARRIS / TIM WALZ,25
Sanpete,Mayfield Town,President,,DEM,KAMALA D. HARRIS / TIM WALZ,57
Sanpete,Moroni City,President,,DEM,KAMALA D. HARRIS / TIM WALZ,87
Sanpete,Moroni U,President,,DEM,KAMALA D. HARRIS / TIM WALZ,24
Sanpete,Mt Pleasant City 1,President,,DEM,KAMALA D. HARRIS / TIM WALZ,204
Sanpete,Mt Pleasant City 2,President,,DEM,KAMALA D. HARRIS / TIM WALZ,92
Sanpete,Mt Pleasant 1 U,President,,DEM,KAMALA D. HARRIS / TIM WALZ,28
Sanpete,Mt Pleasant 2 U,President,,DEM,KAMALA D. HARRIS / TIM WALZ,27
Sanpete,Fountain Green U,President,,DEM,KAMALA D. HARRIS / TIM WALZ,4
Sanpete,Spring City,President,,DEM,KAMALA D. HARRIS / TIM WALZ,128
Sanpete,"Spring City U, Wales U",President,,DEM,KAMALA D. HARRIS / TIM WALZ,73
Sanpete,South Sanpete U,President,,DEM,KAMALA D. HARRIS / TIM WALZ,23
Sanpete,Sterling Town,President,,DEM,KAMALA D. HARRIS / TIM WALZ,12
Sanpete,Sterling U,President,,DEM,KAMALA D. HARRIS / TIM WALZ,19
Sanpete,Wales Town,President,,DEM,KAMALA D. HARRIS / TIM WALZ,28
Sanpete,Federal,President,,DEM,KAMALA D. HARRIS / TIM WALZ,0
Sanpete,Axtell SSD,President,,,CLAUDIA DE LA CRUZ / KARINA ALEXANDRA GARCIA,0
Sanpete,Centerfield City,President,,,CLAUDIA DE LA CRUZ / KARINA ALEXANDRA GARCIA,2
Sanpete,Ephraim City 1,President,,,CLAUDIA DE LA CRUZ / KARINA ALEXANDRA GARCIA,2
Sanpete,Ephraim City 2,President,,,CLAUDIA DE LA CRUZ / KARINA ALEXANDRA GARCIA,0
Sanpete,Ephraim City 3,President,,,CLAUDIA DE LA CRUZ / KARINA ALEXANDRA GARCIA,0
Sanpete,Ephraim U,President,,,CLAUDIA DE LA CRUZ / KARINA ALEXANDRA GARCIA,0
Sanpete,Fayette Town,President,,,CLAUDIA DE LA CRUZ / KARINA ALEXANDRA GARCIA,0
Sanpete,Fairview City,President,,,CLAUDIA DE LA CRUZ / KARINA ALEXANDRA GARCIA,0
Sanpete,Fairview U,President,,,CLAUDIA DE LA CRUZ / KARINA ALEXANDRA GARCIA,0
Sanpete,Fountain Green City,President,,,CLAUDIA DE LA CRUZ / KARINA ALEXANDRA GARCIA,1
Sanpete,Gunnison City,President,,,CLAUDIA DE LA CRUZ / KARINA ALEXANDRA GARCIA,2
Sanpete,Manti City 1,President,,,CLAUDIA DE LA CRUZ / KARINA ALEXANDRA GARCIA,0
Sanpete,Manti City 2,President,,,CLAUDIA DE LA CRUZ / KARINA ALEXANDRA GARCIA,1
Sanpete,Manti City 3,President,,,CLAUDIA DE LA CRUZ / KARINA ALEXANDRA GARCIA,0
Sanpete,Mayfield Town,President,,,CLAUDIA DE LA CRUZ / KARINA ALEXANDRA GARCIA,0
Sanpete,Moroni City,President,,,CLAUDIA DE LA CRUZ / KARINA ALEXANDRA GARCIA,1
Sanpete,Moroni U,President,,,CLAUDIA DE LA CRUZ / KARINA ALEXANDRA GARCIA,1
Sanpete,Mt Pleasant City 1,President,,,CLAUDIA DE LA CRUZ / KARINA ALEXANDRA GARCIA,2
Sanpete,Mt Pleasant City 2,President,,,CLAUDIA DE LA CRUZ / KARINA ALEXANDRA GARCIA,2
Sanpete,Mt Pleasant 1 U,President,,,CLAUDIA DE LA CRUZ / KARINA ALEXANDRA GARCIA,1
Sanpete,Mt Pleasant 2 U,President,,,CLAUDIA DE LA CRUZ / KARINA ALEXANDRA GARCIA,0
Sanpete,Fountain Green U,President,,,CLAUDIA DE LA CRUZ / KARINA ALEXANDRA GARCIA,0
Sanpete,Spring City,President,,,CLAUDIA DE LA CRUZ / KARINA ALEXANDRA GARCIA,1
Sanpete,"Spring City U, Wales U",President,,,CLAUDIA DE LA CRUZ / KARINA ALEXANDRA GARCIA,3
Sanpete,South Sanpete U,President,,,CLAUDIA DE LA CRUZ / KARINA ALEXANDRA GARCIA,0
Sanpete,Sterling Town,President,,,CLAUDIA DE LA CRUZ / KARINA ALEXANDRA GARCIA,0
Sanpete,Sterling U,President,,,CLAUDIA DE LA CRUZ / KARINA ALEXANDRA GARCIA,0
Sanpete,Wales Town,President,,,CLAUDIA DE LA CRUZ / KARINA ALEXANDRA GARCIA,0
Sanpete,Federal,President,,,CLAUDIA DE LA CRUZ / KARINA ALEXANDRA GARCIA,0
Sanpete,Axtell SSD,President,,,FUTURE MADAM POTUS,0
Sanpete,Centerfield City,President,,,FUTURE MADAM POTUS,0
Sanpete,Ephraim City 1,President,,,FUTURE MADAM POTUS,0
Sanpete,Ephraim City 2,President,,,FUTURE MADAM POTUS,0
Sanpete,Ephraim City 3,President,,,FUTURE MADAM POTUS,0
Sanpete,Ephraim U,President,,,FUTURE MADAM POTUS,0
Sanpete,Fayette Town,President,,,FUTURE MADAM POTUS,0
Sanpete,Fairview City,President,,,FUTURE MADAM POTUS,0
Sanpete,Fairview U,President,,,FUTURE MADAM POTUS,0
Sanpete,Fountain Green City,President,,,FUTURE MADAM POTUS,0
Sanpete,Gunnison City,President,,,FUTURE MADAM POTUS,0
Sanpete,Manti City 1,President,,,FUTURE MADAM POTUS,0
Sanpete,Manti City 2,President,,,FUTURE MADAM POTUS,0
Sanpete,Manti City 3,President,,,FUTURE MADAM POTUS,0
Sanpete,Mayfield Town,President,,,FUTURE MADAM POTUS,0
Sanpete,Moroni City,President,,,FUTURE MADAM POTUS,0
Sanpete,Moroni U,President,,,FUTURE MADAM POTUS,0
Sanpete,Mt Pleasant City 1,President,,,FUTURE MADAM POTUS,0
Sanpete,Mt Pleasant City 2,President,,,FUTURE MADAM POTUS,0
Sanpete,Mt Pleasant 1 U,President,,,FUTURE MADAM POTUS,0
Sanpete,Mt Pleasant 2 U,President,,,FUTURE MADAM POTUS,0
Sanpete,Fountain Green U,President,,,FUTURE MADAM POTUS,0
Sanpete,Spring City,President,,,FUTURE MADAM POTUS,0
Sanpete,"Spring City U, Wales U",President,,,FUTURE MADAM POTUS,0
Sanpete,South Sanpete U,President,,,FUTURE MADAM POTUS,0
Sanpete,Sterling Town,President,,,FUTURE MADAM POTUS,0
Sanpete,Sterling U,President,,,FUTURE MADAM POTUS,0
Sanpete,Wales Town,President,,,FUTURE MADAM POTUS,0
Sanpete,Federal,President,,,FUTURE MADAM POTUS,0
Sanpete,Axtell SSD,President,,,PETER SONSKI / LAUREN MICHELLE ONAK,0
Sanpete,Centerfield City,President,,,PETER SONSKI / LAUREN MICHELLE ONAK,0
Sanpete,Ephraim City 1,President,,,PETER SONSKI / LAUREN MICHELLE ONAK,0
Sanpete,Ephraim City 2,President,,,PETER SONSKI / LAUREN MICHELLE ONAK,0
Sanpete,Ephraim City 3,President,,,PETER SONSKI / LAUREN MICHELLE ONAK,0
Sanpete,Ephraim U,President,,,PETER SONSKI / LAUREN MICHELLE ONAK,0
Sanpete,Fayette Town,President,,,PETER SONSKI / LAUREN MICHELLE ONAK,0
Sanpete,Fairview City,President,,,PETER SONSKI / LAUREN MICHELLE ONAK,0
Sanpete,Fairview U,President,,,PETER SONSKI / LAUREN MICHELLE ONAK,0
Sanpete,Fountain Green City,President,,,PETER SONSKI / LAUREN MICHELLE ONAK,0
Sanpete,Gunnison City,President,,,PETER SONSKI / LAUREN MICHELLE ONAK,0
Sanpete,Manti City 1,President,,,PETER SONSKI / LAUREN MICHELLE ONAK,0
Sanpete,Manti City 2,President,,,PETER SONSKI / LAUREN MICHELLE ONAK,0
Sanpete,Manti City 3,President,,,PETER SONSKI / LAUREN MICHELLE ONAK,0
Sanpete,Mayfield Town,President,,,PETER SONSKI / LAUREN MICHELLE ONAK,0
Sanpete,Moroni City,President,,,PETER SONSKI / LAUREN MICHELLE ONAK,0
Sanpete,Moroni U,President,,,PETER SONSKI / LAUREN MICHELLE ONAK,0
Sanpete,Mt Pleasant City 1,President,,,PETER SONSKI / LAUREN MICHELLE ONAK,0
Sanpete,Mt Pleasant City 2,President,,,PETER SONSKI / LAUREN MICHELLE ONAK,0
Sanpete,Mt Pleasant 1 U,President,,,PETER SONSKI / LAUREN MICHELLE ONAK,0
Sanpete,Mt Pleasant 2 U,President,,,PETER SONSKI / LAUREN MICHELLE ONAK,0
Sanpete,Fountain Green U,President,,,PETER SONSKI / LAUREN MICHELLE ONAK,0
Sanpete,Spring City,President,,,PETER SONSKI / LAUREN MICHELLE ONAK,0
Sanpete,"Spring City U, Wales U",President,,,PETER SONSKI / LAUREN MICHELLE ONAK,0
Sanpete,South Sanpete U,President,,,PETER SONSKI / LAUREN MICHELLE ONAK,0
Sanpete,Sterling Town,President,,,PETER SONSKI / LAUREN MICHELLE ONAK,0
Sanpete,Sterling U,President,,,PETER SONSKI / LAUREN MICHELLE ONAK,0
Sanpete,Wales Town,President,,,PETER SONSKI / LAUREN MICHELLE ONAK,0
Sanpete,Federal,President,,,PETER SONSKI / LAUREN MICHELLE ONAK,0
Sanpete,Axtell SSD,President,,,JAY J BOWMAN / DE D. BOWMAN,0
Sanpete,Centerfield City,President,,,JAY J BOWMAN / DE D. BOWMAN,0
Sanpete,Ephraim City 1,President,,,JAY J BOWMAN / DE D. BOWMAN,0
Sanpete,Ephraim City 2,President,,,JAY J BOWMAN / DE D. BOWMAN,0
Sanpete,Ephraim City 3,President,,,JAY J BOWMAN / DE D. BOWMAN,0
Sanpete,Ephraim U,President,,,JAY J BOWMAN / DE D. BOWMAN,0
Sanpete,Fayette Town,President,,,JAY J BOWMAN / DE D. BOWMAN,0
Sanpete,Fairview City,President,,,JAY J BOWMAN / DE D. BOWMAN,0
Sanpete,Fairview U,President,,,JAY J BOWMAN / DE D. BOWMAN,0
Sanpete,Fountain Green City,President,,,JAY J BOWMAN / DE D. BOWMAN,0
Sanpete,Gunnison City,President,,,JAY J BOWMAN / DE D. BOWMAN,0
Sanpete,Manti City 1,President,,,JAY J BOWMAN / DE D. BOWMAN,0
Sanpete,Manti City 2,President,,,JAY J BOWMAN / DE D. BOWMAN,0
Sanpete,Manti City 3,President,,,JAY J BOWMAN / DE D. BOWMAN,0
Sanpete,Mayfield Town,President,,,JAY J BOWMAN / DE D. BOWMAN,0
Sanpete,Moroni City,President,,,JAY J BOWMAN / DE D. BOWMAN,0
Sanpete,Moroni U,President,,,JAY J BOWMAN / DE D. BOWMAN,0
Sanpete,Mt Pleasant City 1,President,,,JAY J BOWMAN / DE D. BOWMAN,0
Sanpete,Mt Pleasant City 2,President,,,JAY J BOWMAN / DE D. BOWMAN,0
Sanpete,Mt Pleasant 1 U,President,,,JAY J BOWMAN / DE D. BOWMAN,0
Sanpete,Mt Pleasant 2 U,President,,,JAY J BOWMAN / DE D. BOWMAN,0
Sanpete,Fountain Green U,President,,,JAY J BOWMAN / DE D. BOWMAN,0
Sanpete,Spring City,President,,,JAY J BOWMAN / DE D. BOWMAN,0
Sanpete,"Spring City U, Wales U",President,,,JAY J BOWMAN / DE D. BOWMAN,0
Sanpete,South Sanpete U,President,,,JAY J BOWMAN / DE D. BOWMAN,0
Sanpete,Sterling Town,President,,,JAY J BOWMAN / DE D. BOWMAN,0
Sanpete,Sterling U,President,,,JAY J BOWMAN / DE D. BOWMAN,0
Sanpete,Wales Town,President,,,JAY J BOWMAN / DE D. BOWMAN,0
Sanpete,Federal,President,,,JAY J BOWMAN / DE D. BOWMAN,0
Sanpete,Axtell SSD,President,,,STEVE M. JOHNSON,0
Sanpete,Centerfield City,President,,,STEVE M. JOHNSON,0
Sanpete,Ephraim City 1,President,,,STEVE M. JOHNSON,0
Sanpete,Ephraim City 2,President,,,STEVE M. JOHNSON,0
Sanpete,Ephraim City 3,President,,,STEVE M. JOHNSON,0
Sanpete,Ephraim U,President,,,STEVE M. JOHNSON,0
Sanpete,Fayette Town,President,,,STEVE M. JOHNSON,0
Sanpete,Fairview City,President,,,STEVE M. JOHNSON,0
Sanpete,Fairview U,President,,,STEVE M. JOHNSON,0
Sanpete,Fountain Green City,President,,,STEVE M. JOHNSON,0
Sanpete,Gunnison City,President,,,STEVE M. JOHNSON,0
Sanpete,Manti City 1,President,,,STEVE M. JOHNSON,1
Sanpete,Manti City 2,President,,,STEVE M. JOHNSON,0
Sanpete,Manti City 3,President,,,STEVE M. JOHNSON,0
Sanpete,Mayfield Town,President,,,STEVE M. JOHNSON,0
Sanpete,Moroni City,President,,,STEVE M. JOHNSON,0
Sanpete,Moroni U,President,,,STEVE M. JOHNSON,0
Sanpete,Mt Pleasant City 1,President,,,STEVE M. JOHNSON,0
Sanpete,Mt Pleasant City 2,President,,,STEVE M. JOHNSON,0
Sanpete,Mt Pleasant 1 U,President,,,STEVE M. JOHNSON,0
Sanpete,Mt Pleasant 2 U,President,,,STEVE M. JOHNSON,0
Sanpete,Fountain Green U,President,,,STEVE M. JOHNSON,0
Sanpete,Spring City,President,,,STEVE M. JOHNSON,0
Sanpete,"Spring City U, Wales U",President,,,STEVE M. JOHNSON,0
Sanpete,South Sanpete U,President,,,STEVE M. JOHNSON,0
Sanpete,Sterling Town,President,,,STEVE M. JOHNSON,0
Sanpete,Sterling U,President,,,STEVE M. JOHNSON,0
Sanpete,Wales Town,President,,,STEVE M. JOHNSON,0
Sanpete,Federal,President,,,STEVE M. JOHNSON,0
Sanpete,Axtell SSD,President,,,ANDRE RAMON MC NEIL,0
Sanpete,Centerfield City,President,,,ANDRE RAMON MC NEIL,0
Sanpete,Ephraim City 1,President,,,ANDRE RAMON MC NEIL,0
Sanpete,Ephraim City 2,President,,,ANDRE RAMON MC NEIL,0
Sanpete,Ephraim City 3,President,,,ANDRE RAMON MC NEIL,0
Sanpete,Ephraim U,President,,,ANDRE RAMON MC NEIL,0
Sanpete,Fayette Town,President,,,ANDRE RAMON MC NEIL,0
Sanpete,Fairview City,President,,,ANDRE RAMON MC NEIL,0
Sanpete,Fairview U,President,,,ANDRE RAMON MC NEIL,0
Sanpete,Fountain Green City,President,,,ANDRE RAMON MC NEIL,0
Sanpete,Gunnison City,President,,,ANDRE RAMON MC NEIL,0
Sanpete,Manti City 1,President,,,ANDRE RAMON MC NEIL,0
Sanpete,Manti City 2,President,,,ANDRE RAMON MC NEIL,0
Sanpete,Manti City 3,President,,,ANDRE RAMON MC NEIL,0
Sanpete,Mayfield Town,President,,,ANDRE RAMON MC NEIL,0
Sanpete,Moroni City,President,,,ANDRE RAMON MC NEIL,0
Sanpete,Moroni U,President,,,ANDRE RAMON MC NEIL,0
Sanpete,Mt Pleasant City 1,President,,,ANDRE RAMON MC NEIL,0
Sanpete,Mt Pleasant City 2,President,,,ANDRE RAMON MC NEIL,0
Sanpete,Mt Pleasant 1 U,President,,,ANDRE RAMON MC NEIL,0
Sanpete,Mt Pleasant 2 U,President,,,ANDRE RAMON MC NEIL,0
Sanpete,Fountain Green U,President,,,ANDRE RAMON MC NEIL,0
Sanpete,Spring City,President,,,ANDRE RAMON MC NEIL,0
Sanpete,"Spring City U, Wales U",President,,,ANDRE RAMON MC NEIL,0
Sanpete,South Sanpete U,President,,,ANDRE RAMON MC NEIL,0
Sanpete,Sterling Town,President,,,ANDRE RAMON MC NEIL,0
Sanpete,Sterling U,President,,,ANDRE RAMON MC NEIL,0
Sanpete,Wales Town,President,,,ANDRE RAMON MC NEIL,0
Sanpete,Federal,President,,,ANDRE RAMON MC NEIL,0
Sanpete,Axtell SSD,President,,,SHONDRA YEVETTE IRVING,0
Sanpete,Centerfield City,President,,,SHONDRA YEVETTE IRVING,0
Sanpete,Ephraim City 1,President,,,SHONDRA YEVETTE IRVING,0
Sanpete,Ephraim City 2,President,,,SHONDRA YEVETTE IRVING,0
Sanpete,Ephraim City 3,President,,,SHONDRA YEVETTE IRVING,0
Sanpete,Ephraim U,President,,,SHONDRA YEVETTE IRVING,0
Sanpete,Fayette Town,President,,,SHONDRA YEVETTE IRVING,0
Sanpete,Fairview City,President,,,SHONDRA YEVETTE IRVING,0
Sanpete,Fairview U,President,,,SHONDRA YEVETTE IRVING,0
Sanpete,Fountain Green City,President,,,SHONDRA YEVETTE IRVING,0
Sanpete,Gunnison City,President,,,SHONDRA YEVETTE IRVING,0
Sanpete,Manti City 1,President,,,SHONDRA YEVETTE IRVING,0
Sanpete,Manti City 2,President,,,SHONDRA YEVETTE IRVING,0
Sanpete,Manti City 3,President,,,SHONDRA YEVETTE IRVING,0
Sanpete,Mayfield Town,President,,,SHONDRA YEVETTE IRVING,0
Sanpete,Moroni City,President,,,SHONDRA YEVETTE IRVING,0
Sanpete,Moroni U,President,,,SHONDRA YEVETTE IRVING,0
Sanpete,Mt Pleasant City 1,President,,,SHONDRA YEVETTE IRVING,0
Sanpete,Mt Pleasant City 2,President,,,SHONDRA YEVETTE IRVING,0
Sanpete,Mt Pleasant 1 U,President,,,SHONDRA YEVETTE IRVING,0
Sanpete,Mt Pleasant 2 U,President,,,SHONDRA YEVETTE IRVING,0
Sanpete,Fountain Green U,President,,,SHONDRA YEVETTE IRVING,0
Sanpete,Spring City,President,,,SHONDRA YEVETTE IRVING,0
Sanpete,"Spring City U, Wales U",President,,,SHONDRA YEVETTE IRVING,0
Sanpete,South Sanpete U,President,,,SHONDRA YEVETTE IRVING,0
Sanpete,Sterling Town,President,,,SHONDRA YEVETTE IRVING,0
Sanpete,Sterling U,President,,,SHONDRA YEVETTE IRVING,0
Sanpete,Wales Town,President,,,SHONDRA YEVETTE IRVING,0
Sanpete,Federal,President,,,SHONDRA YEVETTE IRVING,0
Sanpete,Axtell SSD,President,,,BUDDIE ARDEN WILKERSON,0
Sanpete,Centerfield City,President,,,BUDDIE ARDEN WILKERSON,0
Sanpete,Ephraim City 1,President,,,BUDDIE ARDEN WILKERSON,0
Sanpete,Ephraim City 2,President,,,BUDDIE ARDEN WILKERSON,0
Sanpete,Ephraim City 3,President,,,BUDDIE ARDEN WILKERSON,0
Sanpete,Ephraim U,President,,,BUDDIE ARDEN WILKERSON,0
Sanpete,Fayette Town,President,,,BUDDIE ARDEN WILKERSON,0
Sanpete,Fairview City,President,,,BUDDIE ARDEN WILKERSON,0
Sanpete,Fairview U,President,,,BUDDIE ARDEN WILKERSON,0
Sanpete,Fountain Green City,President,,,BUDDIE ARDEN WILKERSON,0
Sanpete,Gunnison City,President,,,BUDDIE ARDEN WILKERSON,0
Sanpete,Manti City 1,President,,,BUDDIE ARDEN WILKERSON,0
Sanpete,Manti City 2,President,,,BUDDIE ARDEN WILKERSON,0
Sanpete,Manti City 3,President,,,BUDDIE ARDEN WILKERSON,0
Sanpete,Mayfield Town,President,,,BUDDIE ARDEN WILKERSON,0
Sanpete,Moroni City,President,,,BUDDIE ARDEN WILKERSON,0
Sanpete,Moroni U,President,,,BUDDIE ARDEN WILKERSON,0
Sanpete,Mt Pleasant City 1,President,,,BUDDIE ARDEN WILKERSON,0
Sanpete,Mt Pleasant City 2,President,,,BUDDIE ARDEN WILKERSON,0
Sanpete,Mt Pleasant 1 U,President,,,BUDDIE ARDEN WILKERSON,0
Sanpete,Mt Pleasant 2 U,President,,,BUDDIE ARDEN WILKERSON,0
Sanpete,Fountain Green U,President,,,BUDDIE ARDEN WILKERSON,0
Sanpete,Spring City,President,,,BUDDIE ARDEN WILKERSON,0
Sanpete,"Spring City U, Wales U",President,,,BUDDIE ARDEN WILKERSON,0
Sanpete,South Sanpete U,President,,,BUDDIE ARDEN WILKERSON,0
Sanpete,Sterling Town,President,,,BUDDIE ARDEN WILKERSON,0
Sanpete,Sterling U,President,,,BUDDIE ARDEN WILKERSON,0
Sanpete,Wales Town,President,,,BUDDIE ARDEN WILKERSON,0
Sanpete,Federal,President,,,BUDDIE ARDEN WILKERSON,0
Sanpete,Axtell SSD,U.S. Senate,,IAP,CARLTON E. BOWEN,9
Sanpete,Centerfield City,U.S. Senate,,IAP,CARLTON E. BOWEN,50
Sanpete,Ephraim City 1,U.S. Senate,,IAP,CARLTON E. BOWEN,61
Sanpete,Ephraim City 2,U.S. Senate,,IAP,CARLTON E. BOWEN,53
Sanpete,Ephraim City 3,U.S. Senate,,IAP,CARLTON E. BOWEN,21
Sanpete,Ephraim U,U.S. Senate,,IAP,CARLTON E. BOWEN,23
Sanpete,Fayette Town,U.S. Senate,,IAP,CARLTON E. BOWEN,12
Sanpete,Fairview City,U.S. Senate,,IAP,CARLTON E. BOWEN,50
Sanpete,Fairview U,U.S. Senate,,IAP,CARLTON E. BOWEN,98
Sanpete,Fountain Green City,U.S. Senate,,IAP,CARLTON E. BOWEN,41
Sanpete,Gunnison City,U.S. Senate,,IAP,CARLTON E. BOWEN,67
Sanpete,Manti City 1,U.S. Senate,,IAP,CARLTON E. BOWEN,105
Sanpete,Manti City 2,U.S. Senate,,IAP,CARLTON E. BOWEN,68
Sanpete,Manti City 3,U.S. Senate,,IAP,CARLTON E. BOWEN,32
Sanpete,Mayfield Town,U.S. Senate,,IAP,CARLTON E. BOWEN,20
Sanpete,Moroni City,U.S. Senate,,IAP,CARLTON E. BOWEN,45
Sanpete,Moroni U,U.S. Senate,,IAP,CARLTON E. BOWEN,19
Sanpete,Mt Pleasant City 1,U.S. Senate,,IAP,CARLTON E. BOWEN,98
Sanpete,Mt Pleasant City 2,U.S. Senate,,IAP,CARLTON E. BOWEN,34
Sanpete,Mt Pleasant 1 U,U.S. Senate,,IAP,CARLTON E. BOWEN,25
Sanpete,Mt Pleasant 2 U,U.S. Senate,,IAP,CARLTON E. BOWEN,48
Sanpete,Fountain Green U,U.S. Senate,,IAP,CARLTON E. BOWEN,5
Sanpete,Spring City,U.S. Senate,,IAP,CARLTON E. BOWEN,61
Sanpete,"Spring City U, Wales U",U.S. Senate,,IAP,CARLTON E. BOWEN,71
Sanpete,South Sanpete U,U.S. Senate,,IAP,CARLTON E. BOWEN,17
Sanpete,Sterling Town,U.S. Senate,,IAP,CARLTON E. BOWEN,14
Sanpete,Sterling U,U.S. Senate,,IAP,CARLTON E. BOWEN,8
Sanpete,Wales Town,U.S. Senate,,IAP,CARLTON E. BOWEN,11
Sanpete,Federal,U.S. Senate,,IAP,CARLTON E. BOWEN,0
Sanpete,Axtell SSD,U.S. Senate,,REP,JOHN CURTIS,127
Sanpete,Centerfield City,U.S. Senate,,REP,JOHN CURTIS,530
Sanpete,Ephraim City 1,U.S. Senate,,REP,JOHN CURTIS,735
Sanpete,Ephraim City 2,U.S. Senate,,REP,JOHN CURTIS,456
Sanpete,Ephraim City 3,U.S. Senate,,REP,JOHN CURTIS,392
Sanpete,Ephraim U,U.S. Senate,,REP,JOHN CURTIS,294
Sanpete,Fayette Town,U.S. Senate,,REP,JOHN CURTIS,106
Sanpete,Fairview City,U.S. Senate,,REP,JOHN CURTIS,542
Sanpete,Fairview U,U.S. Senate,,REP,JOHN CURTIS,636
Sanpete,Fountain Green City,U.S. Senate,,REP,JOHN CURTIS,489
Sanpete,Gunnison City,U.S. Senate,,REP,JOHN CURTIS,710
Sanpete,Manti City 1,U.S. Senate,,REP,JOHN CURTIS,665
Sanpete,Manti City 2,U.S. Senate,,REP,JOHN CURTIS,422
Sanpete,Manti City 3,U.S. Senate,,REP,JOHN CURTIS,274
Sanpete,Mayfield Town,U.S. Senate,,REP,JOHN CURTIS,262
Sanpete,Moroni City,U.S. Senate,,REP,JOHN CURTIS,516
Sanpete,Moroni U,U.S. Senate,,REP,JOHN CURTIS,177
Sanpete,Mt Pleasant City 1,U.S. Senate,,REP,JOHN CURTIS,716
Sanpete,Mt Pleasant City 2,U.S. Senate,,REP,JOHN CURTIS,373
Sanpete,Mt Pleasant 1 U,U.S. Senate,,REP,JOHN CURTIS,208
Sanpete,Mt Pleasant 2 U,U.S. Senate,,REP,JOHN CURTIS,217
Sanpete,Fountain Green U,U.S. Senate,,REP,JOHN CURTIS,41
Sanpete,Spring City,U.S. Senate,,REP,JOHN CURTIS,396
Sanpete,"Spring City U, Wales U",U.S. Senate,,REP,JOHN CURTIS,410
Sanpete,South Sanpete U,U.S. Senate,,REP,JOHN CURTIS,142
Sanpete,Sterling Town,U.S. Senate,,REP,JOHN CURTIS,114
Sanpete,Sterling U,U.S. Senate,,REP,JOHN CURTIS,91
Sanpete,Wales Town,U.S. Senate,,REP,JOHN CURTIS,132
Sanpete,Federal,U.S. Senate,,REP,JOHN CURTIS,0
Sanpete,Axtell SSD,U.S. Senate,,DEM,CAROLINE GLEICH,13
Sanpete,Centerfield City,U.S. Senate,,DEM,CAROLINE GLEICH,42
Sanpete,Ephraim City 1,U.S. Senate,,DEM,CAROLINE GLEICH,136
Sanpete,Ephraim City 2,U.S. Senate,,DEM,CAROLINE GLEICH,89
Sanpete,Ephraim City 3,U.S. Senate,,DEM,CAROLINE GLEICH,63
Sanpete,Ephraim U,U.S. Senate,,DEM,CAROLINE GLEICH,23
Sanpete,Fayette Town,U.S. Senate,,DEM,CAROLINE GLEICH,6
Sanpete,Fairview City,U.S. Senate,,DEM,CAROLINE GLEICH,58
Sanpete,Fairview U,U.S. Senate,,DEM,CAROLINE GLEICH,95
Sanpete,Fountain Green City,U.S. Senate,,DEM,CAROLINE GLEICH,51
Sanpete,Gunnison City,U.S. Senate,,DEM,CAROLINE GLEICH,78
Sanpete,Manti City 1,U.S. Senate,,DEM,CAROLINE GLEICH,67
Sanpete,Manti City 2,U.S. Senate,,DEM,CAROLINE GLEICH,56
Sanpete,Manti City 3,U.S. Senate,,DEM,CAROLINE GLEICH,17
Sanpete,Mayfield Town,U.S. Senate,,DEM,CAROLINE GLEICH,38
Sanpete,Moroni City,U.S. Senate,,DEM,CAROLINE GLEICH,65
Sanpete,Moroni U,U.S. Senate,,DEM,CAROLINE GLEICH,15
Sanpete,Mt Pleasant City 1,U.S. Senate,,DEM,CAROLINE GLEICH,170
Sanpete,Mt Pleasant City 2,U.S. Senate,,DEM,CAROLINE GLEICH,68
Sanpete,Mt Pleasant 1 U,U.S. Senate,,DEM,CAROLINE GLEICH,23
Sanpete,Mt Pleasant 2 U,U.S. Senate,,DEM,CAROLINE GLEICH,25
Sanpete,Fountain Green U,U.S. Senate,,DEM,CAROLINE GLEICH,3
Sanpete,Spring City,U.S. Senate,,DEM,CAROLINE GLEICH,101
Sanpete,"Spring City U, Wales U",U.S. Senate,,DEM,CAROLINE GLEICH,52
Sanpete,South Sanpete U,U.S. Senate,,DEM,CAROLINE GLEICH,19
Sanpete,Sterling Town,U.S. Senate,,DEM,CAROLINE GLEICH,13
Sanpete,Sterling U,U.S. Senate,,DEM,CAROLINE GLEICH,16
Sanpete,Wales Town,U.S. Senate,,DEM,CAROLINE GLEICH,27
Sanpete,Federal,U.S. Senate,,DEM,CAROLINE GLEICH,0
Sanpete,Axtell SSD,U.S. Senate,,,LAIRD FETZER HAMBLIN,0
Sanpete,Centerfield City,U.S. Senate,,,LAIRD FETZER HAMBLIN,0
Sanpete,Ephraim City 1,U.S. Senate,,,LAIRD FETZER HAMBLIN,0
Sanpete,Ephraim City 2,U.S. Senate,,,LAIRD FETZER HAMBLIN,0
Sanpete,Ephraim City 3,U.S. Senate,,,LAIRD FETZER HAMBLIN,0
Sanpete,Ephraim U,U.S. Senate,,,LAIRD FETZER HAMBLIN,0
Sanpete,Fayette Town,U.S. Senate,,,LAIRD FETZER HAMBLIN,0
Sanpete,Fairview City,U.S. Senate,,,LAIRD FETZER HAMBLIN,0
Sanpete,Fairview U,U.S. Senate,,,LAIRD FETZER HAMBLIN,0
Sanpete,Fountain Green City,U.S. Senate,,,LAIRD FETZER HAMBLIN,0
Sanpete,Gunnison City,U.S. Senate,,,LAIRD FETZER HAMBLIN,1
Sanpete,Manti City 1,U.S. Senate,,,LAIRD FETZER HAMBLIN,0
Sanpete,Manti City 2,U.S. Senate,,,LAIRD FETZER HAMBLIN,0
Sanpete,Manti City 3,U.S. Senate,,,LAIRD FETZER HAMBLIN,0
Sanpete,Mayfield Town,U.S. Senate,,,LAIRD FETZER HAMBLIN,0
Sanpete,Moroni City,U.S. Senate,,,LAIRD FETZER HAMBLIN,0
Sanpete,Moroni U,U.S. Senate,,,LAIRD FETZER HAMBLIN,0
Sanpete,Mt Pleasant City 1,U.S. Senate,,,LAIRD FETZER HAMBLIN,0
Sanpete,Mt Pleasant City 2,U.S. Senate,,,LAIRD FETZER HAMBLIN,0
Sanpete,Mt Pleasant 1 U,U.S. Senate,,,LAIRD FETZER HAMBLIN,0
Sanpete,Mt Pleasant 2 U,U.S. Senate,,,LAIRD FETZER HAMBLIN,0
Sanpete,Fountain Green U,U.S. Senate,,,LAIRD FETZER HAMBLIN,0
Sanpete,Spring City,U.S. Senate,,,LAIRD FETZER HAMBLIN,0
Sanpete,"Spring City U, Wales U",U.S. Senate,,,LAIRD FETZER HAMBLIN,1
Sanpete,South Sanpete U,U.S. Senate,,,LAIRD FETZER HAMBLIN,0
Sanpete,Sterling Town,U.S. Senate,,,LAIRD FETZER HAMBLIN,0
Sanpete,Sterling U,U.S. Senate,,,LAIRD FETZER HAMBLIN,0
Sanpete,Wales Town,U.S. Senate,,,LAIRD FETZER HAMBLIN,0
Sanpete,Federal,U.S. Senate,,,LAIRD FETZER HAMBLIN,0
Sanpete,Axtell SSD,U.S. House,4,,M. EVAN BULLARD,2
Sanpete,Centerfield City,U.S. House,4,,M. EVAN BULLARD,7
Sanpete,Ephraim City 1,U.S. House,4,,M. EVAN BULLARD,5
Sanpete,Ephraim City 2,U.S. House,4,,M. EVAN BULLARD,13
Sanpete,Ephraim City 3,U.S. House,4,,M. EVAN BULLARD,2
Sanpete,Ephraim U,U.S. House,4,,M. EVAN BULLARD,2
Sanpete,Fayette Town,U.S. House,4,,M. EVAN BULLARD,1
Sanpete,Fairview City,U.S. House,4,,M. EVAN BULLARD,11
Sanpete,Fairview U,U.S. House,4,,M. EVAN BULLARD,19
Sanpete,Fountain Green City,U.S. House,4,,M. EVAN BULLARD,5
Sanpete,Gunnison City,U.S. House,4,,M. EVAN BULLARD,13
Sanpete,Manti City 1,U.S. House,4,,M. EVAN BULLARD,17
Sanpete,Manti City 2,U.S. House,4,,M. EVAN BULLARD,11
Sanpete,Manti City 3,U.S. House,4,,M. EVAN BULLARD,5
Sanpete,Mayfield Town,U.S. House,4,,M. EVAN BULLARD,4
Sanpete,Moroni City,U.S. House,4,,M. EVAN BULLARD,19
Sanpete,Moroni U,U.S. House,4,,M. EVAN BULLARD,1
Sanpete,Mt Pleasant City 1,U.S. House,4,,M. EVAN BULLARD,11
Sanpete,Mt Pleasant City 2,U.S. House,4,,M. EVAN BULLARD,4
Sanpete,Mt Pleasant 1 U,U.S. House,4,,M. EVAN BULLARD,1
Sanpete,Mt Pleasant 2 U,U.S. House,4,,M. EVAN BULLARD,10
Sanpete,Fountain Green U,U.S. House,4,,M. EVAN BULLARD,0
Sanpete,Spring City,U.S. House,4,,M. EVAN BULLARD,1
Sanpete,"Spring City U, Wales U",U.S. House,4,,M. EVAN BULLARD,12
Sanpete,South Sanpete U,U.S. House,4,,M. EVAN BULLARD,2
Sanpete,Sterling Town,U.S. House,4,,M. EVAN BULLARD,1
Sanpete,Sterling U,U.S. House,4,,M. EVAN BULLARD,3
Sanpete,Wales Town,U.S. House,4,,M. EVAN BULLARD,2
Sanpete,Federal,U.S. House,4,,M. EVAN BULLARD,0
Sanpete,Axtell SSD,U.S. House,4,UUP,VAUGHN R COOK,3
Sanpete,Centerfield City,U.S. House,4,UUP,VAUGHN R COOK,13
Sanpete,Ephraim City 1,U.S. House,4,UUP,VAUGHN R COOK,63
Sanpete,Ephraim City 2,U.S. House,4,UUP,VAUGHN R COOK,42
Sanpete,Ephraim City 3,U.S. House,4,UUP,VAUGHN R COOK,10
Sanpete,Ephraim U,U.S. House,4,UUP,VAUGHN R COOK,6
Sanpete,Fayette Town,U.S. House,4,UUP,VAUGHN R COOK,6
Sanpete,Fairview City,U.S. House,4,UUP,VAUGHN R COOK,33
Sanpete,Fairview U,U.S. House,4,UUP,VAUGHN R COOK,37
Sanpete,Fountain Green City,U.S. House,4,UUP,VAUGHN R COOK,22
Sanpete,Gunnison City,U.S. House,4,UUP,VAUGHN R COOK,26
Sanpete,Manti City 1,U.S. House,4,UUP,VAUGHN R COOK,45
Sanpete,Manti City 2,U.S. House,4,UUP,VAUGHN R COOK,35
Sanpete,Manti City 3,U.S. House,4,UUP,VAUGHN R COOK,16
Sanpete,Mayfield Town,U.S. House,4,UUP,VAUGHN R COOK,8
Sanpete,Moroni City,U.S. House,4,UUP,VAUGHN R COOK,25
Sanpete,Moroni U,U.S. House,4,UUP,VAUGHN R COOK,7
Sanpete,Mt Pleasant City 1,U.S. House,4,UUP,VAUGHN R COOK,39
Sanpete,Mt Pleasant City 2,U.S. House,4,UUP,VAUGHN R COOK,15
Sanpete,Mt Pleasant 1 U,U.S. House,4,UUP,VAUGHN R COOK,7
Sanpete,Mt Pleasant 2 U,U.S. House,4,UUP,VAUGHN R COOK,2
Sanpete,Fountain Green U,U.S. House,4,UUP,VAUGHN R COOK,0
Sanpete,Spring City,U.S. House,4,UUP,VAUGHN R COOK,21
Sanpete,"Spring City U, Wales U",U.S. House,4,UUP,VAUGHN R COOK,19
Sanpete,South Sanpete U,U.S. House,4,UUP,VAUGHN R COOK,8
Sanpete,Sterling Town,U.S. House,4,UUP,VAUGHN R COOK,3
Sanpete,Sterling U,U.S. House,4,UUP,VAUGHN R COOK,5
Sanpete,Wales Town,U.S. House,4,UUP,VAUGHN R COOK,7
Sanpete,Federal,U.S. House,4,UUP,VAUGHN R COOK,0
Sanpete,Axtell SSD,U.S. House,4,DEM,KATRINA FALLICK-WANG,11
Sanpete,Centerfield City,U.S. House,4,DEM,KATRINA FALLICK-WANG,46
Sanpete,Ephraim City 1,U.S. House,4,DEM,KATRINA FALLICK-WANG,132
Sanpete,Ephraim City 2,U.S. House,4,DEM,KATRINA FALLICK-WANG,84
Sanpete,Ephraim City 3,U.S. House,4,DEM,KATRINA FALLICK-WANG,65
Sanpete,Ephraim U,U.S. House,4,DEM,KATRINA FALLICK-WANG,22
Sanpete,Fayette Town,U.S. House,4,DEM,KATRINA FALLICK-WANG,7
Sanpete,Fairview City,U.S. House,4,DEM,KATRINA FALLICK-WANG,58
Sanpete,Fairview U,U.S. House,4,DEM,KATRINA FALLICK-WANG,95
Sanpete,Fountain Green City,U.S. House,4,DEM,KATRINA FALLICK-WANG,57
Sanpete,Gunnison City,U.S. House,4,DEM,KATRINA FALLICK-WANG,84
Sanpete,Manti City 1,U.S. House,4,DEM,KATRINA FALLICK-WANG,74
Sanpete,Manti City 2,U.S. House,4,DEM,KATRINA FALLICK-WANG,49
Sanpete,Manti City 3,U.S. House,4,DEM,KATRINA FALLICK-WANG,16
Sanpete,Mayfield Town,U.S. House,4,DEM,KATRINA FALLICK-WANG,46
Sanpete,Moroni City,U.S. House,4,DEM,KATRINA FALLICK-WANG,68
Sanpete,Moroni U,U.S. House,4,DEM,KATRINA FALLICK-WANG,16
Sanpete,Mt Pleasant City 1,U.S. House,4,DEM,KATRINA FALLICK-WANG,172
Sanpete,Mt Pleasant City 2,U.S. House,4,DEM,KATRINA FALLICK-WANG,76
Sanpete,Mt Pleasant 1 U,U.S. House,4,DEM,KATRINA FALLICK-WANG,21
Sanpete,Mt Pleasant 2 U,U.S. House,4,DEM,KATRINA FALLICK-WANG,22
Sanpete,Fountain Green U,U.S. House,4,DEM,KATRINA FALLICK-WANG,3
Sanpete,Spring City,U.S. House,4,DEM,KATRINA FALLICK-WANG,110
Sanpete,"Spring City U, Wales U",U.S. House,4,DEM,KATRINA FALLICK-WANG,55
Sanpete,South Sanpete U,U.S. House,4,DEM,KATRINA FALLICK-WANG,18
Sanpete,Sterling Town,U.S. House,4,DEM,KATRINA FALLICK-WANG,12
Sanpete,Sterling U,U.S. House,4,DEM,KATRINA FALLICK-WANG,14
Sanpete,Wales Town,U.S. House,4,DEM,KATRINA FALLICK-WANG,29
Sanpete,Federal,U.S. House,4,DEM,KATRINA FALLICK-WANG,0
Sanpete,Axtell SSD,U.S. House,4,REP,BURGESS OWENS,132
Sanpete,Centerfield City,U.S. House,4,REP,BURGESS OWENS,557
Sanpete,Ephraim City 1,U.S. House,4,REP,BURGESS OWENS,733
Sanpete,Ephraim City 2,U.S. House,4,REP,BURGESS OWENS,462
Sanpete,Ephraim City 3,U.S. House,4,REP,BURGESS OWENS,398
Sanpete,Ephraim U,U.S. House,4,REP,BURGESS OWENS,316
Sanpete,Fayette Town,U.S. House,4,REP,BURGESS OWENS,108
Sanpete,Fairview City,U.S. House,4,REP,BURGESS OWENS,547
Sanpete,Fairview U,U.S. House,4,REP,BURGESS OWENS,669
Sanpete,Fountain Green City,U.S. House,4,REP,BURGESS OWENS,500
Sanpete,Gunnison City,U.S. House,4,REP,BURGESS OWENS,730
Sanpete,Manti City 1,U.S. House,4,REP,BURGESS OWENS,701
Sanpete,Manti City 2,U.S. House,4,REP,BURGESS OWENS,452
Sanpete,Manti City 3,U.S. House,4,REP,BURGESS OWENS,288
Sanpete,Mayfield Town,U.S. House,4,REP,BURGESS OWENS,262
Sanpete,Moroni City,U.S. House,4,REP,BURGESS OWENS,515
Sanpete,Moroni U,U.S. House,4,REP,BURGESS OWENS,185
Sanpete,Mt Pleasant City 1,U.S. House,4,REP,BURGESS OWENS,762
Sanpete,Mt Pleasant City 2,U.S. House,4,REP,BURGESS OWENS,393
Sanpete,Mt Pleasant 1 U,U.S. House,4,REP,BURGESS OWENS,229
Sanpete,Mt Pleasant 2 U,U.S. House,4,REP,BURGESS OWENS,257
Sanpete,Fountain Green U,U.S. House,4,REP,BURGESS OWENS,45
Sanpete,Spring City,U.S. House,4,REP,BURGESS OWENS,421
Sanpete,"Spring City U, Wales U",U.S. House,4,REP,BURGESS OWENS,451
Sanpete,South Sanpete U,U.S. House,4,REP,BURGESS OWENS,149
Sanpete,Sterling Town,U.S. House,4,REP,BURGESS OWENS,127
Sanpete,Sterling U,U.S. House,4,REP,BURGESS OWENS,99
Sanpete,Wales Town,U.S. House,4,REP,BURGESS OWENS,129
Sanpete,Federal,U.S. House,4,REP,BURGESS OWENS,0
Sanpete,Axtell SSD,Governor,,REP,SPENCER J. COX DEIDRE M. HENDERSON,89
Sanpete,Centerfield City,Governor,,REP,SPENCER J. COX DEIDRE M. HENDERSON,418
Sanpete,Ephraim City 1,Governor,,REP,SPENCER J. COX DEIDRE M. HENDERSON,616
Sanpete,Ephraim City 2,Governor,,REP,SPENCER J. COX DEIDRE M. HENDERSON,400
Sanpete,Ephraim City 3,Governor,,REP,SPENCER J. COX DEIDRE M. HENDERSON,342
Sanpete,Ephraim U,Governor,,REP,SPENCER J. COX DEIDRE M. HENDERSON,208
Sanpete,Fayette Town,Governor,,REP,SPENCER J. COX DEIDRE M. HENDERSON,86
Sanpete,Fairview City,Governor,,REP,SPENCER J. COX DEIDRE M. HENDERSON,445
Sanpete,Fairview U,Governor,,REP,SPENCER J. COX DEIDRE M. HENDERSON,510
Sanpete,Fountain Green City,Governor,,REP,SPENCER J. COX DEIDRE M. HENDERSON,387
Sanpete,Gunnison City,Governor,,REP,SPENCER J. COX DEIDRE M. HENDERSON,582
Sanpete,Manti City 1,Governor,,REP,SPENCER J. COX DEIDRE M. HENDERSON,487
Sanpete,Manti City 2,Governor,,REP,SPENCER J. COX DEIDRE M. HENDERSON,316
Sanpete,Manti City 3,Governor,,REP,SPENCER J. COX DEIDRE M. HENDERSON,226
Sanpete,Mayfield Town,Governor,,REP,SPENCER J. COX DEIDRE M. HENDERSON,219
Sanpete,Moroni City,Governor,,REP,SPENCER J. COX DEIDRE M. HENDERSON,427
Sanpete,Moroni U,Governor,,REP,SPENCER J. COX DEIDRE M. HENDERSON,139
Sanpete,Mt Pleasant City 1,Governor,,REP,SPENCER J. COX DEIDRE M. HENDERSON,625
Sanpete,Mt Pleasant City 2,Governor,,REP,SPENCER J. COX DEIDRE M. HENDERSON,308
Sanpete,Mt Pleasant 1 U,Governor,,REP,SPENCER J. COX DEIDRE M. HENDERSON,141
Sanpete,Mt Pleasant 2 U,Governor,,REP,SPENCER J. COX DEIDRE M. HENDERSON,140
Sanpete,Fountain Green U,Governor,,REP,SPENCER J. COX DEIDRE M. HENDERSON,35
Sanpete,Spring City,Governor,,REP,SPENCER J. COX DEIDRE M. HENDERSON,297
Sanpete,"Spring City U, Wales U",Governor,,REP,SPENCER J. COX DEIDRE M. HENDERSON,262
Sanpete,South Sanpete U,Governor,,REP,SPENCER J. COX DEIDRE M. HENDERSON,108
Sanpete,Sterling Town,Governor,,REP,SPENCER J. COX DEIDRE M. HENDERSON,78
Sanpete,Sterling U,Governor,,REP,SPENCER J. COX DEIDRE M. HENDERSON,57
Sanpete,Wales Town,Governor,,REP,SPENCER J. COX DEIDRE M. HENDERSON,104
Sanpete,Axtell SSD,Governor,,IAP,TOMMY WILLIAMS ARCHIE A. WILLIAMS III,4
Sanpete,Centerfield City,Governor,,IAP,TOMMY WILLIAMS ARCHIE A. WILLIAMS III,10
Sanpete,Ephraim City 1,Governor,,IAP,TOMMY WILLIAMS ARCHIE A. WILLIAMS III,17
Sanpete,Ephraim City 2,Governor,,IAP,TOMMY WILLIAMS ARCHIE A. WILLIAMS III,12
Sanpete,Ephraim City 3,Governor,,IAP,TOMMY WILLIAMS ARCHIE A. WILLIAMS III,14
Sanpete,Ephraim U,Governor,,IAP,TOMMY WILLIAMS ARCHIE A. WILLIAMS III,8
Sanpete,Fayette Town,Governor,,IAP,TOMMY WILLIAMS ARCHIE A. WILLIAMS III,0
Sanpete,Fairview City,Governor,,IAP,TOMMY WILLIAMS ARCHIE A. WILLIAMS III,10
Sanpete,Fairview U,Governor,,IAP,TOMMY WILLIAMS ARCHIE A. WILLIAMS III,26
Sanpete,Fountain Green City,Governor,,IAP,TOMMY WILLIAMS ARCHIE A. WILLIAMS III,11
Sanpete,Gunnison City,Governor,,IAP,TOMMY WILLIAMS ARCHIE A. WILLIAMS III,36
Sanpete,Manti City 1,Governor,,IAP,TOMMY WILLIAMS ARCHIE A. WILLIAMS III,36
Sanpete,Manti City 2,Governor,,IAP,TOMMY WILLIAMS ARCHIE A. WILLIAMS III,28
Sanpete,Manti City 3,Governor,,IAP,TOMMY WILLIAMS ARCHIE A. WILLIAMS III,4
Sanpete,Mayfield Town,Governor,,IAP,TOMMY WILLIAMS ARCHIE A. WILLIAMS III,4
Sanpete,Moroni City,Governor,,IAP,TOMMY WILLIAMS ARCHIE A. WILLIAMS III,14
Sanpete,Moroni U,Governor,,IAP,TOMMY WILLIAMS ARCHIE A. WILLIAMS III,6
Sanpete,Mt Pleasant City 1,Governor,,IAP,TOMMY WILLIAMS ARCHIE A. WILLIAMS III,22
Sanpete,Mt Pleasant City 2,Governor,,IAP,TOMMY WILLIAMS ARCHIE A. WILLIAMS III,22
Sanpete,Mt Pleasant 1 U,Governor,,IAP,TOMMY WILLIAMS ARCHIE A. WILLIAMS III,12
Sanpete,Mt Pleasant 2 U,Governor,,IAP,TOMMY WILLIAMS ARCHIE A. WILLIAMS III,13
Sanpete,Fountain Green U,Governor,,IAP,TOMMY WILLIAMS ARCHIE A. WILLIAMS III,3
Sanpete,Spring City,Governor,,IAP,TOMMY WILLIAMS ARCHIE A. WILLIAMS III,21
Sanpete,"Spring City U, Wales U",Governor,,IAP,TOMMY WILLIAMS ARCHIE A. WILLIAMS III,11
Sanpete,South Sanpete U,Governor,,IAP,TOMMY WILLIAMS ARCHIE A. WILLIAMS III,9
Sanpete,Sterling Town,Governor,,IAP,TOMMY WILLIAMS ARCHIE A. WILLIAMS III,6
Sanpete,Sterling U,Governor,,IAP,TOMMY WILLIAMS ARCHIE A. WILLIAMS III,4
Sanpete,Wales Town,Governor,,IAP,TOMMY WILLIAMS ARCHIE A. WILLIAMS III,7
Sanpete,Axtell SSD,Governor,,DEM,BRIAN SMITH KING REBEKAH CUMMINGS,11
Sanpete,Centerfield City,Governor,,DEM,BRIAN SMITH KING REBEKAH CUMMINGS,41
Sanpete,Ephraim City 1,Governor,,DEM,BRIAN SMITH KING REBEKAH CUMMINGS,105
Sanpete,Ephraim City 2,Governor,,DEM,BRIAN SMITH KING REBEKAH CUMMINGS,68
Sanpete,Ephraim City 3,Governor,,DEM,BRIAN SMITH KING REBEKAH CUMMINGS,57
Sanpete,Ephraim U,Governor,,DEM,BRIAN SMITH KING REBEKAH CUMMINGS,16
Sanpete,Fayette Town,Governor,,DEM,BRIAN SMITH KING REBEKAH CUMMINGS,6
Sanpete,Fairview City,Governor,,DEM,BRIAN SMITH KING REBEKAH CUMMINGS,47
Sanpete,Fairview U,Governor,,DEM,BRIAN SMITH KING REBEKAH CUMMINGS,75
Sanpete,Fountain Green City,Governor,,DEM,BRIAN SMITH KING REBEKAH CUMMINGS,43
Sanpete,Gunnison City,Governor,,DEM,BRIAN SMITH KING REBEKAH CUMMINGS,78
Sanpete,Manti City 1,Governor,,DEM,BRIAN SMITH KING REBEKAH CUMMINGS,65
Sanpete,Manti City 2,Governor,,DEM,BRIAN SMITH KING REBEKAH CUMMINGS,54
Sanpete,Manti City 3,Governor,,DEM,BRIAN SMITH KING REBEKAH CUMMINGS,18
Sanpete,Mayfield Town,Governor,,DEM,BRIAN SMITH KING REBEKAH CUMMINGS,34
Sanpete,Moroni City,Governor,,DEM,BRIAN SMITH KING REBEKAH CUMMINGS,51
Sanpete,Moroni U,Governor,,DEM,BRIAN SMITH KING REBEKAH CUMMINGS,13
Sanpete,Mt Pleasant City 1,Governor,,DEM,BRIAN SMITH KING REBEKAH CUMMINGS,133
Sanpete,Mt Pleasant City 2,Governor,,DEM,BRIAN SMITH KING REBEKAH CUMMINGS,61
Sanpete,Mt Pleasant 1 U,Governor,,DEM,BRIAN SMITH KING REBEKAH CUMMINGS,19
Sanpete,Mt Pleasant 2 U,Governor,,DEM,BRIAN SMITH KING REBEKAH CUMMINGS,19
Sanpete,Fountain Green U,Governor,,DEM,BRIAN SMITH KING REBEKAH CUMMINGS,3
Sanpete,Spring City,Governor,,DEM,BRIAN SMITH KING REBEKAH CUMMINGS,99
Sanpete,"Spring City U, Wales U",Governor,,DEM,BRIAN SMITH KING REBEKAH CUMMINGS,52
Sanpete,South Sanpete U,Governor,,DEM,BRIAN SMITH KING REBEKAH CUMMINGS,15
Sanpete,Sterling Town,Governor,,DEM,BRIAN SMITH KING REBEKAH CUMMINGS,13
Sanpete,Sterling U,Governor,,DEM,BRIAN SMITH KING REBEKAH CUMMINGS,20
Sanpete,Wales Town,Governor,,DEM,BRIAN SMITH KING REBEKAH CUMMINGS,24
Sanpete,Axtell SSD,Governor,,LIB,J. ROBERT LATHAM BARRY EVAN SHORT,3
Sanpete,Centerfield City,Governor,,LIB,J. ROBERT LATHAM BARRY EVAN SHORT,3
Sanpete,Ephraim City 1,Governor,,LIB,J. ROBERT LATHAM BARRY EVAN SHORT,33
Sanpete,Ephraim City 2,Governor,,LIB,J. ROBERT LATHAM BARRY EVAN SHORT,20
Sanpete,Ephraim City 3,Governor,,LIB,J. ROBERT LATHAM BARRY EVAN SHORT,6
Sanpete,Ephraim U,Governor,,LIB,J. ROBERT LATHAM BARRY EVAN SHORT,4
Sanpete,Fayette Town,Governor,,LIB,J. ROBERT LATHAM BARRY EVAN SHORT,4
Sanpete,Fairview City,Governor,,LIB,J. ROBERT LATHAM BARRY EVAN SHORT,17
Sanpete,Fairview U,Governor,,LIB,J. ROBERT LATHAM BARRY EVAN SHORT,17
Sanpete,Fountain Green City,Governor,,LIB,J. ROBERT LATHAM BARRY EVAN SHORT,17
Sanpete,Gunnison City,Governor,,LIB,J. ROBERT LATHAM BARRY EVAN SHORT,12
Sanpete,Manti City 1,Governor,,LIB,J. ROBERT LATHAM BARRY EVAN SHORT,26
Sanpete,Manti City 2,Governor,,LIB,J. ROBERT LATHAM BARRY EVAN SHORT,13
Sanpete,Manti City 3,Governor,,LIB,J. ROBERT LATHAM BARRY EVAN SHORT,4
Sanpete,Mayfield Town,Governor,,LIB,J. ROBERT LATHAM BARRY EVAN SHORT,8
Sanpete,Moroni City,Governor,,LIB,J. ROBERT LATHAM BARRY EVAN SHORT,21
Sanpete,Moroni U,Governor,,LIB,J. ROBERT LATHAM BARRY EVAN SHORT,2
Sanpete,Mt Pleasant City 1,Governor,,LIB,J. ROBERT LATHAM BARRY EVAN SHORT,29
Sanpete,Mt Pleasant City 2,Governor,,LIB,J. ROBERT LATHAM BARRY EVAN SHORT,8
Sanpete,Mt Pleasant 1 U,Governor,,LIB,J. ROBERT LATHAM BARRY EVAN SHORT,8
Sanpete,Mt Pleasant 2 U,Governor,,LIB,J. ROBERT LATHAM BARRY EVAN SHORT,12
Sanpete,Fountain Green U,Governor,,LIB,J. ROBERT LATHAM BARRY EVAN SHORT,2
Sanpete,Spring City,Governor,,LIB,J. ROBERT LATHAM BARRY EVAN SHORT,16
Sanpete,"Spring City U, Wales U",Governor,,LIB,J. ROBERT LATHAM BARRY EVAN SHORT,15
Sanpete,South Sanpete U,Governor,,LIB,J. ROBERT LATHAM BARRY EVAN SHORT,6
Sanpete,Sterling Town,Governor,,LIB,J. ROBERT LATHAM BARRY EVAN SHORT,4
Sanpete,Sterling U,Governor,,LIB,J. ROBERT LATHAM BARRY EVAN SHORT,6
Sanpete,Wales Town,Governor,,LIB,J. ROBERT LATHAM BARRY EVAN SHORT,6
Sanpete,Axtell SSD,Governor,,,TOM TOMENY WILLIAM LANSING TAYLOR,0
Sanpete,Centerfield City,Governor,,,TOM TOMENY WILLIAM LANSING TAYLOR,5
Sanpete,Ephraim City 1,Governor,,,TOM TOMENY WILLIAM LANSING TAYLOR,6
Sanpete,Ephraim City 2,Governor,,,TOM TOMENY WILLIAM LANSING TAYLOR,3
Sanpete,Ephraim City 3,Governor,,,TOM TOMENY WILLIAM LANSING TAYLOR,2
Sanpete,Ephraim U,Governor,,,TOM TOMENY WILLIAM LANSING TAYLOR,2
Sanpete,Fayette Town,Governor,,,TOM TOMENY WILLIAM LANSING TAYLOR,0
Sanpete,Fairview City,Governor,,,TOM TOMENY WILLIAM LANSING TAYLOR,0
Sanpete,Fairview U,Governor,,,TOM TOMENY WILLIAM LANSING TAYLOR,5
Sanpete,Fountain Green City,Governor,,,TOM TOMENY WILLIAM LANSING TAYLOR,1
Sanpete,Gunnison City,Governor,,,TOM TOMENY WILLIAM LANSING TAYLOR,5
Sanpete,Manti City 1,Governor,,,TOM TOMENY WILLIAM LANSING TAYLOR,10
Sanpete,Manti City 2,Governor,,,TOM TOMENY WILLIAM LANSING TAYLOR,6
Sanpete,Manti City 3,Governor,,,TOM TOMENY WILLIAM LANSING TAYLOR,3
Sanpete,Mayfield Town,Governor,,,TOM TOMENY WILLIAM LANSING TAYLOR,1
Sanpete,Moroni City,Governor,,,TOM TOMENY WILLIAM LANSING TAYLOR,1
Sanpete,Moroni U,Governor,,,TOM TOMENY WILLIAM LANSING TAYLOR,4
Sanpete,Mt Pleasant City 1,Governor,,,TOM TOMENY WILLIAM LANSING TAYLOR,5
Sanpete,Mt Pleasant City 2,Governor,,,TOM TOMENY WILLIAM LANSING TAYLOR,0
Sanpete,Mt Pleasant 1 U,Governor,,,TOM TOMENY WILLIAM LANSING TAYLOR,2
Sanpete,Mt Pleasant 2 U,Governor,,,TOM TOMENY WILLIAM LANSING TAYLOR,0
Sanpete,Fountain Green U,Governor,,,TOM TOMENY WILLIAM LANSING TAYLOR,0
Sanpete,Spring City,Governor,,,TOM TOMENY WILLIAM LANSING TAYLOR,4
Sanpete,"Spring City U, Wales U",Governor,,,TOM TOMENY WILLIAM LANSING TAYLOR,2
Sanpete,South Sanpete U,Governor,,,TOM TOMENY WILLIAM LANSING TAYLOR,0
Sanpete,Sterling Town,Governor,,,TOM TOMENY WILLIAM LANSING TAYLOR,1
Sanpete,Sterling U,Governor,,,TOM TOMENY WILLIAM LANSING TAYLOR,0
Sanpete,Wales Town,Governor,,,TOM TOMENY WILLIAM LANSING TAYLOR,0
Sanpete,Axtell SSD,Governor,,,PHIL LYMAN NATALIE CLAWSON,43
Sanpete,Centerfield City,Governor,,,PHIL LYMAN NATALIE CLAWSON,146
Sanpete,Ephraim City 1,Governor,,,PHIL LYMAN NATALIE CLAWSON,159
Sanpete,Ephraim City 2,Governor,,,PHIL LYMAN NATALIE CLAWSON,101
Sanpete,Ephraim City 3,Governor,,,PHIL LYMAN NATALIE CLAWSON,65
Sanpete,Ephraim U,Governor,,,PHIL LYMAN NATALIE CLAWSON,98
Sanpete,Fayette Town,Governor,,,PHIL LYMAN NATALIE CLAWSON,25
Sanpete,Fairview City,Governor,,,PHIL LYMAN NATALIE CLAWSON,127
Sanpete,Fairview U,Governor,,,PHIL LYMAN NATALIE CLAWSON,192
Sanpete,Fountain Green City,Governor,,,PHIL LYMAN NATALIE CLAWSON,124
Sanpete,Gunnison City,Governor,,,PHIL LYMAN NATALIE CLAWSON,146
Sanpete,Manti City 1,Governor,,,PHIL LYMAN NATALIE CLAWSON,210
Sanpete,Manti City 2,Governor,,,PHIL LYMAN NATALIE CLAWSON,141
Sanpete,Manti City 3,Governor,,,PHIL LYMAN NATALIE CLAWSON,67
Sanpete,Mayfield Town,Governor,,,PHIL LYMAN NATALIE CLAWSON,58
Sanpete,Moroni City,Governor,,,PHIL LYMAN NATALIE CLAWSON,113
Sanpete,Moroni U,Governor,,,PHIL LYMAN NATALIE CLAWSON,47
Sanpete,Mt Pleasant City 1,Governor,,,PHIL LYMAN NATALIE CLAWSON,186
Sanpete,Mt Pleasant City 2,Governor,,,PHIL LYMAN NATALIE CLAWSON,90
Sanpete,Mt Pleasant 1 U,Governor,,,PHIL LYMAN NATALIE CLAWSON,72
Sanpete,Mt Pleasant 2 U,Governor,,,PHIL LYMAN NATALIE CLAWSON,108
Sanpete,Fountain Green U,Governor,,,PHIL LYMAN NATALIE CLAWSON,7
Sanpete,Spring City,Governor,,,PHIL LYMAN NATALIE CLAWSON,119
Sanpete,"Spring City U, Wales U",Governor,,,PHIL LYMAN NATALIE CLAWSON,194
Sanpete,South Sanpete U,Governor,,,PHIL LYMAN NATALIE CLAWSON,33
Sanpete,Sterling Town,Governor,,,PHIL LYMAN NATALIE CLAWSON,33
Sanpete,Sterling U,Governor,,,PHIL LYMAN NATALIE CLAWSON,34
Sanpete,Wales Town,Governor,,,PHIL LYMAN NATALIE CLAWSON,29
Sanpete,Axtell SSD,Governor,,,CHARLIE TAUTUAA SYLVIA MIERA FISK,0
Sanpete,Centerfield City,Governor,,,CHARLIE TAUTUAA SYLVIA MIERA FISK,0
Sanpete,Ephraim City 1,Governor,,,CHARLIE TAUTUAA SYLVIA MIERA FISK,0
Sanpete,Ephraim City 2,Governor,,,CHARLIE TAUTUAA SYLVIA MIERA FISK,0
Sanpete,Ephraim City 3,Governor,,,CHARLIE TAUTUAA SYLVIA MIERA FISK,0
Sanpete,Ephraim U,Governor,,,CHARLIE TAUTUAA SYLVIA MIERA FISK,0
Sanpete,Fayette Town,Governor,,,CHARLIE TAUTUAA SYLVIA MIERA FISK,0
Sanpete,Fairview City,Governor,,,CHARLIE TAUTUAA SYLVIA MIERA FISK,0
Sanpete,Fairview U,Governor,,,CHARLIE TAUTUAA SYLVIA MIERA FISK,0
Sanpete,Fountain Green City,Governor,,,CHARLIE TAUTUAA SYLVIA MIERA FISK,0
Sanpete,Gunnison City,Governor,,,CHARLIE TAUTUAA SYLVIA MIERA FISK,0
Sanpete,Manti City 1,Governor,,,CHARLIE TAUTUAA SYLVIA MIERA FISK,0
Sanpete,Manti City 2,Governor,,,CHARLIE TAUTUAA SYLVIA MIERA FISK,0
Sanpete,Manti City 3,Governor,,,CHARLIE TAUTUAA SYLVIA MIERA FISK,0
Sanpete,Mayfield Town,Governor,,,CHARLIE TAUTUAA SYLVIA MIERA FISK,0
Sanpete,Moroni City,Governor,,,CHARLIE TAUTUAA SYLVIA MIERA FISK,0
Sanpete,Moroni U,Governor,,,CHARLIE TAUTUAA SYLVIA MIERA FISK,0
Sanpete,Mt Pleasant City 1,Governor,,,CHARLIE TAUTUAA SYLVIA MIERA FISK,0
Sanpete,Mt Pleasant City 2,Governor,,,CHARLIE TAUTUAA SYLVIA MIERA FISK,0
Sanpete,Mt Pleasant 1 U,Governor,,,CHARLIE TAUTUAA SYLVIA MIERA FISK,2
Sanpete,Mt Pleasant 2 U,Governor,,,CHARLIE TAUTUAA SYLVIA MIERA FISK,0
Sanpete,Fountain Green U,Governor,,,CHARLIE TAUTUAA SYLVIA MIERA FISK,0
Sanpete,Spring City,Governor,,,CHARLIE TAUTUAA SYLVIA MIERA FISK,0
Sanpete,"Spring City U, Wales U",Governor,,,CHARLIE TAUTUAA SYLVIA MIERA FISK,0
Sanpete,South Sanpete U,Governor,,,CHARLIE TAUTUAA SYLVIA MIERA FISK,0
Sanpete,Sterling Town,Governor,,,CHARLIE TAUTUAA SYLVIA MIERA FISK,0
Sanpete,Sterling U,Governor,,,CHARLIE TAUTUAA SYLVIA MIERA FISK,0
Sanpete,Wales Town,Governor,,,CHARLIE TAUTUAA SYLVIA MIERA FISK,0
Sanpete,Axtell SSD,Attorney General,,REP,DEREK BROWN,128
Sanpete,Centerfield City,Attorney General,,REP,DEREK BROWN,526
Sanpete,Ephraim City 1,Attorney General,,REP,DEREK BROWN,674
Sanpete,Ephraim City 2,Attorney General,,REP,DEREK BROWN,402
Sanpete,Ephraim City 3,Attorney General,,REP,DEREK BROWN,368
Sanpete,Ephraim U,Attorney General,,REP,DEREK BROWN,284
Sanpete,Fayette Town,Attorney General,,REP,DEREK BROWN,110
Sanpete,Fairview City,Attorney General,,REP,DEREK BROWN,492
Sanpete,Fairview U,Attorney General,,REP,DEREK BROWN,617
Sanpete,Fountain Green City,Attorney General,,REP,DEREK BROWN,474
Sanpete,Gunnison City,Attorney General,,REP,DEREK BROWN,722
Sanpete,Manti City 1,Attorney General,,REP,DEREK BROWN,624
Sanpete,Manti City 2,Attorney General,,REP,DEREK BROWN,389
Sanpete,Manti City 3,Attorney General,,REP,DEREK BROWN,264
Sanpete,Mayfield Town,Attorney General,,REP,DEREK BROWN,248
Sanpete,Moroni City,Attorney General,,REP,DEREK BROWN,492
Sanpete,Moroni U,Attorney General,,REP,DEREK BROWN,169
Sanpete,Mt Pleasant City 1,Attorney General,,REP,DEREK BROWN,712
Sanpete,Mt Pleasant City 2,Attorney General,,REP,DEREK BROWN,363
Sanpete,Mt Pleasant 1 U,Attorney General,,REP,DEREK BROWN,202
Sanpete,Mt Pleasant 2 U,Attorney General,,REP,DEREK BROWN,222
Sanpete,Fountain Green U,Attorney General,,REP,DEREK BROWN,39
Sanpete,Spring City,Attorney General,,REP,DEREK BROWN,370
Sanpete,"Spring City U, Wales U",Attorney General,,REP,DEREK BROWN,380
Sanpete,South Sanpete U,Attorney General,,REP,DEREK BROWN,143
Sanpete,Sterling Town,Attorney General,,REP,DEREK BROWN,118
Sanpete,Sterling U,Attorney General,,REP,DEREK BROWN,93
Sanpete,Wales Town,Attorney General,,REP,DEREK BROWN,126
Sanpete,Axtell SSD,Attorney General,,DEM,RUDY J BAUTISTA,9
Sanpete,Centerfield City,Attorney General,,DEM,RUDY J BAUTISTA,41
Sanpete,Ephraim City 1,Attorney General,,DEM,RUDY J BAUTISTA,122
Sanpete,Ephraim City 2,Attorney General,,DEM,RUDY J BAUTISTA,72
Sanpete,Ephraim City 3,Attorney General,,DEM,RUDY J BAUTISTA,58
Sanpete,Ephraim U,Attorney General,,DEM,RUDY J BAUTISTA,29
Sanpete,Fayette Town,Attorney General,,DEM,RUDY J BAUTISTA,2
Sanpete,Fairview City,Attorney General,,DEM,RUDY J BAUTISTA,60
Sanpete,Fairview U,Attorney General,,DEM,RUDY J BAUTISTA,88
Sanpete,Fountain Green City,Attorney General,,DEM,RUDY J BAUTISTA,50
Sanpete,Gunnison City,Attorney General,,DEM,RUDY J BAUTISTA,81
Sanpete,Manti City 1,Attorney General,,DEM,RUDY J BAUTISTA,63
Sanpete,Manti City 2,Attorney General,,DEM,RUDY J BAUTISTA,50
Sanpete,Manti City 3,Attorney General,,DEM,RUDY J BAUTISTA,17
Sanpete,Mayfield Town,Attorney General,,DEM,RUDY J BAUTISTA,36
Sanpete,Moroni City,Attorney General,,DEM,RUDY J BAUTISTA,54
Sanpete,Moroni U,Attorney General,,DEM,RUDY J BAUTISTA,12
Sanpete,Mt Pleasant City 1,Attorney General,,DEM,RUDY J BAUTISTA,155
Sanpete,Mt Pleasant City 2,Attorney General,,DEM,RUDY J BAUTISTA,67
Sanpete,Mt Pleasant 1 U,Attorney General,,DEM,RUDY J BAUTISTA,16
Sanpete,Mt Pleasant 2 U,Attorney General,,DEM,RUDY J BAUTISTA,19
Sanpete,Fountain Green U,Attorney General,,DEM,RUDY J BAUTISTA,6
Sanpete,Spring City,Attorney General,,DEM,RUDY J BAUTISTA,102
Sanpete,"Spring City U, Wales U",Attorney General,,DEM,RUDY J BAUTISTA,50
Sanpete,South Sanpete U,Attorney General,,DEM,RUDY J BAUTISTA,15
Sanpete,Sterling Town,Attorney General,,DEM,RUDY J BAUTISTA,11
Sanpete,Sterling U,Attorney General,,DEM,RUDY J BAUTISTA,16
Sanpete,Wales Town,Attorney General,,DEM,RUDY J BAUTISTA,24
Sanpete,Axtell SSD,Attorney General,,LIB,W. ANDREW MCCULLOUGH,5
Sanpete,Centerfield City,Attorney General,,LIB,W. ANDREW MCCULLOUGH,18
Sanpete,Ephraim City 1,Attorney General,,LIB,W. ANDREW MCCULLOUGH,32
Sanpete,Ephraim City 2,Attorney General,,LIB,W. ANDREW MCCULLOUGH,26
Sanpete,Ephraim City 3,Attorney General,,LIB,W. ANDREW MCCULLOUGH,8
Sanpete,Ephraim U,Attorney General,,LIB,W. ANDREW MCCULLOUGH,5
Sanpete,Fayette Town,Attorney General,,LIB,W. ANDREW MCCULLOUGH,4
Sanpete,Fairview City,Attorney General,,LIB,W. ANDREW MCCULLOUGH,22
Sanpete,Fairview U,Attorney General,,LIB,W. ANDREW MCCULLOUGH,31
Sanpete,Fountain Green City,Attorney General,,LIB,W. ANDREW MCCULLOUGH,14
Sanpete,Gunnison City,Attorney General,,LIB,W. ANDREW MCCULLOUGH,17
Sanpete,Manti City 1,Attorney General,,LIB,W. ANDREW MCCULLOUGH,27
Sanpete,Manti City 2,Attorney General,,LIB,W. ANDREW MCCULLOUGH,21
Sanpete,Manti City 3,Attorney General,,LIB,W. ANDREW MCCULLOUGH,5
Sanpete,Mayfield Town,Attorney General,,LIB,W. ANDREW MCCULLOUGH,8
Sanpete,Moroni City,Attorney General,,LIB,W. ANDREW MCCULLOUGH,29
Sanpete,Moroni U,Attorney General,,LIB,W. ANDREW MCCULLOUGH,10
Sanpete,Mt Pleasant City 1,Attorney General,,LIB,W. ANDREW MCCULLOUGH,27
Sanpete,Mt Pleasant City 2,Attorney General,,LIB,W. ANDREW MCCULLOUGH,7
Sanpete,Mt Pleasant 1 U,Attorney General,,LIB,W. ANDREW MCCULLOUGH,11
Sanpete,Mt Pleasant 2 U,Attorney General,,LIB,W. ANDREW MCCULLOUGH,16
Sanpete,Fountain Green U,Attorney General,,LIB,W. ANDREW MCCULLOUGH,4
Sanpete,Spring City,Attorney General,,LIB,W. ANDREW MCCULLOUGH,18
Sanpete,"Spring City U, Wales U",Attorney General,,LIB,W. ANDREW MCCULLOUGH,31
Sanpete,South Sanpete U,Attorney General,,LIB,W. ANDREW MCCULLOUGH,4
Sanpete,Sterling Town,Attorney General,,LIB,W. ANDREW MCCULLOUGH,3
Sanpete,Sterling U,Attorney General,,LIB,W. ANDREW MCCULLOUGH,5
Sanpete,Wales Town,Attorney General,,LIB,W. ANDREW MCCULLOUGH,6
Sanpete,Axtell SSD,Attorney General,,,AUSTIN HEPWORTH,5
Sanpete,Centerfield City,Attorney General,,,AUSTIN HEPWORTH,15
Sanpete,Ephraim City 1,Attorney General,,,AUSTIN HEPWORTH,33
Sanpete,Ephraim City 2,Attorney General,,,AUSTIN HEPWORTH,39
Sanpete,Ephraim City 3,Attorney General,,,AUSTIN HEPWORTH,13
Sanpete,Ephraim U,Attorney General,,,AUSTIN HEPWORTH,21
Sanpete,Fayette Town,Attorney General,,,AUSTIN HEPWORTH,4
Sanpete,Fairview City,Attorney General,,,AUSTIN HEPWORTH,37
Sanpete,Fairview U,Attorney General,,,AUSTIN HEPWORTH,36
Sanpete,Fountain Green City,Attorney General,,,AUSTIN HEPWORTH,18
Sanpete,Gunnison City,Attorney General,,,AUSTIN HEPWORTH,18
Sanpete,Manti City 1,Attorney General,,,AUSTIN HEPWORTH,79
Sanpete,Manti City 2,Attorney General,,,AUSTIN HEPWORTH,58
Sanpete,Manti City 3,Attorney General,,,AUSTIN HEPWORTH,15
Sanpete,Mayfield Town,Attorney General,,,AUSTIN HEPWORTH,11
Sanpete,Moroni City,Attorney General,,,AUSTIN HEPWORTH,17
Sanpete,Moroni U,Attorney General,,,AUSTIN HEPWORTH,14
Sanpete,Mt Pleasant City 1,Attorney General,,,AUSTIN HEPWORTH,51
Sanpete,Mt Pleasant City 2,Attorney General,,,AUSTIN HEPWORTH,25
Sanpete,Mt Pleasant 1 U,Attorney General,,,AUSTIN HEPWORTH,12
Sanpete,Mt Pleasant 2 U,Attorney General,,,AUSTIN HEPWORTH,26
Sanpete,Fountain Green U,Attorney General,,,AUSTIN HEPWORTH,0
Sanpete,Spring City,Attorney General,,,AUSTIN HEPWORTH,39
Sanpete,"Spring City U, Wales U",Attorney General,,,AUSTIN HEPWORTH,48
Sanpete,South Sanpete U,Attorney General,,,AUSTIN HEPWORTH,4
Sanpete,Sterling Town,Attorney General,,,AUSTIN HEPWORTH,8
Sanpete,Sterling U,Attorney General,,,AUSTIN HEPWORTH,6
Sanpete,Wales Town,Attorney General,,,AUSTIN HEPWORTH,10
Sanpete,Axtell SSD,Attorney General,,UUP,MICHELLE QUIST,3
Sanpete,Centerfield City,Attorney General,,UUP,MICHELLE QUIST,19
Sanpete,Ephraim City 1,Attorney General,,UUP,MICHELLE QUIST,68
Sanpete,Ephraim City 2,Attorney General,,UUP,MICHELLE QUIST,59
Sanpete,Ephraim City 3,Attorney General,,UUP,MICHELLE QUIST,28
Sanpete,Ephraim U,Attorney General,,UUP,MICHELLE QUIST,10
Sanpete,Fayette Town,Attorney General,,UUP,MICHELLE QUIST,4
Sanpete,Fairview City,Attorney General,,UUP,MICHELLE QUIST,27
Sanpete,Fairview U,Attorney General,,UUP,MICHELLE QUIST,42
Sanpete,Fountain Green City,Attorney General,,UUP,MICHELLE QUIST,25
Sanpete,Gunnison City,Attorney General,,UUP,MICHELLE QUIST,17
Sanpete,Manti City 1,Attorney General,,UUP,MICHELLE QUIST,45
Sanpete,Manti City 2,Attorney General,,UUP,MICHELLE QUIST,31
Sanpete,Manti City 3,Attorney General,,UUP,MICHELLE QUIST,17
Sanpete,Mayfield Town,Attorney General,,UUP,MICHELLE QUIST,15
Sanpete,Moroni City,Attorney General,,UUP,MICHELLE QUIST,28
Sanpete,Moroni U,Attorney General,,UUP,MICHELLE QUIST,6
Sanpete,Mt Pleasant City 1,Attorney General,,UUP,MICHELLE QUIST,44
Sanpete,Mt Pleasant City 2,Attorney General,,UUP,MICHELLE QUIST,18
Sanpete,Mt Pleasant 1 U,Attorney General,,UUP,MICHELLE QUIST,14
Sanpete,Mt Pleasant 2 U,Attorney General,,UUP,MICHELLE QUIST,9
Sanpete,Fountain Green U,Attorney General,,UUP,MICHELLE QUIST,0
Sanpete,Spring City,Attorney General,,UUP,MICHELLE QUIST,24
Sanpete,"Spring City U, Wales U",Attorney General,,UUP,MICHELLE QUIST,23
Sanpete,South Sanpete U,Attorney General,,UUP,MICHELLE QUIST,12
Sanpete,Sterling Town,Attorney General,,UUP,MICHELLE QUIST,2
Sanpete,Sterling U,Attorney General,,UUP,MICHELLE QUIST,3
Sanpete,Wales Town,Attorney General,,UUP,MICHELLE QUIST,4
Sanpete,Axtell SSD,State Auditor,,REP,TINA CANNON,125
Sanpete,Centerfield City,State Auditor,,REP,TINA CANNON,535
Sanpete,Ephraim City 1,State Auditor,,REP,TINA CANNON,734
Sanpete,Ephraim City 2,State Auditor,,REP,TINA CANNON,446
Sanpete,Ephraim City 3,State Auditor,,REP,TINA CANNON,389
Sanpete,Ephraim U,State Auditor,,REP,TINA CANNON,291
Sanpete,Fayette Town,State Auditor,,REP,TINA CANNON,106
Sanpete,Fairview City,State Auditor,,REP,TINA CANNON,529
Sanpete,Fairview U,State Auditor,,REP,TINA CANNON,655
Sanpete,Fountain Green City,State Auditor,,REP,TINA CANNON,491
Sanpete,Gunnison City,State Auditor,,REP,TINA CANNON,707
Sanpete,Manti City 1,State Auditor,,REP,TINA CANNON,652
Sanpete,Manti City 2,State Auditor,,REP,TINA CANNON,430
Sanpete,Manti City 3,State Auditor,,REP,TINA CANNON,272
Sanpete,Mayfield Town,State Auditor,,REP,TINA CANNON,259
Sanpete,Moroni City,State Auditor,,REP,TINA CANNON,512
Sanpete,Moroni U,State Auditor,,REP,TINA CANNON,166
Sanpete,Mt Pleasant City 1,State Auditor,,REP,TINA CANNON,750
Sanpete,Mt Pleasant City 2,State Auditor,,REP,TINA CANNON,371
Sanpete,Mt Pleasant 1 U,State Auditor,,REP,TINA CANNON,199
Sanpete,Mt Pleasant 2 U,State Auditor,,REP,TINA CANNON,230
Sanpete,Fountain Green U,State Auditor,,REP,TINA CANNON,40
Sanpete,Spring City,State Auditor,,REP,TINA CANNON,395
Sanpete,"Spring City U, Wales U",State Auditor,,REP,TINA CANNON,398
Sanpete,South Sanpete U,State Auditor,,REP,TINA CANNON,148
Sanpete,Sterling Town,State Auditor,,REP,TINA CANNON,119
Sanpete,Sterling U,State Auditor,,REP,TINA CANNON,100
Sanpete,Wales Town,State Auditor,,REP,TINA CANNON,134
Sanpete,Axtell SSD,State Auditor,,CON,JEFFREY L. OSTLER,12
Sanpete,Centerfield City,State Auditor,,CON,JEFFREY L. OSTLER,33
Sanpete,Ephraim City 1,State Auditor,,CON,JEFFREY L. OSTLER,60
Sanpete,Ephraim City 2,State Auditor,,CON,JEFFREY L. OSTLER,63
Sanpete,Ephraim City 3,State Auditor,,CON,JEFFREY L. OSTLER,22
Sanpete,Ephraim U,State Auditor,,CON,JEFFREY L. OSTLER,32
Sanpete,Fayette Town,State Auditor,,CON,JEFFREY L. OSTLER,11
Sanpete,Fairview City,State Auditor,,CON,JEFFREY L. OSTLER,39
Sanpete,Fairview U,State Auditor,,CON,JEFFREY L. OSTLER,55
Sanpete,Fountain Green City,State Auditor,,CON,JEFFREY L. OSTLER,30
Sanpete,Gunnison City,State Auditor,,CON,JEFFREY L. OSTLER,61
Sanpete,Manti City 1,State Auditor,,CON,JEFFREY L. OSTLER,98
Sanpete,Manti City 2,State Auditor,,CON,JEFFREY L. OSTLER,60
Sanpete,Manti City 3,State Auditor,,CON,JEFFREY L. OSTLER,26
Sanpete,Mayfield Town,State Auditor,,CON,JEFFREY L. OSTLER,12
Sanpete,Moroni City,State Auditor,,CON,JEFFREY L. OSTLER,42
Sanpete,Moroni U,State Auditor,,CON,JEFFREY L. OSTLER,23
Sanpete,Mt Pleasant City 1,State Auditor,,CON,JEFFREY L. OSTLER,51
Sanpete,Mt Pleasant City 2,State Auditor,,CON,JEFFREY L. OSTLER,23
Sanpete,Mt Pleasant 1 U,State Auditor,,CON,JEFFREY L. OSTLER,28
Sanpete,Mt Pleasant 2 U,State Auditor,,CON,JEFFREY L. OSTLER,36
Sanpete,Fountain Green U,State Auditor,,CON,JEFFREY L. OSTLER,4
Sanpete,Spring City,State Auditor,,CON,JEFFREY L. OSTLER,55
Sanpete,"Spring City U, Wales U",State Auditor,,CON,JEFFREY L. OSTLER,70
Sanpete,South Sanpete U,State Auditor,,CON,JEFFREY L. OSTLER,11
Sanpete,Sterling Town,State Auditor,,CON,JEFFREY L. OSTLER,10
Sanpete,Sterling U,State Auditor,,CON,JEFFREY L. OSTLER,7
Sanpete,Wales Town,State Auditor,,CON,JEFFREY L. OSTLER,7
Sanpete,Axtell SSD,State Auditor,,DEM,CATHERINE VOUTAZ,9
Sanpete,Centerfield City,State Auditor,,DEM,CATHERINE VOUTAZ,43
Sanpete,Ephraim City 1,State Auditor,,DEM,CATHERINE VOUTAZ,125
Sanpete,Ephraim City 2,State Auditor,,DEM,CATHERINE VOUTAZ,83
Sanpete,Ephraim City 3,State Auditor,,DEM,CATHERINE VOUTAZ,60
Sanpete,Ephraim U,State Auditor,,DEM,CATHERINE VOUTAZ,21
Sanpete,Fayette Town,State Auditor,,DEM,CATHERINE VOUTAZ,6
Sanpete,Fairview City,State Auditor,,DEM,CATHERINE VOUTAZ,56
Sanpete,Fairview U,State Auditor,,DEM,CATHERINE VOUTAZ,100
Sanpete,Fountain Green City,State Auditor,,DEM,CATHERINE VOUTAZ,57
Sanpete,Gunnison City,State Auditor,,DEM,CATHERINE VOUTAZ,76
Sanpete,Manti City 1,State Auditor,,DEM,CATHERINE VOUTAZ,72
Sanpete,Manti City 2,State Auditor,,DEM,CATHERINE VOUTAZ,53
Sanpete,Manti City 3,State Auditor,,DEM,CATHERINE VOUTAZ,16
Sanpete,Mayfield Town,State Auditor,,DEM,CATHERINE VOUTAZ,40
Sanpete,Moroni City,State Auditor,,DEM,CATHERINE VOUTAZ,66
Sanpete,Moroni U,State Auditor,,DEM,CATHERINE VOUTAZ,17
Sanpete,Mt Pleasant City 1,State Auditor,,DEM,CATHERINE VOUTAZ,174
Sanpete,Mt Pleasant City 2,State Auditor,,DEM,CATHERINE VOUTAZ,82
Sanpete,Mt Pleasant 1 U,State Auditor,,DEM,CATHERINE VOUTAZ,23
Sanpete,Mt Pleasant 2 U,State Auditor,,DEM,CATHERINE VOUTAZ,21
Sanpete,Fountain Green U,State Auditor,,DEM,CATHERINE VOUTAZ,5
Sanpete,Spring City,State Auditor,,DEM,CATHERINE VOUTAZ,100
Sanpete,"Spring City U, Wales U",State Auditor,,DEM,CATHERINE VOUTAZ,60
Sanpete,South Sanpete U,State Auditor,,DEM,CATHERINE VOUTAZ,19
Sanpete,Sterling Town,State Auditor,,DEM,CATHERINE VOUTAZ,12
Sanpete,Sterling U,State Auditor,,DEM,CATHERINE VOUTAZ,16
Sanpete,Wales Town,State Auditor,,DEM,CATHERINE VOUTAZ,26
Sanpete,Axtell SSD,State Treasurer,,Utah Forward,MILES POMEROY,3
Sanpete,Centerfield City,State Treasurer,,Utah Forward,MILES POMEROY,13
Sanpete,Ephraim City 1,State Treasurer,,Utah Forward,MILES POMEROY,43
Sanpete,Ephraim City 2,State Treasurer,,Utah Forward,MILES POMEROY,17
Sanpete,Ephraim City 3,State Treasurer,,Utah Forward,MILES POMEROY,13
Sanpete,Ephraim U,State Treasurer,,Utah Forward,MILES POMEROY,11
Sanpete,Fayette Town,State Treasurer,,Utah Forward,MILES POMEROY,8
Sanpete,Fairview City,State Treasurer,,Utah Forward,MILES POMEROY,25
Sanpete,Fairview U,State Treasurer,,Utah Forward,MILES POMEROY,33
Sanpete,Fountain Green City,State Treasurer,,Utah Forward,MILES POMEROY,22
Sanpete,Gunnison City,State Treasurer,,Utah Forward,MILES POMEROY,26
Sanpete,Manti City 1,State Treasurer,,Utah Forward,MILES POMEROY,44
Sanpete,Manti City 2,State Treasurer,,Utah Forward,MILES POMEROY,35
Sanpete,Manti City 3,State Treasurer,,Utah Forward,MILES POMEROY,7
Sanpete,Mayfield Town,State Treasurer,,Utah Forward,MILES POMEROY,3
Sanpete,Moroni City,State Treasurer,,Utah Forward,MILES POMEROY,31
Sanpete,Moroni U,State Treasurer,,Utah Forward,MILES POMEROY,3
Sanpete,Mt Pleasant City 1,State Treasurer,,Utah Forward,MILES POMEROY,34
Sanpete,Mt Pleasant City 2,State Treasurer,,Utah Forward,MILES POMEROY,16
Sanpete,Mt Pleasant 1 U,State Treasurer,,Utah Forward,MILES POMEROY,8
Sanpete,Mt Pleasant 2 U,State Treasurer,,Utah Forward,MILES POMEROY,14
Sanpete,Fountain Green U,State Treasurer,,Utah Forward,MILES POMEROY,2
Sanpete,Spring City,State Treasurer,,Utah Forward,MILES POMEROY,24
Sanpete,"Spring City U, Wales U",State Treasurer,,Utah Forward,MILES POMEROY,28
Sanpete,South Sanpete U,State Treasurer,,Utah Forward,MILES POMEROY,6
Sanpete,Sterling Town,State Treasurer,,Utah Forward,MILES POMEROY,3
Sanpete,Sterling U,State Treasurer,,Utah Forward,MILES POMEROY,1
Sanpete,Wales Town,State Treasurer,,Utah Forward,MILES POMEROY,7
Sanpete,Axtell SSD,State Treasurer,,REP,MARLO M. OAKS,136
Sanpete,Centerfield City,State Treasurer,,REP,MARLO M. OAKS,554
Sanpete,Ephraim City 1,State Treasurer,,REP,MARLO M. OAKS,722
Sanpete,Ephraim City 2,State Treasurer,,REP,MARLO M. OAKS,480
Sanpete,Ephraim City 3,State Treasurer,,REP,MARLO M. OAKS,391
Sanpete,Ephraim U,State Treasurer,,REP,MARLO M. OAKS,302
Sanpete,Fayette Town,State Treasurer,,REP,MARLO M. OAKS,108
Sanpete,Fairview City,State Treasurer,,REP,MARLO M. OAKS,549
Sanpete,Fairview U,State Treasurer,,REP,MARLO M. OAKS,673
Sanpete,Fountain Green City,State Treasurer,,REP,MARLO M. OAKS,488
Sanpete,Gunnison City,State Treasurer,,REP,MARLO M. OAKS,729
Sanpete,Manti City 1,State Treasurer,,REP,MARLO M. OAKS,697
Sanpete,Manti City 2,State Treasurer,,REP,MARLO M. OAKS,455
Sanpete,Manti City 3,State Treasurer,,REP,MARLO M. OAKS,287
Sanpete,Mayfield Town,State Treasurer,,REP,MARLO M. OAKS,265
Sanpete,Moroni City,State Treasurer,,REP,MARLO M. OAKS,509
Sanpete,Moroni U,State Treasurer,,REP,MARLO M. OAKS,177
Sanpete,Mt Pleasant City 1,State Treasurer,,REP,MARLO M. OAKS,774
Sanpete,Mt Pleasant City 2,State Treasurer,,REP,MARLO M. OAKS,385
Sanpete,Mt Pleasant 1 U,State Treasurer,,REP,MARLO M. OAKS,217
Sanpete,Mt Pleasant 2 U,State Treasurer,,REP,MARLO M. OAKS,250
Sanpete,Fountain Green U,State Treasurer,,REP,MARLO M. OAKS,43
Sanpete,Spring City,State Treasurer,,REP,MARLO M. OAKS,409
Sanpete,"Spring City U, Wales U",State Treasurer,,REP,MARLO M. OAKS,429
Sanpete,South Sanpete U,State Treasurer,,REP,MARLO M. OAKS,151
Sanpete,Sterling Town,State Treasurer,,REP,MARLO M. OAKS,125
Sanpete,Sterling U,State Treasurer,,REP,MARLO M. OAKS,101
Sanpete,Wales Town,State Treasurer,,REP,MARLO M. OAKS,128
Sanpete,Axtell SSD,State Treasurer,,DEM,NEIL A HANSEN,11
Sanpete,Centerfield City,State Treasurer,,DEM,NEIL A HANSEN,52
Sanpete,Ephraim City 1,State Treasurer,,DEM,NEIL A HANSEN,130
Sanpete,Ephraim City 2,State Treasurer,,DEM,NEIL A HANSEN,83
Sanpete,Ephraim City 3,State Treasurer,,DEM,NEIL A HANSEN,59
Sanpete,Ephraim U,State Treasurer,,DEM,NEIL A HANSEN,22
Sanpete,Fayette Town,State Treasurer,,DEM,NEIL A HANSEN,7
Sanpete,Fairview City,State Treasurer,,DEM,NEIL A HANSEN,52
Sanpete,Fairview U,State Treasurer,,DEM,NEIL A HANSEN,92
Sanpete,Fountain Green City,State Treasurer,,DEM,NEIL A HANSEN,55
Sanpete,Gunnison City,State Treasurer,,DEM,NEIL A HANSEN,90
Sanpete,Manti City 1,State Treasurer,,DEM,NEIL A HANSEN,75
Sanpete,Manti City 2,State Treasurer,,DEM,NEIL A HANSEN,50
Sanpete,Manti City 3,State Treasurer,,DEM,NEIL A HANSEN,20
Sanpete,Mayfield Town,State Treasurer,,DEM,NEIL A HANSEN,42
Sanpete,Moroni City,State Treasurer,,DEM,NEIL A HANSEN,67
Sanpete,Moroni U,State Treasurer,,DEM,NEIL A HANSEN,21
Sanpete,Mt Pleasant City 1,State Treasurer,,DEM,NEIL A HANSEN,164
Sanpete,Mt Pleasant City 2,State Treasurer,,DEM,NEIL A HANSEN,69
Sanpete,Mt Pleasant 1 U,State Treasurer,,DEM,NEIL A HANSEN,24
Sanpete,Mt Pleasant 2 U,State Treasurer,,DEM,NEIL A HANSEN,25
Sanpete,Fountain Green U,State Treasurer,,DEM,NEIL A HANSEN,4
Sanpete,Spring City,State Treasurer,,DEM,NEIL A HANSEN,114
Sanpete,"Spring City U, Wales U",State Treasurer,,DEM,NEIL A HANSEN,64
Sanpete,South Sanpete U,State Treasurer,,DEM,NEIL A HANSEN,20
Sanpete,Sterling Town,State Treasurer,,DEM,NEIL A HANSEN,11
Sanpete,Sterling U,State Treasurer,,DEM,NEIL A HANSEN,16
Sanpete,Wales Town,State Treasurer,,DEM,NEIL A HANSEN,31
Sanpete,Axtell SSD,State Senate,27,REP,DERRIN R OWENS,137
Sanpete,Centerfield City,State Senate,27,REP,DERRIN R OWENS,587
Sanpete,Ephraim City 1,State Senate,27,REP,DERRIN R OWENS,817
Sanpete,Ephraim City 2,State Senate,27,REP,DERRIN R OWENS,526
Sanpete,Ephraim City 3,State Senate,27,REP,DERRIN R OWENS,418
Sanpete,Ephraim U,State Senate,27,REP,DERRIN R OWENS,300
Sanpete,Fayette Town,State Senate,27,REP,DERRIN R OWENS,112
Sanpete,Fairview City,State Senate,27,REP,DERRIN R OWENS,578
Sanpete,Fairview U,State Senate,27,REP,DERRIN R OWENS,694
Sanpete,Fountain Green City,State Senate,27,REP,DERRIN R OWENS,517
Sanpete,Gunnison City,State Senate,27,REP,DERRIN R OWENS,780
Sanpete,Manti City 1,State Senate,27,REP,DERRIN R OWENS,717
Sanpete,Manti City 2,State Senate,27,REP,DERRIN R OWENS,485
Sanpete,Manti City 3,State Senate,27,REP,DERRIN R OWENS,294
Sanpete,Mayfield Town,State Senate,27,REP,DERRIN R OWENS,284
Sanpete,Moroni City,State Senate,27,REP,DERRIN R OWENS,561
Sanpete,Moroni U,State Senate,27,REP,DERRIN R OWENS,177
Sanpete,Mt Pleasant City 1,State Senate,27,REP,DERRIN R OWENS,818
Sanpete,Mt Pleasant City 2,State Senate,27,REP,DERRIN R OWENS,407
Sanpete,Mt Pleasant 1 U,State Senate,27,REP,DERRIN R OWENS,231
Sanpete,Mt Pleasant 2 U,State Senate,27,REP,DERRIN R OWENS,262
Sanpete,Fountain Green U,State Senate,27,REP,DERRIN R OWENS,44
Sanpete,Spring City,State Senate,27,REP,DERRIN R OWENS,450
Sanpete,"Spring City U, Wales U",State Senate,27,REP,DERRIN R OWENS,462
Sanpete,South Sanpete U,State Senate,27,REP,DERRIN R OWENS,160
Sanpete,Sterling Town,State Senate,27,REP,DERRIN R OWENS,116
Sanpete,Sterling U,State Senate,27,REP,DERRIN R OWENS,104
Sanpete,Wales Town,State Senate,27,REP,DERRIN R OWENS,147
Sanpete,Axtell SSD,State House,66,REP,TROY SHELLEY,135
Sanpete,Centerfield City,State House,66,REP,TROY SHELLEY,586
Sanpete,Ephraim City 1,State House,66,REP,TROY SHELLEY,814
Sanpete,Ephraim City 2,State House,66,REP,TROY SHELLEY,522
Sanpete,Ephraim City 3,State House,66,REP,TROY SHELLEY,410
Sanpete,Ephraim U,State House,66,REP,TROY SHELLEY,298
Sanpete,Fayette Town,State House,66,REP,TROY SHELLEY,105
Sanpete,Fairview City,State House,66,REP,TROY SHELLEY,573
Sanpete,Fairview U,State House,66,REP,TROY SHELLEY,707
Sanpete,Fountain Green City,State House,66,REP,TROY SHELLEY,520
Sanpete,Gunnison City,State House,66,REP,TROY SHELLEY,772
Sanpete,Manti City 1,State House,66,REP,TROY SHELLEY,700
Sanpete,Manti City 2,State House,66,REP,TROY SHELLEY,486
Sanpete,Manti City 3,State House,66,REP,TROY SHELLEY,289
Sanpete,Mayfield Town,State House,66,REP,TROY SHELLEY,283
Sanpete,Moroni City,State House,66,REP,TROY SHELLEY,548
Sanpete,Moroni U,State House,66,REP,TROY SHELLEY,177
Sanpete,Mt Pleasant City 1,State House,66,REP,TROY SHELLEY,817
Sanpete,Mt Pleasant City 2,State House,66,REP,TROY SHELLEY,408
Sanpete,Mt Pleasant 1 U,State House,66,REP,TROY SHELLEY,227
Sanpete,Mt Pleasant 2 U,State House,66,REP,TROY SHELLEY,253
Sanpete,Fountain Green U,State House,66,REP,TROY SHELLEY,44
Sanpete,Spring City,State House,66,REP,TROY SHELLEY,441
Sanpete,"Spring City U, Wales U",State House,66,REP,TROY SHELLEY,466
Sanpete,South Sanpete U,State House,66,REP,TROY SHELLEY,161
Sanpete,Sterling Town,State House,66,REP,TROY SHELLEY,118
Sanpete,Sterling U,State House,66,REP,TROY SHELLEY,102
Sanpete,Wales Town,State House,66,REP,TROY SHELLEY,149
Sanpete,Axtell SSD,County Commissioner Seat C,,REP,REP MIKE BENNETT,133
Sanpete,Centerfield City,County Commissioner Seat C,,REP,REP MIKE BENNETT,513
Sanpete,Ephraim City 1,County Commissioner Seat C,,REP,REP MIKE BENNETT,690
Sanpete,Ephraim City 2,County Commissioner Seat C,,REP,REP MIKE BENNETT,434
Sanpete,Ephraim City 3,County Commissioner Seat C,,REP,REP MIKE BENNETT,342
Sanpete,Ephraim U,County Commissioner Seat C,,REP,REP MIKE BENNETT,217
Sanpete,Fayette Town,County Commissioner Seat C,,REP,REP MIKE BENNETT,91
Sanpete,Fairview City,County Commissioner Seat C,,REP,REP MIKE BENNETT,556
Sanpete,Fairview U,County Commissioner Seat C,,REP,REP MIKE BENNETT,681
Sanpete,Fountain Green City,County Commissioner Seat C,,REP,REP MIKE BENNETT,484
Sanpete,Gunnison City,County Commissioner Seat C,,REP,REP MIKE BENNETT,729
Sanpete,Manti City 1,County Commissioner Seat C,,REP,REP MIKE BENNETT,523
Sanpete,Manti City 2,County Commissioner Seat C,,REP,REP MIKE BENNETT,339
Sanpete,Manti City 3,County Commissioner Seat C,,REP,REP MIKE BENNETT,219
Sanpete,Mayfield Town,County Commissioner Seat C,,REP,REP MIKE BENNETT,249
Sanpete,Moroni City,County Commissioner Seat C,,REP,REP MIKE BENNETT,521
Sanpete,Moroni U,County Commissioner Seat C,,REP,REP MIKE BENNETT,166
Sanpete,Mt Pleasant City 1,County Commissioner Seat C,,REP,REP MIKE BENNETT,779
Sanpete,Mt Pleasant City 2,County Commissioner Seat C,,REP,REP MIKE BENNETT,384
Sanpete,Mt Pleasant 1 U,County Commissioner Seat C,,REP,REP MIKE BENNETT,208
Sanpete,Mt Pleasant 2 U,County Commissioner Seat C,,REP,REP MIKE BENNETT,239
Sanpete,Fountain Green U,County Commissioner Seat C,,REP,REP MIKE BENNETT,39
Sanpete,Spring City,County Commissioner Seat C,,REP,REP MIKE BENNETT,389
Sanpete,"Spring City U, Wales U",County Commissioner Seat C,,REP,REP MIKE BENNETT,419
Sanpete,South Sanpete U,County Commissioner Seat C,,REP,REP MIKE BENNETT,131
Sanpete,Sterling Town,County Commissioner Seat C,,REP,REP MIKE BENNETT,100
Sanpete,Sterling U,County Commissioner Seat C,,REP,REP MIKE BENNETT,81
Sanpete,Wales Town,County Commissioner Seat C,,REP,REP MIKE BENNETT,143
Sanpete,Axtell SSD,County Commissioner Seat C,,,Write-ins,0
Sanpete,Centerfield City,County Commissioner Seat C,,,Write-ins,0
Sanpete,Ephraim City 1,County Commissioner Seat C,,,Write-ins,12
Sanpete,Ephraim City 2,County Commissioner Seat C,,,Write-ins,7
Sanpete,Ephraim City 3,County Commissioner Seat C,,,Write-ins,13
Sanpete,Ephraim U,County Commissioner Seat C,,,Write-ins,10
Sanpete,Fayette Town,County Commissioner Seat C,,,Write-ins,1
Sanpete,Fairview City,County Commissioner Seat C,,,Write-ins,5
Sanpete,Fairview U,County Commissioner Seat C,,,Write-ins,9
Sanpete,Fountain Green City,County Commissioner Seat C,,,Write-ins,6
Sanpete,Gunnison City,County Commissioner Seat C,,,Write-ins,7
Sanpete,Manti City 1,County Commissioner Seat C,,,Write-ins,23
Sanpete,Manti City 2,County Commissioner Seat C,,,Write-ins,10
Sanpete,Manti City 3,County Commissioner Seat C,,,Write-ins,1
Sanpete,Mayfield Town,County Commissioner Seat C,,,Write-ins,4
Sanpete,Moroni City,County Commissioner Seat C,,,Write-ins,8
Sanpete,Moroni U,County Commissioner Seat C,,,Write-ins,4
Sanpete,Mt Pleasant City 1,County Commissioner Seat C,,,Write-ins,16
Sanpete,Mt Pleasant City 2,County Commissioner Seat C,,,Write-ins,3
Sanpete,Mt Pleasant 1 U,County Commissioner Seat C,,,Write-ins,5
Sanpete,Mt Pleasant 2 U,County Commissioner Seat C,,,Write-ins,7
Sanpete,Fountain Green U,County Commissioner Seat C,,,Write-ins,0
Sanpete,Spring City,County Commissioner Seat C,,,Write-ins,9
Sanpete,"Spring City U, Wales U",County Commissioner Seat C,,,Write-ins,13
Sanpete,South Sanpete U,County Commissioner Seat C,,,Write-ins,3
Sanpete,Sterling Town,County Commissioner Seat C,,,Write-ins,3
Sanpete,Sterling U,County Commissioner Seat C,,,Write-ins,0
Sanpete,Wales Town,County Commissioner Seat C,,,Write-ins,1
Sanpete,Axtell SSD,County Commissioner Seat C,,,Write-ins,5
Sanpete,Centerfield City,County Commissioner Seat C,,,Write-ins,83
Sanpete,Ephraim City 1,County Commissioner Seat C,,,Write-ins,131
Sanpete,Ephraim City 2,County Commissioner Seat C,,,Write-ins,108
Sanpete,Ephraim City 3,County Commissioner Seat C,,,Write-ins,74
Sanpete,Ephraim U,County Commissioner Seat C,,,Write-ins,93
Sanpete,Fayette Town,County Commissioner Seat C,,,Write-ins,17
Sanpete,Fairview City,County Commissioner Seat C,,,Write-ins,31
Sanpete,Fairview U,County Commissioner Seat C,,,Write-ins,27
Sanpete,Fountain Green City,County Commissioner Seat C,,,Write-ins,35
Sanpete,Gunnison City,County Commissioner Seat C,,,Write-ins,68
Sanpete,Manti City 1,County Commissioner Seat C,,,Write-ins,230
Sanpete,Manti City 2,County Commissioner Seat C,,,Write-ins,176
Sanpete,Manti City 3,County Commissioner Seat C,,,Write-ins,86
Sanpete,Mayfield Town,County Commissioner Seat C,,,Write-ins,56
Sanpete,Moroni City,County Commissioner Seat C,,,Write-ins,36
Sanpete,Moroni U,County Commissioner Seat C,,,Write-ins,19
Sanpete,Mt Pleasant City 1,County Commissioner Seat C,,,Write-ins,43
Sanpete,Mt Pleasant City 2,County Commissioner Seat C,,,Write-ins,28
Sanpete,Mt Pleasant 1 U,County Commissioner Seat C,,,Write-ins,21
Sanpete,Mt Pleasant 2 U,County Commissioner Seat C,,,Write-ins,23
Sanpete,Fountain Green U,County Commissioner Seat C,,,Write-ins,6
Sanpete,Spring City,County Commissioner Seat C,,,Write-ins,54
Sanpete,"Spring City U, Wales U",County Commissioner Seat C,,,Write-ins,33
Sanpete,South Sanpete U,County Commissioner Seat C,,,Write-ins,30
Sanpete,Sterling Town,County Commissioner Seat C,,,Write-ins,26
Sanpete,Sterling U,County Commissioner Seat C,,,Write-ins,33
Sanpete,Wales Town,County Commissioner Seat C,,,Write-ins,6
Sanpete,Axtell SSD,County Assessor,,REP,REP KEITH CHRISTIAN LARSEN,135
Sanpete,Centerfield City,County Assessor,,REP,REP KEITH CHRISTIAN LARSEN,589
Sanpete,Ephraim City 1,County Assessor,,REP,REP KEITH CHRISTIAN LARSEN,830
Sanpete,Ephraim City 2,County Assessor,,REP,REP KEITH CHRISTIAN LARSEN,529
Sanpete,Ephraim City 3,County Assessor,,REP,REP KEITH CHRISTIAN LARSEN,413
Sanpete,Ephraim U,County Assessor,,REP,REP KEITH CHRISTIAN LARSEN,307
Sanpete,Fayette Town,County Assessor,,REP,REP KEITH CHRISTIAN LARSEN,112
Sanpete,Fairview City,County Assessor,,REP,REP KEITH CHRISTIAN LARSEN,579
Sanpete,Fairview U,County Assessor,,REP,REP KEITH CHRISTIAN LARSEN,697
Sanpete,Fountain Green City,County Assessor,,REP,REP KEITH CHRISTIAN LARSEN,516
Sanpete,Gunnison City,County Assessor,,REP,REP KEITH CHRISTIAN LARSEN,773
Sanpete,Manti City 1,County Assessor,,REP,REP KEITH CHRISTIAN LARSEN,728
Sanpete,Manti City 2,County Assessor,,REP,REP KEITH CHRISTIAN LARSEN,496
Sanpete,Manti City 3,County Assessor,,REP,REP KEITH CHRISTIAN LARSEN,296
Sanpete,Mayfield Town,County Assessor,,REP,REP KEITH CHRISTIAN LARSEN,291
Sanpete,Moroni City,County Assessor,,REP,REP KEITH CHRISTIAN LARSEN,548
Sanpete,Moroni U,County Assessor,,REP,REP KEITH CHRISTIAN LARSEN,180
Sanpete,Mt Pleasant City 1,County Assessor,,REP,REP KEITH CHRISTIAN LARSEN,827
Sanpete,Mt Pleasant City 2,County Assessor,,REP,REP KEITH CHRISTIAN LARSEN,392
Sanpete,Mt Pleasant 1 U,County Assessor,,REP,REP KEITH CHRISTIAN LARSEN,225
Sanpete,Mt Pleasant 2 U,County Assessor,,REP,REP KEITH CHRISTIAN LARSEN,256
Sanpete,Fountain Green U,County Assessor,,REP,REP KEITH CHRISTIAN LARSEN,44
Sanpete,Spring City,County Assessor,,REP,REP KEITH CHRISTIAN LARSEN,435
Sanpete,"Spring City U, Wales U",County Assessor,,REP,REP KEITH CHRISTIAN LARSEN,452
Sanpete,South Sanpete U,County Assessor,,REP,REP KEITH CHRISTIAN LARSEN,163
Sanpete,Sterling Town,County Assessor,,REP,REP KEITH CHRISTIAN LARSEN,117
Sanpete,Sterling U,County Assessor,,REP,REP KEITH CHRISTIAN LARSEN,100
Sanpete,Wales Town,County Assessor,,REP,REP KEITH CHRISTIAN LARSEN,152
Sanpete,Axtell SSD,County Recorder,,REP,REP TALISHA ANN JOHNSON,135
Sanpete,Centerfield City,County Recorder,,REP,REP TALISHA ANN JOHNSON,584
Sanpete,Ephraim City 1,County Recorder,,REP,REP TALISHA ANN JOHNSON,834
Sanpete,Ephraim City 2,County Recorder,,REP,REP TALISHA ANN JOHNSON,534
Sanpete,Ephraim City 3,County Recorder,,REP,REP TALISHA ANN JOHNSON,414
Sanpete,Ephraim U,County Recorder,,REP,REP TALISHA ANN JOHNSON,304
Sanpete,Fayette Town,County Recorder,,REP,REP TALISHA ANN JOHNSON,112
Sanpete,Fairview City,County Recorder,,REP,REP TALISHA ANN JOHNSON,580
Sanpete,Fairview U,County Recorder,,REP,REP TALISHA ANN JOHNSON,699
Sanpete,Fountain Green City,County Recorder,,REP,REP TALISHA ANN JOHNSON,518
Sanpete,Gunnison City,County Recorder,,REP,REP TALISHA ANN JOHNSON,777
Sanpete,Manti City 1,County Recorder,,REP,REP TALISHA ANN JOHNSON,736
Sanpete,Manti City 2,County Recorder,,REP,REP TALISHA ANN JOHNSON,505
Sanpete,Manti City 3,County Recorder,,REP,REP TALISHA ANN JOHNSON,295
Sanpete,Mayfield Town,County Recorder,,REP,REP TALISHA ANN JOHNSON,295
Sanpete,Moroni City,County Recorder,,REP,REP TALISHA ANN JOHNSON,554
Sanpete,Moroni U,County Recorder,,REP,REP TALISHA ANN JOHNSON,175
Sanpete,Mt Pleasant City 1,County Recorder,,REP,REP TALISHA ANN JOHNSON,826
Sanpete,Mt Pleasant City 2,County Recorder,,REP,REP TALISHA ANN JOHNSON,392
Sanpete,Mt Pleasant 1 U,County Recorder,,REP,REP TALISHA ANN JOHNSON,224
Sanpete,Mt Pleasant 2 U,County Recorder,,REP,REP TALISHA ANN JOHNSON,258
Sanpete,Fountain Green U,County Recorder,,REP,REP TALISHA ANN JOHNSON,43
Sanpete,Spring City,County Recorder,,REP,REP TALISHA ANN JOHNSON,442
Sanpete,"Spring City U, Wales U",County Recorder,,REP,REP TALISHA ANN JOHNSON,457
Sanpete,South Sanpete U,County Recorder,,REP,REP TALISHA ANN JOHNSON,161
Sanpete,Sterling Town,County Recorder,,REP,REP TALISHA ANN JOHNSON,124
Sanpete,Sterling U,County Recorder,,REP,REP TALISHA ANN JOHNSON,103
Sanpete,Wales Town,County Recorder,,REP,REP TALISHA ANN JOHNSON,149
Sanpete,Axtell SSD,County Treasurer,,REP,REP AMY WILLDEN,137
Sanpete,Centerfield City,County Treasurer,,REP,REP AMY WILLDEN,590
Sanpete,Ephraim City 1,County Treasurer,,REP,REP AMY WILLDEN,830
Sanpete,Ephraim City 2,County Treasurer,,REP,REP AMY WILLDEN,526
Sanpete,Ephraim City 3,County Treasurer,,REP,REP AMY WILLDEN,415
Sanpete,Ephraim U,County Treasurer,,REP,REP AMY WILLDEN,299
Sanpete,Fayette Town,County Treasurer,,REP,REP AMY WILLDEN,112
Sanpete,Fairview City,County Treasurer,,REP,REP AMY WILLDEN,583
Sanpete,Fairview U,County Treasurer,,REP,REP AMY WILLDEN,702
Sanpete,Fountain Green City,County Treasurer,,REP,REP AMY WILLDEN,522
Sanpete,Gunnison City,County Treasurer,,REP,REP AMY WILLDEN,778
Sanpete,Manti City 1,County Treasurer,,REP,REP AMY WILLDEN,726
Sanpete,Manti City 2,County Treasurer,,REP,REP AMY WILLDEN,496
Sanpete,Manti City 3,County Treasurer,,REP,REP AMY WILLDEN,288
Sanpete,Mayfield Town,County Treasurer,,REP,REP AMY WILLDEN,296
Sanpete,Moroni City,County Treasurer,,REP,REP AMY WILLDEN,565
Sanpete,Moroni U,County Treasurer,,REP,REP AMY WILLDEN,176
Sanpete,Mt Pleasant City 1,County Treasurer,,REP,REP AMY WILLDEN,830
Sanpete,Mt Pleasant City 2,County Treasurer,,REP,REP AMY WILLDEN,403
Sanpete,Mt Pleasant 1 U,County Treasurer,,REP,REP AMY WILLDEN,226
Sanpete,Mt Pleasant 2 U,County Treasurer,,REP,REP AMY WILLDEN,255
Sanpete,Fountain Green U,County Treasurer,,REP,REP AMY WILLDEN,44
Sanpete,Spring City,County Treasurer,,REP,REP AMY WILLDEN,452
Sanpete,"Spring City U, Wales U",County Treasurer,,REP,REP AMY WILLDEN,458
Sanpete,South Sanpete U,County Treasurer,,REP,REP AMY WILLDEN,161
Sanpete,Sterling Town,County Treasurer,,REP,REP AMY WILLDEN,121
Sanpete,Sterling U,County Treasurer,,REP,REP AMY WILLDEN,102
Sanpete,Wales Town,County Treasurer,,REP,REP AMY WILLDEN,150
Sanpete,Mt Pleasant City 2,North Sanpete School District,1,,STACEY GOBLE,402
Sanpete,Mt Pleasant 2 U,North Sanpete School District,1,,STACEY GOBLE,252
Sanpete,Spring City,North Sanpete School District,1,,STACEY GOBLE,424
Sanpete,Moroni City,North Sanpete School District,2,,JOSEPH A COOK,320
Sanpete,Moroni U,North Sanpete School District,2,,JOSEPH A COOK,102
Sanpete,Mt Pleasant 1 U,North Sanpete School District,2,,JOSEPH A COOK,123
Sanpete,Moroni City,North Sanpete School District,2,,SHALMARIE MORLEY,283
Sanpete,Moroni U,North Sanpete School District,2,,SHALMARIE MORLEY,94
Sanpete,Mt Pleasant 1 U,North Sanpete School District,2,,SHALMARIE MORLEY,111
Sanpete,Mt Pleasant City 1,North Sanpete School District,3,,RICH BROTHERSON,771
Sanpete,Axtell SSD,South Sanpete School District,2,,MARKELL COATES BARCLAY,39
Sanpete,Centerfield City,South Sanpete School District,2,,MARKELL COATES BARCLAY,207
Sanpete,Fayette Town,South Sanpete School District,2,,MARKELL COATES BARCLAY,13
Sanpete,Mayfield Town,South Sanpete School District,2,,MARKELL COATES BARCLAY,126
Sanpete,South Sanpete U,South Sanpete School District,2,,MARKELL COATES BARCLAY,65
Sanpete,Axtell SSD,South Sanpete School District,2,,LONI DEE HAMMOND,98
Sanpete,Centerfield City,South Sanpete School District,2,,LONI DEE HAMMOND,374
Sanpete,Fayette Town,South Sanpete School District,2,,LONI DEE HAMMOND,107
Sanpete,Mayfield Town,South Sanpete School District,2,,LONI DEE HAMMOND,172
Sanpete,South Sanpete U,South Sanpete School District,2,,LONI DEE HAMMOND,101
Sanpete,Gunnison City,South Sanpete School District,3,,KIM REID PICKETT,313
Sanpete,Gunnison City,South Sanpete School District,3,,COLEEN N OGDEN,527
Sanpete,Axtell SSD,Shall MATTHEW B. DURRANT be retained in the office of Justice of the Supreme Court of Utah?,,,YES,104
Sanpete,Centerfield City,Shall MATTHEW B. DURRANT be retained in the office of Justice of the Supreme Court of Utah?,,,YES,487
Sanpete,Ephraim City 1,Shall MATTHEW B. DURRANT be retained in the office of Justice of the Supreme Court of Utah?,,,YES,711
Sanpete,Ephraim City 2,Shall MATTHEW B. DURRANT be retained in the office of Justice of the Supreme Court of Utah?,,,YES,438
Sanpete,Ephraim City 3,Shall MATTHEW B. DURRANT be retained in the office of Justice of the Supreme Court of Utah?,,,YES,350
Sanpete,Ephraim U,Shall MATTHEW B. DURRANT be retained in the office of Justice of the Supreme Court of Utah?,,,YES,231
Sanpete,Fayette Town,Shall MATTHEW B. DURRANT be retained in the office of Justice of the Supreme Court of Utah?,,,YES,85
Sanpete,Fairview City,Shall MATTHEW B. DURRANT be retained in the office of Justice of the Supreme Court of Utah?,,,YES,461
Sanpete,Fairview U,Shall MATTHEW B. DURRANT be retained in the office of Justice of the Supreme Court of Utah?,,,YES,555
Sanpete,Fountain Green City,Shall MATTHEW B. DURRANT be retained in the office of Justice of the Supreme Court of Utah?,,,YES,429
Sanpete,Gunnison City,Shall MATTHEW B. DURRANT be retained in the office of Justice of the Supreme Court of Utah?,,,YES,637
Sanpete,Manti City 1,Shall MATTHEW B. DURRANT be retained in the office of Justice of the Supreme Court of Utah?,,,YES,601
Sanpete,Manti City 2,Shall MATTHEW B. DURRANT be retained in the office of Justice of the Supreme Court of Utah?,,,YES,376
Sanpete,Manti City 3,Shall MATTHEW B. DURRANT be retained in the office of Justice of the Supreme Court of Utah?,,,YES,239
Sanpete,Mayfield Town,Shall MATTHEW B. DURRANT be retained in the office of Justice of the Supreme Court of Utah?,,,YES,235
Sanpete,Moroni City,Shall MATTHEW B. DURRANT be retained in the office of Justice of the Supreme Court of Utah?,,,YES,474
Sanpete,Moroni U,Shall MATTHEW B. DURRANT be retained in the office of Justice of the Supreme Court of Utah?,,,YES,136
Sanpete,Mt Pleasant City 1,Shall MATTHEW B. DURRANT be retained in the office of Justice of the Supreme Court of Utah?,,,YES,664
Sanpete,Mt Pleasant City 2,Shall MATTHEW B. DURRANT be retained in the office of Justice of the Supreme Court of Utah?,,,YES,350
Sanpete,Mt Pleasant 1 U,Shall MATTHEW B. DURRANT be retained in the office of Justice of the Supreme Court of Utah?,,,YES,175
Sanpete,Mt Pleasant 2 U,Shall MATTHEW B. DURRANT be retained in the office of Justice of the Supreme Court of Utah?,,,YES,207
Sanpete,Fountain Green U,Shall MATTHEW B. DURRANT be retained in the office of Justice of the Supreme Court of Utah?,,,YES,36
Sanpete,Spring City,Shall MATTHEW B. DURRANT be retained in the office of Justice of the Supreme Court of Utah?,,,YES,359
Sanpete,"Spring City U, Wales U",Shall MATTHEW B. DURRANT be retained in the office of Justice of the Supreme Court of Utah?,,,YES,337
Sanpete,South Sanpete U,Shall MATTHEW B. DURRANT be retained in the office of Justice of the Supreme Court of Utah?,,,YES,138
Sanpete,Sterling Town,Shall MATTHEW B. DURRANT be retained in the office of Justice of the Supreme Court of Utah?,,,YES,92
Sanpete,Sterling U,Shall MATTHEW B. DURRANT be retained in the office of Justice of the Supreme Court of Utah?,,,YES,90
Sanpete,Wales Town,Shall MATTHEW B. DURRANT be retained in the office of Justice of the Supreme Court of Utah?,,,YES,118
Sanpete,Axtell SSD,Shall MATTHEW B. DURRANT be retained in the office of Justice of the Supreme Court of Utah?,,,NO,29
Sanpete,Centerfield City,Shall MATTHEW B. DURRANT be retained in the office of Justice of the Supreme Court of Utah?,,,NO,90
Sanpete,Ephraim City 1,Shall MATTHEW B. DURRANT be retained in the office of Justice of the Supreme Court of Utah?,,,NO,130
Sanpete,Ephraim City 2,Shall MATTHEW B. DURRANT be retained in the office of Justice of the Supreme Court of Utah?,,,NO,92
Sanpete,Ephraim City 3,Shall MATTHEW B. DURRANT be retained in the office of Justice of the Supreme Court of Utah?,,,NO,76
Sanpete,Ephraim U,Shall MATTHEW B. DURRANT be retained in the office of Justice of the Supreme Court of Utah?,,,NO,61
Sanpete,Fayette Town,Shall MATTHEW B. DURRANT be retained in the office of Justice of the Supreme Court of Utah?,,,NO,25
Sanpete,Fairview City,Shall MATTHEW B. DURRANT be retained in the office of Justice of the Supreme Court of Utah?,,,NO,111
Sanpete,Fairview U,Shall MATTHEW B. DURRANT be retained in the office of Justice of the Supreme Court of Utah?,,,NO,188
Sanpete,Fountain Green City,Shall MATTHEW B. DURRANT be retained in the office of Justice of the Supreme Court of Utah?,,,NO,101
Sanpete,Gunnison City,Shall MATTHEW B. DURRANT be retained in the office of Justice of the Supreme Court of Utah?,,,NO,155
Sanpete,Manti City 1,Shall MATTHEW B. DURRANT be retained in the office of Justice of the Supreme Court of Utah?,,,NO,154
Sanpete,Manti City 2,Shall MATTHEW B. DURRANT be retained in the office of Justice of the Supreme Court of Utah?,,,NO,119
Sanpete,Manti City 3,Shall MATTHEW B. DURRANT be retained in the office of Justice of the Supreme Court of Utah?,,,NO,52
Sanpete,Mayfield Town,Shall MATTHEW B. DURRANT be retained in the office of Justice of the Supreme Court of Utah?,,,NO,50
Sanpete,Moroni City,Shall MATTHEW B. DURRANT be retained in the office of Justice of the Supreme Court of Utah?,,,NO,104
Sanpete,Moroni U,Shall MATTHEW B. DURRANT be retained in the office of Justice of the Supreme Court of Utah?,,,NO,54
Sanpete,Mt Pleasant City 1,Shall MATTHEW B. DURRANT be retained in the office of Justice of the Supreme Court of Utah?,,,NO,203
Sanpete,Mt Pleasant City 2,Shall MATTHEW B. DURRANT be retained in the office of Justice of the Supreme Court of Utah?,,,NO,86
Sanpete,Mt Pleasant 1 U,Shall MATTHEW B. DURRANT be retained in the office of Justice of the Supreme Court of Utah?,,,NO,58
Sanpete,Mt Pleasant 2 U,Shall MATTHEW B. DURRANT be retained in the office of Justice of the Supreme Court of Utah?,,,NO,63
Sanpete,Fountain Green U,Shall MATTHEW B. DURRANT be retained in the office of Justice of the Supreme Court of Utah?,,,NO,9
Sanpete,Spring City,Shall MATTHEW B. DURRANT be retained in the office of Justice of the Supreme Court of Utah?,,,NO,133
Sanpete,"Spring City U, Wales U",Shall MATTHEW B. DURRANT be retained in the office of Justice of the Supreme Court of Utah?,,,NO,135
Sanpete,South Sanpete U,Shall MATTHEW B. DURRANT be retained in the office of Justice of the Supreme Court of Utah?,,,NO,27
Sanpete,Sterling Town,Shall MATTHEW B. DURRANT be retained in the office of Justice of the Supreme Court of Utah?,,,NO,25
Sanpete,Sterling U,Shall MATTHEW B. DURRANT be retained in the office of Justice of the Supreme Court of Utah?,,,NO,17
Sanpete,Wales Town,Shall MATTHEW B. DURRANT be retained in the office of Justice of the Supreme Court of Utah?,,,NO,31
Sanpete,Axtell SSD,Shall RYAN D. TENNEY be retained in the office of Judge of the Court of Appeals of Utah?,,,YES,105
Sanpete,Centerfield City,Shall RYAN D. TENNEY be retained in the office of Judge of the Court of Appeals of Utah?,,,YES,489
Sanpete,Ephraim City 1,Shall RYAN D. TENNEY be retained in the office of Judge of the Court of Appeals of Utah?,,,YES,704
Sanpete,Ephraim City 2,Shall RYAN D. TENNEY be retained in the office of Judge of the Court of Appeals of Utah?,,,YES,427
Sanpete,Ephraim City 3,Shall RYAN D. TENNEY be retained in the office of Judge of the Court of Appeals of Utah?,,,YES,350
Sanpete,Ephraim U,Shall RYAN D. TENNEY be retained in the office of Judge of the Court of Appeals of Utah?,,,YES,223
Sanpete,Fayette Town,Shall RYAN D. TENNEY be retained in the office of Judge of the Court of Appeals of Utah?,,,YES,87
Sanpete,Fairview City,Shall RYAN D. TENNEY be retained in the office of Judge of the Court of Appeals of Utah?,,,YES,456
Sanpete,Fairview U,Shall RYAN D. TENNEY be retained in the office of Judge of the Court of Appeals of Utah?,,,YES,536
Sanpete,Fountain Green City,Shall RYAN D. TENNEY be retained in the office of Judge of the Court of Appeals of Utah?,,,YES,427
Sanpete,Gunnison City,Shall RYAN D. TENNEY be retained in the office of Judge of the Court of Appeals of Utah?,,,YES,636
Sanpete,Manti City 1,Shall RYAN D. TENNEY be retained in the office of Judge of the Court of Appeals of Utah?,,,YES,595
Sanpete,Manti City 2,Shall RYAN D. TENNEY be retained in the office of Judge of the Court of Appeals of Utah?,,,YES,371
Sanpete,Manti City 3,Shall RYAN D. TENNEY be retained in the office of Judge of the Court of Appeals of Utah?,,,YES,233
Sanpete,Mayfield Town,Shall RYAN D. TENNEY be retained in the office of Judge of the Court of Appeals of Utah?,,,YES,227
Sanpete,Moroni City,Shall RYAN D. TENNEY be retained in the office of Judge of the Court of Appeals of Utah?,,,YES,475
Sanpete,Moroni U,Shall RYAN D. TENNEY be retained in the office of Judge of the Court of Appeals of Utah?,,,YES,135
Sanpete,Mt Pleasant City 1,Shall RYAN D. TENNEY be retained in the office of Judge of the Court of Appeals of Utah?,,,YES,668
Sanpete,Mt Pleasant City 2,Shall RYAN D. TENNEY be retained in the office of Judge of the Court of Appeals of Utah?,,,YES,339
Sanpete,Mt Pleasant 1 U,Shall RYAN D. TENNEY be retained in the office of Judge of the Court of Appeals of Utah?,,,YES,168
Sanpete,Mt Pleasant 2 U,Shall RYAN D. TENNEY be retained in the office of Judge of the Court of Appeals of Utah?,,,YES,200
Sanpete,Fountain Green U,Shall RYAN D. TENNEY be retained in the office of Judge of the Court of Appeals of Utah?,,,YES,33
Sanpete,Spring City,Shall RYAN D. TENNEY be retained in the office of Judge of the Court of Appeals of Utah?,,,YES,353
Sanpete,"Spring City U, Wales U",Shall RYAN D. TENNEY be retained in the office of Judge of the Court of Appeals of Utah?,,,YES,342
Sanpete,South Sanpete U,Shall RYAN D. TENNEY be retained in the office of Judge of the Court of Appeals of Utah?,,,YES,133
Sanpete,Sterling Town,Shall RYAN D. TENNEY be retained in the office of Judge of the Court of Appeals of Utah?,,,YES,88
Sanpete,Sterling U,Shall RYAN D. TENNEY be retained in the office of Judge of the Court of Appeals of Utah?,,,YES,89
Sanpete,Wales Town,Shall RYAN D. TENNEY be retained in the office of Judge of the Court of Appeals of Utah?,,,YES,116
Sanpete,Axtell SSD,Shall RYAN D. TENNEY be retained in the office of Judge of the Court of Appeals of Utah?,,,NO,27
Sanpete,Centerfield City,Shall RYAN D. TENNEY be retained in the office of Judge of the Court of Appeals of Utah?,,,NO,85
Sanpete,Ephraim City 1,Shall RYAN D. TENNEY be retained in the office of Judge of the Court of Appeals of Utah?,,,NO,134
Sanpete,Ephraim City 2,Shall RYAN D. TENNEY be retained in the office of Judge of the Court of Appeals of Utah?,,,NO,100
Sanpete,Ephraim City 3,Shall RYAN D. TENNEY be retained in the office of Judge of the Court of Appeals of Utah?,,,NO,76
Sanpete,Ephraim U,Shall RYAN D. TENNEY be retained in the office of Judge of the Court of Appeals of Utah?,,,NO,69
Sanpete,Fayette Town,Shall RYAN D. TENNEY be retained in the office of Judge of the Court of Appeals of Utah?,,,NO,24
Sanpete,Fairview City,Shall RYAN D. TENNEY be retained in the office of Judge of the Court of Appeals of Utah?,,,NO,114
Sanpete,Fairview U,Shall RYAN D. TENNEY be retained in the office of Judge of the Court of Appeals of Utah?,,,NO,199
Sanpete,Fountain Green City,Shall RYAN D. TENNEY be retained in the office of Judge of the Court of Appeals of Utah?,,,NO,93
Sanpete,Gunnison City,Shall RYAN D. TENNEY be retained in the office of Judge of the Court of Appeals of Utah?,,,NO,148
Sanpete,Manti City 1,Shall RYAN D. TENNEY be retained in the office of Judge of the Court of Appeals of Utah?,,,NO,153
Sanpete,Manti City 2,Shall RYAN D. TENNEY be retained in the office of Judge of the Court of Appeals of Utah?,,,NO,122
Sanpete,Manti City 3,Shall RYAN D. TENNEY be retained in the office of Judge of the Court of Appeals of Utah?,,,NO,53
Sanpete,Mayfield Town,Shall RYAN D. TENNEY be retained in the office of Judge of the Court of Appeals of Utah?,,,NO,56
Sanpete,Moroni City,Shall RYAN D. TENNEY be retained in the office of Judge of the Court of Appeals of Utah?,,,NO,101
Sanpete,Moroni U,Shall RYAN D. TENNEY be retained in the office of Judge of the Court of Appeals of Utah?,,,NO,51
Sanpete,Mt Pleasant City 1,Shall RYAN D. TENNEY be retained in the office of Judge of the Court of Appeals of Utah?,,,NO,187
Sanpete,Mt Pleasant City 2,Shall RYAN D. TENNEY be retained in the office of Judge of the Court of Appeals of Utah?,,,NO,89
Sanpete,Mt Pleasant 1 U,Shall RYAN D. TENNEY be retained in the office of Judge of the Court of Appeals of Utah?,,,NO,61
Sanpete,Mt Pleasant 2 U,Shall RYAN D. TENNEY be retained in the office of Judge of the Court of Appeals of Utah?,,,NO,68
Sanpete,Fountain Green U,Shall RYAN D. TENNEY be retained in the office of Judge of the Court of Appeals of Utah?,,,NO,10
Sanpete,Spring City,Shall RYAN D. TENNEY be retained in the office of Judge of the Court of Appeals of Utah?,,,NO,129
Sanpete,"Spring City U, Wales U",Shall RYAN D. TENNEY be retained in the office of Judge of the Court of Appeals of Utah?,,,NO,126
Sanpete,South Sanpete U,Shall RYAN D. TENNEY be retained in the office of Judge of the Court of Appeals of Utah?,,,NO,31
Sanpete,Sterling Town,Shall RYAN D. TENNEY be retained in the office of Judge of the Court of Appeals of Utah?,,,NO,28
Sanpete,Sterling U,Shall RYAN D. TENNEY be retained in the office of Judge of the Court of Appeals of Utah?,,,NO,19
Sanpete,Wales Town,Shall RYAN D. TENNEY be retained in the office of Judge of the Court of Appeals of Utah?,,,NO,33
Sanpete,Axtell SSD,Constitutional Amendment B,,,FOR,72
Sanpete,Centerfield City,Constitutional Amendment B,,,FOR,398
Sanpete,Ephraim City 1,Constitutional Amendment B,,,FOR,651
Sanpete,Ephraim City 2,Constitutional Amendment B,,,FOR,403
Sanpete,Ephraim City 3,Constitutional Amendment B,,,FOR,307
Sanpete,Ephraim U,Constitutional Amendment B,,,FOR,168
Sanpete,Fayette Town,Constitutional Amendment B,,,FOR,67
Sanpete,Fairview City,Constitutional Amendment B,,,FOR,416
Sanpete,Fairview U,Constitutional Amendment B,,,FOR,473
Sanpete,Fountain Green City,Constitutional Amendment B,,,FOR,354
Sanpete,Gunnison City,Constitutional Amendment B,,,FOR,568
Sanpete,Manti City 1,Constitutional Amendment B,,,FOR,458
Sanpete,Manti City 2,Constitutional Amendment B,,,FOR,324
Sanpete,Manti City 3,Constitutional Amendment B,,,FOR,207
Sanpete,Mayfield Town,Constitutional Amendment B,,,FOR,188
Sanpete,Moroni City,Constitutional Amendment B,,,FOR,397
Sanpete,Moroni U,Constitutional Amendment B,,,FOR,109
Sanpete,Mt Pleasant City 1,Constitutional Amendment B,,,FOR,616
Sanpete,Mt Pleasant City 2,Constitutional Amendment B,,,FOR,293
Sanpete,Mt Pleasant 1 U,Constitutional Amendment B,,,FOR,133
Sanpete,Mt Pleasant 2 U,Constitutional Amendment B,,,FOR,154
Sanpete,Fountain Green U,Constitutional Amendment B,,,FOR,25
Sanpete,Spring City,Constitutional Amendment B,,,FOR,336
Sanpete,"Spring City U, Wales U",Constitutional Amendment B,,,FOR,296
Sanpete,South Sanpete U,Constitutional Amendment B,,,FOR,99
Sanpete,Sterling Town,Constitutional Amendment B,,,FOR,72
Sanpete,Sterling U,Constitutional Amendment B,,,FOR,58
Sanpete,Wales Town,Constitutional Amendment B,,,FOR,124
Sanpete,Axtell SSD,Constitutional Amendment B,,,AGAINST,75
Sanpete,Centerfield City,Constitutional Amendment B,,,AGAINST,214
Sanpete,Ephraim City 1,Constitutional Amendment B,,,AGAINST,245
Sanpete,Ephraim City 2,Constitutional Amendment B,,,AGAINST,181
Sanpete,Ephraim City 3,Constitutional Amendment B,,,AGAINST,160
Sanpete,Ephraim U,Constitutional Amendment B,,,AGAINST,160
Sanpete,Fayette Town,Constitutional Amendment B,,,AGAINST,48
Sanpete,Fairview City,Constitutional Amendment B,,,AGAINST,199
Sanpete,Fairview U,Constitutional Amendment B,,,AGAINST,324
Sanpete,Fountain Green City,Constitutional Amendment B,,,AGAINST,215
Sanpete,Gunnison City,Constitutional Amendment B,,,AGAINST,272
Sanpete,Manti City 1,Constitutional Amendment B,,,AGAINST,344
Sanpete,Manti City 2,Constitutional Amendment B,,,AGAINST,218
Sanpete,Manti City 3,Constitutional Amendment B,,,AGAINST,101
Sanpete,Mayfield Town,Constitutional Amendment B,,,AGAINST,129
Sanpete,Moroni City,Constitutional Amendment B,,,AGAINST,208
Sanpete,Moroni U,Constitutional Amendment B,,,AGAINST,96
Sanpete,Mt Pleasant City 1,Constitutional Amendment B,,,AGAINST,354
Sanpete,Mt Pleasant City 2,Constitutional Amendment B,,,AGAINST,167
Sanpete,Mt Pleasant 1 U,Constitutional Amendment B,,,AGAINST,120
Sanpete,Mt Pleasant 2 U,Constitutional Amendment B,,,AGAINST,138
Sanpete,Fountain Green U,Constitutional Amendment B,,,AGAINST,24
Sanpete,Spring City,Constitutional Amendment B,,,AGAINST,209
Sanpete,"Spring City U, Wales U",Constitutional Amendment B,,,AGAINST,207
Sanpete,South Sanpete U,Constitutional Amendment B,,,AGAINST,75
Sanpete,Sterling Town,Constitutional Amendment B,,,AGAINST,66
Sanpete,Sterling U,Constitutional Amendment B,,,AGAINST,62
Sanpete,Wales Town,Constitutional Amendment B,,,AGAINST,37
Sanpete,Axtell SSD,Constitutional Amendment C,,,FOR,129
Sanpete,Centerfield City,Constitutional Amendment C,,,FOR,545
Sanpete,Ephraim City 1,Constitutional Amendment C,,,FOR,780
Sanpete,Ephraim City 2,Constitutional Amendment C,,,FOR,479
Sanpete,Ephraim City 3,Constitutional Amendment C,,,FOR,398
Sanpete,Ephraim U,Constitutional Amendment C,,,FOR,285
Sanpete,Fayette Town,Constitutional Amendment C,,,FOR,95
Sanpete,Fairview City,Constitutional Amendment C,,,FOR,543
Sanpete,Fairview U,Constitutional Amendment C,,,FOR,682
Sanpete,Fountain Green City,Constitutional Amendment C,,,FOR,485
Sanpete,Gunnison City,Constitutional Amendment C,,,FOR,735
Sanpete,Manti City 1,Constitutional Amendment C,,,FOR,699
Sanpete,Manti City 2,Constitutional Amendment C,,,FOR,483
Sanpete,Manti City 3,Constitutional Amendment C,,,FOR,280
Sanpete,Mayfield Town,Constitutional Amendment C,,,FOR,275
Sanpete,Moroni City,Constitutional Amendment C,,,FOR,537
Sanpete,Moroni U,Constitutional Amendment C,,,FOR,187
Sanpete,Mt Pleasant City 1,Constitutional Amendment C,,,FOR,844
Sanpete,Mt Pleasant City 2,Constitutional Amendment C,,,FOR,400
Sanpete,Mt Pleasant 1 U,Constitutional Amendment C,,,FOR,207
Sanpete,Mt Pleasant 2 U,Constitutional Amendment C,,,FOR,249
Sanpete,Fountain Green U,Constitutional Amendment C,,,FOR,36
Sanpete,Spring City,Constitutional Amendment C,,,FOR,460
Sanpete,"Spring City U, Wales U",Constitutional Amendment C,,,FOR,446
Sanpete,South Sanpete U,Constitutional Amendment C,,,FOR,148
Sanpete,Sterling Town,Constitutional Amendment C,,,FOR,121
Sanpete,Sterling U,Constitutional Amendment C,,,FOR,104
Sanpete,Wales Town,Constitutional Amendment C,,,FOR,148
Sanpete,Axtell SSD,Constitutional Amendment C,,,AGAINST,19
Sanpete,Centerfield City,Constitutional Amendment C,,,AGAINST,71
Sanpete,Ephraim City 1,Constitutional Amendment C,,,AGAINST,119
Sanpete,Ephraim City 2,Constitutional Amendment C,,,AGAINST,101
Sanpete,Ephraim City 3,Constitutional Amendment C,,,AGAINST,69
Sanpete,Ephraim U,Constitutional Amendment C,,,AGAINST,50
Sanpete,Fayette Town,Constitutional Amendment C,,,AGAINST,22
Sanpete,Fairview City,Constitutional Amendment C,,,AGAINST,81
Sanpete,Fairview U,Constitutional Amendment C,,,AGAINST,123
Sanpete,Fountain Green City,Constitutional Amendment C,,,AGAINST,93
Sanpete,Gunnison City,Constitutional Amendment C,,,AGAINST,111
Sanpete,Manti City 1,Constitutional Amendment C,,,AGAINST,113
Sanpete,Manti City 2,Constitutional Amendment C,,,AGAINST,65
Sanpete,Manti City 3,Constitutional Amendment C,,,AGAINST,38
Sanpete,Mayfield Town,Constitutional Amendment C,,,AGAINST,43
Sanpete,Moroni City,Constitutional Amendment C,,,AGAINST,73
Sanpete,Moroni U,Constitutional Amendment C,,,AGAINST,20
Sanpete,Mt Pleasant City 1,Constitutional Amendment C,,,AGAINST,121
Sanpete,Mt Pleasant City 2,Constitutional Amendment C,,,AGAINST,68
Sanpete,Mt Pleasant 1 U,Constitutional Amendment C,,,AGAINST,47
Sanpete,Mt Pleasant 2 U,Constitutional Amendment C,,,AGAINST,46
Sanpete,Fountain Green U,Constitutional Amendment C,,,AGAINST,10
Sanpete,Spring City,Constitutional Amendment C,,,AGAINST,90
Sanpete,"Spring City U, Wales U",Constitutional Amendment C,,,AGAINST,65
Sanpete,South Sanpete U,Constitutional Amendment C,,,AGAINST,28
Sanpete,Sterling Town,Constitutional Amendment C,,,AGAINST,17
Sanpete,Sterling U,Constitutional Amendment C,,,AGAINST,16
Sanpete,Wales Town,Constitutional Amendment C,,,AGAINST,20
