county,precinct,office,district,seats,party,candidate,votes
Iron,3PK,Registered Voters,,,,,1020
Iron,3PK,Ballots Cast,,,,,928
Iron,3PK,President,,1,,Cornel Ronald WEST / Melina ABDULLAH,0
Iron,3PK,President,,1,,"Lucifer ""JUSTIN CASE"" EVERYLOVE",0
Iron,3PK,President,,1,CON,Joel SKOUSEN / Rik COMBS,1
Iron,3PK,President,,1,GRN,Jill STEIN / Rudolph WARE,2
Iron,3PK,President,,1,REP,Donald J. TRUMP/ JD VANCE,766
Iron,3PK,President,,1,LBT,Chase OLIVER / Mike ter MAAT,7
Iron,3PK,President,,1,DEM,Kamala D. HARRIS / Tim WALZ,135
Iron,3PK,President,,1,,Claudia de la CRUZ / Karina Alexandra GARCIA,1
Iron,3PK,President,,1,,Write-In,8
Iron,3PK,President,,1,,Over Votes,0
Iron,3PK,President,,1,,Under Votes,8
Iron,3PK,U.S. Senate,,1,IAP,Carleton E. BOWEN,57
Iron,3PK,U.S. Senate,,1,REP,John CURTIS,729
Iron,3PK,U.S. Senate,,1,DEM,Caroline GLEICH,105
Iron,3PK,U.S. Senate,,1,,Write-In,5
Iron,3PK,U.S. Senate,,1,,Over Votes,0
Iron,3PK,U.S. Senate,,1,,Under Votes,32
Iron,3PK,U.S. House,2,1,DEM,Nathaniel E WOODWARD,107
Iron,3PK,U.S. House,2,1,CON,Cassie EASLEY,53
Iron,3PK,U.S. House,2,1,REP,Celeste MALOY,719
Iron,3PK,U.S. House,2,1,,Tyler MURSET,11
Iron,3PK,U.S. House,2,1,,Over Votes,0
Iron,3PK,U.S. House,2,1,,Under Votes,38
Iron,3PK,Governor,,1,REP,Spencer J. COX / Deidre M. HENDERSON,538
Iron,3PK,Governor,,1,IAP,Tommy WILLIAMS / Archie A. WILLIAMS III,26
Iron,3PK,Governor,,1,DEM,Brian SMITH KING / Rebekah CUMMINGS,91
Iron,3PK,Governor,,1,LBT,J. Robert LATHAM / Barry Evan SHORT,19
Iron,3PK,Governor,,1,,Tom TOMENY / William LANSING TAYLOR,5
Iron,3PK,Governor,,1,,Write-In,209
Iron,3PK,Governor,,1,,Over Votes,0
Iron,3PK,Governor,,1,,Under Votes,40
Iron,3PK,Attorney General,,1,REP,Derek BROWN,695
Iron,3PK,Attorney General,,1,DEM,Rudy J BAUTISTA,102
Iron,3PK,Attorney General,,1,LBT,W. Andrew McCULLOUGH,30
Iron,3PK,Attorney General,,1,,Austin HEPWORTH,31
Iron,3PK,Attorney General,,1,UUP,Michelle QUIST,25
Iron,3PK,Attorney General,,1,,Over Votes,0
Iron,3PK,Attorney General,,1,,Under Votes,45
Iron,3PK,State Auditor,,1,REP,Tina CANNON,729
Iron,3PK,State Auditor,,1,CON,Jeffery L. OSTLER,45
Iron,3PK,State Auditor,,1,DEM,Catherine VOUTAZ,98
Iron,3PK,State Auditor,,1,,Over Votes,0
Iron,3PK,State Auditor,,1,,Under Votes,56
Iron,3PK,State Treasurer,,1,UFP,Miles POMEROY,31
Iron,3PK,State Treasurer,,1,REP,Marlo M. OAKS,734
Iron,3PK,State Treasurer,,1,DEM,Neil A HANSEN,95
Iron,3PK,State Treasurer,,1,,Over Votes,0
Iron,3PK,State Treasurer,,1,,Under Votes,68
Iron,3PK,State House,70,1,REP,Carl R. ALBRECHT,765
Iron,3PK,State House,70,1,UUP,Zeno B. PARRY,80
Iron,3PK,State House,70,1,,Over Votes,0
Iron,3PK,State House,70,1,,Under Votes,83
Iron,3PK,County Commission,C,1,REP,Kenneth L. ROBINSON,755
Iron,3PK,County Commission,C,1,,Over Votes,0
Iron,3PK,County Commission,C,1,,Under Votes,173
Iron,3PK,County Assessor,,1,REP,Karsten M. REED,743
Iron,3PK,County Assessor,,1,,Over Votes,0
Iron,3PK,County Assessor,,1,,Under Votes,185
Iron,3PK,County Auditor,,1,REP,Lucas A. LITTLE,739
Iron,3PK,County Auditor,,1,,Over Votes,0
Iron,3PK,County Auditor,,1,,Under Votes,189
Iron,3PK,County Recorder/Surveyor,,1,REP,Carri R. JEFFRIES,745
Iron,3PK,County Recorder/Surveyor,,1,,Over Votes,0
Iron,3PK,County Recorder/Surveyor,,1,,Under Votes,183
Iron,3PK,County Treasurer,,1,REP,Nicole ROSENBERG,742
Iron,3PK,County Treasurer,,1,,Over Votes,0
Iron,3PK,County Treasurer,,1,,Under Votes,186
Iron,3PK,Iron School Board,1,1,,John R. TAYLOR,674
Iron,3PK,Iron School Board,1,1,,Over Votes,0
Iron,3PK,Iron School Board,1,1,,Under Votes,254
Iron,3PK,Retain Supreme Court Justice-Matthew B. DURRANT,,1,,Yes,643
Iron,3PK,Retain Supreme Court Justice-Matthew B. DURRANT,,1,,No,107
Iron,3PK,Retain Supreme Court Justice-Matthew B. DURRANT,,1,,Over Votes,0
Iron,3PK,Retain Supreme Court Justice-Matthew B. DURRANT,,1,,Under Votes,178
Iron,3PK,Retain Appeals Court Judge-Ryan D. TENNEY,,1,,Yes,638
Iron,3PK,Retain Appeals Court Judge-Ryan D. TENNEY,,1,,No,106
Iron,3PK,Retain Appeals Court Judge-Ryan D. TENNEY,,1,,Over Votes,0
Iron,3PK,Retain Appeals Court Judge-Ryan D. TENNEY,,1,,Under Votes,184
Iron,3PK,Retain 5th District Circuit Court Judge-Keith C. BARNES,,1,,Yes,638
Iron,3PK,Retain 5th District Circuit Court Judge-Keith C. BARNES,,1,,No,110
Iron,3PK,Retain 5th District Circuit Court Judge-Keith C. BARNES,,1,,Over Votes,0
Iron,3PK,Retain 5th District Circuit Court Judge-Keith C. BARNES,,1,,Under Votes,180
Iron,3PK,Retain 5th District Juvenile Circuit Court Judge-Michael FLEMMING LEAVITT,,1,,Yes,630
Iron,3PK,Retain 5th District Juvenile Circuit Court Judge-Michael FLEMMING LEAVITT,,1,,No,114
Iron,3PK,Retain 5th District Juvenile Circuit Court Judge-Michael FLEMMING LEAVITT,,1,,Over Votes,0
Iron,3PK,Retain 5th District Juvenile Circuit Court Judge-Michael FLEMMING LEAVITT,,1,,Under Votes,184
Iron,3PK,Constitutional Amendment A,,1,,For,470
Iron,3PK,Constitutional Amendment A,,1,,Against,324
Iron,3PK,Constitutional Amendment A,,1,,Over Votes,0
Iron,3PK,Constitutional Amendment A,,1,,Under Votes,134
Iron,3PK,Constitutional Amendment B,,1,,For,564
Iron,3PK,Constitutional Amendment B,,1,,Against,293
Iron,3PK,Constitutional Amendment B,,1,,Over Votes,0
Iron,3PK,Constitutional Amendment B,,1,,Under Votes,71
Iron,3PK,Constitutional Amendment C,,1,,For,773
Iron,3PK,Constitutional Amendment C,,1,,Against,89
Iron,3PK,Constitutional Amendment C,,1,,Over Votes,0
Iron,3PK,Constitutional Amendment C,,1,,Under Votes,66
Iron,3PK,Constitutional Amendment D,,1,,For,525
Iron,3PK,Constitutional Amendment D,,1,,Against,239
Iron,3PK,Constitutional Amendment D,,1,,Over Votes,0
Iron,3PK,Constitutional Amendment D,,1,,Under Votes,164
Iron,3PK,Iron County School Board Bond,,1,,For,350
Iron,3PK,Iron County School Board Bond,,1,,Against,504
Iron,3PK,Iron County School Board Bond,,1,,Over Votes,0
Iron,3PK,Iron County School Board Bond,,1,,Under Votes,74
Iron,BH,Registered Voters,,,,,121
Iron,BH,Ballots Cast,,,,,99
Iron,BH,President,,1,,Cornel Ronald WEST / Melina ABDULLAH,0
Iron,BH,President,,1,,"Lucifer ""JUSTIN CASE"" EVERYLOVE",0
Iron,BH,President,,1,CON,Joel SKOUSEN / Rik COMBS,0
Iron,BH,President,,1,GRN,Jill STEIN / Rudolph WARE,0
Iron,BH,President,,1,REP,Donald J. TRUMP/ JD VANCE,64
Iron,BH,President,,1,LBT,Chase OLIVER / Mike ter MAAT,3
Iron,BH,President,,1,DEM,Kamala D. HARRIS / Tim WALZ,29
Iron,BH,President,,1,,Claudia de la CRUZ / Karina Alexandra GARCIA,0
Iron,BH,President,,1,,Write-In,2
Iron,BH,President,,1,,Over Votes,0
Iron,BH,President,,1,,Under Votes,1
Iron,BH,U.S. Senate,,1,IAP,Carleton E. BOWEN,5
Iron,BH,U.S. Senate,,1,REP,John CURTIS,63
Iron,BH,U.S. Senate,,1,DEM,Caroline GLEICH,27
Iron,BH,U.S. Senate,,1,,Write-In,3
Iron,BH,U.S. Senate,,1,,Over Votes,0
Iron,BH,U.S. Senate,,1,,Under Votes,1
Iron,BH,U.S. House,2,1,DEM,Nathaniel E WOODWARD,24
Iron,BH,U.S. House,2,1,CON,Cassie EASLEY,8
Iron,BH,U.S. House,2,1,REP,Celeste MALOY,61
Iron,BH,U.S. House,2,1,,Tyler MURSET,1
Iron,BH,U.S. House,2,1,,Over Votes,0
Iron,BH,U.S. House,2,1,,Under Votes,5
Iron,BH,Governor,,1,REP,Spencer J. COX / Deidre M. HENDERSON,60
Iron,BH,Governor,,1,IAP,Tommy WILLIAMS / Archie A. WILLIAMS III,0
Iron,BH,Governor,,1,DEM,Brian SMITH KING / Rebekah CUMMINGS,22
Iron,BH,Governor,,1,LBT,J. Robert LATHAM / Barry Evan SHORT,6
Iron,BH,Governor,,1,,Tom TOMENY / William LANSING TAYLOR,0
Iron,BH,Governor,,1,,Write-In,11
Iron,BH,Governor,,1,,Over Votes,0
Iron,BH,Governor,,1,,Under Votes,0
Iron,BH,Attorney General,,1,REP,Derek BROWN,57
Iron,BH,Attorney General,,1,DEM,Rudy J BAUTISTA,24
Iron,BH,Attorney General,,1,LBT,W. Andrew McCULLOUGH,4
Iron,BH,Attorney General,,1,,Austin HEPWORTH,4
Iron,BH,Attorney General,,1,UUP,Michelle QUIST,6
Iron,BH,Attorney General,,1,,Over Votes,0
Iron,BH,Attorney General,,1,,Under Votes,4
Iron,BH,State Auditor,,1,REP,Tina CANNON,65
Iron,BH,State Auditor,,1,CON,Jeffery L. OSTLER,6
Iron,BH,State Auditor,,1,DEM,Catherine VOUTAZ,23
Iron,BH,State Auditor,,1,,Over Votes,0
Iron,BH,State Auditor,,1,,Under Votes,5
Iron,BH,State Treasurer,,1,UFP,Miles POMEROY,6
Iron,BH,State Treasurer,,1,REP,Marlo M. OAKS,63
Iron,BH,State Treasurer,,1,DEM,Neil A HANSEN,24
Iron,BH,State Treasurer,,1,,Over Votes,0
Iron,BH,State Treasurer,,1,,Under Votes,6
Iron,BH,State House,71,1,DEM,Steve MERRILL,25
Iron,BH,State House,71,1,REP,Rex P. SHIPP,66
Iron,BH,State House,71,1,,Over Votes,0
Iron,BH,State House,71,1,,Under Votes,8
Iron,BH,County Commission,C,1,REP,Kenneth L. ROBINSON,61
Iron,BH,County Commission,C,1,,Over Votes,0
Iron,BH,County Commission,C,1,,Under Votes,38
Iron,BH,County Assessor,,1,REP,Karsten M. REED,59
Iron,BH,County Assessor,,1,,Over Votes,0
Iron,BH,County Assessor,,1,,Under Votes,40
Iron,BH,County Auditor,,1,REP,Lucas A. LITTLE,59
Iron,BH,County Auditor,,1,,Over Votes,0
Iron,BH,County Auditor,,1,,Under Votes,40
Iron,BH,County Recorder/Surveyor,,1,REP,Carri R. JEFFRIES,59
Iron,BH,County Recorder/Surveyor,,1,,Over Votes,0
Iron,BH,County Recorder/Surveyor,,1,,Under Votes,40
Iron,BH,County Treasurer,,1,REP,Nicole ROSENBERG,63
Iron,BH,County Treasurer,,1,,Over Votes,0
Iron,BH,County Treasurer,,1,,Under Votes,36
Iron,BH,Iron School Board,2,1,,Ben A. JOHNSON,51
Iron,BH,Iron School Board,2,1,,Over Votes,0
Iron,BH,Iron School Board,2,1,,Under Votes,48
Iron,BH,Retain Supreme Court Justice-Matthew B. DURRANT,,1,,Yes,56
Iron,BH,Retain Supreme Court Justice-Matthew B. DURRANT,,1,,No,20
Iron,BH,Retain Supreme Court Justice-Matthew B. DURRANT,,1,,Over Votes,0
Iron,BH,Retain Supreme Court Justice-Matthew B. DURRANT,,1,,Under Votes,23
Iron,BH,Retain Appeals Court Judge-Ryan D. TENNEY,,1,,Yes,57
Iron,BH,Retain Appeals Court Judge-Ryan D. TENNEY,,1,,No,18
Iron,BH,Retain Appeals Court Judge-Ryan D. TENNEY,,1,,Over Votes,0
Iron,BH,Retain Appeals Court Judge-Ryan D. TENNEY,,1,,Under Votes,24
Iron,BH,Retain 5th District Circuit Court Judge-Keith C. BARNES,,1,,Yes,53
Iron,BH,Retain 5th District Circuit Court Judge-Keith C. BARNES,,1,,No,19
Iron,BH,Retain 5th District Circuit Court Judge-Keith C. BARNES,,1,,Over Votes,0
Iron,BH,Retain 5th District Circuit Court Judge-Keith C. BARNES,,1,,Under Votes,27
Iron,BH,Retain 5th District Juvenile Circuit Court Judge-Michael FLEMMING LEAVITT,,1,,Yes,57
Iron,BH,Retain 5th District Juvenile Circuit Court Judge-Michael FLEMMING LEAVITT,,1,,No,16
Iron,BH,Retain 5th District Juvenile Circuit Court Judge-Michael FLEMMING LEAVITT,,1,,Over Votes,0
Iron,BH,Retain 5th District Juvenile Circuit Court Judge-Michael FLEMMING LEAVITT,,1,,Under Votes,26
Iron,BH,Constitutional Amendment A,,1,,For,51
Iron,BH,Constitutional Amendment A,,1,,Against,34
Iron,BH,Constitutional Amendment A,,1,,Over Votes,0
Iron,BH,Constitutional Amendment A,,1,,Under Votes,14
Iron,BH,Constitutional Amendment B,,1,,For,49
Iron,BH,Constitutional Amendment B,,1,,Against,41
Iron,BH,Constitutional Amendment B,,1,,Over Votes,0
Iron,BH,Constitutional Amendment B,,1,,Under Votes,9
Iron,BH,Constitutional Amendment C,,1,,For,85
Iron,BH,Constitutional Amendment C,,1,,Against,7
Iron,BH,Constitutional Amendment C,,1,,Over Votes,0
Iron,BH,Constitutional Amendment C,,1,,Under Votes,7
Iron,BH,Constitutional Amendment D,,1,,For,62
Iron,BH,Constitutional Amendment D,,1,,Against,24
Iron,BH,Constitutional Amendment D,,1,,Over Votes,0
Iron,BH,Constitutional Amendment D,,1,,Under Votes,13
Iron,BH,Iron County School Board Bond,,1,,For,28
Iron,BH,Iron County School Board Bond,,1,,Against,54
Iron,BH,Iron County School Board Bond,,1,,Over Votes,0
Iron,BH,Iron County School Board Bond,,1,,Under Votes,17
Iron,BRYL,Registered Voters,,,,,745
Iron,BRYL,Ballots Cast,,,,,679
Iron,BRYL,President,,1,,Cornel Ronald WEST / Melina ABDULLAH,0
Iron,BRYL,President,,1,,"Lucifer ""JUSTIN CASE"" EVERYLOVE",0
Iron,BRYL,President,,1,CON,Joel SKOUSEN / Rik COMBS,4
Iron,BRYL,President,,1,GRN,Jill STEIN / Rudolph WARE,2
Iron,BRYL,President,,1,REP,Donald J. TRUMP/ JD VANCE,589
Iron,BRYL,President,,1,LBT,Chase OLIVER / Mike ter MAAT,5
Iron,BRYL,President,,1,DEM,Kamala D. HARRIS / Tim WALZ,76
Iron,BRYL,President,,1,,Claudia de la CRUZ / Karina Alexandra GARCIA,0
Iron,BRYL,President,,1,,Write-In,2
Iron,BRYL,President,,1,,Over Votes,0
Iron,BRYL,President,,1,,Under Votes,1
Iron,BRYL,U.S. Senate,,1,IAP,Carleton E. BOWEN,71
Iron,BRYL,U.S. Senate,,1,REP,John CURTIS,520
Iron,BRYL,U.S. Senate,,1,DEM,Caroline GLEICH,67
Iron,BRYL,U.S. Senate,,1,,Write-In,8
Iron,BRYL,U.S. Senate,,1,,Over Votes,0
Iron,BRYL,U.S. Senate,,1,,Under Votes,13
Iron,BRYL,U.S. House,2,1,DEM,Nathaniel E WOODWARD,61
Iron,BRYL,U.S. House,2,1,CON,Cassie EASLEY,81
Iron,BRYL,U.S. House,2,1,REP,Celeste MALOY,499
Iron,BRYL,U.S. House,2,1,,Tyler MURSET,16
Iron,BRYL,U.S. House,2,1,,Over Votes,0
Iron,BRYL,U.S. House,2,1,,Under Votes,22
Iron,BRYL,Governor,,1,REP,Spencer J. COX / Deidre M. HENDERSON,376
Iron,BRYL,Governor,,1,IAP,Tommy WILLIAMS / Archie A. WILLIAMS III,17
Iron,BRYL,Governor,,1,DEM,Brian SMITH KING / Rebekah CUMMINGS,53
Iron,BRYL,Governor,,1,LBT,J. Robert LATHAM / Barry Evan SHORT,43
Iron,BRYL,Governor,,1,,Tom TOMENY / William LANSING TAYLOR,3
Iron,BRYL,Governor,,1,,Write-In,174
Iron,BRYL,Governor,,1,,Over Votes,0
Iron,BRYL,Governor,,1,,Under Votes,13
Iron,BRYL,Attorney General,,1,REP,Derek BROWN,502
Iron,BRYL,Attorney General,,1,DEM,Rudy J BAUTISTA,61
Iron,BRYL,Attorney General,,1,LBT,W. Andrew McCULLOUGH,35
Iron,BRYL,Attorney General,,1,,Austin HEPWORTH,45
Iron,BRYL,Attorney General,,1,UUP,Michelle QUIST,18
Iron,BRYL,Attorney General,,1,,Over Votes,0
Iron,BRYL,Attorney General,,1,,Under Votes,18
Iron,BRYL,State Auditor,,1,REP,Tina CANNON,542
Iron,BRYL,State Auditor,,1,CON,Jeffery L. OSTLER,56
Iron,BRYL,State Auditor,,1,DEM,Catherine VOUTAZ,64
Iron,BRYL,State Auditor,,1,,Over Votes,0
Iron,BRYL,State Auditor,,1,,Under Votes,17
Iron,BRYL,State Treasurer,,1,UFP,Miles POMEROY,23
Iron,BRYL,State Treasurer,,1,REP,Marlo M. OAKS,568
Iron,BRYL,State Treasurer,,1,DEM,Neil A HANSEN,64
Iron,BRYL,State Treasurer,,1,,Over Votes,0
Iron,BRYL,State Treasurer,,1,,Under Votes,24
Iron,BRYL,State House,70,1,REP,Carl R. ALBRECHT,571
Iron,BRYL,State House,70,1,UUP,Zeno B. PARRY,54
Iron,BRYL,State House,70,1,,Over Votes,0
Iron,BRYL,State House,70,1,,Under Votes,54
Iron,BRYL,State School Board,15,1,REP,Joann BRINTON,557
Iron,BRYL,State School Board,15,1,,Over Votes,0
Iron,BRYL,State School Board,15,1,,Under Votes,122
Iron,BRYL,County Commission,C,1,REP,Kenneth L. ROBINSON,564
Iron,BRYL,County Commission,C,1,,Over Votes,0
Iron,BRYL,County Commission,C,1,,Under Votes,115
Iron,BRYL,County Assessor,,1,REP,Karsten M. REED,546
Iron,BRYL,County Assessor,,1,,Over Votes,0
Iron,BRYL,County Assessor,,1,,Under Votes,133
Iron,BRYL,County Auditor,,1,REP,Lucas A. LITTLE,548
Iron,BRYL,County Auditor,,1,,Over Votes,0
Iron,BRYL,County Auditor,,1,,Under Votes,131
Iron,BRYL,County Recorder/Surveyor,,1,REP,Carri R. JEFFRIES,544
Iron,BRYL,County Recorder/Surveyor,,1,,Over Votes,0
Iron,BRYL,County Recorder/Surveyor,,1,,Under Votes,135
Iron,BRYL,County Treasurer,,1,REP,Nicole ROSENBERG,541
Iron,BRYL,County Treasurer,,1,,Over Votes,0
Iron,BRYL,County Treasurer,,1,,Under Votes,138
Iron,BRYL,Iron School Board,1,1,,John R. TAYLOR,489
Iron,BRYL,Iron School Board,1,1,,Over Votes,0
Iron,BRYL,Iron School Board,1,1,,Under Votes,190
Iron,BRYL,Retain Supreme Court Justice-Matthew B. DURRANT,,1,,Yes,405
Iron,BRYL,Retain Supreme Court Justice-Matthew B. DURRANT,,1,,No,140
Iron,BRYL,Retain Supreme Court Justice-Matthew B. DURRANT,,1,,Over Votes,0
Iron,BRYL,Retain Supreme Court Justice-Matthew B. DURRANT,,1,,Under Votes,134
Iron,BRYL,Retain Appeals Court Judge-Ryan D. TENNEY,,1,,Yes,394
Iron,BRYL,Retain Appeals Court Judge-Ryan D. TENNEY,,1,,No,144
Iron,BRYL,Retain Appeals Court Judge-Ryan D. TENNEY,,1,,Over Votes,2
Iron,BRYL,Retain Appeals Court Judge-Ryan D. TENNEY,,1,,Under Votes,139
Iron,BRYL,Retain 5th District Circuit Court Judge-Keith C. BARNES,,1,,Yes,409
Iron,BRYL,Retain 5th District Circuit Court Judge-Keith C. BARNES,,1,,No,136
Iron,BRYL,Retain 5th District Circuit Court Judge-Keith C. BARNES,,1,,Over Votes,0
Iron,BRYL,Retain 5th District Circuit Court Judge-Keith C. BARNES,,1,,Under Votes,134
Iron,BRYL,Retain 5th District Juvenile Circuit Court Judge-Michael FLEMMING LEAVITT,,1,,Yes,410
Iron,BRYL,Retain 5th District Juvenile Circuit Court Judge-Michael FLEMMING LEAVITT,,1,,No,132
Iron,BRYL,Retain 5th District Juvenile Circuit Court Judge-Michael FLEMMING LEAVITT,,1,,Over Votes,0
Iron,BRYL,Retain 5th District Juvenile Circuit Court Judge-Michael FLEMMING LEAVITT,,1,,Under Votes,137
Iron,BRYL,Constitutional Amendment A,,1,,For,329
Iron,BRYL,Constitutional Amendment A,,1,,Against,272
Iron,BRYL,Constitutional Amendment A,,1,,Over Votes,0
Iron,BRYL,Constitutional Amendment A,,1,,Under Votes,78
Iron,BRYL,Constitutional Amendment B,,1,,For,315
Iron,BRYL,Constitutional Amendment B,,1,,Against,309
Iron,BRYL,Constitutional Amendment B,,1,,Over Votes,0
Iron,BRYL,Constitutional Amendment B,,1,,Under Votes,55
Iron,BRYL,Constitutional Amendment C,,1,,For,538
Iron,BRYL,Constitutional Amendment C,,1,,Against,97
Iron,BRYL,Constitutional Amendment C,,1,,Over Votes,0
Iron,BRYL,Constitutional Amendment C,,1,,Under Votes,44
Iron,BRYL,Constitutional Amendment D,,1,,For,375
Iron,BRYL,Constitutional Amendment D,,1,,Against,195
Iron,BRYL,Constitutional Amendment D,,1,,Over Votes,0
Iron,BRYL,Constitutional Amendment D,,1,,Under Votes,109
Iron,BRYL,Iron County School Board Bond,,1,,For,162
Iron,BRYL,Iron County School Board Bond,,1,,Against,453
Iron,BRYL,Iron County School Board Bond,,1,,Over Votes,0
Iron,BRYL,Iron County School Board Bond,,1,,Under Votes,64
Iron,CC 1,Registered Voters,,,,,465
Iron,CC 1,Ballots Cast,,,,,406
Iron,CC 1,President,,1,,Cornel Ronald WEST / Melina ABDULLAH,0
Iron,CC 1,President,,1,,"Lucifer ""JUSTIN CASE"" EVERYLOVE",0
Iron,CC 1,President,,1,CON,Joel SKOUSEN / Rik COMBS,1
Iron,CC 1,President,,1,GRN,Jill STEIN / Rudolph WARE,1
Iron,CC 1,President,,1,REP,Donald J. TRUMP/ JD VANCE,286
Iron,CC 1,President,,1,LBT,Chase OLIVER / Mike ter MAAT,2
Iron,CC 1,President,,1,DEM,Kamala D. HARRIS / Tim WALZ,106
Iron,CC 1,President,,1,,Claudia de la CRUZ / Karina Alexandra GARCIA,2
Iron,CC 1,President,,1,,Write-In,2
Iron,CC 1,President,,1,,Over Votes,0
Iron,CC 1,President,,1,,Under Votes,6
Iron,CC 1,U.S. Senate,,1,IAP,Carleton E. BOWEN,19
Iron,CC 1,U.S. Senate,,1,REP,John CURTIS,277
Iron,CC 1,U.S. Senate,,1,DEM,Caroline GLEICH,89
Iron,CC 1,U.S. Senate,,1,,Write-In,0
Iron,CC 1,U.S. Senate,,1,,Over Votes,0
Iron,CC 1,U.S. Senate,,1,,Under Votes,21
Iron,CC 1,U.S. House,2,1,DEM,Nathaniel E WOODWARD,83
Iron,CC 1,U.S. House,2,1,CON,Cassie EASLEY,27
Iron,CC 1,U.S. House,2,1,REP,Celeste MALOY,272
Iron,CC 1,U.S. House,2,1,,Tyler MURSET,4
Iron,CC 1,U.S. House,2,1,,Over Votes,0
Iron,CC 1,U.S. House,2,1,,Under Votes,20
Iron,CC 1,Governor,,1,REP,Spencer J. COX / Deidre M. HENDERSON,220
Iron,CC 1,Governor,,1,IAP,Tommy WILLIAMS / Archie A. WILLIAMS III,7
Iron,CC 1,Governor,,1,DEM,Brian SMITH KING / Rebekah CUMMINGS,76
Iron,CC 1,Governor,,1,LBT,J. Robert LATHAM / Barry Evan SHORT,18
Iron,CC 1,Governor,,1,,Tom TOMENY / William LANSING TAYLOR,1
Iron,CC 1,Governor,,1,,Write-In,67
Iron,CC 1,Governor,,1,,Over Votes,0
Iron,CC 1,Governor,,1,,Under Votes,17
Iron,CC 1,Attorney General,,1,REP,Derek BROWN,262
Iron,CC 1,Attorney General,,1,DEM,Rudy J BAUTISTA,75
Iron,CC 1,Attorney General,,1,LBT,W. Andrew McCULLOUGH,13
Iron,CC 1,Attorney General,,1,,Austin HEPWORTH,13
Iron,CC 1,Attorney General,,1,UUP,Michelle QUIST,15
Iron,CC 1,Attorney General,,1,,Over Votes,0
Iron,CC 1,Attorney General,,1,,Under Votes,28
Iron,CC 1,State Auditor,,1,REP,Tina CANNON,272
Iron,CC 1,State Auditor,,1,CON,Jeffery L. OSTLER,15
Iron,CC 1,State Auditor,,1,DEM,Catherine VOUTAZ,84
Iron,CC 1,State Auditor,,1,,Over Votes,0
Iron,CC 1,State Auditor,,1,,Under Votes,35
Iron,CC 1,State Treasurer,,1,UFP,Miles POMEROY,3
Iron,CC 1,State Treasurer,,1,REP,Marlo M. OAKS,291
Iron,CC 1,State Treasurer,,1,DEM,Neil A HANSEN,79
Iron,CC 1,State Treasurer,,1,,Over Votes,0
Iron,CC 1,State Treasurer,,1,,Under Votes,33
Iron,CC 1,State House,71,1,DEM,Steve MERRILL,98
Iron,CC 1,State House,71,1,REP,Rex P. SHIPP,272
Iron,CC 1,State House,71,1,,Over Votes,0
Iron,CC 1,State House,71,1,,Under Votes,36
Iron,CC 1,County Commission,C,1,REP,Kenneth L. ROBINSON,303
Iron,CC 1,County Commission,C,1,,Over Votes,0
Iron,CC 1,County Commission,C,1,,Under Votes,103
Iron,CC 1,County Assessor,,1,REP,Karsten M. REED,295
Iron,CC 1,County Assessor,,1,,Over Votes,0
Iron,CC 1,County Assessor,,1,,Under Votes,111
Iron,CC 1,County Auditor,,1,REP,Lucas A. LITTLE,291
Iron,CC 1,County Auditor,,1,,Over Votes,0
Iron,CC 1,County Auditor,,1,,Under Votes,115
Iron,CC 1,County Recorder/Surveyor,,1,REP,Carri R. JEFFRIES,288
Iron,CC 1,County Recorder/Surveyor,,1,,Over Votes,0
Iron,CC 1,County Recorder/Surveyor,,1,,Under Votes,118
Iron,CC 1,County Treasurer,,1,REP,Nicole ROSENBERG,289
Iron,CC 1,County Treasurer,,1,,Over Votes,0
Iron,CC 1,County Treasurer,,1,,Under Votes,117
Iron,CC 1,Retain Supreme Court Justice-Matthew B. DURRANT,,1,,Yes,251
Iron,CC 1,Retain Supreme Court Justice-Matthew B. DURRANT,,1,,No,66
Iron,CC 1,Retain Supreme Court Justice-Matthew B. DURRANT,,1,,Over Votes,0
Iron,CC 1,Retain Supreme Court Justice-Matthew B. DURRANT,,1,,Under Votes,89
Iron,CC 1,Retain Appeals Court Judge-Ryan D. TENNEY,,1,,Yes,249
Iron,CC 1,Retain Appeals Court Judge-Ryan D. TENNEY,,1,,No,66
Iron,CC 1,Retain Appeals Court Judge-Ryan D. TENNEY,,1,,Over Votes,0
Iron,CC 1,Retain Appeals Court Judge-Ryan D. TENNEY,,1,,Under Votes,91
Iron,CC 1,Retain 5th District Circuit Court Judge-Keith C. BARNES,,1,,Yes,261
Iron,CC 1,Retain 5th District Circuit Court Judge-Keith C. BARNES,,1,,No,62
Iron,CC 1,Retain 5th District Circuit Court Judge-Keith C. BARNES,,1,,Over Votes,0
Iron,CC 1,Retain 5th District Circuit Court Judge-Keith C. BARNES,,1,,Under Votes,83
Iron,CC 1,Retain 5th District Juvenile Circuit Court Judge-Michael FLEMMING LEAVITT,,1,,Yes,261
Iron,CC 1,Retain 5th District Juvenile Circuit Court Judge-Michael FLEMMING LEAVITT,,1,,No,61
Iron,CC 1,Retain 5th District Juvenile Circuit Court Judge-Michael FLEMMING LEAVITT,,1,,Over Votes,0
Iron,CC 1,Retain 5th District Juvenile Circuit Court Judge-Michael FLEMMING LEAVITT,,1,,Under Votes,84
Iron,CC 1,Constitutional Amendment A,,1,,For,232
Iron,CC 1,Constitutional Amendment A,,1,,Against,127
Iron,CC 1,Constitutional Amendment A,,1,,Over Votes,0
Iron,CC 1,Constitutional Amendment A,,1,,Under Votes,47
Iron,CC 1,Constitutional Amendment B,,1,,For,266
Iron,CC 1,Constitutional Amendment B,,1,,Against,109
Iron,CC 1,Constitutional Amendment B,,1,,Over Votes,0
Iron,CC 1,Constitutional Amendment B,,1,,Under Votes,31
Iron,CC 1,Constitutional Amendment C,,1,,For,325
Iron,CC 1,Constitutional Amendment C,,1,,Against,47
Iron,CC 1,Constitutional Amendment C,,1,,Over Votes,0
Iron,CC 1,Constitutional Amendment C,,1,,Under Votes,34
Iron,CC 1,Constitutional Amendment D,,1,,For,228
Iron,CC 1,Constitutional Amendment D,,1,,Against,114
Iron,CC 1,Constitutional Amendment D,,1,,Over Votes,0
Iron,CC 1,Constitutional Amendment D,,1,,Under Votes,64
Iron,CC 1,Iron County School Board Bond,,1,,For,193
Iron,CC 1,Iron County School Board Bond,,1,,Against,179
Iron,CC 1,Iron County School Board Bond,,1,,Over Votes,0
Iron,CC 1,Iron County School Board Bond,,1,,Under Votes,34
Iron,CC 2,Registered Voters,,,,,543
Iron,CC 2,Ballots Cast,,,,,497
Iron,CC 2,President,,1,,Cornel Ronald WEST / Melina ABDULLAH,0
Iron,CC 2,President,,1,,"Lucifer ""JUSTIN CASE"" EVERYLOVE",0
Iron,CC 2,President,,1,CON,Joel SKOUSEN / Rik COMBS,1
Iron,CC 2,President,,1,GRN,Jill STEIN / Rudolph WARE,1
Iron,CC 2,President,,1,REP,Donald J. TRUMP/ JD VANCE,369
Iron,CC 2,President,,1,LBT,Chase OLIVER / Mike ter MAAT,3
Iron,CC 2,President,,1,DEM,Kamala D. HARRIS / Tim WALZ,106
Iron,CC 2,President,,1,,Claudia de la CRUZ / Karina Alexandra GARCIA,1
Iron,CC 2,President,,1,,Write-In,8
Iron,CC 2,President,,1,,Over Votes,0
Iron,CC 2,President,,1,,Under Votes,8
Iron,CC 2,U.S. Senate,,1,IAP,Carleton E. BOWEN,35
Iron,CC 2,U.S. Senate,,1,REP,John CURTIS,365
Iron,CC 2,U.S. Senate,,1,DEM,Caroline GLEICH,78
Iron,CC 2,U.S. Senate,,1,,Write-In,7
Iron,CC 2,U.S. Senate,,1,,Over Votes,0
Iron,CC 2,U.S. Senate,,1,,Under Votes,12
Iron,CC 2,U.S. House,2,1,DEM,Nathaniel E WOODWARD,82
Iron,CC 2,U.S. House,2,1,CON,Cassie EASLEY,13
Iron,CC 2,U.S. House,2,1,REP,Celeste MALOY,373
Iron,CC 2,U.S. House,2,1,,Tyler MURSET,12
Iron,CC 2,U.S. House,2,1,,Over Votes,0
Iron,CC 2,U.S. House,2,1,,Under Votes,17
Iron,CC 2,Governor,,1,REP,Spencer J. COX / Deidre M. HENDERSON,320
Iron,CC 2,Governor,,1,IAP,Tommy WILLIAMS / Archie A. WILLIAMS III,6
Iron,CC 2,Governor,,1,DEM,Brian SMITH KING / Rebekah CUMMINGS,48
Iron,CC 2,Governor,,1,LBT,J. Robert LATHAM / Barry Evan SHORT,14
Iron,CC 2,Governor,,1,,Tom TOMENY / William LANSING TAYLOR,1
Iron,CC 2,Governor,,1,,Write-In,92
Iron,CC 2,Governor,,1,,Over Votes,0
Iron,CC 2,Governor,,1,,Under Votes,16
Iron,CC 2,Attorney General,,1,REP,Derek BROWN,381
Iron,CC 2,Attorney General,,1,DEM,Rudy J BAUTISTA,56
Iron,CC 2,Attorney General,,1,LBT,W. Andrew McCULLOUGH,13
Iron,CC 2,Attorney General,,1,,Austin HEPWORTH,5
Iron,CC 2,Attorney General,,1,UUP,Michelle QUIST,17
Iron,CC 2,Attorney General,,1,,Over Votes,0
Iron,CC 2,Attorney General,,1,,Under Votes,25
Iron,CC 2,State Auditor,,1,REP,Tina CANNON,382
Iron,CC 2,State Auditor,,1,CON,Jeffery L. OSTLER,21
Iron,CC 2,State Auditor,,1,DEM,Catherine VOUTAZ,62
Iron,CC 2,State Auditor,,1,,Over Votes,0
Iron,CC 2,State Auditor,,1,,Under Votes,32
Iron,CC 2,State Treasurer,,1,UFP,Miles POMEROY,10
Iron,CC 2,State Treasurer,,1,REP,Marlo M. OAKS,384
Iron,CC 2,State Treasurer,,1,DEM,Neil A HANSEN,67
Iron,CC 2,State Treasurer,,1,,Over Votes,0
Iron,CC 2,State Treasurer,,1,,Under Votes,36
Iron,CC 2,State House,71,1,DEM,Steve MERRILL,93
Iron,CC 2,State House,71,1,REP,Rex P. SHIPP,375
Iron,CC 2,State House,71,1,,Over Votes,0
Iron,CC 2,State House,71,1,,Under Votes,29
Iron,CC 2,County Commission,C,1,REP,Kenneth L. ROBINSON,392
Iron,CC 2,County Commission,C,1,,Over Votes,0
Iron,CC 2,County Commission,C,1,,Under Votes,105
Iron,CC 2,County Assessor,,1,REP,Karsten M. REED,374
Iron,CC 2,County Assessor,,1,,Over Votes,0
Iron,CC 2,County Assessor,,1,,Under Votes,123
Iron,CC 2,County Auditor,,1,REP,Lucas A. LITTLE,380
Iron,CC 2,County Auditor,,1,,Over Votes,0
Iron,CC 2,County Auditor,,1,,Under Votes,117
Iron,CC 2,County Recorder/Surveyor,,1,REP,Carri R. JEFFRIES,386
Iron,CC 2,County Recorder/Surveyor,,1,,Over Votes,0
Iron,CC 2,County Recorder/Surveyor,,1,,Under Votes,111
Iron,CC 2,County Treasurer,,1,REP,Nicole ROSENBERG,381
Iron,CC 2,County Treasurer,,1,,Over Votes,0
Iron,CC 2,County Treasurer,,1,,Under Votes,116
Iron,CC 2,Retain Supreme Court Justice-Matthew B. DURRANT,,1,,Yes,353
Iron,CC 2,Retain Supreme Court Justice-Matthew B. DURRANT,,1,,No,52
Iron,CC 2,Retain Supreme Court Justice-Matthew B. DURRANT,,1,,Over Votes,0
Iron,CC 2,Retain Supreme Court Justice-Matthew B. DURRANT,,1,,Under Votes,92
Iron,CC 2,Retain Appeals Court Judge-Ryan D. TENNEY,,1,,Yes,353
Iron,CC 2,Retain Appeals Court Judge-Ryan D. TENNEY,,1,,No,54
Iron,CC 2,Retain Appeals Court Judge-Ryan D. TENNEY,,1,,Over Votes,0
Iron,CC 2,Retain Appeals Court Judge-Ryan D. TENNEY,,1,,Under Votes,90
Iron,CC 2,Retain 5th District Circuit Court Judge-Keith C. BARNES,,1,,Yes,364
Iron,CC 2,Retain 5th District Circuit Court Judge-Keith C. BARNES,,1,,No,56
Iron,CC 2,Retain 5th District Circuit Court Judge-Keith C. BARNES,,1,,Over Votes,1
Iron,CC 2,Retain 5th District Circuit Court Judge-Keith C. BARNES,,1,,Under Votes,76
Iron,CC 2,Retain 5th District Juvenile Circuit Court Judge-Michael FLEMMING LEAVITT,,1,,Yes,356
Iron,CC 2,Retain 5th District Juvenile Circuit Court Judge-Michael FLEMMING LEAVITT,,1,,No,52
Iron,CC 2,Retain 5th District Juvenile Circuit Court Judge-Michael FLEMMING LEAVITT,,1,,Over Votes,0
Iron,CC 2,Retain 5th District Juvenile Circuit Court Judge-Michael FLEMMING LEAVITT,,1,,Under Votes,89
Iron,CC 2,Constitutional Amendment A,,1,,For,254
Iron,CC 2,Constitutional Amendment A,,1,,Against,159
Iron,CC 2,Constitutional Amendment A,,1,,Over Votes,2
Iron,CC 2,Constitutional Amendment A,,1,,Under Votes,82
Iron,CC 2,Constitutional Amendment B,,1,,For,323
Iron,CC 2,Constitutional Amendment B,,1,,Against,131
Iron,CC 2,Constitutional Amendment B,,1,,Over Votes,0
Iron,CC 2,Constitutional Amendment B,,1,,Under Votes,43
Iron,CC 2,Constitutional Amendment C,,1,,For,391
Iron,CC 2,Constitutional Amendment C,,1,,Against,70
Iron,CC 2,Constitutional Amendment C,,1,,Over Votes,0
Iron,CC 2,Constitutional Amendment C,,1,,Under Votes,36
Iron,CC 2,Constitutional Amendment D,,1,,For,266
Iron,CC 2,Constitutional Amendment D,,1,,Against,118
Iron,CC 2,Constitutional Amendment D,,1,,Over Votes,0
Iron,CC 2,Constitutional Amendment D,,1,,Under Votes,113
Iron,CC 2,Iron County School Board Bond,,1,,For,246
Iron,CC 2,Iron County School Board Bond,,1,,Against,212
Iron,CC 2,Iron County School Board Bond,,1,,Over Votes,0
Iron,CC 2,Iron County School Board Bond,,1,,Under Votes,39
Iron,CC 3,Registered Voters,,,,,723
Iron,CC 3,Ballots Cast,,,,,648
Iron,CC 3,President,,1,,Cornel Ronald WEST / Melina ABDULLAH,2
Iron,CC 3,President,,1,,"Lucifer ""JUSTIN CASE"" EVERYLOVE",2
Iron,CC 3,President,,1,CON,Joel SKOUSEN / Rik COMBS,2
Iron,CC 3,President,,1,GRN,Jill STEIN / Rudolph WARE,4
Iron,CC 3,President,,1,REP,Donald J. TRUMP/ JD VANCE,424
Iron,CC 3,President,,1,LBT,Chase OLIVER / Mike ter MAAT,5
Iron,CC 3,President,,1,DEM,Kamala D. HARRIS / Tim WALZ,197
Iron,CC 3,President,,1,,Claudia de la CRUZ / Karina Alexandra GARCIA,0
Iron,CC 3,President,,1,,Write-In,2
Iron,CC 3,President,,1,,Over Votes,0
Iron,CC 3,President,,1,,Under Votes,10
Iron,CC 3,U.S. Senate,,1,IAP,Carleton E. BOWEN,39
Iron,CC 3,U.S. Senate,,1,REP,John CURTIS,408
Iron,CC 3,U.S. Senate,,1,DEM,Caroline GLEICH,181
Iron,CC 3,U.S. Senate,,1,,Write-In,0
Iron,CC 3,U.S. Senate,,1,,Over Votes,0
Iron,CC 3,U.S. Senate,,1,,Under Votes,20
Iron,CC 3,U.S. House,2,1,DEM,Nathaniel E WOODWARD,173
Iron,CC 3,U.S. House,2,1,CON,Cassie EASLEY,32
Iron,CC 3,U.S. House,2,1,REP,Celeste MALOY,403
Iron,CC 3,U.S. House,2,1,,Tyler MURSET,15
Iron,CC 3,U.S. House,2,1,,Over Votes,1
Iron,CC 3,U.S. House,2,1,,Under Votes,24
Iron,CC 3,Governor,,1,REP,Spencer J. COX / Deidre M. HENDERSON,329
Iron,CC 3,Governor,,1,IAP,Tommy WILLIAMS / Archie A. WILLIAMS III,9
Iron,CC 3,Governor,,1,DEM,Brian SMITH KING / Rebekah CUMMINGS,151
Iron,CC 3,Governor,,1,LBT,J. Robert LATHAM / Barry Evan SHORT,22
Iron,CC 3,Governor,,1,,Tom TOMENY / William LANSING TAYLOR,4
Iron,CC 3,Governor,,1,,Write-In,113
Iron,CC 3,Governor,,1,,Over Votes,0
Iron,CC 3,Governor,,1,,Under Votes,20
Iron,CC 3,Attorney General,,1,REP,Derek BROWN,393
Iron,CC 3,Attorney General,,1,DEM,Rudy J BAUTISTA,154
Iron,CC 3,Attorney General,,1,LBT,W. Andrew McCULLOUGH,21
Iron,CC 3,Attorney General,,1,,Austin HEPWORTH,21
Iron,CC 3,Attorney General,,1,UUP,Michelle QUIST,31
Iron,CC 3,Attorney General,,1,,Over Votes,0
Iron,CC 3,Attorney General,,1,,Under Votes,28
Iron,CC 3,State Auditor,,1,REP,Tina CANNON,409
Iron,CC 3,State Auditor,,1,CON,Jeffery L. OSTLER,35
Iron,CC 3,State Auditor,,1,DEM,Catherine VOUTAZ,169
Iron,CC 3,State Auditor,,1,,Over Votes,0
Iron,CC 3,State Auditor,,1,,Under Votes,35
Iron,CC 3,State Treasurer,,1,UFP,Miles POMEROY,24
Iron,CC 3,State Treasurer,,1,REP,Marlo M. OAKS,429
Iron,CC 3,State Treasurer,,1,DEM,Neil A HANSEN,156
Iron,CC 3,State Treasurer,,1,,Over Votes,0
Iron,CC 3,State Treasurer,,1,,Under Votes,39
Iron,CC 3,State House,71,1,DEM,Steve MERRILL,185
Iron,CC 3,State House,71,1,REP,Rex P. SHIPP,433
Iron,CC 3,State House,71,1,,Over Votes,0
Iron,CC 3,State House,71,1,,Under Votes,30
Iron,CC 3,County Commission,C,1,REP,Kenneth L. ROBINSON,471
Iron,CC 3,County Commission,C,1,,Over Votes,0
Iron,CC 3,County Commission,C,1,,Under Votes,177
Iron,CC 3,County Assessor,,1,REP,Karsten M. REED,473
Iron,CC 3,County Assessor,,1,,Over Votes,0
Iron,CC 3,County Assessor,,1,,Under Votes,175
Iron,CC 3,County Auditor,,1,REP,Lucas A. LITTLE,459
Iron,CC 3,County Auditor,,1,,Over Votes,0
Iron,CC 3,County Auditor,,1,,Under Votes,189
Iron,CC 3,County Recorder/Surveyor,,1,REP,Carri R. JEFFRIES,458
Iron,CC 3,County Recorder/Surveyor,,1,,Over Votes,0
Iron,CC 3,County Recorder/Surveyor,,1,,Under Votes,190
Iron,CC 3,County Treasurer,,1,REP,Nicole ROSENBERG,462
Iron,CC 3,County Treasurer,,1,,Over Votes,0
Iron,CC 3,County Treasurer,,1,,Under Votes,186
Iron,CC 3,Iron School Board,3,1,,Tyrel W. EDDY,303
Iron,CC 3,Iron School Board,3,1,,Over Votes,0
Iron,CC 3,Iron School Board,3,1,,Under Votes,157
Iron,CC 3,Retain Supreme Court Justice-Matthew B. DURRANT,,1,,Yes,373
Iron,CC 3,Retain Supreme Court Justice-Matthew B. DURRANT,,1,,No,139
Iron,CC 3,Retain Supreme Court Justice-Matthew B. DURRANT,,1,,Over Votes,1
Iron,CC 3,Retain Supreme Court Justice-Matthew B. DURRANT,,1,,Under Votes,135
Iron,CC 3,Retain Appeals Court Judge-Ryan D. TENNEY,,1,,Yes,375
Iron,CC 3,Retain Appeals Court Judge-Ryan D. TENNEY,,1,,No,128
Iron,CC 3,Retain Appeals Court Judge-Ryan D. TENNEY,,1,,Over Votes,0
Iron,CC 3,Retain Appeals Court Judge-Ryan D. TENNEY,,1,,Under Votes,145
Iron,CC 3,Retain 5th District Circuit Court Judge-Keith C. BARNES,,1,,Yes,402
Iron,CC 3,Retain 5th District Circuit Court Judge-Keith C. BARNES,,1,,No,117
Iron,CC 3,Retain 5th District Circuit Court Judge-Keith C. BARNES,,1,,Over Votes,0
Iron,CC 3,Retain 5th District Circuit Court Judge-Keith C. BARNES,,1,,Under Votes,129
Iron,CC 3,Retain 5th District Juvenile Circuit Court Judge-Michael FLEMMING LEAVITT,,1,,Yes,392
Iron,CC 3,Retain 5th District Juvenile Circuit Court Judge-Michael FLEMMING LEAVITT,,1,,No,120
Iron,CC 3,Retain 5th District Juvenile Circuit Court Judge-Michael FLEMMING LEAVITT,,1,,Over Votes,0
Iron,CC 3,Retain 5th District Juvenile Circuit Court Judge-Michael FLEMMING LEAVITT,,1,,Under Votes,136
Iron,CC 3,Constitutional Amendment A,,1,,For,328
Iron,CC 3,Constitutional Amendment A,,1,,Against,237
Iron,CC 3,Constitutional Amendment A,,1,,Over Votes,0
Iron,CC 3,Constitutional Amendment A,,1,,Under Votes,83
Iron,CC 3,Constitutional Amendment B,,1,,For,422
Iron,CC 3,Constitutional Amendment B,,1,,Against,184
Iron,CC 3,Constitutional Amendment B,,1,,Over Votes,0
Iron,CC 3,Constitutional Amendment B,,1,,Under Votes,42
Iron,CC 3,Constitutional Amendment C,,1,,For,516
Iron,CC 3,Constitutional Amendment C,,1,,Against,87
Iron,CC 3,Constitutional Amendment C,,1,,Over Votes,1
Iron,CC 3,Constitutional Amendment C,,1,,Under Votes,44
Iron,CC 3,Constitutional Amendment D,,1,,For,331
Iron,CC 3,Constitutional Amendment D,,1,,Against,203
Iron,CC 3,Constitutional Amendment D,,1,,Over Votes,0
Iron,CC 3,Constitutional Amendment D,,1,,Under Votes,114
Iron,CC 3,Iron County School Board Bond,,1,,For,285
Iron,CC 3,Iron County School Board Bond,,1,,Against,301
Iron,CC 3,Iron County School Board Bond,,1,,Over Votes,0
Iron,CC 3,Iron County School Board Bond,,1,,Under Votes,62
Iron,CC 4,Registered Voters,,,,,562
Iron,CC 4,Ballots Cast,,,,,452
Iron,CC 4,President,,1,,Cornel Ronald WEST / Melina ABDULLAH,1
Iron,CC 4,President,,1,,"Lucifer ""JUSTIN CASE"" EVERYLOVE",0
Iron,CC 4,President,,1,CON,Joel SKOUSEN / Rik COMBS,0
Iron,CC 4,President,,1,GRN,Jill STEIN / Rudolph WARE,0
Iron,CC 4,President,,1,REP,Donald J. TRUMP/ JD VANCE,317
Iron,CC 4,President,,1,LBT,Chase OLIVER / Mike ter MAAT,3
Iron,CC 4,President,,1,DEM,Kamala D. HARRIS / Tim WALZ,126
Iron,CC 4,President,,1,,Claudia de la CRUZ / Karina Alexandra GARCIA,0
Iron,CC 4,President,,1,,Write-In,4
Iron,CC 4,President,,1,,Over Votes,0
Iron,CC 4,President,,1,,Under Votes,1
Iron,CC 4,U.S. Senate,,1,IAP,Carleton E. BOWEN,38
Iron,CC 4,U.S. Senate,,1,REP,John CURTIS,293
Iron,CC 4,U.S. Senate,,1,DEM,Caroline GLEICH,98
Iron,CC 4,U.S. Senate,,1,,Write-In,0
Iron,CC 4,U.S. Senate,,1,,Over Votes,0
Iron,CC 4,U.S. Senate,,1,,Under Votes,23
Iron,CC 4,U.S. House,2,1,DEM,Nathaniel E WOODWARD,98
Iron,CC 4,U.S. House,2,1,CON,Cassie EASLEY,26
Iron,CC 4,U.S. House,2,1,REP,Celeste MALOY,287
Iron,CC 4,U.S. House,2,1,,Tyler MURSET,7
Iron,CC 4,U.S. House,2,1,,Over Votes,0
Iron,CC 4,U.S. House,2,1,,Under Votes,34
Iron,CC 4,Governor,,1,REP,Spencer J. COX / Deidre M. HENDERSON,255
Iron,CC 4,Governor,,1,IAP,Tommy WILLIAMS / Archie A. WILLIAMS III,11
Iron,CC 4,Governor,,1,DEM,Brian SMITH KING / Rebekah CUMMINGS,90
Iron,CC 4,Governor,,1,LBT,J. Robert LATHAM / Barry Evan SHORT,14
Iron,CC 4,Governor,,1,,Tom TOMENY / William LANSING TAYLOR,1
Iron,CC 4,Governor,,1,,Write-In,51
Iron,CC 4,Governor,,1,,Over Votes,0
Iron,CC 4,Governor,,1,,Under Votes,30
Iron,CC 4,Attorney General,,1,REP,Derek BROWN,276
Iron,CC 4,Attorney General,,1,DEM,Rudy J BAUTISTA,95
Iron,CC 4,Attorney General,,1,LBT,W. Andrew McCULLOUGH,24
Iron,CC 4,Attorney General,,1,,Austin HEPWORTH,6
Iron,CC 4,Attorney General,,1,UUP,Michelle QUIST,19
Iron,CC 4,Attorney General,,1,,Over Votes,0
Iron,CC 4,Attorney General,,1,,Under Votes,32
Iron,CC 4,State Auditor,,1,REP,Tina CANNON,305
Iron,CC 4,State Auditor,,1,CON,Jeffery L. OSTLER,16
Iron,CC 4,State Auditor,,1,DEM,Catherine VOUTAZ,90
Iron,CC 4,State Auditor,,1,,Over Votes,0
Iron,CC 4,State Auditor,,1,,Under Votes,41
Iron,CC 4,State Treasurer,,1,UFP,Miles POMEROY,16
Iron,CC 4,State Treasurer,,1,REP,Marlo M. OAKS,297
Iron,CC 4,State Treasurer,,1,DEM,Neil A HANSEN,94
Iron,CC 4,State Treasurer,,1,,Over Votes,0
Iron,CC 4,State Treasurer,,1,,Under Votes,45
Iron,CC 4,State House,71,1,DEM,Steve MERRILL,107
Iron,CC 4,State House,71,1,REP,Rex P. SHIPP,304
Iron,CC 4,State House,71,1,,Over Votes,0
Iron,CC 4,State House,71,1,,Under Votes,41
Iron,CC 4,County Commission,C,1,REP,Kenneth L. ROBINSON,340
Iron,CC 4,County Commission,C,1,,Over Votes,0
Iron,CC 4,County Commission,C,1,,Under Votes,112
Iron,CC 4,County Assessor,,1,REP,Karsten M. REED,334
Iron,CC 4,County Assessor,,1,,Over Votes,0
Iron,CC 4,County Assessor,,1,,Under Votes,118
Iron,CC 4,County Auditor,,1,REP,Lucas A. LITTLE,333
Iron,CC 4,County Auditor,,1,,Over Votes,0
Iron,CC 4,County Auditor,,1,,Under Votes,119
Iron,CC 4,County Recorder/Surveyor,,1,REP,Carri R. JEFFRIES,336
Iron,CC 4,County Recorder/Surveyor,,1,,Over Votes,0
Iron,CC 4,County Recorder/Surveyor,,1,,Under Votes,116
Iron,CC 4,County Treasurer,,1,REP,Nicole ROSENBERG,336
Iron,CC 4,County Treasurer,,1,,Over Votes,0
Iron,CC 4,County Treasurer,,1,,Under Votes,116
Iron,CC 4,Iron School Board,3,1,,Tyrel W. EDDY,217
Iron,CC 4,Iron School Board,3,1,,Over Votes,0
Iron,CC 4,Iron School Board,3,1,,Under Votes,118
Iron,CC 4,Retain Supreme Court Justice-Matthew B. DURRANT,,1,,Yes,302
Iron,CC 4,Retain Supreme Court Justice-Matthew B. DURRANT,,1,,No,70
Iron,CC 4,Retain Supreme Court Justice-Matthew B. DURRANT,,1,,Over Votes,0
Iron,CC 4,Retain Supreme Court Justice-Matthew B. DURRANT,,1,,Under Votes,80
Iron,CC 4,Retain Appeals Court Judge-Ryan D. TENNEY,,1,,Yes,298
Iron,CC 4,Retain Appeals Court Judge-Ryan D. TENNEY,,1,,No,69
Iron,CC 4,Retain Appeals Court Judge-Ryan D. TENNEY,,1,,Over Votes,0
Iron,CC 4,Retain Appeals Court Judge-Ryan D. TENNEY,,1,,Under Votes,85
Iron,CC 4,Retain 5th District Circuit Court Judge-Keith C. BARNES,,1,,Yes,312
Iron,CC 4,Retain 5th District Circuit Court Judge-Keith C. BARNES,,1,,No,62
Iron,CC 4,Retain 5th District Circuit Court Judge-Keith C. BARNES,,1,,Over Votes,0
Iron,CC 4,Retain 5th District Circuit Court Judge-Keith C. BARNES,,1,,Under Votes,78
Iron,CC 4,Retain 5th District Juvenile Circuit Court Judge-Michael FLEMMING LEAVITT,,1,,Yes,298
Iron,CC 4,Retain 5th District Juvenile Circuit Court Judge-Michael FLEMMING LEAVITT,,1,,No,72
Iron,CC 4,Retain 5th District Juvenile Circuit Court Judge-Michael FLEMMING LEAVITT,,1,,Over Votes,0
Iron,CC 4,Retain 5th District Juvenile Circuit Court Judge-Michael FLEMMING LEAVITT,,1,,Under Votes,82
Iron,CC 4,Constitutional Amendment A,,1,,For,257
Iron,CC 4,Constitutional Amendment A,,1,,Against,140
Iron,CC 4,Constitutional Amendment A,,1,,Over Votes,0
Iron,CC 4,Constitutional Amendment A,,1,,Under Votes,55
Iron,CC 4,Constitutional Amendment B,,1,,For,284
Iron,CC 4,Constitutional Amendment B,,1,,Against,134
Iron,CC 4,Constitutional Amendment B,,1,,Over Votes,0
Iron,CC 4,Constitutional Amendment B,,1,,Under Votes,34
Iron,CC 4,Constitutional Amendment C,,1,,For,372
Iron,CC 4,Constitutional Amendment C,,1,,Against,53
Iron,CC 4,Constitutional Amendment C,,1,,Over Votes,0
Iron,CC 4,Constitutional Amendment C,,1,,Under Votes,27
Iron,CC 4,Constitutional Amendment D,,1,,For,267
Iron,CC 4,Constitutional Amendment D,,1,,Against,109
Iron,CC 4,Constitutional Amendment D,,1,,Over Votes,0
Iron,CC 4,Constitutional Amendment D,,1,,Under Votes,76
Iron,CC 4,Iron County School Board Bond,,1,,For,183
Iron,CC 4,Iron County School Board Bond,,1,,Against,227
Iron,CC 4,Iron County School Board Bond,,1,,Over Votes,0
Iron,CC 4,Iron County School Board Bond,,1,,Under Votes,42
Iron,CC 5,Registered Voters,,,,,638
Iron,CC 5,Ballots Cast,,,,,548
Iron,CC 5,President,,1,,Cornel Ronald WEST / Melina ABDULLAH,0
Iron,CC 5,President,,1,,"Lucifer ""JUSTIN CASE"" EVERYLOVE",2
Iron,CC 5,President,,1,CON,Joel SKOUSEN / Rik COMBS,3
Iron,CC 5,President,,1,GRN,Jill STEIN / Rudolph WARE,3
Iron,CC 5,President,,1,REP,Donald J. TRUMP/ JD VANCE,407
Iron,CC 5,President,,1,LBT,Chase OLIVER / Mike ter MAAT,5
Iron,CC 5,President,,1,DEM,Kamala D. HARRIS / Tim WALZ,124
Iron,CC 5,President,,1,,Claudia de la CRUZ / Karina Alexandra GARCIA,0
Iron,CC 5,President,,1,,Write-In,1
Iron,CC 5,President,,1,,Over Votes,0
Iron,CC 5,President,,1,,Under Votes,3
Iron,CC 5,U.S. Senate,,1,IAP,Carleton E. BOWEN,37
Iron,CC 5,U.S. Senate,,1,REP,John CURTIS,379
Iron,CC 5,U.S. Senate,,1,DEM,Caroline GLEICH,116
Iron,CC 5,U.S. Senate,,1,,Write-In,5
Iron,CC 5,U.S. Senate,,1,,Over Votes,0
Iron,CC 5,U.S. Senate,,1,,Under Votes,11
Iron,CC 5,U.S. House,2,1,DEM,Nathaniel E WOODWARD,111
Iron,CC 5,U.S. House,2,1,CON,Cassie EASLEY,40
Iron,CC 5,U.S. House,2,1,REP,Celeste MALOY,371
Iron,CC 5,U.S. House,2,1,,Tyler MURSET,7
Iron,CC 5,U.S. House,2,1,,Over Votes,1
Iron,CC 5,U.S. House,2,1,,Under Votes,18
Iron,CC 5,Governor,,1,REP,Spencer J. COX / Deidre M. HENDERSON,291
Iron,CC 5,Governor,,1,IAP,Tommy WILLIAMS / Archie A. WILLIAMS III,18
Iron,CC 5,Governor,,1,DEM,Brian SMITH KING / Rebekah CUMMINGS,98
Iron,CC 5,Governor,,1,LBT,J. Robert LATHAM / Barry Evan SHORT,20
Iron,CC 5,Governor,,1,,Tom TOMENY / William LANSING TAYLOR,5
Iron,CC 5,Governor,,1,,Write-In,104
Iron,CC 5,Governor,,1,,Over Votes,0
Iron,CC 5,Governor,,1,,Under Votes,12
Iron,CC 5,Attorney General,,1,REP,Derek BROWN,387
Iron,CC 5,Attorney General,,1,DEM,Rudy J BAUTISTA,94
Iron,CC 5,Attorney General,,1,LBT,W. Andrew McCULLOUGH,20
Iron,CC 5,Attorney General,,1,,Austin HEPWORTH,17
Iron,CC 5,Attorney General,,1,UUP,Michelle QUIST,14
Iron,CC 5,Attorney General,,1,,Over Votes,0
Iron,CC 5,Attorney General,,1,,Under Votes,16
Iron,CC 5,State Auditor,,1,REP,Tina CANNON,401
Iron,CC 5,State Auditor,,1,CON,Jeffery L. OSTLER,29
Iron,CC 5,State Auditor,,1,DEM,Catherine VOUTAZ,99
Iron,CC 5,State Auditor,,1,,Over Votes,0
Iron,CC 5,State Auditor,,1,,Under Votes,19
Iron,CC 5,State Treasurer,,1,UFP,Miles POMEROY,23
Iron,CC 5,State Treasurer,,1,REP,Marlo M. OAKS,398
Iron,CC 5,State Treasurer,,1,DEM,Neil A HANSEN,93
Iron,CC 5,State Treasurer,,1,,Over Votes,0
Iron,CC 5,State Treasurer,,1,,Under Votes,34
Iron,CC 5,State House,71,1,DEM,Steve MERRILL,129
Iron,CC 5,State House,71,1,REP,Rex P. SHIPP,390
Iron,CC 5,State House,71,1,,Over Votes,0
Iron,CC 5,State House,71,1,,Under Votes,29
Iron,CC 5,County Commission,C,1,REP,Kenneth L. ROBINSON,427
Iron,CC 5,County Commission,C,1,,Over Votes,0
Iron,CC 5,County Commission,C,1,,Under Votes,121
Iron,CC 5,County Assessor,,1,REP,Karsten M. REED,416
Iron,CC 5,County Assessor,,1,,Over Votes,0
Iron,CC 5,County Assessor,,1,,Under Votes,132
Iron,CC 5,County Auditor,,1,REP,Lucas A. LITTLE,414
Iron,CC 5,County Auditor,,1,,Over Votes,0
Iron,CC 5,County Auditor,,1,,Under Votes,134
Iron,CC 5,County Recorder/Surveyor,,1,REP,Carri R. JEFFRIES,416
Iron,CC 5,County Recorder/Surveyor,,1,,Over Votes,0
Iron,CC 5,County Recorder/Surveyor,,1,,Under Votes,132
Iron,CC 5,County Treasurer,,1,REP,Nicole ROSENBERG,419
Iron,CC 5,County Treasurer,,1,,Over Votes,0
Iron,CC 5,County Treasurer,,1,,Under Votes,129
Iron,CC 5,Iron School Board,3,1,,Tyrel W. EDDY,275
Iron,CC 5,Iron School Board,3,1,,Over Votes,1
Iron,CC 5,Iron School Board,3,1,,Under Votes,144
Iron,CC 5,Retain Supreme Court Justice-Matthew B. DURRANT,,1,,Yes,355
Iron,CC 5,Retain Supreme Court Justice-Matthew B. DURRANT,,1,,No,85
Iron,CC 5,Retain Supreme Court Justice-Matthew B. DURRANT,,1,,Over Votes,0
Iron,CC 5,Retain Supreme Court Justice-Matthew B. DURRANT,,1,,Under Votes,108
Iron,CC 5,Retain Appeals Court Judge-Ryan D. TENNEY,,1,,Yes,343
Iron,CC 5,Retain Appeals Court Judge-Ryan D. TENNEY,,1,,No,91
Iron,CC 5,Retain Appeals Court Judge-Ryan D. TENNEY,,1,,Over Votes,0
Iron,CC 5,Retain Appeals Court Judge-Ryan D. TENNEY,,1,,Under Votes,114
Iron,CC 5,Retain 5th District Circuit Court Judge-Keith C. BARNES,,1,,Yes,365
Iron,CC 5,Retain 5th District Circuit Court Judge-Keith C. BARNES,,1,,No,74
Iron,CC 5,Retain 5th District Circuit Court Judge-Keith C. BARNES,,1,,Over Votes,0
Iron,CC 5,Retain 5th District Circuit Court Judge-Keith C. BARNES,,1,,Under Votes,109
Iron,CC 5,Retain 5th District Juvenile Circuit Court Judge-Michael FLEMMING LEAVITT,,1,,Yes,343
Iron,CC 5,Retain 5th District Juvenile Circuit Court Judge-Michael FLEMMING LEAVITT,,1,,No,92
Iron,CC 5,Retain 5th District Juvenile Circuit Court Judge-Michael FLEMMING LEAVITT,,1,,Over Votes,0
Iron,CC 5,Retain 5th District Juvenile Circuit Court Judge-Michael FLEMMING LEAVITT,,1,,Under Votes,113
Iron,CC 5,Constitutional Amendment A,,1,,For,288
Iron,CC 5,Constitutional Amendment A,,1,,Against,187
Iron,CC 5,Constitutional Amendment A,,1,,Over Votes,0
Iron,CC 5,Constitutional Amendment A,,1,,Under Votes,73
Iron,CC 5,Constitutional Amendment B,,1,,For,335
Iron,CC 5,Constitutional Amendment B,,1,,Against,178
Iron,CC 5,Constitutional Amendment B,,1,,Over Votes,0
Iron,CC 5,Constitutional Amendment B,,1,,Under Votes,35
Iron,CC 5,Constitutional Amendment C,,1,,For,420
Iron,CC 5,Constitutional Amendment C,,1,,Against,96
Iron,CC 5,Constitutional Amendment C,,1,,Over Votes,0
Iron,CC 5,Constitutional Amendment C,,1,,Under Votes,32
Iron,CC 5,Constitutional Amendment D,,1,,For,292
Iron,CC 5,Constitutional Amendment D,,1,,Against,168
Iron,CC 5,Constitutional Amendment D,,1,,Over Votes,0
Iron,CC 5,Constitutional Amendment D,,1,,Under Votes,88
Iron,CC 5,Iron County School Board Bond,,1,,For,202
Iron,CC 5,Iron County School Board Bond,,1,,Against,302
Iron,CC 5,Iron County School Board Bond,,1,,Over Votes,0
Iron,CC 5,Iron County School Board Bond,,1,,Under Votes,44
Iron,CC 6,Registered Voters,,,,,589
Iron,CC 6,Ballots Cast,,,,,479
Iron,CC 6,President,,1,,Cornel Ronald WEST / Melina ABDULLAH,1
Iron,CC 6,President,,1,,"Lucifer ""JUSTIN CASE"" EVERYLOVE",1
Iron,CC 6,President,,1,CON,Joel SKOUSEN / Rik COMBS,0
Iron,CC 6,President,,1,GRN,Jill STEIN / Rudolph WARE,1
Iron,CC 6,President,,1,REP,Donald J. TRUMP/ JD VANCE,324
Iron,CC 6,President,,1,LBT,Chase OLIVER / Mike ter MAAT,3
Iron,CC 6,President,,1,DEM,Kamala D. HARRIS / Tim WALZ,140
Iron,CC 6,President,,1,,Claudia de la CRUZ / Karina Alexandra GARCIA,3
Iron,CC 6,President,,1,,Write-In,0
Iron,CC 6,President,,1,,Over Votes,1
Iron,CC 6,President,,1,,Under Votes,5
Iron,CC 6,U.S. Senate,,1,IAP,Carleton E. BOWEN,26
Iron,CC 6,U.S. Senate,,1,REP,John CURTIS,316
Iron,CC 6,U.S. Senate,,1,DEM,Caroline GLEICH,121
Iron,CC 6,U.S. Senate,,1,,Write-In,1
Iron,CC 6,U.S. Senate,,1,,Over Votes,0
Iron,CC 6,U.S. Senate,,1,,Under Votes,15
Iron,CC 6,U.S. House,2,1,DEM,Nathaniel E WOODWARD,103
Iron,CC 6,U.S. House,2,1,CON,Cassie EASLEY,33
Iron,CC 6,U.S. House,2,1,REP,Celeste MALOY,306
Iron,CC 6,U.S. House,2,1,,Tyler MURSET,11
Iron,CC 6,U.S. House,2,1,,Over Votes,0
Iron,CC 6,U.S. House,2,1,,Under Votes,26
Iron,CC 6,Governor,,1,REP,Spencer J. COX / Deidre M. HENDERSON,279
Iron,CC 6,Governor,,1,IAP,Tommy WILLIAMS / Archie A. WILLIAMS III,11
Iron,CC 6,Governor,,1,DEM,Brian SMITH KING / Rebekah CUMMINGS,95
Iron,CC 6,Governor,,1,LBT,J. Robert LATHAM / Barry Evan SHORT,32
Iron,CC 6,Governor,,1,,Tom TOMENY / William LANSING TAYLOR,2
Iron,CC 6,Governor,,1,,Write-In,47
Iron,CC 6,Governor,,1,,Over Votes,0
Iron,CC 6,Governor,,1,,Under Votes,13
Iron,CC 6,Attorney General,,1,REP,Derek BROWN,303
Iron,CC 6,Attorney General,,1,DEM,Rudy J BAUTISTA,103
Iron,CC 6,Attorney General,,1,LBT,W. Andrew McCULLOUGH,24
Iron,CC 6,Attorney General,,1,,Austin HEPWORTH,8
Iron,CC 6,Attorney General,,1,UUP,Michelle QUIST,17
Iron,CC 6,Attorney General,,1,,Over Votes,0
Iron,CC 6,Attorney General,,1,,Under Votes,24
Iron,CC 6,State Auditor,,1,REP,Tina CANNON,325
Iron,CC 6,State Auditor,,1,CON,Jeffery L. OSTLER,23
Iron,CC 6,State Auditor,,1,DEM,Catherine VOUTAZ,100
Iron,CC 6,State Auditor,,1,,Over Votes,0
Iron,CC 6,State Auditor,,1,,Under Votes,31
Iron,CC 6,State Treasurer,,1,UFP,Miles POMEROY,25
Iron,CC 6,State Treasurer,,1,REP,Marlo M. OAKS,317
Iron,CC 6,State Treasurer,,1,DEM,Neil A HANSEN,97
Iron,CC 6,State Treasurer,,1,,Over Votes,0
Iron,CC 6,State Treasurer,,1,,Under Votes,40
Iron,CC 6,State House,71,1,DEM,Steve MERRILL,120
Iron,CC 6,State House,71,1,REP,Rex P. SHIPP,319
Iron,CC 6,State House,71,1,,Over Votes,0
Iron,CC 6,State House,71,1,,Under Votes,40
Iron,CC 6,County Commission,C,1,REP,Kenneth L. ROBINSON,363
Iron,CC 6,County Commission,C,1,,Over Votes,0
Iron,CC 6,County Commission,C,1,,Under Votes,116
Iron,CC 6,County Assessor,,1,REP,Karsten M. REED,357
Iron,CC 6,County Assessor,,1,,Over Votes,0
Iron,CC 6,County Assessor,,1,,Under Votes,122
Iron,CC 6,County Auditor,,1,REP,Lucas A. LITTLE,354
Iron,CC 6,County Auditor,,1,,Over Votes,0
Iron,CC 6,County Auditor,,1,,Under Votes,125
Iron,CC 6,County Recorder/Surveyor,,1,REP,Carri R. JEFFRIES,354
Iron,CC 6,County Recorder/Surveyor,,1,,Over Votes,0
Iron,CC 6,County Recorder/Surveyor,,1,,Under Votes,125
Iron,CC 6,County Treasurer,,1,REP,Nicole ROSENBERG,353
Iron,CC 6,County Treasurer,,1,,Over Votes,0
Iron,CC 6,County Treasurer,,1,,Under Votes,126
Iron,CC 6,Retain Supreme Court Justice-Matthew B. DURRANT,,1,,Yes,319
Iron,CC 6,Retain Supreme Court Justice-Matthew B. DURRANT,,1,,No,73
Iron,CC 6,Retain Supreme Court Justice-Matthew B. DURRANT,,1,,Over Votes,0
Iron,CC 6,Retain Supreme Court Justice-Matthew B. DURRANT,,1,,Under Votes,87
Iron,CC 6,Retain Appeals Court Judge-Ryan D. TENNEY,,1,,Yes,323
Iron,CC 6,Retain Appeals Court Judge-Ryan D. TENNEY,,1,,No,69
Iron,CC 6,Retain Appeals Court Judge-Ryan D. TENNEY,,1,,Over Votes,0
Iron,CC 6,Retain Appeals Court Judge-Ryan D. TENNEY,,1,,Under Votes,87
Iron,CC 6,Retain 5th District Circuit Court Judge-Keith C. BARNES,,1,,Yes,324
Iron,CC 6,Retain 5th District Circuit Court Judge-Keith C. BARNES,,1,,No,72
Iron,CC 6,Retain 5th District Circuit Court Judge-Keith C. BARNES,,1,,Over Votes,1
Iron,CC 6,Retain 5th District Circuit Court Judge-Keith C. BARNES,,1,,Under Votes,82
Iron,CC 6,Retain 5th District Juvenile Circuit Court Judge-Michael FLEMMING LEAVITT,,1,,Yes,318
Iron,CC 6,Retain 5th District Juvenile Circuit Court Judge-Michael FLEMMING LEAVITT,,1,,No,75
Iron,CC 6,Retain 5th District Juvenile Circuit Court Judge-Michael FLEMMING LEAVITT,,1,,Over Votes,0
Iron,CC 6,Retain 5th District Juvenile Circuit Court Judge-Michael FLEMMING LEAVITT,,1,,Under Votes,86
Iron,CC 6,Constitutional Amendment A,,1,,For,286
Iron,CC 6,Constitutional Amendment A,,1,,Against,136
Iron,CC 6,Constitutional Amendment A,,1,,Over Votes,0
Iron,CC 6,Constitutional Amendment A,,1,,Under Votes,57
Iron,CC 6,Constitutional Amendment B,,1,,For,318
Iron,CC 6,Constitutional Amendment B,,1,,Against,126
Iron,CC 6,Constitutional Amendment B,,1,,Over Votes,0
Iron,CC 6,Constitutional Amendment B,,1,,Under Votes,35
Iron,CC 6,Constitutional Amendment C,,1,,For,386
Iron,CC 6,Constitutional Amendment C,,1,,Against,64
Iron,CC 6,Constitutional Amendment C,,1,,Over Votes,0
Iron,CC 6,Constitutional Amendment C,,1,,Under Votes,29
Iron,CC 6,Constitutional Amendment D,,1,,For,275
Iron,CC 6,Constitutional Amendment D,,1,,Against,125
Iron,CC 6,Constitutional Amendment D,,1,,Over Votes,0
Iron,CC 6,Constitutional Amendment D,,1,,Under Votes,79
Iron,CC 6,Iron County School Board Bond,,1,,For,207
Iron,CC 6,Iron County School Board Bond,,1,,Against,225
Iron,CC 6,Iron County School Board Bond,,1,,Over Votes,0
Iron,CC 6,Iron County School Board Bond,,1,,Under Votes,47
Iron,CC 7,Registered Voters,,,,,503
Iron,CC 7,Ballots Cast,,,,,417
Iron,CC 7,President,,1,,Cornel Ronald WEST / Melina ABDULLAH,1
Iron,CC 7,President,,1,,"Lucifer ""JUSTIN CASE"" EVERYLOVE",0
Iron,CC 7,President,,1,CON,Joel SKOUSEN / Rik COMBS,2
Iron,CC 7,President,,1,GRN,Jill STEIN / Rudolph WARE,3
Iron,CC 7,President,,1,REP,Donald J. TRUMP/ JD VANCE,248
Iron,CC 7,President,,1,LBT,Chase OLIVER / Mike ter MAAT,8
Iron,CC 7,President,,1,DEM,Kamala D. HARRIS / Tim WALZ,153
Iron,CC 7,President,,1,,Claudia de la CRUZ / Karina Alexandra GARCIA,0
Iron,CC 7,President,,1,,Write-In,1
Iron,CC 7,President,,1,,Over Votes,0
Iron,CC 7,President,,1,,Under Votes,1
Iron,CC 7,U.S. Senate,,1,IAP,Carleton E. BOWEN,15
Iron,CC 7,U.S. Senate,,1,REP,John CURTIS,252
Iron,CC 7,U.S. Senate,,1,DEM,Caroline GLEICH,136
Iron,CC 7,U.S. Senate,,1,,Write-In,0
Iron,CC 7,U.S. Senate,,1,,Over Votes,0
Iron,CC 7,U.S. Senate,,1,,Under Votes,14
Iron,CC 7,U.S. House,2,1,DEM,Nathaniel E WOODWARD,123
Iron,CC 7,U.S. House,2,1,CON,Cassie EASLEY,32
Iron,CC 7,U.S. House,2,1,REP,Celeste MALOY,227
Iron,CC 7,U.S. House,2,1,,Tyler MURSET,9
Iron,CC 7,U.S. House,2,1,,Over Votes,0
Iron,CC 7,U.S. House,2,1,,Under Votes,26
Iron,CC 7,Governor,,1,REP,Spencer J. COX / Deidre M. HENDERSON,211
Iron,CC 7,Governor,,1,IAP,Tommy WILLIAMS / Archie A. WILLIAMS III,11
Iron,CC 7,Governor,,1,DEM,Brian SMITH KING / Rebekah CUMMINGS,119
Iron,CC 7,Governor,,1,LBT,J. Robert LATHAM / Barry Evan SHORT,18
Iron,CC 7,Governor,,1,,Tom TOMENY / William LANSING TAYLOR,3
Iron,CC 7,Governor,,1,,Write-In,42
Iron,CC 7,Governor,,1,,Over Votes,0
Iron,CC 7,Governor,,1,,Under Votes,13
Iron,CC 7,Attorney General,,1,REP,Derek BROWN,225
Iron,CC 7,Attorney General,,1,DEM,Rudy J BAUTISTA,109
Iron,CC 7,Attorney General,,1,LBT,W. Andrew McCULLOUGH,24
Iron,CC 7,Attorney General,,1,,Austin HEPWORTH,11
Iron,CC 7,Attorney General,,1,UUP,Michelle QUIST,28
Iron,CC 7,Attorney General,,1,,Over Votes,0
Iron,CC 7,Attorney General,,1,,Under Votes,20
Iron,CC 7,State Auditor,,1,REP,Tina CANNON,237
Iron,CC 7,State Auditor,,1,CON,Jeffery L. OSTLER,27
Iron,CC 7,State Auditor,,1,DEM,Catherine VOUTAZ,124
Iron,CC 7,State Auditor,,1,,Over Votes,0
Iron,CC 7,State Auditor,,1,,Under Votes,29
Iron,CC 7,State Treasurer,,1,UFP,Miles POMEROY,19
Iron,CC 7,State Treasurer,,1,REP,Marlo M. OAKS,252
Iron,CC 7,State Treasurer,,1,DEM,Neil A HANSEN,114
Iron,CC 7,State Treasurer,,1,,Over Votes,0
Iron,CC 7,State Treasurer,,1,,Under Votes,32
Iron,CC 7,State House,71,1,DEM,Steve MERRILL,139
Iron,CC 7,State House,71,1,REP,Rex P. SHIPP,247
Iron,CC 7,State House,71,1,,Over Votes,0
Iron,CC 7,State House,71,1,,Under Votes,31
Iron,CC 7,County Commission,C,1,REP,Kenneth L. ROBINSON,286
Iron,CC 7,County Commission,C,1,,Over Votes,0
Iron,CC 7,County Commission,C,1,,Under Votes,131
Iron,CC 7,County Assessor,,1,REP,Karsten M. REED,283
Iron,CC 7,County Assessor,,1,,Over Votes,0
Iron,CC 7,County Assessor,,1,,Under Votes,134
Iron,CC 7,County Auditor,,1,REP,Lucas A. LITTLE,283
Iron,CC 7,County Auditor,,1,,Over Votes,0
Iron,CC 7,County Auditor,,1,,Under Votes,134
Iron,CC 7,County Recorder/Surveyor,,1,REP,Carri R. JEFFRIES,278
Iron,CC 7,County Recorder/Surveyor,,1,,Over Votes,0
Iron,CC 7,County Recorder/Surveyor,,1,,Under Votes,139
Iron,CC 7,County Treasurer,,1,REP,Nicole ROSENBERG,280
Iron,CC 7,County Treasurer,,1,,Over Votes,0
Iron,CC 7,County Treasurer,,1,,Under Votes,137
Iron,CC 7,Retain Supreme Court Justice-Matthew B. DURRANT,,1,,Yes,245
Iron,CC 7,Retain Supreme Court Justice-Matthew B. DURRANT,,1,,No,82
Iron,CC 7,Retain Supreme Court Justice-Matthew B. DURRANT,,1,,Over Votes,0
Iron,CC 7,Retain Supreme Court Justice-Matthew B. DURRANT,,1,,Under Votes,90
Iron,CC 7,Retain Appeals Court Judge-Ryan D. TENNEY,,1,,Yes,249
Iron,CC 7,Retain Appeals Court Judge-Ryan D. TENNEY,,1,,No,76
Iron,CC 7,Retain Appeals Court Judge-Ryan D. TENNEY,,1,,Over Votes,0
Iron,CC 7,Retain Appeals Court Judge-Ryan D. TENNEY,,1,,Under Votes,92
Iron,CC 7,Retain 5th District Circuit Court Judge-Keith C. BARNES,,1,,Yes,253
Iron,CC 7,Retain 5th District Circuit Court Judge-Keith C. BARNES,,1,,No,69
Iron,CC 7,Retain 5th District Circuit Court Judge-Keith C. BARNES,,1,,Over Votes,1
Iron,CC 7,Retain 5th District Circuit Court Judge-Keith C. BARNES,,1,,Under Votes,94
Iron,CC 7,Retain 5th District Juvenile Circuit Court Judge-Michael FLEMMING LEAVITT,,1,,Yes,248
Iron,CC 7,Retain 5th District Juvenile Circuit Court Judge-Michael FLEMMING LEAVITT,,1,,No,73
Iron,CC 7,Retain 5th District Juvenile Circuit Court Judge-Michael FLEMMING LEAVITT,,1,,Over Votes,0
Iron,CC 7,Retain 5th District Juvenile Circuit Court Judge-Michael FLEMMING LEAVITT,,1,,Under Votes,96
Iron,CC 7,Constitutional Amendment A,,1,,For,225
Iron,CC 7,Constitutional Amendment A,,1,,Against,138
Iron,CC 7,Constitutional Amendment A,,1,,Over Votes,0
Iron,CC 7,Constitutional Amendment A,,1,,Under Votes,54
Iron,CC 7,Constitutional Amendment B,,1,,For,276
Iron,CC 7,Constitutional Amendment B,,1,,Against,104
Iron,CC 7,Constitutional Amendment B,,1,,Over Votes,0
Iron,CC 7,Constitutional Amendment B,,1,,Under Votes,37
Iron,CC 7,Constitutional Amendment C,,1,,For,323
Iron,CC 7,Constitutional Amendment C,,1,,Against,56
Iron,CC 7,Constitutional Amendment C,,1,,Over Votes,1
Iron,CC 7,Constitutional Amendment C,,1,,Under Votes,37
Iron,CC 7,Constitutional Amendment D,,1,,For,223
Iron,CC 7,Constitutional Amendment D,,1,,Against,119
Iron,CC 7,Constitutional Amendment D,,1,,Over Votes,0
Iron,CC 7,Constitutional Amendment D,,1,,Under Votes,75
Iron,CC 7,Iron County School Board Bond,,1,,For,190
Iron,CC 7,Iron County School Board Bond,,1,,Against,178
Iron,CC 7,Iron County School Board Bond,,1,,Over Votes,0
Iron,CC 7,Iron County School Board Bond,,1,,Under Votes,49
Iron,CC 8,Registered Voters,,,,,683
Iron,CC 8,Ballots Cast,,,,,580
Iron,CC 8,President,,1,,Cornel Ronald WEST / Melina ABDULLAH,1
Iron,CC 8,President,,1,,"Lucifer ""JUSTIN CASE"" EVERYLOVE",0
Iron,CC 8,President,,1,CON,Joel SKOUSEN / Rik COMBS,2
Iron,CC 8,President,,1,GRN,Jill STEIN / Rudolph WARE,5
Iron,CC 8,President,,1,REP,Donald J. TRUMP/ JD VANCE,390
Iron,CC 8,President,,1,LBT,Chase OLIVER / Mike ter MAAT,7
Iron,CC 8,President,,1,DEM,Kamala D. HARRIS / Tim WALZ,168
Iron,CC 8,President,,1,,Claudia de la CRUZ / Karina Alexandra GARCIA,1
Iron,CC 8,President,,1,,Write-In,2
Iron,CC 8,President,,1,,Over Votes,0
Iron,CC 8,President,,1,,Under Votes,4
Iron,CC 8,U.S. Senate,,1,IAP,Carleton E. BOWEN,33
Iron,CC 8,U.S. Senate,,1,REP,John CURTIS,373
Iron,CC 8,U.S. Senate,,1,DEM,Caroline GLEICH,144
Iron,CC 8,U.S. Senate,,1,,Write-In,5
Iron,CC 8,U.S. Senate,,1,,Over Votes,0
Iron,CC 8,U.S. Senate,,1,,Under Votes,25
Iron,CC 8,U.S. House,2,1,DEM,Nathaniel E WOODWARD,131
Iron,CC 8,U.S. House,2,1,CON,Cassie EASLEY,43
Iron,CC 8,U.S. House,2,1,REP,Celeste MALOY,354
Iron,CC 8,U.S. House,2,1,,Tyler MURSET,18
Iron,CC 8,U.S. House,2,1,,Over Votes,0
Iron,CC 8,U.S. House,2,1,,Under Votes,34
Iron,CC 8,Governor,,1,REP,Spencer J. COX / Deidre M. HENDERSON,314
Iron,CC 8,Governor,,1,IAP,Tommy WILLIAMS / Archie A. WILLIAMS III,15
Iron,CC 8,Governor,,1,DEM,Brian SMITH KING / Rebekah CUMMINGS,123
Iron,CC 8,Governor,,1,LBT,J. Robert LATHAM / Barry Evan SHORT,32
Iron,CC 8,Governor,,1,,Tom TOMENY / William LANSING TAYLOR,2
Iron,CC 8,Governor,,1,,Write-In,77
Iron,CC 8,Governor,,1,,Over Votes,0
Iron,CC 8,Governor,,1,,Under Votes,17
Iron,CC 8,Attorney General,,1,REP,Derek BROWN,352
Iron,CC 8,Attorney General,,1,DEM,Rudy J BAUTISTA,128
Iron,CC 8,Attorney General,,1,LBT,W. Andrew McCULLOUGH,27
Iron,CC 8,Attorney General,,1,,Austin HEPWORTH,11
Iron,CC 8,Attorney General,,1,UUP,Michelle QUIST,30
Iron,CC 8,Attorney General,,1,,Over Votes,0
Iron,CC 8,Attorney General,,1,,Under Votes,32
Iron,CC 8,State Auditor,,1,REP,Tina CANNON,362
Iron,CC 8,State Auditor,,1,CON,Jeffery L. OSTLER,37
Iron,CC 8,State Auditor,,1,DEM,Catherine VOUTAZ,140
Iron,CC 8,State Auditor,,1,,Over Votes,0
Iron,CC 8,State Auditor,,1,,Under Votes,41
Iron,CC 8,State Treasurer,,1,UFP,Miles POMEROY,32
Iron,CC 8,State Treasurer,,1,REP,Marlo M. OAKS,371
Iron,CC 8,State Treasurer,,1,DEM,Neil A HANSEN,120
Iron,CC 8,State Treasurer,,1,,Over Votes,0
Iron,CC 8,State Treasurer,,1,,Under Votes,57
Iron,CC 8,State House,71,1,DEM,Steve MERRILL,152
Iron,CC 8,State House,71,1,REP,Rex P. SHIPP,374
Iron,CC 8,State House,71,1,,Over Votes,0
Iron,CC 8,State House,71,1,,Under Votes,54
Iron,CC 8,County Commission,C,1,REP,Kenneth L. ROBINSON,442
Iron,CC 8,County Commission,C,1,,Over Votes,0
Iron,CC 8,County Commission,C,1,,Under Votes,138
Iron,CC 8,County Assessor,,1,REP,Karsten M. REED,428
Iron,CC 8,County Assessor,,1,,Over Votes,0
Iron,CC 8,County Assessor,,1,,Under Votes,152
Iron,CC 8,County Auditor,,1,REP,Lucas A. LITTLE,425
Iron,CC 8,County Auditor,,1,,Over Votes,0
Iron,CC 8,County Auditor,,1,,Under Votes,155
Iron,CC 8,County Recorder/Surveyor,,1,REP,Carri R. JEFFRIES,425
Iron,CC 8,County Recorder/Surveyor,,1,,Over Votes,0
Iron,CC 8,County Recorder/Surveyor,,1,,Under Votes,155
Iron,CC 8,County Treasurer,,1,REP,Nicole ROSENBERG,416
Iron,CC 8,County Treasurer,,1,,Over Votes,0
Iron,CC 8,County Treasurer,,1,,Under Votes,164
Iron,CC 8,Retain Supreme Court Justice-Matthew B. DURRANT,,1,,Yes,387
Iron,CC 8,Retain Supreme Court Justice-Matthew B. DURRANT,,1,,No,92
Iron,CC 8,Retain Supreme Court Justice-Matthew B. DURRANT,,1,,Over Votes,0
Iron,CC 8,Retain Supreme Court Justice-Matthew B. DURRANT,,1,,Under Votes,101
Iron,CC 8,Retain Appeals Court Judge-Ryan D. TENNEY,,1,,Yes,388
Iron,CC 8,Retain Appeals Court Judge-Ryan D. TENNEY,,1,,No,81
Iron,CC 8,Retain Appeals Court Judge-Ryan D. TENNEY,,1,,Over Votes,0
Iron,CC 8,Retain Appeals Court Judge-Ryan D. TENNEY,,1,,Under Votes,111
Iron,CC 8,Retain 5th District Circuit Court Judge-Keith C. BARNES,,1,,Yes,392
Iron,CC 8,Retain 5th District Circuit Court Judge-Keith C. BARNES,,1,,No,89
Iron,CC 8,Retain 5th District Circuit Court Judge-Keith C. BARNES,,1,,Over Votes,0
Iron,CC 8,Retain 5th District Circuit Court Judge-Keith C. BARNES,,1,,Under Votes,99
Iron,CC 8,Retain 5th District Juvenile Circuit Court Judge-Michael FLEMMING LEAVITT,,1,,Yes,388
Iron,CC 8,Retain 5th District Juvenile Circuit Court Judge-Michael FLEMMING LEAVITT,,1,,No,82
Iron,CC 8,Retain 5th District Juvenile Circuit Court Judge-Michael FLEMMING LEAVITT,,1,,Over Votes,0
Iron,CC 8,Retain 5th District Juvenile Circuit Court Judge-Michael FLEMMING LEAVITT,,1,,Under Votes,110
Iron,CC 8,Constitutional Amendment A,,1,,For,338
Iron,CC 8,Constitutional Amendment A,,1,,Against,161
Iron,CC 8,Constitutional Amendment A,,1,,Over Votes,0
Iron,CC 8,Constitutional Amendment A,,1,,Under Votes,81
Iron,CC 8,Constitutional Amendment B,,1,,For,398
Iron,CC 8,Constitutional Amendment B,,1,,Against,125
Iron,CC 8,Constitutional Amendment B,,1,,Over Votes,1
Iron,CC 8,Constitutional Amendment B,,1,,Under Votes,56
Iron,CC 8,Constitutional Amendment C,,1,,For,474
Iron,CC 8,Constitutional Amendment C,,1,,Against,52
Iron,CC 8,Constitutional Amendment C,,1,,Over Votes,0
Iron,CC 8,Constitutional Amendment C,,1,,Under Votes,54
Iron,CC 8,Constitutional Amendment D,,1,,For,331
Iron,CC 8,Constitutional Amendment D,,1,,Against,145
Iron,CC 8,Constitutional Amendment D,,1,,Over Votes,0
Iron,CC 8,Constitutional Amendment D,,1,,Under Votes,104
Iron,CC 8,Iron County School Board Bond,,1,,For,279
Iron,CC 8,Iron County School Board Bond,,1,,Against,229
Iron,CC 8,Iron County School Board Bond,,1,,Over Votes,0
Iron,CC 8,Iron County School Board Bond,,1,,Under Votes,72
Iron,CC 9,Registered Voters,,,,,594
Iron,CC 9,Ballots Cast,,,,,521
Iron,CC 9,President,,1,,Cornel Ronald WEST / Melina ABDULLAH,0
Iron,CC 9,President,,1,,"Lucifer ""JUSTIN CASE"" EVERYLOVE",1
Iron,CC 9,President,,1,CON,Joel SKOUSEN / Rik COMBS,1
Iron,CC 9,President,,1,GRN,Jill STEIN / Rudolph WARE,0
Iron,CC 9,President,,1,REP,Donald J. TRUMP/ JD VANCE,381
Iron,CC 9,President,,1,LBT,Chase OLIVER / Mike ter MAAT,4
Iron,CC 9,President,,1,DEM,Kamala D. HARRIS / Tim WALZ,126
Iron,CC 9,President,,1,,Claudia de la CRUZ / Karina Alexandra GARCIA,0
Iron,CC 9,President,,1,,Write-In,5
Iron,CC 9,President,,1,,Over Votes,0
Iron,CC 9,President,,1,,Under Votes,3
Iron,CC 9,U.S. Senate,,1,IAP,Carleton E. BOWEN,29
Iron,CC 9,U.S. Senate,,1,REP,John CURTIS,370
Iron,CC 9,U.S. Senate,,1,DEM,Caroline GLEICH,101
Iron,CC 9,U.S. Senate,,1,,Write-In,2
Iron,CC 9,U.S. Senate,,1,,Over Votes,0
Iron,CC 9,U.S. Senate,,1,,Under Votes,19
Iron,CC 9,U.S. House,2,1,DEM,Nathaniel E WOODWARD,97
Iron,CC 9,U.S. House,2,1,CON,Cassie EASLEY,31
Iron,CC 9,U.S. House,2,1,REP,Celeste MALOY,345
Iron,CC 9,U.S. House,2,1,,Tyler MURSET,17
Iron,CC 9,U.S. House,2,1,,Over Votes,0
Iron,CC 9,U.S. House,2,1,,Under Votes,31
Iron,CC 9,Governor,,1,REP,Spencer J. COX / Deidre M. HENDERSON,302
Iron,CC 9,Governor,,1,IAP,Tommy WILLIAMS / Archie A. WILLIAMS III,9
Iron,CC 9,Governor,,1,DEM,Brian SMITH KING / Rebekah CUMMINGS,92
Iron,CC 9,Governor,,1,LBT,J. Robert LATHAM / Barry Evan SHORT,17
Iron,CC 9,Governor,,1,,Tom TOMENY / William LANSING TAYLOR,4
Iron,CC 9,Governor,,1,,Write-In,75
Iron,CC 9,Governor,,1,,Over Votes,0
Iron,CC 9,Governor,,1,,Under Votes,22
Iron,CC 9,Attorney General,,1,REP,Derek BROWN,351
Iron,CC 9,Attorney General,,1,DEM,Rudy J BAUTISTA,81
Iron,CC 9,Attorney General,,1,LBT,W. Andrew McCULLOUGH,26
Iron,CC 9,Attorney General,,1,,Austin HEPWORTH,19
Iron,CC 9,Attorney General,,1,UUP,Michelle QUIST,21
Iron,CC 9,Attorney General,,1,,Over Votes,0
Iron,CC 9,Attorney General,,1,,Under Votes,23
Iron,CC 9,State Auditor,,1,REP,Tina CANNON,365
Iron,CC 9,State Auditor,,1,CON,Jeffery L. OSTLER,27
Iron,CC 9,State Auditor,,1,DEM,Catherine VOUTAZ,95
Iron,CC 9,State Auditor,,1,,Over Votes,0
Iron,CC 9,State Auditor,,1,,Under Votes,34
Iron,CC 9,State Treasurer,,1,UFP,Miles POMEROY,20
Iron,CC 9,State Treasurer,,1,REP,Marlo M. OAKS,383
Iron,CC 9,State Treasurer,,1,DEM,Neil A HANSEN,83
Iron,CC 9,State Treasurer,,1,,Over Votes,0
Iron,CC 9,State Treasurer,,1,,Under Votes,35
Iron,CC 9,State House,71,1,DEM,Steve MERRILL,105
Iron,CC 9,State House,71,1,REP,Rex P. SHIPP,376
Iron,CC 9,State House,71,1,,Over Votes,0
Iron,CC 9,State House,71,1,,Under Votes,40
Iron,CC 9,County Commission,C,1,REP,Kenneth L. ROBINSON,386
Iron,CC 9,County Commission,C,1,,Over Votes,0
Iron,CC 9,County Commission,C,1,,Under Votes,135
Iron,CC 9,County Assessor,,1,REP,Karsten M. REED,385
Iron,CC 9,County Assessor,,1,,Over Votes,0
Iron,CC 9,County Assessor,,1,,Under Votes,136
Iron,CC 9,County Auditor,,1,REP,Lucas A. LITTLE,377
Iron,CC 9,County Auditor,,1,,Over Votes,0
Iron,CC 9,County Auditor,,1,,Under Votes,144
Iron,CC 9,County Recorder/Surveyor,,1,REP,Carri R. JEFFRIES,378
Iron,CC 9,County Recorder/Surveyor,,1,,Over Votes,0
Iron,CC 9,County Recorder/Surveyor,,1,,Under Votes,143
Iron,CC 9,County Treasurer,,1,REP,Nicole ROSENBERG,382
Iron,CC 9,County Treasurer,,1,,Over Votes,0
Iron,CC 9,County Treasurer,,1,,Under Votes,139
Iron,CC 9,Retain Supreme Court Justice-Matthew B. DURRANT,,1,,Yes,345
Iron,CC 9,Retain Supreme Court Justice-Matthew B. DURRANT,,1,,No,77
Iron,CC 9,Retain Supreme Court Justice-Matthew B. DURRANT,,1,,Over Votes,0
Iron,CC 9,Retain Supreme Court Justice-Matthew B. DURRANT,,1,,Under Votes,99
Iron,CC 9,Retain Appeals Court Judge-Ryan D. TENNEY,,1,,Yes,340
Iron,CC 9,Retain Appeals Court Judge-Ryan D. TENNEY,,1,,No,77
Iron,CC 9,Retain Appeals Court Judge-Ryan D. TENNEY,,1,,Over Votes,1
Iron,CC 9,Retain Appeals Court Judge-Ryan D. TENNEY,,1,,Under Votes,103
Iron,CC 9,Retain 5th District Circuit Court Judge-Keith C. BARNES,,1,,Yes,355
Iron,CC 9,Retain 5th District Circuit Court Judge-Keith C. BARNES,,1,,No,65
Iron,CC 9,Retain 5th District Circuit Court Judge-Keith C. BARNES,,1,,Over Votes,0
Iron,CC 9,Retain 5th District Circuit Court Judge-Keith C. BARNES,,1,,Under Votes,101
Iron,CC 9,Retain 5th District Juvenile Circuit Court Judge-Michael FLEMMING LEAVITT,,1,,Yes,347
Iron,CC 9,Retain 5th District Juvenile Circuit Court Judge-Michael FLEMMING LEAVITT,,1,,No,73
Iron,CC 9,Retain 5th District Juvenile Circuit Court Judge-Michael FLEMMING LEAVITT,,1,,Over Votes,0
Iron,CC 9,Retain 5th District Juvenile Circuit Court Judge-Michael FLEMMING LEAVITT,,1,,Under Votes,101
Iron,CC 9,Constitutional Amendment A,,1,,For,278
Iron,CC 9,Constitutional Amendment A,,1,,Against,183
Iron,CC 9,Constitutional Amendment A,,1,,Over Votes,0
Iron,CC 9,Constitutional Amendment A,,1,,Under Votes,60
Iron,CC 9,Constitutional Amendment B,,1,,For,327
Iron,CC 9,Constitutional Amendment B,,1,,Against,155
Iron,CC 9,Constitutional Amendment B,,1,,Over Votes,0
Iron,CC 9,Constitutional Amendment B,,1,,Under Votes,39
Iron,CC 9,Constitutional Amendment C,,1,,For,420
Iron,CC 9,Constitutional Amendment C,,1,,Against,64
Iron,CC 9,Constitutional Amendment C,,1,,Over Votes,0
Iron,CC 9,Constitutional Amendment C,,1,,Under Votes,37
Iron,CC 9,Constitutional Amendment D,,1,,For,293
Iron,CC 9,Constitutional Amendment D,,1,,Against,149
Iron,CC 9,Constitutional Amendment D,,1,,Over Votes,0
Iron,CC 9,Constitutional Amendment D,,1,,Under Votes,79
Iron,CC 9,Iron County School Board Bond,,1,,For,220
Iron,CC 9,Iron County School Board Bond,,1,,Against,258
Iron,CC 9,Iron County School Board Bond,,1,,Over Votes,0
Iron,CC 9,Iron County School Board Bond,,1,,Under Votes,43
Iron,CC 10,Registered Voters,,,,,690
Iron,CC 10,Ballots Cast,,,,,629
Iron,CC 10,President,,1,,Cornel Ronald WEST / Melina ABDULLAH,2
Iron,CC 10,President,,1,,"Lucifer ""JUSTIN CASE"" EVERYLOVE",1
Iron,CC 10,President,,1,CON,Joel SKOUSEN / Rik COMBS,2
Iron,CC 10,President,,1,GRN,Jill STEIN / Rudolph WARE,5
Iron,CC 10,President,,1,REP,Donald J. TRUMP/ JD VANCE,391
Iron,CC 10,President,,1,LBT,Chase OLIVER / Mike ter MAAT,9
Iron,CC 10,President,,1,DEM,Kamala D. HARRIS / Tim WALZ,197
Iron,CC 10,President,,1,,Claudia de la CRUZ / Karina Alexandra GARCIA,0
Iron,CC 10,President,,1,,Write-In,9
Iron,CC 10,President,,1,,Over Votes,0
Iron,CC 10,President,,1,,Under Votes,13
Iron,CC 10,U.S. Senate,,1,IAP,Carleton E. BOWEN,37
Iron,CC 10,U.S. Senate,,1,REP,John CURTIS,385
Iron,CC 10,U.S. Senate,,1,DEM,Caroline GLEICH,175
Iron,CC 10,U.S. Senate,,1,,Write-In,6
Iron,CC 10,U.S. Senate,,1,,Over Votes,0
Iron,CC 10,U.S. Senate,,1,,Under Votes,26
Iron,CC 10,U.S. House,2,1,DEM,Nathaniel E WOODWARD,153
Iron,CC 10,U.S. House,2,1,CON,Cassie EASLEY,44
Iron,CC 10,U.S. House,2,1,REP,Celeste MALOY,382
Iron,CC 10,U.S. House,2,1,,Tyler MURSET,15
Iron,CC 10,U.S. House,2,1,,Over Votes,1
Iron,CC 10,U.S. House,2,1,,Under Votes,34
Iron,CC 10,Governor,,1,REP,Spencer J. COX / Deidre M. HENDERSON,319
Iron,CC 10,Governor,,1,IAP,Tommy WILLIAMS / Archie A. WILLIAMS III,13
Iron,CC 10,Governor,,1,DEM,Brian SMITH KING / Rebekah CUMMINGS,150
Iron,CC 10,Governor,,1,LBT,J. Robert LATHAM / Barry Evan SHORT,26
Iron,CC 10,Governor,,1,,Tom TOMENY / William LANSING TAYLOR,4
Iron,CC 10,Governor,,1,,Write-In,91
Iron,CC 10,Governor,,1,,Over Votes,0
Iron,CC 10,Governor,,1,,Under Votes,26
Iron,CC 10,Attorney General,,1,REP,Derek BROWN,366
Iron,CC 10,Attorney General,,1,DEM,Rudy J BAUTISTA,132
Iron,CC 10,Attorney General,,1,LBT,W. Andrew McCULLOUGH,38
Iron,CC 10,Attorney General,,1,,Austin HEPWORTH,19
Iron,CC 10,Attorney General,,1,UUP,Michelle QUIST,35
Iron,CC 10,Attorney General,,1,,Over Votes,0
Iron,CC 10,Attorney General,,1,,Under Votes,39
Iron,CC 10,State Auditor,,1,REP,Tina CANNON,402
Iron,CC 10,State Auditor,,1,CON,Jeffery L. OSTLER,26
Iron,CC 10,State Auditor,,1,DEM,Catherine VOUTAZ,153
Iron,CC 10,State Auditor,,1,,Over Votes,0
Iron,CC 10,State Auditor,,1,,Under Votes,48
Iron,CC 10,State Treasurer,,1,UFP,Miles POMEROY,36
Iron,CC 10,State Treasurer,,1,REP,Marlo M. OAKS,410
Iron,CC 10,State Treasurer,,1,DEM,Neil A HANSEN,136
Iron,CC 10,State Treasurer,,1,,Over Votes,0
Iron,CC 10,State Treasurer,,1,,Under Votes,47
Iron,CC 10,State House,71,1,DEM,Steve MERRILL,173
Iron,CC 10,State House,71,1,REP,Rex P. SHIPP,412
Iron,CC 10,State House,71,1,,Over Votes,0
Iron,CC 10,State House,71,1,,Under Votes,44
Iron,CC 10,County Commission,C,1,REP,Kenneth L. ROBINSON,467
Iron,CC 10,County Commission,C,1,,Over Votes,0
Iron,CC 10,County Commission,C,1,,Under Votes,162
Iron,CC 10,County Assessor,,1,REP,Karsten M. REED,472
Iron,CC 10,County Assessor,,1,,Over Votes,0
Iron,CC 10,County Assessor,,1,,Under Votes,157
Iron,CC 10,County Auditor,,1,REP,Lucas A. LITTLE,464
Iron,CC 10,County Auditor,,1,,Over Votes,0
Iron,CC 10,County Auditor,,1,,Under Votes,165
Iron,CC 10,County Recorder/Surveyor,,1,REP,Carri R. JEFFRIES,464
Iron,CC 10,County Recorder/Surveyor,,1,,Over Votes,0
Iron,CC 10,County Recorder/Surveyor,,1,,Under Votes,165
Iron,CC 10,County Treasurer,,1,REP,Nicole ROSENBERG,470
Iron,CC 10,County Treasurer,,1,,Over Votes,0
Iron,CC 10,County Treasurer,,1,,Under Votes,159
Iron,CC 10,Retain Supreme Court Justice-Matthew B. DURRANT,,1,,Yes,411
Iron,CC 10,Retain Supreme Court Justice-Matthew B. DURRANT,,1,,No,107
Iron,CC 10,Retain Supreme Court Justice-Matthew B. DURRANT,,1,,Over Votes,0
Iron,CC 10,Retain Supreme Court Justice-Matthew B. DURRANT,,1,,Under Votes,111
Iron,CC 10,Retain Appeals Court Judge-Ryan D. TENNEY,,1,,Yes,407
Iron,CC 10,Retain Appeals Court Judge-Ryan D. TENNEY,,1,,No,103
Iron,CC 10,Retain Appeals Court Judge-Ryan D. TENNEY,,1,,Over Votes,0
Iron,CC 10,Retain Appeals Court Judge-Ryan D. TENNEY,,1,,Under Votes,119
Iron,CC 10,Retain 5th District Circuit Court Judge-Keith C. BARNES,,1,,Yes,422
Iron,CC 10,Retain 5th District Circuit Court Judge-Keith C. BARNES,,1,,No,101
Iron,CC 10,Retain 5th District Circuit Court Judge-Keith C. BARNES,,1,,Over Votes,0
Iron,CC 10,Retain 5th District Circuit Court Judge-Keith C. BARNES,,1,,Under Votes,106
Iron,CC 10,Retain 5th District Juvenile Circuit Court Judge-Michael FLEMMING LEAVITT,,1,,Yes,419
Iron,CC 10,Retain 5th District Juvenile Circuit Court Judge-Michael FLEMMING LEAVITT,,1,,No,105
Iron,CC 10,Retain 5th District Juvenile Circuit Court Judge-Michael FLEMMING LEAVITT,,1,,Over Votes,0
Iron,CC 10,Retain 5th District Juvenile Circuit Court Judge-Michael FLEMMING LEAVITT,,1,,Under Votes,105
Iron,CC 10,Constitutional Amendment A,,1,,For,339
Iron,CC 10,Constitutional Amendment A,,1,,Against,194
Iron,CC 10,Constitutional Amendment A,,1,,Over Votes,1
Iron,CC 10,Constitutional Amendment A,,1,,Under Votes,95
Iron,CC 10,Constitutional Amendment B,,1,,For,433
Iron,CC 10,Constitutional Amendment B,,1,,Against,147
Iron,CC 10,Constitutional Amendment B,,1,,Over Votes,0
Iron,CC 10,Constitutional Amendment B,,1,,Under Votes,49
Iron,CC 10,Constitutional Amendment C,,1,,For,488
Iron,CC 10,Constitutional Amendment C,,1,,Against,96
Iron,CC 10,Constitutional Amendment C,,1,,Over Votes,0
Iron,CC 10,Constitutional Amendment C,,1,,Under Votes,45
Iron,CC 10,Constitutional Amendment D,,1,,For,315
Iron,CC 10,Constitutional Amendment D,,1,,Against,189
Iron,CC 10,Constitutional Amendment D,,1,,Over Votes,0
Iron,CC 10,Constitutional Amendment D,,1,,Under Votes,125
Iron,CC 10,Iron County School Board Bond,,1,,For,323
Iron,CC 10,Iron County School Board Bond,,1,,Against,235
Iron,CC 10,Iron County School Board Bond,,1,,Over Votes,0
Iron,CC 10,Iron County School Board Bond,,1,,Under Votes,71
Iron,CC 11,Registered Voters,,,,,450
Iron,CC 11,Ballots Cast,,,,,375
Iron,CC 11,President,,1,,Cornel Ronald WEST / Melina ABDULLAH,1
Iron,CC 11,President,,1,,"Lucifer ""JUSTIN CASE"" EVERYLOVE",1
Iron,CC 11,President,,1,CON,Joel SKOUSEN / Rik COMBS,0
Iron,CC 11,President,,1,GRN,Jill STEIN / Rudolph WARE,1
Iron,CC 11,President,,1,REP,Donald J. TRUMP/ JD VANCE,283
Iron,CC 11,President,,1,LBT,Chase OLIVER / Mike ter MAAT,2
Iron,CC 11,President,,1,DEM,Kamala D. HARRIS / Tim WALZ,82
Iron,CC 11,President,,1,,Claudia de la CRUZ / Karina Alexandra GARCIA,1
Iron,CC 11,President,,1,,Write-In,0
Iron,CC 11,President,,1,,Over Votes,1
Iron,CC 11,President,,1,,Under Votes,3
Iron,CC 11,U.S. Senate,,1,IAP,Carleton E. BOWEN,30
Iron,CC 11,U.S. Senate,,1,REP,John CURTIS,257
Iron,CC 11,U.S. Senate,,1,DEM,Caroline GLEICH,74
Iron,CC 11,U.S. Senate,,1,,Write-In,3
Iron,CC 11,U.S. Senate,,1,,Over Votes,0
Iron,CC 11,U.S. Senate,,1,,Under Votes,11
Iron,CC 11,U.S. House,2,1,DEM,Nathaniel E WOODWARD,71
Iron,CC 11,U.S. House,2,1,CON,Cassie EASLEY,27
Iron,CC 11,U.S. House,2,1,REP,Celeste MALOY,249
Iron,CC 11,U.S. House,2,1,,Tyler MURSET,12
Iron,CC 11,U.S. House,2,1,,Over Votes,0
Iron,CC 11,U.S. House,2,1,,Under Votes,16
Iron,CC 11,Governor,,1,REP,Spencer J. COX / Deidre M. HENDERSON,194
Iron,CC 11,Governor,,1,IAP,Tommy WILLIAMS / Archie A. WILLIAMS III,16
Iron,CC 11,Governor,,1,DEM,Brian SMITH KING / Rebekah CUMMINGS,63
Iron,CC 11,Governor,,1,LBT,J. Robert LATHAM / Barry Evan SHORT,19
Iron,CC 11,Governor,,1,,Tom TOMENY / William LANSING TAYLOR,3
Iron,CC 11,Governor,,1,,Write-In,66
Iron,CC 11,Governor,,1,,Over Votes,0
Iron,CC 11,Governor,,1,,Under Votes,14
Iron,CC 11,Attorney General,,1,REP,Derek BROWN,248
Iron,CC 11,Attorney General,,1,DEM,Rudy J BAUTISTA,64
Iron,CC 11,Attorney General,,1,LBT,W. Andrew McCULLOUGH,21
Iron,CC 11,Attorney General,,1,,Austin HEPWORTH,10
Iron,CC 11,Attorney General,,1,UUP,Michelle QUIST,20
Iron,CC 11,Attorney General,,1,,Over Votes,0
Iron,CC 11,Attorney General,,1,,Under Votes,12
Iron,CC 11,State Auditor,,1,REP,Tina CANNON,255
Iron,CC 11,State Auditor,,1,CON,Jeffery L. OSTLER,26
Iron,CC 11,State Auditor,,1,DEM,Catherine VOUTAZ,76
Iron,CC 11,State Auditor,,1,,Over Votes,0
Iron,CC 11,State Auditor,,1,,Under Votes,18
Iron,CC 11,State Treasurer,,1,UFP,Miles POMEROY,19
Iron,CC 11,State Treasurer,,1,REP,Marlo M. OAKS,262
Iron,CC 11,State Treasurer,,1,DEM,Neil A HANSEN,67
Iron,CC 11,State Treasurer,,1,,Over Votes,0
Iron,CC 11,State Treasurer,,1,,Under Votes,27
Iron,CC 11,State House,71,1,DEM,Steve MERRILL,83
Iron,CC 11,State House,71,1,REP,Rex P. SHIPP,268
Iron,CC 11,State House,71,1,,Over Votes,0
Iron,CC 11,State House,71,1,,Under Votes,24
Iron,CC 11,County Commission,C,1,REP,Kenneth L. ROBINSON,292
Iron,CC 11,County Commission,C,1,,Over Votes,0
Iron,CC 11,County Commission,C,1,,Under Votes,83
Iron,CC 11,County Assessor,,1,REP,Karsten M. REED,282
Iron,CC 11,County Assessor,,1,,Over Votes,0
Iron,CC 11,County Assessor,,1,,Under Votes,93
Iron,CC 11,County Auditor,,1,REP,Lucas A. LITTLE,284
Iron,CC 11,County Auditor,,1,,Over Votes,0
Iron,CC 11,County Auditor,,1,,Under Votes,91
Iron,CC 11,County Recorder/Surveyor,,1,REP,Carri R. JEFFRIES,279
Iron,CC 11,County Recorder/Surveyor,,1,,Over Votes,0
Iron,CC 11,County Recorder/Surveyor,,1,,Under Votes,96
Iron,CC 11,County Treasurer,,1,REP,Nicole ROSENBERG,279
Iron,CC 11,County Treasurer,,1,,Over Votes,0
Iron,CC 11,County Treasurer,,1,,Under Votes,96
Iron,CC 11,Retain Supreme Court Justice-Matthew B. DURRANT,,1,,Yes,249
Iron,CC 11,Retain Supreme Court Justice-Matthew B. DURRANT,,1,,No,59
Iron,CC 11,Retain Supreme Court Justice-Matthew B. DURRANT,,1,,Over Votes,0
Iron,CC 11,Retain Supreme Court Justice-Matthew B. DURRANT,,1,,Under Votes,67
Iron,CC 11,Retain Appeals Court Judge-Ryan D. TENNEY,,1,,Yes,247
Iron,CC 11,Retain Appeals Court Judge-Ryan D. TENNEY,,1,,No,57
Iron,CC 11,Retain Appeals Court Judge-Ryan D. TENNEY,,1,,Over Votes,0
Iron,CC 11,Retain Appeals Court Judge-Ryan D. TENNEY,,1,,Under Votes,71
Iron,CC 11,Retain 5th District Circuit Court Judge-Keith C. BARNES,,1,,Yes,252
Iron,CC 11,Retain 5th District Circuit Court Judge-Keith C. BARNES,,1,,No,53
Iron,CC 11,Retain 5th District Circuit Court Judge-Keith C. BARNES,,1,,Over Votes,1
Iron,CC 11,Retain 5th District Circuit Court Judge-Keith C. BARNES,,1,,Under Votes,69
Iron,CC 11,Retain 5th District Juvenile Circuit Court Judge-Michael FLEMMING LEAVITT,,1,,Yes,243
Iron,CC 11,Retain 5th District Juvenile Circuit Court Judge-Michael FLEMMING LEAVITT,,1,,No,62
Iron,CC 11,Retain 5th District Juvenile Circuit Court Judge-Michael FLEMMING LEAVITT,,1,,Over Votes,0
Iron,CC 11,Retain 5th District Juvenile Circuit Court Judge-Michael FLEMMING LEAVITT,,1,,Under Votes,70
Iron,CC 11,Constitutional Amendment A,,1,,For,215
Iron,CC 11,Constitutional Amendment A,,1,,Against,115
Iron,CC 11,Constitutional Amendment A,,1,,Over Votes,0
Iron,CC 11,Constitutional Amendment A,,1,,Under Votes,45
Iron,CC 11,Constitutional Amendment B,,1,,For,243
Iron,CC 11,Constitutional Amendment B,,1,,Against,99
Iron,CC 11,Constitutional Amendment B,,1,,Over Votes,0
Iron,CC 11,Constitutional Amendment B,,1,,Under Votes,33
Iron,CC 11,Constitutional Amendment C,,1,,For,295
Iron,CC 11,Constitutional Amendment C,,1,,Against,52
Iron,CC 11,Constitutional Amendment C,,1,,Over Votes,0
Iron,CC 11,Constitutional Amendment C,,1,,Under Votes,28
Iron,CC 11,Constitutional Amendment D,,1,,For,203
Iron,CC 11,Constitutional Amendment D,,1,,Against,112
Iron,CC 11,Constitutional Amendment D,,1,,Over Votes,0
Iron,CC 11,Constitutional Amendment D,,1,,Under Votes,60
Iron,CC 11,Iron County School Board Bond,,1,,For,173
Iron,CC 11,Iron County School Board Bond,,1,,Against,164
Iron,CC 11,Iron County School Board Bond,,1,,Over Votes,0
Iron,CC 11,Iron County School Board Bond,,1,,Under Votes,38
Iron,CC 12,Registered Voters,,,,,653
Iron,CC 12,Ballots Cast,,,,,528
Iron,CC 12,President,,1,,Cornel Ronald WEST / Melina ABDULLAH,2
Iron,CC 12,President,,1,,"Lucifer ""JUSTIN CASE"" EVERYLOVE",1
Iron,CC 12,President,,1,CON,Joel SKOUSEN / Rik COMBS,1
Iron,CC 12,President,,1,GRN,Jill STEIN / Rudolph WARE,1
Iron,CC 12,President,,1,REP,Donald J. TRUMP/ JD VANCE,350
Iron,CC 12,President,,1,LBT,Chase OLIVER / Mike ter MAAT,12
Iron,CC 12,President,,1,DEM,Kamala D. HARRIS / Tim WALZ,151
Iron,CC 12,President,,1,,Claudia de la CRUZ / Karina Alexandra GARCIA,1
Iron,CC 12,President,,1,,Write-In,5
Iron,CC 12,President,,1,,Over Votes,0
Iron,CC 12,President,,1,,Under Votes,4
Iron,CC 12,U.S. Senate,,1,IAP,Carleton E. BOWEN,35
Iron,CC 12,U.S. Senate,,1,REP,John CURTIS,334
Iron,CC 12,U.S. Senate,,1,DEM,Caroline GLEICH,145
Iron,CC 12,U.S. Senate,,1,,Write-In,6
Iron,CC 12,U.S. Senate,,1,,Over Votes,0
Iron,CC 12,U.S. Senate,,1,,Under Votes,8
Iron,CC 12,U.S. House,2,1,DEM,Nathaniel E WOODWARD,132
Iron,CC 12,U.S. House,2,1,CON,Cassie EASLEY,50
Iron,CC 12,U.S. House,2,1,REP,Celeste MALOY,318
Iron,CC 12,U.S. House,2,1,,Tyler MURSET,9
Iron,CC 12,U.S. House,2,1,,Over Votes,0
Iron,CC 12,U.S. House,2,1,,Under Votes,19
Iron,CC 12,Governor,,1,REP,Spencer J. COX / Deidre M. HENDERSON,269
Iron,CC 12,Governor,,1,IAP,Tommy WILLIAMS / Archie A. WILLIAMS III,14
Iron,CC 12,Governor,,1,DEM,Brian SMITH KING / Rebekah CUMMINGS,126
Iron,CC 12,Governor,,1,LBT,J. Robert LATHAM / Barry Evan SHORT,23
Iron,CC 12,Governor,,1,,Tom TOMENY / William LANSING TAYLOR,2
Iron,CC 12,Governor,,1,,Write-In,82
Iron,CC 12,Governor,,1,,Over Votes,0
Iron,CC 12,Governor,,1,,Under Votes,12
Iron,CC 12,Attorney General,,1,REP,Derek BROWN,314
Iron,CC 12,Attorney General,,1,DEM,Rudy J BAUTISTA,113
Iron,CC 12,Attorney General,,1,LBT,W. Andrew McCULLOUGH,35
Iron,CC 12,Attorney General,,1,,Austin HEPWORTH,23
Iron,CC 12,Attorney General,,1,UUP,Michelle QUIST,23
Iron,CC 12,Attorney General,,1,,Over Votes,0
Iron,CC 12,Attorney General,,1,,Under Votes,20
Iron,CC 12,State Auditor,,1,REP,Tina CANNON,336
Iron,CC 12,State Auditor,,1,CON,Jeffery L. OSTLER,39
Iron,CC 12,State Auditor,,1,DEM,Catherine VOUTAZ,128
Iron,CC 12,State Auditor,,1,,Over Votes,0
Iron,CC 12,State Auditor,,1,,Under Votes,25
Iron,CC 12,State Treasurer,,1,UFP,Miles POMEROY,28
Iron,CC 12,State Treasurer,,1,REP,Marlo M. OAKS,343
Iron,CC 12,State Treasurer,,1,DEM,Neil A HANSEN,125
Iron,CC 12,State Treasurer,,1,,Over Votes,0
Iron,CC 12,State Treasurer,,1,,Under Votes,32
Iron,CC 12,State House,71,1,DEM,Steve MERRILL,147
Iron,CC 12,State House,71,1,REP,Rex P. SHIPP,347
Iron,CC 12,State House,71,1,,Over Votes,0
Iron,CC 12,State House,71,1,,Under Votes,34
Iron,CC 12,County Commission,C,1,REP,Kenneth L. ROBINSON,409
Iron,CC 12,County Commission,C,1,,Over Votes,0
Iron,CC 12,County Commission,C,1,,Under Votes,119
Iron,CC 12,County Assessor,,1,REP,Karsten M. REED,399
Iron,CC 12,County Assessor,,1,,Over Votes,0
Iron,CC 12,County Assessor,,1,,Under Votes,129
Iron,CC 12,County Auditor,,1,REP,Lucas A. LITTLE,396
Iron,CC 12,County Auditor,,1,,Over Votes,0
Iron,CC 12,County Auditor,,1,,Under Votes,132
Iron,CC 12,County Recorder/Surveyor,,1,REP,Carri R. JEFFRIES,392
Iron,CC 12,County Recorder/Surveyor,,1,,Over Votes,0
Iron,CC 12,County Recorder/Surveyor,,1,,Under Votes,136
Iron,CC 12,County Treasurer,,1,REP,Nicole ROSENBERG,390
Iron,CC 12,County Treasurer,,1,,Over Votes,0
Iron,CC 12,County Treasurer,,1,,Under Votes,138
Iron,CC 12,Retain Supreme Court Justice-Matthew B. DURRANT,,1,,Yes,342
Iron,CC 12,Retain Supreme Court Justice-Matthew B. DURRANT,,1,,No,95
Iron,CC 12,Retain Supreme Court Justice-Matthew B. DURRANT,,1,,Over Votes,1
Iron,CC 12,Retain Supreme Court Justice-Matthew B. DURRANT,,1,,Under Votes,90
Iron,CC 12,Retain Appeals Court Judge-Ryan D. TENNEY,,1,,Yes,341
Iron,CC 12,Retain Appeals Court Judge-Ryan D. TENNEY,,1,,No,92
Iron,CC 12,Retain Appeals Court Judge-Ryan D. TENNEY,,1,,Over Votes,0
Iron,CC 12,Retain Appeals Court Judge-Ryan D. TENNEY,,1,,Under Votes,95
Iron,CC 12,Retain 5th District Circuit Court Judge-Keith C. BARNES,,1,,Yes,346
Iron,CC 12,Retain 5th District Circuit Court Judge-Keith C. BARNES,,1,,No,99
Iron,CC 12,Retain 5th District Circuit Court Judge-Keith C. BARNES,,1,,Over Votes,0
Iron,CC 12,Retain 5th District Circuit Court Judge-Keith C. BARNES,,1,,Under Votes,83
Iron,CC 12,Retain 5th District Juvenile Circuit Court Judge-Michael FLEMMING LEAVITT,,1,,Yes,329
Iron,CC 12,Retain 5th District Juvenile Circuit Court Judge-Michael FLEMMING LEAVITT,,1,,No,106
Iron,CC 12,Retain 5th District Juvenile Circuit Court Judge-Michael FLEMMING LEAVITT,,1,,Over Votes,0
Iron,CC 12,Retain 5th District Juvenile Circuit Court Judge-Michael FLEMMING LEAVITT,,1,,Under Votes,93
Iron,CC 12,Constitutional Amendment A,,1,,For,319
Iron,CC 12,Constitutional Amendment A,,1,,Against,151
Iron,CC 12,Constitutional Amendment A,,1,,Over Votes,0
Iron,CC 12,Constitutional Amendment A,,1,,Under Votes,58
Iron,CC 12,Constitutional Amendment B,,1,,For,319
Iron,CC 12,Constitutional Amendment B,,1,,Against,167
Iron,CC 12,Constitutional Amendment B,,1,,Over Votes,0
Iron,CC 12,Constitutional Amendment B,,1,,Under Votes,42
Iron,CC 12,Constitutional Amendment C,,1,,For,426
Iron,CC 12,Constitutional Amendment C,,1,,Against,65
Iron,CC 12,Constitutional Amendment C,,1,,Over Votes,0
Iron,CC 12,Constitutional Amendment C,,1,,Under Votes,37
Iron,CC 12,Constitutional Amendment D,,1,,For,296
Iron,CC 12,Constitutional Amendment D,,1,,Against,152
Iron,CC 12,Constitutional Amendment D,,1,,Over Votes,0
Iron,CC 12,Constitutional Amendment D,,1,,Under Votes,80
Iron,CC 12,Iron County School Board Bond,,1,,For,201
Iron,CC 12,Iron County School Board Bond,,1,,Against,271
Iron,CC 12,Iron County School Board Bond,,1,,Over Votes,0
Iron,CC 12,Iron County School Board Bond,,1,,Under Votes,56
Iron,CC 13,Registered Voters,,,,,454
Iron,CC 13,Ballots Cast,,,,,395
Iron,CC 13,President,,1,,Cornel Ronald WEST / Melina ABDULLAH,3
Iron,CC 13,President,,1,,"Lucifer ""JUSTIN CASE"" EVERYLOVE",0
Iron,CC 13,President,,1,CON,Joel SKOUSEN / Rik COMBS,3
Iron,CC 13,President,,1,GRN,Jill STEIN / Rudolph WARE,0
Iron,CC 13,President,,1,REP,Donald J. TRUMP/ JD VANCE,269
Iron,CC 13,President,,1,LBT,Chase OLIVER / Mike ter MAAT,7
Iron,CC 13,President,,1,DEM,Kamala D. HARRIS / Tim WALZ,104
Iron,CC 13,President,,1,,Claudia de la CRUZ / Karina Alexandra GARCIA,1
Iron,CC 13,President,,1,,Write-In,3
Iron,CC 13,President,,1,,Over Votes,0
Iron,CC 13,President,,1,,Under Votes,5
Iron,CC 13,U.S. Senate,,1,IAP,Carleton E. BOWEN,22
Iron,CC 13,U.S. Senate,,1,REP,John CURTIS,275
Iron,CC 13,U.S. Senate,,1,DEM,Caroline GLEICH,86
Iron,CC 13,U.S. Senate,,1,,Write-In,1
Iron,CC 13,U.S. Senate,,1,,Over Votes,0
Iron,CC 13,U.S. Senate,,1,,Under Votes,11
Iron,CC 13,U.S. House,2,1,DEM,Nathaniel E WOODWARD,87
Iron,CC 13,U.S. House,2,1,CON,Cassie EASLEY,25
Iron,CC 13,U.S. House,2,1,REP,Celeste MALOY,252
Iron,CC 13,U.S. House,2,1,,Tyler MURSET,8
Iron,CC 13,U.S. House,2,1,,Over Votes,0
Iron,CC 13,U.S. House,2,1,,Under Votes,23
Iron,CC 13,Governor,,1,REP,Spencer J. COX / Deidre M. HENDERSON,230
Iron,CC 13,Governor,,1,IAP,Tommy WILLIAMS / Archie A. WILLIAMS III,4
Iron,CC 13,Governor,,1,DEM,Brian SMITH KING / Rebekah CUMMINGS,73
Iron,CC 13,Governor,,1,LBT,J. Robert LATHAM / Barry Evan SHORT,16
Iron,CC 13,Governor,,1,,Tom TOMENY / William LANSING TAYLOR,0
Iron,CC 13,Governor,,1,,Write-In,57
Iron,CC 13,Governor,,1,,Over Votes,0
Iron,CC 13,Governor,,1,,Under Votes,15
Iron,CC 13,Attorney General,,1,REP,Derek BROWN,249
Iron,CC 13,Attorney General,,1,DEM,Rudy J BAUTISTA,76
Iron,CC 13,Attorney General,,1,LBT,W. Andrew McCULLOUGH,18
Iron,CC 13,Attorney General,,1,,Austin HEPWORTH,17
Iron,CC 13,Attorney General,,1,UUP,Michelle QUIST,17
Iron,CC 13,Attorney General,,1,,Over Votes,0
Iron,CC 13,Attorney General,,1,,Under Votes,18
Iron,CC 13,State Auditor,,1,REP,Tina CANNON,268
Iron,CC 13,State Auditor,,1,CON,Jeffery L. OSTLER,18
Iron,CC 13,State Auditor,,1,DEM,Catherine VOUTAZ,85
Iron,CC 13,State Auditor,,1,,Over Votes,0
Iron,CC 13,State Auditor,,1,,Under Votes,24
Iron,CC 13,State Treasurer,,1,UFP,Miles POMEROY,17
Iron,CC 13,State Treasurer,,1,REP,Marlo M. OAKS,273
Iron,CC 13,State Treasurer,,1,DEM,Neil A HANSEN,84
Iron,CC 13,State Treasurer,,1,,Over Votes,0
Iron,CC 13,State Treasurer,,1,,Under Votes,21
Iron,CC 13,State House,71,1,DEM,Steve MERRILL,90
Iron,CC 13,State House,71,1,REP,Rex P. SHIPP,285
Iron,CC 13,State House,71,1,,Over Votes,0
Iron,CC 13,State House,71,1,,Under Votes,20
Iron,CC 13,County Commission,C,1,REP,Kenneth L. ROBINSON,304
Iron,CC 13,County Commission,C,1,,Over Votes,0
Iron,CC 13,County Commission,C,1,,Under Votes,91
Iron,CC 13,County Assessor,,1,REP,Karsten M. REED,306
Iron,CC 13,County Assessor,,1,,Over Votes,0
Iron,CC 13,County Assessor,,1,,Under Votes,89
Iron,CC 13,County Auditor,,1,REP,Lucas A. LITTLE,305
Iron,CC 13,County Auditor,,1,,Over Votes,0
Iron,CC 13,County Auditor,,1,,Under Votes,90
Iron,CC 13,County Recorder/Surveyor,,1,REP,Carri R. JEFFRIES,302
Iron,CC 13,County Recorder/Surveyor,,1,,Over Votes,0
Iron,CC 13,County Recorder/Surveyor,,1,,Under Votes,93
Iron,CC 13,County Treasurer,,1,REP,Nicole ROSENBERG,301
Iron,CC 13,County Treasurer,,1,,Over Votes,0
Iron,CC 13,County Treasurer,,1,,Under Votes,94
Iron,CC 13,Retain Supreme Court Justice-Matthew B. DURRANT,,1,,Yes,292
Iron,CC 13,Retain Supreme Court Justice-Matthew B. DURRANT,,1,,No,37
Iron,CC 13,Retain Supreme Court Justice-Matthew B. DURRANT,,1,,Over Votes,0
Iron,CC 13,Retain Supreme Court Justice-Matthew B. DURRANT,,1,,Under Votes,66
Iron,CC 13,Retain Appeals Court Judge-Ryan D. TENNEY,,1,,Yes,294
Iron,CC 13,Retain Appeals Court Judge-Ryan D. TENNEY,,1,,No,36
Iron,CC 13,Retain Appeals Court Judge-Ryan D. TENNEY,,1,,Over Votes,0
Iron,CC 13,Retain Appeals Court Judge-Ryan D. TENNEY,,1,,Under Votes,65
Iron,CC 13,Retain 5th District Circuit Court Judge-Keith C. BARNES,,1,,Yes,298
Iron,CC 13,Retain 5th District Circuit Court Judge-Keith C. BARNES,,1,,No,40
Iron,CC 13,Retain 5th District Circuit Court Judge-Keith C. BARNES,,1,,Over Votes,0
Iron,CC 13,Retain 5th District Circuit Court Judge-Keith C. BARNES,,1,,Under Votes,57
Iron,CC 13,Retain 5th District Juvenile Circuit Court Judge-Michael FLEMMING LEAVITT,,1,,Yes,294
Iron,CC 13,Retain 5th District Juvenile Circuit Court Judge-Michael FLEMMING LEAVITT,,1,,No,45
Iron,CC 13,Retain 5th District Juvenile Circuit Court Judge-Michael FLEMMING LEAVITT,,1,,Over Votes,0
Iron,CC 13,Retain 5th District Juvenile Circuit Court Judge-Michael FLEMMING LEAVITT,,1,,Under Votes,56
Iron,CC 13,Constitutional Amendment A,,1,,For,197
Iron,CC 13,Constitutional Amendment A,,1,,Against,152
Iron,CC 13,Constitutional Amendment A,,1,,Over Votes,0
Iron,CC 13,Constitutional Amendment A,,1,,Under Votes,46
Iron,CC 13,Constitutional Amendment B,,1,,For,261
Iron,CC 13,Constitutional Amendment B,,1,,Against,105
Iron,CC 13,Constitutional Amendment B,,1,,Over Votes,0
Iron,CC 13,Constitutional Amendment B,,1,,Under Votes,29
Iron,CC 13,Constitutional Amendment C,,1,,For,311
Iron,CC 13,Constitutional Amendment C,,1,,Against,57
Iron,CC 13,Constitutional Amendment C,,1,,Over Votes,0
Iron,CC 13,Constitutional Amendment C,,1,,Under Votes,27
Iron,CC 13,Constitutional Amendment D,,1,,For,216
Iron,CC 13,Constitutional Amendment D,,1,,Against,121
Iron,CC 13,Constitutional Amendment D,,1,,Over Votes,0
Iron,CC 13,Constitutional Amendment D,,1,,Under Votes,58
Iron,CC 13,Iron County School Board Bond,,1,,For,214
Iron,CC 13,Iron County School Board Bond,,1,,Against,151
Iron,CC 13,Iron County School Board Bond,,1,,Over Votes,0
Iron,CC 13,Iron County School Board Bond,,1,,Under Votes,30
Iron,CC 14,Registered Voters,,,,,434
Iron,CC 14,Ballots Cast,,,,,382
Iron,CC 14,President,,1,,Cornel Ronald WEST / Melina ABDULLAH,1
Iron,CC 14,President,,1,,"Lucifer ""JUSTIN CASE"" EVERYLOVE",2
Iron,CC 14,President,,1,CON,Joel SKOUSEN / Rik COMBS,2
Iron,CC 14,President,,1,GRN,Jill STEIN / Rudolph WARE,4
Iron,CC 14,President,,1,REP,Donald J. TRUMP/ JD VANCE,275
Iron,CC 14,President,,1,LBT,Chase OLIVER / Mike ter MAAT,5
Iron,CC 14,President,,1,DEM,Kamala D. HARRIS / Tim WALZ,78
Iron,CC 14,President,,1,,Claudia de la CRUZ / Karina Alexandra GARCIA,0
Iron,CC 14,President,,1,,Write-In,7
Iron,CC 14,President,,1,,Over Votes,0
Iron,CC 14,President,,1,,Under Votes,8
Iron,CC 14,U.S. Senate,,1,IAP,Carleton E. BOWEN,21
Iron,CC 14,U.S. Senate,,1,REP,John CURTIS,289
Iron,CC 14,U.S. Senate,,1,DEM,Caroline GLEICH,62
Iron,CC 14,U.S. Senate,,1,,Write-In,0
Iron,CC 14,U.S. Senate,,1,,Over Votes,0
Iron,CC 14,U.S. Senate,,1,,Under Votes,10
Iron,CC 14,U.S. House,2,1,DEM,Nathaniel E WOODWARD,55
Iron,CC 14,U.S. House,2,1,CON,Cassie EASLEY,7
Iron,CC 14,U.S. House,2,1,REP,Celeste MALOY,295
Iron,CC 14,U.S. House,2,1,,Tyler MURSET,9
Iron,CC 14,U.S. House,2,1,,Over Votes,0
Iron,CC 14,U.S. House,2,1,,Under Votes,16
Iron,CC 14,Governor,,1,REP,Spencer J. COX / Deidre M. HENDERSON,257
Iron,CC 14,Governor,,1,IAP,Tommy WILLIAMS / Archie A. WILLIAMS III,6
Iron,CC 14,Governor,,1,DEM,Brian SMITH KING / Rebekah CUMMINGS,47
Iron,CC 14,Governor,,1,LBT,J. Robert LATHAM / Barry Evan SHORT,19
Iron,CC 14,Governor,,1,,Tom TOMENY / William LANSING TAYLOR,0
Iron,CC 14,Governor,,1,,Write-In,44
Iron,CC 14,Governor,,1,,Over Votes,0
Iron,CC 14,Governor,,1,,Under Votes,9
Iron,CC 14,Attorney General,,1,REP,Derek BROWN,277
Iron,CC 14,Attorney General,,1,DEM,Rudy J BAUTISTA,46
Iron,CC 14,Attorney General,,1,LBT,W. Andrew McCULLOUGH,15
Iron,CC 14,Attorney General,,1,,Austin HEPWORTH,15
Iron,CC 14,Attorney General,,1,UUP,Michelle QUIST,17
Iron,CC 14,Attorney General,,1,,Over Votes,0
Iron,CC 14,Attorney General,,1,,Under Votes,12
Iron,CC 14,State Auditor,,1,REP,Tina CANNON,294
Iron,CC 14,State Auditor,,1,CON,Jeffery L. OSTLER,15
Iron,CC 14,State Auditor,,1,DEM,Catherine VOUTAZ,55
Iron,CC 14,State Auditor,,1,,Over Votes,0
Iron,CC 14,State Auditor,,1,,Under Votes,18
Iron,CC 14,State Treasurer,,1,UFP,Miles POMEROY,9
Iron,CC 14,State Treasurer,,1,REP,Marlo M. OAKS,296
Iron,CC 14,State Treasurer,,1,DEM,Neil A HANSEN,58
Iron,CC 14,State Treasurer,,1,,Over Votes,0
Iron,CC 14,State Treasurer,,1,,Under Votes,19
Iron,CC 14,State House,71,1,DEM,Steve MERRILL,75
Iron,CC 14,State House,71,1,REP,Rex P. SHIPP,292
Iron,CC 14,State House,71,1,,Over Votes,0
Iron,CC 14,State House,71,1,,Under Votes,15
Iron,CC 14,County Commission,C,1,REP,Kenneth L. ROBINSON,319
Iron,CC 14,County Commission,C,1,,Over Votes,0
Iron,CC 14,County Commission,C,1,,Under Votes,63
Iron,CC 14,County Assessor,,1,REP,Karsten M. REED,316
Iron,CC 14,County Assessor,,1,,Over Votes,0
Iron,CC 14,County Assessor,,1,,Under Votes,66
Iron,CC 14,County Auditor,,1,REP,Lucas A. LITTLE,312
Iron,CC 14,County Auditor,,1,,Over Votes,0
Iron,CC 14,County Auditor,,1,,Under Votes,70
Iron,CC 14,County Recorder/Surveyor,,1,REP,Carri R. JEFFRIES,313
Iron,CC 14,County Recorder/Surveyor,,1,,Over Votes,0
Iron,CC 14,County Recorder/Surveyor,,1,,Under Votes,69
Iron,CC 14,County Treasurer,,1,REP,Nicole ROSENBERG,317
Iron,CC 14,County Treasurer,,1,,Over Votes,0
Iron,CC 14,County Treasurer,,1,,Under Votes,65
Iron,CC 14,Retain Supreme Court Justice-Matthew B. DURRANT,,1,,Yes,277
Iron,CC 14,Retain Supreme Court Justice-Matthew B. DURRANT,,1,,No,49
Iron,CC 14,Retain Supreme Court Justice-Matthew B. DURRANT,,1,,Over Votes,0
Iron,CC 14,Retain Supreme Court Justice-Matthew B. DURRANT,,1,,Under Votes,56
Iron,CC 14,Retain Appeals Court Judge-Ryan D. TENNEY,,1,,Yes,278
Iron,CC 14,Retain Appeals Court Judge-Ryan D. TENNEY,,1,,No,45
Iron,CC 14,Retain Appeals Court Judge-Ryan D. TENNEY,,1,,Over Votes,0
Iron,CC 14,Retain Appeals Court Judge-Ryan D. TENNEY,,1,,Under Votes,59
Iron,CC 14,Retain 5th District Circuit Court Judge-Keith C. BARNES,,1,,Yes,301
Iron,CC 14,Retain 5th District Circuit Court Judge-Keith C. BARNES,,1,,No,35
Iron,CC 14,Retain 5th District Circuit Court Judge-Keith C. BARNES,,1,,Over Votes,0
Iron,CC 14,Retain 5th District Circuit Court Judge-Keith C. BARNES,,1,,Under Votes,46
Iron,CC 14,Retain 5th District Juvenile Circuit Court Judge-Michael FLEMMING LEAVITT,,1,,Yes,303
Iron,CC 14,Retain 5th District Juvenile Circuit Court Judge-Michael FLEMMING LEAVITT,,1,,No,29
Iron,CC 14,Retain 5th District Juvenile Circuit Court Judge-Michael FLEMMING LEAVITT,,1,,Over Votes,0
Iron,CC 14,Retain 5th District Juvenile Circuit Court Judge-Michael FLEMMING LEAVITT,,1,,Under Votes,50
Iron,CC 14,Constitutional Amendment A,,1,,For,193
Iron,CC 14,Constitutional Amendment A,,1,,Against,139
Iron,CC 14,Constitutional Amendment A,,1,,Over Votes,0
Iron,CC 14,Constitutional Amendment A,,1,,Under Votes,50
Iron,CC 14,Constitutional Amendment B,,1,,For,270
Iron,CC 14,Constitutional Amendment B,,1,,Against,95
Iron,CC 14,Constitutional Amendment B,,1,,Over Votes,1
Iron,CC 14,Constitutional Amendment B,,1,,Under Votes,16
Iron,CC 14,Constitutional Amendment C,,1,,For,301
Iron,CC 14,Constitutional Amendment C,,1,,Against,63
Iron,CC 14,Constitutional Amendment C,,1,,Over Votes,0
Iron,CC 14,Constitutional Amendment C,,1,,Under Votes,18
Iron,CC 14,Constitutional Amendment D,,1,,For,199
Iron,CC 14,Constitutional Amendment D,,1,,Against,110
Iron,CC 14,Constitutional Amendment D,,1,,Over Votes,0
Iron,CC 14,Constitutional Amendment D,,1,,Under Votes,73
Iron,CC 14,Iron County School Board Bond,,1,,For,198
Iron,CC 14,Iron County School Board Bond,,1,,Against,167
Iron,CC 14,Iron County School Board Bond,,1,,Over Votes,0
Iron,CC 14,Iron County School Board Bond,,1,,Under Votes,17
Iron,CC 15,Registered Voters,,,,,507
Iron,CC 15,Ballots Cast,,,,,454
Iron,CC 15,President,,1,,Cornel Ronald WEST / Melina ABDULLAH,0
Iron,CC 15,President,,1,,"Lucifer ""JUSTIN CASE"" EVERYLOVE",1
Iron,CC 15,President,,1,CON,Joel SKOUSEN / Rik COMBS,0
Iron,CC 15,President,,1,GRN,Jill STEIN / Rudolph WARE,3
Iron,CC 15,President,,1,REP,Donald J. TRUMP/ JD VANCE,287
Iron,CC 15,President,,1,LBT,Chase OLIVER / Mike ter MAAT,7
Iron,CC 15,President,,1,DEM,Kamala D. HARRIS / Tim WALZ,136
Iron,CC 15,President,,1,,Claudia de la CRUZ / Karina Alexandra GARCIA,0
Iron,CC 15,President,,1,,Write-In,15
Iron,CC 15,President,,1,,Over Votes,0
Iron,CC 15,President,,1,,Under Votes,5
Iron,CC 15,U.S. Senate,,1,IAP,Carleton E. BOWEN,26
Iron,CC 15,U.S. Senate,,1,REP,John CURTIS,306
Iron,CC 15,U.S. Senate,,1,DEM,Caroline GLEICH,113
Iron,CC 15,U.S. Senate,,1,,Write-In,1
Iron,CC 15,U.S. Senate,,1,,Over Votes,0
Iron,CC 15,U.S. Senate,,1,,Under Votes,8
Iron,CC 15,U.S. House,2,1,DEM,Nathaniel E WOODWARD,104
Iron,CC 15,U.S. House,2,1,CON,Cassie EASLEY,25
Iron,CC 15,U.S. House,2,1,REP,Celeste MALOY,297
Iron,CC 15,U.S. House,2,1,,Tyler MURSET,11
Iron,CC 15,U.S. House,2,1,,Over Votes,0
Iron,CC 15,U.S. House,2,1,,Under Votes,17
Iron,CC 15,Governor,,1,REP,Spencer J. COX / Deidre M. HENDERSON,262
Iron,CC 15,Governor,,1,IAP,Tommy WILLIAMS / Archie A. WILLIAMS III,8
Iron,CC 15,Governor,,1,DEM,Brian SMITH KING / Rebekah CUMMINGS,94
Iron,CC 15,Governor,,1,LBT,J. Robert LATHAM / Barry Evan SHORT,24
Iron,CC 15,Governor,,1,,Tom TOMENY / William LANSING TAYLOR,1
Iron,CC 15,Governor,,1,,Write-In,58
Iron,CC 15,Governor,,1,,Over Votes,1
Iron,CC 15,Governor,,1,,Under Votes,6
Iron,CC 15,Attorney General,,1,REP,Derek BROWN,293
Iron,CC 15,Attorney General,,1,DEM,Rudy J BAUTISTA,91
Iron,CC 15,Attorney General,,1,LBT,W. Andrew McCULLOUGH,18
Iron,CC 15,Attorney General,,1,,Austin HEPWORTH,15
Iron,CC 15,Attorney General,,1,UUP,Michelle QUIST,21
Iron,CC 15,Attorney General,,1,,Over Votes,0
Iron,CC 15,Attorney General,,1,,Under Votes,16
Iron,CC 15,State Auditor,,1,REP,Tina CANNON,295
Iron,CC 15,State Auditor,,1,CON,Jeffery L. OSTLER,31
Iron,CC 15,State Auditor,,1,DEM,Catherine VOUTAZ,110
Iron,CC 15,State Auditor,,1,,Over Votes,0
Iron,CC 15,State Auditor,,1,,Under Votes,18
Iron,CC 15,State Treasurer,,1,UFP,Miles POMEROY,15
Iron,CC 15,State Treasurer,,1,REP,Marlo M. OAKS,313
Iron,CC 15,State Treasurer,,1,DEM,Neil A HANSEN,104
Iron,CC 15,State Treasurer,,1,,Over Votes,0
Iron,CC 15,State Treasurer,,1,,Under Votes,22
Iron,CC 15,State House,71,1,DEM,Steve MERRILL,122
Iron,CC 15,State House,71,1,REP,Rex P. SHIPP,317
Iron,CC 15,State House,71,1,,Over Votes,0
Iron,CC 15,State House,71,1,,Under Votes,15
Iron,CC 15,County Commission,C,1,REP,Kenneth L. ROBINSON,366
Iron,CC 15,County Commission,C,1,,Over Votes,0
Iron,CC 15,County Commission,C,1,,Under Votes,88
Iron,CC 15,County Assessor,,1,REP,Karsten M. REED,362
Iron,CC 15,County Assessor,,1,,Over Votes,0
Iron,CC 15,County Assessor,,1,,Under Votes,92
Iron,CC 15,County Auditor,,1,REP,Lucas A. LITTLE,356
Iron,CC 15,County Auditor,,1,,Over Votes,0
Iron,CC 15,County Auditor,,1,,Under Votes,98
Iron,CC 15,County Recorder/Surveyor,,1,REP,Carri R. JEFFRIES,359
Iron,CC 15,County Recorder/Surveyor,,1,,Over Votes,0
Iron,CC 15,County Recorder/Surveyor,,1,,Under Votes,95
Iron,CC 15,County Treasurer,,1,REP,Nicole ROSENBERG,358
Iron,CC 15,County Treasurer,,1,,Over Votes,0
Iron,CC 15,County Treasurer,,1,,Under Votes,96
Iron,CC 15,Retain Supreme Court Justice-Matthew B. DURRANT,,1,,Yes,330
Iron,CC 15,Retain Supreme Court Justice-Matthew B. DURRANT,,1,,No,59
Iron,CC 15,Retain Supreme Court Justice-Matthew B. DURRANT,,1,,Over Votes,1
Iron,CC 15,Retain Supreme Court Justice-Matthew B. DURRANT,,1,,Under Votes,64
Iron,CC 15,Retain Appeals Court Judge-Ryan D. TENNEY,,1,,Yes,336
Iron,CC 15,Retain Appeals Court Judge-Ryan D. TENNEY,,1,,No,53
Iron,CC 15,Retain Appeals Court Judge-Ryan D. TENNEY,,1,,Over Votes,0
Iron,CC 15,Retain Appeals Court Judge-Ryan D. TENNEY,,1,,Under Votes,65
Iron,CC 15,Retain 5th District Circuit Court Judge-Keith C. BARNES,,1,,Yes,348
Iron,CC 15,Retain 5th District Circuit Court Judge-Keith C. BARNES,,1,,No,46
Iron,CC 15,Retain 5th District Circuit Court Judge-Keith C. BARNES,,1,,Over Votes,0
Iron,CC 15,Retain 5th District Circuit Court Judge-Keith C. BARNES,,1,,Under Votes,60
Iron,CC 15,Retain 5th District Juvenile Circuit Court Judge-Michael FLEMMING LEAVITT,,1,,Yes,333
Iron,CC 15,Retain 5th District Juvenile Circuit Court Judge-Michael FLEMMING LEAVITT,,1,,No,59
Iron,CC 15,Retain 5th District Juvenile Circuit Court Judge-Michael FLEMMING LEAVITT,,1,,Over Votes,0
Iron,CC 15,Retain 5th District Juvenile Circuit Court Judge-Michael FLEMMING LEAVITT,,1,,Under Votes,62
Iron,CC 15,Constitutional Amendment A,,1,,For,246
Iron,CC 15,Constitutional Amendment A,,1,,Against,154
Iron,CC 15,Constitutional Amendment A,,1,,Over Votes,0
Iron,CC 15,Constitutional Amendment A,,1,,Under Votes,54
Iron,CC 15,Constitutional Amendment B,,1,,For,321
Iron,CC 15,Constitutional Amendment B,,1,,Against,106
Iron,CC 15,Constitutional Amendment B,,1,,Over Votes,0
Iron,CC 15,Constitutional Amendment B,,1,,Under Votes,27
Iron,CC 15,Constitutional Amendment C,,1,,For,360
Iron,CC 15,Constitutional Amendment C,,1,,Against,69
Iron,CC 15,Constitutional Amendment C,,1,,Over Votes,0
Iron,CC 15,Constitutional Amendment C,,1,,Under Votes,25
Iron,CC 15,Constitutional Amendment D,,1,,For,245
Iron,CC 15,Constitutional Amendment D,,1,,Against,141
Iron,CC 15,Constitutional Amendment D,,1,,Over Votes,0
Iron,CC 15,Constitutional Amendment D,,1,,Under Votes,68
Iron,CC 15,Iron County School Board Bond,,1,,For,255
Iron,CC 15,Iron County School Board Bond,,1,,Against,178
Iron,CC 15,Iron County School Board Bond,,1,,Over Votes,0
Iron,CC 15,Iron County School Board Bond,,1,,Under Votes,21
Iron,CC 16,Registered Voters,,,,,850
Iron,CC 16,Ballots Cast,,,,,760
Iron,CC 16,President,,1,,Cornel Ronald WEST / Melina ABDULLAH,1
Iron,CC 16,President,,1,,"Lucifer ""JUSTIN CASE"" EVERYLOVE",1
Iron,CC 16,President,,1,CON,Joel SKOUSEN / Rik COMBS,3
Iron,CC 16,President,,1,GRN,Jill STEIN / Rudolph WARE,0
Iron,CC 16,President,,1,REP,Donald J. TRUMP/ JD VANCE,537
Iron,CC 16,President,,1,LBT,Chase OLIVER / Mike ter MAAT,17
Iron,CC 16,President,,1,DEM,Kamala D. HARRIS / Tim WALZ,186
Iron,CC 16,President,,1,,Claudia de la CRUZ / Karina Alexandra GARCIA,1
Iron,CC 16,President,,1,,Write-In,6
Iron,CC 16,President,,1,,Over Votes,0
Iron,CC 16,President,,1,,Under Votes,8
Iron,CC 16,U.S. Senate,,1,IAP,Carleton E. BOWEN,55
Iron,CC 16,U.S. Senate,,1,REP,John CURTIS,505
Iron,CC 16,U.S. Senate,,1,DEM,Caroline GLEICH,162
Iron,CC 16,U.S. Senate,,1,,Write-In,2
Iron,CC 16,U.S. Senate,,1,,Over Votes,1
Iron,CC 16,U.S. Senate,,1,,Under Votes,35
Iron,CC 16,U.S. House,2,1,DEM,Nathaniel E WOODWARD,156
Iron,CC 16,U.S. House,2,1,CON,Cassie EASLEY,39
Iron,CC 16,U.S. House,2,1,REP,Celeste MALOY,504
Iron,CC 16,U.S. House,2,1,,Tyler MURSET,14
Iron,CC 16,U.S. House,2,1,,Over Votes,1
Iron,CC 16,U.S. House,2,1,,Under Votes,46
Iron,CC 16,Governor,,1,REP,Spencer J. COX / Deidre M. HENDERSON,411
Iron,CC 16,Governor,,1,IAP,Tommy WILLIAMS / Archie A. WILLIAMS III,17
Iron,CC 16,Governor,,1,DEM,Brian SMITH KING / Rebekah CUMMINGS,144
Iron,CC 16,Governor,,1,LBT,J. Robert LATHAM / Barry Evan SHORT,34
Iron,CC 16,Governor,,1,,Tom TOMENY / William LANSING TAYLOR,2
Iron,CC 16,Governor,,1,,Write-In,121
Iron,CC 16,Governor,,1,,Over Votes,1
Iron,CC 16,Governor,,1,,Under Votes,30
Iron,CC 16,Attorney General,,1,REP,Derek BROWN,491
Iron,CC 16,Attorney General,,1,DEM,Rudy J BAUTISTA,132
Iron,CC 16,Attorney General,,1,LBT,W. Andrew McCULLOUGH,36
Iron,CC 16,Attorney General,,1,,Austin HEPWORTH,24
Iron,CC 16,Attorney General,,1,UUP,Michelle QUIST,32
Iron,CC 16,Attorney General,,1,,Over Votes,1
Iron,CC 16,Attorney General,,1,,Under Votes,44
Iron,CC 16,State Auditor,,1,REP,Tina CANNON,527
Iron,CC 16,State Auditor,,1,CON,Jeffery L. OSTLER,31
Iron,CC 16,State Auditor,,1,DEM,Catherine VOUTAZ,152
Iron,CC 16,State Auditor,,1,,Over Votes,1
Iron,CC 16,State Auditor,,1,,Under Votes,49
Iron,CC 16,State Treasurer,,1,UFP,Miles POMEROY,36
Iron,CC 16,State Treasurer,,1,REP,Marlo M. OAKS,522
Iron,CC 16,State Treasurer,,1,DEM,Neil A HANSEN,133
Iron,CC 16,State Treasurer,,1,,Over Votes,1
Iron,CC 16,State Treasurer,,1,,Under Votes,68
Iron,CC 16,State House,71,1,DEM,Steve MERRILL,166
Iron,CC 16,State House,71,1,REP,Rex P. SHIPP,530
Iron,CC 16,State House,71,1,,Over Votes,1
Iron,CC 16,State House,71,1,,Under Votes,63
Iron,CC 16,County Commission,C,1,REP,Kenneth L. ROBINSON,587
Iron,CC 16,County Commission,C,1,,Over Votes,0
Iron,CC 16,County Commission,C,1,,Under Votes,173
Iron,CC 16,County Assessor,,1,REP,Karsten M. REED,575
Iron,CC 16,County Assessor,,1,,Over Votes,0
Iron,CC 16,County Assessor,,1,,Under Votes,185
Iron,CC 16,County Auditor,,1,REP,Lucas A. LITTLE,578
Iron,CC 16,County Auditor,,1,,Over Votes,0
Iron,CC 16,County Auditor,,1,,Under Votes,182
Iron,CC 16,County Recorder/Surveyor,,1,REP,Carri R. JEFFRIES,575
Iron,CC 16,County Recorder/Surveyor,,1,,Over Votes,0
Iron,CC 16,County Recorder/Surveyor,,1,,Under Votes,185
Iron,CC 16,County Treasurer,,1,REP,Nicole ROSENBERG,576
Iron,CC 16,County Treasurer,,1,,Over Votes,0
Iron,CC 16,County Treasurer,,1,,Under Votes,184
Iron,CC 16,Retain Supreme Court Justice-Matthew B. DURRANT,,1,,Yes,501
Iron,CC 16,Retain Supreme Court Justice-Matthew B. DURRANT,,1,,No,117
Iron,CC 16,Retain Supreme Court Justice-Matthew B. DURRANT,,1,,Over Votes,0
Iron,CC 16,Retain Supreme Court Justice-Matthew B. DURRANT,,1,,Under Votes,142
Iron,CC 16,Retain Appeals Court Judge-Ryan D. TENNEY,,1,,Yes,493
Iron,CC 16,Retain Appeals Court Judge-Ryan D. TENNEY,,1,,No,114
Iron,CC 16,Retain Appeals Court Judge-Ryan D. TENNEY,,1,,Over Votes,0
Iron,CC 16,Retain Appeals Court Judge-Ryan D. TENNEY,,1,,Under Votes,153
Iron,CC 16,Retain 5th District Circuit Court Judge-Keith C. BARNES,,1,,Yes,510
Iron,CC 16,Retain 5th District Circuit Court Judge-Keith C. BARNES,,1,,No,107
Iron,CC 16,Retain 5th District Circuit Court Judge-Keith C. BARNES,,1,,Over Votes,0
Iron,CC 16,Retain 5th District Circuit Court Judge-Keith C. BARNES,,1,,Under Votes,143
Iron,CC 16,Retain 5th District Juvenile Circuit Court Judge-Michael FLEMMING LEAVITT,,1,,Yes,513
Iron,CC 16,Retain 5th District Juvenile Circuit Court Judge-Michael FLEMMING LEAVITT,,1,,No,97
Iron,CC 16,Retain 5th District Juvenile Circuit Court Judge-Michael FLEMMING LEAVITT,,1,,Over Votes,0
Iron,CC 16,Retain 5th District Juvenile Circuit Court Judge-Michael FLEMMING LEAVITT,,1,,Under Votes,150
Iron,CC 16,Constitutional Amendment A,,1,,For,443
Iron,CC 16,Constitutional Amendment A,,1,,Against,213
Iron,CC 16,Constitutional Amendment A,,1,,Over Votes,0
Iron,CC 16,Constitutional Amendment A,,1,,Under Votes,104
Iron,CC 16,Constitutional Amendment B,,1,,For,517
Iron,CC 16,Constitutional Amendment B,,1,,Against,179
Iron,CC 16,Constitutional Amendment B,,1,,Over Votes,0
Iron,CC 16,Constitutional Amendment B,,1,,Under Votes,64
Iron,CC 16,Constitutional Amendment C,,1,,For,643
Iron,CC 16,Constitutional Amendment C,,1,,Against,61
Iron,CC 16,Constitutional Amendment C,,1,,Over Votes,0
Iron,CC 16,Constitutional Amendment C,,1,,Under Votes,56
Iron,CC 16,Constitutional Amendment D,,1,,For,464
Iron,CC 16,Constitutional Amendment D,,1,,Against,173
Iron,CC 16,Constitutional Amendment D,,1,,Over Votes,0
Iron,CC 16,Constitutional Amendment D,,1,,Under Votes,123
Iron,CC 16,Iron County School Board Bond,,1,,For,369
Iron,CC 16,Iron County School Board Bond,,1,,Against,310
Iron,CC 16,Iron County School Board Bond,,1,,Over Votes,0
Iron,CC 16,Iron County School Board Bond,,1,,Under Votes,81
Iron,CC 17,Registered Voters,,,,,477
Iron,CC 17,Ballots Cast,,,,,413
Iron,CC 17,President,,1,,Cornel Ronald WEST / Melina ABDULLAH,0
Iron,CC 17,President,,1,,"Lucifer ""JUSTIN CASE"" EVERYLOVE",1
Iron,CC 17,President,,1,CON,Joel SKOUSEN / Rik COMBS,2
Iron,CC 17,President,,1,GRN,Jill STEIN / Rudolph WARE,0
Iron,CC 17,President,,1,REP,Donald J. TRUMP/ JD VANCE,271
Iron,CC 17,President,,1,LBT,Chase OLIVER / Mike ter MAAT,4
Iron,CC 17,President,,1,DEM,Kamala D. HARRIS / Tim WALZ,129
Iron,CC 17,President,,1,,Claudia de la CRUZ / Karina Alexandra GARCIA,0
Iron,CC 17,President,,1,,Write-In,2
Iron,CC 17,President,,1,,Over Votes,0
Iron,CC 17,President,,1,,Under Votes,4
Iron,CC 17,U.S. Senate,,1,IAP,Carleton E. BOWEN,19
Iron,CC 17,U.S. Senate,,1,REP,John CURTIS,272
Iron,CC 17,U.S. Senate,,1,DEM,Caroline GLEICH,104
Iron,CC 17,U.S. Senate,,1,,Write-In,3
Iron,CC 17,U.S. Senate,,1,,Over Votes,0
Iron,CC 17,U.S. Senate,,1,,Under Votes,15
Iron,CC 17,U.S. House,2,1,DEM,Nathaniel E WOODWARD,95
Iron,CC 17,U.S. House,2,1,CON,Cassie EASLEY,24
Iron,CC 17,U.S. House,2,1,REP,Celeste MALOY,260
Iron,CC 17,U.S. House,2,1,,Tyler MURSET,8
Iron,CC 17,U.S. House,2,1,,Over Votes,0
Iron,CC 17,U.S. House,2,1,,Under Votes,26
Iron,CC 17,Governor,,1,REP,Spencer J. COX / Deidre M. HENDERSON,227
Iron,CC 17,Governor,,1,IAP,Tommy WILLIAMS / Archie A. WILLIAMS III,8
Iron,CC 17,Governor,,1,DEM,Brian SMITH KING / Rebekah CUMMINGS,87
Iron,CC 17,Governor,,1,LBT,J. Robert LATHAM / Barry Evan SHORT,17
Iron,CC 17,Governor,,1,,Tom TOMENY / William LANSING TAYLOR,1
Iron,CC 17,Governor,,1,,Write-In,56
Iron,CC 17,Governor,,1,,Over Votes,0
Iron,CC 17,Governor,,1,,Under Votes,17
Iron,CC 17,Attorney General,,1,REP,Derek BROWN,245
Iron,CC 17,Attorney General,,1,DEM,Rudy J BAUTISTA,88
Iron,CC 17,Attorney General,,1,LBT,W. Andrew McCULLOUGH,19
Iron,CC 17,Attorney General,,1,,Austin HEPWORTH,13
Iron,CC 17,Attorney General,,1,UUP,Michelle QUIST,22
Iron,CC 17,Attorney General,,1,,Over Votes,0
Iron,CC 17,Attorney General,,1,,Under Votes,26
Iron,CC 17,State Auditor,,1,REP,Tina CANNON,263
Iron,CC 17,State Auditor,,1,CON,Jeffery L. OSTLER,20
Iron,CC 17,State Auditor,,1,DEM,Catherine VOUTAZ,101
Iron,CC 17,State Auditor,,1,,Over Votes,0
Iron,CC 17,State Auditor,,1,,Under Votes,29
Iron,CC 17,State Treasurer,,1,UFP,Miles POMEROY,17
Iron,CC 17,State Treasurer,,1,REP,Marlo M. OAKS,271
Iron,CC 17,State Treasurer,,1,DEM,Neil A HANSEN,89
Iron,CC 17,State Treasurer,,1,,Over Votes,0
Iron,CC 17,State Treasurer,,1,,Under Votes,36
Iron,CC 17,State House,71,1,DEM,Steve MERRILL,117
Iron,CC 17,State House,71,1,REP,Rex P. SHIPP,264
Iron,CC 17,State House,71,1,,Over Votes,0
Iron,CC 17,State House,71,1,,Under Votes,32
Iron,CC 17,County Commission,C,1,REP,Kenneth L. ROBINSON,314
Iron,CC 17,County Commission,C,1,,Over Votes,0
Iron,CC 17,County Commission,C,1,,Under Votes,99
Iron,CC 17,County Assessor,,1,REP,Karsten M. REED,312
Iron,CC 17,County Assessor,,1,,Over Votes,0
Iron,CC 17,County Assessor,,1,,Under Votes,101
Iron,CC 17,County Auditor,,1,REP,Lucas A. LITTLE,305
Iron,CC 17,County Auditor,,1,,Over Votes,0
Iron,CC 17,County Auditor,,1,,Under Votes,108
Iron,CC 17,County Recorder/Surveyor,,1,REP,Carri R. JEFFRIES,306
Iron,CC 17,County Recorder/Surveyor,,1,,Over Votes,0
Iron,CC 17,County Recorder/Surveyor,,1,,Under Votes,107
Iron,CC 17,County Treasurer,,1,REP,Nicole ROSENBERG,306
Iron,CC 17,County Treasurer,,1,,Over Votes,0
Iron,CC 17,County Treasurer,,1,,Under Votes,107
Iron,CC 17,Retain Supreme Court Justice-Matthew B. DURRANT,,1,,Yes,264
Iron,CC 17,Retain Supreme Court Justice-Matthew B. DURRANT,,1,,No,62
Iron,CC 17,Retain Supreme Court Justice-Matthew B. DURRANT,,1,,Over Votes,1
Iron,CC 17,Retain Supreme Court Justice-Matthew B. DURRANT,,1,,Under Votes,86
Iron,CC 17,Retain Appeals Court Judge-Ryan D. TENNEY,,1,,Yes,272
Iron,CC 17,Retain Appeals Court Judge-Ryan D. TENNEY,,1,,No,52
Iron,CC 17,Retain Appeals Court Judge-Ryan D. TENNEY,,1,,Over Votes,0
Iron,CC 17,Retain Appeals Court Judge-Ryan D. TENNEY,,1,,Under Votes,89
Iron,CC 17,Retain 5th District Circuit Court Judge-Keith C. BARNES,,1,,Yes,286
Iron,CC 17,Retain 5th District Circuit Court Judge-Keith C. BARNES,,1,,No,39
Iron,CC 17,Retain 5th District Circuit Court Judge-Keith C. BARNES,,1,,Over Votes,0
Iron,CC 17,Retain 5th District Circuit Court Judge-Keith C. BARNES,,1,,Under Votes,88
Iron,CC 17,Retain 5th District Juvenile Circuit Court Judge-Michael FLEMMING LEAVITT,,1,,Yes,286
Iron,CC 17,Retain 5th District Juvenile Circuit Court Judge-Michael FLEMMING LEAVITT,,1,,No,38
Iron,CC 17,Retain 5th District Juvenile Circuit Court Judge-Michael FLEMMING LEAVITT,,1,,Over Votes,0
Iron,CC 17,Retain 5th District Juvenile Circuit Court Judge-Michael FLEMMING LEAVITT,,1,,Under Votes,89
Iron,CC 17,Constitutional Amendment A,,1,,For,218
Iron,CC 17,Constitutional Amendment A,,1,,Against,134
Iron,CC 17,Constitutional Amendment A,,1,,Over Votes,0
Iron,CC 17,Constitutional Amendment A,,1,,Under Votes,61
Iron,CC 17,Constitutional Amendment B,,1,,For,280
Iron,CC 17,Constitutional Amendment B,,1,,Against,95
Iron,CC 17,Constitutional Amendment B,,1,,Over Votes,0
Iron,CC 17,Constitutional Amendment B,,1,,Under Votes,38
Iron,CC 17,Constitutional Amendment C,,1,,For,323
Iron,CC 17,Constitutional Amendment C,,1,,Against,57
Iron,CC 17,Constitutional Amendment C,,1,,Over Votes,0
Iron,CC 17,Constitutional Amendment C,,1,,Under Votes,33
Iron,CC 17,Constitutional Amendment D,,1,,For,209
Iron,CC 17,Constitutional Amendment D,,1,,Against,125
Iron,CC 17,Constitutional Amendment D,,1,,Over Votes,0
Iron,CC 17,Constitutional Amendment D,,1,,Under Votes,79
Iron,CC 17,Iron County School Board Bond,,1,,For,210
Iron,CC 17,Iron County School Board Bond,,1,,Against,158
Iron,CC 17,Iron County School Board Bond,,1,,Over Votes,0
Iron,CC 17,Iron County School Board Bond,,1,,Under Votes,45
Iron,CC 18,Registered Voters,,,,,1058
Iron,CC 18,Ballots Cast,,,,,958
Iron,CC 18,President,,1,,Cornel Ronald WEST / Melina ABDULLAH,2
Iron,CC 18,President,,1,,"Lucifer ""JUSTIN CASE"" EVERYLOVE",1
Iron,CC 18,President,,1,CON,Joel SKOUSEN / Rik COMBS,5
Iron,CC 18,President,,1,GRN,Jill STEIN / Rudolph WARE,4
Iron,CC 18,President,,1,REP,Donald J. TRUMP/ JD VANCE,724
Iron,CC 18,President,,1,LBT,Chase OLIVER / Mike ter MAAT,11
Iron,CC 18,President,,1,DEM,Kamala D. HARRIS / Tim WALZ,175
Iron,CC 18,President,,1,,Claudia de la CRUZ / Karina Alexandra GARCIA,0
Iron,CC 18,President,,1,,Write-In,25
Iron,CC 18,President,,1,,Over Votes,0
Iron,CC 18,President,,1,,Under Votes,11
Iron,CC 18,U.S. Senate,,1,IAP,Carleton E. BOWEN,60
Iron,CC 18,U.S. Senate,,1,REP,John CURTIS,719
Iron,CC 18,U.S. Senate,,1,DEM,Caroline GLEICH,136
Iron,CC 18,U.S. Senate,,1,,Write-In,10
Iron,CC 18,U.S. Senate,,1,,Over Votes,0
Iron,CC 18,U.S. Senate,,1,,Under Votes,33
Iron,CC 18,U.S. House,2,1,DEM,Nathaniel E WOODWARD,137
Iron,CC 18,U.S. House,2,1,CON,Cassie EASLEY,54
Iron,CC 18,U.S. House,2,1,REP,Celeste MALOY,704
Iron,CC 18,U.S. House,2,1,,Tyler MURSET,28
Iron,CC 18,U.S. House,2,1,,Over Votes,1
Iron,CC 18,U.S. House,2,1,,Under Votes,34
Iron,CC 18,Governor,,1,REP,Spencer J. COX / Deidre M. HENDERSON,617
Iron,CC 18,Governor,,1,IAP,Tommy WILLIAMS / Archie A. WILLIAMS III,24
Iron,CC 18,Governor,,1,DEM,Brian SMITH KING / Rebekah CUMMINGS,112
Iron,CC 18,Governor,,1,LBT,J. Robert LATHAM / Barry Evan SHORT,33
Iron,CC 18,Governor,,1,,Tom TOMENY / William LANSING TAYLOR,3
Iron,CC 18,Governor,,1,,Write-In,147
Iron,CC 18,Governor,,1,,Over Votes,0
Iron,CC 18,Governor,,1,,Under Votes,22
Iron,CC 18,Attorney General,,1,REP,Derek BROWN,708
Iron,CC 18,Attorney General,,1,DEM,Rudy J BAUTISTA,113
Iron,CC 18,Attorney General,,1,LBT,W. Andrew McCULLOUGH,24
Iron,CC 18,Attorney General,,1,,Austin HEPWORTH,35
Iron,CC 18,Attorney General,,1,UUP,Michelle QUIST,45
Iron,CC 18,Attorney General,,1,,Over Votes,0
Iron,CC 18,Attorney General,,1,,Under Votes,33
Iron,CC 18,State Auditor,,1,REP,Tina CANNON,738
Iron,CC 18,State Auditor,,1,CON,Jeffery L. OSTLER,49
Iron,CC 18,State Auditor,,1,DEM,Catherine VOUTAZ,126
Iron,CC 18,State Auditor,,1,,Over Votes,0
Iron,CC 18,State Auditor,,1,,Under Votes,45
Iron,CC 18,State Treasurer,,1,UFP,Miles POMEROY,36
Iron,CC 18,State Treasurer,,1,REP,Marlo M. OAKS,756
Iron,CC 18,State Treasurer,,1,DEM,Neil A HANSEN,113
Iron,CC 18,State Treasurer,,1,,Over Votes,0
Iron,CC 18,State Treasurer,,1,,Under Votes,53
Iron,CC 18,State House,71,1,DEM,Steve MERRILL,158
Iron,CC 18,State House,71,1,REP,Rex P. SHIPP,745
Iron,CC 18,State House,71,1,,Over Votes,0
Iron,CC 18,State House,71,1,,Under Votes,55
Iron,CC 18,County Commission,C,1,REP,Kenneth L. ROBINSON,762
Iron,CC 18,County Commission,C,1,,Over Votes,0
Iron,CC 18,County Commission,C,1,,Under Votes,196
Iron,CC 18,County Assessor,,1,REP,Karsten M. REED,753
Iron,CC 18,County Assessor,,1,,Over Votes,0
Iron,CC 18,County Assessor,,1,,Under Votes,205
Iron,CC 18,County Auditor,,1,REP,Lucas A. LITTLE,748
Iron,CC 18,County Auditor,,1,,Over Votes,0
Iron,CC 18,County Auditor,,1,,Under Votes,210
Iron,CC 18,County Recorder/Surveyor,,1,REP,Carri R. JEFFRIES,747
Iron,CC 18,County Recorder/Surveyor,,1,,Over Votes,0
Iron,CC 18,County Recorder/Surveyor,,1,,Under Votes,211
Iron,CC 18,County Treasurer,,1,REP,Nicole ROSENBERG,748
Iron,CC 18,County Treasurer,,1,,Over Votes,0
Iron,CC 18,County Treasurer,,1,,Under Votes,210
Iron,CC 18,Retain Supreme Court Justice-Matthew B. DURRANT,,1,,Yes,691
Iron,CC 18,Retain Supreme Court Justice-Matthew B. DURRANT,,1,,No,104
Iron,CC 18,Retain Supreme Court Justice-Matthew B. DURRANT,,1,,Over Votes,1
Iron,CC 18,Retain Supreme Court Justice-Matthew B. DURRANT,,1,,Under Votes,162
Iron,CC 18,Retain Appeals Court Judge-Ryan D. TENNEY,,1,,Yes,693
Iron,CC 18,Retain Appeals Court Judge-Ryan D. TENNEY,,1,,No,89
Iron,CC 18,Retain Appeals Court Judge-Ryan D. TENNEY,,1,,Over Votes,0
Iron,CC 18,Retain Appeals Court Judge-Ryan D. TENNEY,,1,,Under Votes,176
Iron,CC 18,Retain 5th District Circuit Court Judge-Keith C. BARNES,,1,,Yes,701
Iron,CC 18,Retain 5th District Circuit Court Judge-Keith C. BARNES,,1,,No,94
Iron,CC 18,Retain 5th District Circuit Court Judge-Keith C. BARNES,,1,,Over Votes,0
Iron,CC 18,Retain 5th District Circuit Court Judge-Keith C. BARNES,,1,,Under Votes,163
Iron,CC 18,Retain 5th District Juvenile Circuit Court Judge-Michael FLEMMING LEAVITT,,1,,Yes,694
Iron,CC 18,Retain 5th District Juvenile Circuit Court Judge-Michael FLEMMING LEAVITT,,1,,No,100
Iron,CC 18,Retain 5th District Juvenile Circuit Court Judge-Michael FLEMMING LEAVITT,,1,,Over Votes,1
Iron,CC 18,Retain 5th District Juvenile Circuit Court Judge-Michael FLEMMING LEAVITT,,1,,Under Votes,163
Iron,CC 18,Constitutional Amendment A,,1,,For,543
Iron,CC 18,Constitutional Amendment A,,1,,Against,291
Iron,CC 18,Constitutional Amendment A,,1,,Over Votes,0
Iron,CC 18,Constitutional Amendment A,,1,,Under Votes,124
Iron,CC 18,Constitutional Amendment B,,1,,For,644
Iron,CC 18,Constitutional Amendment B,,1,,Against,253
Iron,CC 18,Constitutional Amendment B,,1,,Over Votes,0
Iron,CC 18,Constitutional Amendment B,,1,,Under Votes,61
Iron,CC 18,Constitutional Amendment C,,1,,For,756
Iron,CC 18,Constitutional Amendment C,,1,,Against,145
Iron,CC 18,Constitutional Amendment C,,1,,Over Votes,0
Iron,CC 18,Constitutional Amendment C,,1,,Under Votes,57
Iron,CC 18,Constitutional Amendment D,,1,,For,565
Iron,CC 18,Constitutional Amendment D,,1,,Against,231
Iron,CC 18,Constitutional Amendment D,,1,,Over Votes,0
Iron,CC 18,Constitutional Amendment D,,1,,Under Votes,162
Iron,CC 18,Iron County School Board Bond,,1,,For,477
Iron,CC 18,Iron County School Board Bond,,1,,Against,422
Iron,CC 18,Iron County School Board Bond,,1,,Over Votes,0
Iron,CC 18,Iron County School Board Bond,,1,,Under Votes,59
Iron,CC 19,Registered Voters,,,,,592
Iron,CC 19,Ballots Cast,,,,,548
Iron,CC 19,President,,1,,Cornel Ronald WEST / Melina ABDULLAH,0
Iron,CC 19,President,,1,,"Lucifer ""JUSTIN CASE"" EVERYLOVE",1
Iron,CC 19,President,,1,CON,Joel SKOUSEN / Rik COMBS,3
Iron,CC 19,President,,1,GRN,Jill STEIN / Rudolph WARE,7
Iron,CC 19,President,,1,REP,Donald J. TRUMP/ JD VANCE,388
Iron,CC 19,President,,1,LBT,Chase OLIVER / Mike ter MAAT,7
Iron,CC 19,President,,1,DEM,Kamala D. HARRIS / Tim WALZ,126
Iron,CC 19,President,,1,,Claudia de la CRUZ / Karina Alexandra GARCIA,1
Iron,CC 19,President,,1,,Write-In,5
Iron,CC 19,President,,1,,Over Votes,1
Iron,CC 19,President,,1,,Under Votes,9
Iron,CC 19,U.S. Senate,,1,IAP,Carleton E. BOWEN,28
Iron,CC 19,U.S. Senate,,1,REP,John CURTIS,416
Iron,CC 19,U.S. Senate,,1,DEM,Caroline GLEICH,90
Iron,CC 19,U.S. Senate,,1,,Write-In,1
Iron,CC 19,U.S. Senate,,1,,Over Votes,0
Iron,CC 19,U.S. Senate,,1,,Under Votes,13
Iron,CC 19,U.S. House,2,1,DEM,Nathaniel E WOODWARD,97
Iron,CC 19,U.S. House,2,1,CON,Cassie EASLEY,15
Iron,CC 19,U.S. House,2,1,REP,Celeste MALOY,407
Iron,CC 19,U.S. House,2,1,,Tyler MURSET,8
Iron,CC 19,U.S. House,2,1,,Over Votes,0
Iron,CC 19,U.S. House,2,1,,Under Votes,21
Iron,CC 19,Governor,,1,REP,Spencer J. COX / Deidre M. HENDERSON,364
Iron,CC 19,Governor,,1,IAP,Tommy WILLIAMS / Archie A. WILLIAMS III,8
Iron,CC 19,Governor,,1,DEM,Brian SMITH KING / Rebekah CUMMINGS,67
Iron,CC 19,Governor,,1,LBT,J. Robert LATHAM / Barry Evan SHORT,11
Iron,CC 19,Governor,,1,,Tom TOMENY / William LANSING TAYLOR,3
Iron,CC 19,Governor,,1,,Write-In,81
Iron,CC 19,Governor,,1,,Over Votes,0
Iron,CC 19,Governor,,1,,Under Votes,14
Iron,CC 19,Attorney General,,1,REP,Derek BROWN,397
Iron,CC 19,Attorney General,,1,DEM,Rudy J BAUTISTA,78
Iron,CC 19,Attorney General,,1,LBT,W. Andrew McCULLOUGH,15
Iron,CC 19,Attorney General,,1,,Austin HEPWORTH,7
Iron,CC 19,Attorney General,,1,UUP,Michelle QUIST,27
Iron,CC 19,Attorney General,,1,,Over Votes,0
Iron,CC 19,Attorney General,,1,,Under Votes,24
Iron,CC 19,State Auditor,,1,REP,Tina CANNON,425
Iron,CC 19,State Auditor,,1,CON,Jeffery L. OSTLER,17
Iron,CC 19,State Auditor,,1,DEM,Catherine VOUTAZ,78
Iron,CC 19,State Auditor,,1,,Over Votes,0
Iron,CC 19,State Auditor,,1,,Under Votes,28
Iron,CC 19,State Treasurer,,1,UFP,Miles POMEROY,25
Iron,CC 19,State Treasurer,,1,REP,Marlo M. OAKS,411
Iron,CC 19,State Treasurer,,1,DEM,Neil A HANSEN,78
Iron,CC 19,State Treasurer,,1,,Over Votes,0
Iron,CC 19,State Treasurer,,1,,Under Votes,34
Iron,CC 19,State House,71,1,DEM,Steve MERRILL,117
Iron,CC 19,State House,71,1,REP,Rex P. SHIPP,399
Iron,CC 19,State House,71,1,,Over Votes,0
Iron,CC 19,State House,71,1,,Under Votes,32
Iron,CC 19,County Commission,C,1,REP,Kenneth L. ROBINSON,414
Iron,CC 19,County Commission,C,1,,Over Votes,0
Iron,CC 19,County Commission,C,1,,Under Votes,134
Iron,CC 19,County Assessor,,1,REP,Karsten M. REED,416
Iron,CC 19,County Assessor,,1,,Over Votes,0
Iron,CC 19,County Assessor,,1,,Under Votes,132
Iron,CC 19,County Auditor,,1,REP,Lucas A. LITTLE,409
Iron,CC 19,County Auditor,,1,,Over Votes,0
Iron,CC 19,County Auditor,,1,,Under Votes,139
Iron,CC 19,County Recorder/Surveyor,,1,REP,Carri R. JEFFRIES,412
Iron,CC 19,County Recorder/Surveyor,,1,,Over Votes,0
Iron,CC 19,County Recorder/Surveyor,,1,,Under Votes,136
Iron,CC 19,County Treasurer,,1,REP,Nicole ROSENBERG,413
Iron,CC 19,County Treasurer,,1,,Over Votes,0
Iron,CC 19,County Treasurer,,1,,Under Votes,135
Iron,CC 19,Retain Supreme Court Justice-Matthew B. DURRANT,,1,,Yes,395
Iron,CC 19,Retain Supreme Court Justice-Matthew B. DURRANT,,1,,No,51
Iron,CC 19,Retain Supreme Court Justice-Matthew B. DURRANT,,1,,Over Votes,0
Iron,CC 19,Retain Supreme Court Justice-Matthew B. DURRANT,,1,,Under Votes,102
Iron,CC 19,Retain Appeals Court Judge-Ryan D. TENNEY,,1,,Yes,384
Iron,CC 19,Retain Appeals Court Judge-Ryan D. TENNEY,,1,,No,55
Iron,CC 19,Retain Appeals Court Judge-Ryan D. TENNEY,,1,,Over Votes,1
Iron,CC 19,Retain Appeals Court Judge-Ryan D. TENNEY,,1,,Under Votes,108
Iron,CC 19,Retain 5th District Circuit Court Judge-Keith C. BARNES,,1,,Yes,403
Iron,CC 19,Retain 5th District Circuit Court Judge-Keith C. BARNES,,1,,No,61
Iron,CC 19,Retain 5th District Circuit Court Judge-Keith C. BARNES,,1,,Over Votes,0
Iron,CC 19,Retain 5th District Circuit Court Judge-Keith C. BARNES,,1,,Under Votes,84
Iron,CC 19,Retain 5th District Juvenile Circuit Court Judge-Michael FLEMMING LEAVITT,,1,,Yes,387
Iron,CC 19,Retain 5th District Juvenile Circuit Court Judge-Michael FLEMMING LEAVITT,,1,,No,61
Iron,CC 19,Retain 5th District Juvenile Circuit Court Judge-Michael FLEMMING LEAVITT,,1,,Over Votes,0
Iron,CC 19,Retain 5th District Juvenile Circuit Court Judge-Michael FLEMMING LEAVITT,,1,,Under Votes,100
Iron,CC 19,Constitutional Amendment A,,1,,For,252
Iron,CC 19,Constitutional Amendment A,,1,,Against,217
Iron,CC 19,Constitutional Amendment A,,1,,Over Votes,0
Iron,CC 19,Constitutional Amendment A,,1,,Under Votes,79
Iron,CC 19,Constitutional Amendment B,,1,,For,354
Iron,CC 19,Constitutional Amendment B,,1,,Against,155
Iron,CC 19,Constitutional Amendment B,,1,,Over Votes,0
Iron,CC 19,Constitutional Amendment B,,1,,Under Votes,39
Iron,CC 19,Constitutional Amendment C,,1,,For,444
Iron,CC 19,Constitutional Amendment C,,1,,Against,70
Iron,CC 19,Constitutional Amendment C,,1,,Over Votes,0
Iron,CC 19,Constitutional Amendment C,,1,,Under Votes,34
Iron,CC 19,Constitutional Amendment D,,1,,For,281
Iron,CC 19,Constitutional Amendment D,,1,,Against,166
Iron,CC 19,Constitutional Amendment D,,1,,Over Votes,0
Iron,CC 19,Constitutional Amendment D,,1,,Under Votes,101
Iron,CC 19,Iron County School Board Bond,,1,,For,260
Iron,CC 19,Iron County School Board Bond,,1,,Against,253
Iron,CC 19,Iron County School Board Bond,,1,,Over Votes,1
Iron,CC 19,Iron County School Board Bond,,1,,Under Votes,34
Iron,CC 20,Registered Voters,,,,,729
Iron,CC 20,Ballots Cast,,,,,658
Iron,CC 20,President,,1,,Cornel Ronald WEST / Melina ABDULLAH,0
Iron,CC 20,President,,1,,"Lucifer ""JUSTIN CASE"" EVERYLOVE",1
Iron,CC 20,President,,1,CON,Joel SKOUSEN / Rik COMBS,3
Iron,CC 20,President,,1,GRN,Jill STEIN / Rudolph WARE,1
Iron,CC 20,President,,1,REP,Donald J. TRUMP/ JD VANCE,563
Iron,CC 20,President,,1,LBT,Chase OLIVER / Mike ter MAAT,4
Iron,CC 20,President,,1,DEM,Kamala D. HARRIS / Tim WALZ,82
Iron,CC 20,President,,1,,Claudia de la CRUZ / Karina Alexandra GARCIA,1
Iron,CC 20,President,,1,,Write-In,3
Iron,CC 20,President,,1,,Over Votes,0
Iron,CC 20,President,,1,,Under Votes,0
Iron,CC 20,U.S. Senate,,1,IAP,Carleton E. BOWEN,70
Iron,CC 20,U.S. Senate,,1,REP,John CURTIS,496
Iron,CC 20,U.S. Senate,,1,DEM,Caroline GLEICH,72
Iron,CC 20,U.S. Senate,,1,,Write-In,3
Iron,CC 20,U.S. Senate,,1,,Over Votes,0
Iron,CC 20,U.S. Senate,,1,,Under Votes,17
Iron,CC 20,U.S. House,2,1,DEM,Nathaniel E WOODWARD,64
Iron,CC 20,U.S. House,2,1,CON,Cassie EASLEY,59
Iron,CC 20,U.S. House,2,1,REP,Celeste MALOY,478
Iron,CC 20,U.S. House,2,1,,Tyler MURSET,17
Iron,CC 20,U.S. House,2,1,,Over Votes,0
Iron,CC 20,U.S. House,2,1,,Under Votes,40
Iron,CC 20,Governor,,1,REP,Spencer J. COX / Deidre M. HENDERSON,350
Iron,CC 20,Governor,,1,IAP,Tommy WILLIAMS / Archie A. WILLIAMS III,19
Iron,CC 20,Governor,,1,DEM,Brian SMITH KING / Rebekah CUMMINGS,55
Iron,CC 20,Governor,,1,LBT,J. Robert LATHAM / Barry Evan SHORT,23
Iron,CC 20,Governor,,1,,Tom TOMENY / William LANSING TAYLOR,1
Iron,CC 20,Governor,,1,,Write-In,189
Iron,CC 20,Governor,,1,,Over Votes,0
Iron,CC 20,Governor,,1,,Under Votes,21
Iron,CC 20,Attorney General,,1,REP,Derek BROWN,497
Iron,CC 20,Attorney General,,1,DEM,Rudy J BAUTISTA,61
Iron,CC 20,Attorney General,,1,LBT,W. Andrew McCULLOUGH,26
Iron,CC 20,Attorney General,,1,,Austin HEPWORTH,32
Iron,CC 20,Attorney General,,1,UUP,Michelle QUIST,14
Iron,CC 20,Attorney General,,1,,Over Votes,0
Iron,CC 20,Attorney General,,1,,Under Votes,28
Iron,CC 20,State Auditor,,1,REP,Tina CANNON,509
Iron,CC 20,State Auditor,,1,CON,Jeffery L. OSTLER,53
Iron,CC 20,State Auditor,,1,DEM,Catherine VOUTAZ,68
Iron,CC 20,State Auditor,,1,,Over Votes,0
Iron,CC 20,State Auditor,,1,,Under Votes,28
Iron,CC 20,State Treasurer,,1,UFP,Miles POMEROY,16
Iron,CC 20,State Treasurer,,1,REP,Marlo M. OAKS,537
Iron,CC 20,State Treasurer,,1,DEM,Neil A HANSEN,72
Iron,CC 20,State Treasurer,,1,,Over Votes,0
Iron,CC 20,State Treasurer,,1,,Under Votes,33
Iron,CC 20,State House,71,1,DEM,Steve MERRILL,79
Iron,CC 20,State House,71,1,REP,Rex P. SHIPP,541
Iron,CC 20,State House,71,1,,Over Votes,0
Iron,CC 20,State House,71,1,,Under Votes,38
Iron,CC 20,County Commission,C,1,REP,Kenneth L. ROBINSON,520
Iron,CC 20,County Commission,C,1,,Over Votes,0
Iron,CC 20,County Commission,C,1,,Under Votes,138
Iron,CC 20,County Assessor,,1,REP,Karsten M. REED,516
Iron,CC 20,County Assessor,,1,,Over Votes,0
Iron,CC 20,County Assessor,,1,,Under Votes,142
Iron,CC 20,County Auditor,,1,REP,Lucas A. LITTLE,516
Iron,CC 20,County Auditor,,1,,Over Votes,0
Iron,CC 20,County Auditor,,1,,Under Votes,142
Iron,CC 20,County Recorder/Surveyor,,1,REP,Carri R. JEFFRIES,509
Iron,CC 20,County Recorder/Surveyor,,1,,Over Votes,0
Iron,CC 20,County Recorder/Surveyor,,1,,Under Votes,149
Iron,CC 20,County Treasurer,,1,REP,Nicole ROSENBERG,507
Iron,CC 20,County Treasurer,,1,,Over Votes,0
Iron,CC 20,County Treasurer,,1,,Under Votes,151
Iron,CC 20,Retain Supreme Court Justice-Matthew B. DURRANT,,1,,Yes,444
Iron,CC 20,Retain Supreme Court Justice-Matthew B. DURRANT,,1,,No,113
Iron,CC 20,Retain Supreme Court Justice-Matthew B. DURRANT,,1,,Over Votes,0
Iron,CC 20,Retain Supreme Court Justice-Matthew B. DURRANT,,1,,Under Votes,101
Iron,CC 20,Retain Appeals Court Judge-Ryan D. TENNEY,,1,,Yes,424
Iron,CC 20,Retain Appeals Court Judge-Ryan D. TENNEY,,1,,No,125
Iron,CC 20,Retain Appeals Court Judge-Ryan D. TENNEY,,1,,Over Votes,0
Iron,CC 20,Retain Appeals Court Judge-Ryan D. TENNEY,,1,,Under Votes,109
Iron,CC 20,Retain 5th District Circuit Court Judge-Keith C. BARNES,,1,,Yes,445
Iron,CC 20,Retain 5th District Circuit Court Judge-Keith C. BARNES,,1,,No,108
Iron,CC 20,Retain 5th District Circuit Court Judge-Keith C. BARNES,,1,,Over Votes,1
Iron,CC 20,Retain 5th District Circuit Court Judge-Keith C. BARNES,,1,,Under Votes,104
Iron,CC 20,Retain 5th District Juvenile Circuit Court Judge-Michael FLEMMING LEAVITT,,1,,Yes,435
Iron,CC 20,Retain 5th District Juvenile Circuit Court Judge-Michael FLEMMING LEAVITT,,1,,No,120
Iron,CC 20,Retain 5th District Juvenile Circuit Court Judge-Michael FLEMMING LEAVITT,,1,,Over Votes,0
Iron,CC 20,Retain 5th District Juvenile Circuit Court Judge-Michael FLEMMING LEAVITT,,1,,Under Votes,103
Iron,CC 20,Constitutional Amendment A,,1,,For,308
Iron,CC 20,Constitutional Amendment A,,1,,Against,267
Iron,CC 20,Constitutional Amendment A,,1,,Over Votes,0
Iron,CC 20,Constitutional Amendment A,,1,,Under Votes,83
Iron,CC 20,Constitutional Amendment B,,1,,For,309
Iron,CC 20,Constitutional Amendment B,,1,,Against,307
Iron,CC 20,Constitutional Amendment B,,1,,Over Votes,0
Iron,CC 20,Constitutional Amendment B,,1,,Under Votes,42
Iron,CC 20,Constitutional Amendment C,,1,,For,554
Iron,CC 20,Constitutional Amendment C,,1,,Against,74
Iron,CC 20,Constitutional Amendment C,,1,,Over Votes,0
Iron,CC 20,Constitutional Amendment C,,1,,Under Votes,30
Iron,CC 20,Constitutional Amendment D,,1,,For,371
Iron,CC 20,Constitutional Amendment D,,1,,Against,181
Iron,CC 20,Constitutional Amendment D,,1,,Over Votes,0
Iron,CC 20,Constitutional Amendment D,,1,,Under Votes,106
Iron,CC 20,Iron County School Board Bond,,1,,For,146
Iron,CC 20,Iron County School Board Bond,,1,,Against,462
Iron,CC 20,Iron County School Board Bond,,1,,Over Votes,0
Iron,CC 20,Iron County School Board Bond,,1,,Under Votes,50
Iron,CC 21,Registered Voters,,,,,438
Iron,CC 21,Ballots Cast,,,,,365
Iron,CC 21,President,,1,,Cornel Ronald WEST / Melina ABDULLAH,0
Iron,CC 21,President,,1,,"Lucifer ""JUSTIN CASE"" EVERYLOVE",1
Iron,CC 21,President,,1,CON,Joel SKOUSEN / Rik COMBS,3
Iron,CC 21,President,,1,GRN,Jill STEIN / Rudolph WARE,0
Iron,CC 21,President,,1,REP,Donald J. TRUMP/ JD VANCE,254
Iron,CC 21,President,,1,LBT,Chase OLIVER / Mike ter MAAT,5
Iron,CC 21,President,,1,DEM,Kamala D. HARRIS / Tim WALZ,94
Iron,CC 21,President,,1,,Claudia de la CRUZ / Karina Alexandra GARCIA,0
Iron,CC 21,President,,1,,Write-In,4
Iron,CC 21,President,,1,,Over Votes,0
Iron,CC 21,President,,1,,Under Votes,4
Iron,CC 21,U.S. Senate,,1,IAP,Carleton E. BOWEN,18
Iron,CC 21,U.S. Senate,,1,REP,John CURTIS,266
Iron,CC 21,U.S. Senate,,1,DEM,Caroline GLEICH,69
Iron,CC 21,U.S. Senate,,1,,Write-In,0
Iron,CC 21,U.S. Senate,,1,,Over Votes,0
Iron,CC 21,U.S. Senate,,1,,Under Votes,12
Iron,CC 21,U.S. House,2,1,DEM,Nathaniel E WOODWARD,68
Iron,CC 21,U.S. House,2,1,CON,Cassie EASLEY,22
Iron,CC 21,U.S. House,2,1,REP,Celeste MALOY,250
Iron,CC 21,U.S. House,2,1,,Tyler MURSET,8
Iron,CC 21,U.S. House,2,1,,Over Votes,0
Iron,CC 21,U.S. House,2,1,,Under Votes,17
Iron,CC 21,Governor,,1,REP,Spencer J. COX / Deidre M. HENDERSON,217
Iron,CC 21,Governor,,1,IAP,Tommy WILLIAMS / Archie A. WILLIAMS III,8
Iron,CC 21,Governor,,1,DEM,Brian SMITH KING / Rebekah CUMMINGS,62
Iron,CC 21,Governor,,1,LBT,J. Robert LATHAM / Barry Evan SHORT,16
Iron,CC 21,Governor,,1,,Tom TOMENY / William LANSING TAYLOR,0
Iron,CC 21,Governor,,1,,Write-In,55
Iron,CC 21,Governor,,1,,Over Votes,0
Iron,CC 21,Governor,,1,,Under Votes,7
Iron,CC 21,Attorney General,,1,REP,Derek BROWN,240
Iron,CC 21,Attorney General,,1,DEM,Rudy J BAUTISTA,57
Iron,CC 21,Attorney General,,1,LBT,W. Andrew McCULLOUGH,20
Iron,CC 21,Attorney General,,1,,Austin HEPWORTH,7
Iron,CC 21,Attorney General,,1,UUP,Michelle QUIST,27
Iron,CC 21,Attorney General,,1,,Over Votes,0
Iron,CC 21,Attorney General,,1,,Under Votes,14
Iron,CC 21,State Auditor,,1,REP,Tina CANNON,259
Iron,CC 21,State Auditor,,1,CON,Jeffery L. OSTLER,18
Iron,CC 21,State Auditor,,1,DEM,Catherine VOUTAZ,72
Iron,CC 21,State Auditor,,1,,Over Votes,0
Iron,CC 21,State Auditor,,1,,Under Votes,16
Iron,CC 21,State Treasurer,,1,UFP,Miles POMEROY,14
Iron,CC 21,State Treasurer,,1,REP,Marlo M. OAKS,271
Iron,CC 21,State Treasurer,,1,DEM,Neil A HANSEN,59
Iron,CC 21,State Treasurer,,1,,Over Votes,0
Iron,CC 21,State Treasurer,,1,,Under Votes,21
Iron,CC 21,State House,71,1,DEM,Steve MERRILL,85
Iron,CC 21,State House,71,1,REP,Rex P. SHIPP,260
Iron,CC 21,State House,71,1,,Over Votes,0
Iron,CC 21,State House,71,1,,Under Votes,20
Iron,CC 21,County Commission,C,1,REP,Kenneth L. ROBINSON,281
Iron,CC 21,County Commission,C,1,,Over Votes,0
Iron,CC 21,County Commission,C,1,,Under Votes,84
Iron,CC 21,County Assessor,,1,REP,Karsten M. REED,286
Iron,CC 21,County Assessor,,1,,Over Votes,0
Iron,CC 21,County Assessor,,1,,Under Votes,79
Iron,CC 21,County Auditor,,1,REP,Lucas A. LITTLE,286
Iron,CC 21,County Auditor,,1,,Over Votes,0
Iron,CC 21,County Auditor,,1,,Under Votes,79
Iron,CC 21,County Recorder/Surveyor,,1,REP,Carri R. JEFFRIES,286
Iron,CC 21,County Recorder/Surveyor,,1,,Over Votes,0
Iron,CC 21,County Recorder/Surveyor,,1,,Under Votes,79
Iron,CC 21,County Treasurer,,1,REP,Nicole ROSENBERG,286
Iron,CC 21,County Treasurer,,1,,Over Votes,0
Iron,CC 21,County Treasurer,,1,,Under Votes,79
Iron,CC 21,Retain Supreme Court Justice-Matthew B. DURRANT,,1,,Yes,267
Iron,CC 21,Retain Supreme Court Justice-Matthew B. DURRANT,,1,,No,55
Iron,CC 21,Retain Supreme Court Justice-Matthew B. DURRANT,,1,,Over Votes,0
Iron,CC 21,Retain Supreme Court Justice-Matthew B. DURRANT,,1,,Under Votes,43
Iron,CC 21,Retain Appeals Court Judge-Ryan D. TENNEY,,1,,Yes,264
Iron,CC 21,Retain Appeals Court Judge-Ryan D. TENNEY,,1,,No,50
Iron,CC 21,Retain Appeals Court Judge-Ryan D. TENNEY,,1,,Over Votes,0
Iron,CC 21,Retain Appeals Court Judge-Ryan D. TENNEY,,1,,Under Votes,51
Iron,CC 21,Retain 5th District Circuit Court Judge-Keith C. BARNES,,1,,Yes,266
Iron,CC 21,Retain 5th District Circuit Court Judge-Keith C. BARNES,,1,,No,49
Iron,CC 21,Retain 5th District Circuit Court Judge-Keith C. BARNES,,1,,Over Votes,1
Iron,CC 21,Retain 5th District Circuit Court Judge-Keith C. BARNES,,1,,Under Votes,49
Iron,CC 21,Retain 5th District Juvenile Circuit Court Judge-Michael FLEMMING LEAVITT,,1,,Yes,267
Iron,CC 21,Retain 5th District Juvenile Circuit Court Judge-Michael FLEMMING LEAVITT,,1,,No,49
Iron,CC 21,Retain 5th District Juvenile Circuit Court Judge-Michael FLEMMING LEAVITT,,1,,Over Votes,0
Iron,CC 21,Retain 5th District Juvenile Circuit Court Judge-Michael FLEMMING LEAVITT,,1,,Under Votes,49
Iron,CC 21,Constitutional Amendment A,,1,,For,188
Iron,CC 21,Constitutional Amendment A,,1,,Against,146
Iron,CC 21,Constitutional Amendment A,,1,,Over Votes,0
Iron,CC 21,Constitutional Amendment A,,1,,Under Votes,31
Iron,CC 21,Constitutional Amendment B,,1,,For,254
Iron,CC 21,Constitutional Amendment B,,1,,Against,95
Iron,CC 21,Constitutional Amendment B,,1,,Over Votes,0
Iron,CC 21,Constitutional Amendment B,,1,,Under Votes,16
Iron,CC 21,Constitutional Amendment C,,1,,For,308
Iron,CC 21,Constitutional Amendment C,,1,,Against,43
Iron,CC 21,Constitutional Amendment C,,1,,Over Votes,0
Iron,CC 21,Constitutional Amendment C,,1,,Under Votes,14
Iron,CC 21,Constitutional Amendment D,,1,,For,190
Iron,CC 21,Constitutional Amendment D,,1,,Against,129
Iron,CC 21,Constitutional Amendment D,,1,,Over Votes,0
Iron,CC 21,Constitutional Amendment D,,1,,Under Votes,46
Iron,CC 21,Iron County School Board Bond,,1,,For,182
Iron,CC 21,Iron County School Board Bond,,1,,Against,165
Iron,CC 21,Iron County School Board Bond,,1,,Over Votes,0
Iron,CC 21,Iron County School Board Bond,,1,,Under Votes,18
Iron,CC 22,Registered Voters,,,,,576
Iron,CC 22,Ballots Cast,,,,,515
Iron,CC 22,President,,1,,Cornel Ronald WEST / Melina ABDULLAH,0
Iron,CC 22,President,,1,,"Lucifer ""JUSTIN CASE"" EVERYLOVE",1
Iron,CC 22,President,,1,CON,Joel SKOUSEN / Rik COMBS,5
Iron,CC 22,President,,1,GRN,Jill STEIN / Rudolph WARE,1
Iron,CC 22,President,,1,REP,Donald J. TRUMP/ JD VANCE,380
Iron,CC 22,President,,1,LBT,Chase OLIVER / Mike ter MAAT,6
Iron,CC 22,President,,1,DEM,Kamala D. HARRIS / Tim WALZ,107
Iron,CC 22,President,,1,,Claudia de la CRUZ / Karina Alexandra GARCIA,0
Iron,CC 22,President,,1,,Write-In,5
Iron,CC 22,President,,1,,Over Votes,0
Iron,CC 22,President,,1,,Under Votes,10
Iron,CC 22,U.S. Senate,,1,IAP,Carleton E. BOWEN,24
Iron,CC 22,U.S. Senate,,1,REP,John CURTIS,391
Iron,CC 22,U.S. Senate,,1,DEM,Caroline GLEICH,82
Iron,CC 22,U.S. Senate,,1,,Write-In,5
Iron,CC 22,U.S. Senate,,1,,Over Votes,0
Iron,CC 22,U.S. Senate,,1,,Under Votes,13
Iron,CC 22,U.S. House,2,1,DEM,Nathaniel E WOODWARD,79
Iron,CC 22,U.S. House,2,1,CON,Cassie EASLEY,34
Iron,CC 22,U.S. House,2,1,REP,Celeste MALOY,373
Iron,CC 22,U.S. House,2,1,,Tyler MURSET,6
Iron,CC 22,U.S. House,2,1,,Over Votes,0
Iron,CC 22,U.S. House,2,1,,Under Votes,23
Iron,CC 22,Governor,,1,REP,Spencer J. COX / Deidre M. HENDERSON,319
Iron,CC 22,Governor,,1,IAP,Tommy WILLIAMS / Archie A. WILLIAMS III,5
Iron,CC 22,Governor,,1,DEM,Brian SMITH KING / Rebekah CUMMINGS,66
Iron,CC 22,Governor,,1,LBT,J. Robert LATHAM / Barry Evan SHORT,13
Iron,CC 22,Governor,,1,,Tom TOMENY / William LANSING TAYLOR,1
Iron,CC 22,Governor,,1,,Write-In,99
Iron,CC 22,Governor,,1,,Over Votes,0
Iron,CC 22,Governor,,1,,Under Votes,12
Iron,CC 22,Attorney General,,1,REP,Derek BROWN,362
Iron,CC 22,Attorney General,,1,DEM,Rudy J BAUTISTA,74
Iron,CC 22,Attorney General,,1,LBT,W. Andrew McCULLOUGH,20
Iron,CC 22,Attorney General,,1,,Austin HEPWORTH,18
Iron,CC 22,Attorney General,,1,UUP,Michelle QUIST,24
Iron,CC 22,Attorney General,,1,,Over Votes,1
Iron,CC 22,Attorney General,,1,,Under Votes,16
Iron,CC 22,State Auditor,,1,REP,Tina CANNON,392
Iron,CC 22,State Auditor,,1,CON,Jeffery L. OSTLER,25
Iron,CC 22,State Auditor,,1,DEM,Catherine VOUTAZ,76
Iron,CC 22,State Auditor,,1,,Over Votes,0
Iron,CC 22,State Auditor,,1,,Under Votes,22
Iron,CC 22,State Treasurer,,1,UFP,Miles POMEROY,19
Iron,CC 22,State Treasurer,,1,REP,Marlo M. OAKS,394
Iron,CC 22,State Treasurer,,1,DEM,Neil A HANSEN,78
Iron,CC 22,State Treasurer,,1,,Over Votes,0
Iron,CC 22,State Treasurer,,1,,Under Votes,24
Iron,CC 22,State House,71,1,DEM,Steve MERRILL,81
Iron,CC 22,State House,71,1,REP,Rex P. SHIPP,408
Iron,CC 22,State House,71,1,,Over Votes,0
Iron,CC 22,State House,71,1,,Under Votes,26
Iron,CC 22,County Commission,C,1,REP,Kenneth L. ROBINSON,432
Iron,CC 22,County Commission,C,1,,Over Votes,0
Iron,CC 22,County Commission,C,1,,Under Votes,83
Iron,CC 22,County Assessor,,1,REP,Karsten M. REED,420
Iron,CC 22,County Assessor,,1,,Over Votes,0
Iron,CC 22,County Assessor,,1,,Under Votes,95
Iron,CC 22,County Auditor,,1,REP,Lucas A. LITTLE,409
Iron,CC 22,County Auditor,,1,,Over Votes,0
Iron,CC 22,County Auditor,,1,,Under Votes,106
Iron,CC 22,County Recorder/Surveyor,,1,REP,Carri R. JEFFRIES,410
Iron,CC 22,County Recorder/Surveyor,,1,,Over Votes,0
Iron,CC 22,County Recorder/Surveyor,,1,,Under Votes,105
Iron,CC 22,County Treasurer,,1,REP,Nicole ROSENBERG,409
Iron,CC 22,County Treasurer,,1,,Over Votes,0
Iron,CC 22,County Treasurer,,1,,Under Votes,106
Iron,CC 22,Retain Supreme Court Justice-Matthew B. DURRANT,,1,,Yes,378
Iron,CC 22,Retain Supreme Court Justice-Matthew B. DURRANT,,1,,No,48
Iron,CC 22,Retain Supreme Court Justice-Matthew B. DURRANT,,1,,Over Votes,3
Iron,CC 22,Retain Supreme Court Justice-Matthew B. DURRANT,,1,,Under Votes,86
Iron,CC 22,Retain Appeals Court Judge-Ryan D. TENNEY,,1,,Yes,382
Iron,CC 22,Retain Appeals Court Judge-Ryan D. TENNEY,,1,,No,49
Iron,CC 22,Retain Appeals Court Judge-Ryan D. TENNEY,,1,,Over Votes,0
Iron,CC 22,Retain Appeals Court Judge-Ryan D. TENNEY,,1,,Under Votes,84
Iron,CC 22,Retain 5th District Circuit Court Judge-Keith C. BARNES,,1,,Yes,394
Iron,CC 22,Retain 5th District Circuit Court Judge-Keith C. BARNES,,1,,No,48
Iron,CC 22,Retain 5th District Circuit Court Judge-Keith C. BARNES,,1,,Over Votes,0
Iron,CC 22,Retain 5th District Circuit Court Judge-Keith C. BARNES,,1,,Under Votes,73
Iron,CC 22,Retain 5th District Juvenile Circuit Court Judge-Michael FLEMMING LEAVITT,,1,,Yes,381
Iron,CC 22,Retain 5th District Juvenile Circuit Court Judge-Michael FLEMMING LEAVITT,,1,,No,58
Iron,CC 22,Retain 5th District Juvenile Circuit Court Judge-Michael FLEMMING LEAVITT,,1,,Over Votes,0
Iron,CC 22,Retain 5th District Juvenile Circuit Court Judge-Michael FLEMMING LEAVITT,,1,,Under Votes,76
Iron,CC 22,Constitutional Amendment A,,1,,For,249
Iron,CC 22,Constitutional Amendment A,,1,,Against,187
Iron,CC 22,Constitutional Amendment A,,1,,Over Votes,0
Iron,CC 22,Constitutional Amendment A,,1,,Under Votes,79
Iron,CC 22,Constitutional Amendment B,,1,,For,316
Iron,CC 22,Constitutional Amendment B,,1,,Against,166
Iron,CC 22,Constitutional Amendment B,,1,,Over Votes,0
Iron,CC 22,Constitutional Amendment B,,1,,Under Votes,33
Iron,CC 22,Constitutional Amendment C,,1,,For,406
Iron,CC 22,Constitutional Amendment C,,1,,Against,74
Iron,CC 22,Constitutional Amendment C,,1,,Over Votes,0
Iron,CC 22,Constitutional Amendment C,,1,,Under Votes,35
Iron,CC 22,Constitutional Amendment D,,1,,For,272
Iron,CC 22,Constitutional Amendment D,,1,,Against,157
Iron,CC 22,Constitutional Amendment D,,1,,Over Votes,0
Iron,CC 22,Constitutional Amendment D,,1,,Under Votes,86
Iron,CC 22,Iron County School Board Bond,,1,,For,226
Iron,CC 22,Iron County School Board Bond,,1,,Against,264
Iron,CC 22,Iron County School Board Bond,,1,,Over Votes,0
Iron,CC 22,Iron County School Board Bond,,1,,Under Votes,25
Iron,CC 23,Registered Voters,,,,,346
Iron,CC 23,Ballots Cast,,,,,310
Iron,CC 23,President,,1,,Cornel Ronald WEST / Melina ABDULLAH,1
Iron,CC 23,President,,1,,"Lucifer ""JUSTIN CASE"" EVERYLOVE",0
Iron,CC 23,President,,1,CON,Joel SKOUSEN / Rik COMBS,0
Iron,CC 23,President,,1,GRN,Jill STEIN / Rudolph WARE,0
Iron,CC 23,President,,1,REP,Donald J. TRUMP/ JD VANCE,209
Iron,CC 23,President,,1,LBT,Chase OLIVER / Mike ter MAAT,4
Iron,CC 23,President,,1,DEM,Kamala D. HARRIS / Tim WALZ,84
Iron,CC 23,President,,1,,Claudia de la CRUZ / Karina Alexandra GARCIA,0
Iron,CC 23,President,,1,,Write-In,4
Iron,CC 23,President,,1,,Over Votes,0
Iron,CC 23,President,,1,,Under Votes,8
Iron,CC 23,U.S. Senate,,1,IAP,Carleton E. BOWEN,22
Iron,CC 23,U.S. Senate,,1,REP,John CURTIS,209
Iron,CC 23,U.S. Senate,,1,DEM,Caroline GLEICH,72
Iron,CC 23,U.S. Senate,,1,,Write-In,0
Iron,CC 23,U.S. Senate,,1,,Over Votes,1
Iron,CC 23,U.S. Senate,,1,,Under Votes,6
Iron,CC 23,U.S. House,2,1,DEM,Nathaniel E WOODWARD,69
Iron,CC 23,U.S. House,2,1,CON,Cassie EASLEY,19
Iron,CC 23,U.S. House,2,1,REP,Celeste MALOY,192
Iron,CC 23,U.S. House,2,1,,Tyler MURSET,16
Iron,CC 23,U.S. House,2,1,,Over Votes,0
Iron,CC 23,U.S. House,2,1,,Under Votes,14
Iron,CC 23,Governor,,1,REP,Spencer J. COX / Deidre M. HENDERSON,176
Iron,CC 23,Governor,,1,IAP,Tommy WILLIAMS / Archie A. WILLIAMS III,7
Iron,CC 23,Governor,,1,DEM,Brian SMITH KING / Rebekah CUMMINGS,63
Iron,CC 23,Governor,,1,LBT,J. Robert LATHAM / Barry Evan SHORT,10
Iron,CC 23,Governor,,1,,Tom TOMENY / William LANSING TAYLOR,0
Iron,CC 23,Governor,,1,,Write-In,46
Iron,CC 23,Governor,,1,,Over Votes,0
Iron,CC 23,Governor,,1,,Under Votes,8
Iron,CC 23,Attorney General,,1,REP,Derek BROWN,203
Iron,CC 23,Attorney General,,1,DEM,Rudy J BAUTISTA,62
Iron,CC 23,Attorney General,,1,LBT,W. Andrew McCULLOUGH,11
Iron,CC 23,Attorney General,,1,,Austin HEPWORTH,12
Iron,CC 23,Attorney General,,1,UUP,Michelle QUIST,12
Iron,CC 23,Attorney General,,1,,Over Votes,0
Iron,CC 23,Attorney General,,1,,Under Votes,10
Iron,CC 23,State Auditor,,1,REP,Tina CANNON,217
Iron,CC 23,State Auditor,,1,CON,Jeffery L. OSTLER,15
Iron,CC 23,State Auditor,,1,DEM,Catherine VOUTAZ,63
Iron,CC 23,State Auditor,,1,,Over Votes,0
Iron,CC 23,State Auditor,,1,,Under Votes,15
Iron,CC 23,State Treasurer,,1,UFP,Miles POMEROY,13
Iron,CC 23,State Treasurer,,1,REP,Marlo M. OAKS,220
Iron,CC 23,State Treasurer,,1,DEM,Neil A HANSEN,62
Iron,CC 23,State Treasurer,,1,,Over Votes,0
Iron,CC 23,State Treasurer,,1,,Under Votes,15
Iron,CC 23,State House,71,1,DEM,Steve MERRILL,80
Iron,CC 23,State House,71,1,REP,Rex P. SHIPP,215
Iron,CC 23,State House,71,1,,Over Votes,0
Iron,CC 23,State House,71,1,,Under Votes,15
Iron,CC 23,County Commission,C,1,REP,Kenneth L. ROBINSON,237
Iron,CC 23,County Commission,C,1,,Over Votes,0
Iron,CC 23,County Commission,C,1,,Under Votes,73
Iron,CC 23,County Assessor,,1,REP,Karsten M. REED,234
Iron,CC 23,County Assessor,,1,,Over Votes,0
Iron,CC 23,County Assessor,,1,,Under Votes,76
Iron,CC 23,County Auditor,,1,REP,Lucas A. LITTLE,228
Iron,CC 23,County Auditor,,1,,Over Votes,0
Iron,CC 23,County Auditor,,1,,Under Votes,82
Iron,CC 23,County Recorder/Surveyor,,1,REP,Carri R. JEFFRIES,230
Iron,CC 23,County Recorder/Surveyor,,1,,Over Votes,0
Iron,CC 23,County Recorder/Surveyor,,1,,Under Votes,80
Iron,CC 23,County Treasurer,,1,REP,Nicole ROSENBERG,236
Iron,CC 23,County Treasurer,,1,,Over Votes,0
Iron,CC 23,County Treasurer,,1,,Under Votes,74
Iron,CC 23,Retain Supreme Court Justice-Matthew B. DURRANT,,1,,Yes,189
Iron,CC 23,Retain Supreme Court Justice-Matthew B. DURRANT,,1,,No,66
Iron,CC 23,Retain Supreme Court Justice-Matthew B. DURRANT,,1,,Over Votes,1
Iron,CC 23,Retain Supreme Court Justice-Matthew B. DURRANT,,1,,Under Votes,54
Iron,CC 23,Retain Appeals Court Judge-Ryan D. TENNEY,,1,,Yes,193
Iron,CC 23,Retain Appeals Court Judge-Ryan D. TENNEY,,1,,No,60
Iron,CC 23,Retain Appeals Court Judge-Ryan D. TENNEY,,1,,Over Votes,0
Iron,CC 23,Retain Appeals Court Judge-Ryan D. TENNEY,,1,,Under Votes,57
Iron,CC 23,Retain 5th District Circuit Court Judge-Keith C. BARNES,,1,,Yes,197
Iron,CC 23,Retain 5th District Circuit Court Judge-Keith C. BARNES,,1,,No,60
Iron,CC 23,Retain 5th District Circuit Court Judge-Keith C. BARNES,,1,,Over Votes,0
Iron,CC 23,Retain 5th District Circuit Court Judge-Keith C. BARNES,,1,,Under Votes,53
Iron,CC 23,Retain 5th District Juvenile Circuit Court Judge-Michael FLEMMING LEAVITT,,1,,Yes,199
Iron,CC 23,Retain 5th District Juvenile Circuit Court Judge-Michael FLEMMING LEAVITT,,1,,No,57
Iron,CC 23,Retain 5th District Juvenile Circuit Court Judge-Michael FLEMMING LEAVITT,,1,,Over Votes,0
Iron,CC 23,Retain 5th District Juvenile Circuit Court Judge-Michael FLEMMING LEAVITT,,1,,Under Votes,54
Iron,CC 23,Constitutional Amendment A,,1,,For,191
Iron,CC 23,Constitutional Amendment A,,1,,Against,92
Iron,CC 23,Constitutional Amendment A,,1,,Over Votes,0
Iron,CC 23,Constitutional Amendment A,,1,,Under Votes,27
Iron,CC 23,Constitutional Amendment B,,1,,For,204
Iron,CC 23,Constitutional Amendment B,,1,,Against,87
Iron,CC 23,Constitutional Amendment B,,1,,Over Votes,0
Iron,CC 23,Constitutional Amendment B,,1,,Under Votes,19
Iron,CC 23,Constitutional Amendment C,,1,,For,241
Iron,CC 23,Constitutional Amendment C,,1,,Against,49
Iron,CC 23,Constitutional Amendment C,,1,,Over Votes,0
Iron,CC 23,Constitutional Amendment C,,1,,Under Votes,20
Iron,CC 23,Constitutional Amendment D,,1,,For,189
Iron,CC 23,Constitutional Amendment D,,1,,Against,75
Iron,CC 23,Constitutional Amendment D,,1,,Over Votes,0
Iron,CC 23,Constitutional Amendment D,,1,,Under Votes,46
Iron,CC 23,Iron County School Board Bond,,1,,For,126
Iron,CC 23,Iron County School Board Bond,,1,,Against,164
Iron,CC 23,Iron County School Board Bond,,1,,Over Votes,0
Iron,CC 23,Iron County School Board Bond,,1,,Under Votes,20
Iron,CC 24,Registered Voters,,,,,1112
Iron,CC 24,Ballots Cast,,,,,998
Iron,CC 24,President,,1,,Cornel Ronald WEST / Melina ABDULLAH,0
Iron,CC 24,President,,1,,"Lucifer ""JUSTIN CASE"" EVERYLOVE",2
Iron,CC 24,President,,1,CON,Joel SKOUSEN / Rik COMBS,5
Iron,CC 24,President,,1,GRN,Jill STEIN / Rudolph WARE,4
Iron,CC 24,President,,1,REP,Donald J. TRUMP/ JD VANCE,748
Iron,CC 24,President,,1,LBT,Chase OLIVER / Mike ter MAAT,10
Iron,CC 24,President,,1,DEM,Kamala D. HARRIS / Tim WALZ,197
Iron,CC 24,President,,1,,Claudia de la CRUZ / Karina Alexandra GARCIA,0
Iron,CC 24,President,,1,,Write-In,20
Iron,CC 24,President,,1,,Over Votes,0
Iron,CC 24,President,,1,,Under Votes,12
Iron,CC 24,U.S. Senate,,1,IAP,Carleton E. BOWEN,64
Iron,CC 24,U.S. Senate,,1,REP,John CURTIS,754
Iron,CC 24,U.S. Senate,,1,DEM,Caroline GLEICH,151
Iron,CC 24,U.S. Senate,,1,,Write-In,5
Iron,CC 24,U.S. Senate,,1,,Over Votes,0
Iron,CC 24,U.S. Senate,,1,,Under Votes,24
Iron,CC 24,U.S. House,2,1,DEM,Nathaniel E WOODWARD,146
Iron,CC 24,U.S. House,2,1,CON,Cassie EASLEY,52
Iron,CC 24,U.S. House,2,1,REP,Celeste MALOY,751
Iron,CC 24,U.S. House,2,1,,Tyler MURSET,12
Iron,CC 24,U.S. House,2,1,,Over Votes,0
Iron,CC 24,U.S. House,2,1,,Under Votes,37
Iron,CC 24,Governor,,1,REP,Spencer J. COX / Deidre M. HENDERSON,676
Iron,CC 24,Governor,,1,IAP,Tommy WILLIAMS / Archie A. WILLIAMS III,14
Iron,CC 24,Governor,,1,DEM,Brian SMITH KING / Rebekah CUMMINGS,124
Iron,CC 24,Governor,,1,LBT,J. Robert LATHAM / Barry Evan SHORT,33
Iron,CC 24,Governor,,1,,Tom TOMENY / William LANSING TAYLOR,0
Iron,CC 24,Governor,,1,,Write-In,128
Iron,CC 24,Governor,,1,,Over Votes,0
Iron,CC 24,Governor,,1,,Under Votes,23
Iron,CC 24,Attorney General,,1,REP,Derek BROWN,747
Iron,CC 24,Attorney General,,1,DEM,Rudy J BAUTISTA,127
Iron,CC 24,Attorney General,,1,LBT,W. Andrew McCULLOUGH,19
Iron,CC 24,Attorney General,,1,,Austin HEPWORTH,33
Iron,CC 24,Attorney General,,1,UUP,Michelle QUIST,33
Iron,CC 24,Attorney General,,1,,Over Votes,0
Iron,CC 24,Attorney General,,1,,Under Votes,39
Iron,CC 24,State Auditor,,1,REP,Tina CANNON,771
Iron,CC 24,State Auditor,,1,CON,Jeffery L. OSTLER,32
Iron,CC 24,State Auditor,,1,DEM,Catherine VOUTAZ,147
Iron,CC 24,State Auditor,,1,,Over Votes,0
Iron,CC 24,State Auditor,,1,,Under Votes,48
Iron,CC 24,State Treasurer,,1,UFP,Miles POMEROY,28
Iron,CC 24,State Treasurer,,1,REP,Marlo M. OAKS,774
Iron,CC 24,State Treasurer,,1,DEM,Neil A HANSEN,134
Iron,CC 24,State Treasurer,,1,,Over Votes,0
Iron,CC 24,State Treasurer,,1,,Under Votes,62
Iron,CC 24,State House,71,1,DEM,Steve MERRILL,170
Iron,CC 24,State House,71,1,REP,Rex P. SHIPP,766
Iron,CC 24,State House,71,1,,Over Votes,0
Iron,CC 24,State House,71,1,,Under Votes,62
Iron,CC 24,County Commission,C,1,REP,Kenneth L. ROBINSON,808
Iron,CC 24,County Commission,C,1,,Over Votes,0
Iron,CC 24,County Commission,C,1,,Under Votes,190
Iron,CC 24,County Assessor,,1,REP,Karsten M. REED,807
Iron,CC 24,County Assessor,,1,,Over Votes,0
Iron,CC 24,County Assessor,,1,,Under Votes,191
Iron,CC 24,County Auditor,,1,REP,Lucas A. LITTLE,795
Iron,CC 24,County Auditor,,1,,Over Votes,0
Iron,CC 24,County Auditor,,1,,Under Votes,203
Iron,CC 24,County Recorder/Surveyor,,1,REP,Carri R. JEFFRIES,796
Iron,CC 24,County Recorder/Surveyor,,1,,Over Votes,0
Iron,CC 24,County Recorder/Surveyor,,1,,Under Votes,202
Iron,CC 24,County Treasurer,,1,REP,Nicole ROSENBERG,797
Iron,CC 24,County Treasurer,,1,,Over Votes,0
Iron,CC 24,County Treasurer,,1,,Under Votes,201
Iron,CC 24,Retain Supreme Court Justice-Matthew B. DURRANT,,1,,Yes,724
Iron,CC 24,Retain Supreme Court Justice-Matthew B. DURRANT,,1,,No,79
Iron,CC 24,Retain Supreme Court Justice-Matthew B. DURRANT,,1,,Over Votes,1
Iron,CC 24,Retain Supreme Court Justice-Matthew B. DURRANT,,1,,Under Votes,194
Iron,CC 24,Retain Appeals Court Judge-Ryan D. TENNEY,,1,,Yes,714
Iron,CC 24,Retain Appeals Court Judge-Ryan D. TENNEY,,1,,No,79
Iron,CC 24,Retain Appeals Court Judge-Ryan D. TENNEY,,1,,Over Votes,0
Iron,CC 24,Retain Appeals Court Judge-Ryan D. TENNEY,,1,,Under Votes,205
Iron,CC 24,Retain 5th District Circuit Court Judge-Keith C. BARNES,,1,,Yes,736
Iron,CC 24,Retain 5th District Circuit Court Judge-Keith C. BARNES,,1,,No,79
Iron,CC 24,Retain 5th District Circuit Court Judge-Keith C. BARNES,,1,,Over Votes,0
Iron,CC 24,Retain 5th District Circuit Court Judge-Keith C. BARNES,,1,,Under Votes,183
Iron,CC 24,Retain 5th District Juvenile Circuit Court Judge-Michael FLEMMING LEAVITT,,1,,Yes,731
Iron,CC 24,Retain 5th District Juvenile Circuit Court Judge-Michael FLEMMING LEAVITT,,1,,No,76
Iron,CC 24,Retain 5th District Juvenile Circuit Court Judge-Michael FLEMMING LEAVITT,,1,,Over Votes,0
Iron,CC 24,Retain 5th District Juvenile Circuit Court Judge-Michael FLEMMING LEAVITT,,1,,Under Votes,191
Iron,CC 24,Constitutional Amendment A,,1,,For,573
Iron,CC 24,Constitutional Amendment A,,1,,Against,280
Iron,CC 24,Constitutional Amendment A,,1,,Over Votes,0
Iron,CC 24,Constitutional Amendment A,,1,,Under Votes,145
Iron,CC 24,Constitutional Amendment B,,1,,For,664
Iron,CC 24,Constitutional Amendment B,,1,,Against,272
Iron,CC 24,Constitutional Amendment B,,1,,Over Votes,0
Iron,CC 24,Constitutional Amendment B,,1,,Under Votes,62
Iron,CC 24,Constitutional Amendment C,,1,,For,814
Iron,CC 24,Constitutional Amendment C,,1,,Against,123
Iron,CC 24,Constitutional Amendment C,,1,,Over Votes,0
Iron,CC 24,Constitutional Amendment C,,1,,Under Votes,61
Iron,CC 24,Constitutional Amendment D,,1,,For,586
Iron,CC 24,Constitutional Amendment D,,1,,Against,222
Iron,CC 24,Constitutional Amendment D,,1,,Over Votes,0
Iron,CC 24,Constitutional Amendment D,,1,,Under Votes,190
Iron,CC 24,Iron County School Board Bond,,1,,For,474
Iron,CC 24,Iron County School Board Bond,,1,,Against,457
Iron,CC 24,Iron County School Board Bond,,1,,Over Votes,1
Iron,CC 24,Iron County School Board Bond,,1,,Under Votes,66
Iron,CC 25,Registered Voters,,,,,1300
Iron,CC 25,Ballots Cast,,,,,1164
Iron,CC 25,President,,1,,Cornel Ronald WEST / Melina ABDULLAH,1
Iron,CC 25,President,,1,,"Lucifer ""JUSTIN CASE"" EVERYLOVE",1
Iron,CC 25,President,,1,CON,Joel SKOUSEN / Rik COMBS,12
Iron,CC 25,President,,1,GRN,Jill STEIN / Rudolph WARE,4
Iron,CC 25,President,,1,REP,Donald J. TRUMP/ JD VANCE,941
Iron,CC 25,President,,1,LBT,Chase OLIVER / Mike ter MAAT,7
Iron,CC 25,President,,1,DEM,Kamala D. HARRIS / Tim WALZ,176
Iron,CC 25,President,,1,,Claudia de la CRUZ / Karina Alexandra GARCIA,4
Iron,CC 25,President,,1,,Write-In,7
Iron,CC 25,President,,1,,Over Votes,0
Iron,CC 25,President,,1,,Under Votes,11
Iron,CC 25,U.S. Senate,,1,IAP,Carleton E. BOWEN,86
Iron,CC 25,U.S. Senate,,1,REP,John CURTIS,884
Iron,CC 25,U.S. Senate,,1,DEM,Caroline GLEICH,164
Iron,CC 25,U.S. Senate,,1,,Write-In,8
Iron,CC 25,U.S. Senate,,1,,Over Votes,0
Iron,CC 25,U.S. Senate,,1,,Under Votes,22
Iron,CC 25,U.S. House,2,1,DEM,Nathaniel E WOODWARD,146
Iron,CC 25,U.S. House,2,1,CON,Cassie EASLEY,75
Iron,CC 25,U.S. House,2,1,REP,Celeste MALOY,870
Iron,CC 25,U.S. House,2,1,,Tyler MURSET,29
Iron,CC 25,U.S. House,2,1,,Over Votes,1
Iron,CC 25,U.S. House,2,1,,Under Votes,43
Iron,CC 25,Governor,,1,REP,Spencer J. COX / Deidre M. HENDERSON,674
Iron,CC 25,Governor,,1,IAP,Tommy WILLIAMS / Archie A. WILLIAMS III,41
Iron,CC 25,Governor,,1,DEM,Brian SMITH KING / Rebekah CUMMINGS,142
Iron,CC 25,Governor,,1,LBT,J. Robert LATHAM / Barry Evan SHORT,37
Iron,CC 25,Governor,,1,,Tom TOMENY / William LANSING TAYLOR,7
Iron,CC 25,Governor,,1,,Write-In,230
Iron,CC 25,Governor,,1,,Over Votes,0
Iron,CC 25,Governor,,1,,Under Votes,33
Iron,CC 25,Attorney General,,1,REP,Derek BROWN,859
Iron,CC 25,Attorney General,,1,DEM,Rudy J BAUTISTA,131
Iron,CC 25,Attorney General,,1,LBT,W. Andrew McCULLOUGH,31
Iron,CC 25,Attorney General,,1,,Austin HEPWORTH,48
Iron,CC 25,Attorney General,,1,UUP,Michelle QUIST,55
Iron,CC 25,Attorney General,,1,,Over Votes,0
Iron,CC 25,Attorney General,,1,,Under Votes,40
Iron,CC 25,State Auditor,,1,REP,Tina CANNON,920
Iron,CC 25,State Auditor,,1,CON,Jeffery L. OSTLER,61
Iron,CC 25,State Auditor,,1,DEM,Catherine VOUTAZ,135
Iron,CC 25,State Auditor,,1,,Over Votes,0
Iron,CC 25,State Auditor,,1,,Under Votes,48
Iron,CC 25,State Treasurer,,1,UFP,Miles POMEROY,45
Iron,CC 25,State Treasurer,,1,REP,Marlo M. OAKS,915
Iron,CC 25,State Treasurer,,1,DEM,Neil A HANSEN,143
Iron,CC 25,State Treasurer,,1,,Over Votes,0
Iron,CC 25,State Treasurer,,1,,Under Votes,61
Iron,CC 25,State House,71,1,DEM,Steve MERRILL,169
Iron,CC 25,State House,71,1,REP,Rex P. SHIPP,926
Iron,CC 25,State House,71,1,,Over Votes,0
Iron,CC 25,State House,71,1,,Under Votes,69
Iron,CC 25,County Commission,C,1,REP,Kenneth L. ROBINSON,939
Iron,CC 25,County Commission,C,1,,Over Votes,0
Iron,CC 25,County Commission,C,1,,Under Votes,225
Iron,CC 25,County Assessor,,1,REP,Karsten M. REED,924
Iron,CC 25,County Assessor,,1,,Over Votes,0
Iron,CC 25,County Assessor,,1,,Under Votes,240
Iron,CC 25,County Auditor,,1,REP,Lucas A. LITTLE,934
Iron,CC 25,County Auditor,,1,,Over Votes,0
Iron,CC 25,County Auditor,,1,,Under Votes,230
Iron,CC 25,County Recorder/Surveyor,,1,REP,Carri R. JEFFRIES,936
Iron,CC 25,County Recorder/Surveyor,,1,,Over Votes,0
Iron,CC 25,County Recorder/Surveyor,,1,,Under Votes,228
Iron,CC 25,County Treasurer,,1,REP,Nicole ROSENBERG,931
Iron,CC 25,County Treasurer,,1,,Over Votes,0
Iron,CC 25,County Treasurer,,1,,Under Votes,233
Iron,CC 25,Retain Supreme Court Justice-Matthew B. DURRANT,,1,,Yes,801
Iron,CC 25,Retain Supreme Court Justice-Matthew B. DURRANT,,1,,No,175
Iron,CC 25,Retain Supreme Court Justice-Matthew B. DURRANT,,1,,Over Votes,0
Iron,CC 25,Retain Supreme Court Justice-Matthew B. DURRANT,,1,,Under Votes,188
Iron,CC 25,Retain Appeals Court Judge-Ryan D. TENNEY,,1,,Yes,790
Iron,CC 25,Retain Appeals Court Judge-Ryan D. TENNEY,,1,,No,173
Iron,CC 25,Retain Appeals Court Judge-Ryan D. TENNEY,,1,,Over Votes,0
Iron,CC 25,Retain Appeals Court Judge-Ryan D. TENNEY,,1,,Under Votes,201
Iron,CC 25,Retain 5th District Circuit Court Judge-Keith C. BARNES,,1,,Yes,805
Iron,CC 25,Retain 5th District Circuit Court Judge-Keith C. BARNES,,1,,No,167
Iron,CC 25,Retain 5th District Circuit Court Judge-Keith C. BARNES,,1,,Over Votes,0
Iron,CC 25,Retain 5th District Circuit Court Judge-Keith C. BARNES,,1,,Under Votes,192
Iron,CC 25,Retain 5th District Juvenile Circuit Court Judge-Michael FLEMMING LEAVITT,,1,,Yes,803
Iron,CC 25,Retain 5th District Juvenile Circuit Court Judge-Michael FLEMMING LEAVITT,,1,,No,166
Iron,CC 25,Retain 5th District Juvenile Circuit Court Judge-Michael FLEMMING LEAVITT,,1,,Over Votes,0
Iron,CC 25,Retain 5th District Juvenile Circuit Court Judge-Michael FLEMMING LEAVITT,,1,,Under Votes,195
Iron,CC 25,Constitutional Amendment A,,1,,For,572
Iron,CC 25,Constitutional Amendment A,,1,,Against,415
Iron,CC 25,Constitutional Amendment A,,1,,Over Votes,1
Iron,CC 25,Constitutional Amendment A,,1,,Under Votes,176
Iron,CC 25,Constitutional Amendment B,,1,,For,726
Iron,CC 25,Constitutional Amendment B,,1,,Against,359
Iron,CC 25,Constitutional Amendment B,,1,,Over Votes,0
Iron,CC 25,Constitutional Amendment B,,1,,Under Votes,79
Iron,CC 25,Constitutional Amendment C,,1,,For,952
Iron,CC 25,Constitutional Amendment C,,1,,Against,135
Iron,CC 25,Constitutional Amendment C,,1,,Over Votes,0
Iron,CC 25,Constitutional Amendment C,,1,,Under Votes,77
Iron,CC 25,Constitutional Amendment D,,1,,For,627
Iron,CC 25,Constitutional Amendment D,,1,,Against,320
Iron,CC 25,Constitutional Amendment D,,1,,Over Votes,0
Iron,CC 25,Constitutional Amendment D,,1,,Under Votes,217
Iron,CC 25,Iron County School Board Bond,,1,,For,514
Iron,CC 25,Iron County School Board Bond,,1,,Against,561
Iron,CC 25,Iron County School Board Bond,,1,,Over Votes,0
Iron,CC 25,Iron County School Board Bond,,1,,Under Votes,89
Iron,CC 26,Registered Voters,,,,,450
Iron,CC 26,Ballots Cast,,,,,403
Iron,CC 26,President,,1,,Cornel Ronald WEST / Melina ABDULLAH,1
Iron,CC 26,President,,1,,"Lucifer ""JUSTIN CASE"" EVERYLOVE",0
Iron,CC 26,President,,1,CON,Joel SKOUSEN / Rik COMBS,1
Iron,CC 26,President,,1,GRN,Jill STEIN / Rudolph WARE,1
Iron,CC 26,President,,1,REP,Donald J. TRUMP/ JD VANCE,279
Iron,CC 26,President,,1,LBT,Chase OLIVER / Mike ter MAAT,8
Iron,CC 26,President,,1,DEM,Kamala D. HARRIS / Tim WALZ,102
Iron,CC 26,President,,1,,Claudia de la CRUZ / Karina Alexandra GARCIA,1
Iron,CC 26,President,,1,,Write-In,4
Iron,CC 26,President,,1,,Over Votes,0
Iron,CC 26,President,,1,,Under Votes,6
Iron,CC 26,U.S. Senate,,1,IAP,Carleton E. BOWEN,23
Iron,CC 26,U.S. Senate,,1,REP,John CURTIS,275
Iron,CC 26,U.S. Senate,,1,DEM,Caroline GLEICH,82
Iron,CC 26,U.S. Senate,,1,,Write-In,6
Iron,CC 26,U.S. Senate,,1,,Over Votes,0
Iron,CC 26,U.S. Senate,,1,,Under Votes,17
Iron,CC 26,U.S. House,2,1,DEM,Nathaniel E WOODWARD,82
Iron,CC 26,U.S. House,2,1,CON,Cassie EASLEY,26
Iron,CC 26,U.S. House,2,1,REP,Celeste MALOY,274
Iron,CC 26,U.S. House,2,1,,Tyler MURSET,4
Iron,CC 26,U.S. House,2,1,,Over Votes,0
Iron,CC 26,U.S. House,2,1,,Under Votes,17
Iron,CC 26,Governor,,1,REP,Spencer J. COX / Deidre M. HENDERSON,230
Iron,CC 26,Governor,,1,IAP,Tommy WILLIAMS / Archie A. WILLIAMS III,12
Iron,CC 26,Governor,,1,DEM,Brian SMITH KING / Rebekah CUMMINGS,67
Iron,CC 26,Governor,,1,LBT,J. Robert LATHAM / Barry Evan SHORT,13
Iron,CC 26,Governor,,1,,Tom TOMENY / William LANSING TAYLOR,1
Iron,CC 26,Governor,,1,,Write-In,67
Iron,CC 26,Governor,,1,,Over Votes,0
Iron,CC 26,Governor,,1,,Under Votes,13
Iron,CC 26,Attorney General,,1,REP,Derek BROWN,269
Iron,CC 26,Attorney General,,1,DEM,Rudy J BAUTISTA,78
Iron,CC 26,Attorney General,,1,LBT,W. Andrew McCULLOUGH,15
Iron,CC 26,Attorney General,,1,,Austin HEPWORTH,6
Iron,CC 26,Attorney General,,1,UUP,Michelle QUIST,17
Iron,CC 26,Attorney General,,1,,Over Votes,0
Iron,CC 26,Attorney General,,1,,Under Votes,18
Iron,CC 26,State Auditor,,1,REP,Tina CANNON,280
Iron,CC 26,State Auditor,,1,CON,Jeffery L. OSTLER,19
Iron,CC 26,State Auditor,,1,DEM,Catherine VOUTAZ,81
Iron,CC 26,State Auditor,,1,,Over Votes,0
Iron,CC 26,State Auditor,,1,,Under Votes,23
Iron,CC 26,State Treasurer,,1,UFP,Miles POMEROY,13
Iron,CC 26,State Treasurer,,1,REP,Marlo M. OAKS,277
Iron,CC 26,State Treasurer,,1,DEM,Neil A HANSEN,81
Iron,CC 26,State Treasurer,,1,,Over Votes,0
Iron,CC 26,State Treasurer,,1,,Under Votes,32
Iron,CC 26,State House,71,1,DEM,Steve MERRILL,96
Iron,CC 26,State House,71,1,REP,Rex P. SHIPP,270
Iron,CC 26,State House,71,1,,Over Votes,0
Iron,CC 26,State House,71,1,,Under Votes,37
Iron,CC 26,County Commission,C,1,REP,Kenneth L. ROBINSON,317
Iron,CC 26,County Commission,C,1,,Over Votes,0
Iron,CC 26,County Commission,C,1,,Under Votes,86
Iron,CC 26,County Assessor,,1,REP,Karsten M. REED,311
Iron,CC 26,County Assessor,,1,,Over Votes,0
Iron,CC 26,County Assessor,,1,,Under Votes,92
Iron,CC 26,County Auditor,,1,REP,Lucas A. LITTLE,310
Iron,CC 26,County Auditor,,1,,Over Votes,0
Iron,CC 26,County Auditor,,1,,Under Votes,93
Iron,CC 26,County Recorder/Surveyor,,1,REP,Carri R. JEFFRIES,312
Iron,CC 26,County Recorder/Surveyor,,1,,Over Votes,0
Iron,CC 26,County Recorder/Surveyor,,1,,Under Votes,91
Iron,CC 26,County Treasurer,,1,REP,Nicole ROSENBERG,309
Iron,CC 26,County Treasurer,,1,,Over Votes,0
Iron,CC 26,County Treasurer,,1,,Under Votes,94
Iron,CC 26,Retain Supreme Court Justice-Matthew B. DURRANT,,1,,Yes,273
Iron,CC 26,Retain Supreme Court Justice-Matthew B. DURRANT,,1,,No,59
Iron,CC 26,Retain Supreme Court Justice-Matthew B. DURRANT,,1,,Over Votes,0
Iron,CC 26,Retain Supreme Court Justice-Matthew B. DURRANT,,1,,Under Votes,71
Iron,CC 26,Retain Appeals Court Judge-Ryan D. TENNEY,,1,,Yes,279
Iron,CC 26,Retain Appeals Court Judge-Ryan D. TENNEY,,1,,No,48
Iron,CC 26,Retain Appeals Court Judge-Ryan D. TENNEY,,1,,Over Votes,0
Iron,CC 26,Retain Appeals Court Judge-Ryan D. TENNEY,,1,,Under Votes,76
Iron,CC 26,Retain 5th District Circuit Court Judge-Keith C. BARNES,,1,,Yes,289
Iron,CC 26,Retain 5th District Circuit Court Judge-Keith C. BARNES,,1,,No,49
Iron,CC 26,Retain 5th District Circuit Court Judge-Keith C. BARNES,,1,,Over Votes,1
Iron,CC 26,Retain 5th District Circuit Court Judge-Keith C. BARNES,,1,,Under Votes,64
Iron,CC 26,Retain 5th District Juvenile Circuit Court Judge-Michael FLEMMING LEAVITT,,1,,Yes,279
Iron,CC 26,Retain 5th District Juvenile Circuit Court Judge-Michael FLEMMING LEAVITT,,1,,No,52
Iron,CC 26,Retain 5th District Juvenile Circuit Court Judge-Michael FLEMMING LEAVITT,,1,,Over Votes,0
Iron,CC 26,Retain 5th District Juvenile Circuit Court Judge-Michael FLEMMING LEAVITT,,1,,Under Votes,72
Iron,CC 26,Constitutional Amendment A,,1,,For,192
Iron,CC 26,Constitutional Amendment A,,1,,Against,148
Iron,CC 26,Constitutional Amendment A,,1,,Over Votes,0
Iron,CC 26,Constitutional Amendment A,,1,,Under Votes,63
Iron,CC 26,Constitutional Amendment B,,1,,For,259
Iron,CC 26,Constitutional Amendment B,,1,,Against,104
Iron,CC 26,Constitutional Amendment B,,1,,Over Votes,0
Iron,CC 26,Constitutional Amendment B,,1,,Under Votes,40
Iron,CC 26,Constitutional Amendment C,,1,,For,309
Iron,CC 26,Constitutional Amendment C,,1,,Against,50
Iron,CC 26,Constitutional Amendment C,,1,,Over Votes,1
Iron,CC 26,Constitutional Amendment C,,1,,Under Votes,43
Iron,CC 26,Constitutional Amendment D,,1,,For,220
Iron,CC 26,Constitutional Amendment D,,1,,Against,118
Iron,CC 26,Constitutional Amendment D,,1,,Over Votes,0
Iron,CC 26,Constitutional Amendment D,,1,,Under Votes,65
Iron,CC 26,Iron County School Board Bond,,1,,For,185
Iron,CC 26,Iron County School Board Bond,,1,,Against,182
Iron,CC 26,Iron County School Board Bond,,1,,Over Votes,0
Iron,CC 26,Iron County School Board Bond,,1,,Under Votes,36
Iron,CC 27,Registered Voters,,,,,1269
Iron,CC 27,Ballots Cast,,,,,1119
Iron,CC 27,President,,1,,Cornel Ronald WEST / Melina ABDULLAH,5
Iron,CC 27,President,,1,,"Lucifer ""JUSTIN CASE"" EVERYLOVE",2
Iron,CC 27,President,,1,CON,Joel SKOUSEN / Rik COMBS,12
Iron,CC 27,President,,1,GRN,Jill STEIN / Rudolph WARE,2
Iron,CC 27,President,,1,REP,Donald J. TRUMP/ JD VANCE,793
Iron,CC 27,President,,1,LBT,Chase OLIVER / Mike ter MAAT,10
Iron,CC 27,President,,1,DEM,Kamala D. HARRIS / Tim WALZ,266
Iron,CC 27,President,,1,,Claudia de la CRUZ / Karina Alexandra GARCIA,3
Iron,CC 27,President,,1,,Write-In,15
Iron,CC 27,President,,1,,Over Votes,0
Iron,CC 27,President,,1,,Under Votes,11
Iron,CC 27,U.S. Senate,,1,IAP,Carleton E. BOWEN,76
Iron,CC 27,U.S. Senate,,1,REP,John CURTIS,775
Iron,CC 27,U.S. Senate,,1,DEM,Caroline GLEICH,241
Iron,CC 27,U.S. Senate,,1,,Write-In,5
Iron,CC 27,U.S. Senate,,1,,Over Votes,0
Iron,CC 27,U.S. Senate,,1,,Under Votes,22
Iron,CC 27,U.S. House,2,1,DEM,Nathaniel E WOODWARD,230
Iron,CC 27,U.S. House,2,1,CON,Cassie EASLEY,54
Iron,CC 27,U.S. House,2,1,REP,Celeste MALOY,779
Iron,CC 27,U.S. House,2,1,,Tyler MURSET,15
Iron,CC 27,U.S. House,2,1,,Over Votes,0
Iron,CC 27,U.S. House,2,1,,Under Votes,41
Iron,CC 27,Governor,,1,REP,Spencer J. COX / Deidre M. HENDERSON,672
Iron,CC 27,Governor,,1,IAP,Tommy WILLIAMS / Archie A. WILLIAMS III,14
Iron,CC 27,Governor,,1,DEM,Brian SMITH KING / Rebekah CUMMINGS,206
Iron,CC 27,Governor,,1,LBT,J. Robert LATHAM / Barry Evan SHORT,33
Iron,CC 27,Governor,,1,,Tom TOMENY / William LANSING TAYLOR,4
Iron,CC 27,Governor,,1,,Write-In,158
Iron,CC 27,Governor,,1,,Over Votes,0
Iron,CC 27,Governor,,1,,Under Votes,32
Iron,CC 27,Attorney General,,1,REP,Derek BROWN,748
Iron,CC 27,Attorney General,,1,DEM,Rudy J BAUTISTA,198
Iron,CC 27,Attorney General,,1,LBT,W. Andrew McCULLOUGH,47
Iron,CC 27,Attorney General,,1,,Austin HEPWORTH,35
Iron,CC 27,Attorney General,,1,UUP,Michelle QUIST,43
Iron,CC 27,Attorney General,,1,,Over Votes,0
Iron,CC 27,Attorney General,,1,,Under Votes,48
Iron,CC 27,State Auditor,,1,REP,Tina CANNON,796
Iron,CC 27,State Auditor,,1,CON,Jeffery L. OSTLER,44
Iron,CC 27,State Auditor,,1,DEM,Catherine VOUTAZ,217
Iron,CC 27,State Auditor,,1,,Over Votes,0
Iron,CC 27,State Auditor,,1,,Under Votes,62
Iron,CC 27,State Treasurer,,1,UFP,Miles POMEROY,36
Iron,CC 27,State Treasurer,,1,REP,Marlo M. OAKS,807
Iron,CC 27,State Treasurer,,1,DEM,Neil A HANSEN,210
Iron,CC 27,State Treasurer,,1,,Over Votes,0
Iron,CC 27,State Treasurer,,1,,Under Votes,66
Iron,CC 27,State House,71,1,DEM,Steve MERRILL,264
Iron,CC 27,State House,71,1,REP,Rex P. SHIPP,793
Iron,CC 27,State House,71,1,,Over Votes,0
Iron,CC 27,State House,71,1,,Under Votes,62
Iron,CC 27,County Commission,C,1,REP,Kenneth L. ROBINSON,857
Iron,CC 27,County Commission,C,1,,Over Votes,0
Iron,CC 27,County Commission,C,1,,Under Votes,262
Iron,CC 27,County Assessor,,1,REP,Karsten M. REED,832
Iron,CC 27,County Assessor,,1,,Over Votes,0
Iron,CC 27,County Assessor,,1,,Under Votes,287
Iron,CC 27,County Auditor,,1,REP,Lucas A. LITTLE,831
Iron,CC 27,County Auditor,,1,,Over Votes,0
Iron,CC 27,County Auditor,,1,,Under Votes,288
Iron,CC 27,County Recorder/Surveyor,,1,REP,Carri R. JEFFRIES,827
Iron,CC 27,County Recorder/Surveyor,,1,,Over Votes,0
Iron,CC 27,County Recorder/Surveyor,,1,,Under Votes,292
Iron,CC 27,County Treasurer,,1,REP,Nicole ROSENBERG,830
Iron,CC 27,County Treasurer,,1,,Over Votes,0
Iron,CC 27,County Treasurer,,1,,Under Votes,289
Iron,CC 27,Iron School Board,3,1,,Tyrel W. EDDY,629
Iron,CC 27,Iron School Board,3,1,,Over Votes,0
Iron,CC 27,Iron School Board,3,1,,Under Votes,242
Iron,CC 27,Retain Supreme Court Justice-Matthew B. DURRANT,,1,,Yes,752
Iron,CC 27,Retain Supreme Court Justice-Matthew B. DURRANT,,1,,No,173
Iron,CC 27,Retain Supreme Court Justice-Matthew B. DURRANT,,1,,Over Votes,0
Iron,CC 27,Retain Supreme Court Justice-Matthew B. DURRANT,,1,,Under Votes,194
Iron,CC 27,Retain Appeals Court Judge-Ryan D. TENNEY,,1,,Yes,744
Iron,CC 27,Retain Appeals Court Judge-Ryan D. TENNEY,,1,,No,169
Iron,CC 27,Retain Appeals Court Judge-Ryan D. TENNEY,,1,,Over Votes,1
Iron,CC 27,Retain Appeals Court Judge-Ryan D. TENNEY,,1,,Under Votes,205
Iron,CC 27,Retain 5th District Circuit Court Judge-Keith C. BARNES,,1,,Yes,763
Iron,CC 27,Retain 5th District Circuit Court Judge-Keith C. BARNES,,1,,No,162
Iron,CC 27,Retain 5th District Circuit Court Judge-Keith C. BARNES,,1,,Over Votes,0
Iron,CC 27,Retain 5th District Circuit Court Judge-Keith C. BARNES,,1,,Under Votes,194
Iron,CC 27,Retain 5th District Juvenile Circuit Court Judge-Michael FLEMMING LEAVITT,,1,,Yes,762
Iron,CC 27,Retain 5th District Juvenile Circuit Court Judge-Michael FLEMMING LEAVITT,,1,,No,157
Iron,CC 27,Retain 5th District Juvenile Circuit Court Judge-Michael FLEMMING LEAVITT,,1,,Over Votes,0
Iron,CC 27,Retain 5th District Juvenile Circuit Court Judge-Michael FLEMMING LEAVITT,,1,,Under Votes,200
Iron,CC 27,Constitutional Amendment A,,1,,For,553
Iron,CC 27,Constitutional Amendment A,,1,,Against,401
Iron,CC 27,Constitutional Amendment A,,1,,Over Votes,1
Iron,CC 27,Constitutional Amendment A,,1,,Under Votes,164
Iron,CC 27,Constitutional Amendment B,,1,,For,688
Iron,CC 27,Constitutional Amendment B,,1,,Against,354
Iron,CC 27,Constitutional Amendment B,,1,,Over Votes,0
Iron,CC 27,Constitutional Amendment B,,1,,Under Votes,77
Iron,CC 27,Constitutional Amendment C,,1,,For,866
Iron,CC 27,Constitutional Amendment C,,1,,Against,182
Iron,CC 27,Constitutional Amendment C,,1,,Over Votes,0
Iron,CC 27,Constitutional Amendment C,,1,,Under Votes,71
Iron,CC 27,Constitutional Amendment D,,1,,For,564
Iron,CC 27,Constitutional Amendment D,,1,,Against,356
Iron,CC 27,Constitutional Amendment D,,1,,Over Votes,3
Iron,CC 27,Constitutional Amendment D,,1,,Under Votes,196
Iron,CC 27,Iron County School Board Bond,,1,,For,472
Iron,CC 27,Iron County School Board Bond,,1,,Against,548
Iron,CC 27,Iron County School Board Bond,,1,,Over Votes,2
Iron,CC 27,Iron County School Board Bond,,1,,Under Votes,97
Iron,CC 28,Registered Voters,,,,,603
Iron,CC 28,Ballots Cast,,,,,525
Iron,CC 28,President,,1,,Cornel Ronald WEST / Melina ABDULLAH,0
Iron,CC 28,President,,1,,"Lucifer ""JUSTIN CASE"" EVERYLOVE",0
Iron,CC 28,President,,1,CON,Joel SKOUSEN / Rik COMBS,5
Iron,CC 28,President,,1,GRN,Jill STEIN / Rudolph WARE,5
Iron,CC 28,President,,1,REP,Donald J. TRUMP/ JD VANCE,365
Iron,CC 28,President,,1,LBT,Chase OLIVER / Mike ter MAAT,10
Iron,CC 28,President,,1,DEM,Kamala D. HARRIS / Tim WALZ,130
Iron,CC 28,President,,1,,Claudia de la CRUZ / Karina Alexandra GARCIA,2
Iron,CC 28,President,,1,,Write-In,6
Iron,CC 28,President,,1,,Over Votes,0
Iron,CC 28,President,,1,,Under Votes,2
Iron,CC 28,U.S. Senate,,1,IAP,Carleton E. BOWEN,28
Iron,CC 28,U.S. Senate,,1,REP,John CURTIS,361
Iron,CC 28,U.S. Senate,,1,DEM,Caroline GLEICH,123
Iron,CC 28,U.S. Senate,,1,,Write-In,2
Iron,CC 28,U.S. Senate,,1,,Over Votes,0
Iron,CC 28,U.S. Senate,,1,,Under Votes,11
Iron,CC 28,U.S. House,2,1,DEM,Nathaniel E WOODWARD,123
Iron,CC 28,U.S. House,2,1,CON,Cassie EASLEY,21
Iron,CC 28,U.S. House,2,1,REP,Celeste MALOY,351
Iron,CC 28,U.S. House,2,1,,Tyler MURSET,11
Iron,CC 28,U.S. House,2,1,,Over Votes,1
Iron,CC 28,U.S. House,2,1,,Under Votes,18
Iron,CC 28,Governor,,1,REP,Spencer J. COX / Deidre M. HENDERSON,299
Iron,CC 28,Governor,,1,IAP,Tommy WILLIAMS / Archie A. WILLIAMS III,14
Iron,CC 28,Governor,,1,DEM,Brian SMITH KING / Rebekah CUMMINGS,92
Iron,CC 28,Governor,,1,LBT,J. Robert LATHAM / Barry Evan SHORT,25
Iron,CC 28,Governor,,1,,Tom TOMENY / William LANSING TAYLOR,1
Iron,CC 28,Governor,,1,,Write-In,80
Iron,CC 28,Governor,,1,,Over Votes,0
Iron,CC 28,Governor,,1,,Under Votes,14
Iron,CC 28,Attorney General,,1,REP,Derek BROWN,355
Iron,CC 28,Attorney General,,1,DEM,Rudy J BAUTISTA,104
Iron,CC 28,Attorney General,,1,LBT,W. Andrew McCULLOUGH,16
Iron,CC 28,Attorney General,,1,,Austin HEPWORTH,13
Iron,CC 28,Attorney General,,1,UUP,Michelle QUIST,22
Iron,CC 28,Attorney General,,1,,Over Votes,0
Iron,CC 28,Attorney General,,1,,Under Votes,15
Iron,CC 28,State Auditor,,1,REP,Tina CANNON,376
Iron,CC 28,State Auditor,,1,CON,Jeffery L. OSTLER,24
Iron,CC 28,State Auditor,,1,DEM,Catherine VOUTAZ,103
Iron,CC 28,State Auditor,,1,,Over Votes,0
Iron,CC 28,State Auditor,,1,,Under Votes,22
Iron,CC 28,State Treasurer,,1,UFP,Miles POMEROY,12
Iron,CC 28,State Treasurer,,1,REP,Marlo M. OAKS,378
Iron,CC 28,State Treasurer,,1,DEM,Neil A HANSEN,110
Iron,CC 28,State Treasurer,,1,,Over Votes,0
Iron,CC 28,State Treasurer,,1,,Under Votes,25
Iron,CC 28,State House,71,1,DEM,Steve MERRILL,141
Iron,CC 28,State House,71,1,REP,Rex P. SHIPP,362
Iron,CC 28,State House,71,1,,Over Votes,0
Iron,CC 28,State House,71,1,,Under Votes,22
Iron,CC 28,County Commission,C,1,REP,Kenneth L. ROBINSON,400
Iron,CC 28,County Commission,C,1,,Over Votes,0
Iron,CC 28,County Commission,C,1,,Under Votes,125
Iron,CC 28,County Assessor,,1,REP,Karsten M. REED,396
Iron,CC 28,County Assessor,,1,,Over Votes,0
Iron,CC 28,County Assessor,,1,,Under Votes,129
Iron,CC 28,County Auditor,,1,REP,Lucas A. LITTLE,391
Iron,CC 28,County Auditor,,1,,Over Votes,0
Iron,CC 28,County Auditor,,1,,Under Votes,134
Iron,CC 28,County Recorder/Surveyor,,1,REP,Carri R. JEFFRIES,395
Iron,CC 28,County Recorder/Surveyor,,1,,Over Votes,0
Iron,CC 28,County Recorder/Surveyor,,1,,Under Votes,130
Iron,CC 28,County Treasurer,,1,REP,Nicole ROSENBERG,391
Iron,CC 28,County Treasurer,,1,,Over Votes,0
Iron,CC 28,County Treasurer,,1,,Under Votes,134
Iron,CC 28,Iron School Board,3,1,,Tyrel W. EDDY,272
Iron,CC 28,Iron School Board,3,1,,Over Votes,0
Iron,CC 28,Iron School Board,3,1,,Under Votes,96
Iron,CC 28,Retain Supreme Court Justice-Matthew B. DURRANT,,1,,Yes,345
Iron,CC 28,Retain Supreme Court Justice-Matthew B. DURRANT,,1,,No,78
Iron,CC 28,Retain Supreme Court Justice-Matthew B. DURRANT,,1,,Over Votes,0
Iron,CC 28,Retain Supreme Court Justice-Matthew B. DURRANT,,1,,Under Votes,102
Iron,CC 28,Retain Appeals Court Judge-Ryan D. TENNEY,,1,,Yes,354
Iron,CC 28,Retain Appeals Court Judge-Ryan D. TENNEY,,1,,No,70
Iron,CC 28,Retain Appeals Court Judge-Ryan D. TENNEY,,1,,Over Votes,0
Iron,CC 28,Retain Appeals Court Judge-Ryan D. TENNEY,,1,,Under Votes,101
Iron,CC 28,Retain 5th District Circuit Court Judge-Keith C. BARNES,,1,,Yes,357
Iron,CC 28,Retain 5th District Circuit Court Judge-Keith C. BARNES,,1,,No,67
Iron,CC 28,Retain 5th District Circuit Court Judge-Keith C. BARNES,,1,,Over Votes,0
Iron,CC 28,Retain 5th District Circuit Court Judge-Keith C. BARNES,,1,,Under Votes,101
Iron,CC 28,Retain 5th District Juvenile Circuit Court Judge-Michael FLEMMING LEAVITT,,1,,Yes,356
Iron,CC 28,Retain 5th District Juvenile Circuit Court Judge-Michael FLEMMING LEAVITT,,1,,No,70
Iron,CC 28,Retain 5th District Juvenile Circuit Court Judge-Michael FLEMMING LEAVITT,,1,,Over Votes,0
Iron,CC 28,Retain 5th District Juvenile Circuit Court Judge-Michael FLEMMING LEAVITT,,1,,Under Votes,99
Iron,CC 28,Constitutional Amendment A,,1,,For,256
Iron,CC 28,Constitutional Amendment A,,1,,Against,185
Iron,CC 28,Constitutional Amendment A,,1,,Over Votes,0
Iron,CC 28,Constitutional Amendment A,,1,,Under Votes,84
Iron,CC 28,Constitutional Amendment B,,1,,For,333
Iron,CC 28,Constitutional Amendment B,,1,,Against,150
Iron,CC 28,Constitutional Amendment B,,1,,Over Votes,0
Iron,CC 28,Constitutional Amendment B,,1,,Under Votes,42
Iron,CC 28,Constitutional Amendment C,,1,,For,417
Iron,CC 28,Constitutional Amendment C,,1,,Against,73
Iron,CC 28,Constitutional Amendment C,,1,,Over Votes,0
Iron,CC 28,Constitutional Amendment C,,1,,Under Votes,35
Iron,CC 28,Constitutional Amendment D,,1,,For,285
Iron,CC 28,Constitutional Amendment D,,1,,Against,143
Iron,CC 28,Constitutional Amendment D,,1,,Over Votes,0
Iron,CC 28,Constitutional Amendment D,,1,,Under Votes,97
Iron,CC 28,Iron County School Board Bond,,1,,For,225
Iron,CC 28,Iron County School Board Bond,,1,,Against,258
Iron,CC 28,Iron County School Board Bond,,1,,Over Votes,0
Iron,CC 28,Iron County School Board Bond,,1,,Under Votes,42
Iron,CC 29,Registered Voters,,,,,804
Iron,CC 29,Ballots Cast,,,,,721
Iron,CC 29,President,,1,,Cornel Ronald WEST / Melina ABDULLAH,0
Iron,CC 29,President,,1,,"Lucifer ""JUSTIN CASE"" EVERYLOVE",3
Iron,CC 29,President,,1,CON,Joel SKOUSEN / Rik COMBS,1
Iron,CC 29,President,,1,GRN,Jill STEIN / Rudolph WARE,1
Iron,CC 29,President,,1,REP,Donald J. TRUMP/ JD VANCE,529
Iron,CC 29,President,,1,LBT,Chase OLIVER / Mike ter MAAT,6
Iron,CC 29,President,,1,DEM,Kamala D. HARRIS / Tim WALZ,160
Iron,CC 29,President,,1,,Claudia de la CRUZ / Karina Alexandra GARCIA,1
Iron,CC 29,President,,1,,Write-In,12
Iron,CC 29,President,,1,,Over Votes,0
Iron,CC 29,President,,1,,Under Votes,8
Iron,CC 29,U.S. Senate,,1,IAP,Carleton E. BOWEN,39
Iron,CC 29,U.S. Senate,,1,REP,John CURTIS,519
Iron,CC 29,U.S. Senate,,1,DEM,Caroline GLEICH,136
Iron,CC 29,U.S. Senate,,1,,Write-In,6
Iron,CC 29,U.S. Senate,,1,,Over Votes,0
Iron,CC 29,U.S. Senate,,1,,Under Votes,21
Iron,CC 29,U.S. House,2,1,DEM,Nathaniel E WOODWARD,114
Iron,CC 29,U.S. House,2,1,CON,Cassie EASLEY,40
Iron,CC 29,U.S. House,2,1,REP,Celeste MALOY,509
Iron,CC 29,U.S. House,2,1,,Tyler MURSET,16
Iron,CC 29,U.S. House,2,1,,Over Votes,1
Iron,CC 29,U.S. House,2,1,,Under Votes,41
Iron,CC 29,Governor,,1,REP,Spencer J. COX / Deidre M. HENDERSON,438
Iron,CC 29,Governor,,1,IAP,Tommy WILLIAMS / Archie A. WILLIAMS III,16
Iron,CC 29,Governor,,1,DEM,Brian SMITH KING / Rebekah CUMMINGS,101
Iron,CC 29,Governor,,1,LBT,J. Robert LATHAM / Barry Evan SHORT,36
Iron,CC 29,Governor,,1,,Tom TOMENY / William LANSING TAYLOR,0
Iron,CC 29,Governor,,1,,Write-In,107
Iron,CC 29,Governor,,1,,Over Votes,0
Iron,CC 29,Governor,,1,,Under Votes,23
Iron,CC 29,Attorney General,,1,REP,Derek BROWN,507
Iron,CC 29,Attorney General,,1,DEM,Rudy J BAUTISTA,99
Iron,CC 29,Attorney General,,1,LBT,W. Andrew McCULLOUGH,21
Iron,CC 29,Attorney General,,1,,Austin HEPWORTH,23
Iron,CC 29,Attorney General,,1,UUP,Michelle QUIST,29
Iron,CC 29,Attorney General,,1,,Over Votes,0
Iron,CC 29,Attorney General,,1,,Under Votes,42
Iron,CC 29,State Auditor,,1,REP,Tina CANNON,530
Iron,CC 29,State Auditor,,1,CON,Jeffery L. OSTLER,29
Iron,CC 29,State Auditor,,1,DEM,Catherine VOUTAZ,115
Iron,CC 29,State Auditor,,1,,Over Votes,1
Iron,CC 29,State Auditor,,1,,Under Votes,46
Iron,CC 29,State Treasurer,,1,UFP,Miles POMEROY,18
Iron,CC 29,State Treasurer,,1,REP,Marlo M. OAKS,533
Iron,CC 29,State Treasurer,,1,DEM,Neil A HANSEN,121
Iron,CC 29,State Treasurer,,1,,Over Votes,0
Iron,CC 29,State Treasurer,,1,,Under Votes,49
Iron,CC 29,State House,71,1,DEM,Steve MERRILL,151
Iron,CC 29,State House,71,1,REP,Rex P. SHIPP,524
Iron,CC 29,State House,71,1,,Over Votes,0
Iron,CC 29,State House,71,1,,Under Votes,46
Iron,CC 29,County Commission,C,1,REP,Kenneth L. ROBINSON,578
Iron,CC 29,County Commission,C,1,,Over Votes,0
Iron,CC 29,County Commission,C,1,,Under Votes,143
Iron,CC 29,County Assessor,,1,REP,Karsten M. REED,576
Iron,CC 29,County Assessor,,1,,Over Votes,0
Iron,CC 29,County Assessor,,1,,Under Votes,145
Iron,CC 29,County Auditor,,1,REP,Lucas A. LITTLE,561
Iron,CC 29,County Auditor,,1,,Over Votes,0
Iron,CC 29,County Auditor,,1,,Under Votes,160
Iron,CC 29,County Recorder/Surveyor,,1,REP,Carri R. JEFFRIES,562
Iron,CC 29,County Recorder/Surveyor,,1,,Over Votes,0
Iron,CC 29,County Recorder/Surveyor,,1,,Under Votes,159
Iron,CC 29,County Treasurer,,1,REP,Nicole ROSENBERG,562
Iron,CC 29,County Treasurer,,1,,Over Votes,0
Iron,CC 29,County Treasurer,,1,,Under Votes,159
Iron,CC 29,Retain Supreme Court Justice-Matthew B. DURRANT,,1,,Yes,483
Iron,CC 29,Retain Supreme Court Justice-Matthew B. DURRANT,,1,,No,106
Iron,CC 29,Retain Supreme Court Justice-Matthew B. DURRANT,,1,,Over Votes,0
Iron,CC 29,Retain Supreme Court Justice-Matthew B. DURRANT,,1,,Under Votes,132
Iron,CC 29,Retain Appeals Court Judge-Ryan D. TENNEY,,1,,Yes,484
Iron,CC 29,Retain Appeals Court Judge-Ryan D. TENNEY,,1,,No,93
Iron,CC 29,Retain Appeals Court Judge-Ryan D. TENNEY,,1,,Over Votes,0
Iron,CC 29,Retain Appeals Court Judge-Ryan D. TENNEY,,1,,Under Votes,144
Iron,CC 29,Retain 5th District Circuit Court Judge-Keith C. BARNES,,1,,Yes,512
Iron,CC 29,Retain 5th District Circuit Court Judge-Keith C. BARNES,,1,,No,88
Iron,CC 29,Retain 5th District Circuit Court Judge-Keith C. BARNES,,1,,Over Votes,0
Iron,CC 29,Retain 5th District Circuit Court Judge-Keith C. BARNES,,1,,Under Votes,121
Iron,CC 29,Retain 5th District Juvenile Circuit Court Judge-Michael FLEMMING LEAVITT,,1,,Yes,494
Iron,CC 29,Retain 5th District Juvenile Circuit Court Judge-Michael FLEMMING LEAVITT,,1,,No,94
Iron,CC 29,Retain 5th District Juvenile Circuit Court Judge-Michael FLEMMING LEAVITT,,1,,Over Votes,0
Iron,CC 29,Retain 5th District Juvenile Circuit Court Judge-Michael FLEMMING LEAVITT,,1,,Under Votes,133
Iron,CC 29,Constitutional Amendment A,,1,,For,379
Iron,CC 29,Constitutional Amendment A,,1,,Against,239
Iron,CC 29,Constitutional Amendment A,,1,,Over Votes,0
Iron,CC 29,Constitutional Amendment A,,1,,Under Votes,103
Iron,CC 29,Constitutional Amendment B,,1,,For,454
Iron,CC 29,Constitutional Amendment B,,1,,Against,199
Iron,CC 29,Constitutional Amendment B,,1,,Over Votes,0
Iron,CC 29,Constitutional Amendment B,,1,,Under Votes,68
Iron,CC 29,Constitutional Amendment C,,1,,For,569
Iron,CC 29,Constitutional Amendment C,,1,,Against,103
Iron,CC 29,Constitutional Amendment C,,1,,Over Votes,0
Iron,CC 29,Constitutional Amendment C,,1,,Under Votes,49
Iron,CC 29,Constitutional Amendment D,,1,,For,364
Iron,CC 29,Constitutional Amendment D,,1,,Against,217
Iron,CC 29,Constitutional Amendment D,,1,,Over Votes,1
Iron,CC 29,Constitutional Amendment D,,1,,Under Votes,139
Iron,CC 29,Iron County School Board Bond,,1,,For,324
Iron,CC 29,Iron County School Board Bond,,1,,Against,337
Iron,CC 29,Iron County School Board Bond,,1,,Over Votes,0
Iron,CC 29,Iron County School Board Bond,,1,,Under Votes,60
Iron,CH,Registered Voters,,,,,388
Iron,CH,Ballots Cast,,,,,358
Iron,CH,President,,1,,Cornel Ronald WEST / Melina ABDULLAH,0
Iron,CH,President,,1,,"Lucifer ""JUSTIN CASE"" EVERYLOVE",1
Iron,CH,President,,1,CON,Joel SKOUSEN / Rik COMBS,0
Iron,CH,President,,1,GRN,Jill STEIN / Rudolph WARE,1
Iron,CH,President,,1,REP,Donald J. TRUMP/ JD VANCE,269
Iron,CH,President,,1,LBT,Chase OLIVER / Mike ter MAAT,2
Iron,CH,President,,1,DEM,Kamala D. HARRIS / Tim WALZ,75
Iron,CH,President,,1,,Claudia de la CRUZ / Karina Alexandra GARCIA,1
Iron,CH,President,,1,,Write-In,8
Iron,CH,President,,1,,Over Votes,0
Iron,CH,President,,1,,Under Votes,1
Iron,CH,U.S. Senate,,1,IAP,Carleton E. BOWEN,24
Iron,CH,U.S. Senate,,1,REP,John CURTIS,263
Iron,CH,U.S. Senate,,1,DEM,Caroline GLEICH,67
Iron,CH,U.S. Senate,,1,,Write-In,0
Iron,CH,U.S. Senate,,1,,Over Votes,0
Iron,CH,U.S. Senate,,1,,Under Votes,4
Iron,CH,U.S. House,2,1,DEM,Nathaniel E WOODWARD,68
Iron,CH,U.S. House,2,1,CON,Cassie EASLEY,22
Iron,CH,U.S. House,2,1,REP,Celeste MALOY,253
Iron,CH,U.S. House,2,1,,Tyler MURSET,3
Iron,CH,U.S. House,2,1,,Over Votes,0
Iron,CH,U.S. House,2,1,,Under Votes,12
Iron,CH,Governor,,1,REP,Spencer J. COX / Deidre M. HENDERSON,215
Iron,CH,Governor,,1,IAP,Tommy WILLIAMS / Archie A. WILLIAMS III,14
Iron,CH,Governor,,1,DEM,Brian SMITH KING / Rebekah CUMMINGS,53
Iron,CH,Governor,,1,LBT,J. Robert LATHAM / Barry Evan SHORT,13
Iron,CH,Governor,,1,,Tom TOMENY / William LANSING TAYLOR,0
Iron,CH,Governor,,1,,Write-In,53
Iron,CH,Governor,,1,,Over Votes,1
Iron,CH,Governor,,1,,Under Votes,9
Iron,CH,Attorney General,,1,REP,Derek BROWN,254
Iron,CH,Attorney General,,1,DEM,Rudy J BAUTISTA,62
Iron,CH,Attorney General,,1,LBT,W. Andrew McCULLOUGH,14
Iron,CH,Attorney General,,1,,Austin HEPWORTH,6
Iron,CH,Attorney General,,1,UUP,Michelle QUIST,11
Iron,CH,Attorney General,,1,,Over Votes,0
Iron,CH,Attorney General,,1,,Under Votes,11
Iron,CH,State Auditor,,1,REP,Tina CANNON,263
Iron,CH,State Auditor,,1,CON,Jeffery L. OSTLER,11
Iron,CH,State Auditor,,1,DEM,Catherine VOUTAZ,68
Iron,CH,State Auditor,,1,,Over Votes,0
Iron,CH,State Auditor,,1,,Under Votes,16
Iron,CH,State Treasurer,,1,UFP,Miles POMEROY,7
Iron,CH,State Treasurer,,1,REP,Marlo M. OAKS,269
Iron,CH,State Treasurer,,1,DEM,Neil A HANSEN,66
Iron,CH,State Treasurer,,1,,Over Votes,0
Iron,CH,State Treasurer,,1,,Under Votes,16
Iron,CH,State House,71,1,DEM,Steve MERRILL,75
Iron,CH,State House,71,1,REP,Rex P. SHIPP,268
Iron,CH,State House,71,1,,Over Votes,0
Iron,CH,State House,71,1,,Under Votes,15
Iron,CH,County Commission,C,1,REP,Kenneth L. ROBINSON,271
Iron,CH,County Commission,C,1,,Over Votes,0
Iron,CH,County Commission,C,1,,Under Votes,87
Iron,CH,County Assessor,,1,REP,Karsten M. REED,261
Iron,CH,County Assessor,,1,,Over Votes,0
Iron,CH,County Assessor,,1,,Under Votes,97
Iron,CH,County Auditor,,1,REP,Lucas A. LITTLE,263
Iron,CH,County Auditor,,1,,Over Votes,0
Iron,CH,County Auditor,,1,,Under Votes,95
Iron,CH,County Recorder/Surveyor,,1,REP,Carri R. JEFFRIES,264
Iron,CH,County Recorder/Surveyor,,1,,Over Votes,0
Iron,CH,County Recorder/Surveyor,,1,,Under Votes,94
Iron,CH,County Treasurer,,1,REP,Nicole ROSENBERG,263
Iron,CH,County Treasurer,,1,,Over Votes,0
Iron,CH,County Treasurer,,1,,Under Votes,95
Iron,CH,Retain Supreme Court Justice-Matthew B. DURRANT,,1,,Yes,247
Iron,CH,Retain Supreme Court Justice-Matthew B. DURRANT,,1,,No,47
Iron,CH,Retain Supreme Court Justice-Matthew B. DURRANT,,1,,Over Votes,0
Iron,CH,Retain Supreme Court Justice-Matthew B. DURRANT,,1,,Under Votes,64
Iron,CH,Retain Appeals Court Judge-Ryan D. TENNEY,,1,,Yes,257
Iron,CH,Retain Appeals Court Judge-Ryan D. TENNEY,,1,,No,29
Iron,CH,Retain Appeals Court Judge-Ryan D. TENNEY,,1,,Over Votes,0
Iron,CH,Retain Appeals Court Judge-Ryan D. TENNEY,,1,,Under Votes,72
Iron,CH,Retain 5th District Circuit Court Judge-Keith C. BARNES,,1,,Yes,256
Iron,CH,Retain 5th District Circuit Court Judge-Keith C. BARNES,,1,,No,36
Iron,CH,Retain 5th District Circuit Court Judge-Keith C. BARNES,,1,,Over Votes,0
Iron,CH,Retain 5th District Circuit Court Judge-Keith C. BARNES,,1,,Under Votes,66
Iron,CH,Retain 5th District Juvenile Circuit Court Judge-Michael FLEMMING LEAVITT,,1,,Yes,260
Iron,CH,Retain 5th District Juvenile Circuit Court Judge-Michael FLEMMING LEAVITT,,1,,No,35
Iron,CH,Retain 5th District Juvenile Circuit Court Judge-Michael FLEMMING LEAVITT,,1,,Over Votes,0
Iron,CH,Retain 5th District Juvenile Circuit Court Judge-Michael FLEMMING LEAVITT,,1,,Under Votes,63
Iron,CH,Constitutional Amendment A,,1,,For,197
Iron,CH,Constitutional Amendment A,,1,,Against,112
Iron,CH,Constitutional Amendment A,,1,,Over Votes,0
Iron,CH,Constitutional Amendment A,,1,,Under Votes,49
Iron,CH,Constitutional Amendment B,,1,,For,224
Iron,CH,Constitutional Amendment B,,1,,Against,112
Iron,CH,Constitutional Amendment B,,1,,Over Votes,0
Iron,CH,Constitutional Amendment B,,1,,Under Votes,22
Iron,CH,Constitutional Amendment C,,1,,For,303
Iron,CH,Constitutional Amendment C,,1,,Against,36
Iron,CH,Constitutional Amendment C,,1,,Over Votes,0
Iron,CH,Constitutional Amendment C,,1,,Under Votes,19
Iron,CH,Constitutional Amendment D,,1,,For,215
Iron,CH,Constitutional Amendment D,,1,,Against,80
Iron,CH,Constitutional Amendment D,,1,,Over Votes,0
Iron,CH,Constitutional Amendment D,,1,,Under Votes,63
Iron,CH,Iron County School Board Bond,,1,,For,129
Iron,CH,Iron County School Board Bond,,1,,Against,214
Iron,CH,Iron County School Board Bond,,1,,Over Votes,0
Iron,CH,Iron County School Board Bond,,1,,Under Votes,15
Iron,CV,Registered Voters,,,,,811
Iron,CV,Ballots Cast,,,,,682
Iron,CV,President,,1,,Cornel Ronald WEST / Melina ABDULLAH,0
Iron,CV,President,,1,,"Lucifer ""JUSTIN CASE"" EVERYLOVE",2
Iron,CV,President,,1,CON,Joel SKOUSEN / Rik COMBS,7
Iron,CV,President,,1,GRN,Jill STEIN / Rudolph WARE,2
Iron,CV,President,,1,REP,Donald J. TRUMP/ JD VANCE,574
Iron,CV,President,,1,LBT,Chase OLIVER / Mike ter MAAT,2
Iron,CV,President,,1,DEM,Kamala D. HARRIS / Tim WALZ,84
Iron,CV,President,,1,,Claudia de la CRUZ / Karina Alexandra GARCIA,1
Iron,CV,President,,1,,Write-In,4
Iron,CV,President,,1,,Over Votes,0
Iron,CV,President,,1,,Under Votes,6
Iron,CV,U.S. Senate,,1,IAP,Carleton E. BOWEN,54
Iron,CV,U.S. Senate,,1,REP,John CURTIS,537
Iron,CV,U.S. Senate,,1,DEM,Caroline GLEICH,66
Iron,CV,U.S. Senate,,1,,Write-In,2
Iron,CV,U.S. Senate,,1,,Over Votes,0
Iron,CV,U.S. Senate,,1,,Under Votes,23
Iron,CV,U.S. House,2,1,DEM,Nathaniel E WOODWARD,70
Iron,CV,U.S. House,2,1,CON,Cassie EASLEY,60
Iron,CV,U.S. House,2,1,REP,Celeste MALOY,502
Iron,CV,U.S. House,2,1,,Tyler MURSET,21
Iron,CV,U.S. House,2,1,,Over Votes,0
Iron,CV,U.S. House,2,1,,Under Votes,29
Iron,CV,Governor,,1,REP,Spencer J. COX / Deidre M. HENDERSON,363
Iron,CV,Governor,,1,IAP,Tommy WILLIAMS / Archie A. WILLIAMS III,24
Iron,CV,Governor,,1,DEM,Brian SMITH KING / Rebekah CUMMINGS,60
Iron,CV,Governor,,1,LBT,J. Robert LATHAM / Barry Evan SHORT,34
Iron,CV,Governor,,1,,Tom TOMENY / William LANSING TAYLOR,0
Iron,CV,Governor,,1,,Write-In,169
Iron,CV,Governor,,1,,Over Votes,0
Iron,CV,Governor,,1,,Under Votes,32
Iron,CV,Attorney General,,1,REP,Derek BROWN,507
Iron,CV,Attorney General,,1,DEM,Rudy J BAUTISTA,65
Iron,CV,Attorney General,,1,LBT,W. Andrew McCULLOUGH,24
Iron,CV,Attorney General,,1,,Austin HEPWORTH,35
Iron,CV,Attorney General,,1,UUP,Michelle QUIST,13
Iron,CV,Attorney General,,1,,Over Votes,0
Iron,CV,Attorney General,,1,,Under Votes,38
Iron,CV,State Auditor,,1,REP,Tina CANNON,521
Iron,CV,State Auditor,,1,CON,Jeffery L. OSTLER,53
Iron,CV,State Auditor,,1,DEM,Catherine VOUTAZ,68
Iron,CV,State Auditor,,1,,Over Votes,0
Iron,CV,State Auditor,,1,,Under Votes,40
Iron,CV,State Treasurer,,1,UFP,Miles POMEROY,23
Iron,CV,State Treasurer,,1,REP,Marlo M. OAKS,538
Iron,CV,State Treasurer,,1,DEM,Neil A HANSEN,67
Iron,CV,State Treasurer,,1,,Over Votes,0
Iron,CV,State Treasurer,,1,,Under Votes,54
Iron,CV,State House,70,1,REP,Carl R. ALBRECHT,550
Iron,CV,State House,70,1,UUP,Zeno B. PARRY,59
Iron,CV,State House,70,1,,Over Votes,0
Iron,CV,State House,70,1,,Under Votes,73
Iron,CV,County Commission,C,1,REP,Kenneth L. ROBINSON,542
Iron,CV,County Commission,C,1,,Over Votes,0
Iron,CV,County Commission,C,1,,Under Votes,140
Iron,CV,County Assessor,,1,REP,Karsten M. REED,525
Iron,CV,County Assessor,,1,,Over Votes,0
Iron,CV,County Assessor,,1,,Under Votes,157
Iron,CV,County Auditor,,1,REP,Lucas A. LITTLE,525
Iron,CV,County Auditor,,1,,Over Votes,0
Iron,CV,County Auditor,,1,,Under Votes,157
Iron,CV,County Recorder/Surveyor,,1,REP,Carri R. JEFFRIES,530
Iron,CV,County Recorder/Surveyor,,1,,Over Votes,0
Iron,CV,County Recorder/Surveyor,,1,,Under Votes,152
Iron,CV,County Treasurer,,1,REP,Nicole ROSENBERG,528
Iron,CV,County Treasurer,,1,,Over Votes,0
Iron,CV,County Treasurer,,1,,Under Votes,154
Iron,CV,Iron School Board,1,1,,John R. TAYLOR,471
Iron,CV,Iron School Board,1,1,,Over Votes,0
Iron,CV,Iron School Board,1,1,,Under Votes,211
Iron,CV,Retain Supreme Court Justice-Matthew B. DURRANT,,1,,Yes,434
Iron,CV,Retain Supreme Court Justice-Matthew B. DURRANT,,1,,No,120
Iron,CV,Retain Supreme Court Justice-Matthew B. DURRANT,,1,,Over Votes,1
Iron,CV,Retain Supreme Court Justice-Matthew B. DURRANT,,1,,Under Votes,127
Iron,CV,Retain Appeals Court Judge-Ryan D. TENNEY,,1,,Yes,431
Iron,CV,Retain Appeals Court Judge-Ryan D. TENNEY,,1,,No,115
Iron,CV,Retain Appeals Court Judge-Ryan D. TENNEY,,1,,Over Votes,0
Iron,CV,Retain Appeals Court Judge-Ryan D. TENNEY,,1,,Under Votes,136
Iron,CV,Retain 5th District Circuit Court Judge-Keith C. BARNES,,1,,Yes,430
Iron,CV,Retain 5th District Circuit Court Judge-Keith C. BARNES,,1,,No,126
Iron,CV,Retain 5th District Circuit Court Judge-Keith C. BARNES,,1,,Over Votes,0
Iron,CV,Retain 5th District Circuit Court Judge-Keith C. BARNES,,1,,Under Votes,126
Iron,CV,Retain 5th District Juvenile Circuit Court Judge-Michael FLEMMING LEAVITT,,1,,Yes,427
Iron,CV,Retain 5th District Juvenile Circuit Court Judge-Michael FLEMMING LEAVITT,,1,,No,120
Iron,CV,Retain 5th District Juvenile Circuit Court Judge-Michael FLEMMING LEAVITT,,1,,Over Votes,0
Iron,CV,Retain 5th District Juvenile Circuit Court Judge-Michael FLEMMING LEAVITT,,1,,Under Votes,135
Iron,CV,Constitutional Amendment A,,1,,For,340
Iron,CV,Constitutional Amendment A,,1,,Against,259
Iron,CV,Constitutional Amendment A,,1,,Over Votes,0
Iron,CV,Constitutional Amendment A,,1,,Under Votes,83
Iron,CV,Constitutional Amendment B,,1,,For,303
Iron,CV,Constitutional Amendment B,,1,,Against,327
Iron,CV,Constitutional Amendment B,,1,,Over Votes,0
Iron,CV,Constitutional Amendment B,,1,,Under Votes,52
Iron,CV,Constitutional Amendment C,,1,,For,566
Iron,CV,Constitutional Amendment C,,1,,Against,79
Iron,CV,Constitutional Amendment C,,1,,Over Votes,0
Iron,CV,Constitutional Amendment C,,1,,Under Votes,37
Iron,CV,Constitutional Amendment D,,1,,For,393
Iron,CV,Constitutional Amendment D,,1,,Against,180
Iron,CV,Constitutional Amendment D,,1,,Over Votes,0
Iron,CV,Constitutional Amendment D,,1,,Under Votes,109
Iron,CV,Iron County School Board Bond,,1,,For,171
Iron,CV,Iron County School Board Bond,,1,,Against,458
Iron,CV,Iron County School Board Bond,,1,,Over Votes,0
Iron,CV,Iron County School Board Bond,,1,,Under Votes,53
Iron,ENO 1,Registered Voters,,,,,781
Iron,ENO 1,Ballots Cast,,,,,710
Iron,ENO 1,President,,1,,Cornel Ronald WEST / Melina ABDULLAH,0
Iron,ENO 1,President,,1,,"Lucifer ""JUSTIN CASE"" EVERYLOVE",3
Iron,ENO 1,President,,1,CON,Joel SKOUSEN / Rik COMBS,4
Iron,ENO 1,President,,1,GRN,Jill STEIN / Rudolph WARE,4
Iron,ENO 1,President,,1,REP,Donald J. TRUMP/ JD VANCE,566
Iron,ENO 1,President,,1,LBT,Chase OLIVER / Mike ter MAAT,1
Iron,ENO 1,President,,1,DEM,Kamala D. HARRIS / Tim WALZ,121
Iron,ENO 1,President,,1,,Claudia de la CRUZ / Karina Alexandra GARCIA,0
Iron,ENO 1,President,,1,,Write-In,3
Iron,ENO 1,President,,1,,Over Votes,0
Iron,ENO 1,President,,1,,Under Votes,8
Iron,ENO 1,U.S. Senate,,1,IAP,Carleton E. BOWEN,59
Iron,ENO 1,U.S. Senate,,1,REP,John CURTIS,523
Iron,ENO 1,U.S. Senate,,1,DEM,Caroline GLEICH,107
Iron,ENO 1,U.S. Senate,,1,,Write-In,2
Iron,ENO 1,U.S. Senate,,1,,Over Votes,1
Iron,ENO 1,U.S. Senate,,1,,Under Votes,18
Iron,ENO 1,U.S. House,2,1,DEM,Nathaniel E WOODWARD,99
Iron,ENO 1,U.S. House,2,1,CON,Cassie EASLEY,44
Iron,ENO 1,U.S. House,2,1,REP,Celeste MALOY,524
Iron,ENO 1,U.S. House,2,1,,Tyler MURSET,10
Iron,ENO 1,U.S. House,2,1,,Over Votes,0
Iron,ENO 1,U.S. House,2,1,,Under Votes,33
Iron,ENO 1,Governor,,1,REP,Spencer J. COX / Deidre M. HENDERSON,434
Iron,ENO 1,Governor,,1,IAP,Tommy WILLIAMS / Archie A. WILLIAMS III,12
Iron,ENO 1,Governor,,1,DEM,Brian SMITH KING / Rebekah CUMMINGS,77
Iron,ENO 1,Governor,,1,LBT,J. Robert LATHAM / Barry Evan SHORT,22
Iron,ENO 1,Governor,,1,,Tom TOMENY / William LANSING TAYLOR,2
Iron,ENO 1,Governor,,1,,Write-In,142
Iron,ENO 1,Governor,,1,,Over Votes,0
Iron,ENO 1,Governor,,1,,Under Votes,21
Iron,ENO 1,Attorney General,,1,REP,Derek BROWN,519
Iron,ENO 1,Attorney General,,1,DEM,Rudy J BAUTISTA,81
Iron,ENO 1,Attorney General,,1,LBT,W. Andrew McCULLOUGH,27
Iron,ENO 1,Attorney General,,1,,Austin HEPWORTH,22
Iron,ENO 1,Attorney General,,1,UUP,Michelle QUIST,36
Iron,ENO 1,Attorney General,,1,,Over Votes,0
Iron,ENO 1,Attorney General,,1,,Under Votes,25
Iron,ENO 1,State Auditor,,1,REP,Tina CANNON,557
Iron,ENO 1,State Auditor,,1,CON,Jeffery L. OSTLER,28
Iron,ENO 1,State Auditor,,1,DEM,Catherine VOUTAZ,96
Iron,ENO 1,State Auditor,,1,,Over Votes,0
Iron,ENO 1,State Auditor,,1,,Under Votes,29
Iron,ENO 1,State Treasurer,,1,UFP,Miles POMEROY,26
Iron,ENO 1,State Treasurer,,1,REP,Marlo M. OAKS,554
Iron,ENO 1,State Treasurer,,1,DEM,Neil A HANSEN,95
Iron,ENO 1,State Treasurer,,1,,Over Votes,0
Iron,ENO 1,State Treasurer,,1,,Under Votes,35
Iron,ENO 1,State House,70,1,REP,Carl R. ALBRECHT,588
Iron,ENO 1,State House,70,1,UUP,Zeno B. PARRY,58
Iron,ENO 1,State House,70,1,,Over Votes,0
Iron,ENO 1,State House,70,1,,Under Votes,64
Iron,ENO 1,County Commission,C,1,REP,Kenneth L. ROBINSON,606
Iron,ENO 1,County Commission,C,1,,Over Votes,0
Iron,ENO 1,County Commission,C,1,,Under Votes,104
Iron,ENO 1,County Assessor,,1,REP,Karsten M. REED,587
Iron,ENO 1,County Assessor,,1,,Over Votes,0
Iron,ENO 1,County Assessor,,1,,Under Votes,123
Iron,ENO 1,County Auditor,,1,REP,Lucas A. LITTLE,585
Iron,ENO 1,County Auditor,,1,,Over Votes,0
Iron,ENO 1,County Auditor,,1,,Under Votes,125
Iron,ENO 1,County Recorder/Surveyor,,1,REP,Carri R. JEFFRIES,581
Iron,ENO 1,County Recorder/Surveyor,,1,,Over Votes,0
Iron,ENO 1,County Recorder/Surveyor,,1,,Under Votes,129
Iron,ENO 1,County Treasurer,,1,REP,Nicole ROSENBERG,583
Iron,ENO 1,County Treasurer,,1,,Over Votes,0
Iron,ENO 1,County Treasurer,,1,,Under Votes,127
Iron,ENO 1,Retain Supreme Court Justice-Matthew B. DURRANT,,1,,Yes,506
Iron,ENO 1,Retain Supreme Court Justice-Matthew B. DURRANT,,1,,No,102
Iron,ENO 1,Retain Supreme Court Justice-Matthew B. DURRANT,,1,,Over Votes,0
Iron,ENO 1,Retain Supreme Court Justice-Matthew B. DURRANT,,1,,Under Votes,102
Iron,ENO 1,Retain Appeals Court Judge-Ryan D. TENNEY,,1,,Yes,490
Iron,ENO 1,Retain Appeals Court Judge-Ryan D. TENNEY,,1,,No,107
Iron,ENO 1,Retain Appeals Court Judge-Ryan D. TENNEY,,1,,Over Votes,3
Iron,ENO 1,Retain Appeals Court Judge-Ryan D. TENNEY,,1,,Under Votes,110
Iron,ENO 1,Retain 5th District Circuit Court Judge-Keith C. BARNES,,1,,Yes,506
Iron,ENO 1,Retain 5th District Circuit Court Judge-Keith C. BARNES,,1,,No,103
Iron,ENO 1,Retain 5th District Circuit Court Judge-Keith C. BARNES,,1,,Over Votes,1
Iron,ENO 1,Retain 5th District Circuit Court Judge-Keith C. BARNES,,1,,Under Votes,100
Iron,ENO 1,Retain 5th District Juvenile Circuit Court Judge-Michael FLEMMING LEAVITT,,1,,Yes,503
Iron,ENO 1,Retain 5th District Juvenile Circuit Court Judge-Michael FLEMMING LEAVITT,,1,,No,104
Iron,ENO 1,Retain 5th District Juvenile Circuit Court Judge-Michael FLEMMING LEAVITT,,1,,Over Votes,0
Iron,ENO 1,Retain 5th District Juvenile Circuit Court Judge-Michael FLEMMING LEAVITT,,1,,Under Votes,103
Iron,ENO 1,Constitutional Amendment A,,1,,For,380
Iron,ENO 1,Constitutional Amendment A,,1,,Against,232
Iron,ENO 1,Constitutional Amendment A,,1,,Over Votes,0
Iron,ENO 1,Constitutional Amendment A,,1,,Under Votes,98
Iron,ENO 1,Constitutional Amendment B,,1,,For,438
Iron,ENO 1,Constitutional Amendment B,,1,,Against,213
Iron,ENO 1,Constitutional Amendment B,,1,,Over Votes,0
Iron,ENO 1,Constitutional Amendment B,,1,,Under Votes,59
Iron,ENO 1,Constitutional Amendment C,,1,,For,552
Iron,ENO 1,Constitutional Amendment C,,1,,Against,102
Iron,ENO 1,Constitutional Amendment C,,1,,Over Votes,0
Iron,ENO 1,Constitutional Amendment C,,1,,Under Votes,56
Iron,ENO 1,Constitutional Amendment D,,1,,For,404
Iron,ENO 1,Constitutional Amendment D,,1,,Against,187
Iron,ENO 1,Constitutional Amendment D,,1,,Over Votes,0
Iron,ENO 1,Constitutional Amendment D,,1,,Under Votes,119
Iron,ENO 1,Iron County School Board Bond,,1,,For,282
Iron,ENO 1,Iron County School Board Bond,,1,,Against,380
Iron,ENO 1,Iron County School Board Bond,,1,,Over Votes,0
Iron,ENO 1,Iron County School Board Bond,,1,,Under Votes,48
Iron,ENO 2,Registered Voters,,,,,731
Iron,ENO 2,Ballots Cast,,,,,644
Iron,ENO 2,President,,1,,Cornel Ronald WEST / Melina ABDULLAH,2
Iron,ENO 2,President,,1,,"Lucifer ""JUSTIN CASE"" EVERYLOVE",0
Iron,ENO 2,President,,1,CON,Joel SKOUSEN / Rik COMBS,7
Iron,ENO 2,President,,1,GRN,Jill STEIN / Rudolph WARE,1
Iron,ENO 2,President,,1,REP,Donald J. TRUMP/ JD VANCE,510
Iron,ENO 2,President,,1,LBT,Chase OLIVER / Mike ter MAAT,9
Iron,ENO 2,President,,1,DEM,Kamala D. HARRIS / Tim WALZ,100
Iron,ENO 2,President,,1,,Claudia de la CRUZ / Karina Alexandra GARCIA,1
Iron,ENO 2,President,,1,,Write-In,11
Iron,ENO 2,President,,1,,Over Votes,0
Iron,ENO 2,President,,1,,Under Votes,3
Iron,ENO 2,U.S. Senate,,1,IAP,Carleton E. BOWEN,58
Iron,ENO 2,U.S. Senate,,1,REP,John CURTIS,496
Iron,ENO 2,U.S. Senate,,1,DEM,Caroline GLEICH,73
Iron,ENO 2,U.S. Senate,,1,,Write-In,5
Iron,ENO 2,U.S. Senate,,1,,Over Votes,0
Iron,ENO 2,U.S. Senate,,1,,Under Votes,12
Iron,ENO 2,U.S. House,2,1,DEM,Nathaniel E WOODWARD,69
Iron,ENO 2,U.S. House,2,1,CON,Cassie EASLEY,69
Iron,ENO 2,U.S. House,2,1,REP,Celeste MALOY,465
Iron,ENO 2,U.S. House,2,1,,Tyler MURSET,11
Iron,ENO 2,U.S. House,2,1,,Over Votes,0
Iron,ENO 2,U.S. House,2,1,,Under Votes,30
Iron,ENO 2,Governor,,1,REP,Spencer J. COX / Deidre M. HENDERSON,408
Iron,ENO 2,Governor,,1,IAP,Tommy WILLIAMS / Archie A. WILLIAMS III,23
Iron,ENO 2,Governor,,1,DEM,Brian SMITH KING / Rebekah CUMMINGS,64
Iron,ENO 2,Governor,,1,LBT,J. Robert LATHAM / Barry Evan SHORT,17
Iron,ENO 2,Governor,,1,,Tom TOMENY / William LANSING TAYLOR,2
Iron,ENO 2,Governor,,1,,Write-In,114
Iron,ENO 2,Governor,,1,,Over Votes,0
Iron,ENO 2,Governor,,1,,Under Votes,16
Iron,ENO 2,Attorney General,,1,REP,Derek BROWN,470
Iron,ENO 2,Attorney General,,1,DEM,Rudy J BAUTISTA,58
Iron,ENO 2,Attorney General,,1,LBT,W. Andrew McCULLOUGH,29
Iron,ENO 2,Attorney General,,1,,Austin HEPWORTH,29
Iron,ENO 2,Attorney General,,1,UUP,Michelle QUIST,31
Iron,ENO 2,Attorney General,,1,,Over Votes,0
Iron,ENO 2,Attorney General,,1,,Under Votes,27
Iron,ENO 2,State Auditor,,1,REP,Tina CANNON,499
Iron,ENO 2,State Auditor,,1,CON,Jeffery L. OSTLER,33
Iron,ENO 2,State Auditor,,1,DEM,Catherine VOUTAZ,77
Iron,ENO 2,State Auditor,,1,,Over Votes,0
Iron,ENO 2,State Auditor,,1,,Under Votes,35
Iron,ENO 2,State Treasurer,,1,UFP,Miles POMEROY,24
Iron,ENO 2,State Treasurer,,1,REP,Marlo M. OAKS,517
Iron,ENO 2,State Treasurer,,1,DEM,Neil A HANSEN,67
Iron,ENO 2,State Treasurer,,1,,Over Votes,0
Iron,ENO 2,State Treasurer,,1,,Under Votes,36
Iron,ENO 2,State House,70,1,REP,Carl R. ALBRECHT,536
Iron,ENO 2,State House,70,1,UUP,Zeno B. PARRY,54
Iron,ENO 2,State House,70,1,,Over Votes,0
Iron,ENO 2,State House,70,1,,Under Votes,54
Iron,ENO 2,County Commission,C,1,REP,Kenneth L. ROBINSON,533
Iron,ENO 2,County Commission,C,1,,Over Votes,0
Iron,ENO 2,County Commission,C,1,,Under Votes,111
Iron,ENO 2,County Assessor,,1,REP,Karsten M. REED,532
Iron,ENO 2,County Assessor,,1,,Over Votes,0
Iron,ENO 2,County Assessor,,1,,Under Votes,112
Iron,ENO 2,County Auditor,,1,REP,Lucas A. LITTLE,524
Iron,ENO 2,County Auditor,,1,,Over Votes,0
Iron,ENO 2,County Auditor,,1,,Under Votes,120
Iron,ENO 2,County Recorder/Surveyor,,1,REP,Carri R. JEFFRIES,526
Iron,ENO 2,County Recorder/Surveyor,,1,,Over Votes,0
Iron,ENO 2,County Recorder/Surveyor,,1,,Under Votes,118
Iron,ENO 2,County Treasurer,,1,REP,Nicole ROSENBERG,527
Iron,ENO 2,County Treasurer,,1,,Over Votes,0
Iron,ENO 2,County Treasurer,,1,,Under Votes,117
Iron,ENO 2,Iron School Board,1,1,,John R. TAYLOR,500
Iron,ENO 2,Iron School Board,1,1,,Over Votes,0
Iron,ENO 2,Iron School Board,1,1,,Under Votes,144
Iron,ENO 2,Retain Supreme Court Justice-Matthew B. DURRANT,,1,,Yes,470
Iron,ENO 2,Retain Supreme Court Justice-Matthew B. DURRANT,,1,,No,90
Iron,ENO 2,Retain Supreme Court Justice-Matthew B. DURRANT,,1,,Over Votes,0
Iron,ENO 2,Retain Supreme Court Justice-Matthew B. DURRANT,,1,,Under Votes,84
Iron,ENO 2,Retain Appeals Court Judge-Ryan D. TENNEY,,1,,Yes,467
Iron,ENO 2,Retain Appeals Court Judge-Ryan D. TENNEY,,1,,No,89
Iron,ENO 2,Retain Appeals Court Judge-Ryan D. TENNEY,,1,,Over Votes,0
Iron,ENO 2,Retain Appeals Court Judge-Ryan D. TENNEY,,1,,Under Votes,88
Iron,ENO 2,Retain 5th District Circuit Court Judge-Keith C. BARNES,,1,,Yes,471
Iron,ENO 2,Retain 5th District Circuit Court Judge-Keith C. BARNES,,1,,No,89
Iron,ENO 2,Retain 5th District Circuit Court Judge-Keith C. BARNES,,1,,Over Votes,0
Iron,ENO 2,Retain 5th District Circuit Court Judge-Keith C. BARNES,,1,,Under Votes,84
Iron,ENO 2,Retain 5th District Juvenile Circuit Court Judge-Michael FLEMMING LEAVITT,,1,,Yes,466
Iron,ENO 2,Retain 5th District Juvenile Circuit Court Judge-Michael FLEMMING LEAVITT,,1,,No,92
Iron,ENO 2,Retain 5th District Juvenile Circuit Court Judge-Michael FLEMMING LEAVITT,,1,,Over Votes,0
Iron,ENO 2,Retain 5th District Juvenile Circuit Court Judge-Michael FLEMMING LEAVITT,,1,,Under Votes,86
Iron,ENO 2,Constitutional Amendment A,,1,,For,331
Iron,ENO 2,Constitutional Amendment A,,1,,Against,219
Iron,ENO 2,Constitutional Amendment A,,1,,Over Votes,0
Iron,ENO 2,Constitutional Amendment A,,1,,Under Votes,94
Iron,ENO 2,Constitutional Amendment B,,1,,For,393
Iron,ENO 2,Constitutional Amendment B,,1,,Against,207
Iron,ENO 2,Constitutional Amendment B,,1,,Over Votes,0
Iron,ENO 2,Constitutional Amendment B,,1,,Under Votes,44
Iron,ENO 2,Constitutional Amendment C,,1,,For,532
Iron,ENO 2,Constitutional Amendment C,,1,,Against,74
Iron,ENO 2,Constitutional Amendment C,,1,,Over Votes,0
Iron,ENO 2,Constitutional Amendment C,,1,,Under Votes,38
Iron,ENO 2,Constitutional Amendment D,,1,,For,344
Iron,ENO 2,Constitutional Amendment D,,1,,Against,191
Iron,ENO 2,Constitutional Amendment D,,1,,Over Votes,0
Iron,ENO 2,Constitutional Amendment D,,1,,Under Votes,109
Iron,ENO 2,Iron County School Board Bond,,1,,For,271
Iron,ENO 2,Iron County School Board Bond,,1,,Against,333
Iron,ENO 2,Iron County School Board Bond,,1,,Over Votes,0
Iron,ENO 2,Iron County School Board Bond,,1,,Under Votes,40
Iron,ENO 3,Registered Voters,,,,,891
Iron,ENO 3,Ballots Cast,,,,,773
Iron,ENO 3,President,,1,,Cornel Ronald WEST / Melina ABDULLAH,2
Iron,ENO 3,President,,1,,"Lucifer ""JUSTIN CASE"" EVERYLOVE",0
Iron,ENO 3,President,,1,CON,Joel SKOUSEN / Rik COMBS,3
Iron,ENO 3,President,,1,GRN,Jill STEIN / Rudolph WARE,2
Iron,ENO 3,President,,1,REP,Donald J. TRUMP/ JD VANCE,625
Iron,ENO 3,President,,1,LBT,Chase OLIVER / Mike ter MAAT,7
Iron,ENO 3,President,,1,DEM,Kamala D. HARRIS / Tim WALZ,120
Iron,ENO 3,President,,1,,Claudia de la CRUZ / Karina Alexandra GARCIA,1
Iron,ENO 3,President,,1,,Write-In,4
Iron,ENO 3,President,,1,,Over Votes,0
Iron,ENO 3,President,,1,,Under Votes,9
Iron,ENO 3,U.S. Senate,,1,IAP,Carleton E. BOWEN,54
Iron,ENO 3,U.S. Senate,,1,REP,John CURTIS,585
Iron,ENO 3,U.S. Senate,,1,DEM,Caroline GLEICH,97
Iron,ENO 3,U.S. Senate,,1,,Write-In,8
Iron,ENO 3,U.S. Senate,,1,,Over Votes,0
Iron,ENO 3,U.S. Senate,,1,,Under Votes,29
Iron,ENO 3,U.S. House,2,1,DEM,Nathaniel E WOODWARD,99
Iron,ENO 3,U.S. House,2,1,CON,Cassie EASLEY,29
Iron,ENO 3,U.S. House,2,1,REP,Celeste MALOY,587
Iron,ENO 3,U.S. House,2,1,,Tyler MURSET,25
Iron,ENO 3,U.S. House,2,1,,Over Votes,0
Iron,ENO 3,U.S. House,2,1,,Under Votes,33
Iron,ENO 3,Governor,,1,REP,Spencer J. COX / Deidre M. HENDERSON,475
Iron,ENO 3,Governor,,1,IAP,Tommy WILLIAMS / Archie A. WILLIAMS III,25
Iron,ENO 3,Governor,,1,DEM,Brian SMITH KING / Rebekah CUMMINGS,89
Iron,ENO 3,Governor,,1,LBT,J. Robert LATHAM / Barry Evan SHORT,25
Iron,ENO 3,Governor,,1,,Tom TOMENY / William LANSING TAYLOR,2
Iron,ENO 3,Governor,,1,,Write-In,132
Iron,ENO 3,Governor,,1,,Over Votes,0
Iron,ENO 3,Governor,,1,,Under Votes,25
Iron,ENO 3,Attorney General,,1,REP,Derek BROWN,564
Iron,ENO 3,Attorney General,,1,DEM,Rudy J BAUTISTA,98
Iron,ENO 3,Attorney General,,1,LBT,W. Andrew McCULLOUGH,16
Iron,ENO 3,Attorney General,,1,,Austin HEPWORTH,25
Iron,ENO 3,Attorney General,,1,UUP,Michelle QUIST,26
Iron,ENO 3,Attorney General,,1,,Over Votes,0
Iron,ENO 3,Attorney General,,1,,Under Votes,44
Iron,ENO 3,State Auditor,,1,REP,Tina CANNON,578
Iron,ENO 3,State Auditor,,1,CON,Jeffery L. OSTLER,37
Iron,ENO 3,State Auditor,,1,DEM,Catherine VOUTAZ,105
Iron,ENO 3,State Auditor,,1,,Over Votes,0
Iron,ENO 3,State Auditor,,1,,Under Votes,53
Iron,ENO 3,State Treasurer,,1,UFP,Miles POMEROY,29
Iron,ENO 3,State Treasurer,,1,REP,Marlo M. OAKS,594
Iron,ENO 3,State Treasurer,,1,DEM,Neil A HANSEN,93
Iron,ENO 3,State Treasurer,,1,,Over Votes,0
Iron,ENO 3,State Treasurer,,1,,Under Votes,57
Iron,ENO 3,State House,70,1,REP,Carl R. ALBRECHT,611
Iron,ENO 3,State House,70,1,UUP,Zeno B. PARRY,68
Iron,ENO 3,State House,70,1,,Over Votes,0
Iron,ENO 3,State House,70,1,,Under Votes,94
Iron,ENO 3,County Commission,C,1,REP,Kenneth L. ROBINSON,599
Iron,ENO 3,County Commission,C,1,,Over Votes,0
Iron,ENO 3,County Commission,C,1,,Under Votes,174
Iron,ENO 3,County Assessor,,1,REP,Karsten M. REED,582
Iron,ENO 3,County Assessor,,1,,Over Votes,0
Iron,ENO 3,County Assessor,,1,,Under Votes,191
Iron,ENO 3,County Auditor,,1,REP,Lucas A. LITTLE,579
Iron,ENO 3,County Auditor,,1,,Over Votes,0
Iron,ENO 3,County Auditor,,1,,Under Votes,194
Iron,ENO 3,County Recorder/Surveyor,,1,REP,Carri R. JEFFRIES,585
Iron,ENO 3,County Recorder/Surveyor,,1,,Over Votes,0
Iron,ENO 3,County Recorder/Surveyor,,1,,Under Votes,188
Iron,ENO 3,County Treasurer,,1,REP,Nicole ROSENBERG,580
Iron,ENO 3,County Treasurer,,1,,Over Votes,0
Iron,ENO 3,County Treasurer,,1,,Under Votes,193
Iron,ENO 3,Iron School Board,1,1,,John R. TAYLOR,552
Iron,ENO 3,Iron School Board,1,1,,Over Votes,0
Iron,ENO 3,Iron School Board,1,1,,Under Votes,221
Iron,ENO 3,Retain Supreme Court Justice-Matthew B. DURRANT,,1,,Yes,514
Iron,ENO 3,Retain Supreme Court Justice-Matthew B. DURRANT,,1,,No,111
Iron,ENO 3,Retain Supreme Court Justice-Matthew B. DURRANT,,1,,Over Votes,0
Iron,ENO 3,Retain Supreme Court Justice-Matthew B. DURRANT,,1,,Under Votes,148
Iron,ENO 3,Retain Appeals Court Judge-Ryan D. TENNEY,,1,,Yes,519
Iron,ENO 3,Retain Appeals Court Judge-Ryan D. TENNEY,,1,,No,100
Iron,ENO 3,Retain Appeals Court Judge-Ryan D. TENNEY,,1,,Over Votes,1
Iron,ENO 3,Retain Appeals Court Judge-Ryan D. TENNEY,,1,,Under Votes,153
Iron,ENO 3,Retain 5th District Circuit Court Judge-Keith C. BARNES,,1,,Yes,527
Iron,ENO 3,Retain 5th District Circuit Court Judge-Keith C. BARNES,,1,,No,98
Iron,ENO 3,Retain 5th District Circuit Court Judge-Keith C. BARNES,,1,,Over Votes,0
Iron,ENO 3,Retain 5th District Circuit Court Judge-Keith C. BARNES,,1,,Under Votes,148
Iron,ENO 3,Retain 5th District Juvenile Circuit Court Judge-Michael FLEMMING LEAVITT,,1,,Yes,503
Iron,ENO 3,Retain 5th District Juvenile Circuit Court Judge-Michael FLEMMING LEAVITT,,1,,No,111
Iron,ENO 3,Retain 5th District Juvenile Circuit Court Judge-Michael FLEMMING LEAVITT,,1,,Over Votes,1
Iron,ENO 3,Retain 5th District Juvenile Circuit Court Judge-Michael FLEMMING LEAVITT,,1,,Under Votes,158
Iron,ENO 3,Constitutional Amendment A,,1,,For,379
Iron,ENO 3,Constitutional Amendment A,,1,,Against,274
Iron,ENO 3,Constitutional Amendment A,,1,,Over Votes,0
Iron,ENO 3,Constitutional Amendment A,,1,,Under Votes,120
Iron,ENO 3,Constitutional Amendment B,,1,,For,447
Iron,ENO 3,Constitutional Amendment B,,1,,Against,255
Iron,ENO 3,Constitutional Amendment B,,1,,Over Votes,0
Iron,ENO 3,Constitutional Amendment B,,1,,Under Votes,71
Iron,ENO 3,Constitutional Amendment C,,1,,For,625
Iron,ENO 3,Constitutional Amendment C,,1,,Against,80
Iron,ENO 3,Constitutional Amendment C,,1,,Over Votes,0
Iron,ENO 3,Constitutional Amendment C,,1,,Under Votes,68
Iron,ENO 3,Constitutional Amendment D,,1,,For,449
Iron,ENO 3,Constitutional Amendment D,,1,,Against,201
Iron,ENO 3,Constitutional Amendment D,,1,,Over Votes,0
Iron,ENO 3,Constitutional Amendment D,,1,,Under Votes,123
Iron,ENO 3,Iron County School Board Bond,,1,,For,282
Iron,ENO 3,Iron County School Board Bond,,1,,Against,428
Iron,ENO 3,Iron County School Board Bond,,1,,Over Votes,0
Iron,ENO 3,Iron County School Board Bond,,1,,Under Votes,63
Iron,ENO 4,Registered Voters,,,,,688
Iron,ENO 4,Ballots Cast,,,,,620
Iron,ENO 4,President,,1,,Cornel Ronald WEST / Melina ABDULLAH,0
Iron,ENO 4,President,,1,,"Lucifer ""JUSTIN CASE"" EVERYLOVE",1
Iron,ENO 4,President,,1,CON,Joel SKOUSEN / Rik COMBS,5
Iron,ENO 4,President,,1,GRN,Jill STEIN / Rudolph WARE,0
Iron,ENO 4,President,,1,REP,Donald J. TRUMP/ JD VANCE,523
Iron,ENO 4,President,,1,LBT,Chase OLIVER / Mike ter MAAT,6
Iron,ENO 4,President,,1,DEM,Kamala D. HARRIS / Tim WALZ,77
Iron,ENO 4,President,,1,,Claudia de la CRUZ / Karina Alexandra GARCIA,0
Iron,ENO 4,President,,1,,Write-In,6
Iron,ENO 4,President,,1,,Over Votes,0
Iron,ENO 4,President,,1,,Under Votes,2
Iron,ENO 4,U.S. Senate,,1,IAP,Carleton E. BOWEN,54
Iron,ENO 4,U.S. Senate,,1,REP,John CURTIS,486
Iron,ENO 4,U.S. Senate,,1,DEM,Caroline GLEICH,54
Iron,ENO 4,U.S. Senate,,1,,Write-In,9
Iron,ENO 4,U.S. Senate,,1,,Over Votes,0
Iron,ENO 4,U.S. Senate,,1,,Under Votes,17
Iron,ENO 4,U.S. House,2,1,DEM,Nathaniel E WOODWARD,58
Iron,ENO 4,U.S. House,2,1,CON,Cassie EASLEY,65
Iron,ENO 4,U.S. House,2,1,REP,Celeste MALOY,460
Iron,ENO 4,U.S. House,2,1,,Tyler MURSET,11
Iron,ENO 4,U.S. House,2,1,,Over Votes,0
Iron,ENO 4,U.S. House,2,1,,Under Votes,26
Iron,ENO 4,Governor,,1,REP,Spencer J. COX / Deidre M. HENDERSON,366
Iron,ENO 4,Governor,,1,IAP,Tommy WILLIAMS / Archie A. WILLIAMS III,6
Iron,ENO 4,Governor,,1,DEM,Brian SMITH KING / Rebekah CUMMINGS,50
Iron,ENO 4,Governor,,1,LBT,J. Robert LATHAM / Barry Evan SHORT,27
Iron,ENO 4,Governor,,1,,Tom TOMENY / William LANSING TAYLOR,3
Iron,ENO 4,Governor,,1,,Write-In,154
Iron,ENO 4,Governor,,1,,Over Votes,0
Iron,ENO 4,Governor,,1,,Under Votes,14
Iron,ENO 4,Attorney General,,1,REP,Derek BROWN,491
Iron,ENO 4,Attorney General,,1,DEM,Rudy J BAUTISTA,45
Iron,ENO 4,Attorney General,,1,LBT,W. Andrew McCULLOUGH,26
Iron,ENO 4,Attorney General,,1,,Austin HEPWORTH,20
Iron,ENO 4,Attorney General,,1,UUP,Michelle QUIST,15
Iron,ENO 4,Attorney General,,1,,Over Votes,0
Iron,ENO 4,Attorney General,,1,,Under Votes,23
Iron,ENO 4,State Auditor,,1,REP,Tina CANNON,502
Iron,ENO 4,State Auditor,,1,CON,Jeffery L. OSTLER,27
Iron,ENO 4,State Auditor,,1,DEM,Catherine VOUTAZ,64
Iron,ENO 4,State Auditor,,1,,Over Votes,0
Iron,ENO 4,State Auditor,,1,,Under Votes,27
Iron,ENO 4,State Treasurer,,1,UFP,Miles POMEROY,26
Iron,ENO 4,State Treasurer,,1,REP,Marlo M. OAKS,508
Iron,ENO 4,State Treasurer,,1,DEM,Neil A HANSEN,48
Iron,ENO 4,State Treasurer,,1,,Over Votes,0
Iron,ENO 4,State Treasurer,,1,,Under Votes,38
Iron,ENO 4,State House,70,1,REP,Carl R. ALBRECHT,525
Iron,ENO 4,State House,70,1,UUP,Zeno B. PARRY,37
Iron,ENO 4,State House,70,1,,Over Votes,0
Iron,ENO 4,State House,70,1,,Under Votes,58
Iron,ENO 4,County Commission,C,1,REP,Kenneth L. ROBINSON,514
Iron,ENO 4,County Commission,C,1,,Over Votes,0
Iron,ENO 4,County Commission,C,1,,Under Votes,106
Iron,ENO 4,County Assessor,,1,REP,Karsten M. REED,505
Iron,ENO 4,County Assessor,,1,,Over Votes,0
Iron,ENO 4,County Assessor,,1,,Under Votes,115
Iron,ENO 4,County Auditor,,1,REP,Lucas A. LITTLE,501
Iron,ENO 4,County Auditor,,1,,Over Votes,0
Iron,ENO 4,County Auditor,,1,,Under Votes,119
Iron,ENO 4,County Recorder/Surveyor,,1,REP,Carri R. JEFFRIES,501
Iron,ENO 4,County Recorder/Surveyor,,1,,Over Votes,0
Iron,ENO 4,County Recorder/Surveyor,,1,,Under Votes,119
Iron,ENO 4,County Treasurer,,1,REP,Nicole ROSENBERG,503
Iron,ENO 4,County Treasurer,,1,,Over Votes,0
Iron,ENO 4,County Treasurer,,1,,Under Votes,117
Iron,ENO 4,Iron School Board,2,1,,Ben A. JOHNSON,446
Iron,ENO 4,Iron School Board,2,1,,Over Votes,0
Iron,ENO 4,Iron School Board,2,1,,Under Votes,174
Iron,ENO 4,Retain Supreme Court Justice-Matthew B. DURRANT,,1,,Yes,445
Iron,ENO 4,Retain Supreme Court Justice-Matthew B. DURRANT,,1,,No,70
Iron,ENO 4,Retain Supreme Court Justice-Matthew B. DURRANT,,1,,Over Votes,0
Iron,ENO 4,Retain Supreme Court Justice-Matthew B. DURRANT,,1,,Under Votes,105
Iron,ENO 4,Retain Appeals Court Judge-Ryan D. TENNEY,,1,,Yes,442
Iron,ENO 4,Retain Appeals Court Judge-Ryan D. TENNEY,,1,,No,65
Iron,ENO 4,Retain Appeals Court Judge-Ryan D. TENNEY,,1,,Over Votes,0
Iron,ENO 4,Retain Appeals Court Judge-Ryan D. TENNEY,,1,,Under Votes,113
Iron,ENO 4,Retain 5th District Circuit Court Judge-Keith C. BARNES,,1,,Yes,451
Iron,ENO 4,Retain 5th District Circuit Court Judge-Keith C. BARNES,,1,,No,63
Iron,ENO 4,Retain 5th District Circuit Court Judge-Keith C. BARNES,,1,,Over Votes,0
Iron,ENO 4,Retain 5th District Circuit Court Judge-Keith C. BARNES,,1,,Under Votes,106
Iron,ENO 4,Retain 5th District Juvenile Circuit Court Judge-Michael FLEMMING LEAVITT,,1,,Yes,442
Iron,ENO 4,Retain 5th District Juvenile Circuit Court Judge-Michael FLEMMING LEAVITT,,1,,No,66
Iron,ENO 4,Retain 5th District Juvenile Circuit Court Judge-Michael FLEMMING LEAVITT,,1,,Over Votes,0
Iron,ENO 4,Retain 5th District Juvenile Circuit Court Judge-Michael FLEMMING LEAVITT,,1,,Under Votes,112
Iron,ENO 4,Constitutional Amendment A,,1,,For,308
Iron,ENO 4,Constitutional Amendment A,,1,,Against,216
Iron,ENO 4,Constitutional Amendment A,,1,,Over Votes,0
Iron,ENO 4,Constitutional Amendment A,,1,,Under Votes,96
Iron,ENO 4,Constitutional Amendment B,,1,,For,359
Iron,ENO 4,Constitutional Amendment B,,1,,Against,214
Iron,ENO 4,Constitutional Amendment B,,1,,Over Votes,0
Iron,ENO 4,Constitutional Amendment B,,1,,Under Votes,47
Iron,ENO 4,Constitutional Amendment C,,1,,For,507
Iron,ENO 4,Constitutional Amendment C,,1,,Against,70
Iron,ENO 4,Constitutional Amendment C,,1,,Over Votes,0
Iron,ENO 4,Constitutional Amendment C,,1,,Under Votes,43
Iron,ENO 4,Constitutional Amendment D,,1,,For,356
Iron,ENO 4,Constitutional Amendment D,,1,,Against,160
Iron,ENO 4,Constitutional Amendment D,,1,,Over Votes,0
Iron,ENO 4,Constitutional Amendment D,,1,,Under Votes,104
Iron,ENO 4,Iron County School Board Bond,,1,,For,258
Iron,ENO 4,Iron County School Board Bond,,1,,Against,312
Iron,ENO 4,Iron County School Board Bond,,1,,Over Votes,0
Iron,ENO 4,Iron County School Board Bond,,1,,Under Votes,50
Iron,ENO 5,Registered Voters,,,,,771
Iron,ENO 5,Ballots Cast,,,,,672
Iron,ENO 5,President,,1,,Cornel Ronald WEST / Melina ABDULLAH,1
Iron,ENO 5,President,,1,,"Lucifer ""JUSTIN CASE"" EVERYLOVE",1
Iron,ENO 5,President,,1,CON,Joel SKOUSEN / Rik COMBS,8
Iron,ENO 5,President,,1,GRN,Jill STEIN / Rudolph WARE,2
Iron,ENO 5,President,,1,REP,Donald J. TRUMP/ JD VANCE,532
Iron,ENO 5,President,,1,LBT,Chase OLIVER / Mike ter MAAT,9
Iron,ENO 5,President,,1,DEM,Kamala D. HARRIS / Tim WALZ,109
Iron,ENO 5,President,,1,,Claudia de la CRUZ / Karina Alexandra GARCIA,1
Iron,ENO 5,President,,1,,Write-In,7
Iron,ENO 5,President,,1,,Over Votes,0
Iron,ENO 5,President,,1,,Under Votes,2
Iron,ENO 5,U.S. Senate,,1,IAP,Carleton E. BOWEN,49
Iron,ENO 5,U.S. Senate,,1,REP,John CURTIS,507
Iron,ENO 5,U.S. Senate,,1,DEM,Caroline GLEICH,82
Iron,ENO 5,U.S. Senate,,1,,Write-In,10
Iron,ENO 5,U.S. Senate,,1,,Over Votes,0
Iron,ENO 5,U.S. Senate,,1,,Under Votes,24
Iron,ENO 5,U.S. House,2,1,DEM,Nathaniel E WOODWARD,80
Iron,ENO 5,U.S. House,2,1,CON,Cassie EASLEY,69
Iron,ENO 5,U.S. House,2,1,REP,Celeste MALOY,466
Iron,ENO 5,U.S. House,2,1,,Tyler MURSET,21
Iron,ENO 5,U.S. House,2,1,,Over Votes,0
Iron,ENO 5,U.S. House,2,1,,Under Votes,36
Iron,ENO 5,Governor,,1,REP,Spencer J. COX / Deidre M. HENDERSON,372
Iron,ENO 5,Governor,,1,IAP,Tommy WILLIAMS / Archie A. WILLIAMS III,23
Iron,ENO 5,Governor,,1,DEM,Brian SMITH KING / Rebekah CUMMINGS,78
Iron,ENO 5,Governor,,1,LBT,J. Robert LATHAM / Barry Evan SHORT,20
Iron,ENO 5,Governor,,1,,Tom TOMENY / William LANSING TAYLOR,2
Iron,ENO 5,Governor,,1,,Write-In,151
Iron,ENO 5,Governor,,1,,Over Votes,0
Iron,ENO 5,Governor,,1,,Under Votes,26
Iron,ENO 5,Attorney General,,1,REP,Derek BROWN,476
Iron,ENO 5,Attorney General,,1,DEM,Rudy J BAUTISTA,77
Iron,ENO 5,Attorney General,,1,LBT,W. Andrew McCULLOUGH,35
Iron,ENO 5,Attorney General,,1,,Austin HEPWORTH,26
Iron,ENO 5,Attorney General,,1,UUP,Michelle QUIST,24
Iron,ENO 5,Attorney General,,1,,Over Votes,0
Iron,ENO 5,Attorney General,,1,,Under Votes,34
Iron,ENO 5,State Auditor,,1,REP,Tina CANNON,475
Iron,ENO 5,State Auditor,,1,CON,Jeffery L. OSTLER,68
Iron,ENO 5,State Auditor,,1,DEM,Catherine VOUTAZ,83
Iron,ENO 5,State Auditor,,1,,Over Votes,0
Iron,ENO 5,State Auditor,,1,,Under Votes,46
Iron,ENO 5,State Treasurer,,1,UFP,Miles POMEROY,31
Iron,ENO 5,State Treasurer,,1,REP,Marlo M. OAKS,510
Iron,ENO 5,State Treasurer,,1,DEM,Neil A HANSEN,77
Iron,ENO 5,State Treasurer,,1,,Over Votes,0
Iron,ENO 5,State Treasurer,,1,,Under Votes,54
Iron,ENO 5,State House,70,1,REP,Carl R. ALBRECHT,536
Iron,ENO 5,State House,70,1,UUP,Zeno B. PARRY,61
Iron,ENO 5,State House,70,1,,Over Votes,1
Iron,ENO 5,State House,70,1,,Under Votes,74
Iron,ENO 5,County Commission,C,1,REP,Kenneth L. ROBINSON,507
Iron,ENO 5,County Commission,C,1,,Over Votes,0
Iron,ENO 5,County Commission,C,1,,Under Votes,165
Iron,ENO 5,County Assessor,,1,REP,Karsten M. REED,505
Iron,ENO 5,County Assessor,,1,,Over Votes,0
Iron,ENO 5,County Assessor,,1,,Under Votes,167
Iron,ENO 5,County Auditor,,1,REP,Lucas A. LITTLE,492
Iron,ENO 5,County Auditor,,1,,Over Votes,0
Iron,ENO 5,County Auditor,,1,,Under Votes,180
Iron,ENO 5,County Recorder/Surveyor,,1,REP,Carri R. JEFFRIES,494
Iron,ENO 5,County Recorder/Surveyor,,1,,Over Votes,0
Iron,ENO 5,County Recorder/Surveyor,,1,,Under Votes,178
Iron,ENO 5,County Treasurer,,1,REP,Nicole ROSENBERG,498
Iron,ENO 5,County Treasurer,,1,,Over Votes,0
Iron,ENO 5,County Treasurer,,1,,Under Votes,174
Iron,ENO 5,Iron School Board,1,1,,John R. TAYLOR,476
Iron,ENO 5,Iron School Board,1,1,,Over Votes,0
Iron,ENO 5,Iron School Board,1,1,,Under Votes,196
Iron,ENO 5,Retain Supreme Court Justice-Matthew B. DURRANT,,1,,Yes,430
Iron,ENO 5,Retain Supreme Court Justice-Matthew B. DURRANT,,1,,No,111
Iron,ENO 5,Retain Supreme Court Justice-Matthew B. DURRANT,,1,,Over Votes,0
Iron,ENO 5,Retain Supreme Court Justice-Matthew B. DURRANT,,1,,Under Votes,131
Iron,ENO 5,Retain Appeals Court Judge-Ryan D. TENNEY,,1,,Yes,426
Iron,ENO 5,Retain Appeals Court Judge-Ryan D. TENNEY,,1,,No,108
Iron,ENO 5,Retain Appeals Court Judge-Ryan D. TENNEY,,1,,Over Votes,0
Iron,ENO 5,Retain Appeals Court Judge-Ryan D. TENNEY,,1,,Under Votes,138
Iron,ENO 5,Retain 5th District Circuit Court Judge-Keith C. BARNES,,1,,Yes,438
Iron,ENO 5,Retain 5th District Circuit Court Judge-Keith C. BARNES,,1,,No,101
Iron,ENO 5,Retain 5th District Circuit Court Judge-Keith C. BARNES,,1,,Over Votes,0
Iron,ENO 5,Retain 5th District Circuit Court Judge-Keith C. BARNES,,1,,Under Votes,133
Iron,ENO 5,Retain 5th District Juvenile Circuit Court Judge-Michael FLEMMING LEAVITT,,1,,Yes,431
Iron,ENO 5,Retain 5th District Juvenile Circuit Court Judge-Michael FLEMMING LEAVITT,,1,,No,103
Iron,ENO 5,Retain 5th District Juvenile Circuit Court Judge-Michael FLEMMING LEAVITT,,1,,Over Votes,0
Iron,ENO 5,Retain 5th District Juvenile Circuit Court Judge-Michael FLEMMING LEAVITT,,1,,Under Votes,138
Iron,ENO 5,Constitutional Amendment A,,1,,For,328
Iron,ENO 5,Constitutional Amendment A,,1,,Against,245
Iron,ENO 5,Constitutional Amendment A,,1,,Over Votes,0
Iron,ENO 5,Constitutional Amendment A,,1,,Under Votes,99
Iron,ENO 5,Constitutional Amendment B,,1,,For,419
Iron,ENO 5,Constitutional Amendment B,,1,,Against,204
Iron,ENO 5,Constitutional Amendment B,,1,,Over Votes,0
Iron,ENO 5,Constitutional Amendment B,,1,,Under Votes,49
Iron,ENO 5,Constitutional Amendment C,,1,,For,532
Iron,ENO 5,Constitutional Amendment C,,1,,Against,101
Iron,ENO 5,Constitutional Amendment C,,1,,Over Votes,0
Iron,ENO 5,Constitutional Amendment C,,1,,Under Votes,39
Iron,ENO 5,Constitutional Amendment D,,1,,For,347
Iron,ENO 5,Constitutional Amendment D,,1,,Against,205
Iron,ENO 5,Constitutional Amendment D,,1,,Over Votes,1
Iron,ENO 5,Constitutional Amendment D,,1,,Under Votes,119
Iron,ENO 5,Iron County School Board Bond,,1,,For,275
Iron,ENO 5,Iron County School Board Bond,,1,,Against,348
Iron,ENO 5,Iron County School Board Bond,,1,,Over Votes,0
Iron,ENO 5,Iron County School Board Bond,,1,,Under Votes,49
Iron,ENO 6,Registered Voters,,,,,798
Iron,ENO 6,Ballots Cast,,,,,734
Iron,ENO 6,President,,1,,Cornel Ronald WEST / Melina ABDULLAH,0
Iron,ENO 6,President,,1,,"Lucifer ""JUSTIN CASE"" EVERYLOVE",0
Iron,ENO 6,President,,1,CON,Joel SKOUSEN / Rik COMBS,3
Iron,ENO 6,President,,1,GRN,Jill STEIN / Rudolph WARE,0
Iron,ENO 6,President,,1,REP,Donald J. TRUMP/ JD VANCE,640
Iron,ENO 6,President,,1,LBT,Chase OLIVER / Mike ter MAAT,5
Iron,ENO 6,President,,1,DEM,Kamala D. HARRIS / Tim WALZ,73
Iron,ENO 6,President,,1,,Claudia de la CRUZ / Karina Alexandra GARCIA,1
Iron,ENO 6,President,,1,,Write-In,5
Iron,ENO 6,President,,1,,Over Votes,2
Iron,ENO 6,President,,1,,Under Votes,5
Iron,ENO 6,U.S. Senate,,1,IAP,Carleton E. BOWEN,66
Iron,ENO 6,U.S. Senate,,1,REP,John CURTIS,584
Iron,ENO 6,U.S. Senate,,1,DEM,Caroline GLEICH,62
Iron,ENO 6,U.S. Senate,,1,,Write-In,2
Iron,ENO 6,U.S. Senate,,1,,Over Votes,0
Iron,ENO 6,U.S. Senate,,1,,Under Votes,20
Iron,ENO 6,U.S. House,2,1,DEM,Nathaniel E WOODWARD,51
Iron,ENO 6,U.S. House,2,1,CON,Cassie EASLEY,70
Iron,ENO 6,U.S. House,2,1,REP,Celeste MALOY,561
Iron,ENO 6,U.S. House,2,1,,Tyler MURSET,25
Iron,ENO 6,U.S. House,2,1,,Over Votes,0
Iron,ENO 6,U.S. House,2,1,,Under Votes,27
Iron,ENO 6,Governor,,1,REP,Spencer J. COX / Deidre M. HENDERSON,471
Iron,ENO 6,Governor,,1,IAP,Tommy WILLIAMS / Archie A. WILLIAMS III,13
Iron,ENO 6,Governor,,1,DEM,Brian SMITH KING / Rebekah CUMMINGS,54
Iron,ENO 6,Governor,,1,LBT,J. Robert LATHAM / Barry Evan SHORT,20
Iron,ENO 6,Governor,,1,,Tom TOMENY / William LANSING TAYLOR,0
Iron,ENO 6,Governor,,1,,Write-In,158
Iron,ENO 6,Governor,,1,,Over Votes,0
Iron,ENO 6,Governor,,1,,Under Votes,18
Iron,ENO 6,Attorney General,,1,REP,Derek BROWN,565
Iron,ENO 6,Attorney General,,1,DEM,Rudy J BAUTISTA,57
Iron,ENO 6,Attorney General,,1,LBT,W. Andrew McCULLOUGH,36
Iron,ENO 6,Attorney General,,1,,Austin HEPWORTH,35
Iron,ENO 6,Attorney General,,1,UUP,Michelle QUIST,13
Iron,ENO 6,Attorney General,,1,,Over Votes,0
Iron,ENO 6,Attorney General,,1,,Under Votes,28
Iron,ENO 6,State Auditor,,1,REP,Tina CANNON,603
Iron,ENO 6,State Auditor,,1,CON,Jeffery L. OSTLER,46
Iron,ENO 6,State Auditor,,1,DEM,Catherine VOUTAZ,51
Iron,ENO 6,State Auditor,,1,,Over Votes,0
Iron,ENO 6,State Auditor,,1,,Under Votes,34
Iron,ENO 6,State Treasurer,,1,UFP,Miles POMEROY,12
Iron,ENO 6,State Treasurer,,1,REP,Marlo M. OAKS,634
Iron,ENO 6,State Treasurer,,1,DEM,Neil A HANSEN,50
Iron,ENO 6,State Treasurer,,1,,Over Votes,0
Iron,ENO 6,State Treasurer,,1,,Under Votes,38
Iron,ENO 6,State House,70,1,REP,Carl R. ALBRECHT,626
Iron,ENO 6,State House,70,1,UUP,Zeno B. PARRY,53
Iron,ENO 6,State House,70,1,,Over Votes,0
Iron,ENO 6,State House,70,1,,Under Votes,55
Iron,ENO 6,County Commission,C,1,REP,Kenneth L. ROBINSON,647
Iron,ENO 6,County Commission,C,1,,Over Votes,0
Iron,ENO 6,County Commission,C,1,,Under Votes,87
Iron,ENO 6,County Assessor,,1,REP,Karsten M. REED,629
Iron,ENO 6,County Assessor,,1,,Over Votes,0
Iron,ENO 6,County Assessor,,1,,Under Votes,105
Iron,ENO 6,County Auditor,,1,REP,Lucas A. LITTLE,632
Iron,ENO 6,County Auditor,,1,,Over Votes,0
Iron,ENO 6,County Auditor,,1,,Under Votes,102
Iron,ENO 6,County Recorder/Surveyor,,1,REP,Carri R. JEFFRIES,627
Iron,ENO 6,County Recorder/Surveyor,,1,,Over Votes,0
Iron,ENO 6,County Recorder/Surveyor,,1,,Under Votes,107
Iron,ENO 6,County Treasurer,,1,REP,Nicole ROSENBERG,625
Iron,ENO 6,County Treasurer,,1,,Over Votes,0
Iron,ENO 6,County Treasurer,,1,,Under Votes,109
Iron,ENO 6,Iron School Board,2,1,,Ben A. JOHNSON,563
Iron,ENO 6,Iron School Board,2,1,,Over Votes,0
Iron,ENO 6,Iron School Board,2,1,,Under Votes,171
Iron,ENO 6,Retain Supreme Court Justice-Matthew B. DURRANT,,1,,Yes,520
Iron,ENO 6,Retain Supreme Court Justice-Matthew B. DURRANT,,1,,No,103
Iron,ENO 6,Retain Supreme Court Justice-Matthew B. DURRANT,,1,,Over Votes,0
Iron,ENO 6,Retain Supreme Court Justice-Matthew B. DURRANT,,1,,Under Votes,111
Iron,ENO 6,Retain Appeals Court Judge-Ryan D. TENNEY,,1,,Yes,519
Iron,ENO 6,Retain Appeals Court Judge-Ryan D. TENNEY,,1,,No,105
Iron,ENO 6,Retain Appeals Court Judge-Ryan D. TENNEY,,1,,Over Votes,0
Iron,ENO 6,Retain Appeals Court Judge-Ryan D. TENNEY,,1,,Under Votes,110
Iron,ENO 6,Retain 5th District Circuit Court Judge-Keith C. BARNES,,1,,Yes,520
Iron,ENO 6,Retain 5th District Circuit Court Judge-Keith C. BARNES,,1,,No,108
Iron,ENO 6,Retain 5th District Circuit Court Judge-Keith C. BARNES,,1,,Over Votes,0
Iron,ENO 6,Retain 5th District Circuit Court Judge-Keith C. BARNES,,1,,Under Votes,106
Iron,ENO 6,Retain 5th District Juvenile Circuit Court Judge-Michael FLEMMING LEAVITT,,1,,Yes,522
Iron,ENO 6,Retain 5th District Juvenile Circuit Court Judge-Michael FLEMMING LEAVITT,,1,,No,103
Iron,ENO 6,Retain 5th District Juvenile Circuit Court Judge-Michael FLEMMING LEAVITT,,1,,Over Votes,0
Iron,ENO 6,Retain 5th District Juvenile Circuit Court Judge-Michael FLEMMING LEAVITT,,1,,Under Votes,109
Iron,ENO 6,Constitutional Amendment A,,1,,For,393
Iron,ENO 6,Constitutional Amendment A,,1,,Against,245
Iron,ENO 6,Constitutional Amendment A,,1,,Over Votes,1
Iron,ENO 6,Constitutional Amendment A,,1,,Under Votes,95
Iron,ENO 6,Constitutional Amendment B,,1,,For,447
Iron,ENO 6,Constitutional Amendment B,,1,,Against,234
Iron,ENO 6,Constitutional Amendment B,,1,,Over Votes,0
Iron,ENO 6,Constitutional Amendment B,,1,,Under Votes,53
Iron,ENO 6,Constitutional Amendment C,,1,,For,584
Iron,ENO 6,Constitutional Amendment C,,1,,Against,97
Iron,ENO 6,Constitutional Amendment C,,1,,Over Votes,0
Iron,ENO 6,Constitutional Amendment C,,1,,Under Votes,53
Iron,ENO 6,Constitutional Amendment D,,1,,For,450
Iron,ENO 6,Constitutional Amendment D,,1,,Against,169
Iron,ENO 6,Constitutional Amendment D,,1,,Over Votes,0
Iron,ENO 6,Constitutional Amendment D,,1,,Under Votes,115
Iron,ENO 6,Iron County School Board Bond,,1,,For,300
Iron,ENO 6,Iron County School Board Bond,,1,,Against,378
Iron,ENO 6,Iron County School Board Bond,,1,,Over Votes,0
Iron,ENO 6,Iron County School Board Bond,,1,,Under Votes,56
Iron,KAN,Registered Voters,,,,,560
Iron,KAN,Ballots Cast,,,,,500
Iron,KAN,President,,1,,Cornel Ronald WEST / Melina ABDULLAH,0
Iron,KAN,President,,1,,"Lucifer ""JUSTIN CASE"" EVERYLOVE",0
Iron,KAN,President,,1,CON,Joel SKOUSEN / Rik COMBS,1
Iron,KAN,President,,1,GRN,Jill STEIN / Rudolph WARE,1
Iron,KAN,President,,1,REP,Donald J. TRUMP/ JD VANCE,406
Iron,KAN,President,,1,LBT,Chase OLIVER / Mike ter MAAT,3
Iron,KAN,President,,1,DEM,Kamala D. HARRIS / Tim WALZ,76
Iron,KAN,President,,1,,Claudia de la CRUZ / Karina Alexandra GARCIA,1
Iron,KAN,President,,1,,Write-In,6
Iron,KAN,President,,1,,Over Votes,0
Iron,KAN,President,,1,,Under Votes,6
Iron,KAN,U.S. Senate,,1,IAP,Carleton E. BOWEN,31
Iron,KAN,U.S. Senate,,1,REP,John CURTIS,387
Iron,KAN,U.S. Senate,,1,DEM,Caroline GLEICH,69
Iron,KAN,U.S. Senate,,1,,Write-In,2
Iron,KAN,U.S. Senate,,1,,Over Votes,0
Iron,KAN,U.S. Senate,,1,,Under Votes,11
Iron,KAN,U.S. House,2,1,DEM,Nathaniel E WOODWARD,61
Iron,KAN,U.S. House,2,1,CON,Cassie EASLEY,35
Iron,KAN,U.S. House,2,1,REP,Celeste MALOY,368
Iron,KAN,U.S. House,2,1,,Tyler MURSET,11
Iron,KAN,U.S. House,2,1,,Over Votes,0
Iron,KAN,U.S. House,2,1,,Under Votes,25
Iron,KAN,Governor,,1,REP,Spencer J. COX / Deidre M. HENDERSON,311
Iron,KAN,Governor,,1,IAP,Tommy WILLIAMS / Archie A. WILLIAMS III,14
Iron,KAN,Governor,,1,DEM,Brian SMITH KING / Rebekah CUMMINGS,54
Iron,KAN,Governor,,1,LBT,J. Robert LATHAM / Barry Evan SHORT,6
Iron,KAN,Governor,,1,,Tom TOMENY / William LANSING TAYLOR,2
Iron,KAN,Governor,,1,,Write-In,100
Iron,KAN,Governor,,1,,Over Votes,0
Iron,KAN,Governor,,1,,Under Votes,13
Iron,KAN,Attorney General,,1,REP,Derek BROWN,384
Iron,KAN,Attorney General,,1,DEM,Rudy J BAUTISTA,55
Iron,KAN,Attorney General,,1,LBT,W. Andrew McCULLOUGH,15
Iron,KAN,Attorney General,,1,,Austin HEPWORTH,13
Iron,KAN,Attorney General,,1,UUP,Michelle QUIST,16
Iron,KAN,Attorney General,,1,,Over Votes,0
Iron,KAN,Attorney General,,1,,Under Votes,17
Iron,KAN,State Auditor,,1,REP,Tina CANNON,391
Iron,KAN,State Auditor,,1,CON,Jeffery L. OSTLER,23
Iron,KAN,State Auditor,,1,DEM,Catherine VOUTAZ,67
Iron,KAN,State Auditor,,1,,Over Votes,0
Iron,KAN,State Auditor,,1,,Under Votes,19
Iron,KAN,State Treasurer,,1,UFP,Miles POMEROY,14
Iron,KAN,State Treasurer,,1,REP,Marlo M. OAKS,404
Iron,KAN,State Treasurer,,1,DEM,Neil A HANSEN,59
Iron,KAN,State Treasurer,,1,,Over Votes,0
Iron,KAN,State Treasurer,,1,,Under Votes,23
Iron,KAN,State House,71,1,DEM,Steve MERRILL,76
Iron,KAN,State House,71,1,REP,Rex P. SHIPP,402
Iron,KAN,State House,71,1,,Over Votes,0
Iron,KAN,State House,71,1,,Under Votes,22
Iron,KAN,State School Board,15,1,REP,Joann BRINTON,411
Iron,KAN,State School Board,15,1,,Over Votes,0
Iron,KAN,State School Board,15,1,,Under Votes,89
Iron,KAN,County Commission,C,1,REP,Kenneth L. ROBINSON,410
Iron,KAN,County Commission,C,1,,Over Votes,0
Iron,KAN,County Commission,C,1,,Under Votes,90
Iron,KAN,County Assessor,,1,REP,Karsten M. REED,404
Iron,KAN,County Assessor,,1,,Over Votes,0
Iron,KAN,County Assessor,,1,,Under Votes,96
Iron,KAN,County Auditor,,1,REP,Lucas A. LITTLE,403
Iron,KAN,County Auditor,,1,,Over Votes,0
Iron,KAN,County Auditor,,1,,Under Votes,97
Iron,KAN,County Recorder/Surveyor,,1,REP,Carri R. JEFFRIES,402
Iron,KAN,County Recorder/Surveyor,,1,,Over Votes,0
Iron,KAN,County Recorder/Surveyor,,1,,Under Votes,98
Iron,KAN,County Treasurer,,1,REP,Nicole ROSENBERG,407
Iron,KAN,County Treasurer,,1,,Over Votes,0
Iron,KAN,County Treasurer,,1,,Under Votes,93
Iron,KAN,Retain Supreme Court Justice-Matthew B. DURRANT,,1,,Yes,348
Iron,KAN,Retain Supreme Court Justice-Matthew B. DURRANT,,1,,No,43
Iron,KAN,Retain Supreme Court Justice-Matthew B. DURRANT,,1,,Over Votes,0
Iron,KAN,Retain Supreme Court Justice-Matthew B. DURRANT,,1,,Under Votes,109
Iron,KAN,Retain Appeals Court Judge-Ryan D. TENNEY,,1,,Yes,344
Iron,KAN,Retain Appeals Court Judge-Ryan D. TENNEY,,1,,No,43
Iron,KAN,Retain Appeals Court Judge-Ryan D. TENNEY,,1,,Over Votes,0
Iron,KAN,Retain Appeals Court Judge-Ryan D. TENNEY,,1,,Under Votes,113
Iron,KAN,Retain 5th District Circuit Court Judge-Keith C. BARNES,,1,,Yes,357
Iron,KAN,Retain 5th District Circuit Court Judge-Keith C. BARNES,,1,,No,37
Iron,KAN,Retain 5th District Circuit Court Judge-Keith C. BARNES,,1,,Over Votes,0
Iron,KAN,Retain 5th District Circuit Court Judge-Keith C. BARNES,,1,,Under Votes,106
Iron,KAN,Retain 5th District Juvenile Circuit Court Judge-Michael FLEMMING LEAVITT,,1,,Yes,343
Iron,KAN,Retain 5th District Juvenile Circuit Court Judge-Michael FLEMMING LEAVITT,,1,,No,44
Iron,KAN,Retain 5th District Juvenile Circuit Court Judge-Michael FLEMMING LEAVITT,,1,,Over Votes,0
Iron,KAN,Retain 5th District Juvenile Circuit Court Judge-Michael FLEMMING LEAVITT,,1,,Under Votes,113
Iron,KAN,Constitutional Amendment A,,1,,For,238
Iron,KAN,Constitutional Amendment A,,1,,Against,177
Iron,KAN,Constitutional Amendment A,,1,,Over Votes,0
Iron,KAN,Constitutional Amendment A,,1,,Under Votes,85
Iron,KAN,Constitutional Amendment B,,1,,For,250
Iron,KAN,Constitutional Amendment B,,1,,Against,198
Iron,KAN,Constitutional Amendment B,,1,,Over Votes,0
Iron,KAN,Constitutional Amendment B,,1,,Under Votes,52
Iron,KAN,Constitutional Amendment C,,1,,For,407
Iron,KAN,Constitutional Amendment C,,1,,Against,55
Iron,KAN,Constitutional Amendment C,,1,,Over Votes,0
Iron,KAN,Constitutional Amendment C,,1,,Under Votes,38
Iron,KAN,Constitutional Amendment D,,1,,For,274
Iron,KAN,Constitutional Amendment D,,1,,Against,126
Iron,KAN,Constitutional Amendment D,,1,,Over Votes,0
Iron,KAN,Constitutional Amendment D,,1,,Under Votes,100
Iron,KAN,Iron County School Board Bond,,1,,For,172
Iron,KAN,Iron County School Board Bond,,1,,Against,296
Iron,KAN,Iron County School Board Bond,,1,,Over Votes,0
Iron,KAN,Iron County School Board Bond,,1,,Under Votes,32
Iron,MIDV,Registered Voters,,,,,813
Iron,MIDV,Ballots Cast,,,,,716
Iron,MIDV,President,,1,,Cornel Ronald WEST / Melina ABDULLAH,0
Iron,MIDV,President,,1,,"Lucifer ""JUSTIN CASE"" EVERYLOVE",0
Iron,MIDV,President,,1,CON,Joel SKOUSEN / Rik COMBS,4
Iron,MIDV,President,,1,GRN,Jill STEIN / Rudolph WARE,3
Iron,MIDV,President,,1,REP,Donald J. TRUMP/ JD VANCE,586
Iron,MIDV,President,,1,LBT,Chase OLIVER / Mike ter MAAT,6
Iron,MIDV,President,,1,DEM,Kamala D. HARRIS / Tim WALZ,100
Iron,MIDV,President,,1,,Claudia de la CRUZ / Karina Alexandra GARCIA,0
Iron,MIDV,President,,1,,Write-In,6
Iron,MIDV,President,,1,,Over Votes,0
Iron,MIDV,President,,1,,Under Votes,11
Iron,MIDV,U.S. Senate,,1,IAP,Carleton E. BOWEN,57
Iron,MIDV,U.S. Senate,,1,REP,John CURTIS,543
Iron,MIDV,U.S. Senate,,1,DEM,Caroline GLEICH,84
Iron,MIDV,U.S. Senate,,1,,Write-In,6
Iron,MIDV,U.S. Senate,,1,,Over Votes,0
Iron,MIDV,U.S. Senate,,1,,Under Votes,26
Iron,MIDV,U.S. House,2,1,DEM,Nathaniel E WOODWARD,87
Iron,MIDV,U.S. House,2,1,CON,Cassie EASLEY,47
Iron,MIDV,U.S. House,2,1,REP,Celeste MALOY,517
Iron,MIDV,U.S. House,2,1,,Tyler MURSET,25
Iron,MIDV,U.S. House,2,1,,Over Votes,0
Iron,MIDV,U.S. House,2,1,,Under Votes,40
Iron,MIDV,Governor,,1,REP,Spencer J. COX / Deidre M. HENDERSON,400
Iron,MIDV,Governor,,1,IAP,Tommy WILLIAMS / Archie A. WILLIAMS III,20
Iron,MIDV,Governor,,1,DEM,Brian SMITH KING / Rebekah CUMMINGS,82
Iron,MIDV,Governor,,1,LBT,J. Robert LATHAM / Barry Evan SHORT,22
Iron,MIDV,Governor,,1,,Tom TOMENY / William LANSING TAYLOR,5
Iron,MIDV,Governor,,1,,Write-In,159
Iron,MIDV,Governor,,1,,Over Votes,0
Iron,MIDV,Governor,,1,,Under Votes,28
Iron,MIDV,Attorney General,,1,REP,Derek BROWN,532
Iron,MIDV,Attorney General,,1,DEM,Rudy J BAUTISTA,77
Iron,MIDV,Attorney General,,1,LBT,W. Andrew McCULLOUGH,26
Iron,MIDV,Attorney General,,1,,Austin HEPWORTH,24
Iron,MIDV,Attorney General,,1,UUP,Michelle QUIST,20
Iron,MIDV,Attorney General,,1,,Over Votes,0
Iron,MIDV,Attorney General,,1,,Under Votes,37
Iron,MIDV,State Auditor,,1,REP,Tina CANNON,552
Iron,MIDV,State Auditor,,1,CON,Jeffery L. OSTLER,34
Iron,MIDV,State Auditor,,1,DEM,Catherine VOUTAZ,84
Iron,MIDV,State Auditor,,1,,Over Votes,0
Iron,MIDV,State Auditor,,1,,Under Votes,46
Iron,MIDV,State Treasurer,,1,UFP,Miles POMEROY,29
Iron,MIDV,State Treasurer,,1,REP,Marlo M. OAKS,563
Iron,MIDV,State Treasurer,,1,DEM,Neil A HANSEN,80
Iron,MIDV,State Treasurer,,1,,Over Votes,0
Iron,MIDV,State Treasurer,,1,,Under Votes,44
Iron,MIDV,State House,70,1,REP,Carl R. ALBRECHT,558
Iron,MIDV,State House,70,1,UUP,Zeno B. PARRY,78
Iron,MIDV,State House,70,1,,Over Votes,0
Iron,MIDV,State House,70,1,,Under Votes,80
Iron,MIDV,County Commission,C,1,REP,Kenneth L. ROBINSON,585
Iron,MIDV,County Commission,C,1,,Over Votes,0
Iron,MIDV,County Commission,C,1,,Under Votes,131
Iron,MIDV,County Assessor,,1,REP,Karsten M. REED,569
Iron,MIDV,County Assessor,,1,,Over Votes,0
Iron,MIDV,County Assessor,,1,,Under Votes,147
Iron,MIDV,County Auditor,,1,REP,Lucas A. LITTLE,570
Iron,MIDV,County Auditor,,1,,Over Votes,0
Iron,MIDV,County Auditor,,1,,Under Votes,146
Iron,MIDV,County Recorder/Surveyor,,1,REP,Carri R. JEFFRIES,571
Iron,MIDV,County Recorder/Surveyor,,1,,Over Votes,0
Iron,MIDV,County Recorder/Surveyor,,1,,Under Votes,145
Iron,MIDV,County Treasurer,,1,REP,Nicole ROSENBERG,568
Iron,MIDV,County Treasurer,,1,,Over Votes,0
Iron,MIDV,County Treasurer,,1,,Under Votes,148
Iron,MIDV,Iron School Board,2,1,,Ben A. JOHNSON,521
Iron,MIDV,Iron School Board,2,1,,Over Votes,0
Iron,MIDV,Iron School Board,2,1,,Under Votes,195
Iron,MIDV,Retain Supreme Court Justice-Matthew B. DURRANT,,1,,Yes,497
Iron,MIDV,Retain Supreme Court Justice-Matthew B. DURRANT,,1,,No,99
Iron,MIDV,Retain Supreme Court Justice-Matthew B. DURRANT,,1,,Over Votes,0
Iron,MIDV,Retain Supreme Court Justice-Matthew B. DURRANT,,1,,Under Votes,120
Iron,MIDV,Retain Appeals Court Judge-Ryan D. TENNEY,,1,,Yes,485
Iron,MIDV,Retain Appeals Court Judge-Ryan D. TENNEY,,1,,No,101
Iron,MIDV,Retain Appeals Court Judge-Ryan D. TENNEY,,1,,Over Votes,0
Iron,MIDV,Retain Appeals Court Judge-Ryan D. TENNEY,,1,,Under Votes,130
Iron,MIDV,Retain 5th District Circuit Court Judge-Keith C. BARNES,,1,,Yes,494
Iron,MIDV,Retain 5th District Circuit Court Judge-Keith C. BARNES,,1,,No,98
Iron,MIDV,Retain 5th District Circuit Court Judge-Keith C. BARNES,,1,,Over Votes,1
Iron,MIDV,Retain 5th District Circuit Court Judge-Keith C. BARNES,,1,,Under Votes,123
Iron,MIDV,Retain 5th District Juvenile Circuit Court Judge-Michael FLEMMING LEAVITT,,1,,Yes,483
Iron,MIDV,Retain 5th District Juvenile Circuit Court Judge-Michael FLEMMING LEAVITT,,1,,No,104
Iron,MIDV,Retain 5th District Juvenile Circuit Court Judge-Michael FLEMMING LEAVITT,,1,,Over Votes,0
Iron,MIDV,Retain 5th District Juvenile Circuit Court Judge-Michael FLEMMING LEAVITT,,1,,Under Votes,129
Iron,MIDV,Constitutional Amendment A,,1,,For,340
Iron,MIDV,Constitutional Amendment A,,1,,Against,289
Iron,MIDV,Constitutional Amendment A,,1,,Over Votes,0
Iron,MIDV,Constitutional Amendment A,,1,,Under Votes,87
Iron,MIDV,Constitutional Amendment B,,1,,For,367
Iron,MIDV,Constitutional Amendment B,,1,,Against,300
Iron,MIDV,Constitutional Amendment B,,1,,Over Votes,0
Iron,MIDV,Constitutional Amendment B,,1,,Under Votes,49
Iron,MIDV,Constitutional Amendment C,,1,,For,584
Iron,MIDV,Constitutional Amendment C,,1,,Against,87
Iron,MIDV,Constitutional Amendment C,,1,,Over Votes,0
Iron,MIDV,Constitutional Amendment C,,1,,Under Votes,45
Iron,MIDV,Constitutional Amendment D,,1,,For,387
Iron,MIDV,Constitutional Amendment D,,1,,Against,223
Iron,MIDV,Constitutional Amendment D,,1,,Over Votes,0
Iron,MIDV,Constitutional Amendment D,,1,,Under Votes,106
Iron,MIDV,Iron County School Board Bond,,1,,For,212
Iron,MIDV,Iron County School Board Bond,,1,,Against,446
Iron,MIDV,Iron County School Board Bond,,1,,Over Votes,0
Iron,MIDV,Iron County School Board Bond,,1,,Under Votes,58
Iron,PARE,Registered Voters,,,,,838
Iron,PARE,Ballots Cast,,,,,746
Iron,PARE,President,,1,,Cornel Ronald WEST / Melina ABDULLAH,0
Iron,PARE,President,,1,,"Lucifer ""JUSTIN CASE"" EVERYLOVE",1
Iron,PARE,President,,1,CON,Joel SKOUSEN / Rik COMBS,4
Iron,PARE,President,,1,GRN,Jill STEIN / Rudolph WARE,0
Iron,PARE,President,,1,REP,Donald J. TRUMP/ JD VANCE,572
Iron,PARE,President,,1,LBT,Chase OLIVER / Mike ter MAAT,1
Iron,PARE,President,,1,DEM,Kamala D. HARRIS / Tim WALZ,141
Iron,PARE,President,,1,,Claudia de la CRUZ / Karina Alexandra GARCIA,0
Iron,PARE,President,,1,,Write-In,18
Iron,PARE,President,,1,,Over Votes,0
Iron,PARE,President,,1,,Under Votes,9
Iron,PARE,U.S. Senate,,1,IAP,Carleton E. BOWEN,28
Iron,PARE,U.S. Senate,,1,REP,John CURTIS,576
Iron,PARE,U.S. Senate,,1,DEM,Caroline GLEICH,115
Iron,PARE,U.S. Senate,,1,,Write-In,7
Iron,PARE,U.S. Senate,,1,,Over Votes,0
Iron,PARE,U.S. Senate,,1,,Under Votes,20
Iron,PARE,U.S. House,2,1,DEM,Nathaniel E WOODWARD,99
Iron,PARE,U.S. House,2,1,CON,Cassie EASLEY,29
Iron,PARE,U.S. House,2,1,REP,Celeste MALOY,578
Iron,PARE,U.S. House,2,1,,Tyler MURSET,13
Iron,PARE,U.S. House,2,1,,Over Votes,0
Iron,PARE,U.S. House,2,1,,Under Votes,27
Iron,PARE,Governor,,1,REP,Spencer J. COX / Deidre M. HENDERSON,494
Iron,PARE,Governor,,1,IAP,Tommy WILLIAMS / Archie A. WILLIAMS III,8
Iron,PARE,Governor,,1,DEM,Brian SMITH KING / Rebekah CUMMINGS,88
Iron,PARE,Governor,,1,LBT,J. Robert LATHAM / Barry Evan SHORT,26
Iron,PARE,Governor,,1,,Tom TOMENY / William LANSING TAYLOR,3
Iron,PARE,Governor,,1,,Write-In,108
Iron,PARE,Governor,,1,,Over Votes,0
Iron,PARE,Governor,,1,,Under Votes,19
Iron,PARE,Attorney General,,1,REP,Derek BROWN,545
Iron,PARE,Attorney General,,1,DEM,Rudy J BAUTISTA,109
Iron,PARE,Attorney General,,1,LBT,W. Andrew McCULLOUGH,14
Iron,PARE,Attorney General,,1,,Austin HEPWORTH,14
Iron,PARE,Attorney General,,1,UUP,Michelle QUIST,30
Iron,PARE,Attorney General,,1,,Over Votes,0
Iron,PARE,Attorney General,,1,,Under Votes,34
Iron,PARE,State Auditor,,1,REP,Tina CANNON,548
Iron,PARE,State Auditor,,1,CON,Jeffery L. OSTLER,43
Iron,PARE,State Auditor,,1,DEM,Catherine VOUTAZ,107
Iron,PARE,State Auditor,,1,,Over Votes,0
Iron,PARE,State Auditor,,1,,Under Votes,48
Iron,PARE,State Treasurer,,1,UFP,Miles POMEROY,25
Iron,PARE,State Treasurer,,1,REP,Marlo M. OAKS,553
Iron,PARE,State Treasurer,,1,DEM,Neil A HANSEN,110
Iron,PARE,State Treasurer,,1,,Over Votes,0
Iron,PARE,State Treasurer,,1,,Under Votes,58
Iron,PARE,State House,71,1,DEM,Steve MERRILL,136
Iron,PARE,State House,71,1,REP,Rex P. SHIPP,556
Iron,PARE,State House,71,1,,Over Votes,0
Iron,PARE,State House,71,1,,Under Votes,54
Iron,PARE,County Commission,C,1,REP,Kenneth L. ROBINSON,598
Iron,PARE,County Commission,C,1,,Over Votes,0
Iron,PARE,County Commission,C,1,,Under Votes,148
Iron,PARE,County Assessor,,1,REP,Karsten M. REED,580
Iron,PARE,County Assessor,,1,,Over Votes,0
Iron,PARE,County Assessor,,1,,Under Votes,166
Iron,PARE,County Auditor,,1,REP,Lucas A. LITTLE,598
Iron,PARE,County Auditor,,1,,Over Votes,0
Iron,PARE,County Auditor,,1,,Under Votes,148
Iron,PARE,County Recorder/Surveyor,,1,REP,Carri R. JEFFRIES,595
Iron,PARE,County Recorder/Surveyor,,1,,Over Votes,0
Iron,PARE,County Recorder/Surveyor,,1,,Under Votes,151
Iron,PARE,County Treasurer,,1,REP,Nicole ROSENBERG,602
Iron,PARE,County Treasurer,,1,,Over Votes,0
Iron,PARE,County Treasurer,,1,,Under Votes,144
Iron,PARE,Iron School Board,2,1,,Ben A. JOHNSON,546
Iron,PARE,Iron School Board,2,1,,Over Votes,0
Iron,PARE,Iron School Board,2,1,,Under Votes,200
Iron,PARE,Retain Supreme Court Justice-Matthew B. DURRANT,,1,,Yes,514
Iron,PARE,Retain Supreme Court Justice-Matthew B. DURRANT,,1,,No,83
Iron,PARE,Retain Supreme Court Justice-Matthew B. DURRANT,,1,,Over Votes,0
Iron,PARE,Retain Supreme Court Justice-Matthew B. DURRANT,,1,,Under Votes,149
Iron,PARE,Retain Appeals Court Judge-Ryan D. TENNEY,,1,,Yes,500
Iron,PARE,Retain Appeals Court Judge-Ryan D. TENNEY,,1,,No,92
Iron,PARE,Retain Appeals Court Judge-Ryan D. TENNEY,,1,,Over Votes,0
Iron,PARE,Retain Appeals Court Judge-Ryan D. TENNEY,,1,,Under Votes,154
Iron,PARE,Retain 5th District Circuit Court Judge-Keith C. BARNES,,1,,Yes,525
Iron,PARE,Retain 5th District Circuit Court Judge-Keith C. BARNES,,1,,No,90
Iron,PARE,Retain 5th District Circuit Court Judge-Keith C. BARNES,,1,,Over Votes,0
Iron,PARE,Retain 5th District Circuit Court Judge-Keith C. BARNES,,1,,Under Votes,131
Iron,PARE,Retain 5th District Juvenile Circuit Court Judge-Michael FLEMMING LEAVITT,,1,,Yes,519
Iron,PARE,Retain 5th District Juvenile Circuit Court Judge-Michael FLEMMING LEAVITT,,1,,No,81
Iron,PARE,Retain 5th District Juvenile Circuit Court Judge-Michael FLEMMING LEAVITT,,1,,Over Votes,0
Iron,PARE,Retain 5th District Juvenile Circuit Court Judge-Michael FLEMMING LEAVITT,,1,,Under Votes,146
Iron,PARE,Constitutional Amendment A,,1,,For,370
Iron,PARE,Constitutional Amendment A,,1,,Against,272
Iron,PARE,Constitutional Amendment A,,1,,Over Votes,0
Iron,PARE,Constitutional Amendment A,,1,,Under Votes,104
Iron,PARE,Constitutional Amendment B,,1,,For,422
Iron,PARE,Constitutional Amendment B,,1,,Against,269
Iron,PARE,Constitutional Amendment B,,1,,Over Votes,0
Iron,PARE,Constitutional Amendment B,,1,,Under Votes,55
Iron,PARE,Constitutional Amendment C,,1,,For,582
Iron,PARE,Constitutional Amendment C,,1,,Against,109
Iron,PARE,Constitutional Amendment C,,1,,Over Votes,0
Iron,PARE,Constitutional Amendment C,,1,,Under Votes,55
Iron,PARE,Constitutional Amendment D,,1,,For,409
Iron,PARE,Constitutional Amendment D,,1,,Against,212
Iron,PARE,Constitutional Amendment D,,1,,Over Votes,0
Iron,PARE,Constitutional Amendment D,,1,,Under Votes,125
Iron,PARE,Iron County School Board Bond,,1,,For,256
Iron,PARE,Iron County School Board Bond,,1,,Against,433
Iron,PARE,Iron County School Board Bond,,1,,Over Votes,0
Iron,PARE,Iron County School Board Bond,,1,,Under Votes,57
Iron,PARG,Registered Voters,,,,,422
Iron,PARG,Ballots Cast,,,,,386
Iron,PARG,President,,1,,Cornel Ronald WEST / Melina ABDULLAH,0
Iron,PARG,President,,1,,"Lucifer ""JUSTIN CASE"" EVERYLOVE",1
Iron,PARG,President,,1,CON,Joel SKOUSEN / Rik COMBS,4
Iron,PARG,President,,1,GRN,Jill STEIN / Rudolph WARE,0
Iron,PARG,President,,1,REP,Donald J. TRUMP/ JD VANCE,324
Iron,PARG,President,,1,LBT,Chase OLIVER / Mike ter MAAT,6
Iron,PARG,President,,1,DEM,Kamala D. HARRIS / Tim WALZ,43
Iron,PARG,President,,1,,Claudia de la CRUZ / Karina Alexandra GARCIA,0
Iron,PARG,President,,1,,Write-In,3
Iron,PARG,President,,1,,Over Votes,0
Iron,PARG,President,,1,,Under Votes,5
Iron,PARG,U.S. Senate,,1,IAP,Carleton E. BOWEN,28
Iron,PARG,U.S. Senate,,1,REP,John CURTIS,306
Iron,PARG,U.S. Senate,,1,DEM,Caroline GLEICH,37
Iron,PARG,U.S. Senate,,1,,Write-In,3
Iron,PARG,U.S. Senate,,1,,Over Votes,0
Iron,PARG,U.S. Senate,,1,,Under Votes,12
Iron,PARG,U.S. House,2,1,DEM,Nathaniel E WOODWARD,36
Iron,PARG,U.S. House,2,1,CON,Cassie EASLEY,36
Iron,PARG,U.S. House,2,1,REP,Celeste MALOY,300
Iron,PARG,U.S. House,2,1,,Tyler MURSET,5
Iron,PARG,U.S. House,2,1,,Over Votes,0
Iron,PARG,U.S. House,2,1,,Under Votes,9
Iron,PARG,Governor,,1,REP,Spencer J. COX / Deidre M. HENDERSON,251
Iron,PARG,Governor,,1,IAP,Tommy WILLIAMS / Archie A. WILLIAMS III,6
Iron,PARG,Governor,,1,DEM,Brian SMITH KING / Rebekah CUMMINGS,27
Iron,PARG,Governor,,1,LBT,J. Robert LATHAM / Barry Evan SHORT,6
Iron,PARG,Governor,,1,,Tom TOMENY / William LANSING TAYLOR,3
Iron,PARG,Governor,,1,,Write-In,75
Iron,PARG,Governor,,1,,Over Votes,0
Iron,PARG,Governor,,1,,Under Votes,18
Iron,PARG,Attorney General,,1,REP,Derek BROWN,299
Iron,PARG,Attorney General,,1,DEM,Rudy J BAUTISTA,35
Iron,PARG,Attorney General,,1,LBT,W. Andrew McCULLOUGH,6
Iron,PARG,Attorney General,,1,,Austin HEPWORTH,18
Iron,PARG,Attorney General,,1,UUP,Michelle QUIST,10
Iron,PARG,Attorney General,,1,,Over Votes,0
Iron,PARG,Attorney General,,1,,Under Votes,18
Iron,PARG,State Auditor,,1,REP,Tina CANNON,306
Iron,PARG,State Auditor,,1,CON,Jeffery L. OSTLER,29
Iron,PARG,State Auditor,,1,DEM,Catherine VOUTAZ,37
Iron,PARG,State Auditor,,1,,Over Votes,0
Iron,PARG,State Auditor,,1,,Under Votes,14
Iron,PARG,State Treasurer,,1,UFP,Miles POMEROY,17
Iron,PARG,State Treasurer,,1,REP,Marlo M. OAKS,300
Iron,PARG,State Treasurer,,1,DEM,Neil A HANSEN,43
Iron,PARG,State Treasurer,,1,,Over Votes,0
Iron,PARG,State Treasurer,,1,,Under Votes,26
Iron,PARG,State House,71,1,DEM,Steve MERRILL,45
Iron,PARG,State House,71,1,REP,Rex P. SHIPP,313
Iron,PARG,State House,71,1,,Over Votes,0
Iron,PARG,State House,71,1,,Under Votes,28
Iron,PARG,County Commission,C,1,REP,Kenneth L. ROBINSON,317
Iron,PARG,County Commission,C,1,,Over Votes,0
Iron,PARG,County Commission,C,1,,Under Votes,69
Iron,PARG,County Assessor,,1,REP,Karsten M. REED,308
Iron,PARG,County Assessor,,1,,Over Votes,0
Iron,PARG,County Assessor,,1,,Under Votes,78
Iron,PARG,County Auditor,,1,REP,Lucas A. LITTLE,328
Iron,PARG,County Auditor,,1,,Over Votes,0
Iron,PARG,County Auditor,,1,,Under Votes,58
Iron,PARG,County Recorder/Surveyor,,1,REP,Carri R. JEFFRIES,325
Iron,PARG,County Recorder/Surveyor,,1,,Over Votes,0
Iron,PARG,County Recorder/Surveyor,,1,,Under Votes,61
Iron,PARG,County Treasurer,,1,REP,Nicole ROSENBERG,326
Iron,PARG,County Treasurer,,1,,Over Votes,0
Iron,PARG,County Treasurer,,1,,Under Votes,60
Iron,PARG,Iron School Board,2,1,,Ben A. JOHNSON,296
Iron,PARG,Iron School Board,2,1,,Over Votes,0
Iron,PARG,Iron School Board,2,1,,Under Votes,90
Iron,PARG,Retain Supreme Court Justice-Matthew B. DURRANT,,1,,Yes,262
Iron,PARG,Retain Supreme Court Justice-Matthew B. DURRANT,,1,,No,58
Iron,PARG,Retain Supreme Court Justice-Matthew B. DURRANT,,1,,Over Votes,0
Iron,PARG,Retain Supreme Court Justice-Matthew B. DURRANT,,1,,Under Votes,66
Iron,PARG,Retain Appeals Court Judge-Ryan D. TENNEY,,1,,Yes,263
Iron,PARG,Retain Appeals Court Judge-Ryan D. TENNEY,,1,,No,58
Iron,PARG,Retain Appeals Court Judge-Ryan D. TENNEY,,1,,Over Votes,0
Iron,PARG,Retain Appeals Court Judge-Ryan D. TENNEY,,1,,Under Votes,65
Iron,PARG,Retain 5th District Circuit Court Judge-Keith C. BARNES,,1,,Yes,268
Iron,PARG,Retain 5th District Circuit Court Judge-Keith C. BARNES,,1,,No,59
Iron,PARG,Retain 5th District Circuit Court Judge-Keith C. BARNES,,1,,Over Votes,0
Iron,PARG,Retain 5th District Circuit Court Judge-Keith C. BARNES,,1,,Under Votes,59
Iron,PARG,Retain 5th District Juvenile Circuit Court Judge-Michael FLEMMING LEAVITT,,1,,Yes,258
Iron,PARG,Retain 5th District Juvenile Circuit Court Judge-Michael FLEMMING LEAVITT,,1,,No,64
Iron,PARG,Retain 5th District Juvenile Circuit Court Judge-Michael FLEMMING LEAVITT,,1,,Over Votes,0
Iron,PARG,Retain 5th District Juvenile Circuit Court Judge-Michael FLEMMING LEAVITT,,1,,Under Votes,64
Iron,PARG,Constitutional Amendment A,,1,,For,209
Iron,PARG,Constitutional Amendment A,,1,,Against,123
Iron,PARG,Constitutional Amendment A,,1,,Over Votes,0
Iron,PARG,Constitutional Amendment A,,1,,Under Votes,54
Iron,PARG,Constitutional Amendment B,,1,,For,198
Iron,PARG,Constitutional Amendment B,,1,,Against,159
Iron,PARG,Constitutional Amendment B,,1,,Over Votes,0
Iron,PARG,Constitutional Amendment B,,1,,Under Votes,29
Iron,PARG,Constitutional Amendment C,,1,,For,312
Iron,PARG,Constitutional Amendment C,,1,,Against,46
Iron,PARG,Constitutional Amendment C,,1,,Over Votes,0
Iron,PARG,Constitutional Amendment C,,1,,Under Votes,28
Iron,PARG,Constitutional Amendment D,,1,,For,215
Iron,PARG,Constitutional Amendment D,,1,,Against,113
Iron,PARG,Constitutional Amendment D,,1,,Over Votes,0
Iron,PARG,Constitutional Amendment D,,1,,Under Votes,58
Iron,PARG,Iron County School Board Bond,,1,,For,86
Iron,PARG,Iron County School Board Bond,,1,,Against,272
Iron,PARG,Iron County School Board Bond,,1,,Over Votes,0
Iron,PARG,Iron County School Board Bond,,1,,Under Votes,28
Iron,PARN,Registered Voters,,,,,665
Iron,PARN,Ballots Cast,,,,,616
Iron,PARN,President,,1,,Cornel Ronald WEST / Melina ABDULLAH,0
Iron,PARN,President,,1,,"Lucifer ""JUSTIN CASE"" EVERYLOVE",1
Iron,PARN,President,,1,CON,Joel SKOUSEN / Rik COMBS,6
Iron,PARN,President,,1,GRN,Jill STEIN / Rudolph WARE,1
Iron,PARN,President,,1,REP,Donald J. TRUMP/ JD VANCE,513
Iron,PARN,President,,1,LBT,Chase OLIVER / Mike ter MAAT,2
Iron,PARN,President,,1,DEM,Kamala D. HARRIS / Tim WALZ,83
Iron,PARN,President,,1,,Claudia de la CRUZ / Karina Alexandra GARCIA,0
Iron,PARN,President,,1,,Write-In,3
Iron,PARN,President,,1,,Over Votes,0
Iron,PARN,President,,1,,Under Votes,7
Iron,PARN,U.S. Senate,,1,IAP,Carleton E. BOWEN,32
Iron,PARN,U.S. Senate,,1,REP,John CURTIS,500
Iron,PARN,U.S. Senate,,1,DEM,Caroline GLEICH,66
Iron,PARN,U.S. Senate,,1,,Write-In,1
Iron,PARN,U.S. Senate,,1,,Over Votes,0
Iron,PARN,U.S. Senate,,1,,Under Votes,17
Iron,PARN,U.S. House,2,1,DEM,Nathaniel E WOODWARD,60
Iron,PARN,U.S. House,2,1,CON,Cassie EASLEY,53
Iron,PARN,U.S. House,2,1,REP,Celeste MALOY,459
Iron,PARN,U.S. House,2,1,,Tyler MURSET,14
Iron,PARN,U.S. House,2,1,,Over Votes,0
Iron,PARN,U.S. House,2,1,,Under Votes,30
Iron,PARN,Governor,,1,REP,Spencer J. COX / Deidre M. HENDERSON,414
Iron,PARN,Governor,,1,IAP,Tommy WILLIAMS / Archie A. WILLIAMS III,13
Iron,PARN,Governor,,1,DEM,Brian SMITH KING / Rebekah CUMMINGS,56
Iron,PARN,Governor,,1,LBT,J. Robert LATHAM / Barry Evan SHORT,10
Iron,PARN,Governor,,1,,Tom TOMENY / William LANSING TAYLOR,3
Iron,PARN,Governor,,1,,Write-In,101
Iron,PARN,Governor,,1,,Over Votes,0
Iron,PARN,Governor,,1,,Under Votes,19
Iron,PARN,Attorney General,,1,REP,Derek BROWN,493
Iron,PARN,Attorney General,,1,DEM,Rudy J BAUTISTA,55
Iron,PARN,Attorney General,,1,LBT,W. Andrew McCULLOUGH,12
Iron,PARN,Attorney General,,1,,Austin HEPWORTH,19
Iron,PARN,Attorney General,,1,UUP,Michelle QUIST,16
Iron,PARN,Attorney General,,1,,Over Votes,0
Iron,PARN,Attorney General,,1,,Under Votes,21
Iron,PARN,State Auditor,,1,REP,Tina CANNON,494
Iron,PARN,State Auditor,,1,CON,Jeffery L. OSTLER,25
Iron,PARN,State Auditor,,1,DEM,Catherine VOUTAZ,62
Iron,PARN,State Auditor,,1,,Over Votes,0
Iron,PARN,State Auditor,,1,,Under Votes,35
Iron,PARN,State Treasurer,,1,UFP,Miles POMEROY,13
Iron,PARN,State Treasurer,,1,REP,Marlo M. OAKS,498
Iron,PARN,State Treasurer,,1,DEM,Neil A HANSEN,64
Iron,PARN,State Treasurer,,1,,Over Votes,0
Iron,PARN,State Treasurer,,1,,Under Votes,41
Iron,PARN,State House,71,1,DEM,Steve MERRILL,71
Iron,PARN,State House,71,1,REP,Rex P. SHIPP,496
Iron,PARN,State House,71,1,,Over Votes,0
Iron,PARN,State House,71,1,,Under Votes,49
Iron,PARN,County Commission,C,1,REP,Kenneth L. ROBINSON,502
Iron,PARN,County Commission,C,1,,Over Votes,0
Iron,PARN,County Commission,C,1,,Under Votes,114
Iron,PARN,County Assessor,,1,REP,Karsten M. REED,489
Iron,PARN,County Assessor,,1,,Over Votes,0
Iron,PARN,County Assessor,,1,,Under Votes,127
Iron,PARN,County Auditor,,1,REP,Lucas A. LITTLE,517
Iron,PARN,County Auditor,,1,,Over Votes,0
Iron,PARN,County Auditor,,1,,Under Votes,99
Iron,PARN,County Recorder/Surveyor,,1,REP,Carri R. JEFFRIES,511
Iron,PARN,County Recorder/Surveyor,,1,,Over Votes,0
Iron,PARN,County Recorder/Surveyor,,1,,Under Votes,105
Iron,PARN,County Treasurer,,1,REP,Nicole ROSENBERG,503
Iron,PARN,County Treasurer,,1,,Over Votes,0
Iron,PARN,County Treasurer,,1,,Under Votes,113
Iron,PARN,Iron School Board,2,1,,Ben A. JOHNSON,475
Iron,PARN,Iron School Board,2,1,,Over Votes,0
Iron,PARN,Iron School Board,2,1,,Under Votes,141
Iron,PARN,Retain Supreme Court Justice-Matthew B. DURRANT,,1,,Yes,433
Iron,PARN,Retain Supreme Court Justice-Matthew B. DURRANT,,1,,No,86
Iron,PARN,Retain Supreme Court Justice-Matthew B. DURRANT,,1,,Over Votes,1
Iron,PARN,Retain Supreme Court Justice-Matthew B. DURRANT,,1,,Under Votes,96
Iron,PARN,Retain Appeals Court Judge-Ryan D. TENNEY,,1,,Yes,430
Iron,PARN,Retain Appeals Court Judge-Ryan D. TENNEY,,1,,No,88
Iron,PARN,Retain Appeals Court Judge-Ryan D. TENNEY,,1,,Over Votes,1
Iron,PARN,Retain Appeals Court Judge-Ryan D. TENNEY,,1,,Under Votes,97
Iron,PARN,Retain 5th District Circuit Court Judge-Keith C. BARNES,,1,,Yes,434
Iron,PARN,Retain 5th District Circuit Court Judge-Keith C. BARNES,,1,,No,90
Iron,PARN,Retain 5th District Circuit Court Judge-Keith C. BARNES,,1,,Over Votes,1
Iron,PARN,Retain 5th District Circuit Court Judge-Keith C. BARNES,,1,,Under Votes,91
Iron,PARN,Retain 5th District Juvenile Circuit Court Judge-Michael FLEMMING LEAVITT,,1,,Yes,426
Iron,PARN,Retain 5th District Juvenile Circuit Court Judge-Michael FLEMMING LEAVITT,,1,,No,96
Iron,PARN,Retain 5th District Juvenile Circuit Court Judge-Michael FLEMMING LEAVITT,,1,,Over Votes,1
Iron,PARN,Retain 5th District Juvenile Circuit Court Judge-Michael FLEMMING LEAVITT,,1,,Under Votes,93
Iron,PARN,Constitutional Amendment A,,1,,For,309
Iron,PARN,Constitutional Amendment A,,1,,Against,221
Iron,PARN,Constitutional Amendment A,,1,,Over Votes,0
Iron,PARN,Constitutional Amendment A,,1,,Under Votes,86
Iron,PARN,Constitutional Amendment B,,1,,For,339
Iron,PARN,Constitutional Amendment B,,1,,Against,233
Iron,PARN,Constitutional Amendment B,,1,,Over Votes,1
Iron,PARN,Constitutional Amendment B,,1,,Under Votes,43
Iron,PARN,Constitutional Amendment C,,1,,For,508
Iron,PARN,Constitutional Amendment C,,1,,Against,69
Iron,PARN,Constitutional Amendment C,,1,,Over Votes,0
Iron,PARN,Constitutional Amendment C,,1,,Under Votes,39
Iron,PARN,Constitutional Amendment D,,1,,For,331
Iron,PARN,Constitutional Amendment D,,1,,Against,185
Iron,PARN,Constitutional Amendment D,,1,,Over Votes,0
Iron,PARN,Constitutional Amendment D,,1,,Under Votes,100
Iron,PARN,Iron County School Board Bond,,1,,For,209
Iron,PARN,Iron County School Board Bond,,1,,Against,363
Iron,PARN,Iron County School Board Bond,,1,,Over Votes,1
Iron,PARN,Iron County School Board Bond,,1,,Under Votes,43
Iron,PARS,Registered Voters,,,,,603
Iron,PARS,Ballots Cast,,,,,557
Iron,PARS,President,,1,,Cornel Ronald WEST / Melina ABDULLAH,0
Iron,PARS,President,,1,,"Lucifer ""JUSTIN CASE"" EVERYLOVE",0
Iron,PARS,President,,1,CON,Joel SKOUSEN / Rik COMBS,5
Iron,PARS,President,,1,GRN,Jill STEIN / Rudolph WARE,1
Iron,PARS,President,,1,REP,Donald J. TRUMP/ JD VANCE,441
Iron,PARS,President,,1,LBT,Chase OLIVER / Mike ter MAAT,2
Iron,PARS,President,,1,DEM,Kamala D. HARRIS / Tim WALZ,94
Iron,PARS,President,,1,,Claudia de la CRUZ / Karina Alexandra GARCIA,2
Iron,PARS,President,,1,,Write-In,4
Iron,PARS,President,,1,,Over Votes,1
Iron,PARS,President,,1,,Under Votes,7
Iron,PARS,U.S. Senate,,1,IAP,Carleton E. BOWEN,41
Iron,PARS,U.S. Senate,,1,REP,John CURTIS,424
Iron,PARS,U.S. Senate,,1,DEM,Caroline GLEICH,68
Iron,PARS,U.S. Senate,,1,,Write-In,3
Iron,PARS,U.S. Senate,,1,,Over Votes,0
Iron,PARS,U.S. Senate,,1,,Under Votes,21
Iron,PARS,U.S. House,2,1,DEM,Nathaniel E WOODWARD,60
Iron,PARS,U.S. House,2,1,CON,Cassie EASLEY,39
Iron,PARS,U.S. House,2,1,REP,Celeste MALOY,423
Iron,PARS,U.S. House,2,1,,Tyler MURSET,7
Iron,PARS,U.S. House,2,1,,Over Votes,0
Iron,PARS,U.S. House,2,1,,Under Votes,28
Iron,PARS,Governor,,1,REP,Spencer J. COX / Deidre M. HENDERSON,358
Iron,PARS,Governor,,1,IAP,Tommy WILLIAMS / Archie A. WILLIAMS III,8
Iron,PARS,Governor,,1,DEM,Brian SMITH KING / Rebekah CUMMINGS,52
Iron,PARS,Governor,,1,LBT,J. Robert LATHAM / Barry Evan SHORT,16
Iron,PARS,Governor,,1,,Tom TOMENY / William LANSING TAYLOR,2
Iron,PARS,Governor,,1,,Write-In,101
Iron,PARS,Governor,,1,,Over Votes,0
Iron,PARS,Governor,,1,,Under Votes,20
Iron,PARS,Attorney General,,1,REP,Derek BROWN,425
Iron,PARS,Attorney General,,1,DEM,Rudy J BAUTISTA,58
Iron,PARS,Attorney General,,1,LBT,W. Andrew McCULLOUGH,12
Iron,PARS,Attorney General,,1,,Austin HEPWORTH,24
Iron,PARS,Attorney General,,1,UUP,Michelle QUIST,10
Iron,PARS,Attorney General,,1,,Over Votes,0
Iron,PARS,Attorney General,,1,,Under Votes,28
Iron,PARS,State Auditor,,1,REP,Tina CANNON,439
Iron,PARS,State Auditor,,1,CON,Jeffery L. OSTLER,22
Iron,PARS,State Auditor,,1,DEM,Catherine VOUTAZ,66
Iron,PARS,State Auditor,,1,,Over Votes,0
Iron,PARS,State Auditor,,1,,Under Votes,30
Iron,PARS,State Treasurer,,1,UFP,Miles POMEROY,11
Iron,PARS,State Treasurer,,1,REP,Marlo M. OAKS,439
Iron,PARS,State Treasurer,,1,DEM,Neil A HANSEN,63
Iron,PARS,State Treasurer,,1,,Over Votes,0
Iron,PARS,State Treasurer,,1,,Under Votes,44
Iron,PARS,State House,71,1,DEM,Steve MERRILL,83
Iron,PARS,State House,71,1,REP,Rex P. SHIPP,433
Iron,PARS,State House,71,1,,Over Votes,0
Iron,PARS,State House,71,1,,Under Votes,41
Iron,PARS,County Commission,C,1,REP,Kenneth L. ROBINSON,449
Iron,PARS,County Commission,C,1,,Over Votes,0
Iron,PARS,County Commission,C,1,,Under Votes,108
Iron,PARS,County Assessor,,1,REP,Karsten M. REED,435
Iron,PARS,County Assessor,,1,,Over Votes,0
Iron,PARS,County Assessor,,1,,Under Votes,122
Iron,PARS,County Auditor,,1,REP,Lucas A. LITTLE,444
Iron,PARS,County Auditor,,1,,Over Votes,0
Iron,PARS,County Auditor,,1,,Under Votes,113
Iron,PARS,County Recorder/Surveyor,,1,REP,Carri R. JEFFRIES,442
Iron,PARS,County Recorder/Surveyor,,1,,Over Votes,0
Iron,PARS,County Recorder/Surveyor,,1,,Under Votes,115
Iron,PARS,County Treasurer,,1,REP,Nicole ROSENBERG,449
Iron,PARS,County Treasurer,,1,,Over Votes,0
Iron,PARS,County Treasurer,,1,,Under Votes,108
Iron,PARS,Iron School Board,2,1,,Ben A. JOHNSON,425
Iron,PARS,Iron School Board,2,1,,Over Votes,0
Iron,PARS,Iron School Board,2,1,,Under Votes,132
Iron,PARS,Retain Supreme Court Justice-Matthew B. DURRANT,,1,,Yes,383
Iron,PARS,Retain Supreme Court Justice-Matthew B. DURRANT,,1,,No,70
Iron,PARS,Retain Supreme Court Justice-Matthew B. DURRANT,,1,,Over Votes,0
Iron,PARS,Retain Supreme Court Justice-Matthew B. DURRANT,,1,,Under Votes,104
Iron,PARS,Retain Appeals Court Judge-Ryan D. TENNEY,,1,,Yes,374
Iron,PARS,Retain Appeals Court Judge-Ryan D. TENNEY,,1,,No,74
Iron,PARS,Retain Appeals Court Judge-Ryan D. TENNEY,,1,,Over Votes,0
Iron,PARS,Retain Appeals Court Judge-Ryan D. TENNEY,,1,,Under Votes,109
Iron,PARS,Retain 5th District Circuit Court Judge-Keith C. BARNES,,1,,Yes,395
Iron,PARS,Retain 5th District Circuit Court Judge-Keith C. BARNES,,1,,No,67
Iron,PARS,Retain 5th District Circuit Court Judge-Keith C. BARNES,,1,,Over Votes,1
Iron,PARS,Retain 5th District Circuit Court Judge-Keith C. BARNES,,1,,Under Votes,94
Iron,PARS,Retain 5th District Juvenile Circuit Court Judge-Michael FLEMMING LEAVITT,,1,,Yes,389
Iron,PARS,Retain 5th District Juvenile Circuit Court Judge-Michael FLEMMING LEAVITT,,1,,No,66
Iron,PARS,Retain 5th District Juvenile Circuit Court Judge-Michael FLEMMING LEAVITT,,1,,Over Votes,0
Iron,PARS,Retain 5th District Juvenile Circuit Court Judge-Michael FLEMMING LEAVITT,,1,,Under Votes,102
Iron,PARS,Constitutional Amendment A,,1,,For,283
Iron,PARS,Constitutional Amendment A,,1,,Against,203
Iron,PARS,Constitutional Amendment A,,1,,Over Votes,0
Iron,PARS,Constitutional Amendment A,,1,,Under Votes,71
Iron,PARS,Constitutional Amendment B,,1,,For,308
Iron,PARS,Constitutional Amendment B,,1,,Against,205
Iron,PARS,Constitutional Amendment B,,1,,Over Votes,0
Iron,PARS,Constitutional Amendment B,,1,,Under Votes,44
Iron,PARS,Constitutional Amendment C,,1,,For,475
Iron,PARS,Constitutional Amendment C,,1,,Against,44
Iron,PARS,Constitutional Amendment C,,1,,Over Votes,0
Iron,PARS,Constitutional Amendment C,,1,,Under Votes,38
Iron,PARS,Constitutional Amendment D,,1,,For,333
Iron,PARS,Constitutional Amendment D,,1,,Against,138
Iron,PARS,Constitutional Amendment D,,1,,Over Votes,0
Iron,PARS,Constitutional Amendment D,,1,,Under Votes,86
Iron,PARS,Iron County School Board Bond,,1,,For,174
Iron,PARS,Iron County School Board Bond,,1,,Against,334
Iron,PARS,Iron County School Board Bond,,1,,Over Votes,0
Iron,PARS,Iron County School Board Bond,,1,,Under Votes,49
Iron,PARV,Registered Voters,,,,,217
Iron,PARV,Ballots Cast,,,,,199
Iron,PARV,President,,1,,Cornel Ronald WEST / Melina ABDULLAH,0
Iron,PARV,President,,1,,"Lucifer ""JUSTIN CASE"" EVERYLOVE",0
Iron,PARV,President,,1,CON,Joel SKOUSEN / Rik COMBS,1
Iron,PARV,President,,1,GRN,Jill STEIN / Rudolph WARE,0
Iron,PARV,President,,1,REP,Donald J. TRUMP/ JD VANCE,184
Iron,PARV,President,,1,LBT,Chase OLIVER / Mike ter MAAT,1
Iron,PARV,President,,1,DEM,Kamala D. HARRIS / Tim WALZ,9
Iron,PARV,President,,1,,Claudia de la CRUZ / Karina Alexandra GARCIA,1
Iron,PARV,President,,1,,Write-In,2
Iron,PARV,President,,1,,Over Votes,0
Iron,PARV,President,,1,,Under Votes,1
Iron,PARV,U.S. Senate,,1,IAP,Carleton E. BOWEN,22
Iron,PARV,U.S. Senate,,1,REP,John CURTIS,157
Iron,PARV,U.S. Senate,,1,DEM,Caroline GLEICH,10
Iron,PARV,U.S. Senate,,1,,Write-In,3
Iron,PARV,U.S. Senate,,1,,Over Votes,0
Iron,PARV,U.S. Senate,,1,,Under Votes,7
Iron,PARV,U.S. House,2,1,DEM,Nathaniel E WOODWARD,10
Iron,PARV,U.S. House,2,1,CON,Cassie EASLEY,22
Iron,PARV,U.S. House,2,1,REP,Celeste MALOY,153
Iron,PARV,U.S. House,2,1,,Tyler MURSET,7
Iron,PARV,U.S. House,2,1,,Over Votes,0
Iron,PARV,U.S. House,2,1,,Under Votes,7
Iron,PARV,Governor,,1,REP,Spencer J. COX / Deidre M. HENDERSON,117
Iron,PARV,Governor,,1,IAP,Tommy WILLIAMS / Archie A. WILLIAMS III,4
Iron,PARV,Governor,,1,DEM,Brian SMITH KING / Rebekah CUMMINGS,9
Iron,PARV,Governor,,1,LBT,J. Robert LATHAM / Barry Evan SHORT,8
Iron,PARV,Governor,,1,,Tom TOMENY / William LANSING TAYLOR,2
Iron,PARV,Governor,,1,,Write-In,45
Iron,PARV,Governor,,1,,Over Votes,0
Iron,PARV,Governor,,1,,Under Votes,14
Iron,PARV,Attorney General,,1,REP,Derek BROWN,144
Iron,PARV,Attorney General,,1,DEM,Rudy J BAUTISTA,9
Iron,PARV,Attorney General,,1,LBT,W. Andrew McCULLOUGH,12
Iron,PARV,Attorney General,,1,,Austin HEPWORTH,14
Iron,PARV,Attorney General,,1,UUP,Michelle QUIST,3
Iron,PARV,Attorney General,,1,,Over Votes,1
Iron,PARV,Attorney General,,1,,Under Votes,16
Iron,PARV,State Auditor,,1,REP,Tina CANNON,155
Iron,PARV,State Auditor,,1,CON,Jeffery L. OSTLER,17
Iron,PARV,State Auditor,,1,DEM,Catherine VOUTAZ,10
Iron,PARV,State Auditor,,1,,Over Votes,0
Iron,PARV,State Auditor,,1,,Under Votes,17
Iron,PARV,State Treasurer,,1,UFP,Miles POMEROY,6
Iron,PARV,State Treasurer,,1,REP,Marlo M. OAKS,171
Iron,PARV,State Treasurer,,1,DEM,Neil A HANSEN,9
Iron,PARV,State Treasurer,,1,,Over Votes,0
Iron,PARV,State Treasurer,,1,,Under Votes,13
Iron,PARV,State House,70,1,REP,Carl R. ALBRECHT,175
Iron,PARV,State House,70,1,UUP,Zeno B. PARRY,4
Iron,PARV,State House,70,1,,Over Votes,0
Iron,PARV,State House,70,1,,Under Votes,20
Iron,PARV,County Commission,C,1,REP,Kenneth L. ROBINSON,154
Iron,PARV,County Commission,C,1,,Over Votes,0
Iron,PARV,County Commission,C,1,,Under Votes,45
Iron,PARV,County Assessor,,1,REP,Karsten M. REED,149
Iron,PARV,County Assessor,,1,,Over Votes,0
Iron,PARV,County Assessor,,1,,Under Votes,50
Iron,PARV,County Auditor,,1,REP,Lucas A. LITTLE,156
Iron,PARV,County Auditor,,1,,Over Votes,0
Iron,PARV,County Auditor,,1,,Under Votes,43
Iron,PARV,County Recorder/Surveyor,,1,REP,Carri R. JEFFRIES,151
Iron,PARV,County Recorder/Surveyor,,1,,Over Votes,0
Iron,PARV,County Recorder/Surveyor,,1,,Under Votes,48
Iron,PARV,County Treasurer,,1,REP,Nicole ROSENBERG,154
Iron,PARV,County Treasurer,,1,,Over Votes,0
Iron,PARV,County Treasurer,,1,,Under Votes,45
Iron,PARV,Iron School Board,2,1,,Ben A. JOHNSON,138
Iron,PARV,Iron School Board,2,1,,Over Votes,0
Iron,PARV,Iron School Board,2,1,,Under Votes,61
Iron,PARV,Retain Supreme Court Justice-Matthew B. DURRANT,,1,,Yes,129
Iron,PARV,Retain Supreme Court Justice-Matthew B. DURRANT,,1,,No,29
Iron,PARV,Retain Supreme Court Justice-Matthew B. DURRANT,,1,,Over Votes,0
Iron,PARV,Retain Supreme Court Justice-Matthew B. DURRANT,,1,,Under Votes,41
Iron,PARV,Retain Appeals Court Judge-Ryan D. TENNEY,,1,,Yes,126
Iron,PARV,Retain Appeals Court Judge-Ryan D. TENNEY,,1,,No,30
Iron,PARV,Retain Appeals Court Judge-Ryan D. TENNEY,,1,,Over Votes,0
Iron,PARV,Retain Appeals Court Judge-Ryan D. TENNEY,,1,,Under Votes,43
Iron,PARV,Retain 5th District Circuit Court Judge-Keith C. BARNES,,1,,Yes,126
Iron,PARV,Retain 5th District Circuit Court Judge-Keith C. BARNES,,1,,No,35
Iron,PARV,Retain 5th District Circuit Court Judge-Keith C. BARNES,,1,,Over Votes,0
Iron,PARV,Retain 5th District Circuit Court Judge-Keith C. BARNES,,1,,Under Votes,38
Iron,PARV,Retain 5th District Juvenile Circuit Court Judge-Michael FLEMMING LEAVITT,,1,,Yes,123
Iron,PARV,Retain 5th District Juvenile Circuit Court Judge-Michael FLEMMING LEAVITT,,1,,No,29
Iron,PARV,Retain 5th District Juvenile Circuit Court Judge-Michael FLEMMING LEAVITT,,1,,Over Votes,1
Iron,PARV,Retain 5th District Juvenile Circuit Court Judge-Michael FLEMMING LEAVITT,,1,,Under Votes,46
Iron,PARV,Constitutional Amendment A,,1,,For,92
Iron,PARV,Constitutional Amendment A,,1,,Against,78
Iron,PARV,Constitutional Amendment A,,1,,Over Votes,1
Iron,PARV,Constitutional Amendment A,,1,,Under Votes,28
Iron,PARV,Constitutional Amendment B,,1,,For,94
Iron,PARV,Constitutional Amendment B,,1,,Against,85
Iron,PARV,Constitutional Amendment B,,1,,Over Votes,2
Iron,PARV,Constitutional Amendment B,,1,,Under Votes,18
Iron,PARV,Constitutional Amendment C,,1,,For,156
Iron,PARV,Constitutional Amendment C,,1,,Against,24
Iron,PARV,Constitutional Amendment C,,1,,Over Votes,0
Iron,PARV,Constitutional Amendment C,,1,,Under Votes,19
Iron,PARV,Constitutional Amendment D,,1,,For,98
Iron,PARV,Constitutional Amendment D,,1,,Against,61
Iron,PARV,Constitutional Amendment D,,1,,Over Votes,0
Iron,PARV,Constitutional Amendment D,,1,,Under Votes,40
Iron,PARV,Iron County School Board Bond,,1,,For,45
Iron,PARV,Iron County School Board Bond,,1,,Against,138
Iron,PARV,Iron County School Board Bond,,1,,Over Votes,0
Iron,PARV,Iron County School Board Bond,,1,,Under Votes,16
Iron,SUM,Registered Voters,,,,,244
Iron,SUM,Ballots Cast,,,,,215
Iron,SUM,President,,1,,Cornel Ronald WEST / Melina ABDULLAH,0
Iron,SUM,President,,1,,"Lucifer ""JUSTIN CASE"" EVERYLOVE",0
Iron,SUM,President,,1,CON,Joel SKOUSEN / Rik COMBS,0
Iron,SUM,President,,1,GRN,Jill STEIN / Rudolph WARE,3
Iron,SUM,President,,1,REP,Donald J. TRUMP/ JD VANCE,180
Iron,SUM,President,,1,LBT,Chase OLIVER / Mike ter MAAT,2
Iron,SUM,President,,1,DEM,Kamala D. HARRIS / Tim WALZ,26
Iron,SUM,President,,1,,Claudia de la CRUZ / Karina Alexandra GARCIA,0
Iron,SUM,President,,1,,Write-In,1
Iron,SUM,President,,1,,Over Votes,0
Iron,SUM,President,,1,,Under Votes,3
Iron,SUM,U.S. Senate,,1,IAP,Carleton E. BOWEN,11
Iron,SUM,U.S. Senate,,1,REP,John CURTIS,172
Iron,SUM,U.S. Senate,,1,DEM,Caroline GLEICH,22
Iron,SUM,U.S. Senate,,1,,Write-In,2
Iron,SUM,U.S. Senate,,1,,Over Votes,0
Iron,SUM,U.S. Senate,,1,,Under Votes,8
Iron,SUM,U.S. House,2,1,DEM,Nathaniel E WOODWARD,21
Iron,SUM,U.S. House,2,1,CON,Cassie EASLEY,13
Iron,SUM,U.S. House,2,1,REP,Celeste MALOY,163
Iron,SUM,U.S. House,2,1,,Tyler MURSET,7
Iron,SUM,U.S. House,2,1,,Over Votes,0
Iron,SUM,U.S. House,2,1,,Under Votes,11
Iron,SUM,Governor,,1,REP,Spencer J. COX / Deidre M. HENDERSON,150
Iron,SUM,Governor,,1,IAP,Tommy WILLIAMS / Archie A. WILLIAMS III,5
Iron,SUM,Governor,,1,DEM,Brian SMITH KING / Rebekah CUMMINGS,16
Iron,SUM,Governor,,1,LBT,J. Robert LATHAM / Barry Evan SHORT,4
Iron,SUM,Governor,,1,,Tom TOMENY / William LANSING TAYLOR,1
Iron,SUM,Governor,,1,,Write-In,31
Iron,SUM,Governor,,1,,Over Votes,0
Iron,SUM,Governor,,1,,Under Votes,8
Iron,SUM,Attorney General,,1,REP,Derek BROWN,169
Iron,SUM,Attorney General,,1,DEM,Rudy J BAUTISTA,21
Iron,SUM,Attorney General,,1,LBT,W. Andrew McCULLOUGH,9
Iron,SUM,Attorney General,,1,,Austin HEPWORTH,4
Iron,SUM,Attorney General,,1,UUP,Michelle QUIST,4
Iron,SUM,Attorney General,,1,,Over Votes,0
Iron,SUM,Attorney General,,1,,Under Votes,8
Iron,SUM,State Auditor,,1,REP,Tina CANNON,177
Iron,SUM,State Auditor,,1,CON,Jeffery L. OSTLER,7
Iron,SUM,State Auditor,,1,DEM,Catherine VOUTAZ,22
Iron,SUM,State Auditor,,1,,Over Votes,0
Iron,SUM,State Auditor,,1,,Under Votes,9
Iron,SUM,State Treasurer,,1,UFP,Miles POMEROY,8
Iron,SUM,State Treasurer,,1,REP,Marlo M. OAKS,166
Iron,SUM,State Treasurer,,1,DEM,Neil A HANSEN,23
Iron,SUM,State Treasurer,,1,,Over Votes,0
Iron,SUM,State Treasurer,,1,,Under Votes,18
Iron,SUM,State House,71,1,DEM,Steve MERRILL,28
Iron,SUM,State House,71,1,REP,Rex P. SHIPP,169
Iron,SUM,State House,71,1,,Over Votes,0
Iron,SUM,State House,71,1,,Under Votes,18
Iron,SUM,County Commission,C,1,REP,Kenneth L. ROBINSON,164
Iron,SUM,County Commission,C,1,,Over Votes,0
Iron,SUM,County Commission,C,1,,Under Votes,51
Iron,SUM,County Assessor,,1,REP,Karsten M. REED,168
Iron,SUM,County Assessor,,1,,Over Votes,0
Iron,SUM,County Assessor,,1,,Under Votes,47
Iron,SUM,County Auditor,,1,REP,Lucas A. LITTLE,169
Iron,SUM,County Auditor,,1,,Over Votes,0
Iron,SUM,County Auditor,,1,,Under Votes,46
Iron,SUM,County Recorder/Surveyor,,1,REP,Carri R. JEFFRIES,168
Iron,SUM,County Recorder/Surveyor,,1,,Over Votes,0
Iron,SUM,County Recorder/Surveyor,,1,,Under Votes,47
Iron,SUM,County Treasurer,,1,REP,Nicole ROSENBERG,165
Iron,SUM,County Treasurer,,1,,Over Votes,0
Iron,SUM,County Treasurer,,1,,Under Votes,50
Iron,SUM,Iron School Board,2,1,,Ben A. JOHNSON,148
Iron,SUM,Iron School Board,2,1,,Over Votes,0
Iron,SUM,Iron School Board,2,1,,Under Votes,67
Iron,SUM,Retain Supreme Court Justice-Matthew B. DURRANT,,1,,Yes,143
Iron,SUM,Retain Supreme Court Justice-Matthew B. DURRANT,,1,,No,32
Iron,SUM,Retain Supreme Court Justice-Matthew B. DURRANT,,1,,Over Votes,0
Iron,SUM,Retain Supreme Court Justice-Matthew B. DURRANT,,1,,Under Votes,40
Iron,SUM,Retain Appeals Court Judge-Ryan D. TENNEY,,1,,Yes,142
Iron,SUM,Retain Appeals Court Judge-Ryan D. TENNEY,,1,,No,29
Iron,SUM,Retain Appeals Court Judge-Ryan D. TENNEY,,1,,Over Votes,0
Iron,SUM,Retain Appeals Court Judge-Ryan D. TENNEY,,1,,Under Votes,44
Iron,SUM,Retain 5th District Circuit Court Judge-Keith C. BARNES,,1,,Yes,147
Iron,SUM,Retain 5th District Circuit Court Judge-Keith C. BARNES,,1,,No,29
Iron,SUM,Retain 5th District Circuit Court Judge-Keith C. BARNES,,1,,Over Votes,0
Iron,SUM,Retain 5th District Circuit Court Judge-Keith C. BARNES,,1,,Under Votes,39
Iron,SUM,Retain 5th District Juvenile Circuit Court Judge-Michael FLEMMING LEAVITT,,1,,Yes,142
Iron,SUM,Retain 5th District Juvenile Circuit Court Judge-Michael FLEMMING LEAVITT,,1,,No,31
Iron,SUM,Retain 5th District Juvenile Circuit Court Judge-Michael FLEMMING LEAVITT,,1,,Over Votes,0
Iron,SUM,Retain 5th District Juvenile Circuit Court Judge-Michael FLEMMING LEAVITT,,1,,Under Votes,42
Iron,SUM,Constitutional Amendment A,,1,,For,108
Iron,SUM,Constitutional Amendment A,,1,,Against,69
Iron,SUM,Constitutional Amendment A,,1,,Over Votes,0
Iron,SUM,Constitutional Amendment A,,1,,Under Votes,38
Iron,SUM,Constitutional Amendment B,,1,,For,123
Iron,SUM,Constitutional Amendment B,,1,,Against,76
Iron,SUM,Constitutional Amendment B,,1,,Over Votes,0
Iron,SUM,Constitutional Amendment B,,1,,Under Votes,16
Iron,SUM,Constitutional Amendment C,,1,,For,177
Iron,SUM,Constitutional Amendment C,,1,,Against,22
Iron,SUM,Constitutional Amendment C,,1,,Over Votes,0
Iron,SUM,Constitutional Amendment C,,1,,Under Votes,16
Iron,SUM,Constitutional Amendment D,,1,,For,116
Iron,SUM,Constitutional Amendment D,,1,,Against,56
Iron,SUM,Constitutional Amendment D,,1,,Over Votes,0
Iron,SUM,Constitutional Amendment D,,1,,Under Votes,43
Iron,SUM,Iron County School Board Bond,,1,,For,76
Iron,SUM,Iron County School Board Bond,,1,,Against,121
Iron,SUM,Iron County School Board Bond,,1,,Over Votes,0
Iron,SUM,Iron County School Board Bond,,1,,Under Votes,18
Iron,WSTV,Registered Voters,,,,,950
Iron,WSTV,Ballots Cast,,,,,844
Iron,WSTV,President,,1,,Cornel Ronald WEST / Melina ABDULLAH,0
Iron,WSTV,President,,1,,"Lucifer ""JUSTIN CASE"" EVERYLOVE",2
Iron,WSTV,President,,1,CON,Joel SKOUSEN / Rik COMBS,7
Iron,WSTV,President,,1,GRN,Jill STEIN / Rudolph WARE,0
Iron,WSTV,President,,1,REP,Donald J. TRUMP/ JD VANCE,722
Iron,WSTV,President,,1,LBT,Chase OLIVER / Mike ter MAAT,5
Iron,WSTV,President,,1,DEM,Kamala D. HARRIS / Tim WALZ,96
Iron,WSTV,President,,1,,Claudia de la CRUZ / Karina Alexandra GARCIA,0
Iron,WSTV,President,,1,,Write-In,5
Iron,WSTV,President,,1,,Over Votes,0
Iron,WSTV,President,,1,,Under Votes,7
Iron,WSTV,U.S. Senate,,1,IAP,Carleton E. BOWEN,59
Iron,WSTV,U.S. Senate,,1,REP,John CURTIS,690
Iron,WSTV,U.S. Senate,,1,DEM,Caroline GLEICH,68
Iron,WSTV,U.S. Senate,,1,,Write-In,1
Iron,WSTV,U.S. Senate,,1,,Over Votes,0
Iron,WSTV,U.S. Senate,,1,,Under Votes,26
Iron,WSTV,U.S. House,2,1,DEM,Nathaniel E WOODWARD,75
Iron,WSTV,U.S. House,2,1,CON,Cassie EASLEY,54
Iron,WSTV,U.S. House,2,1,REP,Celeste MALOY,647
Iron,WSTV,U.S. House,2,1,,Tyler MURSET,19
Iron,WSTV,U.S. House,2,1,,Over Votes,0
Iron,WSTV,U.S. House,2,1,,Under Votes,49
Iron,WSTV,Governor,,1,REP,Spencer J. COX / Deidre M. HENDERSON,519
Iron,WSTV,Governor,,1,IAP,Tommy WILLIAMS / Archie A. WILLIAMS III,31
Iron,WSTV,Governor,,1,DEM,Brian SMITH KING / Rebekah CUMMINGS,59
Iron,WSTV,Governor,,1,LBT,J. Robert LATHAM / Barry Evan SHORT,21
Iron,WSTV,Governor,,1,,Tom TOMENY / William LANSING TAYLOR,2
Iron,WSTV,Governor,,1,,Write-In,182
Iron,WSTV,Governor,,1,,Over Votes,0
Iron,WSTV,Governor,,1,,Under Votes,30
Iron,WSTV,Attorney General,,1,REP,Derek BROWN,651
Iron,WSTV,Attorney General,,1,DEM,Rudy J BAUTISTA,66
Iron,WSTV,Attorney General,,1,LBT,W. Andrew McCULLOUGH,25
Iron,WSTV,Attorney General,,1,,Austin HEPWORTH,36
Iron,WSTV,Attorney General,,1,UUP,Michelle QUIST,26
Iron,WSTV,Attorney General,,1,,Over Votes,0
Iron,WSTV,Attorney General,,1,,Under Votes,40
Iron,WSTV,State Auditor,,1,REP,Tina CANNON,675
Iron,WSTV,State Auditor,,1,CON,Jeffery L. OSTLER,46
Iron,WSTV,State Auditor,,1,DEM,Catherine VOUTAZ,71
Iron,WSTV,State Auditor,,1,,Over Votes,0
Iron,WSTV,State Auditor,,1,,Under Votes,52
Iron,WSTV,State Treasurer,,1,UFP,Miles POMEROY,17
Iron,WSTV,State Treasurer,,1,REP,Marlo M. OAKS,709
Iron,WSTV,State Treasurer,,1,DEM,Neil A HANSEN,70
Iron,WSTV,State Treasurer,,1,,Over Votes,0
Iron,WSTV,State Treasurer,,1,,Under Votes,48
Iron,WSTV,State House,71,1,DEM,Steve MERRILL,91
Iron,WSTV,State House,71,1,REP,Rex P. SHIPP,696
Iron,WSTV,State House,71,1,,Over Votes,0
Iron,WSTV,State House,71,1,,Under Votes,57
Iron,WSTV,County Commission,C,1,REP,Kenneth L. ROBINSON,676
Iron,WSTV,County Commission,C,1,,Over Votes,0
Iron,WSTV,County Commission,C,1,,Under Votes,168
Iron,WSTV,County Assessor,,1,REP,Karsten M. REED,664
Iron,WSTV,County Assessor,,1,,Over Votes,0
Iron,WSTV,County Assessor,,1,,Under Votes,180
Iron,WSTV,County Auditor,,1,REP,Lucas A. LITTLE,660
Iron,WSTV,County Auditor,,1,,Over Votes,0
Iron,WSTV,County Auditor,,1,,Under Votes,184
Iron,WSTV,County Recorder/Surveyor,,1,REP,Carri R. JEFFRIES,656
Iron,WSTV,County Recorder/Surveyor,,1,,Over Votes,0
Iron,WSTV,County Recorder/Surveyor,,1,,Under Votes,188
Iron,WSTV,County Treasurer,,1,REP,Nicole ROSENBERG,655
Iron,WSTV,County Treasurer,,1,,Over Votes,0
Iron,WSTV,County Treasurer,,1,,Under Votes,189
Iron,WSTV,Retain Supreme Court Justice-Matthew B. DURRANT,,1,,Yes,571
Iron,WSTV,Retain Supreme Court Justice-Matthew B. DURRANT,,1,,No,121
Iron,WSTV,Retain Supreme Court Justice-Matthew B. DURRANT,,1,,Over Votes,0
Iron,WSTV,Retain Supreme Court Justice-Matthew B. DURRANT,,1,,Under Votes,152
Iron,WSTV,Retain Appeals Court Judge-Ryan D. TENNEY,,1,,Yes,574
Iron,WSTV,Retain Appeals Court Judge-Ryan D. TENNEY,,1,,No,112
Iron,WSTV,Retain Appeals Court Judge-Ryan D. TENNEY,,1,,Over Votes,0
Iron,WSTV,Retain Appeals Court Judge-Ryan D. TENNEY,,1,,Under Votes,158
Iron,WSTV,Retain 5th District Circuit Court Judge-Keith C. BARNES,,1,,Yes,586
Iron,WSTV,Retain 5th District Circuit Court Judge-Keith C. BARNES,,1,,No,109
Iron,WSTV,Retain 5th District Circuit Court Judge-Keith C. BARNES,,1,,Over Votes,0
Iron,WSTV,Retain 5th District Circuit Court Judge-Keith C. BARNES,,1,,Under Votes,149
Iron,WSTV,Retain 5th District Juvenile Circuit Court Judge-Michael FLEMMING LEAVITT,,1,,Yes,567
Iron,WSTV,Retain 5th District Juvenile Circuit Court Judge-Michael FLEMMING LEAVITT,,1,,No,129
Iron,WSTV,Retain 5th District Juvenile Circuit Court Judge-Michael FLEMMING LEAVITT,,1,,Over Votes,0
Iron,WSTV,Retain 5th District Juvenile Circuit Court Judge-Michael FLEMMING LEAVITT,,1,,Under Votes,148
Iron,WSTV,Constitutional Amendment A,,1,,For,419
Iron,WSTV,Constitutional Amendment A,,1,,Against,320
Iron,WSTV,Constitutional Amendment A,,1,,Over Votes,0
Iron,WSTV,Constitutional Amendment A,,1,,Under Votes,105
Iron,WSTV,Constitutional Amendment B,,1,,For,421
Iron,WSTV,Constitutional Amendment B,,1,,Against,357
Iron,WSTV,Constitutional Amendment B,,1,,Over Votes,0
Iron,WSTV,Constitutional Amendment B,,1,,Under Votes,66
Iron,WSTV,Constitutional Amendment C,,1,,For,709
Iron,WSTV,Constitutional Amendment C,,1,,Against,84
Iron,WSTV,Constitutional Amendment C,,1,,Over Votes,0
Iron,WSTV,Constitutional Amendment C,,1,,Under Votes,51
Iron,WSTV,Constitutional Amendment D,,1,,For,468
Iron,WSTV,Constitutional Amendment D,,1,,Against,244
Iron,WSTV,Constitutional Amendment D,,1,,Over Votes,0
Iron,WSTV,Constitutional Amendment D,,1,,Under Votes,132
Iron,WSTV,Iron County School Board Bond,,1,,For,290
Iron,WSTV,Iron County School Board Bond,,1,,Against,506
Iron,WSTV,Iron County School Board Bond,,1,,Over Votes,0
Iron,WSTV,Iron County School Board Bond,,1,,Under Votes,48
Iron,Federal,Registered Voters,,,,,0
Iron,Federal,Ballots Cast,,,,,11
Iron,Federal,President,,1,,Cornel Ronald WEST / Melina ABDULLAH,0
Iron,Federal,President,,1,,"Lucifer ""JUSTIN CASE"" EVERYLOVE",0
Iron,Federal,President,,1,CON,Joel SKOUSEN / Rik COMBS,0
Iron,Federal,President,,1,GRN,Jill STEIN / Rudolph WARE,0
Iron,Federal,President,,1,REP,Donald J. TRUMP/ JD VANCE,3
Iron,Federal,President,,1,LBT,Chase OLIVER / Mike ter MAAT,0
Iron,Federal,President,,1,DEM,Kamala D. HARRIS / Tim WALZ,8
Iron,Federal,President,,1,,Claudia de la CRUZ / Karina Alexandra GARCIA,0
Iron,Federal,President,,1,,Write-In,0
Iron,Federal,President,,1,,Over Votes,0
Iron,Federal,President,,1,,Under Votes,0
Iron,Federal,U.S. Senate,,1,IAP,Carleton E. BOWEN,0
Iron,Federal,U.S. Senate,,1,REP,John CURTIS,3
Iron,Federal,U.S. Senate,,1,DEM,Caroline GLEICH,8
Iron,Federal,U.S. Senate,,1,,Write-In,0
Iron,Federal,U.S. Senate,,1,,Over Votes,0
Iron,Federal,U.S. Senate,,1,,Under Votes,0
Iron,Federal,U.S. House,2,1,DEM,Nathaniel E WOODWARD,7
Iron,Federal,U.S. House,2,1,CON,Cassie EASLEY,0
Iron,Federal,U.S. House,2,1,REP,Celeste MALOY,4
Iron,Federal,U.S. House,2,1,,Tyler MURSET,0
Iron,Federal,U.S. House,2,1,,Over Votes,0
Iron,Federal,U.S. House,2,1,,Under Votes,0
