county,precinct,office,district,seats,party,candidate,votes
Weber,CNP01 Suppressed,Registered Voters,,,,,2
Weber,CNP01 Suppressed,Ballots Cast,,,,,2
Weber,CNP01 Suppressed,President,,1,CON,Joel SKOUSEN / Rik COMBS,
Weber,CNP01 Suppressed,President,,1,,Cornel Ronald WEST / Melina ABDULLAH,
Weber,CNP01 Suppressed,President,,1,,"Lucifer ""JUSTIN CASE"" EVERYLOVE",
Weber,CNP01 Suppressed,President,,1,GRN,Jill STEIN / Rudolph WARE,
Weber,CNP01 Suppressed,President,,1,REP,Donald J. TRUMP/ JD VANCE,
Weber,CNP01 Suppressed,President,,1,LBT,Chase OLIVER / Mike ter MAAT,
Weber,CNP01 Suppressed,President,,1,DEM,Kamala D. HARRIS / Tim WALZ,
Weber,CNP01 Suppressed,President,,1,,Claudia de la CRUZ / Karina Alexandra GARCIA,
Weber,CNP01 Suppressed,President,,1,,Write-In Totals,
Weber,CNP01 Suppressed,U.S. Senate,,1,IAP,Carleton E. BOWEN,
Weber,CNP01 Suppressed,U.S. Senate,,1,REP,John CURTIS,
Weber,CNP01 Suppressed,U.S. Senate,,1,DEM,Caroline GLEICH,
Weber,CNP01 Suppressed,U.S. Senate,,1,,Write-In Totals,
Weber,CNP01 Suppressed,U.S. House,1,1,DEM,Bill CAMPBELL,
Weber,CNP01 Suppressed,U.S. House,1,1,REP,Blake D. MOORE,
Weber,CNP01 Suppressed,U.S. House,1,1,LBT,Daniel R. COTTAM,
Weber,CNP01 Suppressed,Governor,,1,REP,Spencer J. COX / Deidre M. HENDERSON,
Weber,CNP01 Suppressed,Governor,,1,IAP,Tommy WILLIAMS / Archie A. WILLIAMS III,
Weber,CNP01 Suppressed,Governor,,1,DEM,Brian SMITH KING / Rebekah CUMMINGS,
Weber,CNP01 Suppressed,Governor,,1,LBT,J. Robert LATHAM / Barry Evan SHORT,
Weber,CNP01 Suppressed,Governor,,1,,Tom TOMENY / William LANSING TAYLOR,
Weber,CNP01 Suppressed,Governor,,1,,Write-In Totals,
Weber,CNP01 Suppressed,Attorney General,,1,REP,Derek BROWN,
Weber,CNP01 Suppressed,Attorney General,,1,,Austin HEPWORTH,
Weber,CNP01 Suppressed,Attorney General,,1,DEM,Rudy J BAUTISTA,
Weber,CNP01 Suppressed,Attorney General,,1,LBT,W. Andrew McCULLOUGH,
Weber,CNP01 Suppressed,Attorney General,,1,UUP,Michelle QUIST,
Weber,CNP01 Suppressed,State Auditor,,1,REP,Tina CANNON,
Weber,CNP01 Suppressed,State Auditor,,1,CON,Jeffery L. OSTLER,
Weber,CNP01 Suppressed,State Auditor,,1,DEM,Catherine VOUTAZ,
Weber,CNP01 Suppressed,State Treasurer,,1,REP,Marlo M. OAKS,
Weber,CNP01 Suppressed,State Treasurer,,1,UFP,Miles POMEROY,
Weber,CNP01 Suppressed,State Treasurer,,1,DEM,Neil A HANSEN,
Weber,CNP01 Suppressed,State Senate,3,1,REP,John D. JOHNSON,
Weber,CNP01 Suppressed,State Senate,3,1,DEM,Stacy BERNAL,
Weber,CNP01 Suppressed,State House,6,1,REP,Matthew H. GWYNN,
Weber,CNP01 Suppressed,State House,6,1,DEM,Amber HARDY,
Weber,CNP01 Suppressed,County Commission,C,1,REP,Jim HARVEY,
Weber,CNP01 Suppressed,County Commission,C,1,LBT,Brian K ROWLEY,
Weber,CNP01 Suppressed,County Commission,C,1,DEM,Steven VAN WAGONER,
Weber,CNP01 Suppressed,County Assessor,,1,REP,John E. ULIBARRI,
Weber,CNP01 Suppressed,County Recorder/Surveyor,,1,REP,Bahy RAHIMZADEGAN,
Weber,CNP01 Suppressed,County Treasurer,,1,REP,Lynelle JENSEN,
Weber,CNP01 Suppressed,Retain Supreme Court Justice-Matthew B. DURRANT,,1,,Yes,
Weber,CNP01 Suppressed,Retain Supreme Court Justice-Matthew B. DURRANT,,1,,No,
Weber,CNP01 Suppressed,Retain Appeals Court Judge-Ryan D. TENNEY,,1,,Yes,
Weber,CNP01 Suppressed,Retain Appeals Court Judge-Ryan D. TENNEY,,1,,No,
Weber,CNP01 Suppressed,Retain 2nd District Circuit Court Judge-Joseph M. BEAN,,1,,Yes,
Weber,CNP01 Suppressed,Retain 2nd District Circuit Court Judge-Joseph M. BEAN,,1,,No,
Weber,CNP01 Suppressed,Retain 2nd District Circuit Court Judge-Ronald G. RUSSELL,,1,,Yes,
Weber,CNP01 Suppressed,Retain 2nd District Circuit Court Judge-Ronald G. RUSSELL,,1,,No,
Weber,CNP01 Suppressed,Retain 2nd District Circuit Court Judge-Christina Patricia ORTEGA,,1,,Yes,
Weber,CNP01 Suppressed,Retain 2nd District Circuit Court Judge-Christina Patricia ORTEGA,,1,,No,
Weber,CNP01 Suppressed,Retain 2nd District Circuit Court Judge-Craig HALL,,1,,Yes,
Weber,CNP01 Suppressed,Retain 2nd District Circuit Court Judge-Craig HALL,,1,,No,
Weber,CNP01 Suppressed,Retain 2nd District Circuit Court Judge-Michael Drio DIREDA,,1,,Yes,
Weber,CNP01 Suppressed,Retain 2nd District Circuit Court Judge-Michael Drio DIREDA,,1,,No,
Weber,CNP01 Suppressed,Retain 2nd District Juvenile Circuit Court Judge-Tasha WILLIAMS,,1,,Yes,
Weber,CNP01 Suppressed,Retain 2nd District Juvenile Circuit Court Judge-Tasha WILLIAMS,,1,,No,
Weber,CNP01 Suppressed,Constitutional Amendment B,,1,,For,
Weber,CNP01 Suppressed,Constitutional Amendment B,,1,,Against,
Weber,CNP01 Suppressed,Constitutional Amendment C,,1,,For,
Weber,CNP01 Suppressed,Constitutional Amendment C,,1,,Against,
Weber,CNP01 Suppressed,Proposition 19,,1,,Yes,
Weber,CNP01 Suppressed,Proposition 19,,1,,No,
Weber,CNP02 Suppressed,Registered Voters,,,,,10
Weber,CNP02 Suppressed,Ballots Cast,,,,,8
Weber,CNP02 Suppressed,President,,1,REP,Donald J. TRUMP/ JD VANCE,
Weber,CNP02 Suppressed,President,,1,,Cornel Ronald WEST / Melina ABDULLAH,
Weber,CNP02 Suppressed,President,,1,,"Lucifer ""JUSTIN CASE"" EVERYLOVE",
Weber,CNP02 Suppressed,President,,1,CON,Joel SKOUSEN / Rik COMBS,
Weber,CNP02 Suppressed,President,,1,GRN,Jill STEIN / Rudolph WARE,
Weber,CNP02 Suppressed,President,,1,LBT,Chase OLIVER / Mike ter MAAT,
Weber,CNP02 Suppressed,President,,1,DEM,Kamala D. HARRIS / Tim WALZ,
Weber,CNP02 Suppressed,President,,1,,Claudia de la CRUZ / Karina Alexandra GARCIA,
Weber,CNP02 Suppressed,President,,1,,Write-In Totals,
Weber,CNP02 Suppressed,U.S. Senate,,1,REP,John CURTIS,
Weber,CNP02 Suppressed,U.S. Senate,,1,IAP,Carleton E. BOWEN,
Weber,CNP02 Suppressed,U.S. Senate,,1,DEM,Caroline GLEICH,
Weber,CNP02 Suppressed,U.S. Senate,,1,,Write-In Totals,
Weber,CNP02 Suppressed,U.S. House,1,1,LBT,Daniel R. COTTAM,
Weber,CNP02 Suppressed,U.S. House,1,1,REP,Blake D. MOORE,
Weber,CNP02 Suppressed,U.S. House,1,1,DEM,Bill CAMPBELL,
Weber,CNP02 Suppressed,Governor,,1,REP,Spencer J. COX / Deidre M. HENDERSON,
Weber,CNP02 Suppressed,Governor,,1,IAP,Tommy WILLIAMS / Archie A. WILLIAMS III,
Weber,CNP02 Suppressed,Governor,,1,DEM,Brian SMITH KING / Rebekah CUMMINGS,
Weber,CNP02 Suppressed,Governor,,1,LBT,J. Robert LATHAM / Barry Evan SHORT,
Weber,CNP02 Suppressed,Governor,,1,,Tom TOMENY / William LANSING TAYLOR,
Weber,CNP02 Suppressed,Governor,,1,,Write-In Totals,
Weber,CNP02 Suppressed,Attorney General,,1,REP,Derek BROWN,
Weber,CNP02 Suppressed,Attorney General,,1,DEM,Rudy J BAUTISTA,
Weber,CNP02 Suppressed,Attorney General,,1,LBT,W. Andrew McCULLOUGH,
Weber,CNP02 Suppressed,Attorney General,,1,,Austin HEPWORTH,
Weber,CNP02 Suppressed,Attorney General,,1,UUP,Michelle QUIST,
Weber,CNP02 Suppressed,State Auditor,,1,REP,Tina CANNON,
Weber,CNP02 Suppressed,State Auditor,,1,CON,Jeffery L. OSTLER,
Weber,CNP02 Suppressed,State Auditor,,1,DEM,Catherine VOUTAZ,
Weber,CNP02 Suppressed,State Treasurer,,1,REP,Marlo M. OAKS,
Weber,CNP02 Suppressed,State Treasurer,,1,UFP,Miles POMEROY,
Weber,CNP02 Suppressed,State Treasurer,,1,DEM,Neil A HANSEN,
Weber,CNP02 Suppressed,State Senate,4,1,REP,Calvin Ray MUSSELMAN,
Weber,CNP02 Suppressed,State House,8,1,REP,Jason B KYLE,
Weber,CNP02 Suppressed,County Commission,C,1,REP,Jim HARVEY,
Weber,CNP02 Suppressed,County Commission,C,1,LBT,Brian K ROWLEY,
Weber,CNP02 Suppressed,County Commission,C,1,DEM,Steven VAN WAGONER,
Weber,CNP02 Suppressed,County Assessor,,1,REP,John E. ULIBARRI,
Weber,CNP02 Suppressed,County Recorder/Surveyor,,1,REP,Bahy RAHIMZADEGAN,
Weber,CNP02 Suppressed,County Treasurer,,1,REP,Lynelle JENSEN,
Weber,CNP02 Suppressed,Retain Supreme Court Justice-Matthew B. DURRANT,,1,,Yes,
Weber,CNP02 Suppressed,Retain Supreme Court Justice-Matthew B. DURRANT,,1,,No,
Weber,CNP02 Suppressed,Retain Appeals Court Judge-Ryan D. TENNEY,,1,,Yes,
Weber,CNP02 Suppressed,Retain Appeals Court Judge-Ryan D. TENNEY,,1,,No,
Weber,CNP02 Suppressed,Retain 2nd District Circuit Court Judge-Joseph M. BEAN,,1,,Yes,
Weber,CNP02 Suppressed,Retain 2nd District Circuit Court Judge-Joseph M. BEAN,,1,,No,
Weber,CNP02 Suppressed,Retain 2nd District Circuit Court Judge-Ronald G. RUSSELL,,1,,Yes,
Weber,CNP02 Suppressed,Retain 2nd District Circuit Court Judge-Ronald G. RUSSELL,,1,,No,
Weber,CNP02 Suppressed,Retain 2nd District Circuit Court Judge-Christina Patricia ORTEGA,,1,,Yes,
Weber,CNP02 Suppressed,Retain 2nd District Circuit Court Judge-Christina Patricia ORTEGA,,1,,No,
Weber,CNP02 Suppressed,Retain 2nd District Circuit Court Judge-Craig HALL,,1,,Yes,
Weber,CNP02 Suppressed,Retain 2nd District Circuit Court Judge-Craig HALL,,1,,No,
Weber,CNP02 Suppressed,Retain 2nd District Circuit Court Judge-Michael Drio DIREDA,,1,,Yes,
Weber,CNP02 Suppressed,Retain 2nd District Circuit Court Judge-Michael Drio DIREDA,,1,,No,
Weber,CNP02 Suppressed,Retain 2nd District Juvenile Circuit Court Judge-Tasha WILLIAMS,,1,,Yes,
Weber,CNP02 Suppressed,Retain 2nd District Juvenile Circuit Court Judge-Tasha WILLIAMS,,1,,No,
Weber,CNP02 Suppressed,Constitutional Amendment B,,1,,For,
Weber,CNP02 Suppressed,Constitutional Amendment B,,1,,Against,
Weber,CNP02 Suppressed,Constitutional Amendment C,,1,,For,
Weber,CNP02 Suppressed,Constitutional Amendment C,,1,,Against,
Weber,CNP02 Suppressed,Proposition 19,,1,,Yes,
Weber,CNP02 Suppressed,Proposition 19,,1,,No,
Weber,CNP03 Suppressed,Registered Voters,,,,,6
Weber,CNP03 Suppressed,Ballots Cast,,,,,6
Weber,CNP03 Suppressed,President,,1,REP,Donald J. TRUMP/ JD VANCE,
Weber,CNP03 Suppressed,President,,1,,Cornel Ronald WEST / Melina ABDULLAH,
Weber,CNP03 Suppressed,President,,1,,"Lucifer ""JUSTIN CASE"" EVERYLOVE",
Weber,CNP03 Suppressed,President,,1,CON,Joel SKOUSEN / Rik COMBS,
Weber,CNP03 Suppressed,President,,1,GRN,Jill STEIN / Rudolph WARE,
Weber,CNP03 Suppressed,President,,1,LBT,Chase OLIVER / Mike ter MAAT,
Weber,CNP03 Suppressed,President,,1,DEM,Kamala D. HARRIS / Tim WALZ,
Weber,CNP03 Suppressed,President,,1,,Claudia de la CRUZ / Karina Alexandra GARCIA,
Weber,CNP03 Suppressed,President,,1,,Write-In Totals,
Weber,CNP03 Suppressed,U.S. Senate,,1,REP,John CURTIS,
Weber,CNP03 Suppressed,U.S. Senate,,1,IAP,Carleton E. BOWEN,
Weber,CNP03 Suppressed,U.S. Senate,,1,DEM,Caroline GLEICH,
Weber,CNP03 Suppressed,U.S. Senate,,1,,Write-In Totals,
Weber,CNP03 Suppressed,U.S. House,1,1,REP,Blake D. MOORE,
Weber,CNP03 Suppressed,U.S. House,1,1,DEM,Bill CAMPBELL,
Weber,CNP03 Suppressed,U.S. House,1,1,LBT,Daniel R. COTTAM,
Weber,CNP03 Suppressed,Governor,,1,REP,Spencer J. COX / Deidre M. HENDERSON,
Weber,CNP03 Suppressed,Governor,,1,IAP,Tommy WILLIAMS / Archie A. WILLIAMS III,
Weber,CNP03 Suppressed,Governor,,1,DEM,Brian SMITH KING / Rebekah CUMMINGS,
Weber,CNP03 Suppressed,Governor,,1,LBT,J. Robert LATHAM / Barry Evan SHORT,
Weber,CNP03 Suppressed,Governor,,1,,Tom TOMENY / William LANSING TAYLOR,
Weber,CNP03 Suppressed,Governor,,1,,Write-In Totals,
Weber,CNP03 Suppressed,Attorney General,,1,REP,Derek BROWN,
Weber,CNP03 Suppressed,Attorney General,,1,DEM,Rudy J BAUTISTA,
Weber,CNP03 Suppressed,Attorney General,,1,LBT,W. Andrew McCULLOUGH,
Weber,CNP03 Suppressed,Attorney General,,1,,Austin HEPWORTH,
Weber,CNP03 Suppressed,Attorney General,,1,UUP,Michelle QUIST,
Weber,CNP03 Suppressed,State Auditor,,1,REP,Tina CANNON,
Weber,CNP03 Suppressed,State Auditor,,1,CON,Jeffery L. OSTLER,
Weber,CNP03 Suppressed,State Auditor,,1,DEM,Catherine VOUTAZ,
Weber,CNP03 Suppressed,State Treasurer,,1,REP,Marlo M. OAKS,
Weber,CNP03 Suppressed,State Treasurer,,1,UFP,Miles POMEROY,
Weber,CNP03 Suppressed,State Treasurer,,1,DEM,Neil A HANSEN,
Weber,CNP03 Suppressed,State Senate,3,1,REP,John D. JOHNSON,
Weber,CNP03 Suppressed,State Senate,3,1,DEM,Stacy BERNAL,
Weber,CNP03 Suppressed,State House,8,1,REP,Jason B KYLE,
Weber,CNP03 Suppressed,County Commission,C,1,REP,Jim HARVEY,
Weber,CNP03 Suppressed,County Commission,C,1,LBT,Brian K ROWLEY,
Weber,CNP03 Suppressed,County Commission,C,1,DEM,Steven VAN WAGONER,
Weber,CNP03 Suppressed,County Assessor,,1,REP,John E. ULIBARRI,
Weber,CNP03 Suppressed,County Recorder/Surveyor,,1,REP,Bahy RAHIMZADEGAN,
Weber,CNP03 Suppressed,County Treasurer,,1,REP,Lynelle JENSEN,
Weber,CNP03 Suppressed,Retain Supreme Court Justice-Matthew B. DURRANT,,1,,Yes,
Weber,CNP03 Suppressed,Retain Supreme Court Justice-Matthew B. DURRANT,,1,,No,
Weber,CNP03 Suppressed,Retain Appeals Court Judge-Ryan D. TENNEY,,1,,Yes,
Weber,CNP03 Suppressed,Retain Appeals Court Judge-Ryan D. TENNEY,,1,,No,
Weber,CNP03 Suppressed,Retain 2nd District Circuit Court Judge-Joseph M. BEAN,,1,,Yes,
Weber,CNP03 Suppressed,Retain 2nd District Circuit Court Judge-Joseph M. BEAN,,1,,No,
Weber,CNP03 Suppressed,Retain 2nd District Circuit Court Judge-Ronald G. RUSSELL,,1,,Yes,
Weber,CNP03 Suppressed,Retain 2nd District Circuit Court Judge-Ronald G. RUSSELL,,1,,No,
Weber,CNP03 Suppressed,Retain 2nd District Circuit Court Judge-Christina Patricia ORTEGA,,1,,No,
Weber,CNP03 Suppressed,Retain 2nd District Circuit Court Judge-Christina Patricia ORTEGA,,1,,Yes,
Weber,CNP03 Suppressed,Retain 2nd District Circuit Court Judge-Craig HALL,,1,,Yes,
Weber,CNP03 Suppressed,Retain 2nd District Circuit Court Judge-Craig HALL,,1,,No,
Weber,CNP03 Suppressed,Retain 2nd District Circuit Court Judge-Michael Drio DIREDA,,1,,Yes,
Weber,CNP03 Suppressed,Retain 2nd District Circuit Court Judge-Michael Drio DIREDA,,1,,No,
Weber,CNP03 Suppressed,Retain 2nd District Juvenile Circuit Court Judge-Tasha WILLIAMS,,1,,Yes,
Weber,CNP03 Suppressed,Retain 2nd District Juvenile Circuit Court Judge-Tasha WILLIAMS,,1,,No,
Weber,CNP03 Suppressed,Constitutional Amendment B,,1,,Against,
Weber,CNP03 Suppressed,Constitutional Amendment B,,1,,For,
Weber,CNP03 Suppressed,Constitutional Amendment C,,1,,For,
Weber,CNP03 Suppressed,Constitutional Amendment C,,1,,Against,
Weber,CNP03 Suppressed,Proposition 19,,1,,No,
Weber,CNP03 Suppressed,Proposition 19,,1,,Yes,
Weber,CNP04,Registered Voters,,,,,44
Weber,CNP04,Ballots Cast,,,,,45
Weber,CNP04,President,,1,REP,Donald J. TRUMP/ JD VANCE,26
Weber,CNP04,President,,1,DEM,Kamala D. HARRIS / Tim WALZ,16
Weber,CNP04,President,,1,LBT,Chase OLIVER / Mike ter MAAT,1
Weber,CNP04,President,,1,,Cornel Ronald WEST / Melina ABDULLAH,0
Weber,CNP04,President,,1,,"Lucifer ""JUSTIN CASE"" EVERYLOVE",0
Weber,CNP04,President,,1,CON,Joel SKOUSEN / Rik COMBS,0
Weber,CNP04,President,,1,GRN,Jill STEIN / Rudolph WARE,0
Weber,CNP04,President,,1,,Claudia de la CRUZ / Karina Alexandra GARCIA,0
Weber,CNP04,President,,1,,Write-In Totals,1
Weber,CNP04,U.S. Senate,,1,REP,John CURTIS,28
Weber,CNP04,U.S. Senate,,1,DEM,Caroline GLEICH,14
Weber,CNP04,U.S. Senate,,1,IAP,Carleton E. BOWEN,0
Weber,CNP04,U.S. Senate,,1,,Write-In Totals,0
Weber,CNP04,U.S. House,1,1,REP,Blake D. MOORE,29
Weber,CNP04,U.S. House,1,1,DEM,Bill CAMPBELL,14
Weber,CNP04,U.S. House,1,1,LBT,Daniel R. COTTAM,0
Weber,CNP04,Governor,,1,REP,Spencer J. COX / Deidre M. HENDERSON,23
Weber,CNP04,Governor,,1,DEM,Brian SMITH KING / Rebekah CUMMINGS,13
Weber,CNP04,Governor,,1,IAP,Tommy WILLIAMS / Archie A. WILLIAMS III,0
Weber,CNP04,Governor,,1,LBT,J. Robert LATHAM / Barry Evan SHORT,0
Weber,CNP04,Governor,,1,,Tom TOMENY / William LANSING TAYLOR,0
Weber,CNP04,Governor,,1,,Write-In Totals,8
Weber,CNP04,Attorney General,,1,REP,Derek BROWN,26
Weber,CNP04,Attorney General,,1,DEM,Rudy J BAUTISTA,13
Weber,CNP04,Attorney General,,1,UUP,Michelle QUIST,2
Weber,CNP04,Attorney General,,1,LBT,W. Andrew McCULLOUGH,1
Weber,CNP04,Attorney General,,1,,Austin HEPWORTH,0
Weber,CNP04,State Auditor,,1,REP,Tina CANNON,26
Weber,CNP04,State Auditor,,1,DEM,Catherine VOUTAZ,14
Weber,CNP04,State Auditor,,1,CON,Jeffery L. OSTLER,1
Weber,CNP04,State Treasurer,,1,REP,Marlo M. OAKS,26
Weber,CNP04,State Treasurer,,1,DEM,Neil A HANSEN,14
Weber,CNP04,State Treasurer,,1,UFP,Miles POMEROY,1
Weber,CNP04,State Senate,3,1,REP,John D. JOHNSON,23
Weber,CNP04,State Senate,3,1,DEM,Stacy BERNAL,19
Weber,CNP04,State House,7,1,REP,Ryan D. WILCOX,32
Weber,CNP04,County Commission,C,1,REP,Jim HARVEY,31
Weber,CNP04,County Commission,C,1,DEM,Steven VAN WAGONER,12
Weber,CNP04,County Commission,C,1,LBT,Brian K ROWLEY,0
Weber,CNP04,County Assessor,,1,REP,John E. ULIBARRI,31
Weber,CNP04,County Recorder/Surveyor,,1,REP,Bahy RAHIMZADEGAN,28
Weber,CNP04,County Treasurer,,1,REP,Lynelle JENSEN,30
Weber,CNP04,Retain Supreme Court Justice-Matthew B. DURRANT,,1,,Yes,29
Weber,CNP04,Retain Supreme Court Justice-Matthew B. DURRANT,,1,,No,4
Weber,CNP04,Retain Appeals Court Judge-Ryan D. TENNEY,,1,,Yes,25
Weber,CNP04,Retain Appeals Court Judge-Ryan D. TENNEY,,1,,No,7
Weber,CNP04,Retain 2nd District Circuit Court Judge-Joseph M. BEAN,,1,,Yes,24
Weber,CNP04,Retain 2nd District Circuit Court Judge-Joseph M. BEAN,,1,,No,9
Weber,CNP04,Retain 2nd District Circuit Court Judge-Ronald G. RUSSELL,,1,,Yes,25
Weber,CNP04,Retain 2nd District Circuit Court Judge-Ronald G. RUSSELL,,1,,No,7
Weber,CNP04,Retain 2nd District Circuit Court Judge-Christina Patricia ORTEGA,,1,,Yes,24
Weber,CNP04,Retain 2nd District Circuit Court Judge-Christina Patricia ORTEGA,,1,,No,8
Weber,CNP04,Retain 2nd District Circuit Court Judge-Craig HALL,,1,,Yes,23
Weber,CNP04,Retain 2nd District Circuit Court Judge-Craig HALL,,1,,No,9
Weber,CNP04,Retain 2nd District Circuit Court Judge-Michael Drio DIREDA,,1,,Yes,24
Weber,CNP04,Retain 2nd District Circuit Court Judge-Michael Drio DIREDA,,1,,No,8
Weber,CNP04,Retain 2nd District Juvenile Circuit Court Judge-Tasha WILLIAMS,,1,,Yes,24
Weber,CNP04,Retain 2nd District Juvenile Circuit Court Judge-Tasha WILLIAMS,,1,,No,7
Weber,CNP04,Constitutional Amendment B,,1,,For,25
Weber,CNP04,Constitutional Amendment B,,1,,Against,14
Weber,CNP04,Constitutional Amendment C,,1,,For,29
Weber,CNP04,Constitutional Amendment C,,1,,Against,12
Weber,CNP04,Proposition 19,,1,,Yes,24
Weber,CNP04,Proposition 19,,1,,No,19
Weber,CNP05 Suppressed,Registered Voters,,,,,16
Weber,CNP05 Suppressed,Ballots Cast,,,,,9
Weber,CNP05 Suppressed,President,,1,REP,Donald J. TRUMP/ JD VANCE,
Weber,CNP05 Suppressed,President,,1,,Cornel Ronald WEST / Melina ABDULLAH,
Weber,CNP05 Suppressed,President,,1,,"Lucifer ""JUSTIN CASE"" EVERYLOVE",
Weber,CNP05 Suppressed,President,,1,CON,Joel SKOUSEN / Rik COMBS,
Weber,CNP05 Suppressed,President,,1,GRN,Jill STEIN / Rudolph WARE,
Weber,CNP05 Suppressed,President,,1,LBT,Chase OLIVER / Mike ter MAAT,
Weber,CNP05 Suppressed,President,,1,DEM,Kamala D. HARRIS / Tim WALZ,
Weber,CNP05 Suppressed,President,,1,,Claudia de la CRUZ / Karina Alexandra GARCIA,
Weber,CNP05 Suppressed,President,,1,,Write-In Totals,
Weber,CNP05 Suppressed,U.S. Senate,,1,REP,John CURTIS,
Weber,CNP05 Suppressed,U.S. Senate,,1,IAP,Carleton E. BOWEN,
Weber,CNP05 Suppressed,U.S. Senate,,1,DEM,Caroline GLEICH,
Weber,CNP05 Suppressed,U.S. Senate,,1,,Write-In Totals,
Weber,CNP05 Suppressed,U.S. House,1,1,REP,Blake D. MOORE,
Weber,CNP05 Suppressed,U.S. House,1,1,DEM,Bill CAMPBELL,
Weber,CNP05 Suppressed,U.S. House,1,1,LBT,Daniel R. COTTAM,
Weber,CNP05 Suppressed,Governor,,1,REP,Spencer J. COX / Deidre M. HENDERSON,
Weber,CNP05 Suppressed,Governor,,1,IAP,Tommy WILLIAMS / Archie A. WILLIAMS III,
Weber,CNP05 Suppressed,Governor,,1,DEM,Brian SMITH KING / Rebekah CUMMINGS,
Weber,CNP05 Suppressed,Governor,,1,LBT,J. Robert LATHAM / Barry Evan SHORT,
Weber,CNP05 Suppressed,Governor,,1,,Tom TOMENY / William LANSING TAYLOR,
Weber,CNP05 Suppressed,Governor,,1,,Write-In Totals,
Weber,CNP05 Suppressed,Attorney General,,1,REP,Derek BROWN,
Weber,CNP05 Suppressed,Attorney General,,1,DEM,Rudy J BAUTISTA,
Weber,CNP05 Suppressed,Attorney General,,1,LBT,W. Andrew McCULLOUGH,
Weber,CNP05 Suppressed,Attorney General,,1,UUP,Michelle QUIST,
Weber,CNP05 Suppressed,Attorney General,,1,,Austin HEPWORTH,
Weber,CNP05 Suppressed,State Auditor,,1,REP,Tina CANNON,
Weber,CNP05 Suppressed,State Auditor,,1,CON,Jeffery L. OSTLER,
Weber,CNP05 Suppressed,State Auditor,,1,DEM,Catherine VOUTAZ,
Weber,CNP05 Suppressed,State Treasurer,,1,REP,Marlo M. OAKS,
Weber,CNP05 Suppressed,State Treasurer,,1,DEM,Neil A HANSEN,
Weber,CNP05 Suppressed,State Treasurer,,1,UFP,Miles POMEROY,
Weber,CNP05 Suppressed,State Senate,3,1,REP,John D. JOHNSON,
Weber,CNP05 Suppressed,State Senate,3,1,DEM,Stacy BERNAL,
Weber,CNP05 Suppressed,State House,7,1,REP,Ryan D. WILCOX,
Weber,CNP05 Suppressed,County Commission,C,1,REP,Jim HARVEY,
Weber,CNP05 Suppressed,County Commission,C,1,LBT,Brian K ROWLEY,
Weber,CNP05 Suppressed,County Commission,C,1,DEM,Steven VAN WAGONER,
Weber,CNP05 Suppressed,County Assessor,,1,REP,John E. ULIBARRI,
Weber,CNP05 Suppressed,County Recorder/Surveyor,,1,REP,Bahy RAHIMZADEGAN,
Weber,CNP05 Suppressed,County Treasurer,,1,REP,Lynelle JENSEN,
Weber,CNP05 Suppressed,Retain Supreme Court Justice-Matthew B. DURRANT,,1,,Yes,
Weber,CNP05 Suppressed,Retain Supreme Court Justice-Matthew B. DURRANT,,1,,No,
Weber,CNP05 Suppressed,Retain Appeals Court Judge-Ryan D. TENNEY,,1,,Yes,
Weber,CNP05 Suppressed,Retain Appeals Court Judge-Ryan D. TENNEY,,1,,No,
Weber,CNP05 Suppressed,Retain 2nd District Circuit Court Judge-Joseph M. BEAN,,1,,Yes,
Weber,CNP05 Suppressed,Retain 2nd District Circuit Court Judge-Joseph M. BEAN,,1,,No,
Weber,CNP05 Suppressed,Retain 2nd District Circuit Court Judge-Ronald G. RUSSELL,,1,,Yes,
Weber,CNP05 Suppressed,Retain 2nd District Circuit Court Judge-Ronald G. RUSSELL,,1,,No,
Weber,CNP05 Suppressed,Retain 2nd District Circuit Court Judge-Christina Patricia ORTEGA,,1,,Yes,
Weber,CNP05 Suppressed,Retain 2nd District Circuit Court Judge-Christina Patricia ORTEGA,,1,,No,
Weber,CNP05 Suppressed,Retain 2nd District Circuit Court Judge-Craig HALL,,1,,Yes,
Weber,CNP05 Suppressed,Retain 2nd District Circuit Court Judge-Craig HALL,,1,,No,
Weber,CNP05 Suppressed,Retain 2nd District Circuit Court Judge-Michael Drio DIREDA,,1,,Yes,
Weber,CNP05 Suppressed,Retain 2nd District Circuit Court Judge-Michael Drio DIREDA,,1,,No,
Weber,CNP05 Suppressed,Retain 2nd District Juvenile Circuit Court Judge-Tasha WILLIAMS,,1,,Yes,
Weber,CNP05 Suppressed,Retain 2nd District Juvenile Circuit Court Judge-Tasha WILLIAMS,,1,,No,
Weber,CNP05 Suppressed,Constitutional Amendment B,,1,,For,
Weber,CNP05 Suppressed,Constitutional Amendment B,,1,,Against,
Weber,CNP05 Suppressed,Constitutional Amendment C,,1,,For,
Weber,CNP05 Suppressed,Constitutional Amendment C,,1,,Against,
Weber,CNP05 Suppressed,Proposition 19,,1,,Yes,
Weber,CNP05 Suppressed,Proposition 19,,1,,No,
Weber,COV01 Suppressed,Registered Voters,,,,,10
Weber,COV01 Suppressed,Ballots Cast,,,,,12
Weber,COV01 Suppressed,President,,1,REP,Donald J. TRUMP/ JD VANCE,
Weber,COV01 Suppressed,President,,1,DEM,Kamala D. HARRIS / Tim WALZ,
Weber,COV01 Suppressed,President,,1,LBT,Chase OLIVER / Mike ter MAAT,
Weber,COV01 Suppressed,President,,1,,Cornel Ronald WEST / Melina ABDULLAH,
Weber,COV01 Suppressed,President,,1,,"Lucifer ""JUSTIN CASE"" EVERYLOVE",
Weber,COV01 Suppressed,President,,1,CON,Joel SKOUSEN / Rik COMBS,
Weber,COV01 Suppressed,President,,1,GRN,Jill STEIN / Rudolph WARE,
Weber,COV01 Suppressed,President,,1,,Claudia de la CRUZ / Karina Alexandra GARCIA,
Weber,COV01 Suppressed,President,,1,,Write-In Totals,
Weber,COV01 Suppressed,U.S. Senate,,1,REP,John CURTIS,
Weber,COV01 Suppressed,U.S. Senate,,1,DEM,Caroline GLEICH,
Weber,COV01 Suppressed,U.S. Senate,,1,IAP,Carleton E. BOWEN,
Weber,COV01 Suppressed,U.S. Senate,,1,,Write-In Totals,
Weber,COV01 Suppressed,U.S. House,1,1,REP,Blake D. MOORE,
Weber,COV01 Suppressed,U.S. House,1,1,DEM,Bill CAMPBELL,
Weber,COV01 Suppressed,U.S. House,1,1,LBT,Daniel R. COTTAM,
Weber,COV01 Suppressed,Governor,,1,REP,Spencer J. COX / Deidre M. HENDERSON,
Weber,COV01 Suppressed,Governor,,1,DEM,Brian SMITH KING / Rebekah CUMMINGS,
Weber,COV01 Suppressed,Governor,,1,LBT,J. Robert LATHAM / Barry Evan SHORT,
Weber,COV01 Suppressed,Governor,,1,IAP,Tommy WILLIAMS / Archie A. WILLIAMS III,
Weber,COV01 Suppressed,Governor,,1,,Tom TOMENY / William LANSING TAYLOR,
Weber,COV01 Suppressed,Governor,,1,,Write-In Totals,
Weber,COV01 Suppressed,Attorney General,,1,REP,Derek BROWN,
Weber,COV01 Suppressed,Attorney General,,1,DEM,Rudy J BAUTISTA,
Weber,COV01 Suppressed,Attorney General,,1,LBT,W. Andrew McCULLOUGH,
Weber,COV01 Suppressed,Attorney General,,1,,Austin HEPWORTH,
Weber,COV01 Suppressed,Attorney General,,1,UUP,Michelle QUIST,
Weber,COV01 Suppressed,State Auditor,,1,REP,Tina CANNON,
Weber,COV01 Suppressed,State Auditor,,1,DEM,Catherine VOUTAZ,
Weber,COV01 Suppressed,State Auditor,,1,CON,Jeffery L. OSTLER,
Weber,COV01 Suppressed,State Treasurer,,1,REP,Marlo M. OAKS,
Weber,COV01 Suppressed,State Treasurer,,1,DEM,Neil A HANSEN,
Weber,COV01 Suppressed,State Treasurer,,1,UFP,Miles POMEROY,
Weber,COV01 Suppressed,State Senate,3,1,REP,John D. JOHNSON,
Weber,COV01 Suppressed,State Senate,3,1,DEM,Stacy BERNAL,
Weber,COV01 Suppressed,State House,8,1,REP,Jason B KYLE,
Weber,COV01 Suppressed,County Commission,C,1,REP,Jim HARVEY,
Weber,COV01 Suppressed,County Commission,C,1,DEM,Steven VAN WAGONER,
Weber,COV01 Suppressed,County Commission,C,1,LBT,Brian K ROWLEY,
Weber,COV01 Suppressed,County Assessor,,1,REP,John E. ULIBARRI,
Weber,COV01 Suppressed,County Recorder/Surveyor,,1,REP,Bahy RAHIMZADEGAN,
Weber,COV01 Suppressed,County Treasurer,,1,REP,Lynelle JENSEN,
Weber,COV01 Suppressed,Retain Supreme Court Justice-Matthew B. DURRANT,,1,,Yes,
Weber,COV01 Suppressed,Retain Supreme Court Justice-Matthew B. DURRANT,,1,,No,
Weber,COV01 Suppressed,Retain Appeals Court Judge-Ryan D. TENNEY,,1,,Yes,
Weber,COV01 Suppressed,Retain Appeals Court Judge-Ryan D. TENNEY,,1,,No,
Weber,COV01 Suppressed,Retain 2nd District Circuit Court Judge-Joseph M. BEAN,,1,,Yes,
Weber,COV01 Suppressed,Retain 2nd District Circuit Court Judge-Joseph M. BEAN,,1,,No,
Weber,COV01 Suppressed,Retain 2nd District Circuit Court Judge-Ronald G. RUSSELL,,1,,Yes,
Weber,COV01 Suppressed,Retain 2nd District Circuit Court Judge-Ronald G. RUSSELL,,1,,No,
Weber,COV01 Suppressed,Retain 2nd District Circuit Court Judge-Christina Patricia ORTEGA,,1,,Yes,
Weber,COV01 Suppressed,Retain 2nd District Circuit Court Judge-Christina Patricia ORTEGA,,1,,No,
Weber,COV01 Suppressed,Retain 2nd District Circuit Court Judge-Craig HALL,,1,,Yes,
Weber,COV01 Suppressed,Retain 2nd District Circuit Court Judge-Craig HALL,,1,,No,
Weber,COV01 Suppressed,Retain 2nd District Circuit Court Judge-Michael Drio DIREDA,,1,,Yes,
Weber,COV01 Suppressed,Retain 2nd District Circuit Court Judge-Michael Drio DIREDA,,1,,No,
Weber,COV01 Suppressed,Retain 2nd District Juvenile Circuit Court Judge-Tasha WILLIAMS,,1,,Yes,
Weber,COV01 Suppressed,Retain 2nd District Juvenile Circuit Court Judge-Tasha WILLIAMS,,1,,No,
Weber,COV01 Suppressed,Constitutional Amendment B,,1,,For,
Weber,COV01 Suppressed,Constitutional Amendment B,,1,,Against,
Weber,COV01 Suppressed,Constitutional Amendment C,,1,,For,
Weber,COV01 Suppressed,Constitutional Amendment C,,1,,Against,
Weber,COV01 Suppressed,Proposition 19,,1,,Yes,
Weber,COV01 Suppressed,Proposition 19,,1,,No,
Weber,COV01:X,Registered Voters,,,,,984
Weber,COV01:X,Ballots Cast,,,,,891
Weber,COV01:X,President,,1,REP,Donald J. TRUMP/ JD VANCE,572
Weber,COV01:X,President,,1,DEM,Kamala D. HARRIS / Tim WALZ,276
Weber,COV01:X,President,,1,LBT,Chase OLIVER / Mike ter MAAT,9
Weber,COV01:X,President,,1,CON,Joel SKOUSEN / Rik COMBS,3
Weber,COV01:X,President,,1,,"Lucifer ""JUSTIN CASE"" EVERYLOVE",2
Weber,COV01:X,President,,1,GRN,Jill STEIN / Rudolph WARE,1
Weber,COV01:X,President,,1,,Cornel Ronald WEST / Melina ABDULLAH,0
Weber,COV01:X,President,,1,,Claudia de la CRUZ / Karina Alexandra GARCIA,0
Weber,COV01:X,President,,1,,Write-In Totals,23
Weber,COV01:X,U.S. Senate,,1,REP,John CURTIS,579
Weber,COV01:X,U.S. Senate,,1,DEM,Caroline GLEICH,243
Weber,COV01:X,U.S. Senate,,1,IAP,Carleton E. BOWEN,35
Weber,COV01:X,U.S. Senate,,1,,Write-In Totals,5
Weber,COV01:X,U.S. House,1,1,REP,Blake D. MOORE,580
Weber,COV01:X,U.S. House,1,1,DEM,Bill CAMPBELL,240
Weber,COV01:X,U.S. House,1,1,LBT,Daniel R. COTTAM,28
Weber,COV01:X,Governor,,1,REP,Spencer J. COX / Deidre M. HENDERSON,495
Weber,COV01:X,Governor,,1,DEM,Brian SMITH KING / Rebekah CUMMINGS,189
Weber,COV01:X,Governor,,1,LBT,J. Robert LATHAM / Barry Evan SHORT,31
Weber,COV01:X,Governor,,1,IAP,Tommy WILLIAMS / Archie A. WILLIAMS III,18
Weber,COV01:X,Governor,,1,,Tom TOMENY / William LANSING TAYLOR,3
Weber,COV01:X,Governor,,1,,Write-In Totals,123
Weber,COV01:X,Attorney General,,1,REP,Derek BROWN,524
Weber,COV01:X,Attorney General,,1,DEM,Rudy J BAUTISTA,207
Weber,COV01:X,Attorney General,,1,UUP,Michelle QUIST,46
Weber,COV01:X,Attorney General,,1,LBT,W. Andrew McCULLOUGH,31
Weber,COV01:X,Attorney General,,1,,Austin HEPWORTH,25
Weber,COV01:X,State Auditor,,1,REP,Tina CANNON,575
Weber,COV01:X,State Auditor,,1,DEM,Catherine VOUTAZ,203
Weber,COV01:X,State Auditor,,1,CON,Jeffery L. OSTLER,34
Weber,COV01:X,State Treasurer,,1,REP,Marlo M. OAKS,567
Weber,COV01:X,State Treasurer,,1,DEM,Neil A HANSEN,201
Weber,COV01:X,State Treasurer,,1,UFP,Miles POMEROY,42
Weber,COV01:X,State Senate,3,1,REP,John D. JOHNSON,567
Weber,COV01:X,State Senate,3,1,DEM,Stacy BERNAL,274
Weber,COV01:X,State House,8,1,REP,Jason B KYLE,608
Weber,COV01:X,County Commission,C,1,REP,Jim HARVEY,431
Weber,COV01:X,County Commission,C,1,DEM,Steven VAN WAGONER,323
Weber,COV01:X,County Commission,C,1,LBT,Brian K ROWLEY,75
Weber,COV01:X,County Assessor,,1,REP,John E. ULIBARRI,643
Weber,COV01:X,County Recorder/Surveyor,,1,REP,Bahy RAHIMZADEGAN,626
Weber,COV01:X,County Treasurer,,1,REP,Lynelle JENSEN,642
Weber,COV01:X,Retain Supreme Court Justice-Matthew B. DURRANT,,1,,Yes,534
Weber,COV01:X,Retain Supreme Court Justice-Matthew B. DURRANT,,1,,No,139
Weber,COV01:X,Retain Appeals Court Judge-Ryan D. TENNEY,,1,,Yes,522
Weber,COV01:X,Retain Appeals Court Judge-Ryan D. TENNEY,,1,,No,142
Weber,COV01:X,Retain 2nd District Circuit Court Judge-Joseph M. BEAN,,1,,Yes,514
Weber,COV01:X,Retain 2nd District Circuit Court Judge-Joseph M. BEAN,,1,,No,150
Weber,COV01:X,Retain 2nd District Circuit Court Judge-Ronald G. RUSSELL,,1,,Yes,532
Weber,COV01:X,Retain 2nd District Circuit Court Judge-Ronald G. RUSSELL,,1,,No,132
Weber,COV01:X,Retain 2nd District Circuit Court Judge-Christina Patricia ORTEGA,,1,,Yes,516
Weber,COV01:X,Retain 2nd District Circuit Court Judge-Christina Patricia ORTEGA,,1,,No,152
Weber,COV01:X,Retain 2nd District Circuit Court Judge-Craig HALL,,1,,Yes,514
Weber,COV01:X,Retain 2nd District Circuit Court Judge-Craig HALL,,1,,No,146
Weber,COV01:X,Retain 2nd District Circuit Court Judge-Michael Drio DIREDA,,1,,Yes,
Weber,COV01:X,Retain 2nd District Circuit Court Judge-Michael Drio DIREDA,,1,,No,
Weber,COV01:X,Retain 2nd District Juvenile Circuit Court Judge-Tasha WILLIAMS,,1,,Yes,
Weber,COV01:X,Retain 2nd District Juvenile Circuit Court Judge-Tasha WILLIAMS,,1,,No,
Weber,COV01:X,Constitutional Amendment B,,1,,For,
Weber,COV01:X,Constitutional Amendment B,,1,,Against,
Weber,COV01:X,Constitutional Amendment C,,1,,For,
Weber,COV01:X,Constitutional Amendment C,,1,,Against,
Weber,COV01:X,Proposition 19,,1,,Yes,
Weber,COV01:X,Proposition 19,,1,,No,
Weber,COV01:X,Ogden Valley City,,1,,Yes,
Weber,COV01:X,Ogden Valley City,,1,,No,
Weber,COV01:X,City Council Question,,1,,Yes,745
Weber,COV01:X,City Council Question,,1,,No,92
Weber,COV02,Registered Voters,,,,,947
Weber,COV02,Ballots Cast,,,,,884
Weber,COV02,President,,1,REP,Donald J. TRUMP/ JD VANCE,455
Weber,COV02,President,,1,DEM,Kamala D. HARRIS / Tim WALZ,386
Weber,COV02,President,,1,GRN,Jill STEIN / Rudolph WARE,10
Weber,COV02,President,,1,LBT,Chase OLIVER / Mike ter MAAT,9
Weber,COV02,President,,1,CON,Joel SKOUSEN / Rik COMBS,4
Weber,COV02,President,,1,,"Lucifer ""JUSTIN CASE"" EVERYLOVE",3
Weber,COV02,President,,1,,Cornel Ronald WEST / Melina ABDULLAH,0
Weber,COV02,President,,1,,Claudia de la CRUZ / Karina Alexandra GARCIA,0
Weber,COV02,President,,1,,Write-In Totals,10
Weber,COV02,U.S. Senate,,1,REP,John CURTIS,480
Weber,COV02,U.S. Senate,,1,DEM,Caroline GLEICH,333
Weber,COV02,U.S. Senate,,1,IAP,Carleton E. BOWEN,29
Weber,COV02,U.S. Senate,,1,,Write-In Totals,1
Weber,COV02,U.S. House,1,1,REP,Blake D. MOORE,487
Weber,COV02,U.S. House,1,1,DEM,Bill CAMPBELL,307
Weber,COV02,U.S. House,1,1,LBT,Daniel R. COTTAM,30
Weber,COV02,Governor,,1,REP,Spencer J. COX / Deidre M. HENDERSON,452
Weber,COV02,Governor,,1,DEM,Brian SMITH KING / Rebekah CUMMINGS,287
Weber,COV02,Governor,,1,IAP,Tommy WILLIAMS / Archie A. WILLIAMS III,18
Weber,COV02,Governor,,1,LBT,J. Robert LATHAM / Barry Evan SHORT,17
Weber,COV02,Governor,,1,,Tom TOMENY / William LANSING TAYLOR,0
Weber,COV02,Governor,,1,,Write-In Totals,81
Weber,COV02,Attorney General,,1,REP,Derek BROWN,434
Weber,COV02,Attorney General,,1,DEM,Rudy J BAUTISTA,302
Weber,COV02,Attorney General,,1,UUP,Michelle QUIST,46
Weber,COV02,Attorney General,,1,LBT,W. Andrew McCULLOUGH,28
Weber,COV02,Attorney General,,1,,Austin HEPWORTH,21
Weber,COV02,State Auditor,,1,REP,Tina CANNON,468
Weber,COV02,State Auditor,,1,DEM,Catherine VOUTAZ,318
Weber,COV02,State Auditor,,1,CON,Jeffery L. OSTLER,30
Weber,COV02,State Treasurer,,1,REP,Marlo M. OAKS,472
Weber,COV02,State Treasurer,,1,DEM,Neil A HANSEN,307
Weber,COV02,State Treasurer,,1,UFP,Miles POMEROY,28
Weber,COV02,State Senate,3,1,REP,John D. JOHNSON,450
Weber,COV02,State Senate,3,1,DEM,Stacy BERNAL,375
Weber,COV02,State House,8,1,REP,Jason B KYLE,537
Weber,COV02,County Commission,C,1,DEM,Steven VAN WAGONER,410
Weber,COV02,County Commission,C,1,REP,Jim HARVEY,339
Weber,COV02,County Commission,C,1,LBT,Brian K ROWLEY,79
Weber,COV02,County Assessor,,1,REP,John E. ULIBARRI,583
Weber,COV02,County Recorder/Surveyor,,1,REP,Bahy RAHIMZADEGAN,574
Weber,COV02,County Treasurer,,1,REP,Lynelle JENSEN,579
Weber,COV02,Retain Supreme Court Justice-Matthew B. DURRANT,,1,,Yes,484
Weber,COV02,Retain Supreme Court Justice-Matthew B. DURRANT,,1,,No,145
Weber,COV02,Retain Appeals Court Judge-Ryan D. TENNEY,,1,,Yes,488
Weber,COV02,Retain Appeals Court Judge-Ryan D. TENNEY,,1,,No,124
Weber,COV02,Retain 2nd District Circuit Court Judge-Joseph M. BEAN,,1,,Yes,462
Weber,COV02,Retain 2nd District Circuit Court Judge-Joseph M. BEAN,,1,,No,149
Weber,COV02,Retain 2nd District Circuit Court Judge-Ronald G. RUSSELL,,1,,Yes,481
Weber,COV02,Retain 2nd District Circuit Court Judge-Ronald G. RUSSELL,,1,,No,127
Weber,COV02,Retain 2nd District Circuit Court Judge-Christina Patricia ORTEGA,,1,,Yes,463
Weber,COV02,Retain 2nd District Circuit Court Judge-Christina Patricia ORTEGA,,1,,No,150
Weber,COV02,Retain 2nd District Circuit Court Judge-Craig HALL,,1,,Yes,447
Weber,COV02,Retain 2nd District Circuit Court Judge-Craig HALL,,1,,No,154
Weber,COV02,Retain 2nd District Circuit Court Judge-Michael Drio DIREDA,,1,,Yes,
Weber,COV02,Retain 2nd District Circuit Court Judge-Michael Drio DIREDA,,1,,No,
Weber,COV02,Retain 2nd District Juvenile Circuit Court Judge-Tasha WILLIAMS,,1,,Yes,
Weber,COV02,Retain 2nd District Juvenile Circuit Court Judge-Tasha WILLIAMS,,1,,No,
Weber,COV02,Constitutional Amendment B,,1,,For,
Weber,COV02,Constitutional Amendment B,,1,,Against,
Weber,COV02,Constitutional Amendment C,,1,,For,
Weber,COV02,Constitutional Amendment C,,1,,Against,
Weber,COV02,Proposition 19,,1,,Yes,
Weber,COV02,Proposition 19,,1,,No,
Weber,COV02,Ogden Valley City,,1,,Yes,
Weber,COV02,Ogden Valley City,,1,,No,
Weber,COV02,City Council Question,,1,,Yes,765
Weber,COV02,City Council Question,,1,,No,63
Weber,COV03,Registered Voters,,,,,0
Weber,COV03,Ballots Cast,,,,,0
Weber,COV03,President,,1,,Cornel Ronald WEST / Melina ABDULLAH,0
Weber,COV03,President,,1,,"Lucifer ""JUSTIN CASE"" EVERYLOVE",0
Weber,COV03,President,,1,CON,Joel SKOUSEN / Rik COMBS,0
Weber,COV03,President,,1,GRN,Jill STEIN / Rudolph WARE,0
Weber,COV03,President,,1,REP,Donald J. TRUMP/ JD VANCE,0
Weber,COV03,President,,1,LBT,Chase OLIVER / Mike ter MAAT,0
Weber,COV03,President,,1,DEM,Kamala D. HARRIS / Tim WALZ,0
Weber,COV03,President,,1,,Claudia de la CRUZ / Karina Alexandra GARCIA,0
Weber,COV03,President,,1,,Write-In Totals,0
Weber,COV03,U.S. Senate,,1,IAP,Carleton E. BOWEN,0
Weber,COV03,U.S. Senate,,1,REP,John CURTIS,0
Weber,COV03,U.S. Senate,,1,DEM,Caroline GLEICH,0
Weber,COV03,U.S. Senate,,1,,Write-In Totals,0
Weber,COV03,U.S. House,1,1,DEM,Bill CAMPBELL,0
Weber,COV03,U.S. House,1,1,LBT,Daniel R. COTTAM,0
Weber,COV03,U.S. House,1,1,REP,Blake D. MOORE,0
Weber,COV03,Governor,,1,REP,Spencer J. COX / Deidre M. HENDERSON,0
Weber,COV03,Governor,,1,IAP,Tommy WILLIAMS / Archie A. WILLIAMS III,0
Weber,COV03,Governor,,1,DEM,Brian SMITH KING / Rebekah CUMMINGS,0
Weber,COV03,Governor,,1,LBT,J. Robert LATHAM / Barry Evan SHORT,0
Weber,COV03,Governor,,1,,Tom TOMENY / William LANSING TAYLOR,0
Weber,COV03,Governor,,1,,Write-In Totals,0
Weber,COV03,Attorney General,,1,REP,Derek BROWN,0
Weber,COV03,Attorney General,,1,DEM,Rudy J BAUTISTA,0
Weber,COV03,Attorney General,,1,LBT,W. Andrew McCULLOUGH,0
Weber,COV03,Attorney General,,1,,Austin HEPWORTH,0
Weber,COV03,Attorney General,,1,UUP,Michelle QUIST,0
Weber,COV03,State Auditor,,1,REP,Tina CANNON,0
Weber,COV03,State Auditor,,1,CON,Jeffery L. OSTLER,0
Weber,COV03,State Auditor,,1,DEM,Catherine VOUTAZ,0
Weber,COV03,State Treasurer,,1,UFP,Miles POMEROY,0
Weber,COV03,State Treasurer,,1,REP,Marlo M. OAKS,0
Weber,COV03,State Treasurer,,1,DEM,Neil A HANSEN,0
Weber,COV03,State Senate,3,1,DEM,Stacy BERNAL,0
Weber,COV03,State Senate,3,1,REP,John D. JOHNSON,0
Weber,COV03,State House,8,1,REP,Jason B KYLE,0
Weber,COV03,County Commission,C,1,LBT,Brian K ROWLEY,0
Weber,COV03,County Commission,C,1,DEM,Steven VAN WAGONER,0
Weber,COV03,County Commission,C,1,REP,Jim HARVEY,0
Weber,COV03,County Assessor,,1,REP,John E. ULIBARRI,0
Weber,COV03,County Recorder/Surveyor,,1,REP,Bahy RAHIMZADEGAN,0
Weber,COV03,County Treasurer,,1,REP,Lynelle JENSEN,0
Weber,COV03,Retain Supreme Court Justice-Matthew B. DURRANT,,1,,Yes,0
Weber,COV03,Retain Supreme Court Justice-Matthew B. DURRANT,,1,,No,0
Weber,COV03,Retain Appeals Court Judge-Ryan D. TENNEY,,1,,Yes,0
Weber,COV03,Retain Appeals Court Judge-Ryan D. TENNEY,,1,,No,0
Weber,COV03,Retain 2nd District Circuit Court Judge-Joseph M. BEAN,,1,,Yes,0
Weber,COV03,Retain 2nd District Circuit Court Judge-Joseph M. BEAN,,1,,No,0
Weber,COV03,Retain 2nd District Circuit Court Judge-Ronald G. RUSSELL,,1,,Yes,0
Weber,COV03,Retain 2nd District Circuit Court Judge-Ronald G. RUSSELL,,1,,No,0
Weber,COV03,Retain 2nd District Circuit Court Judge-Christina Patricia ORTEGA,,1,,Yes,0
Weber,COV03,Retain 2nd District Circuit Court Judge-Christina Patricia ORTEGA,,1,,No,0
Weber,COV03,Retain 2nd District Circuit Court Judge-Craig HALL,,1,,Yes,0
Weber,COV03,Retain 2nd District Circuit Court Judge-Craig HALL,,1,,No,0
Weber,COV03,Retain 2nd District Circuit Court Judge-Michael Drio DIREDA,,1,,Yes,0
Weber,COV03,Retain 2nd District Circuit Court Judge-Michael Drio DIREDA,,1,,No,0
Weber,COV03,Retain 2nd District Juvenile Circuit Court Judge-Tasha WILLIAMS,,1,,Yes,0
Weber,COV03,Retain 2nd District Juvenile Circuit Court Judge-Tasha WILLIAMS,,1,,No,0
Weber,COV03,Constitutional Amendment B,,1,,For,0
Weber,COV03,Constitutional Amendment B,,1,,Against,0
Weber,COV03,Constitutional Amendment C,,1,,For,0
Weber,COV03,Constitutional Amendment C,,1,,Against,0
Weber,COV03,Proposition 19,,1,,Yes,0
Weber,COV03,Proposition 19,,1,,No,0
Weber,COV03:X,Registered Voters,,,,,946
Weber,COV03:X,Ballots Cast,,,,,883
Weber,COV03:X,President,,1,REP,Donald J. TRUMP/ JD VANCE,554
Weber,COV03:X,President,,1,DEM,Kamala D. HARRIS / Tim WALZ,280
Weber,COV03:X,President,,1,LBT,Chase OLIVER / Mike ter MAAT,11
Weber,COV03:X,President,,1,GRN,Jill STEIN / Rudolph WARE,7
Weber,COV03:X,President,,1,,Cornel Ronald WEST / Melina ABDULLAH,5
Weber,COV03:X,President,,1,CON,Joel SKOUSEN / Rik COMBS,2
Weber,COV03:X,President,,1,,Claudia de la CRUZ / Karina Alexandra GARCIA,1
Weber,COV03:X,President,,1,,"Lucifer ""JUSTIN CASE"" EVERYLOVE",0
Weber,COV03:X,President,,1,,Write-In Totals,13
Weber,COV03:X,U.S. Senate,,1,REP,John CURTIS,571
Weber,COV03:X,U.S. Senate,,1,DEM,Caroline GLEICH,229
Weber,COV03:X,U.S. Senate,,1,IAP,Carleton E. BOWEN,45
Weber,COV03:X,U.S. Senate,,1,,Write-In Totals,3
Weber,COV03:X,U.S. House,1,1,REP,Blake D. MOORE,579
Weber,COV03:X,U.S. House,1,1,DEM,Bill CAMPBELL,216
Weber,COV03:X,U.S. House,1,1,LBT,Daniel R. COTTAM,30
Weber,COV03:X,Governor,,1,REP,Spencer J. COX / Deidre M. HENDERSON,501
Weber,COV03:X,Governor,,1,DEM,Brian SMITH KING / Rebekah CUMMINGS,195
Weber,COV03:X,Governor,,1,LBT,J. Robert LATHAM / Barry Evan SHORT,31
Weber,COV03:X,Governor,,1,IAP,Tommy WILLIAMS / Archie A. WILLIAMS III,16
Weber,COV03:X,Governor,,1,,Tom TOMENY / William LANSING TAYLOR,4
Weber,COV03:X,Governor,,1,,Write-In Totals,114
Weber,COV03:X,Attorney General,,1,REP,Derek BROWN,523
Weber,COV03:X,Attorney General,,1,DEM,Rudy J BAUTISTA,203
Weber,COV03:X,Attorney General,,1,UUP,Michelle QUIST,47
Weber,COV03:X,Attorney General,,1,LBT,W. Andrew McCULLOUGH,39
Weber,COV03:X,Attorney General,,1,,Austin HEPWORTH,28
Weber,COV03:X,State Auditor,,1,REP,Tina CANNON,569
Weber,COV03:X,State Auditor,,1,DEM,Catherine VOUTAZ,212
Weber,COV03:X,State Auditor,,1,CON,Jeffery L. OSTLER,41
Weber,COV03:X,State Treasurer,,1,REP,Marlo M. OAKS,573
Weber,COV03:X,State Treasurer,,1,DEM,Neil A HANSEN,214
Weber,COV03:X,State Treasurer,,1,UFP,Miles POMEROY,31
Weber,COV03:X,State Senate,3,1,REP,John D. JOHNSON,570
Weber,COV03:X,State Senate,3,1,DEM,Stacy BERNAL,261
Weber,COV03:X,State House,8,1,REP,Jason B KYLE,614
Weber,COV03:X,County Commission,C,1,REP,Jim HARVEY,394
Weber,COV03:X,County Commission,C,1,DEM,Steven VAN WAGONER,352
Weber,COV03:X,County Commission,C,1,LBT,Brian K ROWLEY,87
Weber,COV03:X,County Assessor,,1,REP,John E. ULIBARRI,662
Weber,COV03:X,County Recorder/Surveyor,,1,REP,Bahy RAHIMZADEGAN,649
Weber,COV03:X,County Treasurer,,1,REP,Lynelle JENSEN,659
Weber,COV03:X,Retain Supreme Court Justice-Matthew B. DURRANT,,1,,Yes,538
Weber,COV03:X,Retain Supreme Court Justice-Matthew B. DURRANT,,1,,No,148
Weber,COV03:X,Retain Appeals Court Judge-Ryan D. TENNEY,,1,,Yes,530
Weber,COV03:X,Retain Appeals Court Judge-Ryan D. TENNEY,,1,,No,147
Weber,COV03:X,Retain 2nd District Circuit Court Judge-Joseph M. BEAN,,1,,Yes,516
Weber,COV03:X,Retain 2nd District Circuit Court Judge-Joseph M. BEAN,,1,,No,173
Weber,COV03:X,Retain 2nd District Circuit Court Judge-Ronald G. RUSSELL,,1,,Yes,549
Weber,COV03:X,Retain 2nd District Circuit Court Judge-Ronald G. RUSSELL,,1,,No,134
Weber,COV03:X,Retain 2nd District Circuit Court Judge-Christina Patricia ORTEGA,,1,,Yes,513
Weber,COV03:X,Retain 2nd District Circuit Court Judge-Christina Patricia ORTEGA,,1,,No,175
Weber,COV03:X,Retain 2nd District Circuit Court Judge-Craig HALL,,1,,Yes,521
Weber,COV03:X,Retain 2nd District Circuit Court Judge-Craig HALL,,1,,No,160
Weber,COV03:X,Retain 2nd District Circuit Court Judge-Michael Drio DIREDA,,1,,Yes,
Weber,COV03:X,Retain 2nd District Circuit Court Judge-Michael Drio DIREDA,,1,,No,
Weber,COV03:X,Retain 2nd District Juvenile Circuit Court Judge-Tasha WILLIAMS,,1,,Yes,
Weber,COV03:X,Retain 2nd District Juvenile Circuit Court Judge-Tasha WILLIAMS,,1,,No,
Weber,COV03:X,Constitutional Amendment B,,1,,For,
Weber,COV03:X,Constitutional Amendment B,,1,,Against,
Weber,COV03:X,Constitutional Amendment C,,1,,For,
Weber,COV03:X,Constitutional Amendment C,,1,,Against,
Weber,COV03:X,Proposition 19,,1,,Yes,
Weber,COV03:X,Proposition 19,,1,,No,
Weber,COV03:X,Ogden Valley City,,1,,Yes,
Weber,COV03:X,Ogden Valley City,,1,,No,
Weber,COV03:X,City Council Question,,1,,Yes,772
Weber,COV03:X,City Council Question,,1,,No,59
Weber,COV04,Registered Voters,,,,,147
Weber,COV04,Ballots Cast,,,,,124
Weber,COV04,President,,1,DEM,Kamala D. HARRIS / Tim WALZ,70
Weber,COV04,President,,1,REP,Donald J. TRUMP/ JD VANCE,48
Weber,COV04,President,,1,CON,Joel SKOUSEN / Rik COMBS,2
Weber,COV04,President,,1,GRN,Jill STEIN / Rudolph WARE,2
Weber,COV04,President,,1,LBT,Chase OLIVER / Mike ter MAAT,1
Weber,COV04,President,,1,,Cornel Ronald WEST / Melina ABDULLAH,0
Weber,COV04,President,,1,,"Lucifer ""JUSTIN CASE"" EVERYLOVE",0
Weber,COV04,President,,1,,Claudia de la CRUZ / Karina Alexandra GARCIA,0
Weber,COV04,President,,1,,Write-In Totals,1
Weber,COV04,U.S. Senate,,1,DEM,Caroline GLEICH,61
Weber,COV04,U.S. Senate,,1,REP,John CURTIS,54
Weber,COV04,U.S. Senate,,1,IAP,Carleton E. BOWEN,6
Weber,COV04,U.S. Senate,,1,,Write-In Totals,1
Weber,COV04,U.S. House,1,1,DEM,Bill CAMPBELL,61
Weber,COV04,U.S. House,1,1,REP,Blake D. MOORE,45
Weber,COV04,U.S. House,1,1,LBT,Daniel R. COTTAM,10
Weber,COV04,Governor,,1,REP,Spencer J. COX / Deidre M. HENDERSON,54
Weber,COV04,Governor,,1,DEM,Brian SMITH KING / Rebekah CUMMINGS,46
Weber,COV04,Governor,,1,IAP,Tommy WILLIAMS / Archie A. WILLIAMS III,6
Weber,COV04,Governor,,1,LBT,J. Robert LATHAM / Barry Evan SHORT,1
Weber,COV04,Governor,,1,,Tom TOMENY / William LANSING TAYLOR,0
Weber,COV04,Governor,,1,,Write-In Totals,12
Weber,COV04,Attorney General,,1,REP,Derek BROWN,46
Weber,COV04,Attorney General,,1,DEM,Rudy J BAUTISTA,46
Weber,COV04,Attorney General,,1,UUP,Michelle QUIST,14
Weber,COV04,Attorney General,,1,LBT,W. Andrew McCULLOUGH,9
Weber,COV04,Attorney General,,1,,Austin HEPWORTH,0
Weber,COV04,State Auditor,,1,REP,Tina CANNON,53
Weber,COV04,State Auditor,,1,DEM,Catherine VOUTAZ,53
Weber,COV04,State Auditor,,1,CON,Jeffery L. OSTLER,7
Weber,COV04,State Treasurer,,1,REP,Marlo M. OAKS,59
Weber,COV04,State Treasurer,,1,DEM,Neil A HANSEN,49
Weber,COV04,State Treasurer,,1,UFP,Miles POMEROY,4
Weber,COV04,State Senate,3,1,DEM,Stacy BERNAL,68
Weber,COV04,State Senate,3,1,REP,John D. JOHNSON,52
Weber,COV04,State House,8,1,REP,Jason B KYLE,74
Weber,COV04,County Commission,C,1,DEM,Steven VAN WAGONER,61
Weber,COV04,County Commission,C,1,REP,Jim HARVEY,49
Weber,COV04,County Commission,C,1,LBT,Brian K ROWLEY,9
Weber,COV04,County Assessor,,1,REP,John E. ULIBARRI,83
Weber,COV04,County Recorder/Surveyor,,1,REP,Bahy RAHIMZADEGAN,82
Weber,COV04,County Treasurer,,1,REP,Lynelle JENSEN,83
Weber,COV04,Retain Supreme Court Justice-Matthew B. DURRANT,,1,,Yes,68
Weber,COV04,Retain Supreme Court Justice-Matthew B. DURRANT,,1,,No,26
Weber,COV04,Retain Appeals Court Judge-Ryan D. TENNEY,,1,,Yes,69
Weber,COV04,Retain Appeals Court Judge-Ryan D. TENNEY,,1,,No,24
Weber,COV04,Retain 2nd District Circuit Court Judge-Joseph M. BEAN,,1,,Yes,67
Weber,COV04,Retain 2nd District Circuit Court Judge-Joseph M. BEAN,,1,,No,27
Weber,COV04,Retain 2nd District Circuit Court Judge-Ronald G. RUSSELL,,1,,Yes,69
Weber,COV04,Retain 2nd District Circuit Court Judge-Ronald G. RUSSELL,,1,,No,24
Weber,COV04,Retain 2nd District Circuit Court Judge-Christina Patricia ORTEGA,,1,,Yes,71
Weber,COV04,Retain 2nd District Circuit Court Judge-Christina Patricia ORTEGA,,1,,No,24
Weber,COV04,Retain 2nd District Circuit Court Judge-Craig HALL,,1,,Yes,68
Weber,COV04,Retain 2nd District Circuit Court Judge-Craig HALL,,1,,No,24
Weber,COV04,Retain 2nd District Circuit Court Judge-Michael Drio DIREDA,,1,,Yes,74
Weber,COV04,Retain 2nd District Circuit Court Judge-Michael Drio DIREDA,,1,,No,20
Weber,COV04,Retain 2nd District Juvenile Circuit Court Judge-Tasha WILLIAMS,,1,,Yes,72
Weber,COV04,Retain 2nd District Juvenile Circuit Court Judge-Tasha WILLIAMS,,1,,No,21
Weber,COV04,Constitutional Amendment B,,1,,For,72
Weber,COV04,Constitutional Amendment B,,1,,Against,40
Weber,COV04,Constitutional Amendment C,,1,,For,99
Weber,COV04,Constitutional Amendment C,,1,,Against,14
Weber,COV04,Proposition 19,,1,,Yes,83
Weber,COV04,Proposition 19,,1,,No,35
Weber,COV04:X,Registered Voters,,,,,867
Weber,COV04:X,Ballots Cast,,,,,794
Weber,COV04:X,President,,1,REP,Donald J. TRUMP/ JD VANCE,525
Weber,COV04:X,President,,1,DEM,Kamala D. HARRIS / Tim WALZ,221
Weber,COV04:X,President,,1,LBT,Chase OLIVER / Mike ter MAAT,4
Weber,COV04:X,President,,1,,"Lucifer ""JUSTIN CASE"" EVERYLOVE",3
Weber,COV04:X,President,,1,CON,Joel SKOUSEN / Rik COMBS,2
Weber,COV04:X,President,,1,GRN,Jill STEIN / Rudolph WARE,2
Weber,COV04:X,President,,1,,Cornel Ronald WEST / Melina ABDULLAH,1
Weber,COV04:X,President,,1,,Claudia de la CRUZ / Karina Alexandra GARCIA,1
Weber,COV04:X,President,,1,,Write-In Totals,24
Weber,COV04:X,U.S. Senate,,1,REP,John CURTIS,523
Weber,COV04:X,U.S. Senate,,1,DEM,Caroline GLEICH,173
Weber,COV04:X,U.S. Senate,,1,IAP,Carleton E. BOWEN,48
Weber,COV04:X,U.S. Senate,,1,,Write-In Totals,1
Weber,COV04:X,U.S. House,1,1,REP,Blake D. MOORE,537
Weber,COV04:X,U.S. House,1,1,DEM,Bill CAMPBELL,154
Weber,COV04:X,U.S. House,1,1,LBT,Daniel R. COTTAM,35
Weber,COV04:X,Governor,,1,REP,Spencer J. COX / Deidre M. HENDERSON,463
Weber,COV04:X,Governor,,1,DEM,Brian SMITH KING / Rebekah CUMMINGS,137
Weber,COV04:X,Governor,,1,LBT,J. Robert LATHAM / Barry Evan SHORT,24
Weber,COV04:X,Governor,,1,IAP,Tommy WILLIAMS / Archie A. WILLIAMS III,13
Weber,COV04:X,Governor,,1,,Tom TOMENY / William LANSING TAYLOR,2
Weber,COV04:X,Governor,,1,,Write-In Totals,122
Weber,COV04:X,Attorney General,,1,REP,Derek BROWN,477
Weber,COV04:X,Attorney General,,1,DEM,Rudy J BAUTISTA,144
Weber,COV04:X,Attorney General,,1,,Austin HEPWORTH,39
Weber,COV04:X,Attorney General,,1,UUP,Michelle QUIST,39
Weber,COV04:X,Attorney General,,1,LBT,W. Andrew McCULLOUGH,36
Weber,COV04:X,State Auditor,,1,REP,Tina CANNON,522
Weber,COV04:X,State Auditor,,1,DEM,Catherine VOUTAZ,163
Weber,COV04:X,State Auditor,,1,CON,Jeffery L. OSTLER,37
Weber,COV04:X,State Treasurer,,1,REP,Marlo M. OAKS,527
Weber,COV04:X,State Treasurer,,1,DEM,Neil A HANSEN,160
Weber,COV04:X,State Treasurer,,1,UFP,Miles POMEROY,30
Weber,COV04:X,State Senate,3,1,REP,John D. JOHNSON,518
Weber,COV04:X,State Senate,3,1,DEM,Stacy BERNAL,214
Weber,COV04:X,State House,8,1,REP,Jason B KYLE,578
Weber,COV04:X,County Commission,C,1,DEM,Steven VAN WAGONER,343
Weber,COV04:X,County Commission,C,1,REP,Jim HARVEY,314
Weber,COV04:X,County Commission,C,1,LBT,Brian K ROWLEY,82
Weber,COV04:X,County Assessor,,1,REP,John E. ULIBARRI,603
Weber,COV04:X,County Recorder/Surveyor,,1,REP,Bahy RAHIMZADEGAN,588
Weber,COV04:X,County Treasurer,,1,REP,Lynelle JENSEN,604
Weber,COV04:X,Retain Supreme Court Justice-Matthew B. DURRANT,,1,,Yes,461
Weber,COV04:X,Retain Supreme Court Justice-Matthew B. DURRANT,,1,,No,120
Weber,COV04:X,Retain Appeals Court Judge-Ryan D. TENNEY,,1,,Yes,454
Weber,COV04:X,Retain Appeals Court Judge-Ryan D. TENNEY,,1,,No,118
Weber,COV04:X,Retain 2nd District Circuit Court Judge-Joseph M. BEAN,,1,,Yes,442
Weber,COV04:X,Retain 2nd District Circuit Court Judge-Joseph M. BEAN,,1,,No,134
Weber,COV04:X,Retain 2nd District Circuit Court Judge-Ronald G. RUSSELL,,1,,Yes,455
Weber,COV04:X,Retain 2nd District Circuit Court Judge-Ronald G. RUSSELL,,1,,No,117
Weber,COV04:X,Retain 2nd District Circuit Court Judge-Christina Patricia ORTEGA,,1,,Yes,426
Weber,COV04:X,Retain 2nd District Circuit Court Judge-Christina Patricia ORTEGA,,1,,No,153
Weber,COV04:X,Retain 2nd District Circuit Court Judge-Craig HALL,,1,,Yes,432
Weber,COV04:X,Retain 2nd District Circuit Court Judge-Craig HALL,,1,,No,140
Weber,COV04:X,Retain 2nd District Circuit Court Judge-Michael Drio DIREDA,,1,,Yes,
Weber,COV04:X,Retain 2nd District Circuit Court Judge-Michael Drio DIREDA,,1,,No,
Weber,COV04:X,Retain 2nd District Juvenile Circuit Court Judge-Tasha WILLIAMS,,1,,Yes,
Weber,COV04:X,Retain 2nd District Juvenile Circuit Court Judge-Tasha WILLIAMS,,1,,No,
Weber,COV04:X,Constitutional Amendment B,,1,,For,
Weber,COV04:X,Constitutional Amendment B,,1,,Against,
Weber,COV04:X,Constitutional Amendment C,,1,,For,
Weber,COV04:X,Constitutional Amendment C,,1,,Against,
Weber,COV04:X,Proposition 19,,1,,Yes,
Weber,COV04:X,Proposition 19,,1,,No,
Weber,COV04:X,Ogden Valley City,,1,,Yes,
Weber,COV04:X,Ogden Valley City,,1,,No,
Weber,COV04:X,City Council Question,,1,,Yes,663
Weber,COV04:X,City Council Question,,1,,No,71
Weber,COV05 Suppressed,Registered Voters,,,,,1
Weber,COV05 Suppressed,Ballots Cast,,,,,4
Weber,COV05 Suppressed,President,,1,REP,Donald J. TRUMP/ JD VANCE,
Weber,COV05 Suppressed,President,,1,DEM,Kamala D. HARRIS / Tim WALZ,
Weber,COV05 Suppressed,President,,1,,Cornel Ronald WEST / Melina ABDULLAH,
Weber,COV05 Suppressed,President,,1,,"Lucifer ""JUSTIN CASE"" EVERYLOVE",
Weber,COV05 Suppressed,President,,1,CON,Joel SKOUSEN / Rik COMBS,
Weber,COV05 Suppressed,President,,1,GRN,Jill STEIN / Rudolph WARE,
Weber,COV05 Suppressed,President,,1,LBT,Chase OLIVER / Mike ter MAAT,
Weber,COV05 Suppressed,President,,1,,Claudia de la CRUZ / Karina Alexandra GARCIA,
Weber,COV05 Suppressed,President,,1,,Write-In Totals,
Weber,COV05 Suppressed,U.S. Senate,,1,REP,John CURTIS,
Weber,COV05 Suppressed,U.S. Senate,,1,IAP,Carleton E. BOWEN,
Weber,COV05 Suppressed,U.S. Senate,,1,DEM,Caroline GLEICH,
Weber,COV05 Suppressed,U.S. Senate,,1,,Write-In Totals,
Weber,COV05 Suppressed,U.S. House,1,1,REP,Blake D. MOORE,
Weber,COV05 Suppressed,U.S. House,1,1,DEM,Bill CAMPBELL,
Weber,COV05 Suppressed,U.S. House,1,1,LBT,Daniel R. COTTAM,
Weber,COV05 Suppressed,Governor,,1,REP,Spencer J. COX / Deidre M. HENDERSON,
Weber,COV05 Suppressed,Governor,,1,IAP,Tommy WILLIAMS / Archie A. WILLIAMS III,
Weber,COV05 Suppressed,Governor,,1,DEM,Brian SMITH KING / Rebekah CUMMINGS,
Weber,COV05 Suppressed,Governor,,1,LBT,J. Robert LATHAM / Barry Evan SHORT,
Weber,COV05 Suppressed,Governor,,1,,Tom TOMENY / William LANSING TAYLOR,
Weber,COV05 Suppressed,Governor,,1,,Write-In Totals,
Weber,COV05 Suppressed,Attorney General,,1,REP,Derek BROWN,
Weber,COV05 Suppressed,Attorney General,,1,DEM,Rudy J BAUTISTA,
Weber,COV05 Suppressed,Attorney General,,1,LBT,W. Andrew McCULLOUGH,
Weber,COV05 Suppressed,Attorney General,,1,,Austin HEPWORTH,
Weber,COV05 Suppressed,Attorney General,,1,UUP,Michelle QUIST,
Weber,COV05 Suppressed,State Auditor,,1,REP,Tina CANNON,
Weber,COV05 Suppressed,State Auditor,,1,CON,Jeffery L. OSTLER,
Weber,COV05 Suppressed,State Auditor,,1,DEM,Catherine VOUTAZ,
Weber,COV05 Suppressed,State Treasurer,,1,REP,Marlo M. OAKS,
Weber,COV05 Suppressed,State Treasurer,,1,UFP,Miles POMEROY,
Weber,COV05 Suppressed,State Treasurer,,1,DEM,Neil A HANSEN,
Weber,COV05 Suppressed,State House,8,1,REP,Jason B KYLE,
Weber,COV05 Suppressed,County Commission,C,1,REP,Jim HARVEY,
Weber,COV05 Suppressed,County Commission,C,1,LBT,Brian K ROWLEY,
Weber,COV05 Suppressed,County Commission,C,1,DEM,Steven VAN WAGONER,
Weber,COV05 Suppressed,County Assessor,,1,REP,John E. ULIBARRI,
Weber,COV05 Suppressed,County Recorder/Surveyor,,1,REP,Bahy RAHIMZADEGAN,
Weber,COV05 Suppressed,County Treasurer,,1,REP,Lynelle JENSEN,
Weber,COV05 Suppressed,Retain Supreme Court Justice-Matthew B. DURRANT,,1,,Yes,
Weber,COV05 Suppressed,Retain Supreme Court Justice-Matthew B. DURRANT,,1,,No,
Weber,COV05 Suppressed,Retain Appeals Court Judge-Ryan D. TENNEY,,1,,Yes,
Weber,COV05 Suppressed,Retain Appeals Court Judge-Ryan D. TENNEY,,1,,No,
Weber,COV05 Suppressed,Retain 2nd District Circuit Court Judge-Joseph M. BEAN,,1,,Yes,
Weber,COV05 Suppressed,Retain 2nd District Circuit Court Judge-Joseph M. BEAN,,1,,No,
Weber,COV05 Suppressed,Retain 2nd District Circuit Court Judge-Ronald G. RUSSELL,,1,,Yes,
Weber,COV05 Suppressed,Retain 2nd District Circuit Court Judge-Ronald G. RUSSELL,,1,,No,
Weber,COV05 Suppressed,Retain 2nd District Circuit Court Judge-Christina Patricia ORTEGA,,1,,Yes,
Weber,COV05 Suppressed,Retain 2nd District Circuit Court Judge-Christina Patricia ORTEGA,,1,,No,
Weber,COV05 Suppressed,Retain 2nd District Circuit Court Judge-Craig HALL,,1,,Yes,
Weber,COV05 Suppressed,Retain 2nd District Circuit Court Judge-Craig HALL,,1,,No,
Weber,COV05 Suppressed,Retain 2nd District Circuit Court Judge-Michael Drio DIREDA,,1,,Yes,
Weber,COV05 Suppressed,Retain 2nd District Circuit Court Judge-Michael Drio DIREDA,,1,,No,
Weber,COV05 Suppressed,Retain 2nd District Juvenile Circuit Court Judge-Tasha WILLIAMS,,1,,Yes,
Weber,COV05 Suppressed,Retain 2nd District Juvenile Circuit Court Judge-Tasha WILLIAMS,,1,,No,
Weber,COV05 Suppressed,Constitutional Amendment B,,1,,For,
Weber,COV05 Suppressed,Constitutional Amendment B,,1,,Against,
Weber,COV05 Suppressed,Constitutional Amendment C,,1,,For,
Weber,COV05 Suppressed,Constitutional Amendment C,,1,,Against,
Weber,COV05 Suppressed,Proposition 19,,1,,Yes,
Weber,COV05 Suppressed,Proposition 19,,1,,No,
Weber,COV05:X,Registered Voters,,,,,337
Weber,COV05:X,Ballots Cast,,,,,306
Weber,COV05:X,President,,1,REP,Donald J. TRUMP/ JD VANCE,179
Weber,COV05:X,President,,1,DEM,Kamala D. HARRIS / Tim WALZ,114
Weber,COV05:X,President,,1,GRN,Jill STEIN / Rudolph WARE,2
Weber,COV05:X,President,,1,LBT,Chase OLIVER / Mike ter MAAT,2
Weber,COV05:X,President,,1,,"Lucifer ""JUSTIN CASE"" EVERYLOVE",1
Weber,COV05:X,President,,1,,Cornel Ronald WEST / Melina ABDULLAH,0
Weber,COV05:X,President,,1,CON,Joel SKOUSEN / Rik COMBS,0
Weber,COV05:X,President,,1,,Claudia de la CRUZ / Karina Alexandra GARCIA,0
Weber,COV05:X,President,,1,,Write-In Totals,3
Weber,COV05:X,U.S. Senate,,1,REP,John CURTIS,193
Weber,COV05:X,U.S. Senate,,1,DEM,Caroline GLEICH,91
Weber,COV05:X,U.S. Senate,,1,IAP,Carleton E. BOWEN,11
Weber,COV05:X,U.S. Senate,,1,,Write-In Totals,0
Weber,COV05:X,U.S. House,1,1,REP,Blake D. MOORE,184
Weber,COV05:X,U.S. House,1,1,DEM,Bill CAMPBELL,89
Weber,COV05:X,U.S. House,1,1,LBT,Daniel R. COTTAM,18
Weber,COV05:X,Governor,,1,REP,Spencer J. COX / Deidre M. HENDERSON,175
Weber,COV05:X,Governor,,1,DEM,Brian SMITH KING / Rebekah CUMMINGS,76
Weber,COV05:X,Governor,,1,LBT,J. Robert LATHAM / Barry Evan SHORT,11
Weber,COV05:X,Governor,,1,IAP,Tommy WILLIAMS / Archie A. WILLIAMS III,3
Weber,COV05:X,Governor,,1,,Tom TOMENY / William LANSING TAYLOR,0
Weber,COV05:X,Governor,,1,,Write-In Totals,32
Weber,COV05:X,Attorney General,,1,REP,Derek BROWN,157
Weber,COV05:X,Attorney General,,1,DEM,Rudy J BAUTISTA,73
Weber,COV05:X,Attorney General,,1,UUP,Michelle QUIST,28
Weber,COV05:X,Attorney General,,1,LBT,W. Andrew McCULLOUGH,21
Weber,COV05:X,Attorney General,,1,,Austin HEPWORTH,11
Weber,COV05:X,State Auditor,,1,REP,Tina CANNON,190
Weber,COV05:X,State Auditor,,1,DEM,Catherine VOUTAZ,84
Weber,COV05:X,State Auditor,,1,CON,Jeffery L. OSTLER,15
Weber,COV05:X,State Treasurer,,1,REP,Marlo M. OAKS,186
Weber,COV05:X,State Treasurer,,1,DEM,Neil A HANSEN,80
Weber,COV05:X,State Treasurer,,1,UFP,Miles POMEROY,19
Weber,COV05:X,State House,8,1,REP,Jason B KYLE,216
Weber,COV05:X,County Commission,C,1,REP,Jim HARVEY,155
Weber,COV05:X,County Commission,C,1,DEM,Steven VAN WAGONER,113
Weber,COV05:X,County Commission,C,1,LBT,Brian K ROWLEY,24
Weber,COV05:X,County Assessor,,1,REP,John E. ULIBARRI,216
Weber,COV05:X,County Recorder/Surveyor,,1,REP,Bahy RAHIMZADEGAN,210
Weber,COV05:X,County Treasurer,,1,REP,Lynelle JENSEN,212
Weber,COV05:X,Retain Supreme Court Justice-Matthew B. DURRANT,,1,,Yes,181
Weber,COV05:X,Retain Supreme Court Justice-Matthew B. DURRANT,,1,,No,52
Weber,COV05:X,Retain Appeals Court Judge-Ryan D. TENNEY,,1,,Yes,179
Weber,COV05:X,Retain Appeals Court Judge-Ryan D. TENNEY,,1,,No,51
Weber,COV05:X,Retain 2nd District Circuit Court Judge-Joseph M. BEAN,,1,,Yes,172
Weber,COV05:X,Retain 2nd District Circuit Court Judge-Joseph M. BEAN,,1,,No,53
Weber,COV05:X,Retain 2nd District Circuit Court Judge-Ronald G. RUSSELL,,1,,Yes,173
Weber,COV05:X,Retain 2nd District Circuit Court Judge-Ronald G. RUSSELL,,1,,No,51
Weber,COV05:X,Retain 2nd District Circuit Court Judge-Christina Patricia ORTEGA,,1,,Yes,174
Weber,COV05:X,Retain 2nd District Circuit Court Judge-Christina Patricia ORTEGA,,1,,No,54
Weber,COV05:X,Retain 2nd District Circuit Court Judge-Craig HALL,,1,,Yes,163
Weber,COV05:X,Retain 2nd District Circuit Court Judge-Craig HALL,,1,,No,61
Weber,COV05:X,Retain 2nd District Circuit Court Judge-Michael Drio DIREDA,,1,,Yes,180
Weber,COV05:X,Retain 2nd District Circuit Court Judge-Michael Drio DIREDA,,1,,No,51
Weber,COV05:X,Retain 2nd District Juvenile Circuit Court Judge-Tasha WILLIAMS,,1,,Yes,
Weber,COV05:X,Retain 2nd District Juvenile Circuit Court Judge-Tasha WILLIAMS,,1,,No,
Weber,COV05:X,Constitutional Amendment B,,1,,For,
Weber,COV05:X,Constitutional Amendment B,,1,,Against,
Weber,COV05:X,Constitutional Amendment C,,1,,For,
Weber,COV05:X,Constitutional Amendment C,,1,,Against,
Weber,COV05:X,Proposition 19,,1,,Yes,
Weber,COV05:X,Proposition 19,,1,,No,
Weber,COV05:X,Ogden Valley City,,1,,Yes,
Weber,COV05:X,Ogden Valley City,,1,,No,
Weber,COV05:X,City Council Question,,1,,Yes,267
Weber,COV05:X,City Council Question,,1,,No,15
Weber,COV06,Registered Voters,,,,,92
Weber,COV06,Ballots Cast,,,,,84
Weber,COV06,President,,1,REP,Donald J. TRUMP/ JD VANCE,51
Weber,COV06,President,,1,DEM,Kamala D. HARRIS / Tim WALZ,28
Weber,COV06,President,,1,GRN,Jill STEIN / Rudolph WARE,1
Weber,COV06,President,,1,,Cornel Ronald WEST / Melina ABDULLAH,0
Weber,COV06,President,,1,,"Lucifer ""JUSTIN CASE"" EVERYLOVE",0
Weber,COV06,President,,1,CON,Joel SKOUSEN / Rik COMBS,0
Weber,COV06,President,,1,LBT,Chase OLIVER / Mike ter MAAT,0
Weber,COV06,President,,1,,Claudia de la CRUZ / Karina Alexandra GARCIA,0
Weber,COV06,President,,1,,Write-In Totals,3
Weber,COV06,U.S. Senate,,1,REP,John CURTIS,44
Weber,COV06,U.S. Senate,,1,DEM,Caroline GLEICH,28
Weber,COV06,U.S. Senate,,1,IAP,Carleton E. BOWEN,8
Weber,COV06,U.S. Senate,,1,,Write-In Totals,0
Weber,COV06,U.S. House,1,1,REP,Blake D. MOORE,46
Weber,COV06,U.S. House,1,1,DEM,Bill CAMPBELL,25
Weber,COV06,U.S. House,1,1,LBT,Daniel R. COTTAM,6
Weber,COV06,Governor,,1,REP,Spencer J. COX / Deidre M. HENDERSON,37
Weber,COV06,Governor,,1,DEM,Brian SMITH KING / Rebekah CUMMINGS,24
Weber,COV06,Governor,,1,LBT,J. Robert LATHAM / Barry Evan SHORT,4
Weber,COV06,Governor,,1,IAP,Tommy WILLIAMS / Archie A. WILLIAMS III,2
Weber,COV06,Governor,,1,,Tom TOMENY / William LANSING TAYLOR,0
Weber,COV06,Governor,,1,,Write-In Totals,13
Weber,COV06,Attorney General,,1,REP,Derek BROWN,45
Weber,COV06,Attorney General,,1,DEM,Rudy J BAUTISTA,23
Weber,COV06,Attorney General,,1,UUP,Michelle QUIST,5
Weber,COV06,Attorney General,,1,LBT,W. Andrew McCULLOUGH,3
Weber,COV06,Attorney General,,1,,Austin HEPWORTH,3
Weber,COV06,State Auditor,,1,REP,Tina CANNON,50
Weber,COV06,State Auditor,,1,DEM,Catherine VOUTAZ,22
Weber,COV06,State Auditor,,1,CON,Jeffery L. OSTLER,5
Weber,COV06,State Treasurer,,1,REP,Marlo M. OAKS,49
Weber,COV06,State Treasurer,,1,DEM,Neil A HANSEN,26
Weber,COV06,State Treasurer,,1,UFP,Miles POMEROY,3
Weber,COV06,State Senate,3,1,REP,John D. JOHNSON,50
Weber,COV06,State Senate,3,1,DEM,Stacy BERNAL,28
Weber,COV06,State House,8,1,REP,Jason B KYLE,55
Weber,COV06,County Commission,C,1,REP,Jim HARVEY,43
Weber,COV06,County Commission,C,1,DEM,Steven VAN WAGONER,30
Weber,COV06,County Commission,C,1,LBT,Brian K ROWLEY,5
Weber,COV06,County Assessor,,1,REP,John E. ULIBARRI,64
Weber,COV06,County Recorder/Surveyor,,1,REP,Bahy RAHIMZADEGAN,59
Weber,COV06,County Treasurer,,1,REP,Lynelle JENSEN,62
Weber,COV06,Retain Supreme Court Justice-Matthew B. DURRANT,,1,,Yes,36
Weber,COV06,Retain Supreme Court Justice-Matthew B. DURRANT,,1,,No,32
Weber,COV06,Retain Appeals Court Judge-Ryan D. TENNEY,,1,,Yes,39
Weber,COV06,Retain Appeals Court Judge-Ryan D. TENNEY,,1,,No,27
Weber,COV06,Retain 2nd District Circuit Court Judge-Joseph M. BEAN,,1,,Yes,39
Weber,COV06,Retain 2nd District Circuit Court Judge-Joseph M. BEAN,,1,,No,26
Weber,COV06,Retain 2nd District Circuit Court Judge-Ronald G. RUSSELL,,1,,Yes,36
Weber,COV06,Retain 2nd District Circuit Court Judge-Ronald G. RUSSELL,,1,,No,28
Weber,COV06,Retain 2nd District Circuit Court Judge-Christina Patricia ORTEGA,,1,,Yes,34
Weber,COV06,Retain 2nd District Circuit Court Judge-Christina Patricia ORTEGA,,1,,No,32
Weber,COV06,Retain 2nd District Circuit Court Judge-Craig HALL,,1,,Yes,41
Weber,COV06,Retain 2nd District Circuit Court Judge-Craig HALL,,1,,No,24
Weber,COV06,Retain 2nd District Circuit Court Judge-Michael Drio DIREDA,,1,,Yes,39
Weber,COV06,Retain 2nd District Circuit Court Judge-Michael Drio DIREDA,,1,,No,26
Weber,COV06,Retain 2nd District Juvenile Circuit Court Judge-Tasha WILLIAMS,,1,,Yes,39
Weber,COV06,Retain 2nd District Juvenile Circuit Court Judge-Tasha WILLIAMS,,1,,No,26
Weber,COV06,Constitutional Amendment B,,1,,For,47
Weber,COV06,Constitutional Amendment B,,1,,Against,31
Weber,COV06,Constitutional Amendment C,,1,,For,69
Weber,COV06,Constitutional Amendment C,,1,,Against,8
Weber,COV06,Proposition 19,,1,,Yes,43
Weber,COV06,Proposition 19,,1,,No,38
Weber,COV06:X,Registered Voters,,,,,943
Weber,COV06:X,Ballots Cast,,,,,872
Weber,COV06:X,President,,1,REP,Donald J. TRUMP/ JD VANCE,565
Weber,COV06:X,President,,1,DEM,Kamala D. HARRIS / Tim WALZ,255
Weber,COV06:X,President,,1,LBT,Chase OLIVER / Mike ter MAAT,12
Weber,COV06:X,President,,1,CON,Joel SKOUSEN / Rik COMBS,7
Weber,COV06:X,President,,1,,"Lucifer ""JUSTIN CASE"" EVERYLOVE",5
Weber,COV06:X,President,,1,GRN,Jill STEIN / Rudolph WARE,2
Weber,COV06:X,President,,1,,Claudia de la CRUZ / Karina Alexandra GARCIA,2
Weber,COV06:X,President,,1,,Cornel Ronald WEST / Melina ABDULLAH,1
Weber,COV06:X,President,,1,,Write-In Totals,19
Weber,COV06:X,U.S. Senate,,1,REP,John CURTIS,574
Weber,COV06:X,U.S. Senate,,1,DEM,Caroline GLEICH,213
Weber,COV06:X,U.S. Senate,,1,IAP,Carleton E. BOWEN,34
Weber,COV06:X,U.S. Senate,,1,,Write-In Totals,12
Weber,COV06:X,U.S. House,1,1,REP,Blake D. MOORE,574
Weber,COV06:X,U.S. House,1,1,DEM,Bill CAMPBELL,203
Weber,COV06:X,U.S. House,1,1,LBT,Daniel R. COTTAM,45
Weber,COV06:X,Governor,,1,REP,Spencer J. COX / Deidre M. HENDERSON,484
Weber,COV06:X,Governor,,1,DEM,Brian SMITH KING / Rebekah CUMMINGS,189
Weber,COV06:X,Governor,,1,LBT,J. Robert LATHAM / Barry Evan SHORT,35
Weber,COV06:X,Governor,,1,IAP,Tommy WILLIAMS / Archie A. WILLIAMS III,9
Weber,COV06:X,Governor,,1,,Tom TOMENY / William LANSING TAYLOR,1
Weber,COV06:X,Governor,,1,,Write-In Totals,132
Weber,COV06:X,Attorney General,,1,REP,Derek BROWN,513
Weber,COV06:X,Attorney General,,1,DEM,Rudy J BAUTISTA,184
Weber,COV06:X,Attorney General,,1,UUP,Michelle QUIST,48
Weber,COV06:X,Attorney General,,1,LBT,W. Andrew McCULLOUGH,39
Weber,COV06:X,Attorney General,,1,,Austin HEPWORTH,35
Weber,COV06:X,State Auditor,,1,REP,Tina CANNON,550
Weber,COV06:X,State Auditor,,1,DEM,Catherine VOUTAZ,202
Weber,COV06:X,State Auditor,,1,CON,Jeffery L. OSTLER,45
Weber,COV06:X,State Treasurer,,1,REP,Marlo M. OAKS,561
Weber,COV06:X,State Treasurer,,1,DEM,Neil A HANSEN,196
Weber,COV06:X,State Treasurer,,1,UFP,Miles POMEROY,39
Weber,COV06:X,State Senate,3,1,REP,John D. JOHNSON,547
Weber,COV06:X,State Senate,3,1,DEM,Stacy BERNAL,264
Weber,COV06:X,State House,8,1,REP,Jason B KYLE,608
Weber,COV06:X,County Commission,C,1,REP,Jim HARVEY,422
Weber,COV06:X,County Commission,C,1,DEM,Steven VAN WAGONER,328
Weber,COV06:X,County Commission,C,1,LBT,Brian K ROWLEY,65
Weber,COV06:X,County Assessor,,1,REP,John E. ULIBARRI,632
Weber,COV06:X,County Recorder/Surveyor,,1,REP,Bahy RAHIMZADEGAN,622
Weber,COV06:X,County Treasurer,,1,REP,Lynelle JENSEN,631
Weber,COV06:X,Retain Supreme Court Justice-Matthew B. DURRANT,,1,,Yes,487
Weber,COV06:X,Retain Supreme Court Justice-Matthew B. DURRANT,,1,,No,168
Weber,COV06:X,Retain Appeals Court Judge-Ryan D. TENNEY,,1,,Yes,474
Weber,COV06:X,Retain Appeals Court Judge-Ryan D. TENNEY,,1,,No,167
Weber,COV06:X,Retain 2nd District Circuit Court Judge-Joseph M. BEAN,,1,,Yes,449
Weber,COV06:X,Retain 2nd District Circuit Court Judge-Joseph M. BEAN,,1,,No,195
Weber,COV06:X,Retain 2nd District Circuit Court Judge-Ronald G. RUSSELL,,1,,Yes,478
Weber,COV06:X,Retain 2nd District Circuit Court Judge-Ronald G. RUSSELL,,1,,No,170
Weber,COV06:X,Retain 2nd District Circuit Court Judge-Christina Patricia ORTEGA,,1,,Yes,438
Weber,COV06:X,Retain 2nd District Circuit Court Judge-Christina Patricia ORTEGA,,1,,No,215
Weber,COV06:X,Retain 2nd District Circuit Court Judge-Craig HALL,,1,,Yes,458
Weber,COV06:X,Retain 2nd District Circuit Court Judge-Craig HALL,,1,,No,184
Weber,COV06:X,Retain 2nd District Circuit Court Judge-Michael Drio DIREDA,,1,,Yes,
Weber,COV06:X,Retain 2nd District Circuit Court Judge-Michael Drio DIREDA,,1,,No,
Weber,COV06:X,Retain 2nd District Juvenile Circuit Court Judge-Tasha WILLIAMS,,1,,Yes,
Weber,COV06:X,Retain 2nd District Juvenile Circuit Court Judge-Tasha WILLIAMS,,1,,No,
Weber,COV06:X,Constitutional Amendment B,,1,,For,
Weber,COV06:X,Constitutional Amendment B,,1,,Against,
Weber,COV06:X,Constitutional Amendment C,,1,,For,
Weber,COV06:X,Constitutional Amendment C,,1,,Against,
Weber,COV06:X,Proposition 19,,1,,Yes,
Weber,COV06:X,Proposition 19,,1,,No,
Weber,COV06:X,Ogden Valley City,,1,,Yes,
Weber,COV06:X,Ogden Valley City,,1,,No,
Weber,COV06:X,City Council Question,,1,,Yes,735
Weber,COV06:X,City Council Question,,1,,No,61
Weber,CSU01,Registered Voters,,,,,936
Weber,CSU01,Ballots Cast,,,,,827
Weber,CSU01,President,,1,REP,Donald J. TRUMP/ JD VANCE,481
Weber,CSU01,President,,1,DEM,Kamala D. HARRIS / Tim WALZ,282
Weber,CSU01,President,,1,LBT,Chase OLIVER / Mike ter MAAT,13
Weber,CSU01,President,,1,CON,Joel SKOUSEN / Rik COMBS,6
Weber,CSU01,President,,1,,"Lucifer ""JUSTIN CASE"" EVERYLOVE",2
Weber,CSU01,President,,1,GRN,Jill STEIN / Rudolph WARE,2
Weber,CSU01,President,,1,,Claudia de la CRUZ / Karina Alexandra GARCIA,2
Weber,CSU01,President,,1,,Cornel Ronald WEST / Melina ABDULLAH,1
Weber,CSU01,President,,1,,Write-In Totals,21
Weber,CSU01,U.S. Senate,,1,REP,John CURTIS,547
Weber,CSU01,U.S. Senate,,1,DEM,Caroline GLEICH,212
Weber,CSU01,U.S. Senate,,1,IAP,Carleton E. BOWEN,34
Weber,CSU01,U.S. Senate,,1,,Write-In Totals,1
Weber,CSU01,U.S. House,1,1,REP,Blake D. MOORE,554
Weber,CSU01,U.S. House,1,1,DEM,Bill CAMPBELL,191
Weber,CSU01,U.S. House,1,1,LBT,Daniel R. COTTAM,40
Weber,CSU01,Governor,,1,REP,Spencer J. COX / Deidre M. HENDERSON,456
Weber,CSU01,Governor,,1,DEM,Brian SMITH KING / Rebekah CUMMINGS,176
Weber,CSU01,Governor,,1,LBT,J. Robert LATHAM / Barry Evan SHORT,26
Weber,CSU01,Governor,,1,IAP,Tommy WILLIAMS / Archie A. WILLIAMS III,16
Weber,CSU01,Governor,,1,,Tom TOMENY / William LANSING TAYLOR,1
Weber,CSU01,Governor,,1,,Write-In Totals,123
Weber,CSU01,Attorney General,,1,REP,Derek BROWN,495
Weber,CSU01,Attorney General,,1,DEM,Rudy J BAUTISTA,171
Weber,CSU01,Attorney General,,1,UUP,Michelle QUIST,59
Weber,CSU01,Attorney General,,1,,Austin HEPWORTH,29
Weber,CSU01,Attorney General,,1,LBT,W. Andrew McCULLOUGH,26
Weber,CSU01,State Auditor,,1,REP,Tina CANNON,534
Weber,CSU01,State Auditor,,1,DEM,Catherine VOUTAZ,197
Weber,CSU01,State Auditor,,1,CON,Jeffery L. OSTLER,27
Weber,CSU01,State Treasurer,,1,REP,Marlo M. OAKS,530
Weber,CSU01,State Treasurer,,1,DEM,Neil A HANSEN,188
Weber,CSU01,State Treasurer,,1,UFP,Miles POMEROY,38
Weber,CSU01,State House,11,1,REP,Katy HALL,596
Weber,CSU01,State House,11,1,REP,Rod HALL,574
Weber,CSU01,State House,11,1,UFP,Laura JOHNSON,164
Weber,CSU01,County Commission,C,1,REP,Jim HARVEY,508
Weber,CSU01,County Commission,C,1,DEM,Steven VAN WAGONER,237
Weber,CSU01,County Commission,C,1,LBT,Brian K ROWLEY,40
Weber,CSU01,County Assessor,,1,REP,John E. ULIBARRI,613
Weber,CSU01,County Recorder/Surveyor,,1,REP,Bahy RAHIMZADEGAN,593
Weber,CSU01,County Treasurer,,1,REP,Lynelle JENSEN,616
Weber,CSU01,Retain Supreme Court Justice-Matthew B. DURRANT,,1,,Yes,520
Weber,CSU01,Retain Supreme Court Justice-Matthew B. DURRANT,,1,,No,125
Weber,CSU01,Retain Appeals Court Judge-Ryan D. TENNEY,,1,,Yes,509
Weber,CSU01,Retain Appeals Court Judge-Ryan D. TENNEY,,1,,No,127
Weber,CSU01,Retain 2nd District Circuit Court Judge-Joseph M. BEAN,,1,,Yes,511
Weber,CSU01,Retain 2nd District Circuit Court Judge-Joseph M. BEAN,,1,,No,130
Weber,CSU01,Retain 2nd District Circuit Court Judge-Ronald G. RUSSELL,,1,,Yes,524
Weber,CSU01,Retain 2nd District Circuit Court Judge-Ronald G. RUSSELL,,1,,No,118
Weber,CSU01,Retain 2nd District Circuit Court Judge-Christina Patricia ORTEGA,,1,,Yes,504
Weber,CSU01,Retain 2nd District Circuit Court Judge-Christina Patricia ORTEGA,,1,,No,140
Weber,CSU01,Retain 2nd District Circuit Court Judge-Craig HALL,,1,,Yes,503
Weber,CSU01,Retain 2nd District Circuit Court Judge-Craig HALL,,1,,No,142
Weber,CSU01,Retain 2nd District Circuit Court Judge-Michael Drio DIREDA,,1,,Yes,540
Weber,CSU01,Retain 2nd District Circuit Court Judge-Michael Drio DIREDA,,1,,No,107
Weber,CSU01,Retain 2nd District Juvenile Circuit Court Judge-Tasha WILLIAMS,,1,,Yes,537
Weber,CSU01,Retain 2nd District Juvenile Circuit Court Judge-Tasha WILLIAMS,,1,,No,104
Weber,CSU01,Constitutional Amendment B,,1,,For,516
Weber,CSU01,Constitutional Amendment B,,1,,Against,245
Weber,CSU01,Constitutional Amendment C,,1,,For,622
Weber,CSU01,Constitutional Amendment C,,1,,Against,138
Weber,CSU01,Proposition 19,,1,,Yes,547
Weber,CSU01,Proposition 19,,1,,No,230
Weber,CSU02,Registered Voters,,,,,857
Weber,CSU02,Ballots Cast,,,,,788
Weber,CSU02,President,,1,REP,Donald J. TRUMP/ JD VANCE,455
Weber,CSU02,President,,1,DEM,Kamala D. HARRIS / Tim WALZ,292
Weber,CSU02,President,,1,LBT,Chase OLIVER / Mike ter MAAT,5
Weber,CSU02,President,,1,GRN,Jill STEIN / Rudolph WARE,4
Weber,CSU02,President,,1,,Cornel Ronald WEST / Melina ABDULLAH,1
Weber,CSU02,President,,1,,"Lucifer ""JUSTIN CASE"" EVERYLOVE",1
Weber,CSU02,President,,1,CON,Joel SKOUSEN / Rik COMBS,0
Weber,CSU02,President,,1,,Claudia de la CRUZ / Karina Alexandra GARCIA,0
Weber,CSU02,President,,1,,Write-In Totals,17
Weber,CSU02,U.S. Senate,,1,REP,John CURTIS,458
Weber,CSU02,U.S. Senate,,1,DEM,Caroline GLEICH,268
Weber,CSU02,U.S. Senate,,1,IAP,Carleton E. BOWEN,31
Weber,CSU02,U.S. Senate,,1,,Write-In Totals,2
Weber,CSU02,U.S. House,1,1,REP,Blake D. MOORE,467
Weber,CSU02,U.S. House,1,1,DEM,Bill CAMPBELL,243
Weber,CSU02,U.S. House,1,1,LBT,Daniel R. COTTAM,32
Weber,CSU02,Governor,,1,REP,Spencer J. COX / Deidre M. HENDERSON,418
Weber,CSU02,Governor,,1,DEM,Brian SMITH KING / Rebekah CUMMINGS,217
Weber,CSU02,Governor,,1,LBT,J. Robert LATHAM / Barry Evan SHORT,12
Weber,CSU02,Governor,,1,IAP,Tommy WILLIAMS / Archie A. WILLIAMS III,8
Weber,CSU02,Governor,,1,,Tom TOMENY / William LANSING TAYLOR,2
Weber,CSU02,Governor,,1,,Write-In Totals,107
Weber,CSU02,Attorney General,,1,REP,Derek BROWN,429
Weber,CSU02,Attorney General,,1,DEM,Rudy J BAUTISTA,211
Weber,CSU02,Attorney General,,1,UUP,Michelle QUIST,40
Weber,CSU02,Attorney General,,1,LBT,W. Andrew McCULLOUGH,33
Weber,CSU02,Attorney General,,1,,Austin HEPWORTH,30
Weber,CSU02,State Auditor,,1,REP,Tina CANNON,467
Weber,CSU02,State Auditor,,1,DEM,Catherine VOUTAZ,232
Weber,CSU02,State Auditor,,1,CON,Jeffery L. OSTLER,24
Weber,CSU02,State Treasurer,,1,REP,Marlo M. OAKS,465
Weber,CSU02,State Treasurer,,1,DEM,Neil A HANSEN,224
Weber,CSU02,State Treasurer,,1,UFP,Miles POMEROY,34
Weber,CSU02,State House,10,1,REP,Jill KOFORD,456
Weber,CSU02,State House,10,1,DEM,Rosemary LESSER,316
Weber,CSU02,State House,10,1,REP,Rod HALL,482
Weber,CSU02,State House,10,1,UFP,Laura JOHNSON,199
Weber,CSU02,County Commission,C,1,REP,Jim HARVEY,421
Weber,CSU02,County Commission,C,1,DEM,Steven VAN WAGONER,283
Weber,CSU02,County Commission,C,1,LBT,Brian K ROWLEY,44
Weber,CSU02,County Assessor,,1,REP,John E. ULIBARRI,573
Weber,CSU02,County Recorder/Surveyor,,1,REP,Bahy RAHIMZADEGAN,555
Weber,CSU02,County Treasurer,,1,REP,Lynelle JENSEN,564
Weber,CSU02,Retain Supreme Court Justice-Matthew B. DURRANT,,1,,Yes,454
Weber,CSU02,Retain Supreme Court Justice-Matthew B. DURRANT,,1,,No,135
Weber,CSU02,Retain Appeals Court Judge-Ryan D. TENNEY,,1,,Yes,449
Weber,CSU02,Retain Appeals Court Judge-Ryan D. TENNEY,,1,,No,132
Weber,CSU02,Retain 2nd District Circuit Court Judge-Joseph M. BEAN,,1,,Yes,434
Weber,CSU02,Retain 2nd District Circuit Court Judge-Joseph M. BEAN,,1,,No,151
Weber,CSU02,Retain 2nd District Circuit Court Judge-Ronald G. RUSSELL,,1,,Yes,457
Weber,CSU02,Retain 2nd District Circuit Court Judge-Ronald G. RUSSELL,,1,,No,122
Weber,CSU02,Retain 2nd District Circuit Court Judge-Christina Patricia ORTEGA,,1,,Yes,442
Weber,CSU02,Retain 2nd District Circuit Court Judge-Christina Patricia ORTEGA,,1,,No,148
Weber,CSU02,Retain 2nd District Circuit Court Judge-Craig HALL,,1,,Yes,425
Weber,CSU02,Retain 2nd District Circuit Court Judge-Craig HALL,,1,,No,159
Weber,CSU02,Retain 2nd District Circuit Court Judge-Michael Drio DIREDA,,1,,Yes,458
Weber,CSU02,Retain 2nd District Circuit Court Judge-Michael Drio DIREDA,,1,,No,132
Weber,CSU02,Retain 2nd District Juvenile Circuit Court Judge-Tasha WILLIAMS,,1,,Yes,471
Weber,CSU02,Retain 2nd District Juvenile Circuit Court Judge-Tasha WILLIAMS,,1,,No,119
Weber,CSU02,Constitutional Amendment B,,1,,For,466
Weber,CSU02,Constitutional Amendment B,,1,,Against,261
Weber,CSU02,Constitutional Amendment C,,1,,For,577
Weber,CSU02,Constitutional Amendment C,,1,,Against,151
Weber,CSU02,Proposition 19,,1,,Yes,535
Weber,CSU02,Proposition 19,,1,,No,217
Weber,CWS01,Registered Voters,,,,,317
Weber,CWS01,Ballots Cast,,,,,283
Weber,CWS01,President,,1,REP,Donald J. TRUMP/ JD VANCE,233
Weber,CWS01,President,,1,DEM,Kamala D. HARRIS / Tim WALZ,41
Weber,CWS01,President,,1,LBT,Chase OLIVER / Mike ter MAAT,2
Weber,CWS01,President,,1,CON,Joel SKOUSEN / Rik COMBS,1
Weber,CWS01,President,,1,GRN,Jill STEIN / Rudolph WARE,1
Weber,CWS01,President,,1,,Claudia de la CRUZ / Karina Alexandra GARCIA,1
Weber,CWS01,President,,1,,Cornel Ronald WEST / Melina ABDULLAH,0
Weber,CWS01,President,,1,,"Lucifer ""JUSTIN CASE"" EVERYLOVE",0
Weber,CWS01,President,,1,,Write-In Totals,0
Weber,CWS01,U.S. Senate,,1,REP,John CURTIS,227
Weber,CWS01,U.S. Senate,,1,DEM,Caroline GLEICH,26
Weber,CWS01,U.S. Senate,,1,IAP,Carleton E. BOWEN,22
Weber,CWS01,U.S. Senate,,1,,Write-In Totals,2
Weber,CWS01,U.S. House,1,1,REP,Blake D. MOORE,229
Weber,CWS01,U.S. House,1,1,DEM,Bill CAMPBELL,26
Weber,CWS01,U.S. House,1,1,LBT,Daniel R. COTTAM,18
Weber,CWS01,Governor,,1,REP,Spencer J. COX / Deidre M. HENDERSON,167
Weber,CWS01,Governor,,1,DEM,Brian SMITH KING / Rebekah CUMMINGS,22
Weber,CWS01,Governor,,1,LBT,J. Robert LATHAM / Barry Evan SHORT,13
Weber,CWS01,Governor,,1,IAP,Tommy WILLIAMS / Archie A. WILLIAMS III,6
Weber,CWS01,Governor,,1,,Tom TOMENY / William LANSING TAYLOR,0
Weber,CWS01,Governor,,1,,Write-In Totals,61
Weber,CWS01,Attorney General,,1,REP,Derek BROWN,216
Weber,CWS01,Attorney General,,1,DEM,Rudy J BAUTISTA,23
Weber,CWS01,Attorney General,,1,LBT,W. Andrew McCULLOUGH,12
Weber,CWS01,Attorney General,,1,UUP,Michelle QUIST,10
Weber,CWS01,Attorney General,,1,,Austin HEPWORTH,8
Weber,CWS01,State Auditor,,1,REP,Tina CANNON,221
Weber,CWS01,State Auditor,,1,DEM,Catherine VOUTAZ,26
Weber,CWS01,State Auditor,,1,CON,Jeffery L. OSTLER,19
Weber,CWS01,State Treasurer,,1,REP,Marlo M. OAKS,215
Weber,CWS01,State Treasurer,,1,DEM,Neil A HANSEN,34
Weber,CWS01,State Treasurer,,1,UFP,Miles POMEROY,10
Weber,CWS01,State Senate,4,1,REP,Calvin Ray MUSSELMAN,211
Weber,CWS01,State House,6,1,REP,Matthew H. GWYNN,231
Weber,CWS01,State House,6,1,DEM,Amber HARDY,39
Weber,CWS01,County Commission,C,1,REP,Jim HARVEY,164
Weber,CWS01,County Commission,C,1,DEM,Steven VAN WAGONER,74
Weber,CWS01,County Commission,C,1,LBT,Brian K ROWLEY,33
Weber,CWS01,County Assessor,,1,REP,John E. ULIBARRI,230
Weber,CWS01,County Recorder/Surveyor,,1,REP,Bahy RAHIMZADEGAN,223
Weber,CWS01,County Treasurer,,1,REP,Lynelle JENSEN,235
Weber,CWS01,Weber School Board,4,1,,Paul J. WIDDISON,220
Weber,CWS01,Retain Supreme Court Justice-Matthew B. DURRANT,,1,,Yes,170
Weber,CWS01,Retain Supreme Court Justice-Matthew B. DURRANT,,1,,No,60
Weber,CWS01,Retain Appeals Court Judge-Ryan D. TENNEY,,1,,Yes,168
Weber,CWS01,Retain Appeals Court Judge-Ryan D. TENNEY,,1,,No,61
Weber,CWS01,Retain 2nd District Circuit Court Judge-Joseph M. BEAN,,1,,Yes,154
Weber,CWS01,Retain 2nd District Circuit Court Judge-Joseph M. BEAN,,1,,No,74
Weber,CWS01,Retain 2nd District Circuit Court Judge-Ronald G. RUSSELL,,1,,Yes,172
Weber,CWS01,Retain 2nd District Circuit Court Judge-Ronald G. RUSSELL,,1,,No,57
Weber,CWS01,Retain 2nd District Circuit Court Judge-Christina Patricia ORTEGA,,1,,Yes,159
Weber,CWS01,Retain 2nd District Circuit Court Judge-Christina Patricia ORTEGA,,1,,No,72
Weber,CWS01,Retain 2nd District Circuit Court Judge-Craig HALL,,1,,Yes,165
Weber,CWS01,Retain 2nd District Circuit Court Judge-Craig HALL,,1,,No,64
Weber,CWS01,Retain 2nd District Circuit Court Judge-Michael Drio DIREDA,,1,,Yes,166
Weber,CWS01,Retain 2nd District Circuit Court Judge-Michael Drio DIREDA,,1,,No,62
Weber,CWS01,Retain 2nd District Juvenile Circuit Court Judge-Tasha WILLIAMS,,1,,Yes,177
Weber,CWS01,Retain 2nd District Juvenile Circuit Court Judge-Tasha WILLIAMS,,1,,No,52
Weber,CWS01,Constitutional Amendment B,,1,,For,136
Weber,CWS01,Constitutional Amendment B,,1,,Against,123
Weber,CWS01,Constitutional Amendment C,,1,,For,217
Weber,CWS01,Constitutional Amendment C,,1,,Against,48
Weber,CWS01,Proposition 19,,1,,No,141
Weber,CWS01,Proposition 19,,1,,Yes,130
Weber,CWS02,Registered Voters,,,,,627
Weber,CWS02,Ballots Cast,,,,,563
Weber,CWS02,President,,1,REP,Donald J. TRUMP/ JD VANCE,423
Weber,CWS02,President,,1,DEM,Kamala D. HARRIS / Tim WALZ,106
Weber,CWS02,President,,1,LBT,Chase OLIVER / Mike ter MAAT,7
Weber,CWS02,President,,1,CON,Joel SKOUSEN / Rik COMBS,5
Weber,CWS02,President,,1,GRN,Jill STEIN / Rudolph WARE,2
Weber,CWS02,President,,1,,"Lucifer ""JUSTIN CASE"" EVERYLOVE",1
Weber,CWS02,President,,1,,Claudia de la CRUZ / Karina Alexandra GARCIA,1
Weber,CWS02,President,,1,,Cornel Ronald WEST / Melina ABDULLAH,0
Weber,CWS02,President,,1,,Write-In Totals,11
Weber,CWS02,U.S. Senate,,1,REP,John CURTIS,414
Weber,CWS02,U.S. Senate,,1,DEM,Caroline GLEICH,90
Weber,CWS02,U.S. Senate,,1,IAP,Carleton E. BOWEN,27
Weber,CWS02,U.S. Senate,,1,,Write-In Totals,7
Weber,CWS02,U.S. House,1,1,REP,Blake D. MOORE,420
Weber,CWS02,U.S. House,1,1,DEM,Bill CAMPBELL,92
Weber,CWS02,U.S. House,1,1,LBT,Daniel R. COTTAM,21
Weber,CWS02,Governor,,1,REP,Spencer J. COX / Deidre M. HENDERSON,345
Weber,CWS02,Governor,,1,DEM,Brian SMITH KING / Rebekah CUMMINGS,80
Weber,CWS02,Governor,,1,LBT,J. Robert LATHAM / Barry Evan SHORT,19
Weber,CWS02,Governor,,1,IAP,Tommy WILLIAMS / Archie A. WILLIAMS III,14
Weber,CWS02,Governor,,1,,Tom TOMENY / William LANSING TAYLOR,3
Weber,CWS02,Governor,,1,,Write-In Totals,88
Weber,CWS02,Attorney General,,1,REP,Derek BROWN,402
Weber,CWS02,Attorney General,,1,DEM,Rudy J BAUTISTA,83
Weber,CWS02,Attorney General,,1,LBT,W. Andrew McCULLOUGH,21
Weber,CWS02,Attorney General,,1,UUP,Michelle QUIST,18
Weber,CWS02,Attorney General,,1,,Austin HEPWORTH,9
Weber,CWS02,State Auditor,,1,REP,Tina CANNON,393
Weber,CWS02,State Auditor,,1,DEM,Catherine VOUTAZ,91
Weber,CWS02,State Auditor,,1,CON,Jeffery L. OSTLER,39
Weber,CWS02,State Treasurer,,1,REP,Marlo M. OAKS,398
Weber,CWS02,State Treasurer,,1,DEM,Neil A HANSEN,111
Weber,CWS02,State Treasurer,,1,UFP,Miles POMEROY,17
Weber,CWS02,State Senate,4,1,REP,Calvin Ray MUSSELMAN,406
Weber,CWS02,State House,6,1,REP,Matthew H. GWYNN,421
Weber,CWS02,State House,6,1,DEM,Amber HARDY,111
Weber,CWS02,County Commission,C,1,REP,Jim HARVEY,298
Weber,CWS02,County Commission,C,1,DEM,Steven VAN WAGONER,168
Weber,CWS02,County Commission,C,1,LBT,Brian K ROWLEY,69
Weber,CWS02,County Assessor,,1,REP,John E. ULIBARRI,452
Weber,CWS02,County Recorder/Surveyor,,1,REP,Bahy RAHIMZADEGAN,447
Weber,CWS02,County Treasurer,,1,REP,Lynelle JENSEN,452
Weber,CWS02,Weber School Board,4,1,,Paul J. WIDDISON,430
Weber,CWS02,Retain Supreme Court Justice-Matthew B. DURRANT,,1,,Yes,348
Weber,CWS02,Retain Supreme Court Justice-Matthew B. DURRANT,,1,,No,111
Weber,CWS02,Retain Appeals Court Judge-Ryan D. TENNEY,,1,,Yes,337
Weber,CWS02,Retain Appeals Court Judge-Ryan D. TENNEY,,1,,No,116
Weber,CWS02,Retain 2nd District Circuit Court Judge-Joseph M. BEAN,,1,,Yes,319
Weber,CWS02,Retain 2nd District Circuit Court Judge-Joseph M. BEAN,,1,,No,139
Weber,CWS02,Retain 2nd District Circuit Court Judge-Ronald G. RUSSELL,,1,,Yes,332
Weber,CWS02,Retain 2nd District Circuit Court Judge-Ronald G. RUSSELL,,1,,No,124
Weber,CWS02,Retain 2nd District Circuit Court Judge-Christina Patricia ORTEGA,,1,,Yes,318
Weber,CWS02,Retain 2nd District Circuit Court Judge-Christina Patricia ORTEGA,,1,,No,137
Weber,CWS02,Retain 2nd District Circuit Court Judge-Craig HALL,,1,,Yes,338
Weber,CWS02,Retain 2nd District Circuit Court Judge-Craig HALL,,1,,No,117
Weber,CWS02,Retain 2nd District Circuit Court Judge-Michael Drio DIREDA,,1,,Yes,337
Weber,CWS02,Retain 2nd District Circuit Court Judge-Michael Drio DIREDA,,1,,No,123
Weber,CWS02,Retain 2nd District Juvenile Circuit Court Judge-Tasha WILLIAMS,,1,,Yes,341
Weber,CWS02,Retain 2nd District Juvenile Circuit Court Judge-Tasha WILLIAMS,,1,,No,115
Weber,CWS02,Constitutional Amendment B,,1,,For,320
Weber,CWS02,Constitutional Amendment B,,1,,Against,212
Weber,CWS02,Constitutional Amendment C,,1,,For,446
Weber,CWS02,Constitutional Amendment C,,1,,Against,88
Weber,CWS02,Proposition 19,,1,,Yes,317
Weber,CWS02,Proposition 19,,1,,No,221
Weber,CWS03,Registered Voters,,,,,428
Weber,CWS03,Ballots Cast,,,,,361
Weber,CWS03,President,,1,REP,Donald J. TRUMP/ JD VANCE,298
Weber,CWS03,President,,1,DEM,Kamala D. HARRIS / Tim WALZ,43
Weber,CWS03,President,,1,GRN,Jill STEIN / Rudolph WARE,5
Weber,CWS03,President,,1,,Cornel Ronald WEST / Melina ABDULLAH,1
Weber,CWS03,President,,1,CON,Joel SKOUSEN / Rik COMBS,1
Weber,CWS03,President,,1,,"Lucifer ""JUSTIN CASE"" EVERYLOVE",0
Weber,CWS03,President,,1,LBT,Chase OLIVER / Mike ter MAAT,0
Weber,CWS03,President,,1,,Claudia de la CRUZ / Karina Alexandra GARCIA,0
Weber,CWS03,President,,1,,Write-In Totals,9
Weber,CWS03,U.S. Senate,,1,REP,John CURTIS,291
Weber,CWS03,U.S. Senate,,1,DEM,Caroline GLEICH,30
Weber,CWS03,U.S. Senate,,1,IAP,Carleton E. BOWEN,24
Weber,CWS03,U.S. Senate,,1,,Write-In Totals,1
Weber,CWS03,U.S. House,1,1,REP,Blake D. MOORE,300
Weber,CWS03,U.S. House,1,1,DEM,Bill CAMPBELL,26
Weber,CWS03,U.S. House,1,1,LBT,Daniel R. COTTAM,15
Weber,CWS03,Governor,,1,REP,Spencer J. COX / Deidre M. HENDERSON,240
Weber,CWS03,Governor,,1,DEM,Brian SMITH KING / Rebekah CUMMINGS,35
Weber,CWS03,Governor,,1,IAP,Tommy WILLIAMS / Archie A. WILLIAMS III,10
Weber,CWS03,Governor,,1,LBT,J. Robert LATHAM / Barry Evan SHORT,3
Weber,CWS03,Governor,,1,,Tom TOMENY / William LANSING TAYLOR,1
Weber,CWS03,Governor,,1,,Write-In Totals,66
Weber,CWS03,Attorney General,,1,REP,Derek BROWN,283
Weber,CWS03,Attorney General,,1,DEM,Rudy J BAUTISTA,33
Weber,CWS03,Attorney General,,1,,Austin HEPWORTH,14
Weber,CWS03,Attorney General,,1,LBT,W. Andrew McCULLOUGH,12
Weber,CWS03,Attorney General,,1,UUP,Michelle QUIST,6
Weber,CWS03,State Auditor,,1,REP,Tina CANNON,289
Weber,CWS03,State Auditor,,1,CON,Jeffery L. OSTLER,27
Weber,CWS03,State Auditor,,1,DEM,Catherine VOUTAZ,27
Weber,CWS03,State Treasurer,,1,REP,Marlo M. OAKS,292
Weber,CWS03,State Treasurer,,1,DEM,Neil A HANSEN,28
Weber,CWS03,State Treasurer,,1,UFP,Miles POMEROY,20
Weber,CWS03,State Senate,4,1,REP,Calvin Ray MUSSELMAN,284
Weber,CWS03,State House,12,1,REP,Mike SCHULTZ,298
Weber,CWS03,State House,12,1,DEM,Sharon HILTON,48
Weber,CWS03,County Commission,C,1,REP,Jim HARVEY,206
Weber,CWS03,County Commission,C,1,DEM,Steven VAN WAGONER,99
Weber,CWS03,County Commission,C,1,LBT,Brian K ROWLEY,32
Weber,CWS03,County Assessor,,1,REP,John E. ULIBARRI,319
Weber,CWS03,County Recorder/Surveyor,,1,REP,Bahy RAHIMZADEGAN,306
Weber,CWS03,County Treasurer,,1,REP,Lynelle JENSEN,316
Weber,CWS03,Weber School Board,4,1,,Paul J. WIDDISON,298
Weber,CWS03,Retain Supreme Court Justice-Matthew B. DURRANT,,1,,Yes,245
Weber,CWS03,Retain Supreme Court Justice-Matthew B. DURRANT,,1,,No,58
Weber,CWS03,Retain Appeals Court Judge-Ryan D. TENNEY,,1,,Yes,235
Weber,CWS03,Retain Appeals Court Judge-Ryan D. TENNEY,,1,,No,64
Weber,CWS03,Retain 2nd District Circuit Court Judge-Joseph M. BEAN,,1,,Yes,232
Weber,CWS03,Retain 2nd District Circuit Court Judge-Joseph M. BEAN,,1,,No,67
Weber,CWS03,Retain 2nd District Circuit Court Judge-Ronald G. RUSSELL,,1,,Yes,244
Weber,CWS03,Retain 2nd District Circuit Court Judge-Ronald G. RUSSELL,,1,,No,58
Weber,CWS03,Retain 2nd District Circuit Court Judge-Christina Patricia ORTEGA,,1,,Yes,229
Weber,CWS03,Retain 2nd District Circuit Court Judge-Christina Patricia ORTEGA,,1,,No,73
Weber,CWS03,Retain 2nd District Circuit Court Judge-Craig HALL,,1,,Yes,244
Weber,CWS03,Retain 2nd District Circuit Court Judge-Craig HALL,,1,,No,58
Weber,CWS03,Retain 2nd District Circuit Court Judge-Michael Drio DIREDA,,1,,Yes,244
Weber,CWS03,Retain 2nd District Circuit Court Judge-Michael Drio DIREDA,,1,,No,58
Weber,CWS03,Retain 2nd District Juvenile Circuit Court Judge-Tasha WILLIAMS,,1,,Yes,240
Weber,CWS03,Retain 2nd District Juvenile Circuit Court Judge-Tasha WILLIAMS,,1,,No,62
Weber,CWS03,Constitutional Amendment B,,1,,For,198
Weber,CWS03,Constitutional Amendment B,,1,,Against,129
Weber,CWS03,Constitutional Amendment C,,1,,For,268
Weber,CWS03,Constitutional Amendment C,,1,,Against,62
Weber,CWS03,Proposition 19,,1,,Yes,175
Weber,CWS03,Proposition 19,,1,,No,156
Weber,CWS04,Registered Voters,,,,,600
Weber,CWS04,Ballots Cast,,,,,523
Weber,CWS04,President,,1,REP,Donald J. TRUMP/ JD VANCE,384
Weber,CWS04,President,,1,DEM,Kamala D. HARRIS / Tim WALZ,114
Weber,CWS04,President,,1,LBT,Chase OLIVER / Mike ter MAAT,6
Weber,CWS04,President,,1,,Claudia de la CRUZ / Karina Alexandra GARCIA,3
Weber,CWS04,President,,1,CON,Joel SKOUSEN / Rik COMBS,1
Weber,CWS04,President,,1,GRN,Jill STEIN / Rudolph WARE,1
Weber,CWS04,President,,1,,Cornel Ronald WEST / Melina ABDULLAH,0
Weber,CWS04,President,,1,,"Lucifer ""JUSTIN CASE"" EVERYLOVE",0
Weber,CWS04,President,,1,,Write-In Totals,9
Weber,CWS04,U.S. Senate,,1,REP,John CURTIS,401
Weber,CWS04,U.S. Senate,,1,DEM,Caroline GLEICH,81
Weber,CWS04,U.S. Senate,,1,IAP,Carleton E. BOWEN,13
Weber,CWS04,U.S. Senate,,1,,Write-In Totals,4
Weber,CWS04,U.S. House,1,1,REP,Blake D. MOORE,397
Weber,CWS04,U.S. House,1,1,DEM,Bill CAMPBELL,71
Weber,CWS04,U.S. House,1,1,LBT,Daniel R. COTTAM,27
Weber,CWS04,Governor,,1,REP,Spencer J. COX / Deidre M. HENDERSON,356
Weber,CWS04,Governor,,1,DEM,Brian SMITH KING / Rebekah CUMMINGS,57
Weber,CWS04,Governor,,1,LBT,J. Robert LATHAM / Barry Evan SHORT,10
Weber,CWS04,Governor,,1,IAP,Tommy WILLIAMS / Archie A. WILLIAMS III,8
Weber,CWS04,Governor,,1,,Tom TOMENY / William LANSING TAYLOR,5
Weber,CWS04,Governor,,1,,Write-In Totals,75
Weber,CWS04,Attorney General,,1,REP,Derek BROWN,363
Weber,CWS04,Attorney General,,1,DEM,Rudy J BAUTISTA,76
Weber,CWS04,Attorney General,,1,,Austin HEPWORTH,21
Weber,CWS04,Attorney General,,1,LBT,W. Andrew McCULLOUGH,20
Weber,CWS04,Attorney General,,1,UUP,Michelle QUIST,15
Weber,CWS04,State Auditor,,1,REP,Tina CANNON,386
Weber,CWS04,State Auditor,,1,DEM,Catherine VOUTAZ,79
Weber,CWS04,State Auditor,,1,CON,Jeffery L. OSTLER,27
Weber,CWS04,State Treasurer,,1,REP,Marlo M. OAKS,370
Weber,CWS04,State Treasurer,,1,DEM,Neil A HANSEN,99
Weber,CWS04,State Treasurer,,1,UFP,Miles POMEROY,18
Weber,CWS04,State Senate,4,1,REP,Calvin Ray MUSSELMAN,351
Weber,CWS04,State House,12,1,REP,Mike SCHULTZ,399
Weber,CWS04,State House,12,1,DEM,Sharon HILTON,102
Weber,CWS04,County Commission,C,1,REP,Jim HARVEY,329
Weber,CWS04,County Commission,C,1,DEM,Steven VAN WAGONER,131
Weber,CWS04,County Commission,C,1,LBT,Brian K ROWLEY,37
Weber,CWS04,County Assessor,,1,REP,John E. ULIBARRI,433
Weber,CWS04,County Recorder/Surveyor,,1,REP,Bahy RAHIMZADEGAN,417
Weber,CWS04,County Treasurer,,1,REP,Lynelle JENSEN,429
Weber,CWS04,Weber School Board,4,1,,Paul J. WIDDISON,419
Weber,CWS04,Retain Supreme Court Justice-Matthew B. DURRANT,,1,,Yes,353
Weber,CWS04,Retain Supreme Court Justice-Matthew B. DURRANT,,1,,No,85
Weber,CWS04,Retain Appeals Court Judge-Ryan D. TENNEY,,1,,Yes,340
Weber,CWS04,Retain Appeals Court Judge-Ryan D. TENNEY,,1,,No,96
Weber,CWS04,Retain 2nd District Circuit Court Judge-Joseph M. BEAN,,1,,Yes,351
Weber,CWS04,Retain 2nd District Circuit Court Judge-Joseph M. BEAN,,1,,No,84
Weber,CWS04,Retain 2nd District Circuit Court Judge-Ronald G. RUSSELL,,1,,Yes,348
Weber,CWS04,Retain 2nd District Circuit Court Judge-Ronald G. RUSSELL,,1,,No,89
Weber,CWS04,Retain 2nd District Circuit Court Judge-Christina Patricia ORTEGA,,1,,Yes,348
Weber,CWS04,Retain 2nd District Circuit Court Judge-Christina Patricia ORTEGA,,1,,No,89
Weber,CWS04,Retain 2nd District Circuit Court Judge-Craig HALL,,1,,Yes,346
Weber,CWS04,Retain 2nd District Circuit Court Judge-Craig HALL,,1,,No,90
Weber,CWS04,Retain 2nd District Circuit Court Judge-Michael Drio DIREDA,,1,,Yes,350
Weber,CWS04,Retain 2nd District Circuit Court Judge-Michael Drio DIREDA,,1,,No,85
Weber,CWS04,Retain 2nd District Juvenile Circuit Court Judge-Tasha WILLIAMS,,1,,Yes,356
Weber,CWS04,Retain 2nd District Juvenile Circuit Court Judge-Tasha WILLIAMS,,1,,No,83
Weber,CWS04,Constitutional Amendment B,,1,,For,288
Weber,CWS04,Constitutional Amendment B,,1,,Against,192
Weber,CWS04,Constitutional Amendment C,,1,,For,403
Weber,CWS04,Constitutional Amendment C,,1,,Against,83
Weber,CWS04,Proposition 19,,1,,Yes,283
Weber,CWS04,Proposition 19,,1,,No,213
Weber,CWS05,Registered Voters,,,,,1032
Weber,CWS05,Ballots Cast,,,,,895
Weber,CWS05,President,,1,REP,Donald J. TRUMP/ JD VANCE,690
Weber,CWS05,President,,1,DEM,Kamala D. HARRIS / Tim WALZ,171
Weber,CWS05,President,,1,LBT,Chase OLIVER / Mike ter MAAT,10
Weber,CWS05,President,,1,CON,Joel SKOUSEN / Rik COMBS,3
Weber,CWS05,President,,1,GRN,Jill STEIN / Rudolph WARE,3
Weber,CWS05,President,,1,,Claudia de la CRUZ / Karina Alexandra GARCIA,2
Weber,CWS05,President,,1,,Cornel Ronald WEST / Melina ABDULLAH,0
Weber,CWS05,President,,1,,"Lucifer ""JUSTIN CASE"" EVERYLOVE",0
Weber,CWS05,President,,1,,Write-In Totals,11
Weber,CWS05,U.S. Senate,,1,REP,John CURTIS,684
Weber,CWS05,U.S. Senate,,1,DEM,Caroline GLEICH,138
Weber,CWS05,U.S. Senate,,1,IAP,Carleton E. BOWEN,35
Weber,CWS05,U.S. Senate,,1,,Write-In Totals,2
Weber,CWS05,U.S. House,1,1,REP,Blake D. MOORE,691
Weber,CWS05,U.S. House,1,1,DEM,Bill CAMPBELL,129
Weber,CWS05,U.S. House,1,1,LBT,Daniel R. COTTAM,30
Weber,CWS05,Governor,,1,REP,Spencer J. COX / Deidre M. HENDERSON,551
Weber,CWS05,Governor,,1,DEM,Brian SMITH KING / Rebekah CUMMINGS,124
Weber,CWS05,Governor,,1,LBT,J. Robert LATHAM / Barry Evan SHORT,24
Weber,CWS05,Governor,,1,IAP,Tommy WILLIAMS / Archie A. WILLIAMS III,20
Weber,CWS05,Governor,,1,,Tom TOMENY / William LANSING TAYLOR,3
Weber,CWS05,Governor,,1,,Write-In Totals,152
Weber,CWS05,Attorney General,,1,REP,Derek BROWN,634
Weber,CWS05,Attorney General,,1,DEM,Rudy J BAUTISTA,127
Weber,CWS05,Attorney General,,1,UUP,Michelle QUIST,37
Weber,CWS05,Attorney General,,1,LBT,W. Andrew McCULLOUGH,31
Weber,CWS05,Attorney General,,1,,Austin HEPWORTH,27
Weber,CWS05,State Auditor,,1,REP,Tina CANNON,669
Weber,CWS05,State Auditor,,1,DEM,Catherine VOUTAZ,128
Weber,CWS05,State Auditor,,1,CON,Jeffery L. OSTLER,41
Weber,CWS05,State Treasurer,,1,REP,Marlo M. OAKS,642
Weber,CWS05,State Treasurer,,1,DEM,Neil A HANSEN,163
Weber,CWS05,State Treasurer,,1,UFP,Miles POMEROY,37
Weber,CWS05,State Senate,4,1,REP,Calvin Ray MUSSELMAN,622
Weber,CWS05,State House,12,1,REP,Mike SCHULTZ,683
Weber,CWS05,State House,12,1,DEM,Sharon HILTON,169
Weber,CWS05,County Commission,C,1,REP,Jim HARVEY,591
Weber,CWS05,County Commission,C,1,DEM,Steven VAN WAGONER,178
Weber,CWS05,County Commission,C,1,LBT,Brian K ROWLEY,80
Weber,CWS05,County Assessor,,1,REP,John E. ULIBARRI,708
Weber,CWS05,County Recorder/Surveyor,,1,REP,Bahy RAHIMZADEGAN,687
Weber,CWS05,County Treasurer,,1,REP,Lynelle JENSEN,718
Weber,CWS05,Retain Supreme Court Justice-Matthew B. DURRANT,,1,,Yes,565
Weber,CWS05,Retain Supreme Court Justice-Matthew B. DURRANT,,1,,No,175
Weber,CWS05,Retain Appeals Court Judge-Ryan D. TENNEY,,1,,Yes,560
Weber,CWS05,Retain Appeals Court Judge-Ryan D. TENNEY,,1,,No,174
Weber,CWS05,Retain 2nd District Circuit Court Judge-Joseph M. BEAN,,1,,Yes,539
Weber,CWS05,Retain 2nd District Circuit Court Judge-Joseph M. BEAN,,1,,No,190
Weber,CWS05,Retain 2nd District Circuit Court Judge-Ronald G. RUSSELL,,1,,Yes,559
Weber,CWS05,Retain 2nd District Circuit Court Judge-Ronald G. RUSSELL,,1,,No,171
Weber,CWS05,Retain 2nd District Circuit Court Judge-Christina Patricia ORTEGA,,1,,Yes,532
Weber,CWS05,Retain 2nd District Circuit Court Judge-Christina Patricia ORTEGA,,1,,No,202
Weber,CWS05,Retain 2nd District Circuit Court Judge-Craig HALL,,1,,Yes,537
Weber,CWS05,Retain 2nd District Circuit Court Judge-Craig HALL,,1,,No,192
Weber,CWS05,Retain 2nd District Circuit Court Judge-Michael Drio DIREDA,,1,,Yes,562
Weber,CWS05,Retain 2nd District Circuit Court Judge-Michael Drio DIREDA,,1,,No,174
Weber,CWS05,Retain 2nd District Juvenile Circuit Court Judge-Tasha WILLIAMS,,1,,Yes,571
Weber,CWS05,Retain 2nd District Juvenile Circuit Court Judge-Tasha WILLIAMS,,1,,No,165
Weber,CWS05,Constitutional Amendment B,,1,,For,535
Weber,CWS05,Constitutional Amendment B,,1,,Against,293
Weber,CWS05,Constitutional Amendment C,,1,,For,689
Weber,CWS05,Constitutional Amendment C,,1,,Against,141
Weber,CWS05,Proposition 19,,1,,Yes,495
Weber,CWS05,Proposition 19,,1,,No,349
Weber,CWS06,Registered Voters,,,,,433
Weber,CWS06,Ballots Cast,,,,,390
Weber,CWS06,President,,1,REP,Donald J. TRUMP/ JD VANCE,296
Weber,CWS06,President,,1,DEM,Kamala D. HARRIS / Tim WALZ,74
Weber,CWS06,President,,1,GRN,Jill STEIN / Rudolph WARE,4
Weber,CWS06,President,,1,LBT,Chase OLIVER / Mike ter MAAT,4
Weber,CWS06,President,,1,CON,Joel SKOUSEN / Rik COMBS,3
Weber,CWS06,President,,1,,Cornel Ronald WEST / Melina ABDULLAH,0
Weber,CWS06,President,,1,,"Lucifer ""JUSTIN CASE"" EVERYLOVE",0
Weber,CWS06,President,,1,,Claudia de la CRUZ / Karina Alexandra GARCIA,0
Weber,CWS06,President,,1,,Write-In Totals,2
Weber,CWS06,U.S. Senate,,1,REP,John CURTIS,286
Weber,CWS06,U.S. Senate,,1,DEM,Caroline GLEICH,59
Weber,CWS06,U.S. Senate,,1,IAP,Carleton E. BOWEN,26
Weber,CWS06,U.S. Senate,,1,,Write-In Totals,5
Weber,CWS06,U.S. House,1,1,REP,Blake D. MOORE,298
Weber,CWS06,U.S. House,1,1,DEM,Bill CAMPBELL,52
Weber,CWS06,U.S. House,1,1,LBT,Daniel R. COTTAM,22
Weber,CWS06,Governor,,1,REP,Spencer J. COX / Deidre M. HENDERSON,241
Weber,CWS06,Governor,,1,DEM,Brian SMITH KING / Rebekah CUMMINGS,46
Weber,CWS06,Governor,,1,LBT,J. Robert LATHAM / Barry Evan SHORT,9
Weber,CWS06,Governor,,1,IAP,Tommy WILLIAMS / Archie A. WILLIAMS III,6
Weber,CWS06,Governor,,1,,Tom TOMENY / William LANSING TAYLOR,0
Weber,CWS06,Governor,,1,,Write-In Totals,79
Weber,CWS06,Attorney General,,1,REP,Derek BROWN,274
Weber,CWS06,Attorney General,,1,DEM,Rudy J BAUTISTA,51
Weber,CWS06,Attorney General,,1,UUP,Michelle QUIST,19
Weber,CWS06,Attorney General,,1,,Austin HEPWORTH,17
Weber,CWS06,Attorney General,,1,LBT,W. Andrew McCULLOUGH,8
Weber,CWS06,State Auditor,,1,REP,Tina CANNON,288
Weber,CWS06,State Auditor,,1,DEM,Catherine VOUTAZ,51
Weber,CWS06,State Auditor,,1,CON,Jeffery L. OSTLER,19
Weber,CWS06,State Treasurer,,1,REP,Marlo M. OAKS,291
Weber,CWS06,State Treasurer,,1,DEM,Neil A HANSEN,54
Weber,CWS06,State Treasurer,,1,UFP,Miles POMEROY,16
Weber,CWS06,State Senate,4,1,REP,Calvin Ray MUSSELMAN,286
Weber,CWS06,State House,9,1,REP,Jake SAWYER,286
Weber,CWS06,State House,9,1,DEM,Angela CHOBERKA,66
Weber,CWS06,State House,9,1,LBT,Jacob K. JOHNSON,15
Weber,CWS06,County Commission,C,1,REP,Jim HARVEY,258
Weber,CWS06,County Commission,C,1,DEM,Steven VAN WAGONER,90
Weber,CWS06,County Commission,C,1,LBT,Brian K ROWLEY,28
Weber,CWS06,County Assessor,,1,REP,John E. ULIBARRI,318
Weber,CWS06,County Recorder/Surveyor,,1,REP,Bahy RAHIMZADEGAN,308
Weber,CWS06,County Treasurer,,1,REP,Lynelle JENSEN,317
Weber,CWS06,Retain Supreme Court Justice-Matthew B. DURRANT,,1,,Yes,247
Weber,CWS06,Retain Supreme Court Justice-Matthew B. DURRANT,,1,,No,78
Weber,CWS06,Retain Appeals Court Judge-Ryan D. TENNEY,,1,,Yes,244
Weber,CWS06,Retain Appeals Court Judge-Ryan D. TENNEY,,1,,No,80
Weber,CWS06,Retain 2nd District Circuit Court Judge-Joseph M. BEAN,,1,,Yes,235
Weber,CWS06,Retain 2nd District Circuit Court Judge-Joseph M. BEAN,,1,,No,87
Weber,CWS06,Retain 2nd District Circuit Court Judge-Ronald G. RUSSELL,,1,,Yes,253
Weber,CWS06,Retain 2nd District Circuit Court Judge-Ronald G. RUSSELL,,1,,No,70
Weber,CWS06,Retain 2nd District Circuit Court Judge-Christina Patricia ORTEGA,,1,,Yes,227
Weber,CWS06,Retain 2nd District Circuit Court Judge-Christina Patricia ORTEGA,,1,,No,99
Weber,CWS06,Retain 2nd District Circuit Court Judge-Craig HALL,,1,,Yes,237
Weber,CWS06,Retain 2nd District Circuit Court Judge-Craig HALL,,1,,No,84
Weber,CWS06,Retain 2nd District Circuit Court Judge-Michael Drio DIREDA,,1,,Yes,244
Weber,CWS06,Retain 2nd District Circuit Court Judge-Michael Drio DIREDA,,1,,No,79
Weber,CWS06,Retain 2nd District Juvenile Circuit Court Judge-Tasha WILLIAMS,,1,,Yes,251
Weber,CWS06,Retain 2nd District Juvenile Circuit Court Judge-Tasha WILLIAMS,,1,,No,70
Weber,CWS06,Constitutional Amendment B,,1,,For,216
Weber,CWS06,Constitutional Amendment B,,1,,Against,141
Weber,CWS06,Constitutional Amendment C,,1,,For,298
Weber,CWS06,Constitutional Amendment C,,1,,Against,59
Weber,CWS06,Proposition 19,,1,,Yes,214
Weber,CWS06,Proposition 19,,1,,No,155
Weber,CWS07,Registered Voters,,,,,235
Weber,CWS07,Ballots Cast,,,,,210
Weber,CWS07,President,,1,REP,Donald J. TRUMP/ JD VANCE,165
Weber,CWS07,President,,1,DEM,Kamala D. HARRIS / Tim WALZ,36
Weber,CWS07,President,,1,LBT,Chase OLIVER / Mike ter MAAT,3
Weber,CWS07,President,,1,CON,Joel SKOUSEN / Rik COMBS,1
Weber,CWS07,President,,1,GRN,Jill STEIN / Rudolph WARE,1
Weber,CWS07,President,,1,,Cornel Ronald WEST / Melina ABDULLAH,0
Weber,CWS07,President,,1,,"Lucifer ""JUSTIN CASE"" EVERYLOVE",0
Weber,CWS07,President,,1,,Claudia de la CRUZ / Karina Alexandra GARCIA,0
Weber,CWS07,President,,1,,Write-In Totals,3
Weber,CWS07,U.S. Senate,,1,REP,John CURTIS,153
Weber,CWS07,U.S. Senate,,1,DEM,Caroline GLEICH,27
Weber,CWS07,U.S. Senate,,1,IAP,Carleton E. BOWEN,14
Weber,CWS07,U.S. Senate,,1,,Write-In Totals,2
Weber,CWS07,U.S. House,1,1,REP,Blake D. MOORE,150
Weber,CWS07,U.S. House,1,1,DEM,Bill CAMPBELL,29
Weber,CWS07,U.S. House,1,1,LBT,Daniel R. COTTAM,13
Weber,CWS07,Governor,,1,REP,Spencer J. COX / Deidre M. HENDERSON,106
Weber,CWS07,Governor,,1,DEM,Brian SMITH KING / Rebekah CUMMINGS,25
Weber,CWS07,Governor,,1,LBT,J. Robert LATHAM / Barry Evan SHORT,9
Weber,CWS07,Governor,,1,IAP,Tommy WILLIAMS / Archie A. WILLIAMS III,2
Weber,CWS07,Governor,,1,,Tom TOMENY / William LANSING TAYLOR,1
Weber,CWS07,Governor,,1,,Write-In Totals,58
Weber,CWS07,Attorney General,,1,REP,Derek BROWN,145
Weber,CWS07,Attorney General,,1,DEM,Rudy J BAUTISTA,28
Weber,CWS07,Attorney General,,1,,Austin HEPWORTH,11
Weber,CWS07,Attorney General,,1,LBT,W. Andrew McCULLOUGH,7
Weber,CWS07,Attorney General,,1,UUP,Michelle QUIST,3
Weber,CWS07,State Auditor,,1,REP,Tina CANNON,154
Weber,CWS07,State Auditor,,1,DEM,Catherine VOUTAZ,24
Weber,CWS07,State Auditor,,1,CON,Jeffery L. OSTLER,12
Weber,CWS07,State Treasurer,,1,REP,Marlo M. OAKS,161
Weber,CWS07,State Treasurer,,1,DEM,Neil A HANSEN,26
Weber,CWS07,State Treasurer,,1,UFP,Miles POMEROY,3
Weber,CWS07,State Senate,4,1,REP,Calvin Ray MUSSELMAN,139
Weber,CWS07,State House,6,1,REP,Matthew H. GWYNN,162
Weber,CWS07,State House,6,1,DEM,Amber HARDY,33
Weber,CWS07,County Commission,C,1,REP,Jim HARVEY,120
Weber,CWS07,County Commission,C,1,DEM,Steven VAN WAGONER,54
Weber,CWS07,County Commission,C,1,LBT,Brian K ROWLEY,18
Weber,CWS07,County Assessor,,1,REP,John E. ULIBARRI,153
Weber,CWS07,County Recorder/Surveyor,,1,REP,Bahy RAHIMZADEGAN,150
Weber,CWS07,County Treasurer,,1,REP,Lynelle JENSEN,155
Weber,CWS07,Weber School Board,4,1,,Paul J. WIDDISON,141
Weber,CWS07,Retain Supreme Court Justice-Matthew B. DURRANT,,1,,Yes,127
Weber,CWS07,Retain Supreme Court Justice-Matthew B. DURRANT,,1,,No,49
Weber,CWS07,Retain Appeals Court Judge-Ryan D. TENNEY,,1,,Yes,129
Weber,CWS07,Retain Appeals Court Judge-Ryan D. TENNEY,,1,,No,43
Weber,CWS07,Retain 2nd District Circuit Court Judge-Joseph M. BEAN,,1,,Yes,125
Weber,CWS07,Retain 2nd District Circuit Court Judge-Joseph M. BEAN,,1,,No,42
Weber,CWS07,Retain 2nd District Circuit Court Judge-Ronald G. RUSSELL,,1,,Yes,130
Weber,CWS07,Retain 2nd District Circuit Court Judge-Ronald G. RUSSELL,,1,,No,39
Weber,CWS07,Retain 2nd District Circuit Court Judge-Christina Patricia ORTEGA,,1,,Yes,132
Weber,CWS07,Retain 2nd District Circuit Court Judge-Christina Patricia ORTEGA,,1,,No,44
Weber,CWS07,Retain 2nd District Circuit Court Judge-Craig HALL,,1,,Yes,123
Weber,CWS07,Retain 2nd District Circuit Court Judge-Craig HALL,,1,,No,46
Weber,CWS07,Retain 2nd District Circuit Court Judge-Michael Drio DIREDA,,1,,Yes,132
Weber,CWS07,Retain 2nd District Circuit Court Judge-Michael Drio DIREDA,,1,,No,40
Weber,CWS07,Retain 2nd District Juvenile Circuit Court Judge-Tasha WILLIAMS,,1,,Yes,129
Weber,CWS07,Retain 2nd District Juvenile Circuit Court Judge-Tasha WILLIAMS,,1,,No,42
Weber,CWS07,Constitutional Amendment B,,1,,Against,100
Weber,CWS07,Constitutional Amendment B,,1,,For,93
Weber,CWS07,Constitutional Amendment C,,1,,For,170
Weber,CWS07,Constitutional Amendment C,,1,,Against,24
Weber,CWS07,Proposition 19,,1,,No,101
Weber,CWS07,Proposition 19,,1,,Yes,85
Weber,CWS08 Suppressed,Registered Voters,,,,,3
Weber,CWS08 Suppressed,Ballots Cast,,,,,1
Weber,CWS08 Suppressed,President,,1,DEM,Kamala D. HARRIS / Tim WALZ,
Weber,CWS08 Suppressed,President,,1,,Cornel Ronald WEST / Melina ABDULLAH,
Weber,CWS08 Suppressed,President,,1,,"Lucifer ""JUSTIN CASE"" EVERYLOVE",
Weber,CWS08 Suppressed,President,,1,CON,Joel SKOUSEN / Rik COMBS,
Weber,CWS08 Suppressed,President,,1,GRN,Jill STEIN / Rudolph WARE,
Weber,CWS08 Suppressed,President,,1,REP,Donald J. TRUMP/ JD VANCE,
Weber,CWS08 Suppressed,President,,1,LBT,Chase OLIVER / Mike ter MAAT,
Weber,CWS08 Suppressed,President,,1,,Claudia de la CRUZ / Karina Alexandra GARCIA,
Weber,CWS08 Suppressed,President,,1,,Write-In Totals,
Weber,CWS08 Suppressed,U.S. Senate,,1,DEM,Caroline GLEICH,
Weber,CWS08 Suppressed,U.S. Senate,,1,IAP,Carleton E. BOWEN,
Weber,CWS08 Suppressed,U.S. Senate,,1,REP,John CURTIS,
Weber,CWS08 Suppressed,U.S. Senate,,1,,Write-In Totals,
Weber,CWS08 Suppressed,U.S. House,1,1,DEM,Bill CAMPBELL,
Weber,CWS08 Suppressed,U.S. House,1,1,LBT,Daniel R. COTTAM,
Weber,CWS08 Suppressed,U.S. House,1,1,REP,Blake D. MOORE,
Weber,CWS08 Suppressed,Governor,,1,DEM,Brian SMITH KING / Rebekah CUMMINGS,
Weber,CWS08 Suppressed,Governor,,1,REP,Spencer J. COX / Deidre M. HENDERSON,
Weber,CWS08 Suppressed,Governor,,1,IAP,Tommy WILLIAMS / Archie A. WILLIAMS III,
Weber,CWS08 Suppressed,Governor,,1,LBT,J. Robert LATHAM / Barry Evan SHORT,
Weber,CWS08 Suppressed,Governor,,1,,Tom TOMENY / William LANSING TAYLOR,
Weber,CWS08 Suppressed,Governor,,1,,Write-In Totals,
Weber,CWS08 Suppressed,Attorney General,,1,DEM,Rudy J BAUTISTA,
Weber,CWS08 Suppressed,Attorney General,,1,REP,Derek BROWN,
Weber,CWS08 Suppressed,Attorney General,,1,LBT,W. Andrew McCULLOUGH,
Weber,CWS08 Suppressed,Attorney General,,1,,Austin HEPWORTH,
Weber,CWS08 Suppressed,Attorney General,,1,UUP,Michelle QUIST,
Weber,CWS08 Suppressed,State Auditor,,1,DEM,Catherine VOUTAZ,
Weber,CWS08 Suppressed,State Auditor,,1,REP,Tina CANNON,
Weber,CWS08 Suppressed,State Auditor,,1,CON,Jeffery L. OSTLER,
Weber,CWS08 Suppressed,State Treasurer,,1,DEM,Neil A HANSEN,
Weber,CWS08 Suppressed,State Treasurer,,1,UFP,Miles POMEROY,
Weber,CWS08 Suppressed,State Treasurer,,1,REP,Marlo M. OAKS,
Weber,CWS08 Suppressed,State House,9,1,DEM,Angela CHOBERKA,
Weber,CWS08 Suppressed,State House,9,1,LBT,Jacob K. JOHNSON,
Weber,CWS08 Suppressed,State House,9,1,REP,Jake SAWYER,
Weber,CWS08 Suppressed,County Commission,C,1,DEM,Steven VAN WAGONER,
Weber,CWS08 Suppressed,County Commission,C,1,LBT,Brian K ROWLEY,
Weber,CWS08 Suppressed,County Commission,C,1,REP,Jim HARVEY,
Weber,CWS08 Suppressed,County Assessor,,1,REP,John E. ULIBARRI,
Weber,CWS08 Suppressed,County Recorder/Surveyor,,1,REP,Bahy RAHIMZADEGAN,
Weber,CWS08 Suppressed,County Treasurer,,1,REP,Lynelle JENSEN,
Weber,CWS08 Suppressed,Retain Supreme Court Justice-Matthew B. DURRANT,,1,,Yes,
Weber,CWS08 Suppressed,Retain Supreme Court Justice-Matthew B. DURRANT,,1,,No,
Weber,CWS08 Suppressed,Retain Appeals Court Judge-Ryan D. TENNEY,,1,,No,
Weber,CWS08 Suppressed,Retain Appeals Court Judge-Ryan D. TENNEY,,1,,Yes,
Weber,CWS08 Suppressed,Retain 2nd District Circuit Court Judge-Joseph M. BEAN,,1,,Yes,
Weber,CWS08 Suppressed,Retain 2nd District Circuit Court Judge-Joseph M. BEAN,,1,,No,
Weber,CWS08 Suppressed,Retain 2nd District Circuit Court Judge-Ronald G. RUSSELL,,1,,Yes,
Weber,CWS08 Suppressed,Retain 2nd District Circuit Court Judge-Ronald G. RUSSELL,,1,,No,
Weber,CWS08 Suppressed,Retain 2nd District Circuit Court Judge-Christina Patricia ORTEGA,,1,,Yes,
Weber,CWS08 Suppressed,Retain 2nd District Circuit Court Judge-Christina Patricia ORTEGA,,1,,No,
Weber,CWS08 Suppressed,Retain 2nd District Circuit Court Judge-Craig HALL,,1,,No,
Weber,CWS08 Suppressed,Retain 2nd District Circuit Court Judge-Craig HALL,,1,,Yes,
Weber,CWS08 Suppressed,Retain 2nd District Circuit Court Judge-Michael Drio DIREDA,,1,,Yes,
Weber,CWS08 Suppressed,Retain 2nd District Circuit Court Judge-Michael Drio DIREDA,,1,,No,
Weber,CWS08 Suppressed,Retain 2nd District Juvenile Circuit Court Judge-Tasha WILLIAMS,,1,,No,
Weber,CWS08 Suppressed,Retain 2nd District Juvenile Circuit Court Judge-Tasha WILLIAMS,,1,,Yes,
Weber,CWS08 Suppressed,Constitutional Amendment B,,1,,For,
Weber,CWS08 Suppressed,Constitutional Amendment B,,1,,Against,
Weber,CWS08 Suppressed,Constitutional Amendment C,,1,,For,
Weber,CWS08 Suppressed,Constitutional Amendment C,,1,,Against,
Weber,CWS08 Suppressed,Proposition 19,,1,,Yes,
Weber,CWS08 Suppressed,Proposition 19,,1,,No,
Weber,CWS09,Registered Voters,,,,,0
Weber,CWS09,Ballots Cast,,,,,0
Weber,CWS09,President,,1,,Cornel Ronald WEST / Melina ABDULLAH,0
Weber,CWS09,President,,1,,"Lucifer ""JUSTIN CASE"" EVERYLOVE",0
Weber,CWS09,President,,1,CON,Joel SKOUSEN / Rik COMBS,0
Weber,CWS09,President,,1,GRN,Jill STEIN / Rudolph WARE,0
Weber,CWS09,President,,1,REP,Donald J. TRUMP/ JD VANCE,0
Weber,CWS09,President,,1,LBT,Chase OLIVER / Mike ter MAAT,0
Weber,CWS09,President,,1,DEM,Kamala D. HARRIS / Tim WALZ,0
Weber,CWS09,President,,1,,Claudia de la CRUZ / Karina Alexandra GARCIA,0
Weber,CWS09,President,,1,,Write-In Totals,0
Weber,CWS09,U.S. Senate,,1,IAP,Carleton E. BOWEN,0
Weber,CWS09,U.S. Senate,,1,REP,John CURTIS,0
Weber,CWS09,U.S. Senate,,1,DEM,Caroline GLEICH,0
Weber,CWS09,U.S. Senate,,1,,Write-In Totals,0
Weber,CWS09,U.S. House,1,1,DEM,Bill CAMPBELL,0
Weber,CWS09,U.S. House,1,1,LBT,Daniel R. COTTAM,0
Weber,CWS09,U.S. House,1,1,REP,Blake D. MOORE,0
Weber,CWS09,Governor,,1,REP,Spencer J. COX / Deidre M. HENDERSON,0
Weber,CWS09,Governor,,1,IAP,Tommy WILLIAMS / Archie A. WILLIAMS III,0
Weber,CWS09,Governor,,1,DEM,Brian SMITH KING / Rebekah CUMMINGS,0
Weber,CWS09,Governor,,1,LBT,J. Robert LATHAM / Barry Evan SHORT,0
Weber,CWS09,Governor,,1,,Tom TOMENY / William LANSING TAYLOR,0
Weber,CWS09,Governor,,1,,Write-In Totals,0
Weber,CWS09,Attorney General,,1,REP,Derek BROWN,0
Weber,CWS09,Attorney General,,1,DEM,Rudy J BAUTISTA,0
Weber,CWS09,Attorney General,,1,LBT,W. Andrew McCULLOUGH,0
Weber,CWS09,Attorney General,,1,,Austin HEPWORTH,0
Weber,CWS09,Attorney General,,1,UUP,Michelle QUIST,0
Weber,CWS09,State Auditor,,1,REP,Tina CANNON,0
Weber,CWS09,State Auditor,,1,CON,Jeffery L. OSTLER,0
Weber,CWS09,State Auditor,,1,DEM,Catherine VOUTAZ,0
Weber,CWS09,State Treasurer,,1,UFP,Miles POMEROY,0
Weber,CWS09,State Treasurer,,1,REP,Marlo M. OAKS,0
Weber,CWS09,State Treasurer,,1,DEM,Neil A HANSEN,0
Weber,CWS09,State Senate,4,1,REP,Calvin Ray MUSSELMAN,0
Weber,CWS09,State House,9,1,DEM,Angela CHOBERKA,0
Weber,CWS09,State House,9,1,LBT,Jacob K. JOHNSON,0
Weber,CWS09,State House,9,1,REP,Jake SAWYER,0
Weber,CWS09,County Commission,C,1,LBT,Brian K ROWLEY,0
Weber,CWS09,County Commission,C,1,DEM,Steven VAN WAGONER,0
Weber,CWS09,County Commission,C,1,REP,Jim HARVEY,0
Weber,CWS09,County Assessor,,1,REP,John E. ULIBARRI,0
Weber,CWS09,County Recorder/Surveyor,,1,REP,Bahy RAHIMZADEGAN,0
Weber,CWS09,County Treasurer,,1,REP,Lynelle JENSEN,0
Weber,CWS09,Retain Supreme Court Justice-Matthew B. DURRANT,,1,,Yes,0
Weber,CWS09,Retain Supreme Court Justice-Matthew B. DURRANT,,1,,No,0
Weber,CWS09,Retain Appeals Court Judge-Ryan D. TENNEY,,1,,Yes,0
Weber,CWS09,Retain Appeals Court Judge-Ryan D. TENNEY,,1,,No,0
Weber,CWS09,Retain 2nd District Circuit Court Judge-Joseph M. BEAN,,1,,Yes,0
Weber,CWS09,Retain 2nd District Circuit Court Judge-Joseph M. BEAN,,1,,No,0
Weber,CWS09,Retain 2nd District Circuit Court Judge-Ronald G. RUSSELL,,1,,Yes,0
Weber,CWS09,Retain 2nd District Circuit Court Judge-Ronald G. RUSSELL,,1,,No,0
Weber,CWS09,Retain 2nd District Circuit Court Judge-Christina Patricia ORTEGA,,1,,Yes,0
Weber,CWS09,Retain 2nd District Circuit Court Judge-Christina Patricia ORTEGA,,1,,No,0
Weber,CWS09,Retain 2nd District Circuit Court Judge-Craig HALL,,1,,Yes,0
Weber,CWS09,Retain 2nd District Circuit Court Judge-Craig HALL,,1,,No,0
Weber,CWS09,Retain 2nd District Circuit Court Judge-Michael Drio DIREDA,,1,,Yes,0
Weber,CWS09,Retain 2nd District Circuit Court Judge-Michael Drio DIREDA,,1,,No,0
Weber,CWS09,Retain 2nd District Juvenile Circuit Court Judge-Tasha WILLIAMS,,1,,Yes,0
Weber,CWS09,Retain 2nd District Juvenile Circuit Court Judge-Tasha WILLIAMS,,1,,No,0
Weber,CWS09,Constitutional Amendment B,,1,,For,0
Weber,CWS09,Constitutional Amendment B,,1,,Against,0
Weber,CWS09,Constitutional Amendment C,,1,,For,0
Weber,CWS09,Constitutional Amendment C,,1,,Against,0
Weber,CWS09,Proposition 19,,1,,Yes,0
Weber,CWS09,Proposition 19,,1,,No,0
Weber,FRW01,Registered Voters,,,,,1042
Weber,FRW01,Ballots Cast,,,,,906
Weber,FRW01,President,,1,REP,Donald J. TRUMP/ JD VANCE,665
Weber,FRW01,President,,1,DEM,Kamala D. HARRIS / Tim WALZ,208
Weber,FRW01,President,,1,CON,Joel SKOUSEN / Rik COMBS,8
Weber,FRW01,President,,1,LBT,Chase OLIVER / Mike ter MAAT,8
Weber,FRW01,President,,1,GRN,Jill STEIN / Rudolph WARE,3
Weber,FRW01,President,,1,,"Lucifer ""JUSTIN CASE"" EVERYLOVE",2
Weber,FRW01,President,,1,,Cornel Ronald WEST / Melina ABDULLAH,1
Weber,FRW01,President,,1,,Claudia de la CRUZ / Karina Alexandra GARCIA,0
Weber,FRW01,President,,1,,Write-In Totals,6
Weber,FRW01,U.S. Senate,,1,REP,John CURTIS,648
Weber,FRW01,U.S. Senate,,1,DEM,Caroline GLEICH,161
Weber,FRW01,U.S. Senate,,1,IAP,Carleton E. BOWEN,50
Weber,FRW01,U.S. Senate,,1,,Write-In Totals,5
Weber,FRW01,U.S. House,1,1,REP,Blake D. MOORE,679
Weber,FRW01,U.S. House,1,1,DEM,Bill CAMPBELL,149
Weber,FRW01,U.S. House,1,1,LBT,Daniel R. COTTAM,36
Weber,FRW01,Governor,,1,REP,Spencer J. COX / Deidre M. HENDERSON,533
Weber,FRW01,Governor,,1,DEM,Brian SMITH KING / Rebekah CUMMINGS,149
Weber,FRW01,Governor,,1,LBT,J. Robert LATHAM / Barry Evan SHORT,34
Weber,FRW01,Governor,,1,IAP,Tommy WILLIAMS / Archie A. WILLIAMS III,23
Weber,FRW01,Governor,,1,,Tom TOMENY / William LANSING TAYLOR,1
Weber,FRW01,Governor,,1,,Write-In Totals,140
Weber,FRW01,Attorney General,,1,REP,Derek BROWN,621
Weber,FRW01,Attorney General,,1,DEM,Rudy J BAUTISTA,137
Weber,FRW01,Attorney General,,1,UUP,Michelle QUIST,48
Weber,FRW01,Attorney General,,1,LBT,W. Andrew McCULLOUGH,29
Weber,FRW01,Attorney General,,1,,Austin HEPWORTH,23
Weber,FRW01,State Auditor,,1,REP,Tina CANNON,655
Weber,FRW01,State Auditor,,1,DEM,Catherine VOUTAZ,149
Weber,FRW01,State Auditor,,1,CON,Jeffery L. OSTLER,38
Weber,FRW01,State Treasurer,,1,REP,Marlo M. OAKS,644
Weber,FRW01,State Treasurer,,1,DEM,Neil A HANSEN,158
Weber,FRW01,State Treasurer,,1,UFP,Miles POMEROY,44
Weber,FRW01,State Senate,4,1,REP,Calvin Ray MUSSELMAN,631
Weber,FRW01,State House,6,1,REP,Matthew H. GWYNN,686
Weber,FRW01,State House,6,1,DEM,Amber HARDY,162
Weber,FRW01,County Commission,C,1,REP,Jim HARVEY,597
Weber,FRW01,County Commission,C,1,DEM,Steven VAN WAGONER,206
Weber,FRW01,County Commission,C,1,LBT,Brian K ROWLEY,54
Weber,FRW01,County Assessor,,1,REP,John E. ULIBARRI,714
Weber,FRW01,County Recorder/Surveyor,,1,REP,Bahy RAHIMZADEGAN,698
Weber,FRW01,County Treasurer,,1,REP,Lynelle JENSEN,715
Weber,FRW01,Retain Supreme Court Justice-Matthew B. DURRANT,,1,,Yes,583
Weber,FRW01,Retain Supreme Court Justice-Matthew B. DURRANT,,1,,No,150
Weber,FRW01,Retain Appeals Court Judge-Ryan D. TENNEY,,1,,Yes,573
Weber,FRW01,Retain Appeals Court Judge-Ryan D. TENNEY,,1,,No,155
Weber,FRW01,Retain 2nd District Circuit Court Judge-Joseph M. BEAN,,1,,Yes,569
Weber,FRW01,Retain 2nd District Circuit Court Judge-Joseph M. BEAN,,1,,No,163
Weber,FRW01,Retain 2nd District Circuit Court Judge-Ronald G. RUSSELL,,1,,Yes,588
Weber,FRW01,Retain 2nd District Circuit Court Judge-Ronald G. RUSSELL,,1,,No,143
Weber,FRW01,Retain 2nd District Circuit Court Judge-Christina Patricia ORTEGA,,1,,Yes,574
Weber,FRW01,Retain 2nd District Circuit Court Judge-Christina Patricia ORTEGA,,1,,No,156
Weber,FRW01,Retain 2nd District Circuit Court Judge-Craig HALL,,1,,Yes,570
Weber,FRW01,Retain 2nd District Circuit Court Judge-Craig HALL,,1,,No,157
Weber,FRW01,Retain 2nd District Circuit Court Judge-Michael Drio DIREDA,,1,,Yes,588
Weber,FRW01,Retain 2nd District Circuit Court Judge-Michael Drio DIREDA,,1,,No,144
Weber,FRW01,Retain 2nd District Juvenile Circuit Court Judge-Tasha WILLIAMS,,1,,Yes,585
Weber,FRW01,Retain 2nd District Juvenile Circuit Court Judge-Tasha WILLIAMS,,1,,No,144
Weber,FRW01,Constitutional Amendment B,,1,,For,534
Weber,FRW01,Constitutional Amendment B,,1,,Against,296
Weber,FRW01,Constitutional Amendment C,,1,,For,717
Weber,FRW01,Constitutional Amendment C,,1,,Against,124
Weber,FRW01,Proposition 19,,1,,Yes,567
Weber,FRW01,Proposition 19,,1,,No,285
Weber,FRW02,Registered Voters,,,,,1088
Weber,FRW02,Ballots Cast,,,,,931
Weber,FRW02,President,,1,REP,Donald J. TRUMP/ JD VANCE,665
Weber,FRW02,President,,1,DEM,Kamala D. HARRIS / Tim WALZ,212
Weber,FRW02,President,,1,LBT,Chase OLIVER / Mike ter MAAT,9
Weber,FRW02,President,,1,GRN,Jill STEIN / Rudolph WARE,5
Weber,FRW02,President,,1,CON,Joel SKOUSEN / Rik COMBS,4
Weber,FRW02,President,,1,,Cornel Ronald WEST / Melina ABDULLAH,2
Weber,FRW02,President,,1,,"Lucifer ""JUSTIN CASE"" EVERYLOVE",2
Weber,FRW02,President,,1,,Claudia de la CRUZ / Karina Alexandra GARCIA,2
Weber,FRW02,President,,1,,Write-In Totals,23
Weber,FRW02,U.S. Senate,,1,REP,John CURTIS,625
Weber,FRW02,U.S. Senate,,1,DEM,Caroline GLEICH,177
Weber,FRW02,U.S. Senate,,1,IAP,Carleton E. BOWEN,72
Weber,FRW02,U.S. Senate,,1,,Write-In Totals,14
Weber,FRW02,U.S. House,1,1,REP,Blake D. MOORE,635
Weber,FRW02,U.S. House,1,1,DEM,Bill CAMPBELL,178
Weber,FRW02,U.S. House,1,1,LBT,Daniel R. COTTAM,57
Weber,FRW02,Governor,,1,REP,Spencer J. COX / Deidre M. HENDERSON,498
Weber,FRW02,Governor,,1,DEM,Brian SMITH KING / Rebekah CUMMINGS,169
Weber,FRW02,Governor,,1,IAP,Tommy WILLIAMS / Archie A. WILLIAMS III,16
Weber,FRW02,Governor,,1,LBT,J. Robert LATHAM / Barry Evan SHORT,15
Weber,FRW02,Governor,,1,,Tom TOMENY / William LANSING TAYLOR,4
Weber,FRW02,Governor,,1,,Write-In Totals,199
Weber,FRW02,Attorney General,,1,REP,Derek BROWN,597
Weber,FRW02,Attorney General,,1,DEM,Rudy J BAUTISTA,146
Weber,FRW02,Attorney General,,1,UUP,Michelle QUIST,52
Weber,FRW02,Attorney General,,1,LBT,W. Andrew McCULLOUGH,40
Weber,FRW02,Attorney General,,1,,Austin HEPWORTH,36
Weber,FRW02,State Auditor,,1,REP,Tina CANNON,639
Weber,FRW02,State Auditor,,1,DEM,Catherine VOUTAZ,176
Weber,FRW02,State Auditor,,1,CON,Jeffery L. OSTLER,41
Weber,FRW02,State Treasurer,,1,REP,Marlo M. OAKS,638
Weber,FRW02,State Treasurer,,1,DEM,Neil A HANSEN,166
Weber,FRW02,State Treasurer,,1,UFP,Miles POMEROY,41
Weber,FRW02,State Senate,4,1,REP,Calvin Ray MUSSELMAN,646
Weber,FRW02,State House,6,1,REP,Matthew H. GWYNN,667
Weber,FRW02,State House,6,1,DEM,Amber HARDY,184
Weber,FRW02,County Commission,C,1,REP,Jim HARVEY,532
Weber,FRW02,County Commission,C,1,DEM,Steven VAN WAGONER,281
Weber,FRW02,County Commission,C,1,LBT,Brian K ROWLEY,57
Weber,FRW02,County Assessor,,1,REP,John E. ULIBARRI,714
Weber,FRW02,County Recorder/Surveyor,,1,REP,Bahy RAHIMZADEGAN,693
Weber,FRW02,County Treasurer,,1,REP,Lynelle JENSEN,710
Weber,FRW02,Retain Supreme Court Justice-Matthew B. DURRANT,,1,,Yes,588
Weber,FRW02,Retain Supreme Court Justice-Matthew B. DURRANT,,1,,No,162
Weber,FRW02,Retain Appeals Court Judge-Ryan D. TENNEY,,1,,Yes,572
Weber,FRW02,Retain Appeals Court Judge-Ryan D. TENNEY,,1,,No,171
Weber,FRW02,Retain 2nd District Circuit Court Judge-Joseph M. BEAN,,1,,Yes,574
Weber,FRW02,Retain 2nd District Circuit Court Judge-Joseph M. BEAN,,1,,No,164
Weber,FRW02,Retain 2nd District Circuit Court Judge-Ronald G. RUSSELL,,1,,Yes,590
Weber,FRW02,Retain 2nd District Circuit Court Judge-Ronald G. RUSSELL,,1,,No,153
Weber,FRW02,Retain 2nd District Circuit Court Judge-Christina Patricia ORTEGA,,1,,Yes,549
Weber,FRW02,Retain 2nd District Circuit Court Judge-Christina Patricia ORTEGA,,1,,No,197
Weber,FRW02,Retain 2nd District Circuit Court Judge-Craig HALL,,1,,Yes,595
Weber,FRW02,Retain 2nd District Circuit Court Judge-Craig HALL,,1,,No,160
Weber,FRW02,Retain 2nd District Circuit Court Judge-Michael Drio DIREDA,,1,,Yes,576
Weber,FRW02,Retain 2nd District Circuit Court Judge-Michael Drio DIREDA,,1,,No,167
Weber,FRW02,Retain 2nd District Juvenile Circuit Court Judge-Tasha WILLIAMS,,1,,Yes,578
Weber,FRW02,Retain 2nd District Juvenile Circuit Court Judge-Tasha WILLIAMS,,1,,No,164
Weber,FRW02,Constitutional Amendment B,,1,,For,574
Weber,FRW02,Constitutional Amendment B,,1,,Against,286
Weber,FRW02,Constitutional Amendment C,,1,,For,739
Weber,FRW02,Constitutional Amendment C,,1,,Against,125
Weber,FRW02,Proposition 19,,1,,Yes,565
Weber,FRW02,Proposition 19,,1,,No,311
Weber,FRW03,Registered Voters,,,,,1018
Weber,FRW03,Ballots Cast,,,,,886
Weber,FRW03,President,,1,REP,Donald J. TRUMP/ JD VANCE,610
Weber,FRW03,President,,1,DEM,Kamala D. HARRIS / Tim WALZ,227
Weber,FRW03,President,,1,LBT,Chase OLIVER / Mike ter MAAT,12
Weber,FRW03,President,,1,GRN,Jill STEIN / Rudolph WARE,7
Weber,FRW03,President,,1,CON,Joel SKOUSEN / Rik COMBS,6
Weber,FRW03,President,,1,,Cornel Ronald WEST / Melina ABDULLAH,2
Weber,FRW03,President,,1,,Claudia de la CRUZ / Karina Alexandra GARCIA,2
Weber,FRW03,President,,1,,"Lucifer ""JUSTIN CASE"" EVERYLOVE",1
Weber,FRW03,President,,1,,Write-In Totals,7
Weber,FRW03,U.S. Senate,,1,REP,John CURTIS,593
Weber,FRW03,U.S. Senate,,1,DEM,Caroline GLEICH,192
Weber,FRW03,U.S. Senate,,1,IAP,Carleton E. BOWEN,47
Weber,FRW03,U.S. Senate,,1,,Write-In Totals,3
Weber,FRW03,U.S. House,1,1,REP,Blake D. MOORE,608
Weber,FRW03,U.S. House,1,1,DEM,Bill CAMPBELL,176
Weber,FRW03,U.S. House,1,1,LBT,Daniel R. COTTAM,40
Weber,FRW03,Governor,,1,REP,Spencer J. COX / Deidre M. HENDERSON,498
Weber,FRW03,Governor,,1,DEM,Brian SMITH KING / Rebekah CUMMINGS,169
Weber,FRW03,Governor,,1,LBT,J. Robert LATHAM / Barry Evan SHORT,32
Weber,FRW03,Governor,,1,IAP,Tommy WILLIAMS / Archie A. WILLIAMS III,18
Weber,FRW03,Governor,,1,,Tom TOMENY / William LANSING TAYLOR,2
Weber,FRW03,Governor,,1,,Write-In Totals,134
Weber,FRW03,Attorney General,,1,REP,Derek BROWN,572
Weber,FRW03,Attorney General,,1,DEM,Rudy J BAUTISTA,153
Weber,FRW03,Attorney General,,1,UUP,Michelle QUIST,40
Weber,FRW03,Attorney General,,1,LBT,W. Andrew McCULLOUGH,36
Weber,FRW03,Attorney General,,1,,Austin HEPWORTH,26
Weber,FRW03,State Auditor,,1,REP,Tina CANNON,605
Weber,FRW03,State Auditor,,1,DEM,Catherine VOUTAZ,173
Weber,FRW03,State Auditor,,1,CON,Jeffery L. OSTLER,34
Weber,FRW03,State Treasurer,,1,REP,Marlo M. OAKS,598
Weber,FRW03,State Treasurer,,1,DEM,Neil A HANSEN,168
Weber,FRW03,State Treasurer,,1,UFP,Miles POMEROY,48
Weber,FRW03,State Senate,4,1,REP,Calvin Ray MUSSELMAN,624
Weber,FRW03,State House,6,1,REP,Matthew H. GWYNN,653
Weber,FRW03,State House,6,1,DEM,Amber HARDY,181
Weber,FRW03,County Commission,C,1,REP,Jim HARVEY,552
Weber,FRW03,County Commission,C,1,DEM,Steven VAN WAGONER,219
Weber,FRW03,County Commission,C,1,LBT,Brian K ROWLEY,53
Weber,FRW03,County Assessor,,1,REP,John E. ULIBARRI,705
Weber,FRW03,County Recorder/Surveyor,,1,REP,Bahy RAHIMZADEGAN,682
Weber,FRW03,County Treasurer,,1,REP,Lynelle JENSEN,699
Weber,FRW03,Weber School Board,4,1,,Paul J. WIDDISON,655
Weber,FRW03,Retain Supreme Court Justice-Matthew B. DURRANT,,1,,Yes,570
Weber,FRW03,Retain Supreme Court Justice-Matthew B. DURRANT,,1,,No,150
Weber,FRW03,Retain Appeals Court Judge-Ryan D. TENNEY,,1,,Yes,556
Weber,FRW03,Retain Appeals Court Judge-Ryan D. TENNEY,,1,,No,151
Weber,FRW03,Retain 2nd District Circuit Court Judge-Joseph M. BEAN,,1,,Yes,570
Weber,FRW03,Retain 2nd District Circuit Court Judge-Joseph M. BEAN,,1,,No,150
Weber,FRW03,Retain 2nd District Circuit Court Judge-Ronald G. RUSSELL,,1,,Yes,565
Weber,FRW03,Retain 2nd District Circuit Court Judge-Ronald G. RUSSELL,,1,,No,145
Weber,FRW03,Retain 2nd District Circuit Court Judge-Christina Patricia ORTEGA,,1,,Yes,564
Weber,FRW03,Retain 2nd District Circuit Court Judge-Christina Patricia ORTEGA,,1,,No,147
Weber,FRW03,Retain 2nd District Circuit Court Judge-Craig HALL,,1,,Yes,548
Weber,FRW03,Retain 2nd District Circuit Court Judge-Craig HALL,,1,,No,158
Weber,FRW03,Retain 2nd District Circuit Court Judge-Michael Drio DIREDA,,1,,Yes,578
Weber,FRW03,Retain 2nd District Circuit Court Judge-Michael Drio DIREDA,,1,,No,134
Weber,FRW03,Retain 2nd District Juvenile Circuit Court Judge-Tasha WILLIAMS,,1,,Yes,578
Weber,FRW03,Retain 2nd District Juvenile Circuit Court Judge-Tasha WILLIAMS,,1,,No,134
Weber,FRW03,Constitutional Amendment B,,1,,For,555
Weber,FRW03,Constitutional Amendment B,,1,,Against,243
Weber,FRW03,Constitutional Amendment C,,1,,For,711
Weber,FRW03,Constitutional Amendment C,,1,,Against,97
Weber,FRW03,Proposition 19,,1,,Yes,522
Weber,FRW03,Proposition 19,,1,,No,306
Weber,FRW04,Registered Voters,,,,,812
Weber,FRW04,Ballots Cast,,,,,731
Weber,FRW04,President,,1,REP,Donald J. TRUMP/ JD VANCE,497
Weber,FRW04,President,,1,DEM,Kamala D. HARRIS / Tim WALZ,206
Weber,FRW04,President,,1,LBT,Chase OLIVER / Mike ter MAAT,6
Weber,FRW04,President,,1,,"Lucifer ""JUSTIN CASE"" EVERYLOVE",2
Weber,FRW04,President,,1,CON,Joel SKOUSEN / Rik COMBS,1
Weber,FRW04,President,,1,GRN,Jill STEIN / Rudolph WARE,1
Weber,FRW04,President,,1,,Claudia de la CRUZ / Karina Alexandra GARCIA,1
Weber,FRW04,President,,1,,Cornel Ronald WEST / Melina ABDULLAH,0
Weber,FRW04,President,,1,,Write-In Totals,7
Weber,FRW04,U.S. Senate,,1,REP,John CURTIS,505
Weber,FRW04,U.S. Senate,,1,DEM,Caroline GLEICH,164
Weber,FRW04,U.S. Senate,,1,IAP,Carleton E. BOWEN,30
Weber,FRW04,U.S. Senate,,1,,Write-In Totals,5
Weber,FRW04,U.S. House,1,1,REP,Blake D. MOORE,498
Weber,FRW04,U.S. House,1,1,DEM,Bill CAMPBELL,168
Weber,FRW04,U.S. House,1,1,LBT,Daniel R. COTTAM,28
Weber,FRW04,Governor,,1,REP,Spencer J. COX / Deidre M. HENDERSON,435
Weber,FRW04,Governor,,1,DEM,Brian SMITH KING / Rebekah CUMMINGS,135
Weber,FRW04,Governor,,1,IAP,Tommy WILLIAMS / Archie A. WILLIAMS III,16
Weber,FRW04,Governor,,1,LBT,J. Robert LATHAM / Barry Evan SHORT,16
Weber,FRW04,Governor,,1,,Tom TOMENY / William LANSING TAYLOR,0
Weber,FRW04,Governor,,1,,Write-In Totals,107
Weber,FRW04,Attorney General,,1,REP,Derek BROWN,478
Weber,FRW04,Attorney General,,1,DEM,Rudy J BAUTISTA,154
Weber,FRW04,Attorney General,,1,UUP,Michelle QUIST,41
Weber,FRW04,Attorney General,,1,LBT,W. Andrew McCULLOUGH,17
Weber,FRW04,Attorney General,,1,,Austin HEPWORTH,14
Weber,FRW04,State Auditor,,1,REP,Tina CANNON,505
Weber,FRW04,State Auditor,,1,DEM,Catherine VOUTAZ,158
Weber,FRW04,State Auditor,,1,CON,Jeffery L. OSTLER,24
Weber,FRW04,State Treasurer,,1,REP,Marlo M. OAKS,471
Weber,FRW04,State Treasurer,,1,DEM,Neil A HANSEN,186
Weber,FRW04,State Treasurer,,1,UFP,Miles POMEROY,33
Weber,FRW04,State Senate,4,1,REP,Calvin Ray MUSSELMAN,481
Weber,FRW04,State House,6,1,REP,Matthew H. GWYNN,501
Weber,FRW04,State House,6,1,DEM,Amber HARDY,186
Weber,FRW04,County Commission,C,1,REP,Jim HARVEY,454
Weber,FRW04,County Commission,C,1,DEM,Steven VAN WAGONER,194
Weber,FRW04,County Commission,C,1,LBT,Brian K ROWLEY,46
Weber,FRW04,County Assessor,,1,REP,John E. ULIBARRI,567
Weber,FRW04,County Recorder/Surveyor,,1,REP,Bahy RAHIMZADEGAN,543
Weber,FRW04,County Treasurer,,1,REP,Lynelle JENSEN,567
Weber,FRW04,Weber School Board,4,1,,Paul J. WIDDISON,516
Weber,FRW04,Retain Supreme Court Justice-Matthew B. DURRANT,,1,,Yes,477
Weber,FRW04,Retain Supreme Court Justice-Matthew B. DURRANT,,1,,No,121
Weber,FRW04,Retain Appeals Court Judge-Ryan D. TENNEY,,1,,Yes,463
Weber,FRW04,Retain Appeals Court Judge-Ryan D. TENNEY,,1,,No,127
Weber,FRW04,Retain 2nd District Circuit Court Judge-Joseph M. BEAN,,1,,Yes,465
Weber,FRW04,Retain 2nd District Circuit Court Judge-Joseph M. BEAN,,1,,No,129
Weber,FRW04,Retain 2nd District Circuit Court Judge-Ronald G. RUSSELL,,1,,Yes,472
Weber,FRW04,Retain 2nd District Circuit Court Judge-Ronald G. RUSSELL,,1,,No,119
Weber,FRW04,Retain 2nd District Circuit Court Judge-Christina Patricia ORTEGA,,1,,Yes,461
Weber,FRW04,Retain 2nd District Circuit Court Judge-Christina Patricia ORTEGA,,1,,No,130
Weber,FRW04,Retain 2nd District Circuit Court Judge-Craig HALL,,1,,Yes,452
Weber,FRW04,Retain 2nd District Circuit Court Judge-Craig HALL,,1,,No,134
Weber,FRW04,Retain 2nd District Circuit Court Judge-Michael Drio DIREDA,,1,,Yes,463
Weber,FRW04,Retain 2nd District Circuit Court Judge-Michael Drio DIREDA,,1,,No,130
Weber,FRW04,Retain 2nd District Juvenile Circuit Court Judge-Tasha WILLIAMS,,1,,Yes,482
Weber,FRW04,Retain 2nd District Juvenile Circuit Court Judge-Tasha WILLIAMS,,1,,No,114
Weber,FRW04,Constitutional Amendment B,,1,,For,425
Weber,FRW04,Constitutional Amendment B,,1,,Against,250
Weber,FRW04,Constitutional Amendment C,,1,,For,585
Weber,FRW04,Constitutional Amendment C,,1,,Against,94
Weber,FRW04,Proposition 19,,1,,Yes,418
Weber,FRW04,Proposition 19,,1,,No,271
Weber,FRW05,Registered Voters,,,,,897
Weber,FRW05,Ballots Cast,,,,,798
Weber,FRW05,President,,1,REP,Donald J. TRUMP/ JD VANCE,600
Weber,FRW05,President,,1,DEM,Kamala D. HARRIS / Tim WALZ,155
Weber,FRW05,President,,1,LBT,Chase OLIVER / Mike ter MAAT,13
Weber,FRW05,President,,1,CON,Joel SKOUSEN / Rik COMBS,6
Weber,FRW05,President,,1,GRN,Jill STEIN / Rudolph WARE,4
Weber,FRW05,President,,1,,Cornel Ronald WEST / Melina ABDULLAH,1
Weber,FRW05,President,,1,,"Lucifer ""JUSTIN CASE"" EVERYLOVE",0
Weber,FRW05,President,,1,,Claudia de la CRUZ / Karina Alexandra GARCIA,0
Weber,FRW05,President,,1,,Write-In Totals,11
Weber,FRW05,U.S. Senate,,1,REP,John CURTIS,610
Weber,FRW05,U.S. Senate,,1,DEM,Caroline GLEICH,110
Weber,FRW05,U.S. Senate,,1,IAP,Carleton E. BOWEN,45
Weber,FRW05,U.S. Senate,,1,,Write-In Totals,5
Weber,FRW05,U.S. House,1,1,REP,Blake D. MOORE,627
Weber,FRW05,U.S. House,1,1,DEM,Bill CAMPBELL,105
Weber,FRW05,U.S. House,1,1,LBT,Daniel R. COTTAM,28
Weber,FRW05,Governor,,1,REP,Spencer J. COX / Deidre M. HENDERSON,525
Weber,FRW05,Governor,,1,DEM,Brian SMITH KING / Rebekah CUMMINGS,84
Weber,FRW05,Governor,,1,LBT,J. Robert LATHAM / Barry Evan SHORT,18
Weber,FRW05,Governor,,1,IAP,Tommy WILLIAMS / Archie A. WILLIAMS III,13
Weber,FRW05,Governor,,1,,Tom TOMENY / William LANSING TAYLOR,3
Weber,FRW05,Governor,,1,,Write-In Totals,140
Weber,FRW05,Attorney General,,1,REP,Derek BROWN,584
Weber,FRW05,Attorney General,,1,DEM,Rudy J BAUTISTA,89
Weber,FRW05,Attorney General,,1,UUP,Michelle QUIST,35
Weber,FRW05,Attorney General,,1,LBT,W. Andrew McCULLOUGH,33
Weber,FRW05,Attorney General,,1,,Austin HEPWORTH,26
Weber,FRW05,State Auditor,,1,REP,Tina CANNON,606
Weber,FRW05,State Auditor,,1,DEM,Catherine VOUTAZ,100
Weber,FRW05,State Auditor,,1,CON,Jeffery L. OSTLER,51
Weber,FRW05,State Treasurer,,1,REP,Marlo M. OAKS,607
Weber,FRW05,State Treasurer,,1,DEM,Neil A HANSEN,112
Weber,FRW05,State Treasurer,,1,UFP,Miles POMEROY,33
Weber,FRW05,State Senate,4,1,REP,Calvin Ray MUSSELMAN,568
Weber,FRW05,State House,6,1,REP,Matthew H. GWYNN,642
Weber,FRW05,State House,6,1,DEM,Amber HARDY,122
Weber,FRW05,County Commission,C,1,REP,Jim HARVEY,553
Weber,FRW05,County Commission,C,1,DEM,Steven VAN WAGONER,163
Weber,FRW05,County Commission,C,1,LBT,Brian K ROWLEY,44
Weber,FRW05,County Assessor,,1,REP,John E. ULIBARRI,664
Weber,FRW05,County Recorder/Surveyor,,1,REP,Bahy RAHIMZADEGAN,641
Weber,FRW05,County Treasurer,,1,REP,Lynelle JENSEN,660
Weber,FRW05,Weber School Board,4,1,,Paul J. WIDDISON,613
Weber,FRW05,Retain Supreme Court Justice-Matthew B. DURRANT,,1,,Yes,558
Weber,FRW05,Retain Supreme Court Justice-Matthew B. DURRANT,,1,,No,109
Weber,FRW05,Retain Appeals Court Judge-Ryan D. TENNEY,,1,,Yes,544
Weber,FRW05,Retain Appeals Court Judge-Ryan D. TENNEY,,1,,No,114
Weber,FRW05,Retain 2nd District Circuit Court Judge-Joseph M. BEAN,,1,,Yes,530
Weber,FRW05,Retain 2nd District Circuit Court Judge-Joseph M. BEAN,,1,,No,131
Weber,FRW05,Retain 2nd District Circuit Court Judge-Ronald G. RUSSELL,,1,,Yes,547
Weber,FRW05,Retain 2nd District Circuit Court Judge-Ronald G. RUSSELL,,1,,No,114
Weber,FRW05,Retain 2nd District Circuit Court Judge-Christina Patricia ORTEGA,,1,,Yes,532
Weber,FRW05,Retain 2nd District Circuit Court Judge-Christina Patricia ORTEGA,,1,,No,135
Weber,FRW05,Retain 2nd District Circuit Court Judge-Craig HALL,,1,,Yes,539
Weber,FRW05,Retain 2nd District Circuit Court Judge-Craig HALL,,1,,No,121
Weber,FRW05,Retain 2nd District Circuit Court Judge-Michael Drio DIREDA,,1,,Yes,549
Weber,FRW05,Retain 2nd District Circuit Court Judge-Michael Drio DIREDA,,1,,No,117
Weber,FRW05,Retain 2nd District Juvenile Circuit Court Judge-Tasha WILLIAMS,,1,,Yes,545
Weber,FRW05,Retain 2nd District Juvenile Circuit Court Judge-Tasha WILLIAMS,,1,,No,117
Weber,FRW05,Constitutional Amendment B,,1,,For,437
Weber,FRW05,Constitutional Amendment B,,1,,Against,311
Weber,FRW05,Constitutional Amendment C,,1,,For,620
Weber,FRW05,Constitutional Amendment C,,1,,Against,130
Weber,FRW05,Proposition 19,,1,,Yes,453
Weber,FRW05,Proposition 19,,1,,No,307
Weber,HAR01,Registered Voters,,,,,203
Weber,HAR01,Ballots Cast,,,,,164
Weber,HAR01,President,,1,REP,Donald J. TRUMP/ JD VANCE,123
Weber,HAR01,President,,1,DEM,Kamala D. HARRIS / Tim WALZ,28
Weber,HAR01,President,,1,LBT,Chase OLIVER / Mike ter MAAT,3
Weber,HAR01,President,,1,CON,Joel SKOUSEN / Rik COMBS,1
Weber,HAR01,President,,1,GRN,Jill STEIN / Rudolph WARE,1
Weber,HAR01,President,,1,,Claudia de la CRUZ / Karina Alexandra GARCIA,1
Weber,HAR01,President,,1,,Cornel Ronald WEST / Melina ABDULLAH,0
Weber,HAR01,President,,1,,"Lucifer ""JUSTIN CASE"" EVERYLOVE",0
Weber,HAR01,President,,1,,Write-In Totals,3
Weber,HAR01,U.S. Senate,,1,REP,John CURTIS,128
Weber,HAR01,U.S. Senate,,1,DEM,Caroline GLEICH,19
Weber,HAR01,U.S. Senate,,1,IAP,Carleton E. BOWEN,9
Weber,HAR01,U.S. Senate,,1,,Write-In Totals,1
Weber,HAR01,U.S. House,1,1,REP,Blake D. MOORE,121
Weber,HAR01,U.S. House,1,1,DEM,Bill CAMPBELL,19
Weber,HAR01,U.S. House,1,1,LBT,Daniel R. COTTAM,9
Weber,HAR01,Governor,,1,REP,Spencer J. COX / Deidre M. HENDERSON,109
Weber,HAR01,Governor,,1,DEM,Brian SMITH KING / Rebekah CUMMINGS,12
Weber,HAR01,Governor,,1,LBT,J. Robert LATHAM / Barry Evan SHORT,9
Weber,HAR01,Governor,,1,IAP,Tommy WILLIAMS / Archie A. WILLIAMS III,4
Weber,HAR01,Governor,,1,,Tom TOMENY / William LANSING TAYLOR,1
Weber,HAR01,Governor,,1,,Write-In Totals,24
Weber,HAR01,Attorney General,,1,REP,Derek BROWN,112
Weber,HAR01,Attorney General,,1,DEM,Rudy J BAUTISTA,14
Weber,HAR01,Attorney General,,1,,Austin HEPWORTH,9
Weber,HAR01,Attorney General,,1,LBT,W. Andrew McCULLOUGH,8
Weber,HAR01,Attorney General,,1,UUP,Michelle QUIST,5
Weber,HAR01,State Auditor,,1,REP,Tina CANNON,119
Weber,HAR01,State Auditor,,1,DEM,Catherine VOUTAZ,20
Weber,HAR01,State Auditor,,1,CON,Jeffery L. OSTLER,8
Weber,HAR01,State Treasurer,,1,REP,Marlo M. OAKS,123
Weber,HAR01,State Treasurer,,1,DEM,Neil A HANSEN,19
Weber,HAR01,State Treasurer,,1,UFP,Miles POMEROY,6
Weber,HAR01,State Senate,3,1,REP,John D. JOHNSON,127
Weber,HAR01,State Senate,3,1,DEM,Stacy BERNAL,26
Weber,HAR01,State House,6,1,REP,Matthew H. GWYNN,123
Weber,HAR01,State House,6,1,DEM,Amber HARDY,22
Weber,HAR01,County Commission,C,1,REP,Jim HARVEY,113
Weber,HAR01,County Commission,C,1,DEM,Steven VAN WAGONER,33
Weber,HAR01,County Commission,C,1,LBT,Brian K ROWLEY,11
Weber,HAR01,County Assessor,,1,REP,John E. ULIBARRI,129
Weber,HAR01,County Recorder/Surveyor,,1,REP,Bahy RAHIMZADEGAN,127
Weber,HAR01,County Treasurer,,1,REP,Lynelle JENSEN,132
Weber,HAR01,Retain Supreme Court Justice-Matthew B. DURRANT,,1,,Yes,104
Weber,HAR01,Retain Supreme Court Justice-Matthew B. DURRANT,,1,,No,25
Weber,HAR01,Retain Appeals Court Judge-Ryan D. TENNEY,,1,,Yes,99
Weber,HAR01,Retain Appeals Court Judge-Ryan D. TENNEY,,1,,No,30
Weber,HAR01,Retain 2nd District Circuit Court Judge-Joseph M. BEAN,,1,,Yes,101
Weber,HAR01,Retain 2nd District Circuit Court Judge-Joseph M. BEAN,,1,,No,27
Weber,HAR01,Retain 2nd District Circuit Court Judge-Ronald G. RUSSELL,,1,,Yes,102
Weber,HAR01,Retain 2nd District Circuit Court Judge-Ronald G. RUSSELL,,1,,No,27
Weber,HAR01,Retain 2nd District Circuit Court Judge-Christina Patricia ORTEGA,,1,,Yes,96
Weber,HAR01,Retain 2nd District Circuit Court Judge-Christina Patricia ORTEGA,,1,,No,31
Weber,HAR01,Retain 2nd District Circuit Court Judge-Craig HALL,,1,,Yes,97
Weber,HAR01,Retain 2nd District Circuit Court Judge-Craig HALL,,1,,No,28
Weber,HAR01,Retain 2nd District Circuit Court Judge-Michael Drio DIREDA,,1,,Yes,99
Weber,HAR01,Retain 2nd District Circuit Court Judge-Michael Drio DIREDA,,1,,No,29
Weber,HAR01,Retain 2nd District Juvenile Circuit Court Judge-Tasha WILLIAMS,,1,,Yes,97
Weber,HAR01,Retain 2nd District Juvenile Circuit Court Judge-Tasha WILLIAMS,,1,,No,30
Weber,HAR01,Retain Trent D. NELSON,,1,,Yes,98
Weber,HAR01,Retain Trent D. NELSON,,1,,No,29
Weber,HAR01,Constitutional Amendment B,,1,,For,81
Weber,HAR01,Constitutional Amendment B,,1,,Against,66
Weber,HAR01,Constitutional Amendment C,,1,,For,134
Weber,HAR01,Constitutional Amendment C,,1,,Against,13
Weber,HAR01,Proposition 19,,1,,Yes,87
Weber,HAR01,Proposition 19,,1,,No,65
Weber,HAR02,Registered Voters,,,,,1125
Weber,HAR02,Ballots Cast,,,,,969
Weber,HAR02,President,,1,REP,Donald J. TRUMP/ JD VANCE,645
Weber,HAR02,President,,1,DEM,Kamala D. HARRIS / Tim WALZ,284
Weber,HAR02,President,,1,LBT,Chase OLIVER / Mike ter MAAT,12
Weber,HAR02,President,,1,GRN,Jill STEIN / Rudolph WARE,6
Weber,HAR02,President,,1,CON,Joel SKOUSEN / Rik COMBS,4
Weber,HAR02,President,,1,,"Lucifer ""JUSTIN CASE"" EVERYLOVE",2
Weber,HAR02,President,,1,,Cornel Ronald WEST / Melina ABDULLAH,0
Weber,HAR02,President,,1,,Claudia de la CRUZ / Karina Alexandra GARCIA,0
Weber,HAR02,President,,1,,Write-In Totals,9
Weber,HAR02,U.S. Senate,,1,REP,John CURTIS,637
Weber,HAR02,U.S. Senate,,1,DEM,Caroline GLEICH,253
Weber,HAR02,U.S. Senate,,1,IAP,Carleton E. BOWEN,39
Weber,HAR02,U.S. Senate,,1,,Write-In Totals,3
Weber,HAR02,U.S. House,1,1,REP,Blake D. MOORE,645
Weber,HAR02,U.S. House,1,1,DEM,Bill CAMPBELL,234
Weber,HAR02,U.S. House,1,1,LBT,Daniel R. COTTAM,48
Weber,HAR02,Governor,,1,REP,Spencer J. COX / Deidre M. HENDERSON,565
Weber,HAR02,Governor,,1,DEM,Brian SMITH KING / Rebekah CUMMINGS,214
Weber,HAR02,Governor,,1,LBT,J. Robert LATHAM / Barry Evan SHORT,28
Weber,HAR02,Governor,,1,IAP,Tommy WILLIAMS / Archie A. WILLIAMS III,24
Weber,HAR02,Governor,,1,,Tom TOMENY / William LANSING TAYLOR,7
Weber,HAR02,Governor,,1,,Write-In Totals,108
Weber,HAR02,Attorney General,,1,REP,Derek BROWN,606
Weber,HAR02,Attorney General,,1,DEM,Rudy J BAUTISTA,218
Weber,HAR02,Attorney General,,1,UUP,Michelle QUIST,46
Weber,HAR02,Attorney General,,1,LBT,W. Andrew McCULLOUGH,34
Weber,HAR02,Attorney General,,1,,Austin HEPWORTH,21
Weber,HAR02,State Auditor,,1,REP,Tina CANNON,641
Weber,HAR02,State Auditor,,1,DEM,Catherine VOUTAZ,224
Weber,HAR02,State Auditor,,1,CON,Jeffery L. OSTLER,46
Weber,HAR02,State Treasurer,,1,REP,Marlo M. OAKS,630
Weber,HAR02,State Treasurer,,1,DEM,Neil A HANSEN,233
Weber,HAR02,State Treasurer,,1,UFP,Miles POMEROY,45
Weber,HAR02,State Senate,3,1,REP,John D. JOHNSON,635
Weber,HAR02,State Senate,3,1,DEM,Stacy BERNAL,287
Weber,HAR02,State House,7,1,REP,Ryan D. WILCOX,729
Weber,HAR02,County Commission,C,1,REP,Jim HARVEY,614
Weber,HAR02,County Commission,C,1,DEM,Steven VAN WAGONER,259
Weber,HAR02,County Commission,C,1,LBT,Brian K ROWLEY,52
Weber,HAR02,County Assessor,,1,REP,John E. ULIBARRI,754
Weber,HAR02,County Recorder/Surveyor,,1,REP,Bahy RAHIMZADEGAN,741
Weber,HAR02,County Treasurer,,1,REP,Lynelle JENSEN,753
Weber,HAR02,Retain Supreme Court Justice-Matthew B. DURRANT,,1,,Yes,681
Weber,HAR02,Retain Supreme Court Justice-Matthew B. DURRANT,,1,,No,130
Weber,HAR02,Retain Appeals Court Judge-Ryan D. TENNEY,,1,,Yes,682
Weber,HAR02,Retain Appeals Court Judge-Ryan D. TENNEY,,1,,No,121
Weber,HAR02,Retain 2nd District Circuit Court Judge-Joseph M. BEAN,,1,,Yes,674
Weber,HAR02,Retain 2nd District Circuit Court Judge-Joseph M. BEAN,,1,,No,132
Weber,HAR02,Retain 2nd District Circuit Court Judge-Ronald G. RUSSELL,,1,,Yes,683
Weber,HAR02,Retain 2nd District Circuit Court Judge-Ronald G. RUSSELL,,1,,No,124
Weber,HAR02,Retain 2nd District Circuit Court Judge-Christina Patricia ORTEGA,,1,,Yes,668
Weber,HAR02,Retain 2nd District Circuit Court Judge-Christina Patricia ORTEGA,,1,,No,144
Weber,HAR02,Retain 2nd District Circuit Court Judge-Craig HALL,,1,,Yes,662
Weber,HAR02,Retain 2nd District Circuit Court Judge-Craig HALL,,1,,No,141
Weber,HAR02,Retain 2nd District Circuit Court Judge-Michael Drio DIREDA,,1,,Yes,679
Weber,HAR02,Retain 2nd District Circuit Court Judge-Michael Drio DIREDA,,1,,No,128
Weber,HAR02,Retain 2nd District Juvenile Circuit Court Judge-Tasha WILLIAMS,,1,,Yes,684
Weber,HAR02,Retain 2nd District Juvenile Circuit Court Judge-Tasha WILLIAMS,,1,,No,123
Weber,HAR02,Retain Trent D. NELSON,,1,,Yes,687
Weber,HAR02,Retain Trent D. NELSON,,1,,No,123
Weber,HAR02,Constitutional Amendment B,,1,,For,636
Weber,HAR02,Constitutional Amendment B,,1,,Against,280
Weber,HAR02,Constitutional Amendment C,,1,,For,755
Weber,HAR02,Constitutional Amendment C,,1,,Against,154
Weber,HAR02,Proposition 19,,1,,Yes,617
Weber,HAR02,Proposition 19,,1,,No,314
Weber,HAR03,Registered Voters,,,,,1008
Weber,HAR03,Ballots Cast,,,,,869
Weber,HAR03,President,,1,REP,Donald J. TRUMP/ JD VANCE,541
Weber,HAR03,President,,1,DEM,Kamala D. HARRIS / Tim WALZ,283
Weber,HAR03,President,,1,GRN,Jill STEIN / Rudolph WARE,8
Weber,HAR03,President,,1,LBT,Chase OLIVER / Mike ter MAAT,7
Weber,HAR03,President,,1,CON,Joel SKOUSEN / Rik COMBS,5
Weber,HAR03,President,,1,,Claudia de la CRUZ / Karina Alexandra GARCIA,4
Weber,HAR03,President,,1,,Cornel Ronald WEST / Melina ABDULLAH,1
Weber,HAR03,President,,1,,"Lucifer ""JUSTIN CASE"" EVERYLOVE",1
Weber,HAR03,President,,1,,Write-In Totals,4
Weber,HAR03,U.S. Senate,,1,REP,John CURTIS,517
Weber,HAR03,U.S. Senate,,1,DEM,Caroline GLEICH,247
Weber,HAR03,U.S. Senate,,1,IAP,Carleton E. BOWEN,54
Weber,HAR03,U.S. Senate,,1,,Write-In Totals,7
Weber,HAR03,U.S. House,1,1,REP,Blake D. MOORE,546
Weber,HAR03,U.S. House,1,1,DEM,Bill CAMPBELL,221
Weber,HAR03,U.S. House,1,1,LBT,Daniel R. COTTAM,50
Weber,HAR03,Governor,,1,REP,Spencer J. COX / Deidre M. HENDERSON,461
Weber,HAR03,Governor,,1,DEM,Brian SMITH KING / Rebekah CUMMINGS,219
Weber,HAR03,Governor,,1,IAP,Tommy WILLIAMS / Archie A. WILLIAMS III,24
Weber,HAR03,Governor,,1,LBT,J. Robert LATHAM / Barry Evan SHORT,22
Weber,HAR03,Governor,,1,,Tom TOMENY / William LANSING TAYLOR,7
Weber,HAR03,Governor,,1,,Write-In Totals,116
Weber,HAR03,Attorney General,,1,REP,Derek BROWN,488
Weber,HAR03,Attorney General,,1,DEM,Rudy J BAUTISTA,207
Weber,HAR03,Attorney General,,1,UUP,Michelle QUIST,49
Weber,HAR03,Attorney General,,1,LBT,W. Andrew McCULLOUGH,37
Weber,HAR03,Attorney General,,1,,Austin HEPWORTH,37
Weber,HAR03,State Auditor,,1,REP,Tina CANNON,529
Weber,HAR03,State Auditor,,1,DEM,Catherine VOUTAZ,238
Weber,HAR03,State Auditor,,1,CON,Jeffery L. OSTLER,42
Weber,HAR03,State Treasurer,,1,REP,Marlo M. OAKS,539
Weber,HAR03,State Treasurer,,1,DEM,Neil A HANSEN,225
Weber,HAR03,State Treasurer,,1,UFP,Miles POMEROY,40
Weber,HAR03,State Senate,3,1,REP,John D. JOHNSON,521
Weber,HAR03,State Senate,3,1,DEM,Stacy BERNAL,309
Weber,HAR03,State House,7,1,REP,Ryan D. WILCOX,627
Weber,HAR03,County Commission,C,1,REP,Jim HARVEY,492
Weber,HAR03,County Commission,C,1,DEM,Steven VAN WAGONER,270
Weber,HAR03,County Commission,C,1,LBT,Brian K ROWLEY,58
Weber,HAR03,County Assessor,,1,REP,John E. ULIBARRI,662
Weber,HAR03,County Recorder/Surveyor,,1,REP,Bahy RAHIMZADEGAN,651
Weber,HAR03,County Treasurer,,1,REP,Lynelle JENSEN,671
Weber,HAR03,Retain Supreme Court Justice-Matthew B. DURRANT,,1,,Yes,547
Weber,HAR03,Retain Supreme Court Justice-Matthew B. DURRANT,,1,,No,170
Weber,HAR03,Retain Appeals Court Judge-Ryan D. TENNEY,,1,,Yes,529
Weber,HAR03,Retain Appeals Court Judge-Ryan D. TENNEY,,1,,No,180
Weber,HAR03,Retain 2nd District Circuit Court Judge-Joseph M. BEAN,,1,,Yes,520
Weber,HAR03,Retain 2nd District Circuit Court Judge-Joseph M. BEAN,,1,,No,182
Weber,HAR03,Retain 2nd District Circuit Court Judge-Ronald G. RUSSELL,,1,,Yes,542
Weber,HAR03,Retain 2nd District Circuit Court Judge-Ronald G. RUSSELL,,1,,No,160
Weber,HAR03,Retain 2nd District Circuit Court Judge-Christina Patricia ORTEGA,,1,,Yes,528
Weber,HAR03,Retain 2nd District Circuit Court Judge-Christina Patricia ORTEGA,,1,,No,178
Weber,HAR03,Retain 2nd District Circuit Court Judge-Craig HALL,,1,,Yes,496
Weber,HAR03,Retain 2nd District Circuit Court Judge-Craig HALL,,1,,No,205
Weber,HAR03,Retain 2nd District Circuit Court Judge-Michael Drio DIREDA,,1,,Yes,542
Weber,HAR03,Retain 2nd District Circuit Court Judge-Michael Drio DIREDA,,1,,No,163
Weber,HAR03,Retain 2nd District Juvenile Circuit Court Judge-Tasha WILLIAMS,,1,,Yes,548
Weber,HAR03,Retain 2nd District Juvenile Circuit Court Judge-Tasha WILLIAMS,,1,,No,163
Weber,HAR03,Retain Trent D. NELSON,,1,,Yes,542
Weber,HAR03,Retain Trent D. NELSON,,1,,No,173
Weber,HAR03,Constitutional Amendment B,,1,,For,532
Weber,HAR03,Constitutional Amendment B,,1,,Against,265
Weber,HAR03,Constitutional Amendment C,,1,,For,656
Weber,HAR03,Constitutional Amendment C,,1,,Against,155
Weber,HAR03,Proposition 19,,1,,Yes,534
Weber,HAR03,Proposition 19,,1,,No,289
Weber,HAR04,Registered Voters,,,,,1161
Weber,HAR04,Ballots Cast,,,,,1040
Weber,HAR04,President,,1,REP,Donald J. TRUMP/ JD VANCE,703
Weber,HAR04,President,,1,DEM,Kamala D. HARRIS / Tim WALZ,288
Weber,HAR04,President,,1,LBT,Chase OLIVER / Mike ter MAAT,9
Weber,HAR04,President,,1,CON,Joel SKOUSEN / Rik COMBS,4
Weber,HAR04,President,,1,,Claudia de la CRUZ / Karina Alexandra GARCIA,3
Weber,HAR04,President,,1,,Cornel Ronald WEST / Melina ABDULLAH,2
Weber,HAR04,President,,1,,"Lucifer ""JUSTIN CASE"" EVERYLOVE",2
Weber,HAR04,President,,1,GRN,Jill STEIN / Rudolph WARE,1
Weber,HAR04,President,,1,,Write-In Totals,15
Weber,HAR04,U.S. Senate,,1,REP,John CURTIS,681
Weber,HAR04,U.S. Senate,,1,DEM,Caroline GLEICH,247
Weber,HAR04,U.S. Senate,,1,IAP,Carleton E. BOWEN,54
Weber,HAR04,U.S. Senate,,1,,Write-In Totals,6
Weber,HAR04,U.S. House,1,1,REP,Blake D. MOORE,681
Weber,HAR04,U.S. House,1,1,DEM,Bill CAMPBELL,225
Weber,HAR04,U.S. House,1,1,LBT,Daniel R. COTTAM,71
Weber,HAR04,Governor,,1,REP,Spencer J. COX / Deidre M. HENDERSON,586
Weber,HAR04,Governor,,1,DEM,Brian SMITH KING / Rebekah CUMMINGS,208
Weber,HAR04,Governor,,1,LBT,J. Robert LATHAM / Barry Evan SHORT,40
Weber,HAR04,Governor,,1,IAP,Tommy WILLIAMS / Archie A. WILLIAMS III,28
Weber,HAR04,Governor,,1,,Tom TOMENY / William LANSING TAYLOR,3
Weber,HAR04,Governor,,1,,Write-In Totals,143
Weber,HAR04,Attorney General,,1,REP,Derek BROWN,650
Weber,HAR04,Attorney General,,1,DEM,Rudy J BAUTISTA,207
Weber,HAR04,Attorney General,,1,LBT,W. Andrew McCULLOUGH,58
Weber,HAR04,Attorney General,,1,UUP,Michelle QUIST,41
Weber,HAR04,Attorney General,,1,,Austin HEPWORTH,27
Weber,HAR04,State Auditor,,1,REP,Tina CANNON,664
Weber,HAR04,State Auditor,,1,DEM,Catherine VOUTAZ,235
Weber,HAR04,State Auditor,,1,CON,Jeffery L. OSTLER,66
Weber,HAR04,State Treasurer,,1,REP,Marlo M. OAKS,679
Weber,HAR04,State Treasurer,,1,DEM,Neil A HANSEN,240
Weber,HAR04,State Treasurer,,1,UFP,Miles POMEROY,46
Weber,HAR04,State Senate,3,1,REP,John D. JOHNSON,664
Weber,HAR04,State Senate,3,1,DEM,Stacy BERNAL,313
Weber,HAR04,State House,7,1,REP,Ryan D. WILCOX,757
Weber,HAR04,County Commission,C,1,REP,Jim HARVEY,621
Weber,HAR04,County Commission,C,1,DEM,Steven VAN WAGONER,260
Weber,HAR04,County Commission,C,1,LBT,Brian K ROWLEY,85
Weber,HAR04,County Assessor,,1,REP,John E. ULIBARRI,795
Weber,HAR04,County Recorder/Surveyor,,1,REP,Bahy RAHIMZADEGAN,780
Weber,HAR04,County Treasurer,,1,REP,Lynelle JENSEN,812
Weber,HAR04,Retain Supreme Court Justice-Matthew B. DURRANT,,1,,Yes,642
Weber,HAR04,Retain Supreme Court Justice-Matthew B. DURRANT,,1,,No,198
Weber,HAR04,Retain Appeals Court Judge-Ryan D. TENNEY,,1,,Yes,644
Weber,HAR04,Retain Appeals Court Judge-Ryan D. TENNEY,,1,,No,194
Weber,HAR04,Retain 2nd District Circuit Court Judge-Joseph M. BEAN,,1,,Yes,627
Weber,HAR04,Retain 2nd District Circuit Court Judge-Joseph M. BEAN,,1,,No,198
Weber,HAR04,Retain 2nd District Circuit Court Judge-Ronald G. RUSSELL,,1,,Yes,640
Weber,HAR04,Retain 2nd District Circuit Court Judge-Ronald G. RUSSELL,,1,,No,190
Weber,HAR04,Retain 2nd District Circuit Court Judge-Christina Patricia ORTEGA,,1,,Yes,637
Weber,HAR04,Retain 2nd District Circuit Court Judge-Christina Patricia ORTEGA,,1,,No,199
Weber,HAR04,Retain 2nd District Circuit Court Judge-Craig HALL,,1,,Yes,627
Weber,HAR04,Retain 2nd District Circuit Court Judge-Craig HALL,,1,,No,201
Weber,HAR04,Retain 2nd District Circuit Court Judge-Michael Drio DIREDA,,1,,Yes,643
Weber,HAR04,Retain 2nd District Circuit Court Judge-Michael Drio DIREDA,,1,,No,201
Weber,HAR04,Retain 2nd District Juvenile Circuit Court Judge-Tasha WILLIAMS,,1,,Yes,655
Weber,HAR04,Retain 2nd District Juvenile Circuit Court Judge-Tasha WILLIAMS,,1,,No,183
Weber,HAR04,Retain Trent D. NELSON,,1,,Yes,669
Weber,HAR04,Retain Trent D. NELSON,,1,,No,179
Weber,HAR04,Constitutional Amendment B,,1,,For,629
Weber,HAR04,Constitutional Amendment B,,1,,Against,342
Weber,HAR04,Constitutional Amendment C,,1,,For,823
Weber,HAR04,Constitutional Amendment C,,1,,Against,150
Weber,HAR04,Proposition 19,,1,,Yes,615
Weber,HAR04,Proposition 19,,1,,No,375
Weber,HPR10,Registered Voters,,,,,69
Weber,HPR10,Ballots Cast,,,,,62
Weber,HPR10,President,,1,REP,Donald J. TRUMP/ JD VANCE,50
Weber,HPR10,President,,1,DEM,Kamala D. HARRIS / Tim WALZ,7
Weber,HPR10,President,,1,,Cornel Ronald WEST / Melina ABDULLAH,2
Weber,HPR10,President,,1,CON,Joel SKOUSEN / Rik COMBS,1
Weber,HPR10,President,,1,,"Lucifer ""JUSTIN CASE"" EVERYLOVE",0
Weber,HPR10,President,,1,GRN,Jill STEIN / Rudolph WARE,0
Weber,HPR10,President,,1,LBT,Chase OLIVER / Mike ter MAAT,0
Weber,HPR10,President,,1,,Claudia de la CRUZ / Karina Alexandra GARCIA,0
Weber,HPR10,President,,1,,Write-In Totals,2
Weber,HPR10,U.S. Senate,,1,REP,John CURTIS,48
Weber,HPR10,U.S. Senate,,1,IAP,Carleton E. BOWEN,7
Weber,HPR10,U.S. Senate,,1,DEM,Caroline GLEICH,5
Weber,HPR10,U.S. Senate,,1,,Write-In Totals,2
Weber,HPR10,U.S. House,1,1,REP,Blake D. MOORE,53
Weber,HPR10,U.S. House,1,1,DEM,Bill CAMPBELL,6
Weber,HPR10,U.S. House,1,1,LBT,Daniel R. COTTAM,3
Weber,HPR10,Governor,,1,REP,Spencer J. COX / Deidre M. HENDERSON,36
Weber,HPR10,Governor,,1,DEM,Brian SMITH KING / Rebekah CUMMINGS,7
Weber,HPR10,Governor,,1,IAP,Tommy WILLIAMS / Archie A. WILLIAMS III,2
Weber,HPR10,Governor,,1,LBT,J. Robert LATHAM / Barry Evan SHORT,2
Weber,HPR10,Governor,,1,,Tom TOMENY / William LANSING TAYLOR,0
Weber,HPR10,Governor,,1,,Write-In Totals,14
Weber,HPR10,Attorney General,,1,REP,Derek BROWN,44
Weber,HPR10,Attorney General,,1,UUP,Michelle QUIST,6
Weber,HPR10,Attorney General,,1,DEM,Rudy J BAUTISTA,4
Weber,HPR10,Attorney General,,1,LBT,W. Andrew McCULLOUGH,4
Weber,HPR10,Attorney General,,1,,Austin HEPWORTH,4
Weber,HPR10,State Auditor,,1,REP,Tina CANNON,50
Weber,HPR10,State Auditor,,1,DEM,Catherine VOUTAZ,7
Weber,HPR10,State Auditor,,1,CON,Jeffery L. OSTLER,1
Weber,HPR10,State Treasurer,,1,REP,Marlo M. OAKS,51
Weber,HPR10,State Treasurer,,1,DEM,Neil A HANSEN,6
Weber,HPR10,State Treasurer,,1,UFP,Miles POMEROY,3
Weber,HPR10,State Senate,4,1,REP,Calvin Ray MUSSELMAN,49
Weber,HPR10,State House,12,1,REP,Mike SCHULTZ,57
Weber,HPR10,State House,12,1,DEM,Sharon HILTON,5
Weber,HPR10,County Commission,C,1,REP,Jim HARVEY,49
Weber,HPR10,County Commission,C,1,DEM,Steven VAN WAGONER,9
Weber,HPR10,County Commission,C,1,LBT,Brian K ROWLEY,4
Weber,HPR10,County Assessor,,1,REP,John E. ULIBARRI,58
Weber,HPR10,County Recorder/Surveyor,,1,REP,Bahy RAHIMZADEGAN,57
Weber,HPR10,County Treasurer,,1,REP,Lynelle JENSEN,58
Weber,HPR10,Weber School Board,4,1,,Paul J. WIDDISON,57
Weber,HPR10,Retain Supreme Court Justice-Matthew B. DURRANT,,1,,Yes,36
Weber,HPR10,Retain Supreme Court Justice-Matthew B. DURRANT,,1,,No,12
Weber,HPR10,Retain Appeals Court Judge-Ryan D. TENNEY,,1,,Yes,37
Weber,HPR10,Retain Appeals Court Judge-Ryan D. TENNEY,,1,,No,9
Weber,HPR10,Retain 2nd District Circuit Court Judge-Joseph M. BEAN,,1,,Yes,38
Weber,HPR10,Retain 2nd District Circuit Court Judge-Joseph M. BEAN,,1,,No,10
Weber,HPR10,Retain 2nd District Circuit Court Judge-Ronald G. RUSSELL,,1,,Yes,39
Weber,HPR10,Retain 2nd District Circuit Court Judge-Ronald G. RUSSELL,,1,,No,9
Weber,HPR10,Retain 2nd District Circuit Court Judge-Christina Patricia ORTEGA,,1,,Yes,37
Weber,HPR10,Retain 2nd District Circuit Court Judge-Christina Patricia ORTEGA,,1,,No,11
Weber,HPR10,Retain 2nd District Circuit Court Judge-Craig HALL,,1,,Yes,35
Weber,HPR10,Retain 2nd District Circuit Court Judge-Craig HALL,,1,,No,13
Weber,HPR10,Retain 2nd District Circuit Court Judge-Michael Drio DIREDA,,1,,Yes,37
Weber,HPR10,Retain 2nd District Circuit Court Judge-Michael Drio DIREDA,,1,,No,11
Weber,HPR10,Retain 2nd District Juvenile Circuit Court Judge-Tasha WILLIAMS,,1,,Yes,38
Weber,HPR10,Retain 2nd District Juvenile Circuit Court Judge-Tasha WILLIAMS,,1,,No,10
Weber,HPR10,Constitutional Amendment B,,1,,For,37
Weber,HPR10,Constitutional Amendment B,,1,,Against,22
Weber,HPR10,Constitutional Amendment C,,1,,For,50
Weber,HPR10,Constitutional Amendment C,,1,,Against,11
Weber,HPR10,Proposition 19,,1,,Yes,42
Weber,HPR10,Proposition 19,,1,,No,19
Weber,HPR11,Registered Voters,,,,,747
Weber,HPR11,Ballots Cast,,,,,676
Weber,HPR11,President,,1,REP,Donald J. TRUMP/ JD VANCE,516
Weber,HPR11,President,,1,DEM,Kamala D. HARRIS / Tim WALZ,121
Weber,HPR11,President,,1,LBT,Chase OLIVER / Mike ter MAAT,9
Weber,HPR11,President,,1,CON,Joel SKOUSEN / Rik COMBS,7
Weber,HPR11,President,,1,GRN,Jill STEIN / Rudolph WARE,2
Weber,HPR11,President,,1,,"Lucifer ""JUSTIN CASE"" EVERYLOVE",1
Weber,HPR11,President,,1,,Claudia de la CRUZ / Karina Alexandra GARCIA,1
Weber,HPR11,President,,1,,Cornel Ronald WEST / Melina ABDULLAH,0
Weber,HPR11,President,,1,,Write-In Totals,12
Weber,HPR11,U.S. Senate,,1,REP,John CURTIS,502
Weber,HPR11,U.S. Senate,,1,DEM,Caroline GLEICH,88
Weber,HPR11,U.S. Senate,,1,IAP,Carleton E. BOWEN,54
Weber,HPR11,U.S. Senate,,1,,Write-In Totals,9
Weber,HPR11,U.S. House,1,1,REP,Blake D. MOORE,533
Weber,HPR11,U.S. House,1,1,DEM,Bill CAMPBELL,98
Weber,HPR11,U.S. House,1,1,LBT,Daniel R. COTTAM,19
Weber,HPR11,Governor,,1,REP,Spencer J. COX / Deidre M. HENDERSON,427
Weber,HPR11,Governor,,1,DEM,Brian SMITH KING / Rebekah CUMMINGS,74
Weber,HPR11,Governor,,1,LBT,J. Robert LATHAM / Barry Evan SHORT,20
Weber,HPR11,Governor,,1,IAP,Tommy WILLIAMS / Archie A. WILLIAMS III,13
Weber,HPR11,Governor,,1,,Tom TOMENY / William LANSING TAYLOR,2
Weber,HPR11,Governor,,1,,Write-In Totals,127
Weber,HPR11,Attorney General,,1,REP,Derek BROWN,459
Weber,HPR11,Attorney General,,1,DEM,Rudy J BAUTISTA,94
Weber,HPR11,Attorney General,,1,UUP,Michelle QUIST,38
Weber,HPR11,Attorney General,,1,,Austin HEPWORTH,27
Weber,HPR11,Attorney General,,1,LBT,W. Andrew McCULLOUGH,23
Weber,HPR11,State Auditor,,1,REP,Tina CANNON,508
Weber,HPR11,State Auditor,,1,DEM,Catherine VOUTAZ,89
Weber,HPR11,State Auditor,,1,CON,Jeffery L. OSTLER,40
Weber,HPR11,State Treasurer,,1,REP,Marlo M. OAKS,518
Weber,HPR11,State Treasurer,,1,DEM,Neil A HANSEN,96
Weber,HPR11,State Treasurer,,1,UFP,Miles POMEROY,24
Weber,HPR11,State Senate,4,1,REP,Calvin Ray MUSSELMAN,463
Weber,HPR11,State House,12,1,REP,Mike SCHULTZ,502
Weber,HPR11,State House,12,1,DEM,Sharon HILTON,150
Weber,HPR11,County Commission,C,1,REP,Jim HARVEY,472
Weber,HPR11,County Commission,C,1,DEM,Steven VAN WAGONER,137
Weber,HPR11,County Commission,C,1,LBT,Brian K ROWLEY,32
Weber,HPR11,County Assessor,,1,REP,John E. ULIBARRI,542
Weber,HPR11,County Recorder/Surveyor,,1,REP,Bahy RAHIMZADEGAN,530
Weber,HPR11,County Treasurer,,1,REP,Lynelle JENSEN,543
Weber,HPR11,Weber School Board,4,1,,Paul J. WIDDISON,542
Weber,HPR11,Retain Supreme Court Justice-Matthew B. DURRANT,,1,,Yes,407
Weber,HPR11,Retain Supreme Court Justice-Matthew B. DURRANT,,1,,No,128
Weber,HPR11,Retain Appeals Court Judge-Ryan D. TENNEY,,1,,Yes,402
Weber,HPR11,Retain Appeals Court Judge-Ryan D. TENNEY,,1,,No,131
Weber,HPR11,Retain 2nd District Circuit Court Judge-Joseph M. BEAN,,1,,Yes,389
Weber,HPR11,Retain 2nd District Circuit Court Judge-Joseph M. BEAN,,1,,No,139
Weber,HPR11,Retain 2nd District Circuit Court Judge-Ronald G. RUSSELL,,1,,Yes,404
Weber,HPR11,Retain 2nd District Circuit Court Judge-Ronald G. RUSSELL,,1,,No,128
Weber,HPR11,Retain 2nd District Circuit Court Judge-Christina Patricia ORTEGA,,1,,Yes,381
Weber,HPR11,Retain 2nd District Circuit Court Judge-Christina Patricia ORTEGA,,1,,No,148
Weber,HPR11,Retain 2nd District Circuit Court Judge-Craig HALL,,1,,Yes,385
Weber,HPR11,Retain 2nd District Circuit Court Judge-Craig HALL,,1,,No,138
Weber,HPR11,Retain 2nd District Circuit Court Judge-Michael Drio DIREDA,,1,,Yes,408
Weber,HPR11,Retain 2nd District Circuit Court Judge-Michael Drio DIREDA,,1,,No,128
Weber,HPR11,Retain 2nd District Juvenile Circuit Court Judge-Tasha WILLIAMS,,1,,Yes,407
Weber,HPR11,Retain 2nd District Juvenile Circuit Court Judge-Tasha WILLIAMS,,1,,No,127
Weber,HPR11,Constitutional Amendment B,,1,,For,368
Weber,HPR11,Constitutional Amendment B,,1,,Against,256
Weber,HPR11,Constitutional Amendment C,,1,,For,493
Weber,HPR11,Constitutional Amendment C,,1,,Against,135
Weber,HPR11,Proposition 19,,1,,Yes,337
Weber,HPR11,Proposition 19,,1,,No,293
Weber,HPR12,Registered Voters,,,,,1014
Weber,HPR12,Ballots Cast,,,,,858
Weber,HPR12,President,,1,REP,Donald J. TRUMP/ JD VANCE,643
Weber,HPR12,President,,1,DEM,Kamala D. HARRIS / Tim WALZ,174
Weber,HPR12,President,,1,LBT,Chase OLIVER / Mike ter MAAT,11
Weber,HPR12,President,,1,,Claudia de la CRUZ / Karina Alexandra GARCIA,4
Weber,HPR12,President,,1,,Cornel Ronald WEST / Melina ABDULLAH,3
Weber,HPR12,President,,1,GRN,Jill STEIN / Rudolph WARE,3
Weber,HPR12,President,,1,CON,Joel SKOUSEN / Rik COMBS,2
Weber,HPR12,President,,1,,"Lucifer ""JUSTIN CASE"" EVERYLOVE",1
Weber,HPR12,President,,1,,Write-In Totals,7
Weber,HPR12,U.S. Senate,,1,REP,John CURTIS,624
Weber,HPR12,U.S. Senate,,1,DEM,Caroline GLEICH,137
Weber,HPR12,U.S. Senate,,1,IAP,Carleton E. BOWEN,47
Weber,HPR12,U.S. Senate,,1,,Write-In Totals,15
Weber,HPR12,U.S. House,1,1,REP,Blake D. MOORE,614
Weber,HPR12,U.S. House,1,1,DEM,Bill CAMPBELL,138
Weber,HPR12,U.S. House,1,1,LBT,Daniel R. COTTAM,41
Weber,HPR12,Governor,,1,REP,Spencer J. COX / Deidre M. HENDERSON,512
Weber,HPR12,Governor,,1,DEM,Brian SMITH KING / Rebekah CUMMINGS,115
Weber,HPR12,Governor,,1,LBT,J. Robert LATHAM / Barry Evan SHORT,17
Weber,HPR12,Governor,,1,IAP,Tommy WILLIAMS / Archie A. WILLIAMS III,12
Weber,HPR12,Governor,,1,,Tom TOMENY / William LANSING TAYLOR,4
Weber,HPR12,Governor,,1,,Write-In Totals,174
Weber,HPR12,Attorney General,,1,REP,Derek BROWN,595
Weber,HPR12,Attorney General,,1,DEM,Rudy J BAUTISTA,128
Weber,HPR12,Attorney General,,1,LBT,W. Andrew McCULLOUGH,35
Weber,HPR12,Attorney General,,1,UUP,Michelle QUIST,34
Weber,HPR12,Attorney General,,1,,Austin HEPWORTH,17
Weber,HPR12,State Auditor,,1,REP,Tina CANNON,616
Weber,HPR12,State Auditor,,1,DEM,Catherine VOUTAZ,126
Weber,HPR12,State Auditor,,1,CON,Jeffery L. OSTLER,47
Weber,HPR12,State Treasurer,,1,REP,Marlo M. OAKS,616
Weber,HPR12,State Treasurer,,1,DEM,Neil A HANSEN,142
Weber,HPR12,State Treasurer,,1,UFP,Miles POMEROY,27
Weber,HPR12,State Senate,4,1,REP,Calvin Ray MUSSELMAN,582
Weber,HPR12,State House,12,1,REP,Mike SCHULTZ,619
Weber,HPR12,State House,12,1,DEM,Sharon HILTON,194
Weber,HPR12,County Commission,C,1,REP,Jim HARVEY,572
Weber,HPR12,County Commission,C,1,DEM,Steven VAN WAGONER,184
Weber,HPR12,County Commission,C,1,LBT,Brian K ROWLEY,54
Weber,HPR12,County Assessor,,1,REP,John E. ULIBARRI,671
Weber,HPR12,County Recorder/Surveyor,,1,REP,Bahy RAHIMZADEGAN,649
Weber,HPR12,County Treasurer,,1,REP,Lynelle JENSEN,666
Weber,HPR12,Weber School Board,4,1,,Paul J. WIDDISON,644
Weber,HPR12,Retain Supreme Court Justice-Matthew B. DURRANT,,1,,Yes,537
Weber,HPR12,Retain Supreme Court Justice-Matthew B. DURRANT,,1,,No,156
Weber,HPR12,Retain Appeals Court Judge-Ryan D. TENNEY,,1,,Yes,509
Weber,HPR12,Retain Appeals Court Judge-Ryan D. TENNEY,,1,,No,172
Weber,HPR12,Retain 2nd District Circuit Court Judge-Joseph M. BEAN,,1,,Yes,507
Weber,HPR12,Retain 2nd District Circuit Court Judge-Joseph M. BEAN,,1,,No,177
Weber,HPR12,Retain 2nd District Circuit Court Judge-Ronald G. RUSSELL,,1,,Yes,525
Weber,HPR12,Retain 2nd District Circuit Court Judge-Ronald G. RUSSELL,,1,,No,159
Weber,HPR12,Retain 2nd District Circuit Court Judge-Christina Patricia ORTEGA,,1,,Yes,486
Weber,HPR12,Retain 2nd District Circuit Court Judge-Christina Patricia ORTEGA,,1,,No,201
Weber,HPR12,Retain 2nd District Circuit Court Judge-Craig HALL,,1,,Yes,482
Weber,HPR12,Retain 2nd District Circuit Court Judge-Craig HALL,,1,,No,194
Weber,HPR12,Retain 2nd District Circuit Court Judge-Michael Drio DIREDA,,1,,Yes,525
Weber,HPR12,Retain 2nd District Circuit Court Judge-Michael Drio DIREDA,,1,,No,162
Weber,HPR12,Retain 2nd District Juvenile Circuit Court Judge-Tasha WILLIAMS,,1,,Yes,528
Weber,HPR12,Retain 2nd District Juvenile Circuit Court Judge-Tasha WILLIAMS,,1,,No,158
Weber,HPR12,Constitutional Amendment B,,1,,For,443
Weber,HPR12,Constitutional Amendment B,,1,,Against,331
Weber,HPR12,Constitutional Amendment C,,1,,For,663
Weber,HPR12,Constitutional Amendment C,,1,,Against,130
Weber,HPR12,Proposition 19,,1,,Yes,448
Weber,HPR12,Proposition 19,,1,,No,353
Weber,HPR20,Registered Voters,,,,,480
Weber,HPR20,Ballots Cast,,,,,416
Weber,HPR20,President,,1,REP,Donald J. TRUMP/ JD VANCE,341
Weber,HPR20,President,,1,DEM,Kamala D. HARRIS / Tim WALZ,62
Weber,HPR20,President,,1,LBT,Chase OLIVER / Mike ter MAAT,3
Weber,HPR20,President,,1,,Cornel Ronald WEST / Melina ABDULLAH,1
Weber,HPR20,President,,1,GRN,Jill STEIN / Rudolph WARE,1
Weber,HPR20,President,,1,,"Lucifer ""JUSTIN CASE"" EVERYLOVE",0
Weber,HPR20,President,,1,CON,Joel SKOUSEN / Rik COMBS,0
Weber,HPR20,President,,1,,Claudia de la CRUZ / Karina Alexandra GARCIA,0
Weber,HPR20,President,,1,,Write-In Totals,3
Weber,HPR20,U.S. Senate,,1,REP,John CURTIS,308
Weber,HPR20,U.S. Senate,,1,DEM,Caroline GLEICH,56
Weber,HPR20,U.S. Senate,,1,IAP,Carleton E. BOWEN,25
Weber,HPR20,U.S. Senate,,1,,Write-In Totals,5
Weber,HPR20,U.S. House,1,1,REP,Blake D. MOORE,328
Weber,HPR20,U.S. House,1,1,DEM,Bill CAMPBELL,54
Weber,HPR20,U.S. House,1,1,LBT,Daniel R. COTTAM,15
Weber,HPR20,Governor,,1,REP,Spencer J. COX / Deidre M. HENDERSON,237
Weber,HPR20,Governor,,1,DEM,Brian SMITH KING / Rebekah CUMMINGS,58
Weber,HPR20,Governor,,1,IAP,Tommy WILLIAMS / Archie A. WILLIAMS III,12
Weber,HPR20,Governor,,1,LBT,J. Robert LATHAM / Barry Evan SHORT,7
Weber,HPR20,Governor,,1,,Tom TOMENY / William LANSING TAYLOR,2
Weber,HPR20,Governor,,1,,Write-In Totals,88
Weber,HPR20,Attorney General,,1,REP,Derek BROWN,306
Weber,HPR20,Attorney General,,1,DEM,Rudy J BAUTISTA,50
Weber,HPR20,Attorney General,,1,UUP,Michelle QUIST,18
Weber,HPR20,Attorney General,,1,LBT,W. Andrew McCULLOUGH,11
Weber,HPR20,Attorney General,,1,,Austin HEPWORTH,8
Weber,HPR20,State Auditor,,1,REP,Tina CANNON,317
Weber,HPR20,State Auditor,,1,DEM,Catherine VOUTAZ,51
Weber,HPR20,State Auditor,,1,CON,Jeffery L. OSTLER,22
Weber,HPR20,State Treasurer,,1,REP,Marlo M. OAKS,326
Weber,HPR20,State Treasurer,,1,DEM,Neil A HANSEN,46
Weber,HPR20,State Treasurer,,1,UFP,Miles POMEROY,14
Weber,HPR20,State Senate,4,1,REP,Calvin Ray MUSSELMAN,303
Weber,HPR20,State House,12,1,REP,Mike SCHULTZ,334
Weber,HPR20,State House,12,1,DEM,Sharon HILTON,60
Weber,HPR20,County Commission,C,1,REP,Jim HARVEY,301
Weber,HPR20,County Commission,C,1,DEM,Steven VAN WAGONER,75
Weber,HPR20,County Commission,C,1,LBT,Brian K ROWLEY,23
Weber,HPR20,County Assessor,,1,REP,John E. ULIBARRI,341
Weber,HPR20,County Recorder/Surveyor,,1,REP,Bahy RAHIMZADEGAN,340
Weber,HPR20,County Treasurer,,1,REP,Lynelle JENSEN,346
Weber,HPR20,Weber School Board,4,1,,Paul J. WIDDISON,330
Weber,HPR20,Retain Supreme Court Justice-Matthew B. DURRANT,,1,,Yes,256
Weber,HPR20,Retain Supreme Court Justice-Matthew B. DURRANT,,1,,No,77
Weber,HPR20,Retain Appeals Court Judge-Ryan D. TENNEY,,1,,Yes,257
Weber,HPR20,Retain Appeals Court Judge-Ryan D. TENNEY,,1,,No,71
Weber,HPR20,Retain 2nd District Circuit Court Judge-Joseph M. BEAN,,1,,Yes,251
Weber,HPR20,Retain 2nd District Circuit Court Judge-Joseph M. BEAN,,1,,No,78
Weber,HPR20,Retain 2nd District Circuit Court Judge-Ronald G. RUSSELL,,1,,Yes,261
Weber,HPR20,Retain 2nd District Circuit Court Judge-Ronald G. RUSSELL,,1,,No,71
Weber,HPR20,Retain 2nd District Circuit Court Judge-Christina Patricia ORTEGA,,1,,Yes,243
Weber,HPR20,Retain 2nd District Circuit Court Judge-Christina Patricia ORTEGA,,1,,No,87
Weber,HPR20,Retain 2nd District Circuit Court Judge-Craig HALL,,1,,Yes,247
Weber,HPR20,Retain 2nd District Circuit Court Judge-Craig HALL,,1,,No,84
Weber,HPR20,Retain 2nd District Circuit Court Judge-Michael Drio DIREDA,,1,,Yes,254
Weber,HPR20,Retain 2nd District Circuit Court Judge-Michael Drio DIREDA,,1,,No,76
Weber,HPR20,Retain 2nd District Juvenile Circuit Court Judge-Tasha WILLIAMS,,1,,Yes,253
Weber,HPR20,Retain 2nd District Juvenile Circuit Court Judge-Tasha WILLIAMS,,1,,No,77
Weber,HPR20,Constitutional Amendment B,,1,,For,228
Weber,HPR20,Constitutional Amendment B,,1,,Against,147
Weber,HPR20,Constitutional Amendment C,,1,,For,323
Weber,HPR20,Constitutional Amendment C,,1,,Against,58
Weber,HPR20,Proposition 19,,1,,Yes,199
Weber,HPR20,Proposition 19,,1,,No,183
Weber,HPR21,Registered Voters,,,,,871
Weber,HPR21,Ballots Cast,,,,,787
Weber,HPR21,President,,1,REP,Donald J. TRUMP/ JD VANCE,623
Weber,HPR21,President,,1,DEM,Kamala D. HARRIS / Tim WALZ,138
Weber,HPR21,President,,1,GRN,Jill STEIN / Rudolph WARE,4
Weber,HPR21,President,,1,CON,Joel SKOUSEN / Rik COMBS,3
Weber,HPR21,President,,1,LBT,Chase OLIVER / Mike ter MAAT,3
Weber,HPR21,President,,1,,"Lucifer ""JUSTIN CASE"" EVERYLOVE",2
Weber,HPR21,President,,1,,Cornel Ronald WEST / Melina ABDULLAH,1
Weber,HPR21,President,,1,,Claudia de la CRUZ / Karina Alexandra GARCIA,0
Weber,HPR21,President,,1,,Write-In Totals,5
Weber,HPR21,U.S. Senate,,1,REP,John CURTIS,598
Weber,HPR21,U.S. Senate,,1,DEM,Caroline GLEICH,117
Weber,HPR21,U.S. Senate,,1,IAP,Carleton E. BOWEN,37
Weber,HPR21,U.S. Senate,,1,,Write-In Totals,2
Weber,HPR21,U.S. House,1,1,REP,Blake D. MOORE,599
Weber,HPR21,U.S. House,1,1,DEM,Bill CAMPBELL,120
Weber,HPR21,U.S. House,1,1,LBT,Daniel R. COTTAM,28
Weber,HPR21,Governor,,1,REP,Spencer J. COX / Deidre M. HENDERSON,490
Weber,HPR21,Governor,,1,DEM,Brian SMITH KING / Rebekah CUMMINGS,97
Weber,HPR21,Governor,,1,LBT,J. Robert LATHAM / Barry Evan SHORT,15
Weber,HPR21,Governor,,1,IAP,Tommy WILLIAMS / Archie A. WILLIAMS III,14
Weber,HPR21,Governor,,1,,Tom TOMENY / William LANSING TAYLOR,6
Weber,HPR21,Governor,,1,,Write-In Totals,148
Weber,HPR21,Attorney General,,1,REP,Derek BROWN,578
Weber,HPR21,Attorney General,,1,DEM,Rudy J BAUTISTA,91
Weber,HPR21,Attorney General,,1,LBT,W. Andrew McCULLOUGH,30
Weber,HPR21,Attorney General,,1,UUP,Michelle QUIST,27
Weber,HPR21,Attorney General,,1,,Austin HEPWORTH,14
Weber,HPR21,State Auditor,,1,REP,Tina CANNON,580
Weber,HPR21,State Auditor,,1,DEM,Catherine VOUTAZ,110
Weber,HPR21,State Auditor,,1,CON,Jeffery L. OSTLER,36
Weber,HPR21,State Treasurer,,1,REP,Marlo M. OAKS,591
Weber,HPR21,State Treasurer,,1,DEM,Neil A HANSEN,104
Weber,HPR21,State Treasurer,,1,UFP,Miles POMEROY,29
Weber,HPR21,State Senate,4,1,REP,Calvin Ray MUSSELMAN,551
Weber,HPR21,State House,12,1,REP,Mike SCHULTZ,597
Weber,HPR21,State House,12,1,DEM,Sharon HILTON,160
Weber,HPR21,County Commission,C,1,REP,Jim HARVEY,551
Weber,HPR21,County Commission,C,1,DEM,Steven VAN WAGONER,148
Weber,HPR21,County Commission,C,1,LBT,Brian K ROWLEY,46
Weber,HPR21,County Assessor,,1,REP,John E. ULIBARRI,629
Weber,HPR21,County Recorder/Surveyor,,1,REP,Bahy RAHIMZADEGAN,613
Weber,HPR21,County Treasurer,,1,REP,Lynelle JENSEN,619
Weber,HPR21,Weber School Board,4,1,,Paul J. WIDDISON,596
Weber,HPR21,Retain Supreme Court Justice-Matthew B. DURRANT,,1,,Yes,505
Weber,HPR21,Retain Supreme Court Justice-Matthew B. DURRANT,,1,,No,138
Weber,HPR21,Retain Appeals Court Judge-Ryan D. TENNEY,,1,,Yes,486
Weber,HPR21,Retain Appeals Court Judge-Ryan D. TENNEY,,1,,No,150
Weber,HPR21,Retain 2nd District Circuit Court Judge-Joseph M. BEAN,,1,,Yes,471
Weber,HPR21,Retain 2nd District Circuit Court Judge-Joseph M. BEAN,,1,,No,159
Weber,HPR21,Retain 2nd District Circuit Court Judge-Ronald G. RUSSELL,,1,,Yes,495
Weber,HPR21,Retain 2nd District Circuit Court Judge-Ronald G. RUSSELL,,1,,No,141
Weber,HPR21,Retain 2nd District Circuit Court Judge-Christina Patricia ORTEGA,,1,,Yes,480
Weber,HPR21,Retain 2nd District Circuit Court Judge-Christina Patricia ORTEGA,,1,,No,159
Weber,HPR21,Retain 2nd District Circuit Court Judge-Craig HALL,,1,,Yes,471
Weber,HPR21,Retain 2nd District Circuit Court Judge-Craig HALL,,1,,No,163
Weber,HPR21,Retain 2nd District Circuit Court Judge-Michael Drio DIREDA,,1,,Yes,486
Weber,HPR21,Retain 2nd District Circuit Court Judge-Michael Drio DIREDA,,1,,No,155
Weber,HPR21,Retain 2nd District Juvenile Circuit Court Judge-Tasha WILLIAMS,,1,,Yes,509
Weber,HPR21,Retain 2nd District Juvenile Circuit Court Judge-Tasha WILLIAMS,,1,,No,126
Weber,HPR21,Constitutional Amendment B,,1,,For,450
Weber,HPR21,Constitutional Amendment B,,1,,Against,285
Weber,HPR21,Constitutional Amendment C,,1,,For,613
Weber,HPR21,Constitutional Amendment C,,1,,Against,119
Weber,HPR21,Proposition 19,,1,,Yes,452
Weber,HPR21,Proposition 19,,1,,No,293
Weber,HPR22,Registered Voters,,,,,666
Weber,HPR22,Ballots Cast,,,,,589
Weber,HPR22,President,,1,REP,Donald J. TRUMP/ JD VANCE,439
Weber,HPR22,President,,1,DEM,Kamala D. HARRIS / Tim WALZ,122
Weber,HPR22,President,,1,LBT,Chase OLIVER / Mike ter MAAT,6
Weber,HPR22,President,,1,CON,Joel SKOUSEN / Rik COMBS,5
Weber,HPR22,President,,1,,Cornel Ronald WEST / Melina ABDULLAH,0
Weber,HPR22,President,,1,,"Lucifer ""JUSTIN CASE"" EVERYLOVE",0
Weber,HPR22,President,,1,GRN,Jill STEIN / Rudolph WARE,0
Weber,HPR22,President,,1,,Claudia de la CRUZ / Karina Alexandra GARCIA,0
Weber,HPR22,President,,1,,Write-In Totals,13
Weber,HPR22,U.S. Senate,,1,REP,John CURTIS,431
Weber,HPR22,U.S. Senate,,1,DEM,Caroline GLEICH,102
Weber,HPR22,U.S. Senate,,1,IAP,Carleton E. BOWEN,34
Weber,HPR22,U.S. Senate,,1,,Write-In Totals,4
Weber,HPR22,U.S. House,1,1,REP,Blake D. MOORE,433
Weber,HPR22,U.S. House,1,1,DEM,Bill CAMPBELL,100
Weber,HPR22,U.S. House,1,1,LBT,Daniel R. COTTAM,24
Weber,HPR22,Governor,,1,REP,Spencer J. COX / Deidre M. HENDERSON,343
Weber,HPR22,Governor,,1,DEM,Brian SMITH KING / Rebekah CUMMINGS,101
Weber,HPR22,Governor,,1,IAP,Tommy WILLIAMS / Archie A. WILLIAMS III,14
Weber,HPR22,Governor,,1,LBT,J. Robert LATHAM / Barry Evan SHORT,11
Weber,HPR22,Governor,,1,,Tom TOMENY / William LANSING TAYLOR,2
Weber,HPR22,Governor,,1,,Write-In Totals,100
Weber,HPR22,Attorney General,,1,REP,Derek BROWN,402
Weber,HPR22,Attorney General,,1,DEM,Rudy J BAUTISTA,92
Weber,HPR22,Attorney General,,1,UUP,Michelle QUIST,39
Weber,HPR22,Attorney General,,1,LBT,W. Andrew McCULLOUGH,17
Weber,HPR22,Attorney General,,1,,Austin HEPWORTH,10
Weber,HPR22,State Auditor,,1,REP,Tina CANNON,413
Weber,HPR22,State Auditor,,1,DEM,Catherine VOUTAZ,104
Weber,HPR22,State Auditor,,1,CON,Jeffery L. OSTLER,28
Weber,HPR22,State Treasurer,,1,REP,Marlo M. OAKS,423
Weber,HPR22,State Treasurer,,1,DEM,Neil A HANSEN,107
Weber,HPR22,State Treasurer,,1,UFP,Miles POMEROY,13
Weber,HPR22,State Senate,4,1,REP,Calvin Ray MUSSELMAN,419
Weber,HPR22,State House,12,1,REP,Mike SCHULTZ,426
Weber,HPR22,State House,12,1,DEM,Sharon HILTON,133
Weber,HPR22,County Commission,C,1,REP,Jim HARVEY,398
Weber,HPR22,County Commission,C,1,DEM,Steven VAN WAGONER,131
Weber,HPR22,County Commission,C,1,LBT,Brian K ROWLEY,29
Weber,HPR22,County Assessor,,1,REP,John E. ULIBARRI,461
Weber,HPR22,County Recorder/Surveyor,,1,REP,Bahy RAHIMZADEGAN,452
Weber,HPR22,County Treasurer,,1,REP,Lynelle JENSEN,472
Weber,HPR22,Weber School Board,4,1,,Paul J. WIDDISON,453
Weber,HPR22,Retain Supreme Court Justice-Matthew B. DURRANT,,1,,Yes,366
Weber,HPR22,Retain Supreme Court Justice-Matthew B. DURRANT,,1,,No,111
Weber,HPR22,Retain Appeals Court Judge-Ryan D. TENNEY,,1,,Yes,357
Weber,HPR22,Retain Appeals Court Judge-Ryan D. TENNEY,,1,,No,117
Weber,HPR22,Retain 2nd District Circuit Court Judge-Joseph M. BEAN,,1,,Yes,362
Weber,HPR22,Retain 2nd District Circuit Court Judge-Joseph M. BEAN,,1,,No,111
Weber,HPR22,Retain 2nd District Circuit Court Judge-Ronald G. RUSSELL,,1,,Yes,369
Weber,HPR22,Retain 2nd District Circuit Court Judge-Ronald G. RUSSELL,,1,,No,104
Weber,HPR22,Retain 2nd District Circuit Court Judge-Christina Patricia ORTEGA,,1,,Yes,354
Weber,HPR22,Retain 2nd District Circuit Court Judge-Christina Patricia ORTEGA,,1,,No,120
Weber,HPR22,Retain 2nd District Circuit Court Judge-Craig HALL,,1,,Yes,352
Weber,HPR22,Retain 2nd District Circuit Court Judge-Craig HALL,,1,,No,119
Weber,HPR22,Retain 2nd District Circuit Court Judge-Michael Drio DIREDA,,1,,Yes,363
Weber,HPR22,Retain 2nd District Circuit Court Judge-Michael Drio DIREDA,,1,,No,111
Weber,HPR22,Retain 2nd District Juvenile Circuit Court Judge-Tasha WILLIAMS,,1,,Yes,364
Weber,HPR22,Retain 2nd District Juvenile Circuit Court Judge-Tasha WILLIAMS,,1,,No,110
Weber,HPR22,Constitutional Amendment B,,1,,For,337
Weber,HPR22,Constitutional Amendment B,,1,,Against,203
Weber,HPR22,Constitutional Amendment C,,1,,For,468
Weber,HPR22,Constitutional Amendment C,,1,,Against,77
Weber,HPR22,Proposition 19,,1,,Yes,317
Weber,HPR22,Proposition 19,,1,,No,234
Weber,HPR30,Registered Voters,,,,,904
Weber,HPR30,Ballots Cast,,,,,807
Weber,HPR30,President,,1,REP,Donald J. TRUMP/ JD VANCE,579
Weber,HPR30,President,,1,DEM,Kamala D. HARRIS / Tim WALZ,192
Weber,HPR30,President,,1,LBT,Chase OLIVER / Mike ter MAAT,6
Weber,HPR30,President,,1,CON,Joel SKOUSEN / Rik COMBS,4
Weber,HPR30,President,,1,GRN,Jill STEIN / Rudolph WARE,4
Weber,HPR30,President,,1,,"Lucifer ""JUSTIN CASE"" EVERYLOVE",2
Weber,HPR30,President,,1,,Cornel Ronald WEST / Melina ABDULLAH,1
Weber,HPR30,President,,1,,Claudia de la CRUZ / Karina Alexandra GARCIA,0
Weber,HPR30,President,,1,,Write-In Totals,15
Weber,HPR30,U.S. Senate,,1,REP,John CURTIS,561
Weber,HPR30,U.S. Senate,,1,DEM,Caroline GLEICH,159
Weber,HPR30,U.S. Senate,,1,IAP,Carleton E. BOWEN,53
Weber,HPR30,U.S. Senate,,1,,Write-In Totals,4
Weber,HPR30,U.S. House,1,1,REP,Blake D. MOORE,584
Weber,HPR30,U.S. House,1,1,DEM,Bill CAMPBELL,144
Weber,HPR30,U.S. House,1,1,LBT,Daniel R. COTTAM,32
Weber,HPR30,Governor,,1,REP,Spencer J. COX / Deidre M. HENDERSON,499
Weber,HPR30,Governor,,1,DEM,Brian SMITH KING / Rebekah CUMMINGS,132
Weber,HPR30,Governor,,1,IAP,Tommy WILLIAMS / Archie A. WILLIAMS III,15
Weber,HPR30,Governor,,1,LBT,J. Robert LATHAM / Barry Evan SHORT,14
Weber,HPR30,Governor,,1,,Tom TOMENY / William LANSING TAYLOR,5
Weber,HPR30,Governor,,1,,Write-In Totals,113
Weber,HPR30,Attorney General,,1,REP,Derek BROWN,543
Weber,HPR30,Attorney General,,1,DEM,Rudy J BAUTISTA,125
Weber,HPR30,Attorney General,,1,UUP,Michelle QUIST,42
Weber,HPR30,Attorney General,,1,,Austin HEPWORTH,27
Weber,HPR30,Attorney General,,1,LBT,W. Andrew McCULLOUGH,26
Weber,HPR30,State Auditor,,1,REP,Tina CANNON,555
Weber,HPR30,State Auditor,,1,DEM,Catherine VOUTAZ,149
Weber,HPR30,State Auditor,,1,CON,Jeffery L. OSTLER,43
Weber,HPR30,State Treasurer,,1,REP,Marlo M. OAKS,560
Weber,HPR30,State Treasurer,,1,DEM,Neil A HANSEN,159
Weber,HPR30,State Treasurer,,1,UFP,Miles POMEROY,27
Weber,HPR30,State Senate,4,1,REP,Calvin Ray MUSSELMAN,556
Weber,HPR30,State House,12,1,REP,Mike SCHULTZ,572
Weber,HPR30,State House,12,1,DEM,Sharon HILTON,193
Weber,HPR30,County Commission,C,1,REP,Jim HARVEY,523
Weber,HPR30,County Commission,C,1,DEM,Steven VAN WAGONER,194
Weber,HPR30,County Commission,C,1,LBT,Brian K ROWLEY,44
Weber,HPR30,County Assessor,,1,REP,John E. ULIBARRI,628
Weber,HPR30,County Recorder/Surveyor,,1,REP,Bahy RAHIMZADEGAN,610
Weber,HPR30,County Treasurer,,1,REP,Lynelle JENSEN,630
Weber,HPR30,Weber School Board,7,1,,Wyle J. WILLIAMS,570
Weber,HPR30,Retain Supreme Court Justice-Matthew B. DURRANT,,1,,Yes,506
Weber,HPR30,Retain Supreme Court Justice-Matthew B. DURRANT,,1,,No,134
Weber,HPR30,Retain Appeals Court Judge-Ryan D. TENNEY,,1,,Yes,491
Weber,HPR30,Retain Appeals Court Judge-Ryan D. TENNEY,,1,,No,144
Weber,HPR30,Retain 2nd District Circuit Court Judge-Joseph M. BEAN,,1,,Yes,491
Weber,HPR30,Retain 2nd District Circuit Court Judge-Joseph M. BEAN,,1,,No,142
Weber,HPR30,Retain 2nd District Circuit Court Judge-Ronald G. RUSSELL,,1,,Yes,499
Weber,HPR30,Retain 2nd District Circuit Court Judge-Ronald G. RUSSELL,,1,,No,133
Weber,HPR30,Retain 2nd District Circuit Court Judge-Christina Patricia ORTEGA,,1,,Yes,496
Weber,HPR30,Retain 2nd District Circuit Court Judge-Christina Patricia ORTEGA,,1,,No,141
Weber,HPR30,Retain 2nd District Circuit Court Judge-Craig HALL,,1,,Yes,487
Weber,HPR30,Retain 2nd District Circuit Court Judge-Craig HALL,,1,,No,150
Weber,HPR30,Retain 2nd District Circuit Court Judge-Michael Drio DIREDA,,1,,Yes,494
Weber,HPR30,Retain 2nd District Circuit Court Judge-Michael Drio DIREDA,,1,,No,142
Weber,HPR30,Retain 2nd District Juvenile Circuit Court Judge-Tasha WILLIAMS,,1,,Yes,509
Weber,HPR30,Retain 2nd District Juvenile Circuit Court Judge-Tasha WILLIAMS,,1,,No,125
Weber,HPR30,Constitutional Amendment B,,1,,For,502
Weber,HPR30,Constitutional Amendment B,,1,,Against,238
Weber,HPR30,Constitutional Amendment C,,1,,For,614
Weber,HPR30,Constitutional Amendment C,,1,,Against,124
Weber,HPR30,Proposition 19,,1,,Yes,478
Weber,HPR30,Proposition 19,,1,,No,277
Weber,HPR31,Registered Voters,,,,,861
Weber,HPR31,Ballots Cast,,,,,703
Weber,HPR31,President,,1,REP,Donald J. TRUMP/ JD VANCE,455
Weber,HPR31,President,,1,DEM,Kamala D. HARRIS / Tim WALZ,215
Weber,HPR31,President,,1,LBT,Chase OLIVER / Mike ter MAAT,10
Weber,HPR31,President,,1,CON,Joel SKOUSEN / Rik COMBS,3
Weber,HPR31,President,,1,,"Lucifer ""JUSTIN CASE"" EVERYLOVE",2
Weber,HPR31,President,,1,GRN,Jill STEIN / Rudolph WARE,2
Weber,HPR31,President,,1,,Cornel Ronald WEST / Melina ABDULLAH,1
Weber,HPR31,President,,1,,Claudia de la CRUZ / Karina Alexandra GARCIA,0
Weber,HPR31,President,,1,,Write-In Totals,12
Weber,HPR31,U.S. Senate,,1,REP,John CURTIS,458
Weber,HPR31,U.S. Senate,,1,DEM,Caroline GLEICH,165
Weber,HPR31,U.S. Senate,,1,IAP,Carleton E. BOWEN,37
Weber,HPR31,U.S. Senate,,1,,Write-In Totals,6
Weber,HPR31,U.S. House,1,1,REP,Blake D. MOORE,473
Weber,HPR31,U.S. House,1,1,DEM,Bill CAMPBELL,150
Weber,HPR31,U.S. House,1,1,LBT,Daniel R. COTTAM,40
Weber,HPR31,Governor,,1,REP,Spencer J. COX / Deidre M. HENDERSON,385
Weber,HPR31,Governor,,1,DEM,Brian SMITH KING / Rebekah CUMMINGS,147
Weber,HPR31,Governor,,1,LBT,J. Robert LATHAM / Barry Evan SHORT,19
Weber,HPR31,Governor,,1,IAP,Tommy WILLIAMS / Archie A. WILLIAMS III,10
Weber,HPR31,Governor,,1,,Tom TOMENY / William LANSING TAYLOR,4
Weber,HPR31,Governor,,1,,Write-In Totals,117
Weber,HPR31,Attorney General,,1,REP,Derek BROWN,420
Weber,HPR31,Attorney General,,1,DEM,Rudy J BAUTISTA,147
Weber,HPR31,Attorney General,,1,UUP,Michelle QUIST,35
Weber,HPR31,Attorney General,,1,,Austin HEPWORTH,33
Weber,HPR31,Attorney General,,1,LBT,W. Andrew McCULLOUGH,28
Weber,HPR31,State Auditor,,1,REP,Tina CANNON,445
Weber,HPR31,State Auditor,,1,DEM,Catherine VOUTAZ,163
Weber,HPR31,State Auditor,,1,CON,Jeffery L. OSTLER,44
Weber,HPR31,State Treasurer,,1,REP,Marlo M. OAKS,446
Weber,HPR31,State Treasurer,,1,DEM,Neil A HANSEN,143
Weber,HPR31,State Treasurer,,1,UFP,Miles POMEROY,51
Weber,HPR31,State Senate,4,1,REP,Calvin Ray MUSSELMAN,452
Weber,HPR31,State House,12,1,REP,Mike SCHULTZ,482
Weber,HPR31,State House,12,1,DEM,Sharon HILTON,185
Weber,HPR31,County Commission,C,1,REP,Jim HARVEY,414
Weber,HPR31,County Commission,C,1,DEM,Steven VAN WAGONER,189
Weber,HPR31,County Commission,C,1,LBT,Brian K ROWLEY,59
Weber,HPR31,County Assessor,,1,REP,John E. ULIBARRI,520
Weber,HPR31,County Recorder/Surveyor,,1,REP,Bahy RAHIMZADEGAN,507
Weber,HPR31,County Treasurer,,1,REP,Lynelle JENSEN,526
Weber,HPR31,Weber School Board,4,1,,Paul J. WIDDISON,476
Weber,HPR31,Retain Supreme Court Justice-Matthew B. DURRANT,,1,,Yes,438
Weber,HPR31,Retain Supreme Court Justice-Matthew B. DURRANT,,1,,No,138
Weber,HPR31,Retain Appeals Court Judge-Ryan D. TENNEY,,1,,Yes,435
Weber,HPR31,Retain Appeals Court Judge-Ryan D. TENNEY,,1,,No,138
Weber,HPR31,Retain 2nd District Circuit Court Judge-Joseph M. BEAN,,1,,Yes,427
Weber,HPR31,Retain 2nd District Circuit Court Judge-Joseph M. BEAN,,1,,No,144
Weber,HPR31,Retain 2nd District Circuit Court Judge-Ronald G. RUSSELL,,1,,Yes,445
Weber,HPR31,Retain 2nd District Circuit Court Judge-Ronald G. RUSSELL,,1,,No,126
Weber,HPR31,Retain 2nd District Circuit Court Judge-Christina Patricia ORTEGA,,1,,Yes,427
Weber,HPR31,Retain 2nd District Circuit Court Judge-Christina Patricia ORTEGA,,1,,No,148
Weber,HPR31,Retain 2nd District Circuit Court Judge-Craig HALL,,1,,Yes,408
Weber,HPR31,Retain 2nd District Circuit Court Judge-Craig HALL,,1,,No,156
Weber,HPR31,Retain 2nd District Circuit Court Judge-Michael Drio DIREDA,,1,,Yes,442
Weber,HPR31,Retain 2nd District Circuit Court Judge-Michael Drio DIREDA,,1,,No,127
Weber,HPR31,Retain 2nd District Juvenile Circuit Court Judge-Tasha WILLIAMS,,1,,Yes,428
Weber,HPR31,Retain 2nd District Juvenile Circuit Court Judge-Tasha WILLIAMS,,1,,No,144
Weber,HPR31,Constitutional Amendment B,,1,,For,450
Weber,HPR31,Constitutional Amendment B,,1,,Against,204
Weber,HPR31,Constitutional Amendment C,,1,,For,536
Weber,HPR31,Constitutional Amendment C,,1,,Against,118
Weber,HPR31,Proposition 19,,1,,Yes,419
Weber,HPR31,Proposition 19,,1,,No,243
Weber,HUN01,Registered Voters,,,,,431
Weber,HUN01,Ballots Cast,,,,,398
Weber,HUN01,President,,1,REP,Donald J. TRUMP/ JD VANCE,235
Weber,HUN01,President,,1,DEM,Kamala D. HARRIS / Tim WALZ,129
Weber,HUN01,President,,1,CON,Joel SKOUSEN / Rik COMBS,8
Weber,HUN01,President,,1,LBT,Chase OLIVER / Mike ter MAAT,7
Weber,HUN01,President,,1,,Cornel Ronald WEST / Melina ABDULLAH,2
Weber,HUN01,President,,1,,"Lucifer ""JUSTIN CASE"" EVERYLOVE",2
Weber,HUN01,President,,1,GRN,Jill STEIN / Rudolph WARE,0
Weber,HUN01,President,,1,,Claudia de la CRUZ / Karina Alexandra GARCIA,0
Weber,HUN01,President,,1,,Write-In Totals,9
Weber,HUN01,U.S. Senate,,1,REP,John CURTIS,246
Weber,HUN01,U.S. Senate,,1,DEM,Caroline GLEICH,107
Weber,HUN01,U.S. Senate,,1,IAP,Carleton E. BOWEN,22
Weber,HUN01,U.S. Senate,,1,,Write-In Totals,4
Weber,HUN01,U.S. House,1,1,REP,Blake D. MOORE,254
Weber,HUN01,U.S. House,1,1,DEM,Bill CAMPBELL,97
Weber,HUN01,U.S. House,1,1,LBT,Daniel R. COTTAM,17
Weber,HUN01,Governor,,1,REP,Spencer J. COX / Deidre M. HENDERSON,193
Weber,HUN01,Governor,,1,DEM,Brian SMITH KING / Rebekah CUMMINGS,93
Weber,HUN01,Governor,,1,IAP,Tommy WILLIAMS / Archie A. WILLIAMS III,10
Weber,HUN01,Governor,,1,LBT,J. Robert LATHAM / Barry Evan SHORT,8
Weber,HUN01,Governor,,1,,Tom TOMENY / William LANSING TAYLOR,0
Weber,HUN01,Governor,,1,,Write-In Totals,81
Weber,HUN01,Attorney General,,1,REP,Derek BROWN,209
Weber,HUN01,Attorney General,,1,DEM,Rudy J BAUTISTA,98
Weber,HUN01,Attorney General,,1,UUP,Michelle QUIST,25
Weber,HUN01,Attorney General,,1,LBT,W. Andrew McCULLOUGH,21
Weber,HUN01,Attorney General,,1,,Austin HEPWORTH,17
Weber,HUN01,State Auditor,,1,REP,Tina CANNON,248
Weber,HUN01,State Auditor,,1,DEM,Catherine VOUTAZ,93
Weber,HUN01,State Auditor,,1,CON,Jeffery L. OSTLER,28
Weber,HUN01,State Treasurer,,1,REP,Marlo M. OAKS,244
Weber,HUN01,State Treasurer,,1,DEM,Neil A HANSEN,100
Weber,HUN01,State Treasurer,,1,UFP,Miles POMEROY,17
Weber,HUN01,State Senate,3,1,REP,John D. JOHNSON,222
Weber,HUN01,State Senate,3,1,DEM,Stacy BERNAL,137
Weber,HUN01,State House,8,1,REP,Jason B KYLE,290
Weber,HUN01,County Commission,C,1,REP,Jim HARVEY,167
Weber,HUN01,County Commission,C,1,DEM,Steven VAN WAGONER,154
Weber,HUN01,County Commission,C,1,LBT,Brian K ROWLEY,50
Weber,HUN01,County Assessor,,1,REP,John E. ULIBARRI,282
Weber,HUN01,County Recorder/Surveyor,,1,REP,Bahy RAHIMZADEGAN,272
Weber,HUN01,County Treasurer,,1,REP,Lynelle JENSEN,286
Weber,HUN01,Retain Supreme Court Justice-Matthew B. DURRANT,,1,,Yes,238
Weber,HUN01,Retain Supreme Court Justice-Matthew B. DURRANT,,1,,No,66
Weber,HUN01,Retain Appeals Court Judge-Ryan D. TENNEY,,1,,Yes,227
Weber,HUN01,Retain Appeals Court Judge-Ryan D. TENNEY,,1,,No,71
Weber,HUN01,Retain 2nd District Circuit Court Judge-Joseph M. BEAN,,1,,Yes,228
Weber,HUN01,Retain 2nd District Circuit Court Judge-Joseph M. BEAN,,1,,No,71
Weber,HUN01,Retain 2nd District Circuit Court Judge-Ronald G. RUSSELL,,1,,Yes,236
Weber,HUN01,Retain 2nd District Circuit Court Judge-Ronald G. RUSSELL,,1,,No,62
Weber,HUN01,Retain 2nd District Circuit Court Judge-Christina Patricia ORTEGA,,1,,Yes,218
Weber,HUN01,Retain 2nd District Circuit Court Judge-Christina Patricia ORTEGA,,1,,No,88
Weber,HUN01,Retain 2nd District Circuit Court Judge-Craig HALL,,1,,Yes,225
Weber,HUN01,Retain 2nd District Circuit Court Judge-Craig HALL,,1,,No,70
Weber,HUN01,Retain 2nd District Circuit Court Judge-Michael Drio DIREDA,,1,,Yes,235
Weber,HUN01,Retain 2nd District Circuit Court Judge-Michael Drio DIREDA,,1,,No,68
Weber,HUN01,Retain 2nd District Juvenile Circuit Court Judge-Tasha WILLIAMS,,1,,Yes,222
Weber,HUN01,Retain 2nd District Juvenile Circuit Court Judge-Tasha WILLIAMS,,1,,No,77
Weber,HUN01,Constitutional Amendment B,,1,,For,227
Weber,HUN01,Constitutional Amendment B,,1,,Against,139
Weber,HUN01,Constitutional Amendment C,,1,,For,308
Weber,HUN01,Constitutional Amendment C,,1,,Against,53
Weber,HUN01,Proposition 19,,1,,Yes,226
Weber,HUN01,Proposition 19,,1,,No,138
Weber,MSC01,Registered Voters,,,,,695
Weber,MSC01,Ballots Cast,,,,,624
Weber,MSC01,President,,1,REP,Donald J. TRUMP/ JD VANCE,450
Weber,MSC01,President,,1,DEM,Kamala D. HARRIS / Tim WALZ,139
Weber,MSC01,President,,1,CON,Joel SKOUSEN / Rik COMBS,6
Weber,MSC01,President,,1,,Claudia de la CRUZ / Karina Alexandra GARCIA,3
Weber,MSC01,President,,1,,Cornel Ronald WEST / Melina ABDULLAH,2
Weber,MSC01,President,,1,GRN,Jill STEIN / Rudolph WARE,2
Weber,MSC01,President,,1,LBT,Chase OLIVER / Mike ter MAAT,2
Weber,MSC01,President,,1,,"Lucifer ""JUSTIN CASE"" EVERYLOVE",1
Weber,MSC01,President,,1,,Write-In Totals,10
Weber,MSC01,U.S. Senate,,1,REP,John CURTIS,474
Weber,MSC01,U.S. Senate,,1,DEM,Caroline GLEICH,99
Weber,MSC01,U.S. Senate,,1,IAP,Carleton E. BOWEN,28
Weber,MSC01,U.S. Senate,,1,,Write-In Totals,4
Weber,MSC01,U.S. House,1,1,REP,Blake D. MOORE,468
Weber,MSC01,U.S. House,1,1,DEM,Bill CAMPBELL,89
Weber,MSC01,U.S. House,1,1,LBT,Daniel R. COTTAM,27
Weber,MSC01,Governor,,1,REP,Spencer J. COX / Deidre M. HENDERSON,401
Weber,MSC01,Governor,,1,DEM,Brian SMITH KING / Rebekah CUMMINGS,83
Weber,MSC01,Governor,,1,IAP,Tommy WILLIAMS / Archie A. WILLIAMS III,14
Weber,MSC01,Governor,,1,LBT,J. Robert LATHAM / Barry Evan SHORT,13
Weber,MSC01,Governor,,1,,Tom TOMENY / William LANSING TAYLOR,2
Weber,MSC01,Governor,,1,,Write-In Totals,84
Weber,MSC01,Attorney General,,1,REP,Derek BROWN,445
Weber,MSC01,Attorney General,,1,DEM,Rudy J BAUTISTA,70
Weber,MSC01,Attorney General,,1,UUP,Michelle QUIST,36
Weber,MSC01,Attorney General,,1,,Austin HEPWORTH,19
Weber,MSC01,Attorney General,,1,LBT,W. Andrew McCULLOUGH,14
Weber,MSC01,State Auditor,,1,REP,Tina CANNON,452
Weber,MSC01,State Auditor,,1,DEM,Catherine VOUTAZ,93
Weber,MSC01,State Auditor,,1,CON,Jeffery L. OSTLER,24
Weber,MSC01,State Treasurer,,1,REP,Marlo M. OAKS,441
Weber,MSC01,State Treasurer,,1,DEM,Neil A HANSEN,107
Weber,MSC01,State Treasurer,,1,UFP,Miles POMEROY,21
Weber,MSC01,State Senate,4,1,REP,Calvin Ray MUSSELMAN,437
Weber,MSC01,State House,6,1,REP,Matthew H. GWYNN,453
Weber,MSC01,State House,6,1,DEM,Amber HARDY,114
Weber,MSC01,County Commission,C,1,REP,Jim HARVEY,404
Weber,MSC01,County Commission,C,1,DEM,Steven VAN WAGONER,140
Weber,MSC01,County Commission,C,1,LBT,Brian K ROWLEY,39
Weber,MSC01,County Assessor,,1,REP,John E. ULIBARRI,491
Weber,MSC01,County Recorder/Surveyor,,1,REP,Bahy RAHIMZADEGAN,472
Weber,MSC01,County Treasurer,,1,REP,Lynelle JENSEN,493
Weber,MSC01,Weber School Board,4,1,,Paul J. WIDDISON,468
Weber,MSC01,Retain Supreme Court Justice-Matthew B. DURRANT,,1,,Yes,388
Weber,MSC01,Retain Supreme Court Justice-Matthew B. DURRANT,,1,,No,99
Weber,MSC01,Retain Appeals Court Judge-Ryan D. TENNEY,,1,,Yes,386
Weber,MSC01,Retain Appeals Court Judge-Ryan D. TENNEY,,1,,No,101
Weber,MSC01,Retain 2nd District Circuit Court Judge-Joseph M. BEAN,,1,,Yes,379
Weber,MSC01,Retain 2nd District Circuit Court Judge-Joseph M. BEAN,,1,,No,110
Weber,MSC01,Retain 2nd District Circuit Court Judge-Ronald G. RUSSELL,,1,,Yes,390
Weber,MSC01,Retain 2nd District Circuit Court Judge-Ronald G. RUSSELL,,1,,No,105
Weber,MSC01,Retain 2nd District Circuit Court Judge-Christina Patricia ORTEGA,,1,,Yes,380
Weber,MSC01,Retain 2nd District Circuit Court Judge-Christina Patricia ORTEGA,,1,,No,111
Weber,MSC01,Retain 2nd District Circuit Court Judge-Craig HALL,,1,,Yes,366
Weber,MSC01,Retain 2nd District Circuit Court Judge-Craig HALL,,1,,No,122
Weber,MSC01,Retain 2nd District Circuit Court Judge-Michael Drio DIREDA,,1,,Yes,377
Weber,MSC01,Retain 2nd District Circuit Court Judge-Michael Drio DIREDA,,1,,No,105
Weber,MSC01,Retain 2nd District Juvenile Circuit Court Judge-Tasha WILLIAMS,,1,,Yes,380
Weber,MSC01,Retain 2nd District Juvenile Circuit Court Judge-Tasha WILLIAMS,,1,,No,110
Weber,MSC01,Constitutional Amendment B,,1,,For,335
Weber,MSC01,Constitutional Amendment B,,1,,Against,228
Weber,MSC01,Constitutional Amendment C,,1,,For,478
Weber,MSC01,Constitutional Amendment C,,1,,Against,96
Weber,MSC01,Proposition 19,,1,,Yes,342
Weber,MSC01,Proposition 19,,1,,No,237
Weber,MSC02,Registered Voters,,,,,465
Weber,MSC02,Ballots Cast,,,,,407
Weber,MSC02,President,,1,REP,Donald J. TRUMP/ JD VANCE,260
Weber,MSC02,President,,1,DEM,Kamala D. HARRIS / Tim WALZ,135
Weber,MSC02,President,,1,LBT,Chase OLIVER / Mike ter MAAT,3
Weber,MSC02,President,,1,GRN,Jill STEIN / Rudolph WARE,2
Weber,MSC02,President,,1,,"Lucifer ""JUSTIN CASE"" EVERYLOVE",1
Weber,MSC02,President,,1,,Claudia de la CRUZ / Karina Alexandra GARCIA,1
Weber,MSC02,President,,1,,Cornel Ronald WEST / Melina ABDULLAH,0
Weber,MSC02,President,,1,CON,Joel SKOUSEN / Rik COMBS,0
Weber,MSC02,President,,1,,Write-In Totals,2
Weber,MSC02,U.S. Senate,,1,REP,John CURTIS,266
Weber,MSC02,U.S. Senate,,1,DEM,Caroline GLEICH,110
Weber,MSC02,U.S. Senate,,1,IAP,Carleton E. BOWEN,12
Weber,MSC02,U.S. Senate,,1,,Write-In Totals,2
Weber,MSC02,U.S. House,1,1,REP,Blake D. MOORE,279
Weber,MSC02,U.S. House,1,1,DEM,Bill CAMPBELL,97
Weber,MSC02,U.S. House,1,1,LBT,Daniel R. COTTAM,13
Weber,MSC02,Governor,,1,REP,Spencer J. COX / Deidre M. HENDERSON,234
Weber,MSC02,Governor,,1,DEM,Brian SMITH KING / Rebekah CUMMINGS,92
Weber,MSC02,Governor,,1,IAP,Tommy WILLIAMS / Archie A. WILLIAMS III,9
Weber,MSC02,Governor,,1,LBT,J. Robert LATHAM / Barry Evan SHORT,8
Weber,MSC02,Governor,,1,,Tom TOMENY / William LANSING TAYLOR,0
Weber,MSC02,Governor,,1,,Write-In Totals,50
Weber,MSC02,Attorney General,,1,REP,Derek BROWN,245
Weber,MSC02,Attorney General,,1,DEM,Rudy J BAUTISTA,95
Weber,MSC02,Attorney General,,1,UUP,Michelle QUIST,26
Weber,MSC02,Attorney General,,1,LBT,W. Andrew McCULLOUGH,11
Weber,MSC02,Attorney General,,1,,Austin HEPWORTH,11
Weber,MSC02,State Auditor,,1,REP,Tina CANNON,263
Weber,MSC02,State Auditor,,1,DEM,Catherine VOUTAZ,100
Weber,MSC02,State Auditor,,1,CON,Jeffery L. OSTLER,19
Weber,MSC02,State Treasurer,,1,REP,Marlo M. OAKS,259
Weber,MSC02,State Treasurer,,1,DEM,Neil A HANSEN,107
Weber,MSC02,State Treasurer,,1,UFP,Miles POMEROY,16
Weber,MSC02,State Senate,4,1,REP,Calvin Ray MUSSELMAN,273
Weber,MSC02,State House,6,1,REP,Matthew H. GWYNN,262
Weber,MSC02,State House,6,1,DEM,Amber HARDY,116
Weber,MSC02,County Commission,C,1,REP,Jim HARVEY,236
Weber,MSC02,County Commission,C,1,DEM,Steven VAN WAGONER,137
Weber,MSC02,County Commission,C,1,LBT,Brian K ROWLEY,17
Weber,MSC02,County Assessor,,1,REP,John E. ULIBARRI,315
Weber,MSC02,County Recorder/Surveyor,,1,REP,Bahy RAHIMZADEGAN,309
Weber,MSC02,County Treasurer,,1,REP,Lynelle JENSEN,317
Weber,MSC02,Weber School Board,4,1,,Paul J. WIDDISON,290
Weber,MSC02,Retain Supreme Court Justice-Matthew B. DURRANT,,1,,Yes,246
Weber,MSC02,Retain Supreme Court Justice-Matthew B. DURRANT,,1,,No,94
Weber,MSC02,Retain Appeals Court Judge-Ryan D. TENNEY,,1,,Yes,241
Weber,MSC02,Retain Appeals Court Judge-Ryan D. TENNEY,,1,,No,92
Weber,MSC02,Retain 2nd District Circuit Court Judge-Joseph M. BEAN,,1,,Yes,233
Weber,MSC02,Retain 2nd District Circuit Court Judge-Joseph M. BEAN,,1,,No,100
Weber,MSC02,Retain 2nd District Circuit Court Judge-Ronald G. RUSSELL,,1,,Yes,246
Weber,MSC02,Retain 2nd District Circuit Court Judge-Ronald G. RUSSELL,,1,,No,87
Weber,MSC02,Retain 2nd District Circuit Court Judge-Christina Patricia ORTEGA,,1,,Yes,239
Weber,MSC02,Retain 2nd District Circuit Court Judge-Christina Patricia ORTEGA,,1,,No,96
Weber,MSC02,Retain 2nd District Circuit Court Judge-Craig HALL,,1,,Yes,236
Weber,MSC02,Retain 2nd District Circuit Court Judge-Craig HALL,,1,,No,96
Weber,MSC02,Retain 2nd District Circuit Court Judge-Michael Drio DIREDA,,1,,Yes,239
Weber,MSC02,Retain 2nd District Circuit Court Judge-Michael Drio DIREDA,,1,,No,97
Weber,MSC02,Retain 2nd District Juvenile Circuit Court Judge-Tasha WILLIAMS,,1,,Yes,248
Weber,MSC02,Retain 2nd District Juvenile Circuit Court Judge-Tasha WILLIAMS,,1,,No,86
Weber,MSC02,Constitutional Amendment B,,1,,For,241
Weber,MSC02,Constitutional Amendment B,,1,,Against,140
Weber,MSC02,Constitutional Amendment C,,1,,For,318
Weber,MSC02,Constitutional Amendment C,,1,,Against,65
Weber,MSC02,Proposition 19,,1,,Yes,247
Weber,MSC02,Proposition 19,,1,,No,142
Weber,MSC03 Suppressed,Registered Voters,,,,,2
Weber,MSC03 Suppressed,Ballots Cast,,,,,3
Weber,MSC03 Suppressed,President,,1,REP,Donald J. TRUMP/ JD VANCE,
Weber,MSC03 Suppressed,President,,1,,Cornel Ronald WEST / Melina ABDULLAH,
Weber,MSC03 Suppressed,President,,1,,"Lucifer ""JUSTIN CASE"" EVERYLOVE",
Weber,MSC03 Suppressed,President,,1,CON,Joel SKOUSEN / Rik COMBS,
Weber,MSC03 Suppressed,President,,1,GRN,Jill STEIN / Rudolph WARE,
Weber,MSC03 Suppressed,President,,1,LBT,Chase OLIVER / Mike ter MAAT,
Weber,MSC03 Suppressed,President,,1,DEM,Kamala D. HARRIS / Tim WALZ,
Weber,MSC03 Suppressed,President,,1,,Claudia de la CRUZ / Karina Alexandra GARCIA,
Weber,MSC03 Suppressed,President,,1,,Write-In Totals,
Weber,MSC03 Suppressed,U.S. Senate,,1,REP,John CURTIS,
Weber,MSC03 Suppressed,U.S. Senate,,1,IAP,Carleton E. BOWEN,
Weber,MSC03 Suppressed,U.S. Senate,,1,DEM,Caroline GLEICH,
Weber,MSC03 Suppressed,U.S. Senate,,1,,Write-In Totals,
Weber,MSC03 Suppressed,U.S. House,1,1,REP,Blake D. MOORE,
Weber,MSC03 Suppressed,U.S. House,1,1,LBT,Daniel R. COTTAM,
Weber,MSC03 Suppressed,U.S. House,1,1,DEM,Bill CAMPBELL,
Weber,MSC03 Suppressed,Governor,,1,REP,Spencer J. COX / Deidre M. HENDERSON,
Weber,MSC03 Suppressed,Governor,,1,DEM,Brian SMITH KING / Rebekah CUMMINGS,
Weber,MSC03 Suppressed,Governor,,1,LBT,J. Robert LATHAM / Barry Evan SHORT,
Weber,MSC03 Suppressed,Governor,,1,IAP,Tommy WILLIAMS / Archie A. WILLIAMS III,
Weber,MSC03 Suppressed,Governor,,1,,Tom TOMENY / William LANSING TAYLOR,
Weber,MSC03 Suppressed,Governor,,1,,Write-In Totals,
Weber,MSC03 Suppressed,Attorney General,,1,REP,Derek BROWN,
Weber,MSC03 Suppressed,Attorney General,,1,,Austin HEPWORTH,
Weber,MSC03 Suppressed,Attorney General,,1,DEM,Rudy J BAUTISTA,
Weber,MSC03 Suppressed,Attorney General,,1,LBT,W. Andrew McCULLOUGH,
Weber,MSC03 Suppressed,Attorney General,,1,UUP,Michelle QUIST,
Weber,MSC03 Suppressed,State Auditor,,1,REP,Tina CANNON,
Weber,MSC03 Suppressed,State Auditor,,1,CON,Jeffery L. OSTLER,
Weber,MSC03 Suppressed,State Auditor,,1,DEM,Catherine VOUTAZ,
Weber,MSC03 Suppressed,State Treasurer,,1,REP,Marlo M. OAKS,
Weber,MSC03 Suppressed,State Treasurer,,1,UFP,Miles POMEROY,
Weber,MSC03 Suppressed,State Treasurer,,1,DEM,Neil A HANSEN,
Weber,MSC03 Suppressed,State Senate,4,1,REP,Calvin Ray MUSSELMAN,
Weber,MSC03 Suppressed,State House,9,1,REP,Jake SAWYER,
Weber,MSC03 Suppressed,State House,9,1,LBT,Jacob K. JOHNSON,
Weber,MSC03 Suppressed,State House,9,1,DEM,Angela CHOBERKA,
Weber,MSC03 Suppressed,County Commission,C,1,REP,Jim HARVEY,
Weber,MSC03 Suppressed,County Commission,C,1,LBT,Brian K ROWLEY,
Weber,MSC03 Suppressed,County Commission,C,1,DEM,Steven VAN WAGONER,
Weber,MSC03 Suppressed,County Assessor,,1,REP,John E. ULIBARRI,
Weber,MSC03 Suppressed,County Recorder/Surveyor,,1,REP,Bahy RAHIMZADEGAN,
Weber,MSC03 Suppressed,County Treasurer,,1,REP,Lynelle JENSEN,
Weber,MSC03 Suppressed,Weber School Board,4,1,,Paul J. WIDDISON,
Weber,MSC03 Suppressed,Retain Supreme Court Justice-Matthew B. DURRANT,,1,,Yes,
Weber,MSC03 Suppressed,Retain Supreme Court Justice-Matthew B. DURRANT,,1,,No,
Weber,MSC03 Suppressed,Retain Appeals Court Judge-Ryan D. TENNEY,,1,,Yes,
Weber,MSC03 Suppressed,Retain Appeals Court Judge-Ryan D. TENNEY,,1,,No,
Weber,MSC03 Suppressed,Retain 2nd District Circuit Court Judge-Joseph M. BEAN,,1,,Yes,
Weber,MSC03 Suppressed,Retain 2nd District Circuit Court Judge-Joseph M. BEAN,,1,,No,
Weber,MSC03 Suppressed,Retain 2nd District Circuit Court Judge-Ronald G. RUSSELL,,1,,Yes,
Weber,MSC03 Suppressed,Retain 2nd District Circuit Court Judge-Ronald G. RUSSELL,,1,,No,
Weber,MSC03 Suppressed,Retain 2nd District Circuit Court Judge-Christina Patricia ORTEGA,,1,,Yes,
Weber,MSC03 Suppressed,Retain 2nd District Circuit Court Judge-Christina Patricia ORTEGA,,1,,No,
Weber,MSC03 Suppressed,Retain 2nd District Circuit Court Judge-Craig HALL,,1,,Yes,
Weber,MSC03 Suppressed,Retain 2nd District Circuit Court Judge-Craig HALL,,1,,No,
Weber,MSC03 Suppressed,Retain 2nd District Circuit Court Judge-Michael Drio DIREDA,,1,,Yes,
Weber,MSC03 Suppressed,Retain 2nd District Circuit Court Judge-Michael Drio DIREDA,,1,,No,
Weber,MSC03 Suppressed,Retain 2nd District Juvenile Circuit Court Judge-Tasha WILLIAMS,,1,,Yes,
Weber,MSC03 Suppressed,Retain 2nd District Juvenile Circuit Court Judge-Tasha WILLIAMS,,1,,No,
Weber,MSC03 Suppressed,Constitutional Amendment B,,1,,Against,
Weber,MSC03 Suppressed,Constitutional Amendment B,,1,,For,
Weber,MSC03 Suppressed,Constitutional Amendment C,,1,,For,
Weber,MSC03 Suppressed,Constitutional Amendment C,,1,,Against,
Weber,MSC03 Suppressed,Proposition 19,,1,,No,
Weber,MSC03 Suppressed,Proposition 19,,1,,Yes,
Weber,MSC04,Registered Voters,,,,,49
Weber,MSC04,Ballots Cast,,,,,38
Weber,MSC04,President,,1,REP,Donald J. TRUMP/ JD VANCE,36
Weber,MSC04,President,,1,DEM,Kamala D. HARRIS / Tim WALZ,2
Weber,MSC04,President,,1,,Cornel Ronald WEST / Melina ABDULLAH,0
Weber,MSC04,President,,1,,"Lucifer ""JUSTIN CASE"" EVERYLOVE",0
Weber,MSC04,President,,1,CON,Joel SKOUSEN / Rik COMBS,0
Weber,MSC04,President,,1,GRN,Jill STEIN / Rudolph WARE,0
Weber,MSC04,President,,1,LBT,Chase OLIVER / Mike ter MAAT,0
Weber,MSC04,President,,1,,Claudia de la CRUZ / Karina Alexandra GARCIA,0
Weber,MSC04,President,,1,,Write-In Totals,0
Weber,MSC04,U.S. Senate,,1,REP,John CURTIS,32
Weber,MSC04,U.S. Senate,,1,IAP,Carleton E. BOWEN,2
Weber,MSC04,U.S. Senate,,1,DEM,Caroline GLEICH,1
Weber,MSC04,U.S. Senate,,1,,Write-In Totals,1
Weber,MSC04,U.S. House,1,1,REP,Blake D. MOORE,34
Weber,MSC04,U.S. House,1,1,LBT,Daniel R. COTTAM,2
Weber,MSC04,U.S. House,1,1,DEM,Bill CAMPBELL,1
Weber,MSC04,Governor,,1,REP,Spencer J. COX / Deidre M. HENDERSON,25
Weber,MSC04,Governor,,1,LBT,J. Robert LATHAM / Barry Evan SHORT,3
Weber,MSC04,Governor,,1,IAP,Tommy WILLIAMS / Archie A. WILLIAMS III,1
Weber,MSC04,Governor,,1,DEM,Brian SMITH KING / Rebekah CUMMINGS,1
Weber,MSC04,Governor,,1,,Tom TOMENY / William LANSING TAYLOR,0
Weber,MSC04,Governor,,1,,Write-In Totals,5
Weber,MSC04,Attorney General,,1,REP,Derek BROWN,30
Weber,MSC04,Attorney General,,1,UUP,Michelle QUIST,2
Weber,MSC04,Attorney General,,1,DEM,Rudy J BAUTISTA,1
Weber,MSC04,Attorney General,,1,LBT,W. Andrew McCULLOUGH,1
Weber,MSC04,Attorney General,,1,,Austin HEPWORTH,0
Weber,MSC04,State Auditor,,1,REP,Tina CANNON,32
Weber,MSC04,State Auditor,,1,DEM,Catherine VOUTAZ,2
Weber,MSC04,State Auditor,,1,CON,Jeffery L. OSTLER,1
Weber,MSC04,State Treasurer,,1,REP,Marlo M. OAKS,29
Weber,MSC04,State Treasurer,,1,UFP,Miles POMEROY,3
Weber,MSC04,State Treasurer,,1,DEM,Neil A HANSEN,3
Weber,MSC04,State Senate,3,1,REP,John D. JOHNSON,35
Weber,MSC04,State Senate,3,1,DEM,Stacy BERNAL,2
Weber,MSC04,State House,9,1,REP,Jake SAWYER,34
Weber,MSC04,State House,9,1,LBT,Jacob K. JOHNSON,2
Weber,MSC04,State House,9,1,DEM,Angela CHOBERKA,1
Weber,MSC04,County Commission,C,1,REP,Jim HARVEY,34
Weber,MSC04,County Commission,C,1,LBT,Brian K ROWLEY,2
Weber,MSC04,County Commission,C,1,DEM,Steven VAN WAGONER,1
Weber,MSC04,County Assessor,,1,REP,John E. ULIBARRI,31
Weber,MSC04,County Recorder/Surveyor,,1,REP,Bahy RAHIMZADEGAN,29
Weber,MSC04,County Treasurer,,1,REP,Lynelle JENSEN,29
Weber,MSC04,Weber School Board,4,1,,Paul J. WIDDISON,30
Weber,MSC04,Retain Supreme Court Justice-Matthew B. DURRANT,,1,,Yes,27
Weber,MSC04,Retain Supreme Court Justice-Matthew B. DURRANT,,1,,No,9
Weber,MSC04,Retain Appeals Court Judge-Ryan D. TENNEY,,1,,Yes,25
Weber,MSC04,Retain Appeals Court Judge-Ryan D. TENNEY,,1,,No,11
Weber,MSC04,Retain 2nd District Circuit Court Judge-Joseph M. BEAN,,1,,Yes,27
Weber,MSC04,Retain 2nd District Circuit Court Judge-Joseph M. BEAN,,1,,No,9
Weber,MSC04,Retain 2nd District Circuit Court Judge-Ronald G. RUSSELL,,1,,Yes,24
Weber,MSC04,Retain 2nd District Circuit Court Judge-Ronald G. RUSSELL,,1,,No,11
Weber,MSC04,Retain 2nd District Circuit Court Judge-Christina Patricia ORTEGA,,1,,Yes,23
Weber,MSC04,Retain 2nd District Circuit Court Judge-Christina Patricia ORTEGA,,1,,No,13
Weber,MSC04,Retain 2nd District Circuit Court Judge-Craig HALL,,1,,Yes,27
Weber,MSC04,Retain 2nd District Circuit Court Judge-Craig HALL,,1,,No,9
Weber,MSC04,Retain 2nd District Circuit Court Judge-Michael Drio DIREDA,,1,,Yes,26
Weber,MSC04,Retain 2nd District Circuit Court Judge-Michael Drio DIREDA,,1,,No,9
Weber,MSC04,Retain 2nd District Juvenile Circuit Court Judge-Tasha WILLIAMS,,1,,Yes,28
Weber,MSC04,Retain 2nd District Juvenile Circuit Court Judge-Tasha WILLIAMS,,1,,No,8
Weber,MSC04,Constitutional Amendment B,,1,,For,27
Weber,MSC04,Constitutional Amendment B,,1,,Against,9
Weber,MSC04,Constitutional Amendment C,,1,,For,36
Weber,MSC04,Constitutional Amendment C,,1,,Against,2
Weber,MSC04,Proposition 19,,1,,Yes,22
Weber,MSC04,Proposition 19,,1,,No,14
Weber,NOG01,Registered Voters,,,,,1019
Weber,NOG01,Ballots Cast,,,,,896
Weber,NOG01,President,,1,REP,Donald J. TRUMP/ JD VANCE,581
Weber,NOG01,President,,1,DEM,Kamala D. HARRIS / Tim WALZ,278
Weber,NOG01,President,,1,LBT,Chase OLIVER / Mike ter MAAT,12
Weber,NOG01,President,,1,GRN,Jill STEIN / Rudolph WARE,5
Weber,NOG01,President,,1,CON,Joel SKOUSEN / Rik COMBS,3
Weber,NOG01,President,,1,,Claudia de la CRUZ / Karina Alexandra GARCIA,1
Weber,NOG01,President,,1,,Cornel Ronald WEST / Melina ABDULLAH,0
Weber,NOG01,President,,1,,"Lucifer ""JUSTIN CASE"" EVERYLOVE",0
Weber,NOG01,President,,1,,Write-In Totals,8
Weber,NOG01,U.S. Senate,,1,REP,John CURTIS,564
Weber,NOG01,U.S. Senate,,1,DEM,Caroline GLEICH,227
Weber,NOG01,U.S. Senate,,1,IAP,Carleton E. BOWEN,50
Weber,NOG01,U.S. Senate,,1,,Write-In Totals,10
Weber,NOG01,U.S. House,1,1,REP,Blake D. MOORE,588
Weber,NOG01,U.S. House,1,1,DEM,Bill CAMPBELL,203
Weber,NOG01,U.S. House,1,1,LBT,Daniel R. COTTAM,37
Weber,NOG01,Governor,,1,REP,Spencer J. COX / Deidre M. HENDERSON,484
Weber,NOG01,Governor,,1,DEM,Brian SMITH KING / Rebekah CUMMINGS,187
Weber,NOG01,Governor,,1,LBT,J. Robert LATHAM / Barry Evan SHORT,32
Weber,NOG01,Governor,,1,IAP,Tommy WILLIAMS / Archie A. WILLIAMS III,14
Weber,NOG01,Governor,,1,,Tom TOMENY / William LANSING TAYLOR,3
Weber,NOG01,Governor,,1,,Write-In Totals,134
Weber,NOG01,Attorney General,,1,REP,Derek BROWN,544
Weber,NOG01,Attorney General,,1,DEM,Rudy J BAUTISTA,195
Weber,NOG01,Attorney General,,1,UUP,Michelle QUIST,47
Weber,NOG01,Attorney General,,1,LBT,W. Andrew McCULLOUGH,29
Weber,NOG01,Attorney General,,1,,Austin HEPWORTH,18
Weber,NOG01,State Auditor,,1,REP,Tina CANNON,560
Weber,NOG01,State Auditor,,1,DEM,Catherine VOUTAZ,220
Weber,NOG01,State Auditor,,1,CON,Jeffery L. OSTLER,33
Weber,NOG01,State Treasurer,,1,REP,Marlo M. OAKS,577
Weber,NOG01,State Treasurer,,1,DEM,Neil A HANSEN,206
Weber,NOG01,State Treasurer,,1,UFP,Miles POMEROY,36
Weber,NOG01,State Senate,3,1,REP,John D. JOHNSON,588
Weber,NOG01,State Senate,3,1,DEM,Stacy BERNAL,274
Weber,NOG01,State House,8,1,REP,Jason B KYLE,599
Weber,NOG01,County Commission,C,1,REP,Jim HARVEY,540
Weber,NOG01,County Commission,C,1,DEM,Steven VAN WAGONER,238
Weber,NOG01,County Commission,C,1,LBT,Brian K ROWLEY,51
Weber,NOG01,County Assessor,,1,REP,John E. ULIBARRI,665
Weber,NOG01,County Recorder/Surveyor,,1,REP,Bahy RAHIMZADEGAN,649
Weber,NOG01,County Treasurer,,1,REP,Lynelle JENSEN,666
Weber,NOG01,Retain Supreme Court Justice-Matthew B. DURRANT,,1,,Yes,524
Weber,NOG01,Retain Supreme Court Justice-Matthew B. DURRANT,,1,,No,149
Weber,NOG01,Retain Appeals Court Judge-Ryan D. TENNEY,,1,,Yes,521
Weber,NOG01,Retain Appeals Court Judge-Ryan D. TENNEY,,1,,No,143
Weber,NOG01,Retain 2nd District Circuit Court Judge-Joseph M. BEAN,,1,,Yes,514
Weber,NOG01,Retain 2nd District Circuit Court Judge-Joseph M. BEAN,,1,,No,148
Weber,NOG01,Retain 2nd District Circuit Court Judge-Ronald G. RUSSELL,,1,,Yes,517
Weber,NOG01,Retain 2nd District Circuit Court Judge-Ronald G. RUSSELL,,1,,No,139
Weber,NOG01,Retain 2nd District Circuit Court Judge-Christina Patricia ORTEGA,,1,,Yes,486
Weber,NOG01,Retain 2nd District Circuit Court Judge-Christina Patricia ORTEGA,,1,,No,171
Weber,NOG01,Retain 2nd District Circuit Court Judge-Craig HALL,,1,,Yes,499
Weber,NOG01,Retain 2nd District Circuit Court Judge-Craig HALL,,1,,No,153
Weber,NOG01,Retain 2nd District Circuit Court Judge-Michael Drio DIREDA,,1,,Yes,512
Weber,NOG01,Retain 2nd District Circuit Court Judge-Michael Drio DIREDA,,1,,No,143
Weber,NOG01,Retain 2nd District Juvenile Circuit Court Judge-Tasha WILLIAMS,,1,,Yes,517
Weber,NOG01,Retain 2nd District Juvenile Circuit Court Judge-Tasha WILLIAMS,,1,,No,137
Weber,NOG01,Constitutional Amendment B,,1,,For,543
Weber,NOG01,Constitutional Amendment B,,1,,Against,273
Weber,NOG01,Constitutional Amendment C,,1,,For,702
Weber,NOG01,Constitutional Amendment C,,1,,Against,113
Weber,NOG01,Proposition 19,,1,,Yes,530
Weber,NOG01,Proposition 19,,1,,No,292
Weber,NOG02,Registered Voters,,,,,623
Weber,NOG02,Ballots Cast,,,,,539
Weber,NOG02,President,,1,REP,Donald J. TRUMP/ JD VANCE,337
Weber,NOG02,President,,1,DEM,Kamala D. HARRIS / Tim WALZ,182
Weber,NOG02,President,,1,LBT,Chase OLIVER / Mike ter MAAT,6
Weber,NOG02,President,,1,GRN,Jill STEIN / Rudolph WARE,3
Weber,NOG02,President,,1,CON,Joel SKOUSEN / Rik COMBS,1
Weber,NOG02,President,,1,,Cornel Ronald WEST / Melina ABDULLAH,0
Weber,NOG02,President,,1,,"Lucifer ""JUSTIN CASE"" EVERYLOVE",0
Weber,NOG02,President,,1,,Claudia de la CRUZ / Karina Alexandra GARCIA,0
Weber,NOG02,President,,1,,Write-In Totals,6
Weber,NOG02,U.S. Senate,,1,REP,John CURTIS,341
Weber,NOG02,U.S. Senate,,1,DEM,Caroline GLEICH,148
Weber,NOG02,U.S. Senate,,1,IAP,Carleton E. BOWEN,26
Weber,NOG02,U.S. Senate,,1,,Write-In Totals,0
Weber,NOG02,U.S. House,1,1,REP,Blake D. MOORE,337
Weber,NOG02,U.S. House,1,1,DEM,Bill CAMPBELL,148
Weber,NOG02,U.S. House,1,1,LBT,Daniel R. COTTAM,17
Weber,NOG02,Governor,,1,REP,Spencer J. COX / Deidre M. HENDERSON,294
Weber,NOG02,Governor,,1,DEM,Brian SMITH KING / Rebekah CUMMINGS,146
Weber,NOG02,Governor,,1,LBT,J. Robert LATHAM / Barry Evan SHORT,14
Weber,NOG02,Governor,,1,IAP,Tommy WILLIAMS / Archie A. WILLIAMS III,7
Weber,NOG02,Governor,,1,,Tom TOMENY / William LANSING TAYLOR,0
Weber,NOG02,Governor,,1,,Write-In Totals,68
Weber,NOG02,Attorney General,,1,REP,Derek BROWN,312
Weber,NOG02,Attorney General,,1,DEM,Rudy J BAUTISTA,145
Weber,NOG02,Attorney General,,1,LBT,W. Andrew McCULLOUGH,20
Weber,NOG02,Attorney General,,1,UUP,Michelle QUIST,19
Weber,NOG02,Attorney General,,1,,Austin HEPWORTH,13
Weber,NOG02,State Auditor,,1,REP,Tina CANNON,331
Weber,NOG02,State Auditor,,1,DEM,Catherine VOUTAZ,156
Weber,NOG02,State Auditor,,1,CON,Jeffery L. OSTLER,12
Weber,NOG02,State Treasurer,,1,REP,Marlo M. OAKS,329
Weber,NOG02,State Treasurer,,1,DEM,Neil A HANSEN,159
Weber,NOG02,State Treasurer,,1,UFP,Miles POMEROY,13
Weber,NOG02,State Senate,3,1,REP,John D. JOHNSON,326
Weber,NOG02,State Senate,3,1,DEM,Stacy BERNAL,188
Weber,NOG02,State House,8,1,REP,Jason B KYLE,357
Weber,NOG02,County Commission,C,1,REP,Jim HARVEY,319
Weber,NOG02,County Commission,C,1,DEM,Steven VAN WAGONER,160
Weber,NOG02,County Commission,C,1,LBT,Brian K ROWLEY,24
Weber,NOG02,County Assessor,,1,REP,John E. ULIBARRI,404
Weber,NOG02,County Recorder/Surveyor,,1,REP,Bahy RAHIMZADEGAN,390
Weber,NOG02,County Treasurer,,1,REP,Lynelle JENSEN,400
Weber,NOG02,Retain Supreme Court Justice-Matthew B. DURRANT,,1,,Yes,350
Weber,NOG02,Retain Supreme Court Justice-Matthew B. DURRANT,,1,,No,81
Weber,NOG02,Retain Appeals Court Judge-Ryan D. TENNEY,,1,,Yes,341
Weber,NOG02,Retain Appeals Court Judge-Ryan D. TENNEY,,1,,No,84
Weber,NOG02,Retain 2nd District Circuit Court Judge-Joseph M. BEAN,,1,,Yes,331
Weber,NOG02,Retain 2nd District Circuit Court Judge-Joseph M. BEAN,,1,,No,97
Weber,NOG02,Retain 2nd District Circuit Court Judge-Ronald G. RUSSELL,,1,,Yes,345
Weber,NOG02,Retain 2nd District Circuit Court Judge-Ronald G. RUSSELL,,1,,No,83
Weber,NOG02,Retain 2nd District Circuit Court Judge-Christina Patricia ORTEGA,,1,,Yes,334
Weber,NOG02,Retain 2nd District Circuit Court Judge-Christina Patricia ORTEGA,,1,,No,95
Weber,NOG02,Retain 2nd District Circuit Court Judge-Craig HALL,,1,,Yes,335
Weber,NOG02,Retain 2nd District Circuit Court Judge-Craig HALL,,1,,No,88
Weber,NOG02,Retain 2nd District Circuit Court Judge-Michael Drio DIREDA,,1,,Yes,351
Weber,NOG02,Retain 2nd District Circuit Court Judge-Michael Drio DIREDA,,1,,No,77
Weber,NOG02,Retain 2nd District Juvenile Circuit Court Judge-Tasha WILLIAMS,,1,,Yes,348
Weber,NOG02,Retain 2nd District Juvenile Circuit Court Judge-Tasha WILLIAMS,,1,,No,80
Weber,NOG02,Constitutional Amendment B,,1,,For,344
Weber,NOG02,Constitutional Amendment B,,1,,Against,157
Weber,NOG02,Constitutional Amendment C,,1,,For,408
Weber,NOG02,Constitutional Amendment C,,1,,Against,92
Weber,NOG02,Proposition 19,,1,,Yes,340
Weber,NOG02,Proposition 19,,1,,No,164
Weber,NOG03,Registered Voters,,,,,921
Weber,NOG03,Ballots Cast,,,,,795
Weber,NOG03,President,,1,REP,Donald J. TRUMP/ JD VANCE,469
Weber,NOG03,President,,1,DEM,Kamala D. HARRIS / Tim WALZ,274
Weber,NOG03,President,,1,LBT,Chase OLIVER / Mike ter MAAT,11
Weber,NOG03,President,,1,CON,Joel SKOUSEN / Rik COMBS,4
Weber,NOG03,President,,1,,Claudia de la CRUZ / Karina Alexandra GARCIA,3
Weber,NOG03,President,,1,,"Lucifer ""JUSTIN CASE"" EVERYLOVE",2
Weber,NOG03,President,,1,GRN,Jill STEIN / Rudolph WARE,1
Weber,NOG03,President,,1,,Cornel Ronald WEST / Melina ABDULLAH,0
Weber,NOG03,President,,1,,Write-In Totals,22
Weber,NOG03,U.S. Senate,,1,REP,John CURTIS,507
Weber,NOG03,U.S. Senate,,1,DEM,Caroline GLEICH,216
Weber,NOG03,U.S. Senate,,1,IAP,Carleton E. BOWEN,31
Weber,NOG03,U.S. Senate,,1,,Write-In Totals,3
Weber,NOG03,U.S. House,1,1,REP,Blake D. MOORE,499
Weber,NOG03,U.S. House,1,1,DEM,Bill CAMPBELL,215
Weber,NOG03,U.S. House,1,1,LBT,Daniel R. COTTAM,38
Weber,NOG03,Governor,,1,REP,Spencer J. COX / Deidre M. HENDERSON,436
Weber,NOG03,Governor,,1,DEM,Brian SMITH KING / Rebekah CUMMINGS,182
Weber,NOG03,Governor,,1,LBT,J. Robert LATHAM / Barry Evan SHORT,39
Weber,NOG03,Governor,,1,IAP,Tommy WILLIAMS / Archie A. WILLIAMS III,8
Weber,NOG03,Governor,,1,,Tom TOMENY / William LANSING TAYLOR,4
Weber,NOG03,Governor,,1,,Write-In Totals,102
Weber,NOG03,Attorney General,,1,REP,Derek BROWN,441
Weber,NOG03,Attorney General,,1,DEM,Rudy J BAUTISTA,187
Weber,NOG03,Attorney General,,1,UUP,Michelle QUIST,66
Weber,NOG03,Attorney General,,1,LBT,W. Andrew McCULLOUGH,40
Weber,NOG03,Attorney General,,1,,Austin HEPWORTH,17
Weber,NOG03,State Auditor,,1,REP,Tina CANNON,465
Weber,NOG03,State Auditor,,1,DEM,Catherine VOUTAZ,208
Weber,NOG03,State Auditor,,1,CON,Jeffery L. OSTLER,47
Weber,NOG03,State Treasurer,,1,REP,Marlo M. OAKS,479
Weber,NOG03,State Treasurer,,1,DEM,Neil A HANSEN,196
Weber,NOG03,State Treasurer,,1,UFP,Miles POMEROY,44
Weber,NOG03,State Senate,3,1,REP,John D. JOHNSON,479
Weber,NOG03,State Senate,3,1,DEM,Stacy BERNAL,280
Weber,NOG03,State House,7,1,REP,Ryan D. WILCOX,561
Weber,NOG03,County Commission,C,1,REP,Jim HARVEY,418
Weber,NOG03,County Commission,C,1,DEM,Steven VAN WAGONER,259
Weber,NOG03,County Commission,C,1,LBT,Brian K ROWLEY,58
Weber,NOG03,County Assessor,,1,REP,John E. ULIBARRI,585
Weber,NOG03,County Recorder/Surveyor,,1,REP,Bahy RAHIMZADEGAN,562
Weber,NOG03,County Treasurer,,1,REP,Lynelle JENSEN,591
Weber,NOG03,Retain Supreme Court Justice-Matthew B. DURRANT,,1,,Yes,471
Weber,NOG03,Retain Supreme Court Justice-Matthew B. DURRANT,,1,,No,125
Weber,NOG03,Retain Appeals Court Judge-Ryan D. TENNEY,,1,,Yes,464
Weber,NOG03,Retain Appeals Court Judge-Ryan D. TENNEY,,1,,No,123
Weber,NOG03,Retain 2nd District Circuit Court Judge-Joseph M. BEAN,,1,,Yes,450
Weber,NOG03,Retain 2nd District Circuit Court Judge-Joseph M. BEAN,,1,,No,131
Weber,NOG03,Retain 2nd District Circuit Court Judge-Ronald G. RUSSELL,,1,,Yes,471
Weber,NOG03,Retain 2nd District Circuit Court Judge-Ronald G. RUSSELL,,1,,No,114
Weber,NOG03,Retain 2nd District Circuit Court Judge-Christina Patricia ORTEGA,,1,,Yes,455
Weber,NOG03,Retain 2nd District Circuit Court Judge-Christina Patricia ORTEGA,,1,,No,131
Weber,NOG03,Retain 2nd District Circuit Court Judge-Craig HALL,,1,,Yes,456
Weber,NOG03,Retain 2nd District Circuit Court Judge-Craig HALL,,1,,No,127
Weber,NOG03,Retain 2nd District Circuit Court Judge-Michael Drio DIREDA,,1,,Yes,463
Weber,NOG03,Retain 2nd District Circuit Court Judge-Michael Drio DIREDA,,1,,No,123
Weber,NOG03,Retain 2nd District Juvenile Circuit Court Judge-Tasha WILLIAMS,,1,,Yes,458
Weber,NOG03,Retain 2nd District Juvenile Circuit Court Judge-Tasha WILLIAMS,,1,,No,124
Weber,NOG03,Constitutional Amendment B,,1,,For,497
Weber,NOG03,Constitutional Amendment B,,1,,Against,227
Weber,NOG03,Constitutional Amendment C,,1,,For,624
Weber,NOG03,Constitutional Amendment C,,1,,Against,108
Weber,NOG03,Proposition 19,,1,,Yes,514
Weber,NOG03,Proposition 19,,1,,No,236
Weber,NOG04,Registered Voters,,,,,942
Weber,NOG04,Ballots Cast,,,,,842
Weber,NOG04,President,,1,REP,Donald J. TRUMP/ JD VANCE,490
Weber,NOG04,President,,1,DEM,Kamala D. HARRIS / Tim WALZ,286
Weber,NOG04,President,,1,LBT,Chase OLIVER / Mike ter MAAT,17
Weber,NOG04,President,,1,CON,Joel SKOUSEN / Rik COMBS,5
Weber,NOG04,President,,1,GRN,Jill STEIN / Rudolph WARE,5
Weber,NOG04,President,,1,,Cornel Ronald WEST / Melina ABDULLAH,2
Weber,NOG04,President,,1,,"Lucifer ""JUSTIN CASE"" EVERYLOVE",2
Weber,NOG04,President,,1,,Claudia de la CRUZ / Karina Alexandra GARCIA,1
Weber,NOG04,President,,1,,Write-In Totals,16
Weber,NOG04,U.S. Senate,,1,REP,John CURTIS,543
Weber,NOG04,U.S. Senate,,1,DEM,Caroline GLEICH,230
Weber,NOG04,U.S. Senate,,1,IAP,Carleton E. BOWEN,40
Weber,NOG04,U.S. Senate,,1,,Write-In Totals,2
Weber,NOG04,U.S. House,1,1,REP,Blake D. MOORE,565
Weber,NOG04,U.S. House,1,1,DEM,Bill CAMPBELL,211
Weber,NOG04,U.S. House,1,1,LBT,Daniel R. COTTAM,29
Weber,NOG04,Governor,,1,REP,Spencer J. COX / Deidre M. HENDERSON,506
Weber,NOG04,Governor,,1,DEM,Brian SMITH KING / Rebekah CUMMINGS,207
Weber,NOG04,Governor,,1,LBT,J. Robert LATHAM / Barry Evan SHORT,16
Weber,NOG04,Governor,,1,IAP,Tommy WILLIAMS / Archie A. WILLIAMS III,13
Weber,NOG04,Governor,,1,,Tom TOMENY / William LANSING TAYLOR,4
Weber,NOG04,Governor,,1,,Write-In Totals,75
Weber,NOG04,Attorney General,,1,REP,Derek BROWN,495
Weber,NOG04,Attorney General,,1,DEM,Rudy J BAUTISTA,213
Weber,NOG04,Attorney General,,1,UUP,Michelle QUIST,53
Weber,NOG04,Attorney General,,1,LBT,W. Andrew McCULLOUGH,25
Weber,NOG04,Attorney General,,1,,Austin HEPWORTH,16
Weber,NOG04,State Auditor,,1,REP,Tina CANNON,533
Weber,NOG04,State Auditor,,1,DEM,Catherine VOUTAZ,213
Weber,NOG04,State Auditor,,1,CON,Jeffery L. OSTLER,39
Weber,NOG04,State Treasurer,,1,REP,Marlo M. OAKS,517
Weber,NOG04,State Treasurer,,1,DEM,Neil A HANSEN,225
Weber,NOG04,State Treasurer,,1,UFP,Miles POMEROY,41
Weber,NOG04,State Senate,3,1,REP,John D. JOHNSON,513
Weber,NOG04,State Senate,3,1,DEM,Stacy BERNAL,301
Weber,NOG04,State House,8,1,REP,Jason B KYLE,597
Weber,NOG04,County Commission,C,1,REP,Jim HARVEY,482
Weber,NOG04,County Commission,C,1,DEM,Steven VAN WAGONER,258
Weber,NOG04,County Commission,C,1,LBT,Brian K ROWLEY,44
Weber,NOG04,County Assessor,,1,REP,John E. ULIBARRI,639
Weber,NOG04,County Recorder/Surveyor,,1,REP,Bahy RAHIMZADEGAN,630
Weber,NOG04,County Treasurer,,1,REP,Lynelle JENSEN,641
Weber,NOG04,Retain Supreme Court Justice-Matthew B. DURRANT,,1,,Yes,553
Weber,NOG04,Retain Supreme Court Justice-Matthew B. DURRANT,,1,,No,128
Weber,NOG04,Retain Appeals Court Judge-Ryan D. TENNEY,,1,,Yes,550
Weber,NOG04,Retain Appeals Court Judge-Ryan D. TENNEY,,1,,No,121
Weber,NOG04,Retain 2nd District Circuit Court Judge-Joseph M. BEAN,,1,,Yes,549
Weber,NOG04,Retain 2nd District Circuit Court Judge-Joseph M. BEAN,,1,,No,123
Weber,NOG04,Retain 2nd District Circuit Court Judge-Ronald G. RUSSELL,,1,,Yes,564
Weber,NOG04,Retain 2nd District Circuit Court Judge-Ronald G. RUSSELL,,1,,No,106
Weber,NOG04,Retain 2nd District Circuit Court Judge-Christina Patricia ORTEGA,,1,,Yes,528
Weber,NOG04,Retain 2nd District Circuit Court Judge-Christina Patricia ORTEGA,,1,,No,147
Weber,NOG04,Retain 2nd District Circuit Court Judge-Craig HALL,,1,,Yes,536
Weber,NOG04,Retain 2nd District Circuit Court Judge-Craig HALL,,1,,No,128
Weber,NOG04,Retain 2nd District Circuit Court Judge-Michael Drio DIREDA,,1,,Yes,548
Weber,NOG04,Retain 2nd District Circuit Court Judge-Michael Drio DIREDA,,1,,No,119
Weber,NOG04,Retain 2nd District Juvenile Circuit Court Judge-Tasha WILLIAMS,,1,,Yes,555
Weber,NOG04,Retain 2nd District Juvenile Circuit Court Judge-Tasha WILLIAMS,,1,,No,114
Weber,NOG04,Constitutional Amendment B,,1,,For,537
Weber,NOG04,Constitutional Amendment B,,1,,Against,247
Weber,NOG04,Constitutional Amendment C,,1,,For,646
Weber,NOG04,Constitutional Amendment C,,1,,Against,140
Weber,NOG04,Proposition 19,,1,,Yes,564
Weber,NOG04,Proposition 19,,1,,No,225
Weber,NOG05,Registered Voters,,,,,970
Weber,NOG05,Ballots Cast,,,,,853
Weber,NOG05,President,,1,REP,Donald J. TRUMP/ JD VANCE,506
Weber,NOG05,President,,1,DEM,Kamala D. HARRIS / Tim WALZ,291
Weber,NOG05,President,,1,LBT,Chase OLIVER / Mike ter MAAT,11
Weber,NOG05,President,,1,CON,Joel SKOUSEN / Rik COMBS,8
Weber,NOG05,President,,1,GRN,Jill STEIN / Rudolph WARE,5
Weber,NOG05,President,,1,,"Lucifer ""JUSTIN CASE"" EVERYLOVE",1
Weber,NOG05,President,,1,,Claudia de la CRUZ / Karina Alexandra GARCIA,1
Weber,NOG05,President,,1,,Cornel Ronald WEST / Melina ABDULLAH,0
Weber,NOG05,President,,1,,Write-In Totals,17
Weber,NOG05,U.S. Senate,,1,REP,John CURTIS,544
Weber,NOG05,U.S. Senate,,1,DEM,Caroline GLEICH,245
Weber,NOG05,U.S. Senate,,1,IAP,Carleton E. BOWEN,35
Weber,NOG05,U.S. Senate,,1,,Write-In Totals,4
Weber,NOG05,U.S. House,1,1,REP,Blake D. MOORE,549
Weber,NOG05,U.S. House,1,1,DEM,Bill CAMPBELL,239
Weber,NOG05,U.S. House,1,1,LBT,Daniel R. COTTAM,32
Weber,NOG05,Governor,,1,REP,Spencer J. COX / Deidre M. HENDERSON,477
Weber,NOG05,Governor,,1,DEM,Brian SMITH KING / Rebekah CUMMINGS,203
Weber,NOG05,Governor,,1,LBT,J. Robert LATHAM / Barry Evan SHORT,22
Weber,NOG05,Governor,,1,IAP,Tommy WILLIAMS / Archie A. WILLIAMS III,14
Weber,NOG05,Governor,,1,,Tom TOMENY / William LANSING TAYLOR,5
Weber,NOG05,Governor,,1,,Write-In Totals,111
Weber,NOG05,Attorney General,,1,REP,Derek BROWN,505
Weber,NOG05,Attorney General,,1,DEM,Rudy J BAUTISTA,213
Weber,NOG05,Attorney General,,1,UUP,Michelle QUIST,53
Weber,NOG05,Attorney General,,1,LBT,W. Andrew McCULLOUGH,28
Weber,NOG05,Attorney General,,1,,Austin HEPWORTH,23
Weber,NOG05,State Auditor,,1,REP,Tina CANNON,543
Weber,NOG05,State Auditor,,1,DEM,Catherine VOUTAZ,217
Weber,NOG05,State Auditor,,1,CON,Jeffery L. OSTLER,43
Weber,NOG05,State Treasurer,,1,REP,Marlo M. OAKS,559
Weber,NOG05,State Treasurer,,1,DEM,Neil A HANSEN,227
Weber,NOG05,State Treasurer,,1,UFP,Miles POMEROY,24
Weber,NOG05,State Senate,3,1,REP,John D. JOHNSON,508
Weber,NOG05,State Senate,3,1,DEM,Stacy BERNAL,305
Weber,NOG05,State House,7,1,REP,Ryan D. WILCOX,609
Weber,NOG05,County Commission,C,1,REP,Jim HARVEY,478
Weber,NOG05,County Commission,C,1,DEM,Steven VAN WAGONER,285
Weber,NOG05,County Commission,C,1,LBT,Brian K ROWLEY,52
Weber,NOG05,County Assessor,,1,REP,John E. ULIBARRI,643
Weber,NOG05,County Recorder/Surveyor,,1,REP,Bahy RAHIMZADEGAN,634
Weber,NOG05,County Treasurer,,1,REP,Lynelle JENSEN,655
Weber,NOG05,Retain Supreme Court Justice-Matthew B. DURRANT,,1,,Yes,590
Weber,NOG05,Retain Supreme Court Justice-Matthew B. DURRANT,,1,,No,133
Weber,NOG05,Retain Appeals Court Judge-Ryan D. TENNEY,,1,,Yes,577
Weber,NOG05,Retain Appeals Court Judge-Ryan D. TENNEY,,1,,No,135
Weber,NOG05,Retain 2nd District Circuit Court Judge-Joseph M. BEAN,,1,,Yes,562
Weber,NOG05,Retain 2nd District Circuit Court Judge-Joseph M. BEAN,,1,,No,149
Weber,NOG05,Retain 2nd District Circuit Court Judge-Ronald G. RUSSELL,,1,,Yes,578
Weber,NOG05,Retain 2nd District Circuit Court Judge-Ronald G. RUSSELL,,1,,No,136
Weber,NOG05,Retain 2nd District Circuit Court Judge-Christina Patricia ORTEGA,,1,,Yes,577
Weber,NOG05,Retain 2nd District Circuit Court Judge-Christina Patricia ORTEGA,,1,,No,140
Weber,NOG05,Retain 2nd District Circuit Court Judge-Craig HALL,,1,,Yes,567
Weber,NOG05,Retain 2nd District Circuit Court Judge-Craig HALL,,1,,No,141
Weber,NOG05,Retain 2nd District Circuit Court Judge-Michael Drio DIREDA,,1,,Yes,586
Weber,NOG05,Retain 2nd District Circuit Court Judge-Michael Drio DIREDA,,1,,No,129
Weber,NOG05,Retain 2nd District Juvenile Circuit Court Judge-Tasha WILLIAMS,,1,,Yes,593
Weber,NOG05,Retain 2nd District Juvenile Circuit Court Judge-Tasha WILLIAMS,,1,,No,124
Weber,NOG05,Constitutional Amendment B,,1,,For,563
Weber,NOG05,Constitutional Amendment B,,1,,Against,232
Weber,NOG05,Constitutional Amendment C,,1,,For,645
Weber,NOG05,Constitutional Amendment C,,1,,Against,143
Weber,NOG05,Proposition 19,,1,,Yes,550
Weber,NOG05,Proposition 19,,1,,No,265
Weber,NOG06,Registered Voters,,,,,1116
Weber,NOG06,Ballots Cast,,,,,991
Weber,NOG06,President,,1,REP,Donald J. TRUMP/ JD VANCE,609
Weber,NOG06,President,,1,DEM,Kamala D. HARRIS / Tim WALZ,335
Weber,NOG06,President,,1,CON,Joel SKOUSEN / Rik COMBS,7
Weber,NOG06,President,,1,LBT,Chase OLIVER / Mike ter MAAT,7
Weber,NOG06,President,,1,,"Lucifer ""JUSTIN CASE"" EVERYLOVE",4
Weber,NOG06,President,,1,GRN,Jill STEIN / Rudolph WARE,3
Weber,NOG06,President,,1,,Cornel Ronald WEST / Melina ABDULLAH,1
Weber,NOG06,President,,1,,Claudia de la CRUZ / Karina Alexandra GARCIA,0
Weber,NOG06,President,,1,,Write-In Totals,17
Weber,NOG06,U.S. Senate,,1,REP,John CURTIS,611
Weber,NOG06,U.S. Senate,,1,DEM,Caroline GLEICH,280
Weber,NOG06,U.S. Senate,,1,IAP,Carleton E. BOWEN,49
Weber,NOG06,U.S. Senate,,1,,Write-In Totals,8
Weber,NOG06,U.S. House,1,1,REP,Blake D. MOORE,624
Weber,NOG06,U.S. House,1,1,DEM,Bill CAMPBELL,274
Weber,NOG06,U.S. House,1,1,LBT,Daniel R. COTTAM,36
Weber,NOG06,Governor,,1,REP,Spencer J. COX / Deidre M. HENDERSON,548
Weber,NOG06,Governor,,1,DEM,Brian SMITH KING / Rebekah CUMMINGS,257
Weber,NOG06,Governor,,1,LBT,J. Robert LATHAM / Barry Evan SHORT,21
Weber,NOG06,Governor,,1,IAP,Tommy WILLIAMS / Archie A. WILLIAMS III,16
Weber,NOG06,Governor,,1,,Tom TOMENY / William LANSING TAYLOR,3
Weber,NOG06,Governor,,1,,Write-In Totals,108
Weber,NOG06,Attorney General,,1,REP,Derek BROWN,566
Weber,NOG06,Attorney General,,1,DEM,Rudy J BAUTISTA,259
Weber,NOG06,Attorney General,,1,UUP,Michelle QUIST,53
Weber,NOG06,Attorney General,,1,,Austin HEPWORTH,33
Weber,NOG06,Attorney General,,1,LBT,W. Andrew McCULLOUGH,29
Weber,NOG06,State Auditor,,1,REP,Tina CANNON,602
Weber,NOG06,State Auditor,,1,DEM,Catherine VOUTAZ,269
Weber,NOG06,State Auditor,,1,CON,Jeffery L. OSTLER,52
Weber,NOG06,State Treasurer,,1,REP,Marlo M. OAKS,612
Weber,NOG06,State Treasurer,,1,DEM,Neil A HANSEN,271
Weber,NOG06,State Treasurer,,1,UFP,Miles POMEROY,39
Weber,NOG06,State Senate,3,1,REP,John D. JOHNSON,581
Weber,NOG06,State Senate,3,1,DEM,Stacy BERNAL,362
Weber,NOG06,State House,7,1,REP,Ryan D. WILCOX,709
Weber,NOG06,County Commission,C,1,REP,Jim HARVEY,562
Weber,NOG06,County Commission,C,1,DEM,Steven VAN WAGONER,322
Weber,NOG06,County Commission,C,1,LBT,Brian K ROWLEY,47
Weber,NOG06,County Assessor,,1,REP,John E. ULIBARRI,741
Weber,NOG06,County Recorder/Surveyor,,1,REP,Bahy RAHIMZADEGAN,722
Weber,NOG06,County Treasurer,,1,REP,Lynelle JENSEN,752
Weber,NOG06,Retain Supreme Court Justice-Matthew B. DURRANT,,1,,Yes,623
Weber,NOG06,Retain Supreme Court Justice-Matthew B. DURRANT,,1,,No,165
Weber,NOG06,Retain Appeals Court Judge-Ryan D. TENNEY,,1,,Yes,625
Weber,NOG06,Retain Appeals Court Judge-Ryan D. TENNEY,,1,,No,158
Weber,NOG06,Retain 2nd District Circuit Court Judge-Joseph M. BEAN,,1,,Yes,618
Weber,NOG06,Retain 2nd District Circuit Court Judge-Joseph M. BEAN,,1,,No,162
Weber,NOG06,Retain 2nd District Circuit Court Judge-Ronald G. RUSSELL,,1,,Yes,628
Weber,NOG06,Retain 2nd District Circuit Court Judge-Ronald G. RUSSELL,,1,,No,155
Weber,NOG06,Retain 2nd District Circuit Court Judge-Christina Patricia ORTEGA,,1,,Yes,625
Weber,NOG06,Retain 2nd District Circuit Court Judge-Christina Patricia ORTEGA,,1,,No,163
Weber,NOG06,Retain 2nd District Circuit Court Judge-Craig HALL,,1,,Yes,599
Weber,NOG06,Retain 2nd District Circuit Court Judge-Craig HALL,,1,,No,179
Weber,NOG06,Retain 2nd District Circuit Court Judge-Michael Drio DIREDA,,1,,Yes,636
Weber,NOG06,Retain 2nd District Circuit Court Judge-Michael Drio DIREDA,,1,,No,148
Weber,NOG06,Retain 2nd District Juvenile Circuit Court Judge-Tasha WILLIAMS,,1,,Yes,637
Weber,NOG06,Retain 2nd District Juvenile Circuit Court Judge-Tasha WILLIAMS,,1,,No,150
Weber,NOG06,Constitutional Amendment B,,1,,For,642
Weber,NOG06,Constitutional Amendment B,,1,,Against,249
Weber,NOG06,Constitutional Amendment C,,1,,For,747
Weber,NOG06,Constitutional Amendment C,,1,,Against,156
Weber,NOG06,Proposition 19,,1,,Yes,613
Weber,NOG06,Proposition 19,,1,,No,318
Weber,NOG07,Registered Voters,,,,,1038
Weber,NOG07,Ballots Cast,,,,,903
Weber,NOG07,President,,1,REP,Donald J. TRUMP/ JD VANCE,580
Weber,NOG07,President,,1,DEM,Kamala D. HARRIS / Tim WALZ,263
Weber,NOG07,President,,1,LBT,Chase OLIVER / Mike ter MAAT,19
Weber,NOG07,President,,1,CON,Joel SKOUSEN / Rik COMBS,7
Weber,NOG07,President,,1,GRN,Jill STEIN / Rudolph WARE,4
Weber,NOG07,President,,1,,Claudia de la CRUZ / Karina Alexandra GARCIA,4
Weber,NOG07,President,,1,,Cornel Ronald WEST / Melina ABDULLAH,1
Weber,NOG07,President,,1,,"Lucifer ""JUSTIN CASE"" EVERYLOVE",1
Weber,NOG07,President,,1,,Write-In Totals,20
Weber,NOG07,U.S. Senate,,1,REP,John CURTIS,584
Weber,NOG07,U.S. Senate,,1,DEM,Caroline GLEICH,212
Weber,NOG07,U.S. Senate,,1,IAP,Carleton E. BOWEN,70
Weber,NOG07,U.S. Senate,,1,,Write-In Totals,2
Weber,NOG07,U.S. House,1,1,REP,Blake D. MOORE,576
Weber,NOG07,U.S. House,1,1,DEM,Bill CAMPBELL,213
Weber,NOG07,U.S. House,1,1,LBT,Daniel R. COTTAM,62
Weber,NOG07,Governor,,1,REP,Spencer J. COX / Deidre M. HENDERSON,527
Weber,NOG07,Governor,,1,DEM,Brian SMITH KING / Rebekah CUMMINGS,172
Weber,NOG07,Governor,,1,LBT,J. Robert LATHAM / Barry Evan SHORT,25
Weber,NOG07,Governor,,1,IAP,Tommy WILLIAMS / Archie A. WILLIAMS III,19
Weber,NOG07,Governor,,1,,Tom TOMENY / William LANSING TAYLOR,2
Weber,NOG07,Governor,,1,,Write-In Totals,132
Weber,NOG07,Attorney General,,1,REP,Derek BROWN,558
Weber,NOG07,Attorney General,,1,DEM,Rudy J BAUTISTA,174
Weber,NOG07,Attorney General,,1,UUP,Michelle QUIST,46
Weber,NOG07,Attorney General,,1,LBT,W. Andrew McCULLOUGH,37
Weber,NOG07,Attorney General,,1,,Austin HEPWORTH,36
Weber,NOG07,State Auditor,,1,REP,Tina CANNON,573
Weber,NOG07,State Auditor,,1,DEM,Catherine VOUTAZ,200
Weber,NOG07,State Auditor,,1,CON,Jeffery L. OSTLER,66
Weber,NOG07,State Treasurer,,1,REP,Marlo M. OAKS,577
Weber,NOG07,State Treasurer,,1,DEM,Neil A HANSEN,215
Weber,NOG07,State Treasurer,,1,UFP,Miles POMEROY,48
Weber,NOG07,State Senate,3,1,REP,John D. JOHNSON,570
Weber,NOG07,State Senate,3,1,DEM,Stacy BERNAL,282
Weber,NOG07,State House,7,1,REP,Ryan D. WILCOX,686
Weber,NOG07,County Commission,C,1,REP,Jim HARVEY,527
Weber,NOG07,County Commission,C,1,DEM,Steven VAN WAGONER,258
Weber,NOG07,County Commission,C,1,LBT,Brian K ROWLEY,63
Weber,NOG07,County Assessor,,1,REP,John E. ULIBARRI,716
Weber,NOG07,County Recorder/Surveyor,,1,REP,Bahy RAHIMZADEGAN,698
Weber,NOG07,County Treasurer,,1,REP,Lynelle JENSEN,715
Weber,NOG07,Retain Supreme Court Justice-Matthew B. DURRANT,,1,,Yes,581
Weber,NOG07,Retain Supreme Court Justice-Matthew B. DURRANT,,1,,No,143
Weber,NOG07,Retain Appeals Court Judge-Ryan D. TENNEY,,1,,Yes,564
Weber,NOG07,Retain Appeals Court Judge-Ryan D. TENNEY,,1,,No,155
Weber,NOG07,Retain 2nd District Circuit Court Judge-Joseph M. BEAN,,1,,Yes,572
Weber,NOG07,Retain 2nd District Circuit Court Judge-Joseph M. BEAN,,1,,No,150
Weber,NOG07,Retain 2nd District Circuit Court Judge-Ronald G. RUSSELL,,1,,Yes,574
Weber,NOG07,Retain 2nd District Circuit Court Judge-Ronald G. RUSSELL,,1,,No,142
Weber,NOG07,Retain 2nd District Circuit Court Judge-Christina Patricia ORTEGA,,1,,Yes,561
Weber,NOG07,Retain 2nd District Circuit Court Judge-Christina Patricia ORTEGA,,1,,No,155
Weber,NOG07,Retain 2nd District Circuit Court Judge-Craig HALL,,1,,Yes,573
Weber,NOG07,Retain 2nd District Circuit Court Judge-Craig HALL,,1,,No,140
Weber,NOG07,Retain 2nd District Circuit Court Judge-Michael Drio DIREDA,,1,,Yes,577
Weber,NOG07,Retain 2nd District Circuit Court Judge-Michael Drio DIREDA,,1,,No,136
Weber,NOG07,Retain 2nd District Juvenile Circuit Court Judge-Tasha WILLIAMS,,1,,Yes,576
Weber,NOG07,Retain 2nd District Juvenile Circuit Court Judge-Tasha WILLIAMS,,1,,No,136
Weber,NOG07,Constitutional Amendment B,,1,,For,558
Weber,NOG07,Constitutional Amendment B,,1,,Against,286
Weber,NOG07,Constitutional Amendment C,,1,,For,714
Weber,NOG07,Constitutional Amendment C,,1,,Against,129
Weber,NOG07,Proposition 19,,1,,Yes,578
Weber,NOG07,Proposition 19,,1,,No,280
Weber,NOG08,Registered Voters,,,,,921
Weber,NOG08,Ballots Cast,,,,,814
Weber,NOG08,President,,1,REP,Donald J. TRUMP/ JD VANCE,484
Weber,NOG08,President,,1,DEM,Kamala D. HARRIS / Tim WALZ,268
Weber,NOG08,President,,1,LBT,Chase OLIVER / Mike ter MAAT,15
Weber,NOG08,President,,1,GRN,Jill STEIN / Rudolph WARE,8
Weber,NOG08,President,,1,CON,Joel SKOUSEN / Rik COMBS,4
Weber,NOG08,President,,1,,Cornel Ronald WEST / Melina ABDULLAH,3
Weber,NOG08,President,,1,,"Lucifer ""JUSTIN CASE"" EVERYLOVE",2
Weber,NOG08,President,,1,,Claudia de la CRUZ / Karina Alexandra GARCIA,1
Weber,NOG08,President,,1,,Write-In Totals,19
Weber,NOG08,U.S. Senate,,1,REP,John CURTIS,535
Weber,NOG08,U.S. Senate,,1,DEM,Caroline GLEICH,209
Weber,NOG08,U.S. Senate,,1,IAP,Carleton E. BOWEN,37
Weber,NOG08,U.S. Senate,,1,,Write-In Totals,2
Weber,NOG08,U.S. House,1,1,REP,Blake D. MOORE,545
Weber,NOG08,U.S. House,1,1,DEM,Bill CAMPBELL,191
Weber,NOG08,U.S. House,1,1,LBT,Daniel R. COTTAM,39
Weber,NOG08,Governor,,1,REP,Spencer J. COX / Deidre M. HENDERSON,476
Weber,NOG08,Governor,,1,DEM,Brian SMITH KING / Rebekah CUMMINGS,185
Weber,NOG08,Governor,,1,LBT,J. Robert LATHAM / Barry Evan SHORT,25
Weber,NOG08,Governor,,1,IAP,Tommy WILLIAMS / Archie A. WILLIAMS III,14
Weber,NOG08,Governor,,1,,Tom TOMENY / William LANSING TAYLOR,0
Weber,NOG08,Governor,,1,,Write-In Totals,88
Weber,NOG08,Attorney General,,1,REP,Derek BROWN,503
Weber,NOG08,Attorney General,,1,DEM,Rudy J BAUTISTA,177
Weber,NOG08,Attorney General,,1,UUP,Michelle QUIST,38
Weber,NOG08,Attorney General,,1,,Austin HEPWORTH,31
Weber,NOG08,Attorney General,,1,LBT,W. Andrew McCULLOUGH,24
Weber,NOG08,State Auditor,,1,REP,Tina CANNON,520
Weber,NOG08,State Auditor,,1,DEM,Catherine VOUTAZ,191
Weber,NOG08,State Auditor,,1,CON,Jeffery L. OSTLER,39
Weber,NOG08,State Treasurer,,1,REP,Marlo M. OAKS,510
Weber,NOG08,State Treasurer,,1,DEM,Neil A HANSEN,211
Weber,NOG08,State Treasurer,,1,UFP,Miles POMEROY,33
Weber,NOG08,State Senate,3,1,REP,John D. JOHNSON,507
Weber,NOG08,State Senate,3,1,DEM,Stacy BERNAL,267
Weber,NOG08,State House,7,1,REP,Ryan D. WILCOX,609
Weber,NOG08,County Commission,C,1,REP,Jim HARVEY,471
Weber,NOG08,County Commission,C,1,DEM,Steven VAN WAGONER,243
Weber,NOG08,County Commission,C,1,LBT,Brian K ROWLEY,52
Weber,NOG08,County Assessor,,1,REP,John E. ULIBARRI,620
Weber,NOG08,County Recorder/Surveyor,,1,REP,Bahy RAHIMZADEGAN,612
Weber,NOG08,County Treasurer,,1,REP,Lynelle JENSEN,624
Weber,NOG08,Retain Supreme Court Justice-Matthew B. DURRANT,,1,,Yes,497
Weber,NOG08,Retain Supreme Court Justice-Matthew B. DURRANT,,1,,No,147
Weber,NOG08,Retain Appeals Court Judge-Ryan D. TENNEY,,1,,Yes,487
Weber,NOG08,Retain Appeals Court Judge-Ryan D. TENNEY,,1,,No,139
Weber,NOG08,Retain 2nd District Circuit Court Judge-Joseph M. BEAN,,1,,Yes,484
Weber,NOG08,Retain 2nd District Circuit Court Judge-Joseph M. BEAN,,1,,No,148
Weber,NOG08,Retain 2nd District Circuit Court Judge-Ronald G. RUSSELL,,1,,Yes,488
Weber,NOG08,Retain 2nd District Circuit Court Judge-Ronald G. RUSSELL,,1,,No,144
Weber,NOG08,Retain 2nd District Circuit Court Judge-Christina Patricia ORTEGA,,1,,Yes,481
Weber,NOG08,Retain 2nd District Circuit Court Judge-Christina Patricia ORTEGA,,1,,No,152
Weber,NOG08,Retain 2nd District Circuit Court Judge-Craig HALL,,1,,Yes,491
Weber,NOG08,Retain 2nd District Circuit Court Judge-Craig HALL,,1,,No,141
Weber,NOG08,Retain 2nd District Circuit Court Judge-Michael Drio DIREDA,,1,,Yes,495
Weber,NOG08,Retain 2nd District Circuit Court Judge-Michael Drio DIREDA,,1,,No,139
Weber,NOG08,Retain 2nd District Juvenile Circuit Court Judge-Tasha WILLIAMS,,1,,Yes,501
Weber,NOG08,Retain 2nd District Juvenile Circuit Court Judge-Tasha WILLIAMS,,1,,No,137
Weber,NOG08,Constitutional Amendment B,,1,,For,504
Weber,NOG08,Constitutional Amendment B,,1,,Against,234
Weber,NOG08,Constitutional Amendment C,,1,,For,618
Weber,NOG08,Constitutional Amendment C,,1,,Against,138
Weber,NOG08,Proposition 19,,1,,Yes,521
Weber,NOG08,Proposition 19,,1,,No,247
Weber,NOG09,Registered Voters,,,,,1043
Weber,NOG09,Ballots Cast,,,,,919
Weber,NOG09,President,,1,REP,Donald J. TRUMP/ JD VANCE,549
Weber,NOG09,President,,1,DEM,Kamala D. HARRIS / Tim WALZ,310
Weber,NOG09,President,,1,CON,Joel SKOUSEN / Rik COMBS,11
Weber,NOG09,President,,1,LBT,Chase OLIVER / Mike ter MAAT,11
Weber,NOG09,President,,1,,Claudia de la CRUZ / Karina Alexandra GARCIA,4
Weber,NOG09,President,,1,,Cornel Ronald WEST / Melina ABDULLAH,1
Weber,NOG09,President,,1,GRN,Jill STEIN / Rudolph WARE,1
Weber,NOG09,President,,1,,"Lucifer ""JUSTIN CASE"" EVERYLOVE",0
Weber,NOG09,President,,1,,Write-In Totals,22
Weber,NOG09,U.S. Senate,,1,REP,John CURTIS,611
Weber,NOG09,U.S. Senate,,1,DEM,Caroline GLEICH,221
Weber,NOG09,U.S. Senate,,1,IAP,Carleton E. BOWEN,35
Weber,NOG09,U.S. Senate,,1,,Write-In Totals,12
Weber,NOG09,U.S. House,1,1,REP,Blake D. MOORE,614
Weber,NOG09,U.S. House,1,1,DEM,Bill CAMPBELL,211
Weber,NOG09,U.S. House,1,1,LBT,Daniel R. COTTAM,43
Weber,NOG09,Governor,,1,REP,Spencer J. COX / Deidre M. HENDERSON,540
Weber,NOG09,Governor,,1,DEM,Brian SMITH KING / Rebekah CUMMINGS,181
Weber,NOG09,Governor,,1,LBT,J. Robert LATHAM / Barry Evan SHORT,23
Weber,NOG09,Governor,,1,IAP,Tommy WILLIAMS / Archie A. WILLIAMS III,16
Weber,NOG09,Governor,,1,,Tom TOMENY / William LANSING TAYLOR,3
Weber,NOG09,Governor,,1,,Write-In Totals,117
Weber,NOG09,Attorney General,,1,REP,Derek BROWN,559
Weber,NOG09,Attorney General,,1,DEM,Rudy J BAUTISTA,187
Weber,NOG09,Attorney General,,1,UUP,Michelle QUIST,59
Weber,NOG09,Attorney General,,1,LBT,W. Andrew McCULLOUGH,33
Weber,NOG09,Attorney General,,1,,Austin HEPWORTH,20
Weber,NOG09,State Auditor,,1,REP,Tina CANNON,587
Weber,NOG09,State Auditor,,1,DEM,Catherine VOUTAZ,197
Weber,NOG09,State Auditor,,1,CON,Jeffery L. OSTLER,48
Weber,NOG09,State Treasurer,,1,REP,Marlo M. OAKS,586
Weber,NOG09,State Treasurer,,1,DEM,Neil A HANSEN,209
Weber,NOG09,State Treasurer,,1,UFP,Miles POMEROY,43
Weber,NOG09,State Senate,3,1,REP,John D. JOHNSON,554
Weber,NOG09,State Senate,3,1,DEM,Stacy BERNAL,309
Weber,NOG09,State House,7,1,REP,Ryan D. WILCOX,680
Weber,NOG09,County Commission,C,1,REP,Jim HARVEY,532
Weber,NOG09,County Commission,C,1,DEM,Steven VAN WAGONER,257
Weber,NOG09,County Commission,C,1,LBT,Brian K ROWLEY,51
Weber,NOG09,County Assessor,,1,REP,John E. ULIBARRI,688
Weber,NOG09,County Recorder/Surveyor,,1,REP,Bahy RAHIMZADEGAN,678
Weber,NOG09,County Treasurer,,1,REP,Lynelle JENSEN,693
Weber,NOG09,Retain Supreme Court Justice-Matthew B. DURRANT,,1,,Yes,587
Weber,NOG09,Retain Supreme Court Justice-Matthew B. DURRANT,,1,,No,132
Weber,NOG09,Retain Appeals Court Judge-Ryan D. TENNEY,,1,,Yes,588
Weber,NOG09,Retain Appeals Court Judge-Ryan D. TENNEY,,1,,No,120
Weber,NOG09,Retain 2nd District Circuit Court Judge-Joseph M. BEAN,,1,,Yes,560
Weber,NOG09,Retain 2nd District Circuit Court Judge-Joseph M. BEAN,,1,,No,142
Weber,NOG09,Retain 2nd District Circuit Court Judge-Ronald G. RUSSELL,,1,,Yes,585
Weber,NOG09,Retain 2nd District Circuit Court Judge-Ronald G. RUSSELL,,1,,No,121
Weber,NOG09,Retain 2nd District Circuit Court Judge-Christina Patricia ORTEGA,,1,,Yes,574
Weber,NOG09,Retain 2nd District Circuit Court Judge-Christina Patricia ORTEGA,,1,,No,136
Weber,NOG09,Retain 2nd District Circuit Court Judge-Craig HALL,,1,,Yes,570
Weber,NOG09,Retain 2nd District Circuit Court Judge-Craig HALL,,1,,No,127
Weber,NOG09,Retain 2nd District Circuit Court Judge-Michael Drio DIREDA,,1,,Yes,595
Weber,NOG09,Retain 2nd District Circuit Court Judge-Michael Drio DIREDA,,1,,No,118
Weber,NOG09,Retain 2nd District Juvenile Circuit Court Judge-Tasha WILLIAMS,,1,,Yes,584
Weber,NOG09,Retain 2nd District Juvenile Circuit Court Judge-Tasha WILLIAMS,,1,,No,120
Weber,NOG09,Constitutional Amendment B,,1,,For,613
Weber,NOG09,Constitutional Amendment B,,1,,Against,243
Weber,NOG09,Constitutional Amendment C,,1,,For,691
Weber,NOG09,Constitutional Amendment C,,1,,Against,156
Weber,NOG09,Proposition 19,,1,,Yes,612
Weber,NOG09,Proposition 19,,1,,No,255
Weber,NOG10,Registered Voters,,,,,963
Weber,NOG10,Ballots Cast,,,,,853
Weber,NOG10,President,,1,REP,Donald J. TRUMP/ JD VANCE,522
Weber,NOG10,President,,1,DEM,Kamala D. HARRIS / Tim WALZ,278
Weber,NOG10,President,,1,CON,Joel SKOUSEN / Rik COMBS,9
Weber,NOG10,President,,1,LBT,Chase OLIVER / Mike ter MAAT,6
Weber,NOG10,President,,1,,Cornel Ronald WEST / Melina ABDULLAH,2
Weber,NOG10,President,,1,GRN,Jill STEIN / Rudolph WARE,2
Weber,NOG10,President,,1,,"Lucifer ""JUSTIN CASE"" EVERYLOVE",1
Weber,NOG10,President,,1,,Claudia de la CRUZ / Karina Alexandra GARCIA,0
Weber,NOG10,President,,1,,Write-In Totals,24
Weber,NOG10,U.S. Senate,,1,REP,John CURTIS,578
Weber,NOG10,U.S. Senate,,1,DEM,Caroline GLEICH,205
Weber,NOG10,U.S. Senate,,1,IAP,Carleton E. BOWEN,29
Weber,NOG10,U.S. Senate,,1,,Write-In Totals,6
Weber,NOG10,U.S. House,1,1,REP,Blake D. MOORE,581
Weber,NOG10,U.S. House,1,1,DEM,Bill CAMPBELL,198
Weber,NOG10,U.S. House,1,1,LBT,Daniel R. COTTAM,31
Weber,NOG10,Governor,,1,REP,Spencer J. COX / Deidre M. HENDERSON,513
Weber,NOG10,Governor,,1,DEM,Brian SMITH KING / Rebekah CUMMINGS,181
Weber,NOG10,Governor,,1,LBT,J. Robert LATHAM / Barry Evan SHORT,23
Weber,NOG10,Governor,,1,IAP,Tommy WILLIAMS / Archie A. WILLIAMS III,14
Weber,NOG10,Governor,,1,,Tom TOMENY / William LANSING TAYLOR,8
Weber,NOG10,Governor,,1,,Write-In Totals,89
Weber,NOG10,Attorney General,,1,REP,Derek BROWN,521
Weber,NOG10,Attorney General,,1,DEM,Rudy J BAUTISTA,185
Weber,NOG10,Attorney General,,1,UUP,Michelle QUIST,63
Weber,NOG10,Attorney General,,1,LBT,W. Andrew McCULLOUGH,17
Weber,NOG10,Attorney General,,1,,Austin HEPWORTH,17
Weber,NOG10,State Auditor,,1,REP,Tina CANNON,554
Weber,NOG10,State Auditor,,1,DEM,Catherine VOUTAZ,193
Weber,NOG10,State Auditor,,1,CON,Jeffery L. OSTLER,50
Weber,NOG10,State Treasurer,,1,REP,Marlo M. OAKS,544
Weber,NOG10,State Treasurer,,1,DEM,Neil A HANSEN,221
Weber,NOG10,State Treasurer,,1,UFP,Miles POMEROY,30
Weber,NOG10,State Senate,3,1,REP,John D. JOHNSON,561
Weber,NOG10,State Senate,3,1,DEM,Stacy BERNAL,247
Weber,NOG10,State House,7,1,REP,Ryan D. WILCOX,623
Weber,NOG10,County Commission,C,1,REP,Jim HARVEY,508
Weber,NOG10,County Commission,C,1,DEM,Steven VAN WAGONER,252
Weber,NOG10,County Commission,C,1,LBT,Brian K ROWLEY,44
Weber,NOG10,County Assessor,,1,REP,John E. ULIBARRI,648
Weber,NOG10,County Recorder/Surveyor,,1,REP,Bahy RAHIMZADEGAN,622
Weber,NOG10,County Treasurer,,1,REP,Lynelle JENSEN,652
Weber,NOG10,Retain Supreme Court Justice-Matthew B. DURRANT,,1,,Yes,570
Weber,NOG10,Retain Supreme Court Justice-Matthew B. DURRANT,,1,,No,141
Weber,NOG10,Retain Appeals Court Judge-Ryan D. TENNEY,,1,,Yes,562
Weber,NOG10,Retain Appeals Court Judge-Ryan D. TENNEY,,1,,No,137
Weber,NOG10,Retain 2nd District Circuit Court Judge-Joseph M. BEAN,,1,,Yes,551
Weber,NOG10,Retain 2nd District Circuit Court Judge-Joseph M. BEAN,,1,,No,147
Weber,NOG10,Retain 2nd District Circuit Court Judge-Ronald G. RUSSELL,,1,,Yes,557
Weber,NOG10,Retain 2nd District Circuit Court Judge-Ronald G. RUSSELL,,1,,No,142
Weber,NOG10,Retain 2nd District Circuit Court Judge-Christina Patricia ORTEGA,,1,,Yes,555
Weber,NOG10,Retain 2nd District Circuit Court Judge-Christina Patricia ORTEGA,,1,,No,144
Weber,NOG10,Retain 2nd District Circuit Court Judge-Craig HALL,,1,,Yes,563
Weber,NOG10,Retain 2nd District Circuit Court Judge-Craig HALL,,1,,No,130
Weber,NOG10,Retain 2nd District Circuit Court Judge-Michael Drio DIREDA,,1,,Yes,568
Weber,NOG10,Retain 2nd District Circuit Court Judge-Michael Drio DIREDA,,1,,No,133
Weber,NOG10,Retain 2nd District Juvenile Circuit Court Judge-Tasha WILLIAMS,,1,,Yes,577
Weber,NOG10,Retain 2nd District Juvenile Circuit Court Judge-Tasha WILLIAMS,,1,,No,124
Weber,NOG10,Constitutional Amendment B,,1,,For,525
Weber,NOG10,Constitutional Amendment B,,1,,Against,270
Weber,NOG10,Constitutional Amendment C,,1,,For,647
Weber,NOG10,Constitutional Amendment C,,1,,Against,149
Weber,NOG10,Proposition 19,,1,,Yes,540
Weber,NOG10,Proposition 19,,1,,No,270
Weber,NOG11,Registered Voters,,,,,765
Weber,NOG11,Ballots Cast,,,,,683
Weber,NOG11,President,,1,REP,Donald J. TRUMP/ JD VANCE,426
Weber,NOG11,President,,1,DEM,Kamala D. HARRIS / Tim WALZ,201
Weber,NOG11,President,,1,LBT,Chase OLIVER / Mike ter MAAT,10
Weber,NOG11,President,,1,CON,Joel SKOUSEN / Rik COMBS,4
Weber,NOG11,President,,1,,Cornel Ronald WEST / Melina ABDULLAH,2
Weber,NOG11,President,,1,,"Lucifer ""JUSTIN CASE"" EVERYLOVE",1
Weber,NOG11,President,,1,,Claudia de la CRUZ / Karina Alexandra GARCIA,1
Weber,NOG11,President,,1,GRN,Jill STEIN / Rudolph WARE,0
Weber,NOG11,President,,1,,Write-In Totals,23
Weber,NOG11,U.S. Senate,,1,REP,John CURTIS,448
Weber,NOG11,U.S. Senate,,1,DEM,Caroline GLEICH,160
Weber,NOG11,U.S. Senate,,1,IAP,Carleton E. BOWEN,35
Weber,NOG11,U.S. Senate,,1,,Write-In Totals,16
Weber,NOG11,U.S. House,1,1,REP,Blake D. MOORE,477
Weber,NOG11,U.S. House,1,1,DEM,Bill CAMPBELL,138
Weber,NOG11,U.S. House,1,1,LBT,Daniel R. COTTAM,29
Weber,NOG11,Governor,,1,REP,Spencer J. COX / Deidre M. HENDERSON,369
Weber,NOG11,Governor,,1,DEM,Brian SMITH KING / Rebekah CUMMINGS,132
Weber,NOG11,Governor,,1,LBT,J. Robert LATHAM / Barry Evan SHORT,16
Weber,NOG11,Governor,,1,IAP,Tommy WILLIAMS / Archie A. WILLIAMS III,12
Weber,NOG11,Governor,,1,,Tom TOMENY / William LANSING TAYLOR,1
Weber,NOG11,Governor,,1,,Write-In Totals,138
Weber,NOG11,Attorney General,,1,REP,Derek BROWN,413
Weber,NOG11,Attorney General,,1,DEM,Rudy J BAUTISTA,153
Weber,NOG11,Attorney General,,1,UUP,Michelle QUIST,34
Weber,NOG11,Attorney General,,1,LBT,W. Andrew McCULLOUGH,21
Weber,NOG11,Attorney General,,1,,Austin HEPWORTH,20
Weber,NOG11,State Auditor,,1,REP,Tina CANNON,450
Weber,NOG11,State Auditor,,1,DEM,Catherine VOUTAZ,145
Weber,NOG11,State Auditor,,1,CON,Jeffery L. OSTLER,36
Weber,NOG11,State Treasurer,,1,REP,Marlo M. OAKS,461
Weber,NOG11,State Treasurer,,1,DEM,Neil A HANSEN,143
Weber,NOG11,State Treasurer,,1,UFP,Miles POMEROY,20
Weber,NOG11,State Senate,3,1,REP,John D. JOHNSON,432
Weber,NOG11,State Senate,3,1,DEM,Stacy BERNAL,215
Weber,NOG11,State House,7,1,REP,Ryan D. WILCOX,506
Weber,NOG11,County Commission,C,1,REP,Jim HARVEY,417
Weber,NOG11,County Commission,C,1,DEM,Steven VAN WAGONER,174
Weber,NOG11,County Commission,C,1,LBT,Brian K ROWLEY,46
Weber,NOG11,County Assessor,,1,REP,John E. ULIBARRI,516
Weber,NOG11,County Recorder/Surveyor,,1,REP,Bahy RAHIMZADEGAN,504
Weber,NOG11,County Treasurer,,1,REP,Lynelle JENSEN,518
Weber,NOG11,Retain Supreme Court Justice-Matthew B. DURRANT,,1,,Yes,450
Weber,NOG11,Retain Supreme Court Justice-Matthew B. DURRANT,,1,,No,92
Weber,NOG11,Retain Appeals Court Judge-Ryan D. TENNEY,,1,,Yes,443
Weber,NOG11,Retain Appeals Court Judge-Ryan D. TENNEY,,1,,No,97
Weber,NOG11,Retain 2nd District Circuit Court Judge-Joseph M. BEAN,,1,,Yes,434
Weber,NOG11,Retain 2nd District Circuit Court Judge-Joseph M. BEAN,,1,,No,103
Weber,NOG11,Retain 2nd District Circuit Court Judge-Ronald G. RUSSELL,,1,,Yes,445
Weber,NOG11,Retain 2nd District Circuit Court Judge-Ronald G. RUSSELL,,1,,No,98
Weber,NOG11,Retain 2nd District Circuit Court Judge-Christina Patricia ORTEGA,,1,,Yes,438
Weber,NOG11,Retain 2nd District Circuit Court Judge-Christina Patricia ORTEGA,,1,,No,115
Weber,NOG11,Retain 2nd District Circuit Court Judge-Craig HALL,,1,,Yes,442
Weber,NOG11,Retain 2nd District Circuit Court Judge-Craig HALL,,1,,No,102
Weber,NOG11,Retain 2nd District Circuit Court Judge-Michael Drio DIREDA,,1,,Yes,437
Weber,NOG11,Retain 2nd District Circuit Court Judge-Michael Drio DIREDA,,1,,No,105
Weber,NOG11,Retain 2nd District Juvenile Circuit Court Judge-Tasha WILLIAMS,,1,,Yes,459
Weber,NOG11,Retain 2nd District Juvenile Circuit Court Judge-Tasha WILLIAMS,,1,,No,94
Weber,NOG11,Constitutional Amendment B,,1,,For,446
Weber,NOG11,Constitutional Amendment B,,1,,Against,192
Weber,NOG11,Constitutional Amendment C,,1,,For,521
Weber,NOG11,Constitutional Amendment C,,1,,Against,115
Weber,NOG11,Proposition 19,,1,,Yes,421
Weber,NOG11,Proposition 19,,1,,No,233
Weber,NOG12,Registered Voters,,,,,827
Weber,NOG12,Ballots Cast,,,,,712
Weber,NOG12,President,,1,REP,Donald J. TRUMP/ JD VANCE,430
Weber,NOG12,President,,1,DEM,Kamala D. HARRIS / Tim WALZ,247
Weber,NOG12,President,,1,LBT,Chase OLIVER / Mike ter MAAT,12
Weber,NOG12,President,,1,CON,Joel SKOUSEN / Rik COMBS,6
Weber,NOG12,President,,1,GRN,Jill STEIN / Rudolph WARE,2
Weber,NOG12,President,,1,,Cornel Ronald WEST / Melina ABDULLAH,1
Weber,NOG12,President,,1,,"Lucifer ""JUSTIN CASE"" EVERYLOVE",1
Weber,NOG12,President,,1,,Claudia de la CRUZ / Karina Alexandra GARCIA,0
Weber,NOG12,President,,1,,Write-In Totals,4
Weber,NOG12,U.S. Senate,,1,REP,John CURTIS,413
Weber,NOG12,U.S. Senate,,1,DEM,Caroline GLEICH,212
Weber,NOG12,U.S. Senate,,1,IAP,Carleton E. BOWEN,38
Weber,NOG12,U.S. Senate,,1,,Write-In Totals,7
Weber,NOG12,U.S. House,1,1,REP,Blake D. MOORE,432
Weber,NOG12,U.S. House,1,1,DEM,Bill CAMPBELL,188
Weber,NOG12,U.S. House,1,1,LBT,Daniel R. COTTAM,32
Weber,NOG12,Governor,,1,REP,Spencer J. COX / Deidre M. HENDERSON,375
Weber,NOG12,Governor,,1,DEM,Brian SMITH KING / Rebekah CUMMINGS,186
Weber,NOG12,Governor,,1,LBT,J. Robert LATHAM / Barry Evan SHORT,29
Weber,NOG12,Governor,,1,IAP,Tommy WILLIAMS / Archie A. WILLIAMS III,14
Weber,NOG12,Governor,,1,,Tom TOMENY / William LANSING TAYLOR,1
Weber,NOG12,Governor,,1,,Write-In Totals,83
Weber,NOG12,Attorney General,,1,REP,Derek BROWN,392
Weber,NOG12,Attorney General,,1,DEM,Rudy J BAUTISTA,177
Weber,NOG12,Attorney General,,1,UUP,Michelle QUIST,36
Weber,NOG12,Attorney General,,1,LBT,W. Andrew McCULLOUGH,31
Weber,NOG12,Attorney General,,1,,Austin HEPWORTH,24
Weber,NOG12,State Auditor,,1,REP,Tina CANNON,434
Weber,NOG12,State Auditor,,1,DEM,Catherine VOUTAZ,191
Weber,NOG12,State Auditor,,1,CON,Jeffery L. OSTLER,24
Weber,NOG12,State Treasurer,,1,REP,Marlo M. OAKS,444
Weber,NOG12,State Treasurer,,1,DEM,Neil A HANSEN,177
Weber,NOG12,State Treasurer,,1,UFP,Miles POMEROY,23
Weber,NOG12,State Senate,3,1,REP,John D. JOHNSON,408
Weber,NOG12,State Senate,3,1,DEM,Stacy BERNAL,244
Weber,NOG12,State House,7,1,REP,Ryan D. WILCOX,499
Weber,NOG12,County Commission,C,1,REP,Jim HARVEY,404
Weber,NOG12,County Commission,C,1,DEM,Steven VAN WAGONER,213
Weber,NOG12,County Commission,C,1,LBT,Brian K ROWLEY,37
Weber,NOG12,County Assessor,,1,REP,John E. ULIBARRI,522
Weber,NOG12,County Recorder/Surveyor,,1,REP,Bahy RAHIMZADEGAN,520
Weber,NOG12,County Treasurer,,1,REP,Lynelle JENSEN,527
Weber,NOG12,Retain Supreme Court Justice-Matthew B. DURRANT,,1,,Yes,428
Weber,NOG12,Retain Supreme Court Justice-Matthew B. DURRANT,,1,,No,110
Weber,NOG12,Retain Appeals Court Judge-Ryan D. TENNEY,,1,,Yes,420
Weber,NOG12,Retain Appeals Court Judge-Ryan D. TENNEY,,1,,No,113
Weber,NOG12,Retain 2nd District Circuit Court Judge-Joseph M. BEAN,,1,,Yes,414
Weber,NOG12,Retain 2nd District Circuit Court Judge-Joseph M. BEAN,,1,,No,114
Weber,NOG12,Retain 2nd District Circuit Court Judge-Ronald G. RUSSELL,,1,,Yes,419
Weber,NOG12,Retain 2nd District Circuit Court Judge-Ronald G. RUSSELL,,1,,No,110
Weber,NOG12,Retain 2nd District Circuit Court Judge-Christina Patricia ORTEGA,,1,,Yes,419
Weber,NOG12,Retain 2nd District Circuit Court Judge-Christina Patricia ORTEGA,,1,,No,111
Weber,NOG12,Retain 2nd District Circuit Court Judge-Craig HALL,,1,,Yes,409
Weber,NOG12,Retain 2nd District Circuit Court Judge-Craig HALL,,1,,No,119
Weber,NOG12,Retain 2nd District Circuit Court Judge-Michael Drio DIREDA,,1,,Yes,429
Weber,NOG12,Retain 2nd District Circuit Court Judge-Michael Drio DIREDA,,1,,No,101
Weber,NOG12,Retain 2nd District Juvenile Circuit Court Judge-Tasha WILLIAMS,,1,,Yes,431
Weber,NOG12,Retain 2nd District Juvenile Circuit Court Judge-Tasha WILLIAMS,,1,,No,99
Weber,NOG12,Constitutional Amendment B,,1,,For,440
Weber,NOG12,Constitutional Amendment B,,1,,Against,197
Weber,NOG12,Constitutional Amendment C,,1,,For,528
Weber,NOG12,Constitutional Amendment C,,1,,Against,112
Weber,NOG12,Proposition 19,,1,,Yes,445
Weber,NOG12,Proposition 19,,1,,No,212
Weber,NOG13,Registered Voters,,,,,992
Weber,NOG13,Ballots Cast,,,,,849
Weber,NOG13,President,,1,REP,Donald J. TRUMP/ JD VANCE,508
Weber,NOG13,President,,1,DEM,Kamala D. HARRIS / Tim WALZ,308
Weber,NOG13,President,,1,CON,Joel SKOUSEN / Rik COMBS,7
Weber,NOG13,President,,1,LBT,Chase OLIVER / Mike ter MAAT,5
Weber,NOG13,President,,1,GRN,Jill STEIN / Rudolph WARE,3
Weber,NOG13,President,,1,,Claudia de la CRUZ / Karina Alexandra GARCIA,1
Weber,NOG13,President,,1,,Cornel Ronald WEST / Melina ABDULLAH,0
Weber,NOG13,President,,1,,"Lucifer ""JUSTIN CASE"" EVERYLOVE",0
Weber,NOG13,President,,1,,Write-In Totals,12
Weber,NOG13,U.S. Senate,,1,REP,John CURTIS,526
Weber,NOG13,U.S. Senate,,1,DEM,Caroline GLEICH,249
Weber,NOG13,U.S. Senate,,1,IAP,Carleton E. BOWEN,39
Weber,NOG13,U.S. Senate,,1,,Write-In Totals,7
Weber,NOG13,U.S. House,1,1,REP,Blake D. MOORE,541
Weber,NOG13,U.S. House,1,1,DEM,Bill CAMPBELL,225
Weber,NOG13,U.S. House,1,1,LBT,Daniel R. COTTAM,40
Weber,NOG13,Governor,,1,REP,Spencer J. COX / Deidre M. HENDERSON,467
Weber,NOG13,Governor,,1,DEM,Brian SMITH KING / Rebekah CUMMINGS,200
Weber,NOG13,Governor,,1,LBT,J. Robert LATHAM / Barry Evan SHORT,32
Weber,NOG13,Governor,,1,IAP,Tommy WILLIAMS / Archie A. WILLIAMS III,20
Weber,NOG13,Governor,,1,,Tom TOMENY / William LANSING TAYLOR,6
Weber,NOG13,Governor,,1,,Write-In Totals,103
Weber,NOG13,Attorney General,,1,REP,Derek BROWN,487
Weber,NOG13,Attorney General,,1,DEM,Rudy J BAUTISTA,207
Weber,NOG13,Attorney General,,1,UUP,Michelle QUIST,51
Weber,NOG13,Attorney General,,1,LBT,W. Andrew McCULLOUGH,42
Weber,NOG13,Attorney General,,1,,Austin HEPWORTH,23
Weber,NOG13,State Auditor,,1,REP,Tina CANNON,521
Weber,NOG13,State Auditor,,1,DEM,Catherine VOUTAZ,225
Weber,NOG13,State Auditor,,1,CON,Jeffery L. OSTLER,50
Weber,NOG13,State Treasurer,,1,REP,Marlo M. OAKS,511
Weber,NOG13,State Treasurer,,1,DEM,Neil A HANSEN,238
Weber,NOG13,State Treasurer,,1,UFP,Miles POMEROY,42
Weber,NOG13,State Senate,3,1,REP,John D. JOHNSON,506
Weber,NOG13,State Senate,3,1,DEM,Stacy BERNAL,294
Weber,NOG13,State House,7,1,REP,Ryan D. WILCOX,625
Weber,NOG13,County Commission,C,1,REP,Jim HARVEY,474
Weber,NOG13,County Commission,C,1,DEM,Steven VAN WAGONER,259
Weber,NOG13,County Commission,C,1,LBT,Brian K ROWLEY,61
Weber,NOG13,County Assessor,,1,REP,John E. ULIBARRI,655
Weber,NOG13,County Recorder/Surveyor,,1,REP,Bahy RAHIMZADEGAN,633
Weber,NOG13,County Treasurer,,1,REP,Lynelle JENSEN,656
Weber,NOG13,Retain Supreme Court Justice-Matthew B. DURRANT,,1,,Yes,537
Weber,NOG13,Retain Supreme Court Justice-Matthew B. DURRANT,,1,,No,158
Weber,NOG13,Retain Appeals Court Judge-Ryan D. TENNEY,,1,,Yes,525
Weber,NOG13,Retain Appeals Court Judge-Ryan D. TENNEY,,1,,No,165
Weber,NOG13,Retain 2nd District Circuit Court Judge-Joseph M. BEAN,,1,,Yes,530
Weber,NOG13,Retain 2nd District Circuit Court Judge-Joseph M. BEAN,,1,,No,157
Weber,NOG13,Retain 2nd District Circuit Court Judge-Ronald G. RUSSELL,,1,,Yes,540
Weber,NOG13,Retain 2nd District Circuit Court Judge-Ronald G. RUSSELL,,1,,No,150
Weber,NOG13,Retain 2nd District Circuit Court Judge-Christina Patricia ORTEGA,,1,,Yes,540
Weber,NOG13,Retain 2nd District Circuit Court Judge-Christina Patricia ORTEGA,,1,,No,147
Weber,NOG13,Retain 2nd District Circuit Court Judge-Craig HALL,,1,,Yes,515
Weber,NOG13,Retain 2nd District Circuit Court Judge-Craig HALL,,1,,No,170
Weber,NOG13,Retain 2nd District Circuit Court Judge-Michael Drio DIREDA,,1,,Yes,543
Weber,NOG13,Retain 2nd District Circuit Court Judge-Michael Drio DIREDA,,1,,No,145
Weber,NOG13,Retain 2nd District Juvenile Circuit Court Judge-Tasha WILLIAMS,,1,,Yes,539
Weber,NOG13,Retain 2nd District Juvenile Circuit Court Judge-Tasha WILLIAMS,,1,,No,147
Weber,NOG13,Constitutional Amendment B,,1,,For,558
Weber,NOG13,Constitutional Amendment B,,1,,Against,234
Weber,NOG13,Constitutional Amendment C,,1,,For,650
Weber,NOG13,Constitutional Amendment C,,1,,Against,135
Weber,NOG13,Proposition 19,,1,,Yes,553
Weber,NOG13,Proposition 19,,1,,No,241
Weber,NOG14,Registered Voters,,,,,938
Weber,NOG14,Ballots Cast,,,,,816
Weber,NOG14,President,,1,REP,Donald J. TRUMP/ JD VANCE,503
Weber,NOG14,President,,1,DEM,Kamala D. HARRIS / Tim WALZ,260
Weber,NOG14,President,,1,LBT,Chase OLIVER / Mike ter MAAT,14
Weber,NOG14,President,,1,,"Lucifer ""JUSTIN CASE"" EVERYLOVE",5
Weber,NOG14,President,,1,CON,Joel SKOUSEN / Rik COMBS,3
Weber,NOG14,President,,1,GRN,Jill STEIN / Rudolph WARE,2
Weber,NOG14,President,,1,,Cornel Ronald WEST / Melina ABDULLAH,0
Weber,NOG14,President,,1,,Claudia de la CRUZ / Karina Alexandra GARCIA,0
Weber,NOG14,President,,1,,Write-In Totals,17
Weber,NOG14,U.S. Senate,,1,REP,John CURTIS,510
Weber,NOG14,U.S. Senate,,1,DEM,Caroline GLEICH,215
Weber,NOG14,U.S. Senate,,1,IAP,Carleton E. BOWEN,39
Weber,NOG14,U.S. Senate,,1,,Write-In Totals,13
Weber,NOG14,U.S. House,1,1,REP,Blake D. MOORE,525
Weber,NOG14,U.S. House,1,1,DEM,Bill CAMPBELL,211
Weber,NOG14,U.S. House,1,1,LBT,Daniel R. COTTAM,34
Weber,NOG14,Governor,,1,REP,Spencer J. COX / Deidre M. HENDERSON,429
Weber,NOG14,Governor,,1,DEM,Brian SMITH KING / Rebekah CUMMINGS,186
Weber,NOG14,Governor,,1,LBT,J. Robert LATHAM / Barry Evan SHORT,34
Weber,NOG14,Governor,,1,IAP,Tommy WILLIAMS / Archie A. WILLIAMS III,16
Weber,NOG14,Governor,,1,,Tom TOMENY / William LANSING TAYLOR,1
Weber,NOG14,Governor,,1,,Write-In Totals,117
Weber,NOG14,Attorney General,,1,REP,Derek BROWN,468
Weber,NOG14,Attorney General,,1,DEM,Rudy J BAUTISTA,184
Weber,NOG14,Attorney General,,1,UUP,Michelle QUIST,48
Weber,NOG14,Attorney General,,1,LBT,W. Andrew McCULLOUGH,38
Weber,NOG14,Attorney General,,1,,Austin HEPWORTH,29
Weber,NOG14,State Auditor,,1,REP,Tina CANNON,503
Weber,NOG14,State Auditor,,1,DEM,Catherine VOUTAZ,195
Weber,NOG14,State Auditor,,1,CON,Jeffery L. OSTLER,49
Weber,NOG14,State Treasurer,,1,REP,Marlo M. OAKS,513
Weber,NOG14,State Treasurer,,1,DEM,Neil A HANSEN,199
Weber,NOG14,State Treasurer,,1,UFP,Miles POMEROY,31
Weber,NOG14,State Senate,3,1,REP,John D. JOHNSON,499
Weber,NOG14,State Senate,3,1,DEM,Stacy BERNAL,265
Weber,NOG14,State House,7,1,REP,Ryan D. WILCOX,576
Weber,NOG14,County Commission,C,1,REP,Jim HARVEY,487
Weber,NOG14,County Commission,C,1,DEM,Steven VAN WAGONER,221
Weber,NOG14,County Commission,C,1,LBT,Brian K ROWLEY,54
Weber,NOG14,County Assessor,,1,REP,John E. ULIBARRI,598
Weber,NOG14,County Recorder/Surveyor,,1,REP,Bahy RAHIMZADEGAN,589
Weber,NOG14,County Treasurer,,1,REP,Lynelle JENSEN,596
Weber,NOG14,Retain Supreme Court Justice-Matthew B. DURRANT,,1,,Yes,474
Weber,NOG14,Retain Supreme Court Justice-Matthew B. DURRANT,,1,,No,146
Weber,NOG14,Retain Appeals Court Judge-Ryan D. TENNEY,,1,,Yes,470
Weber,NOG14,Retain Appeals Court Judge-Ryan D. TENNEY,,1,,No,137
Weber,NOG14,Retain 2nd District Circuit Court Judge-Joseph M. BEAN,,1,,Yes,474
Weber,NOG14,Retain 2nd District Circuit Court Judge-Joseph M. BEAN,,1,,No,145
Weber,NOG14,Retain 2nd District Circuit Court Judge-Ronald G. RUSSELL,,1,,Yes,477
Weber,NOG14,Retain 2nd District Circuit Court Judge-Ronald G. RUSSELL,,1,,No,137
Weber,NOG14,Retain 2nd District Circuit Court Judge-Christina Patricia ORTEGA,,1,,Yes,465
Weber,NOG14,Retain 2nd District Circuit Court Judge-Christina Patricia ORTEGA,,1,,No,154
Weber,NOG14,Retain 2nd District Circuit Court Judge-Craig HALL,,1,,Yes,453
Weber,NOG14,Retain 2nd District Circuit Court Judge-Craig HALL,,1,,No,157
Weber,NOG14,Retain 2nd District Circuit Court Judge-Michael Drio DIREDA,,1,,Yes,481
Weber,NOG14,Retain 2nd District Circuit Court Judge-Michael Drio DIREDA,,1,,No,132
Weber,NOG14,Retain 2nd District Juvenile Circuit Court Judge-Tasha WILLIAMS,,1,,Yes,490
Weber,NOG14,Retain 2nd District Juvenile Circuit Court Judge-Tasha WILLIAMS,,1,,No,132
Weber,NOG14,Constitutional Amendment B,,1,,For,511
Weber,NOG14,Constitutional Amendment B,,1,,Against,231
Weber,NOG14,Constitutional Amendment C,,1,,For,612
Weber,NOG14,Constitutional Amendment C,,1,,Against,131
Weber,NOG14,Proposition 19,,1,,Yes,486
Weber,NOG14,Proposition 19,,1,,No,285
Weber,OGD01,Registered Voters,,,,,871
Weber,OGD01,Ballots Cast,,,,,656
Weber,OGD01,President,,1,REP,Donald J. TRUMP/ JD VANCE,324
Weber,OGD01,President,,1,DEM,Kamala D. HARRIS / Tim WALZ,304
Weber,OGD01,President,,1,GRN,Jill STEIN / Rudolph WARE,6
Weber,OGD01,President,,1,LBT,Chase OLIVER / Mike ter MAAT,6
Weber,OGD01,President,,1,,Cornel Ronald WEST / Melina ABDULLAH,3
Weber,OGD01,President,,1,CON,Joel SKOUSEN / Rik COMBS,3
Weber,OGD01,President,,1,,Claudia de la CRUZ / Karina Alexandra GARCIA,3
Weber,OGD01,President,,1,,"Lucifer ""JUSTIN CASE"" EVERYLOVE",0
Weber,OGD01,President,,1,,Write-In Totals,2
Weber,OGD01,U.S. Senate,,1,REP,John CURTIS,306
Weber,OGD01,U.S. Senate,,1,DEM,Caroline GLEICH,268
Weber,OGD01,U.S. Senate,,1,IAP,Carleton E. BOWEN,43
Weber,OGD01,U.S. Senate,,1,,Write-In Totals,1
Weber,OGD01,U.S. House,1,1,REP,Blake D. MOORE,317
Weber,OGD01,U.S. House,1,1,DEM,Bill CAMPBELL,249
Weber,OGD01,U.S. House,1,1,LBT,Daniel R. COTTAM,48
Weber,OGD01,Governor,,1,REP,Spencer J. COX / Deidre M. HENDERSON,326
Weber,OGD01,Governor,,1,DEM,Brian SMITH KING / Rebekah CUMMINGS,216
Weber,OGD01,Governor,,1,LBT,J. Robert LATHAM / Barry Evan SHORT,21
Weber,OGD01,Governor,,1,IAP,Tommy WILLIAMS / Archie A. WILLIAMS III,19
Weber,OGD01,Governor,,1,,Tom TOMENY / William LANSING TAYLOR,5
Weber,OGD01,Governor,,1,,Write-In Totals,46
Weber,OGD01,Attorney General,,1,REP,Derek BROWN,282
Weber,OGD01,Attorney General,,1,DEM,Rudy J BAUTISTA,250
Weber,OGD01,Attorney General,,1,UUP,Michelle QUIST,31
Weber,OGD01,Attorney General,,1,LBT,W. Andrew McCULLOUGH,28
Weber,OGD01,Attorney General,,1,,Austin HEPWORTH,25
Weber,OGD01,State Auditor,,1,REP,Tina CANNON,308
Weber,OGD01,State Auditor,,1,DEM,Catherine VOUTAZ,267
Weber,OGD01,State Auditor,,1,CON,Jeffery L. OSTLER,29
Weber,OGD01,State Treasurer,,1,REP,Marlo M. OAKS,316
Weber,OGD01,State Treasurer,,1,DEM,Neil A HANSEN,251
Weber,OGD01,State Treasurer,,1,UFP,Miles POMEROY,38
Weber,OGD01,State Senate,3,1,DEM,Stacy BERNAL,310
Weber,OGD01,State Senate,3,1,REP,John D. JOHNSON,309
Weber,OGD01,State House,7,1,REP,Ryan D. WILCOX,423
Weber,OGD01,County Commission,C,1,REP,Jim HARVEY,284
Weber,OGD01,County Commission,C,1,DEM,Steven VAN WAGONER,278
Weber,OGD01,County Commission,C,1,LBT,Brian K ROWLEY,49
Weber,OGD01,County Assessor,,1,REP,John E. ULIBARRI,465
Weber,OGD01,County Recorder/Surveyor,,1,REP,Bahy RAHIMZADEGAN,461
Weber,OGD01,County Treasurer,,1,REP,Lynelle JENSEN,466
Weber,OGD01,Ogden School Board,3,1,,Jennifer R. ZUNDEL,276
Weber,OGD01,Ogden School Board,3,1,,Stefanie CRAGUN,231
Weber,OGD01,Retain Supreme Court Justice-Matthew B. DURRANT,,1,,Yes,390
Weber,OGD01,Retain Supreme Court Justice-Matthew B. DURRANT,,1,,No,144
Weber,OGD01,Retain Appeals Court Judge-Ryan D. TENNEY,,1,,Yes,389
Weber,OGD01,Retain Appeals Court Judge-Ryan D. TENNEY,,1,,No,141
Weber,OGD01,Retain 2nd District Circuit Court Judge-Joseph M. BEAN,,1,,Yes,389
Weber,OGD01,Retain 2nd District Circuit Court Judge-Joseph M. BEAN,,1,,No,137
Weber,OGD01,Retain 2nd District Circuit Court Judge-Ronald G. RUSSELL,,1,,Yes,402
Weber,OGD01,Retain 2nd District Circuit Court Judge-Ronald G. RUSSELL,,1,,No,133
Weber,OGD01,Retain 2nd District Circuit Court Judge-Christina Patricia ORTEGA,,1,,Yes,409
Weber,OGD01,Retain 2nd District Circuit Court Judge-Christina Patricia ORTEGA,,1,,No,124
Weber,OGD01,Retain 2nd District Circuit Court Judge-Craig HALL,,1,,Yes,372
Weber,OGD01,Retain 2nd District Circuit Court Judge-Craig HALL,,1,,No,147
Weber,OGD01,Retain 2nd District Circuit Court Judge-Michael Drio DIREDA,,1,,Yes,391
Weber,OGD01,Retain 2nd District Circuit Court Judge-Michael Drio DIREDA,,1,,No,140
Weber,OGD01,Retain 2nd District Juvenile Circuit Court Judge-Tasha WILLIAMS,,1,,Yes,418
Weber,OGD01,Retain 2nd District Juvenile Circuit Court Judge-Tasha WILLIAMS,,1,,No,114
Weber,OGD01,Constitutional Amendment B,,1,,For,424
Weber,OGD01,Constitutional Amendment B,,1,,Against,170
Weber,OGD01,Constitutional Amendment C,,1,,For,494
Weber,OGD01,Constitutional Amendment C,,1,,Against,105
Weber,OGD01,Proposition 19,,1,,Yes,406
Weber,OGD01,Proposition 19,,1,,No,192
Weber,OGD02,Registered Voters,,,,,1158
Weber,OGD02,Ballots Cast,,,,,923
Weber,OGD02,President,,1,REP,Donald J. TRUMP/ JD VANCE,485
Weber,OGD02,President,,1,DEM,Kamala D. HARRIS / Tim WALZ,413
Weber,OGD02,President,,1,LBT,Chase OLIVER / Mike ter MAAT,6
Weber,OGD02,President,,1,,"Lucifer ""JUSTIN CASE"" EVERYLOVE",4
Weber,OGD02,President,,1,,Claudia de la CRUZ / Karina Alexandra GARCIA,4
Weber,OGD02,President,,1,GRN,Jill STEIN / Rudolph WARE,2
Weber,OGD02,President,,1,,Cornel Ronald WEST / Melina ABDULLAH,1
Weber,OGD02,President,,1,CON,Joel SKOUSEN / Rik COMBS,1
Weber,OGD02,President,,1,,Write-In Totals,1
Weber,OGD02,U.S. Senate,,1,REP,John CURTIS,453
Weber,OGD02,U.S. Senate,,1,DEM,Caroline GLEICH,356
Weber,OGD02,U.S. Senate,,1,IAP,Carleton E. BOWEN,64
Weber,OGD02,U.S. Senate,,1,,Write-In Totals,6
Weber,OGD02,U.S. House,1,1,REP,Blake D. MOORE,450
Weber,OGD02,U.S. House,1,1,DEM,Bill CAMPBELL,355
Weber,OGD02,U.S. House,1,1,LBT,Daniel R. COTTAM,60
Weber,OGD02,Governor,,1,REP,Spencer J. COX / Deidre M. HENDERSON,415
Weber,OGD02,Governor,,1,DEM,Brian SMITH KING / Rebekah CUMMINGS,338
Weber,OGD02,Governor,,1,LBT,J. Robert LATHAM / Barry Evan SHORT,34
Weber,OGD02,Governor,,1,IAP,Tommy WILLIAMS / Archie A. WILLIAMS III,19
Weber,OGD02,Governor,,1,,Tom TOMENY / William LANSING TAYLOR,3
Weber,OGD02,Governor,,1,,Write-In Totals,87
Weber,OGD02,Attorney General,,1,REP,Derek BROWN,444
Weber,OGD02,Attorney General,,1,DEM,Rudy J BAUTISTA,321
Weber,OGD02,Attorney General,,1,UUP,Michelle QUIST,51
Weber,OGD02,Attorney General,,1,LBT,W. Andrew McCULLOUGH,35
Weber,OGD02,Attorney General,,1,,Austin HEPWORTH,21
Weber,OGD02,State Auditor,,1,REP,Tina CANNON,442
Weber,OGD02,State Auditor,,1,DEM,Catherine VOUTAZ,346
Weber,OGD02,State Auditor,,1,CON,Jeffery L. OSTLER,60
Weber,OGD02,State Treasurer,,1,REP,Marlo M. OAKS,475
Weber,OGD02,State Treasurer,,1,DEM,Neil A HANSEN,328
Weber,OGD02,State Treasurer,,1,UFP,Miles POMEROY,48
Weber,OGD02,State Senate,3,1,REP,John D. JOHNSON,457
Weber,OGD02,State Senate,3,1,DEM,Stacy BERNAL,409
Weber,OGD02,State House,7,1,REP,Ryan D. WILCOX,621
Weber,OGD02,County Commission,C,1,REP,Jim HARVEY,439
Weber,OGD02,County Commission,C,1,DEM,Steven VAN WAGONER,354
Weber,OGD02,County Commission,C,1,LBT,Brian K ROWLEY,64
Weber,OGD02,County Assessor,,1,REP,John E. ULIBARRI,659
Weber,OGD02,County Recorder/Surveyor,,1,REP,Bahy RAHIMZADEGAN,644
Weber,OGD02,County Treasurer,,1,REP,Lynelle JENSEN,654
Weber,OGD02,Ogden School Board,3,1,,Jennifer R. ZUNDEL,397
Weber,OGD02,Ogden School Board,3,1,,Stefanie CRAGUN,283
Weber,OGD02,Retain Supreme Court Justice-Matthew B. DURRANT,,1,,Yes,507
Weber,OGD02,Retain Supreme Court Justice-Matthew B. DURRANT,,1,,No,205
Weber,OGD02,Retain Appeals Court Judge-Ryan D. TENNEY,,1,,Yes,515
Weber,OGD02,Retain Appeals Court Judge-Ryan D. TENNEY,,1,,No,191
Weber,OGD02,Retain 2nd District Circuit Court Judge-Joseph M. BEAN,,1,,Yes,503
Weber,OGD02,Retain 2nd District Circuit Court Judge-Joseph M. BEAN,,1,,No,198
Weber,OGD02,Retain 2nd District Circuit Court Judge-Ronald G. RUSSELL,,1,,Yes,517
Weber,OGD02,Retain 2nd District Circuit Court Judge-Ronald G. RUSSELL,,1,,No,187
Weber,OGD02,Retain 2nd District Circuit Court Judge-Christina Patricia ORTEGA,,1,,Yes,524
Weber,OGD02,Retain 2nd District Circuit Court Judge-Christina Patricia ORTEGA,,1,,No,185
Weber,OGD02,Retain 2nd District Circuit Court Judge-Craig HALL,,1,,Yes,501
Weber,OGD02,Retain 2nd District Circuit Court Judge-Craig HALL,,1,,No,193
Weber,OGD02,Retain 2nd District Circuit Court Judge-Michael Drio DIREDA,,1,,Yes,534
Weber,OGD02,Retain 2nd District Circuit Court Judge-Michael Drio DIREDA,,1,,No,172
Weber,OGD02,Retain 2nd District Juvenile Circuit Court Judge-Tasha WILLIAMS,,1,,Yes,541
Weber,OGD02,Retain 2nd District Juvenile Circuit Court Judge-Tasha WILLIAMS,,1,,No,161
Weber,OGD02,Constitutional Amendment B,,1,,For,574
Weber,OGD02,Constitutional Amendment B,,1,,Against,270
Weber,OGD02,Constitutional Amendment C,,1,,For,721
Weber,OGD02,Constitutional Amendment C,,1,,Against,125
Weber,OGD02,Proposition 19,,1,,Yes,542
Weber,OGD02,Proposition 19,,1,,No,318
Weber,OGD03,Registered Voters,,,,,811
Weber,OGD03,Ballots Cast,,,,,657
Weber,OGD03,President,,1,REP,Donald J. TRUMP/ JD VANCE,357
Weber,OGD03,President,,1,DEM,Kamala D. HARRIS / Tim WALZ,268
Weber,OGD03,President,,1,LBT,Chase OLIVER / Mike ter MAAT,6
Weber,OGD03,President,,1,,Cornel Ronald WEST / Melina ABDULLAH,5
Weber,OGD03,President,,1,,"Lucifer ""JUSTIN CASE"" EVERYLOVE",4
Weber,OGD03,President,,1,CON,Joel SKOUSEN / Rik COMBS,3
Weber,OGD03,President,,1,,Claudia de la CRUZ / Karina Alexandra GARCIA,3
Weber,OGD03,President,,1,GRN,Jill STEIN / Rudolph WARE,2
Weber,OGD03,President,,1,,Write-In Totals,6
Weber,OGD03,U.S. Senate,,1,REP,John CURTIS,344
Weber,OGD03,U.S. Senate,,1,DEM,Caroline GLEICH,244
Weber,OGD03,U.S. Senate,,1,IAP,Carleton E. BOWEN,39
Weber,OGD03,U.S. Senate,,1,,Write-In Totals,4
Weber,OGD03,U.S. House,1,1,REP,Blake D. MOORE,345
Weber,OGD03,U.S. House,1,1,DEM,Bill CAMPBELL,232
Weber,OGD03,U.S. House,1,1,LBT,Daniel R. COTTAM,44
Weber,OGD03,Governor,,1,REP,Spencer J. COX / Deidre M. HENDERSON,312
Weber,OGD03,Governor,,1,DEM,Brian SMITH KING / Rebekah CUMMINGS,210
Weber,OGD03,Governor,,1,LBT,J. Robert LATHAM / Barry Evan SHORT,25
Weber,OGD03,Governor,,1,IAP,Tommy WILLIAMS / Archie A. WILLIAMS III,19
Weber,OGD03,Governor,,1,,Tom TOMENY / William LANSING TAYLOR,1
Weber,OGD03,Governor,,1,,Write-In Totals,65
Weber,OGD03,Attorney General,,1,REP,Derek BROWN,314
Weber,OGD03,Attorney General,,1,DEM,Rudy J BAUTISTA,216
Weber,OGD03,Attorney General,,1,UUP,Michelle QUIST,46
Weber,OGD03,Attorney General,,1,LBT,W. Andrew McCULLOUGH,30
Weber,OGD03,Attorney General,,1,,Austin HEPWORTH,14
Weber,OGD03,State Auditor,,1,REP,Tina CANNON,333
Weber,OGD03,State Auditor,,1,DEM,Catherine VOUTAZ,230
Weber,OGD03,State Auditor,,1,CON,Jeffery L. OSTLER,50
Weber,OGD03,State Treasurer,,1,REP,Marlo M. OAKS,344
Weber,OGD03,State Treasurer,,1,DEM,Neil A HANSEN,229
Weber,OGD03,State Treasurer,,1,UFP,Miles POMEROY,38
Weber,OGD03,State Senate,3,1,REP,John D. JOHNSON,340
Weber,OGD03,State Senate,3,1,DEM,Stacy BERNAL,273
Weber,OGD03,State House,7,1,REP,Ryan D. WILCOX,453
Weber,OGD03,County Commission,C,1,REP,Jim HARVEY,320
Weber,OGD03,County Commission,C,1,DEM,Steven VAN WAGONER,237
Weber,OGD03,County Commission,C,1,LBT,Brian K ROWLEY,57
Weber,OGD03,County Assessor,,1,REP,John E. ULIBARRI,464
Weber,OGD03,County Recorder/Surveyor,,1,REP,Bahy RAHIMZADEGAN,458
Weber,OGD03,County Treasurer,,1,REP,Lynelle JENSEN,467
Weber,OGD03,Ogden School Board,3,1,,Jennifer R. ZUNDEL,300
Weber,OGD03,Ogden School Board,3,1,,Stefanie CRAGUN,213
Weber,OGD03,Retain Supreme Court Justice-Matthew B. DURRANT,,1,,Yes,383
Weber,OGD03,Retain Supreme Court Justice-Matthew B. DURRANT,,1,,No,151
Weber,OGD03,Retain Appeals Court Judge-Ryan D. TENNEY,,1,,Yes,391
Weber,OGD03,Retain Appeals Court Judge-Ryan D. TENNEY,,1,,No,136
Weber,OGD03,Retain 2nd District Circuit Court Judge-Joseph M. BEAN,,1,,Yes,374
Weber,OGD03,Retain 2nd District Circuit Court Judge-Joseph M. BEAN,,1,,No,153
Weber,OGD03,Retain 2nd District Circuit Court Judge-Ronald G. RUSSELL,,1,,Yes,381
Weber,OGD03,Retain 2nd District Circuit Court Judge-Ronald G. RUSSELL,,1,,No,148
Weber,OGD03,Retain 2nd District Circuit Court Judge-Christina Patricia ORTEGA,,1,,Yes,384
Weber,OGD03,Retain 2nd District Circuit Court Judge-Christina Patricia ORTEGA,,1,,No,149
Weber,OGD03,Retain 2nd District Circuit Court Judge-Craig HALL,,1,,Yes,374
Weber,OGD03,Retain 2nd District Circuit Court Judge-Craig HALL,,1,,No,150
Weber,OGD03,Retain 2nd District Circuit Court Judge-Michael Drio DIREDA,,1,,Yes,387
Weber,OGD03,Retain 2nd District Circuit Court Judge-Michael Drio DIREDA,,1,,No,140
Weber,OGD03,Retain 2nd District Juvenile Circuit Court Judge-Tasha WILLIAMS,,1,,Yes,402
Weber,OGD03,Retain 2nd District Juvenile Circuit Court Judge-Tasha WILLIAMS,,1,,No,126
Weber,OGD03,Constitutional Amendment B,,1,,For,386
Weber,OGD03,Constitutional Amendment B,,1,,Against,222
Weber,OGD03,Constitutional Amendment C,,1,,For,516
Weber,OGD03,Constitutional Amendment C,,1,,Against,94
Weber,OGD03,Proposition 19,,1,,Yes,428
Weber,OGD03,Proposition 19,,1,,No,194
Weber,OGD04,Registered Voters,,,,,940
Weber,OGD04,Ballots Cast,,,,,756
Weber,OGD04,President,,1,REP,Donald J. TRUMP/ JD VANCE,375
Weber,OGD04,President,,1,DEM,Kamala D. HARRIS / Tim WALZ,350
Weber,OGD04,President,,1,LBT,Chase OLIVER / Mike ter MAAT,7
Weber,OGD04,President,,1,,"Lucifer ""JUSTIN CASE"" EVERYLOVE",3
Weber,OGD04,President,,1,CON,Joel SKOUSEN / Rik COMBS,3
Weber,OGD04,President,,1,GRN,Jill STEIN / Rudolph WARE,3
Weber,OGD04,President,,1,,Cornel Ronald WEST / Melina ABDULLAH,2
Weber,OGD04,President,,1,,Claudia de la CRUZ / Karina Alexandra GARCIA,2
Weber,OGD04,President,,1,,Write-In Totals,3
Weber,OGD04,U.S. Senate,,1,REP,John CURTIS,370
Weber,OGD04,U.S. Senate,,1,DEM,Caroline GLEICH,314
Weber,OGD04,U.S. Senate,,1,IAP,Carleton E. BOWEN,27
Weber,OGD04,U.S. Senate,,1,,Write-In Totals,3
Weber,OGD04,U.S. House,1,1,REP,Blake D. MOORE,361
Weber,OGD04,U.S. House,1,1,DEM,Bill CAMPBELL,303
Weber,OGD04,U.S. House,1,1,LBT,Daniel R. COTTAM,44
Weber,OGD04,Governor,,1,REP,Spencer J. COX / Deidre M. HENDERSON,334
Weber,OGD04,Governor,,1,DEM,Brian SMITH KING / Rebekah CUMMINGS,274
Weber,OGD04,Governor,,1,LBT,J. Robert LATHAM / Barry Evan SHORT,25
Weber,OGD04,Governor,,1,IAP,Tommy WILLIAMS / Archie A. WILLIAMS III,19
Weber,OGD04,Governor,,1,,Tom TOMENY / William LANSING TAYLOR,4
Weber,OGD04,Governor,,1,,Write-In Totals,71
Weber,OGD04,Attorney General,,1,REP,Derek BROWN,322
Weber,OGD04,Attorney General,,1,DEM,Rudy J BAUTISTA,302
Weber,OGD04,Attorney General,,1,UUP,Michelle QUIST,46
Weber,OGD04,Attorney General,,1,,Austin HEPWORTH,19
Weber,OGD04,Attorney General,,1,LBT,W. Andrew McCULLOUGH,18
Weber,OGD04,State Auditor,,1,REP,Tina CANNON,352
Weber,OGD04,State Auditor,,1,DEM,Catherine VOUTAZ,297
Weber,OGD04,State Auditor,,1,CON,Jeffery L. OSTLER,39
Weber,OGD04,State Treasurer,,1,REP,Marlo M. OAKS,350
Weber,OGD04,State Treasurer,,1,DEM,Neil A HANSEN,306
Weber,OGD04,State Treasurer,,1,UFP,Miles POMEROY,36
Weber,OGD04,State Senate,3,1,REP,John D. JOHNSON,369
Weber,OGD04,State Senate,3,1,DEM,Stacy BERNAL,348
Weber,OGD04,State House,7,1,REP,Ryan D. WILCOX,487
Weber,OGD04,County Commission,C,1,DEM,Steven VAN WAGONER,336
Weber,OGD04,County Commission,C,1,REP,Jim HARVEY,332
Weber,OGD04,County Commission,C,1,LBT,Brian K ROWLEY,43
Weber,OGD04,County Assessor,,1,REP,John E. ULIBARRI,532
Weber,OGD04,County Recorder/Surveyor,,1,REP,Bahy RAHIMZADEGAN,516
Weber,OGD04,County Treasurer,,1,REP,Lynelle JENSEN,527
Weber,OGD04,Ogden School Board,3,1,,Jennifer R. ZUNDEL,313
Weber,OGD04,Ogden School Board,3,1,,Stefanie CRAGUN,266
Weber,OGD04,Retain Supreme Court Justice-Matthew B. DURRANT,,1,,Yes,418
Weber,OGD04,Retain Supreme Court Justice-Matthew B. DURRANT,,1,,No,192
Weber,OGD04,Retain Appeals Court Judge-Ryan D. TENNEY,,1,,Yes,418
Weber,OGD04,Retain Appeals Court Judge-Ryan D. TENNEY,,1,,No,183
Weber,OGD04,Retain 2nd District Circuit Court Judge-Joseph M. BEAN,,1,,Yes,419
Weber,OGD04,Retain 2nd District Circuit Court Judge-Joseph M. BEAN,,1,,No,186
Weber,OGD04,Retain 2nd District Circuit Court Judge-Ronald G. RUSSELL,,1,,Yes,434
Weber,OGD04,Retain 2nd District Circuit Court Judge-Ronald G. RUSSELL,,1,,No,168
Weber,OGD04,Retain 2nd District Circuit Court Judge-Christina Patricia ORTEGA,,1,,Yes,465
Weber,OGD04,Retain 2nd District Circuit Court Judge-Christina Patricia ORTEGA,,1,,No,138
Weber,OGD04,Retain 2nd District Circuit Court Judge-Craig HALL,,1,,Yes,405
Weber,OGD04,Retain 2nd District Circuit Court Judge-Craig HALL,,1,,No,191
Weber,OGD04,Retain 2nd District Circuit Court Judge-Michael Drio DIREDA,,1,,Yes,450
Weber,OGD04,Retain 2nd District Circuit Court Judge-Michael Drio DIREDA,,1,,No,152
Weber,OGD04,Retain 2nd District Juvenile Circuit Court Judge-Tasha WILLIAMS,,1,,Yes,470
Weber,OGD04,Retain 2nd District Juvenile Circuit Court Judge-Tasha WILLIAMS,,1,,No,133
Weber,OGD04,Constitutional Amendment B,,1,,For,458
Weber,OGD04,Constitutional Amendment B,,1,,Against,221
Weber,OGD04,Constitutional Amendment C,,1,,For,561
Weber,OGD04,Constitutional Amendment C,,1,,Against,120
Weber,OGD04,Proposition 19,,1,,Yes,478
Weber,OGD04,Proposition 19,,1,,No,210
Weber,OGD05,Registered Voters,,,,,323
Weber,OGD05,Ballots Cast,,,,,243
Weber,OGD05,President,,1,REP,Donald J. TRUMP/ JD VANCE,124
Weber,OGD05,President,,1,DEM,Kamala D. HARRIS / Tim WALZ,112
Weber,OGD05,President,,1,GRN,Jill STEIN / Rudolph WARE,2
Weber,OGD05,President,,1,LBT,Chase OLIVER / Mike ter MAAT,2
Weber,OGD05,President,,1,,"Lucifer ""JUSTIN CASE"" EVERYLOVE",1
Weber,OGD05,President,,1,,Cornel Ronald WEST / Melina ABDULLAH,0
Weber,OGD05,President,,1,CON,Joel SKOUSEN / Rik COMBS,0
Weber,OGD05,President,,1,,Claudia de la CRUZ / Karina Alexandra GARCIA,0
Weber,OGD05,President,,1,,Write-In Totals,1
Weber,OGD05,U.S. Senate,,1,REP,John CURTIS,113
Weber,OGD05,U.S. Senate,,1,DEM,Caroline GLEICH,97
Weber,OGD05,U.S. Senate,,1,IAP,Carleton E. BOWEN,13
Weber,OGD05,U.S. Senate,,1,,Write-In Totals,0
Weber,OGD05,U.S. House,1,1,REP,Blake D. MOORE,109
Weber,OGD05,U.S. House,1,1,DEM,Bill CAMPBELL,94
Weber,OGD05,U.S. House,1,1,LBT,Daniel R. COTTAM,14
Weber,OGD05,Governor,,1,REP,Spencer J. COX / Deidre M. HENDERSON,93
Weber,OGD05,Governor,,1,DEM,Brian SMITH KING / Rebekah CUMMINGS,92
Weber,OGD05,Governor,,1,LBT,J. Robert LATHAM / Barry Evan SHORT,11
Weber,OGD05,Governor,,1,IAP,Tommy WILLIAMS / Archie A. WILLIAMS III,7
Weber,OGD05,Governor,,1,,Tom TOMENY / William LANSING TAYLOR,2
Weber,OGD05,Governor,,1,,Write-In Totals,22
Weber,OGD05,Attorney General,,1,REP,Derek BROWN,101
Weber,OGD05,Attorney General,,1,DEM,Rudy J BAUTISTA,82
Weber,OGD05,Attorney General,,1,UUP,Michelle QUIST,21
Weber,OGD05,Attorney General,,1,LBT,W. Andrew McCULLOUGH,12
Weber,OGD05,Attorney General,,1,,Austin HEPWORTH,7
Weber,OGD05,State Auditor,,1,REP,Tina CANNON,105
Weber,OGD05,State Auditor,,1,DEM,Catherine VOUTAZ,98
Weber,OGD05,State Auditor,,1,CON,Jeffery L. OSTLER,13
Weber,OGD05,State Treasurer,,1,REP,Marlo M. OAKS,105
Weber,OGD05,State Treasurer,,1,DEM,Neil A HANSEN,93
Weber,OGD05,State Treasurer,,1,UFP,Miles POMEROY,19
Weber,OGD05,State Senate,3,1,REP,John D. JOHNSON,114
Weber,OGD05,State Senate,3,1,DEM,Stacy BERNAL,106
Weber,OGD05,State House,6,1,REP,Matthew H. GWYNN,119
Weber,OGD05,State House,6,1,DEM,Amber HARDY,92
Weber,OGD05,County Commission,C,1,REP,Jim HARVEY,106
Weber,OGD05,County Commission,C,1,DEM,Steven VAN WAGONER,90
Weber,OGD05,County Commission,C,1,LBT,Brian K ROWLEY,20
Weber,OGD05,County Assessor,,1,REP,John E. ULIBARRI,176
Weber,OGD05,County Recorder/Surveyor,,1,REP,Bahy RAHIMZADEGAN,172
Weber,OGD05,County Treasurer,,1,REP,Lynelle JENSEN,174
Weber,OGD05,Ogden School Board,6,1,,Jennifer GENTA,166
Weber,OGD05,Retain Supreme Court Justice-Matthew B. DURRANT,,1,,Yes,143
Weber,OGD05,Retain Supreme Court Justice-Matthew B. DURRANT,,1,,No,47
Weber,OGD05,Retain Appeals Court Judge-Ryan D. TENNEY,,1,,Yes,143
Weber,OGD05,Retain Appeals Court Judge-Ryan D. TENNEY,,1,,No,45
Weber,OGD05,Retain 2nd District Circuit Court Judge-Joseph M. BEAN,,1,,Yes,133
Weber,OGD05,Retain 2nd District Circuit Court Judge-Joseph M. BEAN,,1,,No,54
Weber,OGD05,Retain 2nd District Circuit Court Judge-Ronald G. RUSSELL,,1,,Yes,143
Weber,OGD05,Retain 2nd District Circuit Court Judge-Ronald G. RUSSELL,,1,,No,47
Weber,OGD05,Retain 2nd District Circuit Court Judge-Christina Patricia ORTEGA,,1,,Yes,151
Weber,OGD05,Retain 2nd District Circuit Court Judge-Christina Patricia ORTEGA,,1,,No,40
Weber,OGD05,Retain 2nd District Circuit Court Judge-Craig HALL,,1,,Yes,142
Weber,OGD05,Retain 2nd District Circuit Court Judge-Craig HALL,,1,,No,44
Weber,OGD05,Retain 2nd District Circuit Court Judge-Michael Drio DIREDA,,1,,Yes,144
Weber,OGD05,Retain 2nd District Circuit Court Judge-Michael Drio DIREDA,,1,,No,44
Weber,OGD05,Retain 2nd District Juvenile Circuit Court Judge-Tasha WILLIAMS,,1,,Yes,156
Weber,OGD05,Retain 2nd District Juvenile Circuit Court Judge-Tasha WILLIAMS,,1,,No,34
Weber,OGD05,Constitutional Amendment B,,1,,For,156
Weber,OGD05,Constitutional Amendment B,,1,,Against,61
Weber,OGD05,Constitutional Amendment C,,1,,For,176
Weber,OGD05,Constitutional Amendment C,,1,,Against,42
Weber,OGD05,Proposition 19,,1,,Yes,155
Weber,OGD05,Proposition 19,,1,,No,63
Weber,OGD06,Registered Voters,,,,,1078
Weber,OGD06,Ballots Cast,,,,,815
Weber,OGD06,President,,1,REP,Donald J. TRUMP/ JD VANCE,426
Weber,OGD06,President,,1,DEM,Kamala D. HARRIS / Tim WALZ,359
Weber,OGD06,President,,1,LBT,Chase OLIVER / Mike ter MAAT,8
Weber,OGD06,President,,1,GRN,Jill STEIN / Rudolph WARE,6
Weber,OGD06,President,,1,,Cornel Ronald WEST / Melina ABDULLAH,5
Weber,OGD06,President,,1,,"Lucifer ""JUSTIN CASE"" EVERYLOVE",2
Weber,OGD06,President,,1,CON,Joel SKOUSEN / Rik COMBS,0
Weber,OGD06,President,,1,,Claudia de la CRUZ / Karina Alexandra GARCIA,0
Weber,OGD06,President,,1,,Write-In Totals,5
Weber,OGD06,U.S. Senate,,1,REP,John CURTIS,382
Weber,OGD06,U.S. Senate,,1,DEM,Caroline GLEICH,341
Weber,OGD06,U.S. Senate,,1,IAP,Carleton E. BOWEN,53
Weber,OGD06,U.S. Senate,,1,,Write-In Totals,3
Weber,OGD06,U.S. House,1,1,REP,Blake D. MOORE,381
Weber,OGD06,U.S. House,1,1,DEM,Bill CAMPBELL,342
Weber,OGD06,U.S. House,1,1,LBT,Daniel R. COTTAM,48
Weber,OGD06,Governor,,1,REP,Spencer J. COX / Deidre M. HENDERSON,380
Weber,OGD06,Governor,,1,DEM,Brian SMITH KING / Rebekah CUMMINGS,296
Weber,OGD06,Governor,,1,LBT,J. Robert LATHAM / Barry Evan SHORT,35
Weber,OGD06,Governor,,1,IAP,Tommy WILLIAMS / Archie A. WILLIAMS III,17
Weber,OGD06,Governor,,1,,Tom TOMENY / William LANSING TAYLOR,4
Weber,OGD06,Governor,,1,,Write-In Totals,59
Weber,OGD06,Attorney General,,1,REP,Derek BROWN,347
Weber,OGD06,Attorney General,,1,DEM,Rudy J BAUTISTA,306
Weber,OGD06,Attorney General,,1,LBT,W. Andrew McCULLOUGH,60
Weber,OGD06,Attorney General,,1,UUP,Michelle QUIST,39
Weber,OGD06,Attorney General,,1,,Austin HEPWORTH,23
Weber,OGD06,State Auditor,,1,REP,Tina CANNON,393
Weber,OGD06,State Auditor,,1,DEM,Catherine VOUTAZ,317
Weber,OGD06,State Auditor,,1,CON,Jeffery L. OSTLER,42
Weber,OGD06,State Treasurer,,1,REP,Marlo M. OAKS,388
Weber,OGD06,State Treasurer,,1,DEM,Neil A HANSEN,315
Weber,OGD06,State Treasurer,,1,UFP,Miles POMEROY,49
Weber,OGD06,State Senate,3,1,REP,John D. JOHNSON,383
Weber,OGD06,State Senate,3,1,DEM,Stacy BERNAL,381
Weber,OGD06,State House,7,1,REP,Ryan D. WILCOX,523
Weber,OGD06,County Commission,C,1,REP,Jim HARVEY,349
Weber,OGD06,County Commission,C,1,DEM,Steven VAN WAGONER,343
Weber,OGD06,County Commission,C,1,LBT,Brian K ROWLEY,74
Weber,OGD06,County Assessor,,1,REP,John E. ULIBARRI,562
Weber,OGD06,County Recorder/Surveyor,,1,REP,Bahy RAHIMZADEGAN,546
Weber,OGD06,County Treasurer,,1,REP,Lynelle JENSEN,559
Weber,OGD06,Ogden School Board,6,1,,Jennifer GENTA,541
Weber,OGD06,Retain Supreme Court Justice-Matthew B. DURRANT,,1,,Yes,494
Weber,OGD06,Retain Supreme Court Justice-Matthew B. DURRANT,,1,,No,163
Weber,OGD06,Retain Appeals Court Judge-Ryan D. TENNEY,,1,,Yes,490
Weber,OGD06,Retain Appeals Court Judge-Ryan D. TENNEY,,1,,No,158
Weber,OGD06,Retain 2nd District Circuit Court Judge-Joseph M. BEAN,,1,,Yes,485
Weber,OGD06,Retain 2nd District Circuit Court Judge-Joseph M. BEAN,,1,,No,163
Weber,OGD06,Retain 2nd District Circuit Court Judge-Ronald G. RUSSELL,,1,,Yes,510
Weber,OGD06,Retain 2nd District Circuit Court Judge-Ronald G. RUSSELL,,1,,No,136
Weber,OGD06,Retain 2nd District Circuit Court Judge-Christina Patricia ORTEGA,,1,,Yes,520
Weber,OGD06,Retain 2nd District Circuit Court Judge-Christina Patricia ORTEGA,,1,,No,139
Weber,OGD06,Retain 2nd District Circuit Court Judge-Craig HALL,,1,,Yes,482
Weber,OGD06,Retain 2nd District Circuit Court Judge-Craig HALL,,1,,No,164
Weber,OGD06,Retain 2nd District Circuit Court Judge-Michael Drio DIREDA,,1,,Yes,509
Weber,OGD06,Retain 2nd District Circuit Court Judge-Michael Drio DIREDA,,1,,No,140
Weber,OGD06,Retain 2nd District Juvenile Circuit Court Judge-Tasha WILLIAMS,,1,,Yes,518
Weber,OGD06,Retain 2nd District Juvenile Circuit Court Judge-Tasha WILLIAMS,,1,,No,134
Weber,OGD06,Constitutional Amendment B,,1,,For,495
Weber,OGD06,Constitutional Amendment B,,1,,Against,252
Weber,OGD06,Constitutional Amendment C,,1,,For,630
Weber,OGD06,Constitutional Amendment C,,1,,Against,124
Weber,OGD06,Proposition 19,,1,,Yes,503
Weber,OGD06,Proposition 19,,1,,No,254
Weber,OGD07,Registered Voters,,,,,900
Weber,OGD07,Ballots Cast,,,,,692
Weber,OGD07,President,,1,REP,Donald J. TRUMP/ JD VANCE,331
Weber,OGD07,President,,1,DEM,Kamala D. HARRIS / Tim WALZ,318
Weber,OGD07,President,,1,LBT,Chase OLIVER / Mike ter MAAT,12
Weber,OGD07,President,,1,GRN,Jill STEIN / Rudolph WARE,10
Weber,OGD07,President,,1,,"Lucifer ""JUSTIN CASE"" EVERYLOVE",5
Weber,OGD07,President,,1,,Claudia de la CRUZ / Karina Alexandra GARCIA,4
Weber,OGD07,President,,1,,Cornel Ronald WEST / Melina ABDULLAH,1
Weber,OGD07,President,,1,CON,Joel SKOUSEN / Rik COMBS,1
Weber,OGD07,President,,1,,Write-In Totals,6
Weber,OGD07,U.S. Senate,,1,REP,John CURTIS,323
Weber,OGD07,U.S. Senate,,1,DEM,Caroline GLEICH,282
Weber,OGD07,U.S. Senate,,1,IAP,Carleton E. BOWEN,48
Weber,OGD07,U.S. Senate,,1,,Write-In Totals,3
Weber,OGD07,U.S. House,1,1,REP,Blake D. MOORE,329
Weber,OGD07,U.S. House,1,1,DEM,Bill CAMPBELL,255
Weber,OGD07,U.S. House,1,1,LBT,Daniel R. COTTAM,53
Weber,OGD07,Governor,,1,REP,Spencer J. COX / Deidre M. HENDERSON,322
Weber,OGD07,Governor,,1,DEM,Brian SMITH KING / Rebekah CUMMINGS,249
Weber,OGD07,Governor,,1,LBT,J. Robert LATHAM / Barry Evan SHORT,23
Weber,OGD07,Governor,,1,IAP,Tommy WILLIAMS / Archie A. WILLIAMS III,19
Weber,OGD07,Governor,,1,,Tom TOMENY / William LANSING TAYLOR,5
Weber,OGD07,Governor,,1,,Write-In Totals,52
Weber,OGD07,Attorney General,,1,REP,Derek BROWN,294
Weber,OGD07,Attorney General,,1,DEM,Rudy J BAUTISTA,238
Weber,OGD07,Attorney General,,1,UUP,Michelle QUIST,51
Weber,OGD07,Attorney General,,1,LBT,W. Andrew McCULLOUGH,47
Weber,OGD07,Attorney General,,1,,Austin HEPWORTH,16
Weber,OGD07,State Auditor,,1,REP,Tina CANNON,307
Weber,OGD07,State Auditor,,1,DEM,Catherine VOUTAZ,279
Weber,OGD07,State Auditor,,1,CON,Jeffery L. OSTLER,47
Weber,OGD07,State Treasurer,,1,REP,Marlo M. OAKS,327
Weber,OGD07,State Treasurer,,1,DEM,Neil A HANSEN,259
Weber,OGD07,State Treasurer,,1,UFP,Miles POMEROY,47
Weber,OGD07,State Senate,3,1,DEM,Stacy BERNAL,332
Weber,OGD07,State Senate,3,1,REP,John D. JOHNSON,310
Weber,OGD07,State House,7,1,REP,Ryan D. WILCOX,437
Weber,OGD07,County Commission,C,1,DEM,Steven VAN WAGONER,294
Weber,OGD07,County Commission,C,1,REP,Jim HARVEY,285
Weber,OGD07,County Commission,C,1,LBT,Brian K ROWLEY,63
Weber,OGD07,County Assessor,,1,REP,John E. ULIBARRI,464
Weber,OGD07,County Recorder/Surveyor,,1,REP,Bahy RAHIMZADEGAN,462
Weber,OGD07,County Treasurer,,1,REP,Lynelle JENSEN,463
Weber,OGD07,Ogden School Board,3,1,,Jennifer R. ZUNDEL,283
Weber,OGD07,Ogden School Board,3,1,,Stefanie CRAGUN,256
Weber,OGD07,Retain Supreme Court Justice-Matthew B. DURRANT,,1,,Yes,380
Weber,OGD07,Retain Supreme Court Justice-Matthew B. DURRANT,,1,,No,189
Weber,OGD07,Retain Appeals Court Judge-Ryan D. TENNEY,,1,,Yes,391
Weber,OGD07,Retain Appeals Court Judge-Ryan D. TENNEY,,1,,No,171
Weber,OGD07,Retain 2nd District Circuit Court Judge-Joseph M. BEAN,,1,,Yes,385
Weber,OGD07,Retain 2nd District Circuit Court Judge-Joseph M. BEAN,,1,,No,177
Weber,OGD07,Retain 2nd District Circuit Court Judge-Ronald G. RUSSELL,,1,,Yes,401
Weber,OGD07,Retain 2nd District Circuit Court Judge-Ronald G. RUSSELL,,1,,No,160
Weber,OGD07,Retain 2nd District Circuit Court Judge-Christina Patricia ORTEGA,,1,,Yes,418
Weber,OGD07,Retain 2nd District Circuit Court Judge-Christina Patricia ORTEGA,,1,,No,147
Weber,OGD07,Retain 2nd District Circuit Court Judge-Craig HALL,,1,,Yes,373
Weber,OGD07,Retain 2nd District Circuit Court Judge-Craig HALL,,1,,No,184
Weber,OGD07,Retain 2nd District Circuit Court Judge-Michael Drio DIREDA,,1,,Yes,402
Weber,OGD07,Retain 2nd District Circuit Court Judge-Michael Drio DIREDA,,1,,No,160
Weber,OGD07,Retain 2nd District Juvenile Circuit Court Judge-Tasha WILLIAMS,,1,,Yes,420
Weber,OGD07,Retain 2nd District Juvenile Circuit Court Judge-Tasha WILLIAMS,,1,,No,141
Weber,OGD07,Constitutional Amendment B,,1,,For,415
Weber,OGD07,Constitutional Amendment B,,1,,Against,213
Weber,OGD07,Constitutional Amendment C,,1,,For,534
Weber,OGD07,Constitutional Amendment C,,1,,Against,98
Weber,OGD07,Proposition 19,,1,,Yes,465
Weber,OGD07,Proposition 19,,1,,No,179
Weber,OGD08,Registered Voters,,,,,466
Weber,OGD08,Ballots Cast,,,,,390
Weber,OGD08,President,,1,REP,Donald J. TRUMP/ JD VANCE,199
Weber,OGD08,President,,1,DEM,Kamala D. HARRIS / Tim WALZ,176
Weber,OGD08,President,,1,CON,Joel SKOUSEN / Rik COMBS,4
Weber,OGD08,President,,1,LBT,Chase OLIVER / Mike ter MAAT,3
Weber,OGD08,President,,1,,Cornel Ronald WEST / Melina ABDULLAH,2
Weber,OGD08,President,,1,,Claudia de la CRUZ / Karina Alexandra GARCIA,1
Weber,OGD08,President,,1,,"Lucifer ""JUSTIN CASE"" EVERYLOVE",0
Weber,OGD08,President,,1,GRN,Jill STEIN / Rudolph WARE,0
Weber,OGD08,President,,1,,Write-In Totals,4
Weber,OGD08,U.S. Senate,,1,REP,John CURTIS,211
Weber,OGD08,U.S. Senate,,1,DEM,Caroline GLEICH,145
Weber,OGD08,U.S. Senate,,1,IAP,Carleton E. BOWEN,20
Weber,OGD08,U.S. Senate,,1,,Write-In Totals,3
Weber,OGD08,U.S. House,1,1,REP,Blake D. MOORE,215
Weber,OGD08,U.S. House,1,1,DEM,Bill CAMPBELL,139
Weber,OGD08,U.S. House,1,1,LBT,Daniel R. COTTAM,19
Weber,OGD08,Governor,,1,REP,Spencer J. COX / Deidre M. HENDERSON,201
Weber,OGD08,Governor,,1,DEM,Brian SMITH KING / Rebekah CUMMINGS,120
Weber,OGD08,Governor,,1,LBT,J. Robert LATHAM / Barry Evan SHORT,14
Weber,OGD08,Governor,,1,IAP,Tommy WILLIAMS / Archie A. WILLIAMS III,5
Weber,OGD08,Governor,,1,,Tom TOMENY / William LANSING TAYLOR,3
Weber,OGD08,Governor,,1,,Write-In Totals,37
Weber,OGD08,Attorney General,,1,REP,Derek BROWN,195
Weber,OGD08,Attorney General,,1,DEM,Rudy J BAUTISTA,118
Weber,OGD08,Attorney General,,1,UUP,Michelle QUIST,30
Weber,OGD08,Attorney General,,1,,Austin HEPWORTH,15
Weber,OGD08,Attorney General,,1,LBT,W. Andrew McCULLOUGH,13
Weber,OGD08,State Auditor,,1,REP,Tina CANNON,202
Weber,OGD08,State Auditor,,1,DEM,Catherine VOUTAZ,136
Weber,OGD08,State Auditor,,1,CON,Jeffery L. OSTLER,25
Weber,OGD08,State Treasurer,,1,REP,Marlo M. OAKS,205
Weber,OGD08,State Treasurer,,1,DEM,Neil A HANSEN,139
Weber,OGD08,State Treasurer,,1,UFP,Miles POMEROY,17
Weber,OGD08,State Senate,3,1,REP,John D. JOHNSON,202
Weber,OGD08,State Senate,3,1,DEM,Stacy BERNAL,168
Weber,OGD08,State House,7,1,REP,Ryan D. WILCOX,253
Weber,OGD08,County Commission,C,1,REP,Jim HARVEY,188
Weber,OGD08,County Commission,C,1,DEM,Steven VAN WAGONER,149
Weber,OGD08,County Commission,C,1,LBT,Brian K ROWLEY,30
Weber,OGD08,County Assessor,,1,REP,John E. ULIBARRI,271
Weber,OGD08,County Recorder/Surveyor,,1,REP,Bahy RAHIMZADEGAN,275
Weber,OGD08,County Treasurer,,1,REP,Lynelle JENSEN,278
Weber,OGD08,Retain Supreme Court Justice-Matthew B. DURRANT,,1,,Yes,237
Weber,OGD08,Retain Supreme Court Justice-Matthew B. DURRANT,,1,,No,74
Weber,OGD08,Retain Appeals Court Judge-Ryan D. TENNEY,,1,,Yes,236
Weber,OGD08,Retain Appeals Court Judge-Ryan D. TENNEY,,1,,No,70
Weber,OGD08,Retain 2nd District Circuit Court Judge-Joseph M. BEAN,,1,,Yes,221
Weber,OGD08,Retain 2nd District Circuit Court Judge-Joseph M. BEAN,,1,,No,79
Weber,OGD08,Retain 2nd District Circuit Court Judge-Ronald G. RUSSELL,,1,,Yes,234
Weber,OGD08,Retain 2nd District Circuit Court Judge-Ronald G. RUSSELL,,1,,No,72
Weber,OGD08,Retain 2nd District Circuit Court Judge-Christina Patricia ORTEGA,,1,,Yes,243
Weber,OGD08,Retain 2nd District Circuit Court Judge-Christina Patricia ORTEGA,,1,,No,66
Weber,OGD08,Retain 2nd District Circuit Court Judge-Craig HALL,,1,,Yes,221
Weber,OGD08,Retain 2nd District Circuit Court Judge-Craig HALL,,1,,No,77
Weber,OGD08,Retain 2nd District Circuit Court Judge-Michael Drio DIREDA,,1,,Yes,229
Weber,OGD08,Retain 2nd District Circuit Court Judge-Michael Drio DIREDA,,1,,No,76
Weber,OGD08,Retain 2nd District Juvenile Circuit Court Judge-Tasha WILLIAMS,,1,,Yes,250
Weber,OGD08,Retain 2nd District Juvenile Circuit Court Judge-Tasha WILLIAMS,,1,,No,58
Weber,OGD08,Constitutional Amendment B,,1,,For,223
Weber,OGD08,Constitutional Amendment B,,1,,Against,138
Weber,OGD08,Constitutional Amendment C,,1,,For,308
Weber,OGD08,Constitutional Amendment C,,1,,Against,56
Weber,OGD08,Proposition 19,,1,,Yes,248
Weber,OGD08,Proposition 19,,1,,No,120
Weber,OGD09,Registered Voters,,,,,991
Weber,OGD09,Ballots Cast,,,,,760
Weber,OGD09,President,,1,DEM,Kamala D. HARRIS / Tim WALZ,370
Weber,OGD09,President,,1,REP,Donald J. TRUMP/ JD VANCE,354
Weber,OGD09,President,,1,LBT,Chase OLIVER / Mike ter MAAT,12
Weber,OGD09,President,,1,,Cornel Ronald WEST / Melina ABDULLAH,6
Weber,OGD09,President,,1,GRN,Jill STEIN / Rudolph WARE,4
Weber,OGD09,President,,1,,"Lucifer ""JUSTIN CASE"" EVERYLOVE",2
Weber,OGD09,President,,1,CON,Joel SKOUSEN / Rik COMBS,2
Weber,OGD09,President,,1,,Claudia de la CRUZ / Karina Alexandra GARCIA,1
Weber,OGD09,President,,1,,Write-In Totals,4
Weber,OGD09,U.S. Senate,,1,DEM,Caroline GLEICH,341
Weber,OGD09,U.S. Senate,,1,REP,John CURTIS,330
Weber,OGD09,U.S. Senate,,1,IAP,Carleton E. BOWEN,46
Weber,OGD09,U.S. Senate,,1,,Write-In Totals,4
Weber,OGD09,U.S. House,1,1,REP,Blake D. MOORE,333
Weber,OGD09,U.S. House,1,1,DEM,Bill CAMPBELL,323
Weber,OGD09,U.S. House,1,1,LBT,Daniel R. COTTAM,50
Weber,OGD09,Governor,,1,DEM,Brian SMITH KING / Rebekah CUMMINGS,318
Weber,OGD09,Governor,,1,REP,Spencer J. COX / Deidre M. HENDERSON,293
Weber,OGD09,Governor,,1,LBT,J. Robert LATHAM / Barry Evan SHORT,27
Weber,OGD09,Governor,,1,IAP,Tommy WILLIAMS / Archie A. WILLIAMS III,26
Weber,OGD09,Governor,,1,,Tom TOMENY / William LANSING TAYLOR,5
Weber,OGD09,Governor,,1,,Write-In Totals,55
Weber,OGD09,Attorney General,,1,DEM,Rudy J BAUTISTA,304
Weber,OGD09,Attorney General,,1,REP,Derek BROWN,290
Weber,OGD09,Attorney General,,1,LBT,W. Andrew McCULLOUGH,47
Weber,OGD09,Attorney General,,1,UUP,Michelle QUIST,44
Weber,OGD09,Attorney General,,1,,Austin HEPWORTH,24
Weber,OGD09,State Auditor,,1,DEM,Catherine VOUTAZ,330
Weber,OGD09,State Auditor,,1,REP,Tina CANNON,319
Weber,OGD09,State Auditor,,1,CON,Jeffery L. OSTLER,33
Weber,OGD09,State Treasurer,,1,DEM,Neil A HANSEN,315
Weber,OGD09,State Treasurer,,1,REP,Marlo M. OAKS,308
Weber,OGD09,State Treasurer,,1,UFP,Miles POMEROY,62
Weber,OGD09,State Senate,3,1,DEM,Stacy BERNAL,383
Weber,OGD09,State Senate,3,1,REP,John D. JOHNSON,328
Weber,OGD09,State House,8,1,REP,Jason B KYLE,446
Weber,OGD09,County Commission,C,1,DEM,Steven VAN WAGONER,333
Weber,OGD09,County Commission,C,1,REP,Jim HARVEY,319
Weber,OGD09,County Commission,C,1,LBT,Brian K ROWLEY,49
Weber,OGD09,County Assessor,,1,REP,John E. ULIBARRI,515
Weber,OGD09,County Recorder/Surveyor,,1,REP,Bahy RAHIMZADEGAN,496
Weber,OGD09,County Treasurer,,1,REP,Lynelle JENSEN,512
Weber,OGD09,Ogden School Board,6,1,,Jennifer GENTA,516
Weber,OGD09,Retain Supreme Court Justice-Matthew B. DURRANT,,1,,Yes,410
Weber,OGD09,Retain Supreme Court Justice-Matthew B. DURRANT,,1,,No,194
Weber,OGD09,Retain Appeals Court Judge-Ryan D. TENNEY,,1,,Yes,412
Weber,OGD09,Retain Appeals Court Judge-Ryan D. TENNEY,,1,,No,179
Weber,OGD09,Retain 2nd District Circuit Court Judge-Joseph M. BEAN,,1,,Yes,421
Weber,OGD09,Retain 2nd District Circuit Court Judge-Joseph M. BEAN,,1,,No,166
Weber,OGD09,Retain 2nd District Circuit Court Judge-Ronald G. RUSSELL,,1,,Yes,419
Weber,OGD09,Retain 2nd District Circuit Court Judge-Ronald G. RUSSELL,,1,,No,172
Weber,OGD09,Retain 2nd District Circuit Court Judge-Christina Patricia ORTEGA,,1,,Yes,462
Weber,OGD09,Retain 2nd District Circuit Court Judge-Christina Patricia ORTEGA,,1,,No,138
Weber,OGD09,Retain 2nd District Circuit Court Judge-Craig HALL,,1,,Yes,418
Weber,OGD09,Retain 2nd District Circuit Court Judge-Craig HALL,,1,,No,170
Weber,OGD09,Retain 2nd District Circuit Court Judge-Michael Drio DIREDA,,1,,Yes,431
Weber,OGD09,Retain 2nd District Circuit Court Judge-Michael Drio DIREDA,,1,,No,162
Weber,OGD09,Retain 2nd District Juvenile Circuit Court Judge-Tasha WILLIAMS,,1,,Yes,457
Weber,OGD09,Retain 2nd District Juvenile Circuit Court Judge-Tasha WILLIAMS,,1,,No,137
Weber,OGD09,Constitutional Amendment B,,1,,For,475
Weber,OGD09,Constitutional Amendment B,,1,,Against,216
Weber,OGD09,Constitutional Amendment C,,1,,For,586
Weber,OGD09,Constitutional Amendment C,,1,,Against,104
Weber,OGD09,Proposition 19,,1,,Yes,471
Weber,OGD09,Proposition 19,,1,,No,223
Weber,OGD10,Registered Voters,,,,,1039
Weber,OGD10,Ballots Cast,,,,,809
Weber,OGD10,President,,1,REP,Donald J. TRUMP/ JD VANCE,419
Weber,OGD10,President,,1,DEM,Kamala D. HARRIS / Tim WALZ,355
Weber,OGD10,President,,1,LBT,Chase OLIVER / Mike ter MAAT,10
Weber,OGD10,President,,1,CON,Joel SKOUSEN / Rik COMBS,7
Weber,OGD10,President,,1,GRN,Jill STEIN / Rudolph WARE,4
Weber,OGD10,President,,1,,Claudia de la CRUZ / Karina Alexandra GARCIA,4
Weber,OGD10,President,,1,,Cornel Ronald WEST / Melina ABDULLAH,3
Weber,OGD10,President,,1,,"Lucifer ""JUSTIN CASE"" EVERYLOVE",1
Weber,OGD10,President,,1,,Write-In Totals,3
Weber,OGD10,U.S. Senate,,1,REP,John CURTIS,410
Weber,OGD10,U.S. Senate,,1,DEM,Caroline GLEICH,321
Weber,OGD10,U.S. Senate,,1,IAP,Carleton E. BOWEN,34
Weber,OGD10,U.S. Senate,,1,,Write-In Totals,1
Weber,OGD10,U.S. House,1,1,REP,Blake D. MOORE,407
Weber,OGD10,U.S. House,1,1,DEM,Bill CAMPBELL,308
Weber,OGD10,U.S. House,1,1,LBT,Daniel R. COTTAM,46
Weber,OGD10,Governor,,1,REP,Spencer J. COX / Deidre M. HENDERSON,366
Weber,OGD10,Governor,,1,DEM,Brian SMITH KING / Rebekah CUMMINGS,285
Weber,OGD10,Governor,,1,LBT,J. Robert LATHAM / Barry Evan SHORT,33
Weber,OGD10,Governor,,1,IAP,Tommy WILLIAMS / Archie A. WILLIAMS III,25
Weber,OGD10,Governor,,1,,Tom TOMENY / William LANSING TAYLOR,6
Weber,OGD10,Governor,,1,,Write-In Totals,57
Weber,OGD10,Attorney General,,1,REP,Derek BROWN,377
Weber,OGD10,Attorney General,,1,DEM,Rudy J BAUTISTA,276
Weber,OGD10,Attorney General,,1,UUP,Michelle QUIST,48
Weber,OGD10,Attorney General,,1,LBT,W. Andrew McCULLOUGH,31
Weber,OGD10,Attorney General,,1,,Austin HEPWORTH,20
Weber,OGD10,State Auditor,,1,REP,Tina CANNON,398
Weber,OGD10,State Auditor,,1,DEM,Catherine VOUTAZ,313
Weber,OGD10,State Auditor,,1,CON,Jeffery L. OSTLER,39
Weber,OGD10,State Treasurer,,1,REP,Marlo M. OAKS,391
Weber,OGD10,State Treasurer,,1,DEM,Neil A HANSEN,303
Weber,OGD10,State Treasurer,,1,UFP,Miles POMEROY,56
Weber,OGD10,State Senate,3,1,DEM,Stacy BERNAL,381
Weber,OGD10,State Senate,3,1,REP,John D. JOHNSON,379
Weber,OGD10,State House,8,1,REP,Jason B KYLE,486
Weber,OGD10,County Commission,C,1,REP,Jim HARVEY,363
Weber,OGD10,County Commission,C,1,DEM,Steven VAN WAGONER,332
Weber,OGD10,County Commission,C,1,LBT,Brian K ROWLEY,51
Weber,OGD10,County Assessor,,1,REP,John E. ULIBARRI,556
Weber,OGD10,County Recorder/Surveyor,,1,REP,Bahy RAHIMZADEGAN,519
Weber,OGD10,County Treasurer,,1,REP,Lynelle JENSEN,553
Weber,OGD10,Retain Supreme Court Justice-Matthew B. DURRANT,,1,,Yes,493
Weber,OGD10,Retain Supreme Court Justice-Matthew B. DURRANT,,1,,No,176
Weber,OGD10,Retain Appeals Court Judge-Ryan D. TENNEY,,1,,Yes,486
Weber,OGD10,Retain Appeals Court Judge-Ryan D. TENNEY,,1,,No,179
Weber,OGD10,Retain 2nd District Circuit Court Judge-Joseph M. BEAN,,1,,Yes,470
Weber,OGD10,Retain 2nd District Circuit Court Judge-Joseph M. BEAN,,1,,No,194
Weber,OGD10,Retain 2nd District Circuit Court Judge-Ronald G. RUSSELL,,1,,Yes,502
Weber,OGD10,Retain 2nd District Circuit Court Judge-Ronald G. RUSSELL,,1,,No,166
Weber,OGD10,Retain 2nd District Circuit Court Judge-Christina Patricia ORTEGA,,1,,Yes,510
Weber,OGD10,Retain 2nd District Circuit Court Judge-Christina Patricia ORTEGA,,1,,No,158
Weber,OGD10,Retain 2nd District Circuit Court Judge-Craig HALL,,1,,Yes,468
Weber,OGD10,Retain 2nd District Circuit Court Judge-Craig HALL,,1,,No,189
Weber,OGD10,Retain 2nd District Circuit Court Judge-Michael Drio DIREDA,,1,,Yes,505
Weber,OGD10,Retain 2nd District Circuit Court Judge-Michael Drio DIREDA,,1,,No,164
Weber,OGD10,Retain 2nd District Juvenile Circuit Court Judge-Tasha WILLIAMS,,1,,Yes,530
Weber,OGD10,Retain 2nd District Juvenile Circuit Court Judge-Tasha WILLIAMS,,1,,No,139
Weber,OGD10,Constitutional Amendment B,,1,,For,510
Weber,OGD10,Constitutional Amendment B,,1,,Against,239
Weber,OGD10,Constitutional Amendment C,,1,,For,634
Weber,OGD10,Constitutional Amendment C,,1,,Against,114
Weber,OGD10,Proposition 19,,1,,Yes,517
Weber,OGD10,Proposition 19,,1,,No,229
Weber,OGD11,Registered Voters,,,,,1028
Weber,OGD11,Ballots Cast,,,,,831
Weber,OGD11,President,,1,REP,Donald J. TRUMP/ JD VANCE,430
Weber,OGD11,President,,1,DEM,Kamala D. HARRIS / Tim WALZ,369
Weber,OGD11,President,,1,LBT,Chase OLIVER / Mike ter MAAT,10
Weber,OGD11,President,,1,GRN,Jill STEIN / Rudolph WARE,6
Weber,OGD11,President,,1,CON,Joel SKOUSEN / Rik COMBS,3
Weber,OGD11,President,,1,,"Lucifer ""JUSTIN CASE"" EVERYLOVE",2
Weber,OGD11,President,,1,,Claudia de la CRUZ / Karina Alexandra GARCIA,2
Weber,OGD11,President,,1,,Cornel Ronald WEST / Melina ABDULLAH,1
Weber,OGD11,President,,1,,Write-In Totals,4
Weber,OGD11,U.S. Senate,,1,REP,John CURTIS,417
Weber,OGD11,U.S. Senate,,1,DEM,Caroline GLEICH,319
Weber,OGD11,U.S. Senate,,1,IAP,Carleton E. BOWEN,43
Weber,OGD11,U.S. Senate,,1,,Write-In Totals,5
Weber,OGD11,U.S. House,1,1,REP,Blake D. MOORE,408
Weber,OGD11,U.S. House,1,1,DEM,Bill CAMPBELL,311
Weber,OGD11,U.S. House,1,1,LBT,Daniel R. COTTAM,54
Weber,OGD11,Governor,,1,REP,Spencer J. COX / Deidre M. HENDERSON,370
Weber,OGD11,Governor,,1,DEM,Brian SMITH KING / Rebekah CUMMINGS,288
Weber,OGD11,Governor,,1,LBT,J. Robert LATHAM / Barry Evan SHORT,30
Weber,OGD11,Governor,,1,IAP,Tommy WILLIAMS / Archie A. WILLIAMS III,17
Weber,OGD11,Governor,,1,,Tom TOMENY / William LANSING TAYLOR,3
Weber,OGD11,Governor,,1,,Write-In Totals,88
Weber,OGD11,Attorney General,,1,REP,Derek BROWN,371
Weber,OGD11,Attorney General,,1,DEM,Rudy J BAUTISTA,265
Weber,OGD11,Attorney General,,1,UUP,Michelle QUIST,67
Weber,OGD11,Attorney General,,1,LBT,W. Andrew McCULLOUGH,40
Weber,OGD11,Attorney General,,1,,Austin HEPWORTH,26
Weber,OGD11,State Auditor,,1,REP,Tina CANNON,420
Weber,OGD11,State Auditor,,1,DEM,Catherine VOUTAZ,314
Weber,OGD11,State Auditor,,1,CON,Jeffery L. OSTLER,29
Weber,OGD11,State Treasurer,,1,REP,Marlo M. OAKS,387
Weber,OGD11,State Treasurer,,1,DEM,Neil A HANSEN,320
Weber,OGD11,State Treasurer,,1,UFP,Miles POMEROY,57
Weber,OGD11,State Senate,3,1,REP,John D. JOHNSON,409
Weber,OGD11,State Senate,3,1,DEM,Stacy BERNAL,366
Weber,OGD11,State House,8,1,REP,Jason B KYLE,519
Weber,OGD11,County Commission,C,1,REP,Jim HARVEY,384
Weber,OGD11,County Commission,C,1,DEM,Steven VAN WAGONER,330
Weber,OGD11,County Commission,C,1,LBT,Brian K ROWLEY,60
Weber,OGD11,County Assessor,,1,REP,John E. ULIBARRI,585
Weber,OGD11,County Recorder/Surveyor,,1,REP,Bahy RAHIMZADEGAN,577
Weber,OGD11,County Treasurer,,1,REP,Lynelle JENSEN,578
Weber,OGD11,Retain Supreme Court Justice-Matthew B. DURRANT,,1,,Yes,471
Weber,OGD11,Retain Supreme Court Justice-Matthew B. DURRANT,,1,,No,195
Weber,OGD11,Retain Appeals Court Judge-Ryan D. TENNEY,,1,,Yes,480
Weber,OGD11,Retain Appeals Court Judge-Ryan D. TENNEY,,1,,No,183
Weber,OGD11,Retain 2nd District Circuit Court Judge-Joseph M. BEAN,,1,,Yes,472
Weber,OGD11,Retain 2nd District Circuit Court Judge-Joseph M. BEAN,,1,,No,183
Weber,OGD11,Retain 2nd District Circuit Court Judge-Ronald G. RUSSELL,,1,,Yes,493
Weber,OGD11,Retain 2nd District Circuit Court Judge-Ronald G. RUSSELL,,1,,No,170
Weber,OGD11,Retain 2nd District Circuit Court Judge-Christina Patricia ORTEGA,,1,,Yes,514
Weber,OGD11,Retain 2nd District Circuit Court Judge-Christina Patricia ORTEGA,,1,,No,159
Weber,OGD11,Retain 2nd District Circuit Court Judge-Craig HALL,,1,,Yes,463
Weber,OGD11,Retain 2nd District Circuit Court Judge-Craig HALL,,1,,No,192
Weber,OGD11,Retain 2nd District Circuit Court Judge-Michael Drio DIREDA,,1,,Yes,495
Weber,OGD11,Retain 2nd District Circuit Court Judge-Michael Drio DIREDA,,1,,No,174
Weber,OGD11,Retain 2nd District Juvenile Circuit Court Judge-Tasha WILLIAMS,,1,,Yes,524
Weber,OGD11,Retain 2nd District Juvenile Circuit Court Judge-Tasha WILLIAMS,,1,,No,141
Weber,OGD11,Constitutional Amendment B,,1,,For,516
Weber,OGD11,Constitutional Amendment B,,1,,Against,249
Weber,OGD11,Constitutional Amendment C,,1,,For,631
Weber,OGD11,Constitutional Amendment C,,1,,Against,134
Weber,OGD11,Proposition 19,,1,,Yes,535
Weber,OGD11,Proposition 19,,1,,No,245
Weber,OGD12,Registered Voters,,,,,1036
Weber,OGD12,Ballots Cast,,,,,823
Weber,OGD12,President,,1,REP,Donald J. TRUMP/ JD VANCE,424
Weber,OGD12,President,,1,DEM,Kamala D. HARRIS / Tim WALZ,366
Weber,OGD12,President,,1,,Claudia de la CRUZ / Karina Alexandra GARCIA,6
Weber,OGD12,President,,1,,Cornel Ronald WEST / Melina ABDULLAH,4
Weber,OGD12,President,,1,CON,Joel SKOUSEN / Rik COMBS,4
Weber,OGD12,President,,1,LBT,Chase OLIVER / Mike ter MAAT,4
Weber,OGD12,President,,1,GRN,Jill STEIN / Rudolph WARE,3
Weber,OGD12,President,,1,,"Lucifer ""JUSTIN CASE"" EVERYLOVE",1
Weber,OGD12,President,,1,,Write-In Totals,10
Weber,OGD12,U.S. Senate,,1,REP,John CURTIS,398
Weber,OGD12,U.S. Senate,,1,DEM,Caroline GLEICH,353
Weber,OGD12,U.S. Senate,,1,IAP,Carleton E. BOWEN,37
Weber,OGD12,U.S. Senate,,1,,Write-In Totals,2
Weber,OGD12,U.S. House,1,1,REP,Blake D. MOORE,402
Weber,OGD12,U.S. House,1,1,DEM,Bill CAMPBELL,334
Weber,OGD12,U.S. House,1,1,LBT,Daniel R. COTTAM,34
Weber,OGD12,Governor,,1,REP,Spencer J. COX / Deidre M. HENDERSON,375
Weber,OGD12,Governor,,1,DEM,Brian SMITH KING / Rebekah CUMMINGS,306
Weber,OGD12,Governor,,1,LBT,J. Robert LATHAM / Barry Evan SHORT,30
Weber,OGD12,Governor,,1,IAP,Tommy WILLIAMS / Archie A. WILLIAMS III,13
Weber,OGD12,Governor,,1,,Tom TOMENY / William LANSING TAYLOR,5
Weber,OGD12,Governor,,1,,Write-In Totals,74
Weber,OGD12,Attorney General,,1,REP,Derek BROWN,359
Weber,OGD12,Attorney General,,1,DEM,Rudy J BAUTISTA,308
Weber,OGD12,Attorney General,,1,UUP,Michelle QUIST,55
Weber,OGD12,Attorney General,,1,LBT,W. Andrew McCULLOUGH,37
Weber,OGD12,Attorney General,,1,,Austin HEPWORTH,23
Weber,OGD12,State Auditor,,1,REP,Tina CANNON,390
Weber,OGD12,State Auditor,,1,DEM,Catherine VOUTAZ,337
Weber,OGD12,State Auditor,,1,CON,Jeffery L. OSTLER,37
Weber,OGD12,State Treasurer,,1,REP,Marlo M. OAKS,397
Weber,OGD12,State Treasurer,,1,DEM,Neil A HANSEN,316
Weber,OGD12,State Treasurer,,1,UFP,Miles POMEROY,48
Weber,OGD12,State Senate,3,1,REP,John D. JOHNSON,395
Weber,OGD12,State Senate,3,1,DEM,Stacy BERNAL,390
Weber,OGD12,State House,8,1,REP,Jason B KYLE,536
Weber,OGD12,County Commission,C,1,DEM,Steven VAN WAGONER,369
Weber,OGD12,County Commission,C,1,REP,Jim HARVEY,365
Weber,OGD12,County Commission,C,1,LBT,Brian K ROWLEY,42
Weber,OGD12,County Assessor,,1,REP,John E. ULIBARRI,593
Weber,OGD12,County Recorder/Surveyor,,1,REP,Bahy RAHIMZADEGAN,575
Weber,OGD12,County Treasurer,,1,REP,Lynelle JENSEN,586
Weber,OGD12,Retain Supreme Court Justice-Matthew B. DURRANT,,1,,Yes,464
Weber,OGD12,Retain Supreme Court Justice-Matthew B. DURRANT,,1,,No,201
Weber,OGD12,Retain Appeals Court Judge-Ryan D. TENNEY,,1,,Yes,451
Weber,OGD12,Retain Appeals Court Judge-Ryan D. TENNEY,,1,,No,199
Weber,OGD12,Retain 2nd District Circuit Court Judge-Joseph M. BEAN,,1,,Yes,454
Weber,OGD12,Retain 2nd District Circuit Court Judge-Joseph M. BEAN,,1,,No,189
Weber,OGD12,Retain 2nd District Circuit Court Judge-Ronald G. RUSSELL,,1,,Yes,462
Weber,OGD12,Retain 2nd District Circuit Court Judge-Ronald G. RUSSELL,,1,,No,185
Weber,OGD12,Retain 2nd District Circuit Court Judge-Christina Patricia ORTEGA,,1,,Yes,485
Weber,OGD12,Retain 2nd District Circuit Court Judge-Christina Patricia ORTEGA,,1,,No,179
Weber,OGD12,Retain 2nd District Circuit Court Judge-Craig HALL,,1,,Yes,436
Weber,OGD12,Retain 2nd District Circuit Court Judge-Craig HALL,,1,,No,212
Weber,OGD12,Retain 2nd District Circuit Court Judge-Michael Drio DIREDA,,1,,Yes,474
Weber,OGD12,Retain 2nd District Circuit Court Judge-Michael Drio DIREDA,,1,,No,185
Weber,OGD12,Retain 2nd District Juvenile Circuit Court Judge-Tasha WILLIAMS,,1,,Yes,491
Weber,OGD12,Retain 2nd District Juvenile Circuit Court Judge-Tasha WILLIAMS,,1,,No,163
Weber,OGD12,Constitutional Amendment B,,1,,For,502
Weber,OGD12,Constitutional Amendment B,,1,,Against,248
Weber,OGD12,Constitutional Amendment C,,1,,For,627
Weber,OGD12,Constitutional Amendment C,,1,,Against,121
Weber,OGD12,Proposition 19,,1,,Yes,524
Weber,OGD12,Proposition 19,,1,,No,238
Weber,OGD13,Registered Voters,,,,,1064
Weber,OGD13,Ballots Cast,,,,,907
Weber,OGD13,President,,1,DEM,Kamala D. HARRIS / Tim WALZ,472
Weber,OGD13,President,,1,REP,Donald J. TRUMP/ JD VANCE,396
Weber,OGD13,President,,1,LBT,Chase OLIVER / Mike ter MAAT,14
Weber,OGD13,President,,1,CON,Joel SKOUSEN / Rik COMBS,4
Weber,OGD13,President,,1,GRN,Jill STEIN / Rudolph WARE,3
Weber,OGD13,President,,1,,Cornel Ronald WEST / Melina ABDULLAH,2
Weber,OGD13,President,,1,,"Lucifer ""JUSTIN CASE"" EVERYLOVE",2
Weber,OGD13,President,,1,,Claudia de la CRUZ / Karina Alexandra GARCIA,1
Weber,OGD13,President,,1,,Write-In Totals,9
Weber,OGD13,U.S. Senate,,1,REP,John CURTIS,412
Weber,OGD13,U.S. Senate,,1,DEM,Caroline GLEICH,405
Weber,OGD13,U.S. Senate,,1,IAP,Carleton E. BOWEN,55
Weber,OGD13,U.S. Senate,,1,,Write-In Totals,6
Weber,OGD13,U.S. House,1,1,REP,Blake D. MOORE,406
Weber,OGD13,U.S. House,1,1,DEM,Bill CAMPBELL,402
Weber,OGD13,U.S. House,1,1,LBT,Daniel R. COTTAM,58
Weber,OGD13,Governor,,1,DEM,Brian SMITH KING / Rebekah CUMMINGS,372
Weber,OGD13,Governor,,1,REP,Spencer J. COX / Deidre M. HENDERSON,358
Weber,OGD13,Governor,,1,LBT,J. Robert LATHAM / Barry Evan SHORT,45
Weber,OGD13,Governor,,1,IAP,Tommy WILLIAMS / Archie A. WILLIAMS III,19
Weber,OGD13,Governor,,1,,Tom TOMENY / William LANSING TAYLOR,1
Weber,OGD13,Governor,,1,,Write-In Totals,86
Weber,OGD13,Attorney General,,1,REP,Derek BROWN,366
Weber,OGD13,Attorney General,,1,DEM,Rudy J BAUTISTA,350
Weber,OGD13,Attorney General,,1,UUP,Michelle QUIST,78
Weber,OGD13,Attorney General,,1,LBT,W. Andrew McCULLOUGH,45
Weber,OGD13,Attorney General,,1,,Austin HEPWORTH,32
Weber,OGD13,State Auditor,,1,REP,Tina CANNON,420
Weber,OGD13,State Auditor,,1,DEM,Catherine VOUTAZ,383
Weber,OGD13,State Auditor,,1,CON,Jeffery L. OSTLER,53
Weber,OGD13,State Treasurer,,1,REP,Marlo M. OAKS,413
Weber,OGD13,State Treasurer,,1,DEM,Neil A HANSEN,375
Weber,OGD13,State Treasurer,,1,UFP,Miles POMEROY,67
Weber,OGD13,State Senate,3,1,DEM,Stacy BERNAL,475
Weber,OGD13,State Senate,3,1,REP,John D. JOHNSON,394
Weber,OGD13,State House,8,1,REP,Jason B KYLE,543
Weber,OGD13,County Commission,C,1,DEM,Steven VAN WAGONER,429
Weber,OGD13,County Commission,C,1,REP,Jim HARVEY,383
Weber,OGD13,County Commission,C,1,LBT,Brian K ROWLEY,58
Weber,OGD13,County Assessor,,1,REP,John E. ULIBARRI,608
Weber,OGD13,County Recorder/Surveyor,,1,REP,Bahy RAHIMZADEGAN,591
Weber,OGD13,County Treasurer,,1,REP,Lynelle JENSEN,618
Weber,OGD13,Retain Supreme Court Justice-Matthew B. DURRANT,,1,,Yes,542
Weber,OGD13,Retain Supreme Court Justice-Matthew B. DURRANT,,1,,No,192
Weber,OGD13,Retain Appeals Court Judge-Ryan D. TENNEY,,1,,Yes,532
Weber,OGD13,Retain Appeals Court Judge-Ryan D. TENNEY,,1,,No,191
Weber,OGD13,Retain 2nd District Circuit Court Judge-Joseph M. BEAN,,1,,Yes,544
Weber,OGD13,Retain 2nd District Circuit Court Judge-Joseph M. BEAN,,1,,No,182
Weber,OGD13,Retain 2nd District Circuit Court Judge-Ronald G. RUSSELL,,1,,Yes,556
Weber,OGD13,Retain 2nd District Circuit Court Judge-Ronald G. RUSSELL,,1,,No,165
Weber,OGD13,Retain 2nd District Circuit Court Judge-Christina Patricia ORTEGA,,1,,Yes,550
Weber,OGD13,Retain 2nd District Circuit Court Judge-Christina Patricia ORTEGA,,1,,No,179
Weber,OGD13,Retain 2nd District Circuit Court Judge-Craig HALL,,1,,Yes,511
Weber,OGD13,Retain 2nd District Circuit Court Judge-Craig HALL,,1,,No,205
Weber,OGD13,Retain 2nd District Circuit Court Judge-Michael Drio DIREDA,,1,,Yes,550
Weber,OGD13,Retain 2nd District Circuit Court Judge-Michael Drio DIREDA,,1,,No,176
Weber,OGD13,Retain 2nd District Juvenile Circuit Court Judge-Tasha WILLIAMS,,1,,Yes,566
Weber,OGD13,Retain 2nd District Juvenile Circuit Court Judge-Tasha WILLIAMS,,1,,No,162
Weber,OGD13,Constitutional Amendment B,,1,,For,595
Weber,OGD13,Constitutional Amendment B,,1,,Against,247
Weber,OGD13,Constitutional Amendment C,,1,,For,702
Weber,OGD13,Constitutional Amendment C,,1,,Against,138
Weber,OGD13,Proposition 19,,1,,Yes,619
Weber,OGD13,Proposition 19,,1,,No,238
Weber,OGD14,Registered Voters,,,,,944
Weber,OGD14,Ballots Cast,,,,,791
Weber,OGD14,President,,1,REP,Donald J. TRUMP/ JD VANCE,380
Weber,OGD14,President,,1,DEM,Kamala D. HARRIS / Tim WALZ,368
Weber,OGD14,President,,1,LBT,Chase OLIVER / Mike ter MAAT,18
Weber,OGD14,President,,1,GRN,Jill STEIN / Rudolph WARE,6
Weber,OGD14,President,,1,,Cornel Ronald WEST / Melina ABDULLAH,3
Weber,OGD14,President,,1,CON,Joel SKOUSEN / Rik COMBS,3
Weber,OGD14,President,,1,,Claudia de la CRUZ / Karina Alexandra GARCIA,2
Weber,OGD14,President,,1,,"Lucifer ""JUSTIN CASE"" EVERYLOVE",1
Weber,OGD14,President,,1,,Write-In Totals,4
Weber,OGD14,U.S. Senate,,1,REP,John CURTIS,390
Weber,OGD14,U.S. Senate,,1,DEM,Caroline GLEICH,317
Weber,OGD14,U.S. Senate,,1,IAP,Carleton E. BOWEN,32
Weber,OGD14,U.S. Senate,,1,,Write-In Totals,3
Weber,OGD14,U.S. House,1,1,REP,Blake D. MOORE,378
Weber,OGD14,U.S. House,1,1,DEM,Bill CAMPBELL,305
Weber,OGD14,U.S. House,1,1,LBT,Daniel R. COTTAM,48
Weber,OGD14,Governor,,1,REP,Spencer J. COX / Deidre M. HENDERSON,347
Weber,OGD14,Governor,,1,DEM,Brian SMITH KING / Rebekah CUMMINGS,283
Weber,OGD14,Governor,,1,LBT,J. Robert LATHAM / Barry Evan SHORT,33
Weber,OGD14,Governor,,1,,Tom TOMENY / William LANSING TAYLOR,9
Weber,OGD14,Governor,,1,IAP,Tommy WILLIAMS / Archie A. WILLIAMS III,8
Weber,OGD14,Governor,,1,,Write-In Totals,75
Weber,OGD14,Attorney General,,1,REP,Derek BROWN,335
Weber,OGD14,Attorney General,,1,DEM,Rudy J BAUTISTA,288
Weber,OGD14,Attorney General,,1,LBT,W. Andrew McCULLOUGH,46
Weber,OGD14,Attorney General,,1,UUP,Michelle QUIST,44
Weber,OGD14,Attorney General,,1,,Austin HEPWORTH,26
Weber,OGD14,State Auditor,,1,REP,Tina CANNON,361
Weber,OGD14,State Auditor,,1,DEM,Catherine VOUTAZ,321
Weber,OGD14,State Auditor,,1,CON,Jeffery L. OSTLER,47
Weber,OGD14,State Treasurer,,1,REP,Marlo M. OAKS,373
Weber,OGD14,State Treasurer,,1,DEM,Neil A HANSEN,303
Weber,OGD14,State Treasurer,,1,UFP,Miles POMEROY,51
Weber,OGD14,State Senate,3,1,DEM,Stacy BERNAL,377
Weber,OGD14,State Senate,3,1,REP,John D. JOHNSON,368
Weber,OGD14,State House,8,1,REP,Jason B KYLE,481
Weber,OGD14,County Commission,C,1,REP,Jim HARVEY,352
Weber,OGD14,County Commission,C,1,DEM,Steven VAN WAGONER,328
Weber,OGD14,County Commission,C,1,LBT,Brian K ROWLEY,54
Weber,OGD14,County Assessor,,1,REP,John E. ULIBARRI,534
Weber,OGD14,County Recorder/Surveyor,,1,REP,Bahy RAHIMZADEGAN,518
Weber,OGD14,County Treasurer,,1,REP,Lynelle JENSEN,531
Weber,OGD14,Retain Supreme Court Justice-Matthew B. DURRANT,,1,,Yes,437
Weber,OGD14,Retain Supreme Court Justice-Matthew B. DURRANT,,1,,No,177
Weber,OGD14,Retain Appeals Court Judge-Ryan D. TENNEY,,1,,Yes,436
Weber,OGD14,Retain Appeals Court Judge-Ryan D. TENNEY,,1,,No,169
Weber,OGD14,Retain 2nd District Circuit Court Judge-Joseph M. BEAN,,1,,Yes,423
Weber,OGD14,Retain 2nd District Circuit Court Judge-Joseph M. BEAN,,1,,No,186
Weber,OGD14,Retain 2nd District Circuit Court Judge-Ronald G. RUSSELL,,1,,Yes,451
Weber,OGD14,Retain 2nd District Circuit Court Judge-Ronald G. RUSSELL,,1,,No,154
Weber,OGD14,Retain 2nd District Circuit Court Judge-Christina Patricia ORTEGA,,1,,Yes,447
Weber,OGD14,Retain 2nd District Circuit Court Judge-Christina Patricia ORTEGA,,1,,No,170
Weber,OGD14,Retain 2nd District Circuit Court Judge-Craig HALL,,1,,Yes,413
Weber,OGD14,Retain 2nd District Circuit Court Judge-Craig HALL,,1,,No,183
Weber,OGD14,Retain 2nd District Circuit Court Judge-Michael Drio DIREDA,,1,,Yes,449
Weber,OGD14,Retain 2nd District Circuit Court Judge-Michael Drio DIREDA,,1,,No,158
Weber,OGD14,Retain 2nd District Juvenile Circuit Court Judge-Tasha WILLIAMS,,1,,Yes,459
Weber,OGD14,Retain 2nd District Juvenile Circuit Court Judge-Tasha WILLIAMS,,1,,No,153
Weber,OGD14,Constitutional Amendment B,,1,,For,513
Weber,OGD14,Constitutional Amendment B,,1,,Against,219
Weber,OGD14,Constitutional Amendment C,,1,,For,585
Weber,OGD14,Constitutional Amendment C,,1,,Against,143
Weber,OGD14,Proposition 19,,1,,Yes,531
Weber,OGD14,Proposition 19,,1,,No,216
Weber,OGD15,Registered Voters,,,,,934
Weber,OGD15,Ballots Cast,,,,,748
Weber,OGD15,President,,1,DEM,Kamala D. HARRIS / Tim WALZ,447
Weber,OGD15,President,,1,REP,Donald J. TRUMP/ JD VANCE,264
Weber,OGD15,President,,1,GRN,Jill STEIN / Rudolph WARE,12
Weber,OGD15,President,,1,LBT,Chase OLIVER / Mike ter MAAT,7
Weber,OGD15,President,,1,,Claudia de la CRUZ / Karina Alexandra GARCIA,5
Weber,OGD15,President,,1,,Cornel Ronald WEST / Melina ABDULLAH,3
Weber,OGD15,President,,1,CON,Joel SKOUSEN / Rik COMBS,3
Weber,OGD15,President,,1,,"Lucifer ""JUSTIN CASE"" EVERYLOVE",1
Weber,OGD15,President,,1,,Write-In Totals,4
Weber,OGD15,U.S. Senate,,1,DEM,Caroline GLEICH,415
Weber,OGD15,U.S. Senate,,1,REP,John CURTIS,257
Weber,OGD15,U.S. Senate,,1,IAP,Carleton E. BOWEN,36
Weber,OGD15,U.S. Senate,,1,,Write-In Totals,0
Weber,OGD15,U.S. House,1,1,DEM,Bill CAMPBELL,400
Weber,OGD15,U.S. House,1,1,REP,Blake D. MOORE,253
Weber,OGD15,U.S. House,1,1,LBT,Daniel R. COTTAM,43
Weber,OGD15,Governor,,1,DEM,Brian SMITH KING / Rebekah CUMMINGS,377
Weber,OGD15,Governor,,1,REP,Spencer J. COX / Deidre M. HENDERSON,244
Weber,OGD15,Governor,,1,LBT,J. Robert LATHAM / Barry Evan SHORT,38
Weber,OGD15,Governor,,1,IAP,Tommy WILLIAMS / Archie A. WILLIAMS III,22
Weber,OGD15,Governor,,1,,Tom TOMENY / William LANSING TAYLOR,5
Weber,OGD15,Governor,,1,,Write-In Totals,31
Weber,OGD15,Attorney General,,1,DEM,Rudy J BAUTISTA,359
Weber,OGD15,Attorney General,,1,REP,Derek BROWN,234
Weber,OGD15,Attorney General,,1,LBT,W. Andrew McCULLOUGH,46
Weber,OGD15,Attorney General,,1,UUP,Michelle QUIST,45
Weber,OGD15,Attorney General,,1,,Austin HEPWORTH,15
Weber,OGD15,State Auditor,,1,DEM,Catherine VOUTAZ,391
Weber,OGD15,State Auditor,,1,REP,Tina CANNON,258
Weber,OGD15,State Auditor,,1,CON,Jeffery L. OSTLER,35
Weber,OGD15,State Treasurer,,1,DEM,Neil A HANSEN,365
Weber,OGD15,State Treasurer,,1,REP,Marlo M. OAKS,259
Weber,OGD15,State Treasurer,,1,UFP,Miles POMEROY,52
Weber,OGD15,State Senate,3,1,DEM,Stacy BERNAL,450
Weber,OGD15,State Senate,3,1,REP,John D. JOHNSON,246
Weber,OGD15,State House,9,1,DEM,Angela CHOBERKA,414
Weber,OGD15,State House,9,1,REP,Jake SAWYER,230
Weber,OGD15,State House,9,1,LBT,Jacob K. JOHNSON,35
Weber,OGD15,County Commission,C,1,DEM,Steven VAN WAGONER,408
Weber,OGD15,County Commission,C,1,REP,Jim HARVEY,236
Weber,OGD15,County Commission,C,1,LBT,Brian K ROWLEY,46
Weber,OGD15,County Assessor,,1,REP,John E. ULIBARRI,464
Weber,OGD15,County Recorder/Surveyor,,1,REP,Bahy RAHIMZADEGAN,453
Weber,OGD15,County Treasurer,,1,REP,Lynelle JENSEN,464
Weber,OGD15,Ogden School Board,6,1,,Jennifer GENTA,458
Weber,OGD15,Retain Supreme Court Justice-Matthew B. DURRANT,,1,,Yes,413
Weber,OGD15,Retain Supreme Court Justice-Matthew B. DURRANT,,1,,No,171
Weber,OGD15,Retain Appeals Court Judge-Ryan D. TENNEY,,1,,Yes,429
Weber,OGD15,Retain Appeals Court Judge-Ryan D. TENNEY,,1,,No,149
Weber,OGD15,Retain 2nd District Circuit Court Judge-Joseph M. BEAN,,1,,Yes,413
Weber,OGD15,Retain 2nd District Circuit Court Judge-Joseph M. BEAN,,1,,No,166
Weber,OGD15,Retain 2nd District Circuit Court Judge-Ronald G. RUSSELL,,1,,Yes,426
Weber,OGD15,Retain 2nd District Circuit Court Judge-Ronald G. RUSSELL,,1,,No,149
Weber,OGD15,Retain 2nd District Circuit Court Judge-Christina Patricia ORTEGA,,1,,Yes,450
Weber,OGD15,Retain 2nd District Circuit Court Judge-Christina Patricia ORTEGA,,1,,No,138
Weber,OGD15,Retain 2nd District Circuit Court Judge-Craig HALL,,1,,Yes,409
Weber,OGD15,Retain 2nd District Circuit Court Judge-Craig HALL,,1,,No,162
Weber,OGD15,Retain 2nd District Circuit Court Judge-Michael Drio DIREDA,,1,,Yes,434
Weber,OGD15,Retain 2nd District Circuit Court Judge-Michael Drio DIREDA,,1,,No,149
Weber,OGD15,Retain 2nd District Juvenile Circuit Court Judge-Tasha WILLIAMS,,1,,Yes,442
Weber,OGD15,Retain 2nd District Juvenile Circuit Court Judge-Tasha WILLIAMS,,1,,No,143
Weber,OGD15,Constitutional Amendment B,,1,,For,515
Weber,OGD15,Constitutional Amendment B,,1,,Against,178
Weber,OGD15,Constitutional Amendment C,,1,,For,598
Weber,OGD15,Constitutional Amendment C,,1,,Against,93
Weber,OGD15,Proposition 19,,1,,Yes,536
Weber,OGD15,Proposition 19,,1,,No,165
Weber,OGD16,Registered Voters,,,,,939
Weber,OGD16,Ballots Cast,,,,,764
Weber,OGD16,President,,1,DEM,Kamala D. HARRIS / Tim WALZ,391
Weber,OGD16,President,,1,REP,Donald J. TRUMP/ JD VANCE,333
Weber,OGD16,President,,1,LBT,Chase OLIVER / Mike ter MAAT,11
Weber,OGD16,President,,1,CON,Joel SKOUSEN / Rik COMBS,4
Weber,OGD16,President,,1,GRN,Jill STEIN / Rudolph WARE,4
Weber,OGD16,President,,1,,"Lucifer ""JUSTIN CASE"" EVERYLOVE",3
Weber,OGD16,President,,1,,Cornel Ronald WEST / Melina ABDULLAH,2
Weber,OGD16,President,,1,,Claudia de la CRUZ / Karina Alexandra GARCIA,2
Weber,OGD16,President,,1,,Write-In Totals,5
Weber,OGD16,U.S. Senate,,1,DEM,Caroline GLEICH,347
Weber,OGD16,U.S. Senate,,1,REP,John CURTIS,334
Weber,OGD16,U.S. Senate,,1,IAP,Carleton E. BOWEN,44
Weber,OGD16,U.S. Senate,,1,,Write-In Totals,0
Weber,OGD16,U.S. House,1,1,REP,Blake D. MOORE,347
Weber,OGD16,U.S. House,1,1,DEM,Bill CAMPBELL,313
Weber,OGD16,U.S. House,1,1,LBT,Daniel R. COTTAM,56
Weber,OGD16,Governor,,1,REP,Spencer J. COX / Deidre M. HENDERSON,321
Weber,OGD16,Governor,,1,DEM,Brian SMITH KING / Rebekah CUMMINGS,309
Weber,OGD16,Governor,,1,LBT,J. Robert LATHAM / Barry Evan SHORT,37
Weber,OGD16,Governor,,1,IAP,Tommy WILLIAMS / Archie A. WILLIAMS III,16
Weber,OGD16,Governor,,1,,Tom TOMENY / William LANSING TAYLOR,2
Weber,OGD16,Governor,,1,,Write-In Totals,57
Weber,OGD16,Attorney General,,1,REP,Derek BROWN,308
Weber,OGD16,Attorney General,,1,DEM,Rudy J BAUTISTA,289
Weber,OGD16,Attorney General,,1,UUP,Michelle QUIST,57
Weber,OGD16,Attorney General,,1,LBT,W. Andrew McCULLOUGH,43
Weber,OGD16,Attorney General,,1,,Austin HEPWORTH,21
Weber,OGD16,State Auditor,,1,REP,Tina CANNON,334
Weber,OGD16,State Auditor,,1,DEM,Catherine VOUTAZ,331
Weber,OGD16,State Auditor,,1,CON,Jeffery L. OSTLER,43
Weber,OGD16,State Treasurer,,1,REP,Marlo M. OAKS,328
Weber,OGD16,State Treasurer,,1,DEM,Neil A HANSEN,318
Weber,OGD16,State Treasurer,,1,UFP,Miles POMEROY,60
Weber,OGD16,State Senate,3,1,DEM,Stacy BERNAL,402
Weber,OGD16,State Senate,3,1,REP,John D. JOHNSON,321
Weber,OGD16,State House,8,1,REP,Jason B KYLE,472
Weber,OGD16,County Commission,C,1,DEM,Steven VAN WAGONER,348
Weber,OGD16,County Commission,C,1,REP,Jim HARVEY,320
Weber,OGD16,County Commission,C,1,LBT,Brian K ROWLEY,51
Weber,OGD16,County Assessor,,1,REP,John E. ULIBARRI,514
Weber,OGD16,County Recorder/Surveyor,,1,REP,Bahy RAHIMZADEGAN,505
Weber,OGD16,County Treasurer,,1,REP,Lynelle JENSEN,527
Weber,OGD16,Retain Supreme Court Justice-Matthew B. DURRANT,,1,,Yes,435
Weber,OGD16,Retain Supreme Court Justice-Matthew B. DURRANT,,1,,No,175
Weber,OGD16,Retain Appeals Court Judge-Ryan D. TENNEY,,1,,Yes,433
Weber,OGD16,Retain Appeals Court Judge-Ryan D. TENNEY,,1,,No,166
Weber,OGD16,Retain 2nd District Circuit Court Judge-Joseph M. BEAN,,1,,Yes,425
Weber,OGD16,Retain 2nd District Circuit Court Judge-Joseph M. BEAN,,1,,No,175
Weber,OGD16,Retain 2nd District Circuit Court Judge-Ronald G. RUSSELL,,1,,Yes,434
Weber,OGD16,Retain 2nd District Circuit Court Judge-Ronald G. RUSSELL,,1,,No,169
Weber,OGD16,Retain 2nd District Circuit Court Judge-Christina Patricia ORTEGA,,1,,Yes,444
Weber,OGD16,Retain 2nd District Circuit Court Judge-Christina Patricia ORTEGA,,1,,No,158
Weber,OGD16,Retain 2nd District Circuit Court Judge-Craig HALL,,1,,Yes,418
Weber,OGD16,Retain 2nd District Circuit Court Judge-Craig HALL,,1,,No,177
Weber,OGD16,Retain 2nd District Circuit Court Judge-Michael Drio DIREDA,,1,,Yes,446
Weber,OGD16,Retain 2nd District Circuit Court Judge-Michael Drio DIREDA,,1,,No,154
Weber,OGD16,Retain 2nd District Juvenile Circuit Court Judge-Tasha WILLIAMS,,1,,Yes,466
Weber,OGD16,Retain 2nd District Juvenile Circuit Court Judge-Tasha WILLIAMS,,1,,No,138
Weber,OGD16,Constitutional Amendment B,,1,,For,499
Weber,OGD16,Constitutional Amendment B,,1,,Against,196
Weber,OGD16,Constitutional Amendment C,,1,,For,602
Weber,OGD16,Constitutional Amendment C,,1,,Against,99
Weber,OGD16,Proposition 19,,1,,Yes,558
Weber,OGD16,Proposition 19,,1,,No,160
Weber,OGD17,Registered Voters,,,,,984
Weber,OGD17,Ballots Cast,,,,,802
Weber,OGD17,President,,1,DEM,Kamala D. HARRIS / Tim WALZ,435
Weber,OGD17,President,,1,REP,Donald J. TRUMP/ JD VANCE,333
Weber,OGD17,President,,1,LBT,Chase OLIVER / Mike ter MAAT,9
Weber,OGD17,President,,1,GRN,Jill STEIN / Rudolph WARE,6
Weber,OGD17,President,,1,,Claudia de la CRUZ / Karina Alexandra GARCIA,3
Weber,OGD17,President,,1,CON,Joel SKOUSEN / Rik COMBS,1
Weber,OGD17,President,,1,,Cornel Ronald WEST / Melina ABDULLAH,0
Weber,OGD17,President,,1,,"Lucifer ""JUSTIN CASE"" EVERYLOVE",0
Weber,OGD17,President,,1,,Write-In Totals,9
Weber,OGD17,U.S. Senate,,1,DEM,Caroline GLEICH,407
Weber,OGD17,U.S. Senate,,1,REP,John CURTIS,333
Weber,OGD17,U.S. Senate,,1,IAP,Carleton E. BOWEN,37
Weber,OGD17,U.S. Senate,,1,,Write-In Totals,0
Weber,OGD17,U.S. House,1,1,DEM,Bill CAMPBELL,364
Weber,OGD17,U.S. House,1,1,REP,Blake D. MOORE,351
Weber,OGD17,U.S. House,1,1,LBT,Daniel R. COTTAM,46
Weber,OGD17,Governor,,1,DEM,Brian SMITH KING / Rebekah CUMMINGS,347
Weber,OGD17,Governor,,1,REP,Spencer J. COX / Deidre M. HENDERSON,326
Weber,OGD17,Governor,,1,LBT,J. Robert LATHAM / Barry Evan SHORT,28
Weber,OGD17,Governor,,1,IAP,Tommy WILLIAMS / Archie A. WILLIAMS III,21
Weber,OGD17,Governor,,1,,Tom TOMENY / William LANSING TAYLOR,5
Weber,OGD17,Governor,,1,,Write-In Totals,52
Weber,OGD17,Attorney General,,1,DEM,Rudy J BAUTISTA,347
Weber,OGD17,Attorney General,,1,REP,Derek BROWN,312
Weber,OGD17,Attorney General,,1,UUP,Michelle QUIST,50
Weber,OGD17,Attorney General,,1,LBT,W. Andrew McCULLOUGH,37
Weber,OGD17,Attorney General,,1,,Austin HEPWORTH,20
Weber,OGD17,State Auditor,,1,DEM,Catherine VOUTAZ,376
Weber,OGD17,State Auditor,,1,REP,Tina CANNON,343
Weber,OGD17,State Auditor,,1,CON,Jeffery L. OSTLER,34
Weber,OGD17,State Treasurer,,1,DEM,Neil A HANSEN,354
Weber,OGD17,State Treasurer,,1,REP,Marlo M. OAKS,348
Weber,OGD17,State Treasurer,,1,UFP,Miles POMEROY,55
Weber,OGD17,State Senate,3,1,DEM,Stacy BERNAL,450
Weber,OGD17,State Senate,3,1,REP,John D. JOHNSON,323
Weber,OGD17,State House,8,1,REP,Jason B KYLE,478
Weber,OGD17,County Commission,C,1,DEM,Steven VAN WAGONER,391
Weber,OGD17,County Commission,C,1,REP,Jim HARVEY,316
Weber,OGD17,County Commission,C,1,LBT,Brian K ROWLEY,57
Weber,OGD17,County Assessor,,1,REP,John E. ULIBARRI,532
Weber,OGD17,County Recorder/Surveyor,,1,REP,Bahy RAHIMZADEGAN,507
Weber,OGD17,County Treasurer,,1,REP,Lynelle JENSEN,536
Weber,OGD17,Retain Supreme Court Justice-Matthew B. DURRANT,,1,,Yes,482
Weber,OGD17,Retain Supreme Court Justice-Matthew B. DURRANT,,1,,No,157
Weber,OGD17,Retain Appeals Court Judge-Ryan D. TENNEY,,1,,Yes,486
Weber,OGD17,Retain Appeals Court Judge-Ryan D. TENNEY,,1,,No,146
Weber,OGD17,Retain 2nd District Circuit Court Judge-Joseph M. BEAN,,1,,Yes,464
Weber,OGD17,Retain 2nd District Circuit Court Judge-Joseph M. BEAN,,1,,No,166
Weber,OGD17,Retain 2nd District Circuit Court Judge-Ronald G. RUSSELL,,1,,Yes,481
Weber,OGD17,Retain 2nd District Circuit Court Judge-Ronald G. RUSSELL,,1,,No,152
Weber,OGD17,Retain 2nd District Circuit Court Judge-Christina Patricia ORTEGA,,1,,Yes,504
Weber,OGD17,Retain 2nd District Circuit Court Judge-Christina Patricia ORTEGA,,1,,No,137
Weber,OGD17,Retain 2nd District Circuit Court Judge-Craig HALL,,1,,Yes,465
Weber,OGD17,Retain 2nd District Circuit Court Judge-Craig HALL,,1,,No,166
Weber,OGD17,Retain 2nd District Circuit Court Judge-Michael Drio DIREDA,,1,,Yes,498
Weber,OGD17,Retain 2nd District Circuit Court Judge-Michael Drio DIREDA,,1,,No,143
Weber,OGD17,Retain 2nd District Juvenile Circuit Court Judge-Tasha WILLIAMS,,1,,Yes,535
Weber,OGD17,Retain 2nd District Juvenile Circuit Court Judge-Tasha WILLIAMS,,1,,No,108
Weber,OGD17,Constitutional Amendment B,,1,,For,508
Weber,OGD17,Constitutional Amendment B,,1,,Against,230
Weber,OGD17,Constitutional Amendment C,,1,,For,620
Weber,OGD17,Constitutional Amendment C,,1,,Against,113
Weber,OGD17,Proposition 19,,1,,Yes,550
Weber,OGD17,Proposition 19,,1,,No,194
Weber,OGD18,Registered Voters,,,,,533
Weber,OGD18,Ballots Cast,,,,,402
Weber,OGD18,President,,1,DEM,Kamala D. HARRIS / Tim WALZ,236
Weber,OGD18,President,,1,REP,Donald J. TRUMP/ JD VANCE,149
Weber,OGD18,President,,1,GRN,Jill STEIN / Rudolph WARE,3
Weber,OGD18,President,,1,,Cornel Ronald WEST / Melina ABDULLAH,2
Weber,OGD18,President,,1,,"Lucifer ""JUSTIN CASE"" EVERYLOVE",1
Weber,OGD18,President,,1,LBT,Chase OLIVER / Mike ter MAAT,1
Weber,OGD18,President,,1,,Claudia de la CRUZ / Karina Alexandra GARCIA,1
Weber,OGD18,President,,1,CON,Joel SKOUSEN / Rik COMBS,0
Weber,OGD18,President,,1,,Write-In Totals,4
Weber,OGD18,U.S. Senate,,1,DEM,Caroline GLEICH,212
Weber,OGD18,U.S. Senate,,1,REP,John CURTIS,147
Weber,OGD18,U.S. Senate,,1,IAP,Carleton E. BOWEN,18
Weber,OGD18,U.S. Senate,,1,,Write-In Totals,2
Weber,OGD18,U.S. House,1,1,DEM,Bill CAMPBELL,208
Weber,OGD18,U.S. House,1,1,REP,Blake D. MOORE,141
Weber,OGD18,U.S. House,1,1,LBT,Daniel R. COTTAM,26
Weber,OGD18,Governor,,1,DEM,Brian SMITH KING / Rebekah CUMMINGS,194
Weber,OGD18,Governor,,1,REP,Spencer J. COX / Deidre M. HENDERSON,146
Weber,OGD18,Governor,,1,LBT,J. Robert LATHAM / Barry Evan SHORT,12
Weber,OGD18,Governor,,1,IAP,Tommy WILLIAMS / Archie A. WILLIAMS III,10
Weber,OGD18,Governor,,1,,Tom TOMENY / William LANSING TAYLOR,2
Weber,OGD18,Governor,,1,,Write-In Totals,22
Weber,OGD18,Attorney General,,1,DEM,Rudy J BAUTISTA,181
Weber,OGD18,Attorney General,,1,REP,Derek BROWN,128
Weber,OGD18,Attorney General,,1,UUP,Michelle QUIST,31
Weber,OGD18,Attorney General,,1,LBT,W. Andrew McCULLOUGH,24
Weber,OGD18,Attorney General,,1,,Austin HEPWORTH,10
Weber,OGD18,State Auditor,,1,DEM,Catherine VOUTAZ,205
Weber,OGD18,State Auditor,,1,REP,Tina CANNON,138
Weber,OGD18,State Auditor,,1,CON,Jeffery L. OSTLER,26
Weber,OGD18,State Treasurer,,1,DEM,Neil A HANSEN,190
Weber,OGD18,State Treasurer,,1,REP,Marlo M. OAKS,142
Weber,OGD18,State Treasurer,,1,UFP,Miles POMEROY,33
Weber,OGD18,State Senate,3,1,DEM,Stacy BERNAL,230
Weber,OGD18,State Senate,3,1,REP,John D. JOHNSON,147
Weber,OGD18,State House,9,1,DEM,Angela CHOBERKA,207
Weber,OGD18,State House,9,1,REP,Jake SAWYER,125
Weber,OGD18,State House,9,1,LBT,Jacob K. JOHNSON,32
Weber,OGD18,County Commission,C,1,DEM,Steven VAN WAGONER,217
Weber,OGD18,County Commission,C,1,REP,Jim HARVEY,124
Weber,OGD18,County Commission,C,1,LBT,Brian K ROWLEY,34
Weber,OGD18,County Assessor,,1,REP,John E. ULIBARRI,242
Weber,OGD18,County Recorder/Surveyor,,1,REP,Bahy RAHIMZADEGAN,234
Weber,OGD18,County Treasurer,,1,REP,Lynelle JENSEN,244
Weber,OGD18,Retain Supreme Court Justice-Matthew B. DURRANT,,1,,Yes,233
Weber,OGD18,Retain Supreme Court Justice-Matthew B. DURRANT,,1,,No,96
Weber,OGD18,Retain Appeals Court Judge-Ryan D. TENNEY,,1,,Yes,227
Weber,OGD18,Retain Appeals Court Judge-Ryan D. TENNEY,,1,,No,95
Weber,OGD18,Retain 2nd District Circuit Court Judge-Joseph M. BEAN,,1,,Yes,225
Weber,OGD18,Retain 2nd District Circuit Court Judge-Joseph M. BEAN,,1,,No,99
Weber,OGD18,Retain 2nd District Circuit Court Judge-Ronald G. RUSSELL,,1,,Yes,231
Weber,OGD18,Retain 2nd District Circuit Court Judge-Ronald G. RUSSELL,,1,,No,94
Weber,OGD18,Retain 2nd District Circuit Court Judge-Christina Patricia ORTEGA,,1,,Yes,229
Weber,OGD18,Retain 2nd District Circuit Court Judge-Christina Patricia ORTEGA,,1,,No,97
Weber,OGD18,Retain 2nd District Circuit Court Judge-Craig HALL,,1,,Yes,223
Weber,OGD18,Retain 2nd District Circuit Court Judge-Craig HALL,,1,,No,96
Weber,OGD18,Retain 2nd District Circuit Court Judge-Michael Drio DIREDA,,1,,Yes,239
Weber,OGD18,Retain 2nd District Circuit Court Judge-Michael Drio DIREDA,,1,,No,84
Weber,OGD18,Retain 2nd District Juvenile Circuit Court Judge-Tasha WILLIAMS,,1,,Yes,244
Weber,OGD18,Retain 2nd District Juvenile Circuit Court Judge-Tasha WILLIAMS,,1,,No,83
Weber,OGD18,Constitutional Amendment B,,1,,For,251
Weber,OGD18,Constitutional Amendment B,,1,,Against,109
Weber,OGD18,Constitutional Amendment C,,1,,For,299
Weber,OGD18,Constitutional Amendment C,,1,,Against,67
Weber,OGD18,Proposition 19,,1,,Yes,249
Weber,OGD18,Proposition 19,,1,,No,127
Weber,OGD19,Registered Voters,,,,,871
Weber,OGD19,Ballots Cast,,,,,747
Weber,OGD19,President,,1,DEM,Kamala D. HARRIS / Tim WALZ,374
Weber,OGD19,President,,1,REP,Donald J. TRUMP/ JD VANCE,326
Weber,OGD19,President,,1,GRN,Jill STEIN / Rudolph WARE,9
Weber,OGD19,President,,1,LBT,Chase OLIVER / Mike ter MAAT,9
Weber,OGD19,President,,1,CON,Joel SKOUSEN / Rik COMBS,5
Weber,OGD19,President,,1,,"Lucifer ""JUSTIN CASE"" EVERYLOVE",4
Weber,OGD19,President,,1,,Claudia de la CRUZ / Karina Alexandra GARCIA,3
Weber,OGD19,President,,1,,Cornel Ronald WEST / Melina ABDULLAH,2
Weber,OGD19,President,,1,,Write-In Totals,9
Weber,OGD19,U.S. Senate,,1,DEM,Caroline GLEICH,356
Weber,OGD19,U.S. Senate,,1,REP,John CURTIS,319
Weber,OGD19,U.S. Senate,,1,IAP,Carleton E. BOWEN,34
Weber,OGD19,U.S. Senate,,1,,Write-In Totals,5
Weber,OGD19,U.S. House,1,1,DEM,Bill CAMPBELL,325
Weber,OGD19,U.S. House,1,1,REP,Blake D. MOORE,325
Weber,OGD19,U.S. House,1,1,LBT,Daniel R. COTTAM,47
Weber,OGD19,Governor,,1,REP,Spencer J. COX / Deidre M. HENDERSON,314
Weber,OGD19,Governor,,1,DEM,Brian SMITH KING / Rebekah CUMMINGS,297
Weber,OGD19,Governor,,1,LBT,J. Robert LATHAM / Barry Evan SHORT,41
Weber,OGD19,Governor,,1,IAP,Tommy WILLIAMS / Archie A. WILLIAMS III,13
Weber,OGD19,Governor,,1,,Tom TOMENY / William LANSING TAYLOR,6
Weber,OGD19,Governor,,1,,Write-In Totals,53
Weber,OGD19,Attorney General,,1,DEM,Rudy J BAUTISTA,294
Weber,OGD19,Attorney General,,1,REP,Derek BROWN,288
Weber,OGD19,Attorney General,,1,UUP,Michelle QUIST,55
Weber,OGD19,Attorney General,,1,LBT,W. Andrew McCULLOUGH,42
Weber,OGD19,Attorney General,,1,,Austin HEPWORTH,22
Weber,OGD19,State Auditor,,1,DEM,Catherine VOUTAZ,330
Weber,OGD19,State Auditor,,1,REP,Tina CANNON,310
Weber,OGD19,State Auditor,,1,CON,Jeffery L. OSTLER,49
Weber,OGD19,State Treasurer,,1,REP,Marlo M. OAKS,323
Weber,OGD19,State Treasurer,,1,DEM,Neil A HANSEN,319
Weber,OGD19,State Treasurer,,1,UFP,Miles POMEROY,41
Weber,OGD19,State Senate,3,1,DEM,Stacy BERNAL,403
Weber,OGD19,State Senate,3,1,REP,John D. JOHNSON,303
Weber,OGD19,State House,8,1,REP,Jason B KYLE,428
Weber,OGD19,County Commission,C,1,DEM,Steven VAN WAGONER,366
Weber,OGD19,County Commission,C,1,REP,Jim HARVEY,263
Weber,OGD19,County Commission,C,1,LBT,Brian K ROWLEY,64
Weber,OGD19,County Assessor,,1,REP,John E. ULIBARRI,482
Weber,OGD19,County Recorder/Surveyor,,1,REP,Bahy RAHIMZADEGAN,464
Weber,OGD19,County Treasurer,,1,REP,Lynelle JENSEN,480
Weber,OGD19,Retain Supreme Court Justice-Matthew B. DURRANT,,1,,Yes,414
Weber,OGD19,Retain Supreme Court Justice-Matthew B. DURRANT,,1,,No,178
Weber,OGD19,Retain Appeals Court Judge-Ryan D. TENNEY,,1,,Yes,416
Weber,OGD19,Retain Appeals Court Judge-Ryan D. TENNEY,,1,,No,168
Weber,OGD19,Retain 2nd District Circuit Court Judge-Joseph M. BEAN,,1,,Yes,416
Weber,OGD19,Retain 2nd District Circuit Court Judge-Joseph M. BEAN,,1,,No,161
Weber,OGD19,Retain 2nd District Circuit Court Judge-Ronald G. RUSSELL,,1,,Yes,419
Weber,OGD19,Retain 2nd District Circuit Court Judge-Ronald G. RUSSELL,,1,,No,164
Weber,OGD19,Retain 2nd District Circuit Court Judge-Christina Patricia ORTEGA,,1,,Yes,432
Weber,OGD19,Retain 2nd District Circuit Court Judge-Christina Patricia ORTEGA,,1,,No,158
Weber,OGD19,Retain 2nd District Circuit Court Judge-Craig HALL,,1,,Yes,407
Weber,OGD19,Retain 2nd District Circuit Court Judge-Craig HALL,,1,,No,169
Weber,OGD19,Retain 2nd District Circuit Court Judge-Michael Drio DIREDA,,1,,Yes,423
Weber,OGD19,Retain 2nd District Circuit Court Judge-Michael Drio DIREDA,,1,,No,164
Weber,OGD19,Retain 2nd District Juvenile Circuit Court Judge-Tasha WILLIAMS,,1,,Yes,445
Weber,OGD19,Retain 2nd District Juvenile Circuit Court Judge-Tasha WILLIAMS,,1,,No,145
Weber,OGD19,Constitutional Amendment B,,1,,For,483
Weber,OGD19,Constitutional Amendment B,,1,,Against,202
Weber,OGD19,Constitutional Amendment C,,1,,For,592
Weber,OGD19,Constitutional Amendment C,,1,,Against,97
Weber,OGD19,Proposition 19,,1,,Yes,504
Weber,OGD19,Proposition 19,,1,,No,193
Weber,OGD20,Registered Voters,,,,,379
Weber,OGD20,Ballots Cast,,,,,263
Weber,OGD20,President,,1,DEM,Kamala D. HARRIS / Tim WALZ,143
Weber,OGD20,President,,1,REP,Donald J. TRUMP/ JD VANCE,111
Weber,OGD20,President,,1,GRN,Jill STEIN / Rudolph WARE,4
Weber,OGD20,President,,1,CON,Joel SKOUSEN / Rik COMBS,3
Weber,OGD20,President,,1,,"Lucifer ""JUSTIN CASE"" EVERYLOVE",1
Weber,OGD20,President,,1,,Cornel Ronald WEST / Melina ABDULLAH,0
Weber,OGD20,President,,1,LBT,Chase OLIVER / Mike ter MAAT,0
Weber,OGD20,President,,1,,Claudia de la CRUZ / Karina Alexandra GARCIA,0
Weber,OGD20,President,,1,,Write-In Totals,0
Weber,OGD20,U.S. Senate,,1,DEM,Caroline GLEICH,128
Weber,OGD20,U.S. Senate,,1,REP,John CURTIS,100
Weber,OGD20,U.S. Senate,,1,IAP,Carleton E. BOWEN,15
Weber,OGD20,U.S. Senate,,1,,Write-In Totals,1
Weber,OGD20,U.S. House,1,1,DEM,Bill CAMPBELL,121
Weber,OGD20,U.S. House,1,1,REP,Blake D. MOORE,101
Weber,OGD20,U.S. House,1,1,LBT,Daniel R. COTTAM,15
Weber,OGD20,Governor,,1,DEM,Brian SMITH KING / Rebekah CUMMINGS,109
Weber,OGD20,Governor,,1,REP,Spencer J. COX / Deidre M. HENDERSON,105
Weber,OGD20,Governor,,1,LBT,J. Robert LATHAM / Barry Evan SHORT,9
Weber,OGD20,Governor,,1,IAP,Tommy WILLIAMS / Archie A. WILLIAMS III,7
Weber,OGD20,Governor,,1,,Tom TOMENY / William LANSING TAYLOR,1
Weber,OGD20,Governor,,1,,Write-In Totals,18
Weber,OGD20,Attorney General,,1,DEM,Rudy J BAUTISTA,117
Weber,OGD20,Attorney General,,1,REP,Derek BROWN,94
Weber,OGD20,Attorney General,,1,LBT,W. Andrew McCULLOUGH,14
Weber,OGD20,Attorney General,,1,UUP,Michelle QUIST,12
Weber,OGD20,Attorney General,,1,,Austin HEPWORTH,9
Weber,OGD20,State Auditor,,1,DEM,Catherine VOUTAZ,117
Weber,OGD20,State Auditor,,1,REP,Tina CANNON,99
Weber,OGD20,State Auditor,,1,CON,Jeffery L. OSTLER,22
Weber,OGD20,State Treasurer,,1,DEM,Neil A HANSEN,117
Weber,OGD20,State Treasurer,,1,REP,Marlo M. OAKS,99
Weber,OGD20,State Treasurer,,1,UFP,Miles POMEROY,26
Weber,OGD20,State House,9,1,DEM,Angela CHOBERKA,124
Weber,OGD20,State House,9,1,REP,Jake SAWYER,102
Weber,OGD20,State House,9,1,LBT,Jacob K. JOHNSON,21
Weber,OGD20,County Commission,C,1,DEM,Steven VAN WAGONER,122
Weber,OGD20,County Commission,C,1,REP,Jim HARVEY,97
Weber,OGD20,County Commission,C,1,LBT,Brian K ROWLEY,28
Weber,OGD20,County Assessor,,1,REP,John E. ULIBARRI,164
Weber,OGD20,County Recorder/Surveyor,,1,REP,Bahy RAHIMZADEGAN,158
Weber,OGD20,County Treasurer,,1,REP,Lynelle JENSEN,166
Weber,OGD20,Ogden School Board,6,1,,Jennifer GENTA,155
Weber,OGD20,Retain Supreme Court Justice-Matthew B. DURRANT,,1,,Yes,135
Weber,OGD20,Retain Supreme Court Justice-Matthew B. DURRANT,,1,,No,74
Weber,OGD20,Retain Appeals Court Judge-Ryan D. TENNEY,,1,,Yes,135
Weber,OGD20,Retain Appeals Court Judge-Ryan D. TENNEY,,1,,No,70
Weber,OGD20,Retain 2nd District Circuit Court Judge-Joseph M. BEAN,,1,,Yes,127
Weber,OGD20,Retain 2nd District Circuit Court Judge-Joseph M. BEAN,,1,,No,76
Weber,OGD20,Retain 2nd District Circuit Court Judge-Ronald G. RUSSELL,,1,,Yes,141
Weber,OGD20,Retain 2nd District Circuit Court Judge-Ronald G. RUSSELL,,1,,No,63
Weber,OGD20,Retain 2nd District Circuit Court Judge-Christina Patricia ORTEGA,,1,,Yes,158
Weber,OGD20,Retain 2nd District Circuit Court Judge-Christina Patricia ORTEGA,,1,,No,51
Weber,OGD20,Retain 2nd District Circuit Court Judge-Craig HALL,,1,,Yes,138
Weber,OGD20,Retain 2nd District Circuit Court Judge-Craig HALL,,1,,No,68
Weber,OGD20,Retain 2nd District Circuit Court Judge-Michael Drio DIREDA,,1,,Yes,138
Weber,OGD20,Retain 2nd District Circuit Court Judge-Michael Drio DIREDA,,1,,No,69
Weber,OGD20,Retain 2nd District Juvenile Circuit Court Judge-Tasha WILLIAMS,,1,,Yes,161
Weber,OGD20,Retain 2nd District Juvenile Circuit Court Judge-Tasha WILLIAMS,,1,,No,45
Weber,OGD20,Constitutional Amendment B,,1,,For,152
Weber,OGD20,Constitutional Amendment B,,1,,Against,85
Weber,OGD20,Constitutional Amendment C,,1,,For,196
Weber,OGD20,Constitutional Amendment C,,1,,Against,42
Weber,OGD20,Proposition 19,,1,,Yes,156
Weber,OGD20,Proposition 19,,1,,No,89
Weber,OGD21,Registered Voters,,,,,1160
Weber,OGD21,Ballots Cast,,,,,869
Weber,OGD21,President,,1,DEM,Kamala D. HARRIS / Tim WALZ,496
Weber,OGD21,President,,1,REP,Donald J. TRUMP/ JD VANCE,333
Weber,OGD21,President,,1,GRN,Jill STEIN / Rudolph WARE,9
Weber,OGD21,President,,1,LBT,Chase OLIVER / Mike ter MAAT,6
Weber,OGD21,President,,1,,Cornel Ronald WEST / Melina ABDULLAH,3
Weber,OGD21,President,,1,,Claudia de la CRUZ / Karina Alexandra GARCIA,3
Weber,OGD21,President,,1,,"Lucifer ""JUSTIN CASE"" EVERYLOVE",2
Weber,OGD21,President,,1,CON,Joel SKOUSEN / Rik COMBS,2
Weber,OGD21,President,,1,,Write-In Totals,10
Weber,OGD21,U.S. Senate,,1,DEM,Caroline GLEICH,456
Weber,OGD21,U.S. Senate,,1,REP,John CURTIS,334
Weber,OGD21,U.S. Senate,,1,IAP,Carleton E. BOWEN,34
Weber,OGD21,U.S. Senate,,1,,Write-In Totals,3
Weber,OGD21,U.S. House,1,1,DEM,Bill CAMPBELL,430
Weber,OGD21,U.S. House,1,1,REP,Blake D. MOORE,330
Weber,OGD21,U.S. House,1,1,LBT,Daniel R. COTTAM,42
Weber,OGD21,Governor,,1,DEM,Brian SMITH KING / Rebekah CUMMINGS,422
Weber,OGD21,Governor,,1,REP,Spencer J. COX / Deidre M. HENDERSON,322
Weber,OGD21,Governor,,1,LBT,J. Robert LATHAM / Barry Evan SHORT,31
Weber,OGD21,Governor,,1,IAP,Tommy WILLIAMS / Archie A. WILLIAMS III,17
Weber,OGD21,Governor,,1,,Tom TOMENY / William LANSING TAYLOR,4
Weber,OGD21,Governor,,1,,Write-In Totals,43
Weber,OGD21,Attorney General,,1,DEM,Rudy J BAUTISTA,405
Weber,OGD21,Attorney General,,1,REP,Derek BROWN,295
Weber,OGD21,Attorney General,,1,UUP,Michelle QUIST,68
Weber,OGD21,Attorney General,,1,LBT,W. Andrew McCULLOUGH,34
Weber,OGD21,Attorney General,,1,,Austin HEPWORTH,15
Weber,OGD21,State Auditor,,1,DEM,Catherine VOUTAZ,441
Weber,OGD21,State Auditor,,1,REP,Tina CANNON,328
Weber,OGD21,State Auditor,,1,CON,Jeffery L. OSTLER,36
Weber,OGD21,State Treasurer,,1,DEM,Neil A HANSEN,401
Weber,OGD21,State Treasurer,,1,REP,Marlo M. OAKS,338
Weber,OGD21,State Treasurer,,1,UFP,Miles POMEROY,60
Weber,OGD21,State House,9,1,DEM,Angela CHOBERKA,499
Weber,OGD21,State House,9,1,REP,Jake SAWYER,298
Weber,OGD21,State House,9,1,LBT,Jacob K. JOHNSON,27
Weber,OGD21,County Commission,C,1,DEM,Steven VAN WAGONER,453
Weber,OGD21,County Commission,C,1,REP,Jim HARVEY,309
Weber,OGD21,County Commission,C,1,LBT,Brian K ROWLEY,51
Weber,OGD21,County Assessor,,1,REP,John E. ULIBARRI,511
Weber,OGD21,County Recorder/Surveyor,,1,REP,Bahy RAHIMZADEGAN,487
Weber,OGD21,County Treasurer,,1,REP,Lynelle JENSEN,518
Weber,OGD21,Retain Supreme Court Justice-Matthew B. DURRANT,,1,,Yes,482
Weber,OGD21,Retain Supreme Court Justice-Matthew B. DURRANT,,1,,No,201
Weber,OGD21,Retain Appeals Court Judge-Ryan D. TENNEY,,1,,Yes,482
Weber,OGD21,Retain Appeals Court Judge-Ryan D. TENNEY,,1,,No,192
Weber,OGD21,Retain 2nd District Circuit Court Judge-Joseph M. BEAN,,1,,Yes,478
Weber,OGD21,Retain 2nd District Circuit Court Judge-Joseph M. BEAN,,1,,No,194
Weber,OGD21,Retain 2nd District Circuit Court Judge-Ronald G. RUSSELL,,1,,Yes,503
Weber,OGD21,Retain 2nd District Circuit Court Judge-Ronald G. RUSSELL,,1,,No,173
Weber,OGD21,Retain 2nd District Circuit Court Judge-Christina Patricia ORTEGA,,1,,Yes,520
Weber,OGD21,Retain 2nd District Circuit Court Judge-Christina Patricia ORTEGA,,1,,No,166
Weber,OGD21,Retain 2nd District Circuit Court Judge-Craig HALL,,1,,Yes,470
Weber,OGD21,Retain 2nd District Circuit Court Judge-Craig HALL,,1,,No,199
Weber,OGD21,Retain 2nd District Circuit Court Judge-Michael Drio DIREDA,,1,,Yes,493
Weber,OGD21,Retain 2nd District Circuit Court Judge-Michael Drio DIREDA,,1,,No,185
Weber,OGD21,Retain 2nd District Juvenile Circuit Court Judge-Tasha WILLIAMS,,1,,Yes,522
Weber,OGD21,Retain 2nd District Juvenile Circuit Court Judge-Tasha WILLIAMS,,1,,No,160
Weber,OGD21,Constitutional Amendment B,,1,,For,627
Weber,OGD21,Constitutional Amendment B,,1,,Against,171
Weber,OGD21,Constitutional Amendment C,,1,,For,677
Weber,OGD21,Constitutional Amendment C,,1,,Against,124
Weber,OGD21,Proposition 19,,1,,Yes,596
Weber,OGD21,Proposition 19,,1,,No,212
Weber,OGD22,Registered Voters,,,,,645
Weber,OGD22,Ballots Cast,,,,,481
Weber,OGD22,President,,1,DEM,Kamala D. HARRIS / Tim WALZ,271
Weber,OGD22,President,,1,REP,Donald J. TRUMP/ JD VANCE,180
Weber,OGD22,President,,1,LBT,Chase OLIVER / Mike ter MAAT,8
Weber,OGD22,President,,1,GRN,Jill STEIN / Rudolph WARE,5
Weber,OGD22,President,,1,,Claudia de la CRUZ / Karina Alexandra GARCIA,3
Weber,OGD22,President,,1,,Cornel Ronald WEST / Melina ABDULLAH,2
Weber,OGD22,President,,1,CON,Joel SKOUSEN / Rik COMBS,2
Weber,OGD22,President,,1,,"Lucifer ""JUSTIN CASE"" EVERYLOVE",0
Weber,OGD22,President,,1,,Write-In Totals,5
Weber,OGD22,U.S. Senate,,1,DEM,Caroline GLEICH,256
Weber,OGD22,U.S. Senate,,1,REP,John CURTIS,174
Weber,OGD22,U.S. Senate,,1,IAP,Carleton E. BOWEN,29
Weber,OGD22,U.S. Senate,,1,,Write-In Totals,1
Weber,OGD22,U.S. House,1,1,DEM,Bill CAMPBELL,236
Weber,OGD22,U.S. House,1,1,REP,Blake D. MOORE,188
Weber,OGD22,U.S. House,1,1,LBT,Daniel R. COTTAM,28
Weber,OGD22,Governor,,1,DEM,Brian SMITH KING / Rebekah CUMMINGS,222
Weber,OGD22,Governor,,1,REP,Spencer J. COX / Deidre M. HENDERSON,175
Weber,OGD22,Governor,,1,LBT,J. Robert LATHAM / Barry Evan SHORT,28
Weber,OGD22,Governor,,1,IAP,Tommy WILLIAMS / Archie A. WILLIAMS III,15
Weber,OGD22,Governor,,1,,Tom TOMENY / William LANSING TAYLOR,3
Weber,OGD22,Governor,,1,,Write-In Totals,23
Weber,OGD22,Attorney General,,1,DEM,Rudy J BAUTISTA,220
Weber,OGD22,Attorney General,,1,REP,Derek BROWN,155
Weber,OGD22,Attorney General,,1,UUP,Michelle QUIST,42
Weber,OGD22,Attorney General,,1,LBT,W. Andrew McCULLOUGH,27
Weber,OGD22,Attorney General,,1,,Austin HEPWORTH,10
Weber,OGD22,State Auditor,,1,DEM,Catherine VOUTAZ,248
Weber,OGD22,State Auditor,,1,REP,Tina CANNON,171
Weber,OGD22,State Auditor,,1,CON,Jeffery L. OSTLER,27
Weber,OGD22,State Treasurer,,1,DEM,Neil A HANSEN,231
Weber,OGD22,State Treasurer,,1,REP,Marlo M. OAKS,170
Weber,OGD22,State Treasurer,,1,UFP,Miles POMEROY,42
Weber,OGD22,State House,9,1,DEM,Angela CHOBERKA,258
Weber,OGD22,State House,9,1,REP,Jake SAWYER,168
Weber,OGD22,State House,9,1,LBT,Jacob K. JOHNSON,34
Weber,OGD22,County Commission,C,1,DEM,Steven VAN WAGONER,251
Weber,OGD22,County Commission,C,1,REP,Jim HARVEY,166
Weber,OGD22,County Commission,C,1,LBT,Brian K ROWLEY,40
Weber,OGD22,County Assessor,,1,REP,John E. ULIBARRI,312
Weber,OGD22,County Recorder/Surveyor,,1,REP,Bahy RAHIMZADEGAN,293
Weber,OGD22,County Treasurer,,1,REP,Lynelle JENSEN,305
Weber,OGD22,Retain Supreme Court Justice-Matthew B. DURRANT,,1,,Yes,259
Weber,OGD22,Retain Supreme Court Justice-Matthew B. DURRANT,,1,,No,128
Weber,OGD22,Retain Appeals Court Judge-Ryan D. TENNEY,,1,,Yes,261
Weber,OGD22,Retain Appeals Court Judge-Ryan D. TENNEY,,1,,No,116
Weber,OGD22,Retain 2nd District Circuit Court Judge-Joseph M. BEAN,,1,,Yes,254
Weber,OGD22,Retain 2nd District Circuit Court Judge-Joseph M. BEAN,,1,,No,115
Weber,OGD22,Retain 2nd District Circuit Court Judge-Ronald G. RUSSELL,,1,,Yes,267
Weber,OGD22,Retain 2nd District Circuit Court Judge-Ronald G. RUSSELL,,1,,No,109
Weber,OGD22,Retain 2nd District Circuit Court Judge-Christina Patricia ORTEGA,,1,,Yes,287
Weber,OGD22,Retain 2nd District Circuit Court Judge-Christina Patricia ORTEGA,,1,,No,99
Weber,OGD22,Retain 2nd District Circuit Court Judge-Craig HALL,,1,,Yes,252
Weber,OGD22,Retain 2nd District Circuit Court Judge-Craig HALL,,1,,No,120
Weber,OGD22,Retain 2nd District Circuit Court Judge-Michael Drio DIREDA,,1,,Yes,278
Weber,OGD22,Retain 2nd District Circuit Court Judge-Michael Drio DIREDA,,1,,No,97
Weber,OGD22,Retain 2nd District Juvenile Circuit Court Judge-Tasha WILLIAMS,,1,,Yes,291
Weber,OGD22,Retain 2nd District Juvenile Circuit Court Judge-Tasha WILLIAMS,,1,,No,85
Weber,OGD22,Constitutional Amendment B,,1,,For,324
Weber,OGD22,Constitutional Amendment B,,1,,Against,113
Weber,OGD22,Constitutional Amendment C,,1,,For,374
Weber,OGD22,Constitutional Amendment C,,1,,Against,64
Weber,OGD22,Proposition 19,,1,,Yes,340
Weber,OGD22,Proposition 19,,1,,No,100
Weber,OGD23,Registered Voters,,,,,924
Weber,OGD23,Ballots Cast,,,,,769
Weber,OGD23,President,,1,DEM,Kamala D. HARRIS / Tim WALZ,401
Weber,OGD23,President,,1,REP,Donald J. TRUMP/ JD VANCE,331
Weber,OGD23,President,,1,LBT,Chase OLIVER / Mike ter MAAT,9
Weber,OGD23,President,,1,GRN,Jill STEIN / Rudolph WARE,7
Weber,OGD23,President,,1,,Claudia de la CRUZ / Karina Alexandra GARCIA,6
Weber,OGD23,President,,1,,"Lucifer ""JUSTIN CASE"" EVERYLOVE",3
Weber,OGD23,President,,1,CON,Joel SKOUSEN / Rik COMBS,2
Weber,OGD23,President,,1,,Cornel Ronald WEST / Melina ABDULLAH,1
Weber,OGD23,President,,1,,Write-In Totals,5
Weber,OGD23,U.S. Senate,,1,DEM,Caroline GLEICH,376
Weber,OGD23,U.S. Senate,,1,REP,John CURTIS,312
Weber,OGD23,U.S. Senate,,1,IAP,Carleton E. BOWEN,49
Weber,OGD23,U.S. Senate,,1,,Write-In Totals,4
Weber,OGD23,U.S. House,1,1,DEM,Bill CAMPBELL,356
Weber,OGD23,U.S. House,1,1,REP,Blake D. MOORE,314
Weber,OGD23,U.S. House,1,1,LBT,Daniel R. COTTAM,54
Weber,OGD23,Governor,,1,DEM,Brian SMITH KING / Rebekah CUMMINGS,321
Weber,OGD23,Governor,,1,REP,Spencer J. COX / Deidre M. HENDERSON,297
Weber,OGD23,Governor,,1,LBT,J. Robert LATHAM / Barry Evan SHORT,39
Weber,OGD23,Governor,,1,IAP,Tommy WILLIAMS / Archie A. WILLIAMS III,18
Weber,OGD23,Governor,,1,,Tom TOMENY / William LANSING TAYLOR,1
Weber,OGD23,Governor,,1,,Write-In Totals,71
Weber,OGD23,Attorney General,,1,DEM,Rudy J BAUTISTA,333
Weber,OGD23,Attorney General,,1,REP,Derek BROWN,280
Weber,OGD23,Attorney General,,1,UUP,Michelle QUIST,44
Weber,OGD23,Attorney General,,1,LBT,W. Andrew McCULLOUGH,42
Weber,OGD23,Attorney General,,1,,Austin HEPWORTH,23
Weber,OGD23,State Auditor,,1,DEM,Catherine VOUTAZ,351
Weber,OGD23,State Auditor,,1,REP,Tina CANNON,331
Weber,OGD23,State Auditor,,1,CON,Jeffery L. OSTLER,34
Weber,OGD23,State Treasurer,,1,DEM,Neil A HANSEN,337
Weber,OGD23,State Treasurer,,1,REP,Marlo M. OAKS,322
Weber,OGD23,State Treasurer,,1,UFP,Miles POMEROY,52
Weber,OGD23,State Senate,3,1,DEM,Stacy BERNAL,423
Weber,OGD23,State Senate,3,1,REP,John D. JOHNSON,306
Weber,OGD23,State House,8,1,REP,Jason B KYLE,432
Weber,OGD23,County Commission,C,1,DEM,Steven VAN WAGONER,375
Weber,OGD23,County Commission,C,1,REP,Jim HARVEY,287
Weber,OGD23,County Commission,C,1,LBT,Brian K ROWLEY,61
Weber,OGD23,County Assessor,,1,REP,John E. ULIBARRI,474
Weber,OGD23,County Recorder/Surveyor,,1,REP,Bahy RAHIMZADEGAN,467
Weber,OGD23,County Treasurer,,1,REP,Lynelle JENSEN,477
Weber,OGD23,Retain Supreme Court Justice-Matthew B. DURRANT,,1,,Yes,399
Weber,OGD23,Retain Supreme Court Justice-Matthew B. DURRANT,,1,,No,201
Weber,OGD23,Retain Appeals Court Judge-Ryan D. TENNEY,,1,,Yes,401
Weber,OGD23,Retain Appeals Court Judge-Ryan D. TENNEY,,1,,No,182
Weber,OGD23,Retain 2nd District Circuit Court Judge-Joseph M. BEAN,,1,,Yes,397
Weber,OGD23,Retain 2nd District Circuit Court Judge-Joseph M. BEAN,,1,,No,192
Weber,OGD23,Retain 2nd District Circuit Court Judge-Ronald G. RUSSELL,,1,,Yes,415
Weber,OGD23,Retain 2nd District Circuit Court Judge-Ronald G. RUSSELL,,1,,No,172
Weber,OGD23,Retain 2nd District Circuit Court Judge-Christina Patricia ORTEGA,,1,,Yes,432
Weber,OGD23,Retain 2nd District Circuit Court Judge-Christina Patricia ORTEGA,,1,,No,158
Weber,OGD23,Retain 2nd District Circuit Court Judge-Craig HALL,,1,,Yes,386
Weber,OGD23,Retain 2nd District Circuit Court Judge-Craig HALL,,1,,No,196
Weber,OGD23,Retain 2nd District Circuit Court Judge-Michael Drio DIREDA,,1,,Yes,423
Weber,OGD23,Retain 2nd District Circuit Court Judge-Michael Drio DIREDA,,1,,No,165
Weber,OGD23,Retain 2nd District Juvenile Circuit Court Judge-Tasha WILLIAMS,,1,,Yes,451
Weber,OGD23,Retain 2nd District Juvenile Circuit Court Judge-Tasha WILLIAMS,,1,,No,140
Weber,OGD23,Constitutional Amendment B,,1,,For,499
Weber,OGD23,Constitutional Amendment B,,1,,Against,210
Weber,OGD23,Constitutional Amendment C,,1,,For,571
Weber,OGD23,Constitutional Amendment C,,1,,Against,136
Weber,OGD23,Proposition 19,,1,,Yes,537
Weber,OGD23,Proposition 19,,1,,No,197
Weber,OGD24,Registered Voters,,,,,1099
Weber,OGD24,Ballots Cast,,,,,833
Weber,OGD24,President,,1,DEM,Kamala D. HARRIS / Tim WALZ,476
Weber,OGD24,President,,1,REP,Donald J. TRUMP/ JD VANCE,311
Weber,OGD24,President,,1,GRN,Jill STEIN / Rudolph WARE,8
Weber,OGD24,President,,1,LBT,Chase OLIVER / Mike ter MAAT,8
Weber,OGD24,President,,1,,Claudia de la CRUZ / Karina Alexandra GARCIA,5
Weber,OGD24,President,,1,,Cornel Ronald WEST / Melina ABDULLAH,4
Weber,OGD24,President,,1,CON,Joel SKOUSEN / Rik COMBS,4
Weber,OGD24,President,,1,,"Lucifer ""JUSTIN CASE"" EVERYLOVE",3
Weber,OGD24,President,,1,,Write-In Totals,4
Weber,OGD24,U.S. Senate,,1,DEM,Caroline GLEICH,439
Weber,OGD24,U.S. Senate,,1,REP,John CURTIS,293
Weber,OGD24,U.S. Senate,,1,IAP,Carleton E. BOWEN,49
Weber,OGD24,U.S. Senate,,1,,Write-In Totals,7
Weber,OGD24,U.S. House,1,1,DEM,Bill CAMPBELL,406
Weber,OGD24,U.S. House,1,1,REP,Blake D. MOORE,313
Weber,OGD24,U.S. House,1,1,LBT,Daniel R. COTTAM,51
Weber,OGD24,Governor,,1,DEM,Brian SMITH KING / Rebekah CUMMINGS,401
Weber,OGD24,Governor,,1,REP,Spencer J. COX / Deidre M. HENDERSON,300
Weber,OGD24,Governor,,1,LBT,J. Robert LATHAM / Barry Evan SHORT,38
Weber,OGD24,Governor,,1,IAP,Tommy WILLIAMS / Archie A. WILLIAMS III,13
Weber,OGD24,Governor,,1,,Tom TOMENY / William LANSING TAYLOR,6
Weber,OGD24,Governor,,1,,Write-In Totals,49
Weber,OGD24,Attorney General,,1,DEM,Rudy J BAUTISTA,358
Weber,OGD24,Attorney General,,1,REP,Derek BROWN,257
Weber,OGD24,Attorney General,,1,UUP,Michelle QUIST,82
Weber,OGD24,Attorney General,,1,LBT,W. Andrew McCULLOUGH,57
Weber,OGD24,Attorney General,,1,,Austin HEPWORTH,39
Weber,OGD24,State Auditor,,1,DEM,Catherine VOUTAZ,418
Weber,OGD24,State Auditor,,1,REP,Tina CANNON,298
Weber,OGD24,State Auditor,,1,CON,Jeffery L. OSTLER,53
Weber,OGD24,State Treasurer,,1,DEM,Neil A HANSEN,381
Weber,OGD24,State Treasurer,,1,REP,Marlo M. OAKS,317
Weber,OGD24,State Treasurer,,1,UFP,Miles POMEROY,77
Weber,OGD24,State House,9,1,DEM,Angela CHOBERKA,474
Weber,OGD24,State House,9,1,REP,Jake SAWYER,274
Weber,OGD24,State House,9,1,LBT,Jacob K. JOHNSON,49
Weber,OGD24,County Commission,C,1,DEM,Steven VAN WAGONER,456
Weber,OGD24,County Commission,C,1,REP,Jim HARVEY,265
Weber,OGD24,County Commission,C,1,LBT,Brian K ROWLEY,64
Weber,OGD24,County Assessor,,1,REP,John E. ULIBARRI,532
Weber,OGD24,County Recorder/Surveyor,,1,REP,Bahy RAHIMZADEGAN,500
Weber,OGD24,County Treasurer,,1,REP,Lynelle JENSEN,535
Weber,OGD24,Retain Supreme Court Justice-Matthew B. DURRANT,,1,,Yes,474
Weber,OGD24,Retain Supreme Court Justice-Matthew B. DURRANT,,1,,No,197
Weber,OGD24,Retain Appeals Court Judge-Ryan D. TENNEY,,1,,Yes,471
Weber,OGD24,Retain Appeals Court Judge-Ryan D. TENNEY,,1,,No,186
Weber,OGD24,Retain 2nd District Circuit Court Judge-Joseph M. BEAN,,1,,Yes,474
Weber,OGD24,Retain 2nd District Circuit Court Judge-Joseph M. BEAN,,1,,No,181
Weber,OGD24,Retain 2nd District Circuit Court Judge-Ronald G. RUSSELL,,1,,Yes,480
Weber,OGD24,Retain 2nd District Circuit Court Judge-Ronald G. RUSSELL,,1,,No,172
Weber,OGD24,Retain 2nd District Circuit Court Judge-Christina Patricia ORTEGA,,1,,Yes,506
Weber,OGD24,Retain 2nd District Circuit Court Judge-Christina Patricia ORTEGA,,1,,No,161
Weber,OGD24,Retain 2nd District Circuit Court Judge-Craig HALL,,1,,Yes,445
Weber,OGD24,Retain 2nd District Circuit Court Judge-Craig HALL,,1,,No,202
Weber,OGD24,Retain 2nd District Circuit Court Judge-Michael Drio DIREDA,,1,,Yes,489
Weber,OGD24,Retain 2nd District Circuit Court Judge-Michael Drio DIREDA,,1,,No,168
Weber,OGD24,Retain 2nd District Juvenile Circuit Court Judge-Tasha WILLIAMS,,1,,Yes,519
Weber,OGD24,Retain 2nd District Juvenile Circuit Court Judge-Tasha WILLIAMS,,1,,No,140
Weber,OGD24,Constitutional Amendment B,,1,,For,602
Weber,OGD24,Constitutional Amendment B,,1,,Against,177
Weber,OGD24,Constitutional Amendment C,,1,,For,633
Weber,OGD24,Constitutional Amendment C,,1,,Against,140
Weber,OGD24,Proposition 19,,1,,Yes,600
Weber,OGD24,Proposition 19,,1,,No,189
Weber,OGD25,Registered Voters,,,,,785
Weber,OGD25,Ballots Cast,,,,,670
Weber,OGD25,President,,1,DEM,Kamala D. HARRIS / Tim WALZ,394
Weber,OGD25,President,,1,REP,Donald J. TRUMP/ JD VANCE,244
Weber,OGD25,President,,1,LBT,Chase OLIVER / Mike ter MAAT,9
Weber,OGD25,President,,1,GRN,Jill STEIN / Rudolph WARE,6
Weber,OGD25,President,,1,,Cornel Ronald WEST / Melina ABDULLAH,3
Weber,OGD25,President,,1,,"Lucifer ""JUSTIN CASE"" EVERYLOVE",3
Weber,OGD25,President,,1,,Claudia de la CRUZ / Karina Alexandra GARCIA,3
Weber,OGD25,President,,1,CON,Joel SKOUSEN / Rik COMBS,1
Weber,OGD25,President,,1,,Write-In Totals,4
Weber,OGD25,U.S. Senate,,1,DEM,Caroline GLEICH,362
Weber,OGD25,U.S. Senate,,1,REP,John CURTIS,250
Weber,OGD25,U.S. Senate,,1,IAP,Carleton E. BOWEN,32
Weber,OGD25,U.S. Senate,,1,,Write-In Totals,3
Weber,OGD25,U.S. House,1,1,DEM,Bill CAMPBELL,344
Weber,OGD25,U.S. House,1,1,REP,Blake D. MOORE,258
Weber,OGD25,U.S. House,1,1,LBT,Daniel R. COTTAM,33
Weber,OGD25,Governor,,1,DEM,Brian SMITH KING / Rebekah CUMMINGS,322
Weber,OGD25,Governor,,1,REP,Spencer J. COX / Deidre M. HENDERSON,234
Weber,OGD25,Governor,,1,LBT,J. Robert LATHAM / Barry Evan SHORT,31
Weber,OGD25,Governor,,1,IAP,Tommy WILLIAMS / Archie A. WILLIAMS III,13
Weber,OGD25,Governor,,1,,Tom TOMENY / William LANSING TAYLOR,1
Weber,OGD25,Governor,,1,,Write-In Totals,51
Weber,OGD25,Attorney General,,1,DEM,Rudy J BAUTISTA,315
Weber,OGD25,Attorney General,,1,REP,Derek BROWN,215
Weber,OGD25,Attorney General,,1,UUP,Michelle QUIST,55
Weber,OGD25,Attorney General,,1,LBT,W. Andrew McCULLOUGH,38
Weber,OGD25,Attorney General,,1,,Austin HEPWORTH,23
Weber,OGD25,State Auditor,,1,DEM,Catherine VOUTAZ,359
Weber,OGD25,State Auditor,,1,REP,Tina CANNON,239
Weber,OGD25,State Auditor,,1,CON,Jeffery L. OSTLER,34
Weber,OGD25,State Treasurer,,1,DEM,Neil A HANSEN,322
Weber,OGD25,State Treasurer,,1,REP,Marlo M. OAKS,264
Weber,OGD25,State Treasurer,,1,UFP,Miles POMEROY,42
Weber,OGD25,State House,8,1,REP,Jason B KYLE,379
Weber,OGD25,County Commission,C,1,DEM,Steven VAN WAGONER,370
Weber,OGD25,County Commission,C,1,REP,Jim HARVEY,223
Weber,OGD25,County Commission,C,1,LBT,Brian K ROWLEY,49
Weber,OGD25,County Assessor,,1,REP,John E. ULIBARRI,421
Weber,OGD25,County Recorder/Surveyor,,1,REP,Bahy RAHIMZADEGAN,417
Weber,OGD25,County Treasurer,,1,REP,Lynelle JENSEN,432
Weber,OGD25,Retain Supreme Court Justice-Matthew B. DURRANT,,1,,Yes,378
Weber,OGD25,Retain Supreme Court Justice-Matthew B. DURRANT,,1,,No,160
Weber,OGD25,Retain Appeals Court Judge-Ryan D. TENNEY,,1,,Yes,382
Weber,OGD25,Retain Appeals Court Judge-Ryan D. TENNEY,,1,,No,148
Weber,OGD25,Retain 2nd District Circuit Court Judge-Joseph M. BEAN,,1,,Yes,369
Weber,OGD25,Retain 2nd District Circuit Court Judge-Joseph M. BEAN,,1,,No,166
Weber,OGD25,Retain 2nd District Circuit Court Judge-Ronald G. RUSSELL,,1,,Yes,401
Weber,OGD25,Retain 2nd District Circuit Court Judge-Ronald G. RUSSELL,,1,,No,135
Weber,OGD25,Retain 2nd District Circuit Court Judge-Christina Patricia ORTEGA,,1,,Yes,404
Weber,OGD25,Retain 2nd District Circuit Court Judge-Christina Patricia ORTEGA,,1,,No,132
Weber,OGD25,Retain 2nd District Circuit Court Judge-Craig HALL,,1,,Yes,368
Weber,OGD25,Retain 2nd District Circuit Court Judge-Craig HALL,,1,,No,166
Weber,OGD25,Retain 2nd District Circuit Court Judge-Michael Drio DIREDA,,1,,Yes,397
Weber,OGD25,Retain 2nd District Circuit Court Judge-Michael Drio DIREDA,,1,,No,138
Weber,OGD25,Retain 2nd District Juvenile Circuit Court Judge-Tasha WILLIAMS,,1,,Yes,412
Weber,OGD25,Retain 2nd District Juvenile Circuit Court Judge-Tasha WILLIAMS,,1,,No,127
Weber,OGD25,Constitutional Amendment B,,1,,For,462
Weber,OGD25,Constitutional Amendment B,,1,,Against,167
Weber,OGD25,Constitutional Amendment C,,1,,For,514
Weber,OGD25,Constitutional Amendment C,,1,,Against,114
Weber,OGD25,Proposition 19,,1,,Yes,489
Weber,OGD25,Proposition 19,,1,,No,149
Weber,OGD26,Registered Voters,,,,,629
Weber,OGD26,Ballots Cast,,,,,555
Weber,OGD26,President,,1,DEM,Kamala D. HARRIS / Tim WALZ,322
Weber,OGD26,President,,1,REP,Donald J. TRUMP/ JD VANCE,196
Weber,OGD26,President,,1,GRN,Jill STEIN / Rudolph WARE,12
Weber,OGD26,President,,1,LBT,Chase OLIVER / Mike ter MAAT,6
Weber,OGD26,President,,1,CON,Joel SKOUSEN / Rik COMBS,4
Weber,OGD26,President,,1,,"Lucifer ""JUSTIN CASE"" EVERYLOVE",1
Weber,OGD26,President,,1,,Claudia de la CRUZ / Karina Alexandra GARCIA,1
Weber,OGD26,President,,1,,Cornel Ronald WEST / Melina ABDULLAH,0
Weber,OGD26,President,,1,,Write-In Totals,6
Weber,OGD26,U.S. Senate,,1,DEM,Caroline GLEICH,301
Weber,OGD26,U.S. Senate,,1,REP,John CURTIS,216
Weber,OGD26,U.S. Senate,,1,IAP,Carleton E. BOWEN,18
Weber,OGD26,U.S. Senate,,1,,Write-In Totals,0
Weber,OGD26,U.S. House,1,1,DEM,Bill CAMPBELL,282
Weber,OGD26,U.S. House,1,1,REP,Blake D. MOORE,226
Weber,OGD26,U.S. House,1,1,LBT,Daniel R. COTTAM,26
Weber,OGD26,Governor,,1,DEM,Brian SMITH KING / Rebekah CUMMINGS,261
Weber,OGD26,Governor,,1,REP,Spencer J. COX / Deidre M. HENDERSON,218
Weber,OGD26,Governor,,1,LBT,J. Robert LATHAM / Barry Evan SHORT,24
Weber,OGD26,Governor,,1,IAP,Tommy WILLIAMS / Archie A. WILLIAMS III,9
Weber,OGD26,Governor,,1,,Tom TOMENY / William LANSING TAYLOR,1
Weber,OGD26,Governor,,1,,Write-In Totals,32
Weber,OGD26,Attorney General,,1,DEM,Rudy J BAUTISTA,251
Weber,OGD26,Attorney General,,1,REP,Derek BROWN,193
Weber,OGD26,Attorney General,,1,UUP,Michelle QUIST,47
Weber,OGD26,Attorney General,,1,LBT,W. Andrew McCULLOUGH,29
Weber,OGD26,Attorney General,,1,,Austin HEPWORTH,8
Weber,OGD26,State Auditor,,1,DEM,Catherine VOUTAZ,282
Weber,OGD26,State Auditor,,1,REP,Tina CANNON,207
Weber,OGD26,State Auditor,,1,CON,Jeffery L. OSTLER,28
Weber,OGD26,State Treasurer,,1,DEM,Neil A HANSEN,268
Weber,OGD26,State Treasurer,,1,REP,Marlo M. OAKS,215
Weber,OGD26,State Treasurer,,1,UFP,Miles POMEROY,32
Weber,OGD26,State Senate,3,1,DEM,Stacy BERNAL,328
Weber,OGD26,State Senate,3,1,REP,John D. JOHNSON,201
Weber,OGD26,State House,8,1,REP,Jason B KYLE,297
Weber,OGD26,County Commission,C,1,DEM,Steven VAN WAGONER,288
Weber,OGD26,County Commission,C,1,REP,Jim HARVEY,193
Weber,OGD26,County Commission,C,1,LBT,Brian K ROWLEY,37
Weber,OGD26,County Assessor,,1,REP,John E. ULIBARRI,341
Weber,OGD26,County Recorder/Surveyor,,1,REP,Bahy RAHIMZADEGAN,335
Weber,OGD26,County Treasurer,,1,REP,Lynelle JENSEN,340
Weber,OGD26,Retain Supreme Court Justice-Matthew B. DURRANT,,1,,Yes,323
Weber,OGD26,Retain Supreme Court Justice-Matthew B. DURRANT,,1,,No,102
Weber,OGD26,Retain Appeals Court Judge-Ryan D. TENNEY,,1,,Yes,324
Weber,OGD26,Retain Appeals Court Judge-Ryan D. TENNEY,,1,,No,95
Weber,OGD26,Retain 2nd District Circuit Court Judge-Joseph M. BEAN,,1,,Yes,324
Weber,OGD26,Retain 2nd District Circuit Court Judge-Joseph M. BEAN,,1,,No,98
Weber,OGD26,Retain 2nd District Circuit Court Judge-Ronald G. RUSSELL,,1,,Yes,328
Weber,OGD26,Retain 2nd District Circuit Court Judge-Ronald G. RUSSELL,,1,,No,94
Weber,OGD26,Retain 2nd District Circuit Court Judge-Christina Patricia ORTEGA,,1,,Yes,334
Weber,OGD26,Retain 2nd District Circuit Court Judge-Christina Patricia ORTEGA,,1,,No,91
Weber,OGD26,Retain 2nd District Circuit Court Judge-Craig HALL,,1,,Yes,310
Weber,OGD26,Retain 2nd District Circuit Court Judge-Craig HALL,,1,,No,110
Weber,OGD26,Retain 2nd District Circuit Court Judge-Michael Drio DIREDA,,1,,Yes,334
Weber,OGD26,Retain 2nd District Circuit Court Judge-Michael Drio DIREDA,,1,,No,93
Weber,OGD26,Retain 2nd District Juvenile Circuit Court Judge-Tasha WILLIAMS,,1,,Yes,352
Weber,OGD26,Retain 2nd District Juvenile Circuit Court Judge-Tasha WILLIAMS,,1,,No,73
Weber,OGD26,Constitutional Amendment B,,1,,For,376
Weber,OGD26,Constitutional Amendment B,,1,,Against,147
Weber,OGD26,Constitutional Amendment C,,1,,For,414
Weber,OGD26,Constitutional Amendment C,,1,,Against,104
Weber,OGD26,Proposition 19,,1,,Yes,419
Weber,OGD26,Proposition 19,,1,,No,112
Weber,OGD27,Registered Voters,,,,,497
Weber,OGD27,Ballots Cast,,,,,359
Weber,OGD27,President,,1,DEM,Kamala D. HARRIS / Tim WALZ,187
Weber,OGD27,President,,1,REP,Donald J. TRUMP/ JD VANCE,150
Weber,OGD27,President,,1,LBT,Chase OLIVER / Mike ter MAAT,7
Weber,OGD27,President,,1,GRN,Jill STEIN / Rudolph WARE,5
Weber,OGD27,President,,1,,Claudia de la CRUZ / Karina Alexandra GARCIA,5
Weber,OGD27,President,,1,CON,Joel SKOUSEN / Rik COMBS,3
Weber,OGD27,President,,1,,Cornel Ronald WEST / Melina ABDULLAH,0
Weber,OGD27,President,,1,,"Lucifer ""JUSTIN CASE"" EVERYLOVE",0
Weber,OGD27,President,,1,,Write-In Totals,0
Weber,OGD27,U.S. Senate,,1,DEM,Caroline GLEICH,187
Weber,OGD27,U.S. Senate,,1,REP,John CURTIS,130
Weber,OGD27,U.S. Senate,,1,IAP,Carleton E. BOWEN,26
Weber,OGD27,U.S. Senate,,1,,Write-In Totals,2
Weber,OGD27,U.S. House,1,1,DEM,Bill CAMPBELL,178
Weber,OGD27,U.S. House,1,1,REP,Blake D. MOORE,136
Weber,OGD27,U.S. House,1,1,LBT,Daniel R. COTTAM,28
Weber,OGD27,Governor,,1,DEM,Brian SMITH KING / Rebekah CUMMINGS,165
Weber,OGD27,Governor,,1,REP,Spencer J. COX / Deidre M. HENDERSON,126
Weber,OGD27,Governor,,1,IAP,Tommy WILLIAMS / Archie A. WILLIAMS III,16
Weber,OGD27,Governor,,1,LBT,J. Robert LATHAM / Barry Evan SHORT,14
Weber,OGD27,Governor,,1,,Tom TOMENY / William LANSING TAYLOR,3
Weber,OGD27,Governor,,1,,Write-In Totals,23
Weber,OGD27,Attorney General,,1,DEM,Rudy J BAUTISTA,163
Weber,OGD27,Attorney General,,1,REP,Derek BROWN,128
Weber,OGD27,Attorney General,,1,UUP,Michelle QUIST,22
Weber,OGD27,Attorney General,,1,LBT,W. Andrew McCULLOUGH,20
Weber,OGD27,Attorney General,,1,,Austin HEPWORTH,9
Weber,OGD27,State Auditor,,1,DEM,Catherine VOUTAZ,183
Weber,OGD27,State Auditor,,1,REP,Tina CANNON,126
Weber,OGD27,State Auditor,,1,CON,Jeffery L. OSTLER,29
Weber,OGD27,State Treasurer,,1,DEM,Neil A HANSEN,174
Weber,OGD27,State Treasurer,,1,REP,Marlo M. OAKS,130
Weber,OGD27,State Treasurer,,1,UFP,Miles POMEROY,29
Weber,OGD27,State House,10,1,DEM,Rosemary LESSER,194
Weber,OGD27,State House,10,1,REP,Jill KOFORD,149
Weber,OGD27,County Commission,C,1,DEM,Steven VAN WAGONER,178
Weber,OGD27,County Commission,C,1,REP,Jim HARVEY,120
Weber,OGD27,County Commission,C,1,LBT,Brian K ROWLEY,47
Weber,OGD27,County Assessor,,1,REP,John E. ULIBARRI,221
Weber,OGD27,County Recorder/Surveyor,,1,REP,Bahy RAHIMZADEGAN,223
Weber,OGD27,County Treasurer,,1,REP,Lynelle JENSEN,223
Weber,OGD27,Retain Supreme Court Justice-Matthew B. DURRANT,,1,,Yes,184
Weber,OGD27,Retain Supreme Court Justice-Matthew B. DURRANT,,1,,No,109
Weber,OGD27,Retain Appeals Court Judge-Ryan D. TENNEY,,1,,Yes,184
Weber,OGD27,Retain Appeals Court Judge-Ryan D. TENNEY,,1,,No,106
Weber,OGD27,Retain 2nd District Circuit Court Judge-Joseph M. BEAN,,1,,Yes,185
Weber,OGD27,Retain 2nd District Circuit Court Judge-Joseph M. BEAN,,1,,No,97
Weber,OGD27,Retain 2nd District Circuit Court Judge-Ronald G. RUSSELL,,1,,Yes,197
Weber,OGD27,Retain 2nd District Circuit Court Judge-Ronald G. RUSSELL,,1,,No,95
Weber,OGD27,Retain 2nd District Circuit Court Judge-Christina Patricia ORTEGA,,1,,Yes,213
Weber,OGD27,Retain 2nd District Circuit Court Judge-Christina Patricia ORTEGA,,1,,No,80
Weber,OGD27,Retain 2nd District Circuit Court Judge-Craig HALL,,1,,Yes,169
Weber,OGD27,Retain 2nd District Circuit Court Judge-Craig HALL,,1,,No,114
Weber,OGD27,Retain 2nd District Circuit Court Judge-Michael Drio DIREDA,,1,,Yes,202
Weber,OGD27,Retain 2nd District Circuit Court Judge-Michael Drio DIREDA,,1,,No,88
Weber,OGD27,Retain 2nd District Juvenile Circuit Court Judge-Tasha WILLIAMS,,1,,Yes,207
Weber,OGD27,Retain 2nd District Juvenile Circuit Court Judge-Tasha WILLIAMS,,1,,No,87
Weber,OGD27,Constitutional Amendment B,,1,,For,262
Weber,OGD27,Constitutional Amendment B,,1,,Against,64
Weber,OGD27,Constitutional Amendment C,,1,,For,281
Weber,OGD27,Constitutional Amendment C,,1,,Against,50
Weber,OGD27,Proposition 19,,1,,Yes,247
Weber,OGD27,Proposition 19,,1,,No,85
Weber,OGD28,Registered Voters,,,,,692
Weber,OGD28,Ballots Cast,,,,,528
Weber,OGD28,President,,1,DEM,Kamala D. HARRIS / Tim WALZ,290
Weber,OGD28,President,,1,REP,Donald J. TRUMP/ JD VANCE,213
Weber,OGD28,President,,1,LBT,Chase OLIVER / Mike ter MAAT,6
Weber,OGD28,President,,1,GRN,Jill STEIN / Rudolph WARE,4
Weber,OGD28,President,,1,,"Lucifer ""JUSTIN CASE"" EVERYLOVE",3
Weber,OGD28,President,,1,,Claudia de la CRUZ / Karina Alexandra GARCIA,2
Weber,OGD28,President,,1,,Cornel Ronald WEST / Melina ABDULLAH,0
Weber,OGD28,President,,1,CON,Joel SKOUSEN / Rik COMBS,0
Weber,OGD28,President,,1,,Write-In Totals,6
Weber,OGD28,U.S. Senate,,1,DEM,Caroline GLEICH,268
Weber,OGD28,U.S. Senate,,1,REP,John CURTIS,201
Weber,OGD28,U.S. Senate,,1,IAP,Carleton E. BOWEN,31
Weber,OGD28,U.S. Senate,,1,,Write-In Totals,2
Weber,OGD28,U.S. House,1,1,DEM,Bill CAMPBELL,249
Weber,OGD28,U.S. House,1,1,REP,Blake D. MOORE,191
Weber,OGD28,U.S. House,1,1,LBT,Daniel R. COTTAM,44
Weber,OGD28,Governor,,1,DEM,Brian SMITH KING / Rebekah CUMMINGS,241
Weber,OGD28,Governor,,1,REP,Spencer J. COX / Deidre M. HENDERSON,177
Weber,OGD28,Governor,,1,LBT,J. Robert LATHAM / Barry Evan SHORT,32
Weber,OGD28,Governor,,1,IAP,Tommy WILLIAMS / Archie A. WILLIAMS III,14
Weber,OGD28,Governor,,1,,Tom TOMENY / William LANSING TAYLOR,2
Weber,OGD28,Governor,,1,,Write-In Totals,38
Weber,OGD28,Attorney General,,1,DEM,Rudy J BAUTISTA,230
Weber,OGD28,Attorney General,,1,REP,Derek BROWN,185
Weber,OGD28,Attorney General,,1,LBT,W. Andrew McCULLOUGH,39
Weber,OGD28,Attorney General,,1,UUP,Michelle QUIST,36
Weber,OGD28,Attorney General,,1,,Austin HEPWORTH,12
Weber,OGD28,State Auditor,,1,DEM,Catherine VOUTAZ,247
Weber,OGD28,State Auditor,,1,REP,Tina CANNON,208
Weber,OGD28,State Auditor,,1,CON,Jeffery L. OSTLER,30
Weber,OGD28,State Treasurer,,1,DEM,Neil A HANSEN,237
Weber,OGD28,State Treasurer,,1,REP,Marlo M. OAKS,200
Weber,OGD28,State Treasurer,,1,UFP,Miles POMEROY,46
Weber,OGD28,State House,10,1,DEM,Rosemary LESSER,280
Weber,OGD28,State House,10,1,REP,Jill KOFORD,216
Weber,OGD28,County Commission,C,1,DEM,Steven VAN WAGONER,258
Weber,OGD28,County Commission,C,1,REP,Jim HARVEY,180
Weber,OGD28,County Commission,C,1,LBT,Brian K ROWLEY,50
Weber,OGD28,County Assessor,,1,REP,John E. ULIBARRI,320
Weber,OGD28,County Recorder/Surveyor,,1,REP,Bahy RAHIMZADEGAN,319
Weber,OGD28,County Treasurer,,1,REP,Lynelle JENSEN,321
Weber,OGD28,Retain Supreme Court Justice-Matthew B. DURRANT,,1,,Yes,279
Weber,OGD28,Retain Supreme Court Justice-Matthew B. DURRANT,,1,,No,144
Weber,OGD28,Retain Appeals Court Judge-Ryan D. TENNEY,,1,,Yes,284
Weber,OGD28,Retain Appeals Court Judge-Ryan D. TENNEY,,1,,No,129
Weber,OGD28,Retain 2nd District Circuit Court Judge-Joseph M. BEAN,,1,,Yes,297
Weber,OGD28,Retain 2nd District Circuit Court Judge-Joseph M. BEAN,,1,,No,125
Weber,OGD28,Retain 2nd District Circuit Court Judge-Ronald G. RUSSELL,,1,,Yes,305
Weber,OGD28,Retain 2nd District Circuit Court Judge-Ronald G. RUSSELL,,1,,No,113
Weber,OGD28,Retain 2nd District Circuit Court Judge-Christina Patricia ORTEGA,,1,,Yes,329
Weber,OGD28,Retain 2nd District Circuit Court Judge-Christina Patricia ORTEGA,,1,,No,95
Weber,OGD28,Retain 2nd District Circuit Court Judge-Craig HALL,,1,,Yes,283
Weber,OGD28,Retain 2nd District Circuit Court Judge-Craig HALL,,1,,No,132
Weber,OGD28,Retain 2nd District Circuit Court Judge-Michael Drio DIREDA,,1,,Yes,300
Weber,OGD28,Retain 2nd District Circuit Court Judge-Michael Drio DIREDA,,1,,No,120
Weber,OGD28,Retain 2nd District Juvenile Circuit Court Judge-Tasha WILLIAMS,,1,,Yes,336
Weber,OGD28,Retain 2nd District Juvenile Circuit Court Judge-Tasha WILLIAMS,,1,,No,87
Weber,OGD28,Constitutional Amendment B,,1,,For,356
Weber,OGD28,Constitutional Amendment B,,1,,Against,116
Weber,OGD28,Constitutional Amendment C,,1,,For,408
Weber,OGD28,Constitutional Amendment C,,1,,Against,66
Weber,OGD28,Proposition 19,,1,,Yes,349
Weber,OGD28,Proposition 19,,1,,No,125
Weber,OGD29,Registered Voters,,,,,929
Weber,OGD29,Ballots Cast,,,,,795
Weber,OGD29,President,,1,DEM,Kamala D. HARRIS / Tim WALZ,473
Weber,OGD29,President,,1,REP,Donald J. TRUMP/ JD VANCE,281
Weber,OGD29,President,,1,LBT,Chase OLIVER / Mike ter MAAT,9
Weber,OGD29,President,,1,GRN,Jill STEIN / Rudolph WARE,3
Weber,OGD29,President,,1,,Claudia de la CRUZ / Karina Alexandra GARCIA,3
Weber,OGD29,President,,1,,Cornel Ronald WEST / Melina ABDULLAH,2
Weber,OGD29,President,,1,,"Lucifer ""JUSTIN CASE"" EVERYLOVE",2
Weber,OGD29,President,,1,CON,Joel SKOUSEN / Rik COMBS,2
Weber,OGD29,President,,1,,Write-In Totals,10
Weber,OGD29,U.S. Senate,,1,DEM,Caroline GLEICH,408
Weber,OGD29,U.S. Senate,,1,REP,John CURTIS,329
Weber,OGD29,U.S. Senate,,1,IAP,Carleton E. BOWEN,26
Weber,OGD29,U.S. Senate,,1,,Write-In Totals,1
Weber,OGD29,U.S. House,1,1,DEM,Bill CAMPBELL,374
Weber,OGD29,U.S. House,1,1,REP,Blake D. MOORE,340
Weber,OGD29,U.S. House,1,1,LBT,Daniel R. COTTAM,36
Weber,OGD29,Governor,,1,DEM,Brian SMITH KING / Rebekah CUMMINGS,377
Weber,OGD29,Governor,,1,REP,Spencer J. COX / Deidre M. HENDERSON,316
Weber,OGD29,Governor,,1,LBT,J. Robert LATHAM / Barry Evan SHORT,26
Weber,OGD29,Governor,,1,IAP,Tommy WILLIAMS / Archie A. WILLIAMS III,9
Weber,OGD29,Governor,,1,,Tom TOMENY / William LANSING TAYLOR,3
Weber,OGD29,Governor,,1,,Write-In Totals,46
Weber,OGD29,Attorney General,,1,DEM,Rudy J BAUTISTA,351
Weber,OGD29,Attorney General,,1,REP,Derek BROWN,278
Weber,OGD29,Attorney General,,1,UUP,Michelle QUIST,69
Weber,OGD29,Attorney General,,1,LBT,W. Andrew McCULLOUGH,33
Weber,OGD29,Attorney General,,1,,Austin HEPWORTH,16
Weber,OGD29,State Auditor,,1,DEM,Catherine VOUTAZ,379
Weber,OGD29,State Auditor,,1,REP,Tina CANNON,320
Weber,OGD29,State Auditor,,1,CON,Jeffery L. OSTLER,30
Weber,OGD29,State Treasurer,,1,DEM,Neil A HANSEN,365
Weber,OGD29,State Treasurer,,1,REP,Marlo M. OAKS,314
Weber,OGD29,State Treasurer,,1,UFP,Miles POMEROY,42
Weber,OGD29,State House,10,1,DEM,Rosemary LESSER,479
Weber,OGD29,State House,10,1,REP,Jill KOFORD,288
Weber,OGD29,County Commission,C,1,DEM,Steven VAN WAGONER,417
Weber,OGD29,County Commission,C,1,REP,Jim HARVEY,282
Weber,OGD29,County Commission,C,1,LBT,Brian K ROWLEY,50
Weber,OGD29,County Assessor,,1,REP,John E. ULIBARRI,514
Weber,OGD29,County Recorder/Surveyor,,1,REP,Bahy RAHIMZADEGAN,491
Weber,OGD29,County Treasurer,,1,REP,Lynelle JENSEN,534
Weber,OGD29,Ogden School Board,5,1,,John D PETERSON,390
Weber,OGD29,Ogden School Board,5,1,,Eric HALL,240
Weber,OGD29,Retain Supreme Court Justice-Matthew B. DURRANT,,1,,Yes,467
Weber,OGD29,Retain Supreme Court Justice-Matthew B. DURRANT,,1,,No,147
Weber,OGD29,Retain Appeals Court Judge-Ryan D. TENNEY,,1,,Yes,474
Weber,OGD29,Retain Appeals Court Judge-Ryan D. TENNEY,,1,,No,133
Weber,OGD29,Retain 2nd District Circuit Court Judge-Joseph M. BEAN,,1,,Yes,468
Weber,OGD29,Retain 2nd District Circuit Court Judge-Joseph M. BEAN,,1,,No,150
Weber,OGD29,Retain 2nd District Circuit Court Judge-Ronald G. RUSSELL,,1,,Yes,479
Weber,OGD29,Retain 2nd District Circuit Court Judge-Ronald G. RUSSELL,,1,,No,124
Weber,OGD29,Retain 2nd District Circuit Court Judge-Christina Patricia ORTEGA,,1,,Yes,471
Weber,OGD29,Retain 2nd District Circuit Court Judge-Christina Patricia ORTEGA,,1,,No,141
Weber,OGD29,Retain 2nd District Circuit Court Judge-Craig HALL,,1,,Yes,447
Weber,OGD29,Retain 2nd District Circuit Court Judge-Craig HALL,,1,,No,160
Weber,OGD29,Retain 2nd District Circuit Court Judge-Michael Drio DIREDA,,1,,Yes,485
Weber,OGD29,Retain 2nd District Circuit Court Judge-Michael Drio DIREDA,,1,,No,126
Weber,OGD29,Retain 2nd District Juvenile Circuit Court Judge-Tasha WILLIAMS,,1,,Yes,486
Weber,OGD29,Retain 2nd District Juvenile Circuit Court Judge-Tasha WILLIAMS,,1,,No,126
Weber,OGD29,Constitutional Amendment B,,1,,For,556
Weber,OGD29,Constitutional Amendment B,,1,,Against,177
Weber,OGD29,Constitutional Amendment C,,1,,For,576
Weber,OGD29,Constitutional Amendment C,,1,,Against,148
Weber,OGD29,Proposition 19,,1,,Yes,612
Weber,OGD29,Proposition 19,,1,,No,140
Weber,OGD30,Registered Voters,,,,,1219
Weber,OGD30,Ballots Cast,,,,,1088
Weber,OGD30,President,,1,DEM,Kamala D. HARRIS / Tim WALZ,625
Weber,OGD30,President,,1,REP,Donald J. TRUMP/ JD VANCE,422
Weber,OGD30,President,,1,LBT,Chase OLIVER / Mike ter MAAT,6
Weber,OGD30,President,,1,GRN,Jill STEIN / Rudolph WARE,5
Weber,OGD30,President,,1,,Claudia de la CRUZ / Karina Alexandra GARCIA,3
Weber,OGD30,President,,1,,"Lucifer ""JUSTIN CASE"" EVERYLOVE",2
Weber,OGD30,President,,1,,Cornel Ronald WEST / Melina ABDULLAH,0
Weber,OGD30,President,,1,CON,Joel SKOUSEN / Rik COMBS,0
Weber,OGD30,President,,1,,Write-In Totals,14
Weber,OGD30,U.S. Senate,,1,DEM,Caroline GLEICH,535
Weber,OGD30,U.S. Senate,,1,REP,John CURTIS,466
Weber,OGD30,U.S. Senate,,1,IAP,Carleton E. BOWEN,37
Weber,OGD30,U.S. Senate,,1,,Write-In Totals,5
Weber,OGD30,U.S. House,1,1,DEM,Bill CAMPBELL,512
Weber,OGD30,U.S. House,1,1,REP,Blake D. MOORE,487
Weber,OGD30,U.S. House,1,1,LBT,Daniel R. COTTAM,40
Weber,OGD30,Governor,,1,DEM,Brian SMITH KING / Rebekah CUMMINGS,490
Weber,OGD30,Governor,,1,REP,Spencer J. COX / Deidre M. HENDERSON,444
Weber,OGD30,Governor,,1,LBT,J. Robert LATHAM / Barry Evan SHORT,20
Weber,OGD30,Governor,,1,IAP,Tommy WILLIAMS / Archie A. WILLIAMS III,16
Weber,OGD30,Governor,,1,,Tom TOMENY / William LANSING TAYLOR,1
Weber,OGD30,Governor,,1,,Write-In Totals,91
Weber,OGD30,Attorney General,,1,DEM,Rudy J BAUTISTA,463
Weber,OGD30,Attorney General,,1,REP,Derek BROWN,421
Weber,OGD30,Attorney General,,1,UUP,Michelle QUIST,88
Weber,OGD30,Attorney General,,1,LBT,W. Andrew McCULLOUGH,40
Weber,OGD30,Attorney General,,1,,Austin HEPWORTH,21
Weber,OGD30,State Auditor,,1,DEM,Catherine VOUTAZ,514
Weber,OGD30,State Auditor,,1,REP,Tina CANNON,458
Weber,OGD30,State Auditor,,1,CON,Jeffery L. OSTLER,34
Weber,OGD30,State Treasurer,,1,REP,Marlo M. OAKS,481
Weber,OGD30,State Treasurer,,1,DEM,Neil A HANSEN,458
Weber,OGD30,State Treasurer,,1,UFP,Miles POMEROY,68
Weber,OGD30,State House,8,1,REP,Jason B KYLE,575
Weber,OGD30,County Commission,C,1,DEM,Steven VAN WAGONER,560
Weber,OGD30,County Commission,C,1,REP,Jim HARVEY,423
Weber,OGD30,County Commission,C,1,LBT,Brian K ROWLEY,48
Weber,OGD30,County Assessor,,1,REP,John E. ULIBARRI,668
Weber,OGD30,County Recorder/Surveyor,,1,REP,Bahy RAHIMZADEGAN,638
Weber,OGD30,County Treasurer,,1,REP,Lynelle JENSEN,661
Weber,OGD30,Ogden School Board,5,1,,John D PETERSON,541
Weber,OGD30,Ogden School Board,5,1,,Eric HALL,334
Weber,OGD30,Retain Supreme Court Justice-Matthew B. DURRANT,,1,,Yes,641
Weber,OGD30,Retain Supreme Court Justice-Matthew B. DURRANT,,1,,No,215
Weber,OGD30,Retain Appeals Court Judge-Ryan D. TENNEY,,1,,Yes,620
Weber,OGD30,Retain Appeals Court Judge-Ryan D. TENNEY,,1,,No,214
Weber,OGD30,Retain 2nd District Circuit Court Judge-Joseph M. BEAN,,1,,Yes,597
Weber,OGD30,Retain 2nd District Circuit Court Judge-Joseph M. BEAN,,1,,No,237
Weber,OGD30,Retain 2nd District Circuit Court Judge-Ronald G. RUSSELL,,1,,Yes,644
Weber,OGD30,Retain 2nd District Circuit Court Judge-Ronald G. RUSSELL,,1,,No,199
Weber,OGD30,Retain 2nd District Circuit Court Judge-Christina Patricia ORTEGA,,1,,Yes,656
Weber,OGD30,Retain 2nd District Circuit Court Judge-Christina Patricia ORTEGA,,1,,No,191
Weber,OGD30,Retain 2nd District Circuit Court Judge-Craig HALL,,1,,Yes,585
Weber,OGD30,Retain 2nd District Circuit Court Judge-Craig HALL,,1,,No,245
Weber,OGD30,Retain 2nd District Circuit Court Judge-Michael Drio DIREDA,,1,,Yes,651
Weber,OGD30,Retain 2nd District Circuit Court Judge-Michael Drio DIREDA,,1,,No,187
Weber,OGD30,Retain 2nd District Juvenile Circuit Court Judge-Tasha WILLIAMS,,1,,Yes,660
Weber,OGD30,Retain 2nd District Juvenile Circuit Court Judge-Tasha WILLIAMS,,1,,No,184
Weber,OGD30,Constitutional Amendment B,,1,,For,758
Weber,OGD30,Constitutional Amendment B,,1,,Against,243
Weber,OGD30,Constitutional Amendment C,,1,,For,778
Weber,OGD30,Constitutional Amendment C,,1,,Against,218
Weber,OGD30,Proposition 19,,1,,Yes,843
Weber,OGD30,Proposition 19,,1,,No,191
Weber,OGD31,Registered Voters,,,,,46
Weber,OGD31,Ballots Cast,,,,,39
Weber,OGD31,President,,1,REP,Donald J. TRUMP/ JD VANCE,31
Weber,OGD31,President,,1,DEM,Kamala D. HARRIS / Tim WALZ,7
Weber,OGD31,President,,1,GRN,Jill STEIN / Rudolph WARE,1
Weber,OGD31,President,,1,,Cornel Ronald WEST / Melina ABDULLAH,0
Weber,OGD31,President,,1,,"Lucifer ""JUSTIN CASE"" EVERYLOVE",0
Weber,OGD31,President,,1,CON,Joel SKOUSEN / Rik COMBS,0
Weber,OGD31,President,,1,LBT,Chase OLIVER / Mike ter MAAT,0
Weber,OGD31,President,,1,,Claudia de la CRUZ / Karina Alexandra GARCIA,0
Weber,OGD31,President,,1,,Write-In Totals,0
Weber,OGD31,U.S. Senate,,1,REP,John CURTIS,29
Weber,OGD31,U.S. Senate,,1,DEM,Caroline GLEICH,6
Weber,OGD31,U.S. Senate,,1,IAP,Carleton E. BOWEN,3
Weber,OGD31,U.S. Senate,,1,,Write-In Totals,1
Weber,OGD31,U.S. House,1,1,REP,Blake D. MOORE,30
Weber,OGD31,U.S. House,1,1,DEM,Bill CAMPBELL,9
Weber,OGD31,U.S. House,1,1,LBT,Daniel R. COTTAM,0
Weber,OGD31,Governor,,1,REP,Spencer J. COX / Deidre M. HENDERSON,23
Weber,OGD31,Governor,,1,LBT,J. Robert LATHAM / Barry Evan SHORT,5
Weber,OGD31,Governor,,1,DEM,Brian SMITH KING / Rebekah CUMMINGS,3
Weber,OGD31,Governor,,1,IAP,Tommy WILLIAMS / Archie A. WILLIAMS III,1
Weber,OGD31,Governor,,1,,Tom TOMENY / William LANSING TAYLOR,1
Weber,OGD31,Governor,,1,,Write-In Totals,5
Weber,OGD31,Attorney General,,1,REP,Derek BROWN,28
Weber,OGD31,Attorney General,,1,DEM,Rudy J BAUTISTA,6
Weber,OGD31,Attorney General,,1,,Austin HEPWORTH,3
Weber,OGD31,Attorney General,,1,UUP,Michelle QUIST,2
Weber,OGD31,Attorney General,,1,LBT,W. Andrew McCULLOUGH,0
Weber,OGD31,State Auditor,,1,REP,Tina CANNON,23
Weber,OGD31,State Auditor,,1,CON,Jeffery L. OSTLER,8
Weber,OGD31,State Auditor,,1,DEM,Catherine VOUTAZ,7
Weber,OGD31,State Treasurer,,1,REP,Marlo M. OAKS,27
Weber,OGD31,State Treasurer,,1,UFP,Miles POMEROY,8
Weber,OGD31,State Treasurer,,1,DEM,Neil A HANSEN,4
Weber,OGD31,State Senate,4,1,REP,Calvin Ray MUSSELMAN,24
Weber,OGD31,State House,9,1,REP,Jake SAWYER,29
Weber,OGD31,State House,9,1,DEM,Angela CHOBERKA,7
Weber,OGD31,State House,9,1,LBT,Jacob K. JOHNSON,3
Weber,OGD31,County Commission,C,1,REP,Jim HARVEY,25
Weber,OGD31,County Commission,C,1,DEM,Steven VAN WAGONER,8
Weber,OGD31,County Commission,C,1,LBT,Brian K ROWLEY,5
Weber,OGD31,County Assessor,,1,REP,John E. ULIBARRI,27
Weber,OGD31,County Recorder/Surveyor,,1,REP,Bahy RAHIMZADEGAN,28
Weber,OGD31,County Treasurer,,1,REP,Lynelle JENSEN,31
Weber,OGD31,Ogden School Board,1,1,,Arlene ANDERSON,26
Weber,OGD31,Retain Supreme Court Justice-Matthew B. DURRANT,,1,,Yes,18
Weber,OGD31,Retain Supreme Court Justice-Matthew B. DURRANT,,1,,No,14
Weber,OGD31,Retain Appeals Court Judge-Ryan D. TENNEY,,1,,Yes,18
Weber,OGD31,Retain Appeals Court Judge-Ryan D. TENNEY,,1,,No,13
Weber,OGD31,Retain 2nd District Circuit Court Judge-Joseph M. BEAN,,1,,Yes,16
Weber,OGD31,Retain 2nd District Circuit Court Judge-Joseph M. BEAN,,1,,No,15
Weber,OGD31,Retain 2nd District Circuit Court Judge-Ronald G. RUSSELL,,1,,Yes,17
Weber,OGD31,Retain 2nd District Circuit Court Judge-Ronald G. RUSSELL,,1,,No,14
Weber,OGD31,Retain 2nd District Circuit Court Judge-Christina Patricia ORTEGA,,1,,Yes,18
Weber,OGD31,Retain 2nd District Circuit Court Judge-Christina Patricia ORTEGA,,1,,No,13
Weber,OGD31,Retain 2nd District Circuit Court Judge-Craig HALL,,1,,Yes,19
Weber,OGD31,Retain 2nd District Circuit Court Judge-Craig HALL,,1,,No,11
Weber,OGD31,Retain 2nd District Circuit Court Judge-Michael Drio DIREDA,,1,,Yes,16
Weber,OGD31,Retain 2nd District Circuit Court Judge-Michael Drio DIREDA,,1,,No,14
Weber,OGD31,Retain 2nd District Juvenile Circuit Court Judge-Tasha WILLIAMS,,1,,Yes,18
Weber,OGD31,Retain 2nd District Juvenile Circuit Court Judge-Tasha WILLIAMS,,1,,No,13
Weber,OGD31,Constitutional Amendment B,,1,,Against,21
Weber,OGD31,Constitutional Amendment B,,1,,For,14
Weber,OGD31,Constitutional Amendment C,,1,,For,29
Weber,OGD31,Constitutional Amendment C,,1,,Against,4
Weber,OGD31,Proposition 19,,1,,No,18
Weber,OGD31,Proposition 19,,1,,Yes,16
Weber,OGD32,Registered Voters,,,,,677
Weber,OGD32,Ballots Cast,,,,,439
Weber,OGD32,President,,1,DEM,Kamala D. HARRIS / Tim WALZ,248
Weber,OGD32,President,,1,REP,Donald J. TRUMP/ JD VANCE,173
Weber,OGD32,President,,1,LBT,Chase OLIVER / Mike ter MAAT,4
Weber,OGD32,President,,1,GRN,Jill STEIN / Rudolph WARE,3
Weber,OGD32,President,,1,,Claudia de la CRUZ / Karina Alexandra GARCIA,3
Weber,OGD32,President,,1,CON,Joel SKOUSEN / Rik COMBS,2
Weber,OGD32,President,,1,,"Lucifer ""JUSTIN CASE"" EVERYLOVE",1
Weber,OGD32,President,,1,,Cornel Ronald WEST / Melina ABDULLAH,0
Weber,OGD32,President,,1,,Write-In Totals,5
Weber,OGD32,U.S. Senate,,1,DEM,Caroline GLEICH,230
Weber,OGD32,U.S. Senate,,1,REP,John CURTIS,158
Weber,OGD32,U.S. Senate,,1,IAP,Carleton E. BOWEN,22
Weber,OGD32,U.S. Senate,,1,,Write-In Totals,2
Weber,OGD32,U.S. House,1,1,DEM,Bill CAMPBELL,216
Weber,OGD32,U.S. House,1,1,REP,Blake D. MOORE,156
Weber,OGD32,U.S. House,1,1,LBT,Daniel R. COTTAM,30
Weber,OGD32,Governor,,1,DEM,Brian SMITH KING / Rebekah CUMMINGS,210
Weber,OGD32,Governor,,1,REP,Spencer J. COX / Deidre M. HENDERSON,158
Weber,OGD32,Governor,,1,LBT,J. Robert LATHAM / Barry Evan SHORT,21
Weber,OGD32,Governor,,1,IAP,Tommy WILLIAMS / Archie A. WILLIAMS III,7
Weber,OGD32,Governor,,1,,Tom TOMENY / William LANSING TAYLOR,4
Weber,OGD32,Governor,,1,,Write-In Totals,19
Weber,OGD32,Attorney General,,1,DEM,Rudy J BAUTISTA,212
Weber,OGD32,Attorney General,,1,REP,Derek BROWN,144
Weber,OGD32,Attorney General,,1,LBT,W. Andrew McCULLOUGH,26
Weber,OGD32,Attorney General,,1,UUP,Michelle QUIST,25
Weber,OGD32,Attorney General,,1,,Austin HEPWORTH,7
Weber,OGD32,State Auditor,,1,DEM,Catherine VOUTAZ,230
Weber,OGD32,State Auditor,,1,REP,Tina CANNON,150
Weber,OGD32,State Auditor,,1,CON,Jeffery L. OSTLER,27
Weber,OGD32,State Treasurer,,1,DEM,Neil A HANSEN,217
Weber,OGD32,State Treasurer,,1,REP,Marlo M. OAKS,146
Weber,OGD32,State Treasurer,,1,UFP,Miles POMEROY,42
Weber,OGD32,State House,10,1,DEM,Rosemary LESSER,246
Weber,OGD32,State House,10,1,REP,Jill KOFORD,172
Weber,OGD32,County Commission,C,1,DEM,Steven VAN WAGONER,209
Weber,OGD32,County Commission,C,1,REP,Jim HARVEY,160
Weber,OGD32,County Commission,C,1,LBT,Brian K ROWLEY,45
Weber,OGD32,County Assessor,,1,REP,John E. ULIBARRI,274
Weber,OGD32,County Recorder/Surveyor,,1,REP,Bahy RAHIMZADEGAN,258
Weber,OGD32,County Treasurer,,1,REP,Lynelle JENSEN,278
Weber,OGD32,Ogden School Board,1,1,,Arlene ANDERSON,279
Weber,OGD32,Retain Supreme Court Justice-Matthew B. DURRANT,,1,,Yes,213
Weber,OGD32,Retain Supreme Court Justice-Matthew B. DURRANT,,1,,No,134
Weber,OGD32,Retain Appeals Court Judge-Ryan D. TENNEY,,1,,Yes,225
Weber,OGD32,Retain Appeals Court Judge-Ryan D. TENNEY,,1,,No,120
Weber,OGD32,Retain 2nd District Circuit Court Judge-Joseph M. BEAN,,1,,Yes,218
Weber,OGD32,Retain 2nd District Circuit Court Judge-Joseph M. BEAN,,1,,No,129
Weber,OGD32,Retain 2nd District Circuit Court Judge-Ronald G. RUSSELL,,1,,Yes,216
Weber,OGD32,Retain 2nd District Circuit Court Judge-Ronald G. RUSSELL,,1,,No,131
Weber,OGD32,Retain 2nd District Circuit Court Judge-Christina Patricia ORTEGA,,1,,Yes,270
Weber,OGD32,Retain 2nd District Circuit Court Judge-Christina Patricia ORTEGA,,1,,No,86
Weber,OGD32,Retain 2nd District Circuit Court Judge-Craig HALL,,1,,Yes,217
Weber,OGD32,Retain 2nd District Circuit Court Judge-Craig HALL,,1,,No,129
Weber,OGD32,Retain 2nd District Circuit Court Judge-Michael Drio DIREDA,,1,,Yes,238
Weber,OGD32,Retain 2nd District Circuit Court Judge-Michael Drio DIREDA,,1,,No,115
Weber,OGD32,Retain 2nd District Juvenile Circuit Court Judge-Tasha WILLIAMS,,1,,Yes,273
Weber,OGD32,Retain 2nd District Juvenile Circuit Court Judge-Tasha WILLIAMS,,1,,No,79
Weber,OGD32,Constitutional Amendment B,,1,,For,284
Weber,OGD32,Constitutional Amendment B,,1,,Against,121
Weber,OGD32,Constitutional Amendment C,,1,,For,361
Weber,OGD32,Constitutional Amendment C,,1,,Against,43
Weber,OGD32,Proposition 19,,1,,Yes,273
Weber,OGD32,Proposition 19,,1,,No,134
Weber,OGD33,Registered Voters,,,,,1124
Weber,OGD33,Ballots Cast,,,,,891
Weber,OGD33,President,,1,DEM,Kamala D. HARRIS / Tim WALZ,448
Weber,OGD33,President,,1,REP,Donald J. TRUMP/ JD VANCE,379
Weber,OGD33,President,,1,LBT,Chase OLIVER / Mike ter MAAT,17
Weber,OGD33,President,,1,GRN,Jill STEIN / Rudolph WARE,15
Weber,OGD33,President,,1,CON,Joel SKOUSEN / Rik COMBS,10
Weber,OGD33,President,,1,,Claudia de la CRUZ / Karina Alexandra GARCIA,6
Weber,OGD33,President,,1,,"Lucifer ""JUSTIN CASE"" EVERYLOVE",4
Weber,OGD33,President,,1,,Cornel Ronald WEST / Melina ABDULLAH,1
Weber,OGD33,President,,1,,Write-In Totals,4
Weber,OGD33,U.S. Senate,,1,DEM,Caroline GLEICH,427
Weber,OGD33,U.S. Senate,,1,REP,John CURTIS,363
Weber,OGD33,U.S. Senate,,1,IAP,Carleton E. BOWEN,48
Weber,OGD33,U.S. Senate,,1,,Write-In Totals,3
Weber,OGD33,U.S. House,1,1,DEM,Bill CAMPBELL,404
Weber,OGD33,U.S. House,1,1,REP,Blake D. MOORE,369
Weber,OGD33,U.S. House,1,1,LBT,Daniel R. COTTAM,68
Weber,OGD33,Governor,,1,DEM,Brian SMITH KING / Rebekah CUMMINGS,380
Weber,OGD33,Governor,,1,REP,Spencer J. COX / Deidre M. HENDERSON,328
Weber,OGD33,Governor,,1,LBT,J. Robert LATHAM / Barry Evan SHORT,44
Weber,OGD33,Governor,,1,IAP,Tommy WILLIAMS / Archie A. WILLIAMS III,23
Weber,OGD33,Governor,,1,,Tom TOMENY / William LANSING TAYLOR,4
Weber,OGD33,Governor,,1,,Write-In Totals,76
Weber,OGD33,Attorney General,,1,DEM,Rudy J BAUTISTA,369
Weber,OGD33,Attorney General,,1,REP,Derek BROWN,327
Weber,OGD33,Attorney General,,1,UUP,Michelle QUIST,66
Weber,OGD33,Attorney General,,1,LBT,W. Andrew McCULLOUGH,60
Weber,OGD33,Attorney General,,1,,Austin HEPWORTH,21
Weber,OGD33,State Auditor,,1,DEM,Catherine VOUTAZ,415
Weber,OGD33,State Auditor,,1,REP,Tina CANNON,368
Weber,OGD33,State Auditor,,1,CON,Jeffery L. OSTLER,44
Weber,OGD33,State Treasurer,,1,DEM,Neil A HANSEN,373
Weber,OGD33,State Treasurer,,1,REP,Marlo M. OAKS,372
Weber,OGD33,State Treasurer,,1,UFP,Miles POMEROY,83
Weber,OGD33,State House,10,1,DEM,Rosemary LESSER,447
Weber,OGD33,State House,10,1,REP,Jill KOFORD,408
Weber,OGD33,County Commission,C,1,DEM,Steven VAN WAGONER,411
Weber,OGD33,County Commission,C,1,REP,Jim HARVEY,346
Weber,OGD33,County Commission,C,1,LBT,Brian K ROWLEY,81
Weber,OGD33,County Assessor,,1,REP,John E. ULIBARRI,570
Weber,OGD33,County Recorder/Surveyor,,1,REP,Bahy RAHIMZADEGAN,572
Weber,OGD33,County Treasurer,,1,REP,Lynelle JENSEN,582
Weber,OGD33,Ogden School Board,1,1,,Arlene ANDERSON,570
Weber,OGD33,Retain Supreme Court Justice-Matthew B. DURRANT,,1,,Yes,477
Weber,OGD33,Retain Supreme Court Justice-Matthew B. DURRANT,,1,,No,240
Weber,OGD33,Retain Appeals Court Judge-Ryan D. TENNEY,,1,,Yes,509
Weber,OGD33,Retain Appeals Court Judge-Ryan D. TENNEY,,1,,No,198
Weber,OGD33,Retain 2nd District Circuit Court Judge-Joseph M. BEAN,,1,,Yes,491
Weber,OGD33,Retain 2nd District Circuit Court Judge-Joseph M. BEAN,,1,,No,216
Weber,OGD33,Retain 2nd District Circuit Court Judge-Ronald G. RUSSELL,,1,,Yes,493
Weber,OGD33,Retain 2nd District Circuit Court Judge-Ronald G. RUSSELL,,1,,No,205
Weber,OGD33,Retain 2nd District Circuit Court Judge-Christina Patricia ORTEGA,,1,,Yes,546
Weber,OGD33,Retain 2nd District Circuit Court Judge-Christina Patricia ORTEGA,,1,,No,171
Weber,OGD33,Retain 2nd District Circuit Court Judge-Craig HALL,,1,,Yes,473
Weber,OGD33,Retain 2nd District Circuit Court Judge-Craig HALL,,1,,No,230
Weber,OGD33,Retain 2nd District Circuit Court Judge-Michael Drio DIREDA,,1,,Yes,509
Weber,OGD33,Retain 2nd District Circuit Court Judge-Michael Drio DIREDA,,1,,No,192
Weber,OGD33,Retain 2nd District Juvenile Circuit Court Judge-Tasha WILLIAMS,,1,,Yes,544
Weber,OGD33,Retain 2nd District Juvenile Circuit Court Judge-Tasha WILLIAMS,,1,,No,165
Weber,OGD33,Constitutional Amendment B,,1,,For,572
Weber,OGD33,Constitutional Amendment B,,1,,Against,235
Weber,OGD33,Constitutional Amendment C,,1,,For,677
Weber,OGD33,Constitutional Amendment C,,1,,Against,133
Weber,OGD33,Proposition 19,,1,,Yes,592
Weber,OGD33,Proposition 19,,1,,No,234
Weber,OGD34,Registered Voters,,,,,725
Weber,OGD34,Ballots Cast,,,,,601
Weber,OGD34,President,,1,DEM,Kamala D. HARRIS / Tim WALZ,311
Weber,OGD34,President,,1,REP,Donald J. TRUMP/ JD VANCE,265
Weber,OGD34,President,,1,LBT,Chase OLIVER / Mike ter MAAT,7
Weber,OGD34,President,,1,CON,Joel SKOUSEN / Rik COMBS,4
Weber,OGD34,President,,1,,Claudia de la CRUZ / Karina Alexandra GARCIA,2
Weber,OGD34,President,,1,,Cornel Ronald WEST / Melina ABDULLAH,1
Weber,OGD34,President,,1,GRN,Jill STEIN / Rudolph WARE,1
Weber,OGD34,President,,1,,"Lucifer ""JUSTIN CASE"" EVERYLOVE",0
Weber,OGD34,President,,1,,Write-In Totals,6
Weber,OGD34,U.S. Senate,,1,DEM,Caroline GLEICH,282
Weber,OGD34,U.S. Senate,,1,REP,John CURTIS,253
Weber,OGD34,U.S. Senate,,1,IAP,Carleton E. BOWEN,27
Weber,OGD34,U.S. Senate,,1,,Write-In Totals,4
Weber,OGD34,U.S. House,1,1,REP,Blake D. MOORE,264
Weber,OGD34,U.S. House,1,1,DEM,Bill CAMPBELL,262
Weber,OGD34,U.S. House,1,1,LBT,Daniel R. COTTAM,32
Weber,OGD34,Governor,,1,DEM,Brian SMITH KING / Rebekah CUMMINGS,260
Weber,OGD34,Governor,,1,REP,Spencer J. COX / Deidre M. HENDERSON,229
Weber,OGD34,Governor,,1,LBT,J. Robert LATHAM / Barry Evan SHORT,28
Weber,OGD34,Governor,,1,IAP,Tommy WILLIAMS / Archie A. WILLIAMS III,10
Weber,OGD34,Governor,,1,,Tom TOMENY / William LANSING TAYLOR,5
Weber,OGD34,Governor,,1,,Write-In Totals,43
Weber,OGD34,Attorney General,,1,DEM,Rudy J BAUTISTA,254
Weber,OGD34,Attorney General,,1,REP,Derek BROWN,221
Weber,OGD34,Attorney General,,1,UUP,Michelle QUIST,45
Weber,OGD34,Attorney General,,1,LBT,W. Andrew McCULLOUGH,30
Weber,OGD34,Attorney General,,1,,Austin HEPWORTH,16
Weber,OGD34,State Auditor,,1,DEM,Catherine VOUTAZ,267
Weber,OGD34,State Auditor,,1,REP,Tina CANNON,244
Weber,OGD34,State Auditor,,1,CON,Jeffery L. OSTLER,38
Weber,OGD34,State Treasurer,,1,DEM,Neil A HANSEN,260
Weber,OGD34,State Treasurer,,1,REP,Marlo M. OAKS,246
Weber,OGD34,State Treasurer,,1,UFP,Miles POMEROY,46
Weber,OGD34,State House,10,1,DEM,Rosemary LESSER,310
Weber,OGD34,State House,10,1,REP,Jill KOFORD,267
Weber,OGD34,County Commission,C,1,DEM,Steven VAN WAGONER,302
Weber,OGD34,County Commission,C,1,REP,Jim HARVEY,205
Weber,OGD34,County Commission,C,1,LBT,Brian K ROWLEY,52
Weber,OGD34,County Assessor,,1,REP,John E. ULIBARRI,393
Weber,OGD34,County Recorder/Surveyor,,1,REP,Bahy RAHIMZADEGAN,395
Weber,OGD34,County Treasurer,,1,REP,Lynelle JENSEN,405
Weber,OGD34,Ogden School Board,1,1,,Arlene ANDERSON,411
Weber,OGD34,Retain Supreme Court Justice-Matthew B. DURRANT,,1,,Yes,345
Weber,OGD34,Retain Supreme Court Justice-Matthew B. DURRANT,,1,,No,157
Weber,OGD34,Retain Appeals Court Judge-Ryan D. TENNEY,,1,,Yes,352
Weber,OGD34,Retain Appeals Court Judge-Ryan D. TENNEY,,1,,No,145
Weber,OGD34,Retain 2nd District Circuit Court Judge-Joseph M. BEAN,,1,,Yes,354
Weber,OGD34,Retain 2nd District Circuit Court Judge-Joseph M. BEAN,,1,,No,141
Weber,OGD34,Retain 2nd District Circuit Court Judge-Ronald G. RUSSELL,,1,,Yes,367
Weber,OGD34,Retain 2nd District Circuit Court Judge-Ronald G. RUSSELL,,1,,No,128
Weber,OGD34,Retain 2nd District Circuit Court Judge-Christina Patricia ORTEGA,,1,,Yes,381
Weber,OGD34,Retain 2nd District Circuit Court Judge-Christina Patricia ORTEGA,,1,,No,118
Weber,OGD34,Retain 2nd District Circuit Court Judge-Craig HALL,,1,,Yes,337
Weber,OGD34,Retain 2nd District Circuit Court Judge-Craig HALL,,1,,No,154
Weber,OGD34,Retain 2nd District Circuit Court Judge-Michael Drio DIREDA,,1,,Yes,359
Weber,OGD34,Retain 2nd District Circuit Court Judge-Michael Drio DIREDA,,1,,No,137
Weber,OGD34,Retain 2nd District Juvenile Circuit Court Judge-Tasha WILLIAMS,,1,,Yes,371
Weber,OGD34,Retain 2nd District Juvenile Circuit Court Judge-Tasha WILLIAMS,,1,,No,124
Weber,OGD34,Constitutional Amendment B,,1,,For,420
Weber,OGD34,Constitutional Amendment B,,1,,Against,138
Weber,OGD34,Constitutional Amendment C,,1,,For,464
Weber,OGD34,Constitutional Amendment C,,1,,Against,92
Weber,OGD34,Proposition 19,,1,,Yes,412
Weber,OGD34,Proposition 19,,1,,No,154
Weber,OGD35,Registered Voters,,,,,779
Weber,OGD35,Ballots Cast,,,,,598
Weber,OGD35,President,,1,DEM,Kamala D. HARRIS / Tim WALZ,312
Weber,OGD35,President,,1,REP,Donald J. TRUMP/ JD VANCE,248
Weber,OGD35,President,,1,LBT,Chase OLIVER / Mike ter MAAT,7
Weber,OGD35,President,,1,CON,Joel SKOUSEN / Rik COMBS,6
Weber,OGD35,President,,1,,"Lucifer ""JUSTIN CASE"" EVERYLOVE",5
Weber,OGD35,President,,1,GRN,Jill STEIN / Rudolph WARE,4
Weber,OGD35,President,,1,,Claudia de la CRUZ / Karina Alexandra GARCIA,3
Weber,OGD35,President,,1,,Cornel Ronald WEST / Melina ABDULLAH,1
Weber,OGD35,President,,1,,Write-In Totals,10
Weber,OGD35,U.S. Senate,,1,DEM,Caroline GLEICH,295
Weber,OGD35,U.S. Senate,,1,REP,John CURTIS,236
Weber,OGD35,U.S. Senate,,1,IAP,Carleton E. BOWEN,36
Weber,OGD35,U.S. Senate,,1,,Write-In Totals,6
Weber,OGD35,U.S. House,1,1,DEM,Bill CAMPBELL,271
Weber,OGD35,U.S. House,1,1,REP,Blake D. MOORE,241
Weber,OGD35,U.S. House,1,1,LBT,Daniel R. COTTAM,47
Weber,OGD35,Governor,,1,DEM,Brian SMITH KING / Rebekah CUMMINGS,264
Weber,OGD35,Governor,,1,REP,Spencer J. COX / Deidre M. HENDERSON,241
Weber,OGD35,Governor,,1,LBT,J. Robert LATHAM / Barry Evan SHORT,31
Weber,OGD35,Governor,,1,IAP,Tommy WILLIAMS / Archie A. WILLIAMS III,11
Weber,OGD35,Governor,,1,,Tom TOMENY / William LANSING TAYLOR,2
Weber,OGD35,Governor,,1,,Write-In Totals,38
Weber,OGD35,Attorney General,,1,DEM,Rudy J BAUTISTA,250
Weber,OGD35,Attorney General,,1,REP,Derek BROWN,225
Weber,OGD35,Attorney General,,1,UUP,Michelle QUIST,50
Weber,OGD35,Attorney General,,1,LBT,W. Andrew McCULLOUGH,29
Weber,OGD35,Attorney General,,1,,Austin HEPWORTH,15
Weber,OGD35,State Auditor,,1,DEM,Catherine VOUTAZ,275
Weber,OGD35,State Auditor,,1,REP,Tina CANNON,244
Weber,OGD35,State Auditor,,1,CON,Jeffery L. OSTLER,37
Weber,OGD35,State Treasurer,,1,DEM,Neil A HANSEN,259
Weber,OGD35,State Treasurer,,1,REP,Marlo M. OAKS,251
Weber,OGD35,State Treasurer,,1,UFP,Miles POMEROY,46
Weber,OGD35,State House,10,1,DEM,Rosemary LESSER,320
Weber,OGD35,State House,10,1,REP,Jill KOFORD,264
Weber,OGD35,County Commission,C,1,DEM,Steven VAN WAGONER,291
Weber,OGD35,County Commission,C,1,REP,Jim HARVEY,222
Weber,OGD35,County Commission,C,1,LBT,Brian K ROWLEY,58
Weber,OGD35,County Assessor,,1,REP,John E. ULIBARRI,396
Weber,OGD35,County Recorder/Surveyor,,1,REP,Bahy RAHIMZADEGAN,389
Weber,OGD35,County Treasurer,,1,REP,Lynelle JENSEN,400
Weber,OGD35,Ogden School Board,1,1,,Arlene ANDERSON,405
Weber,OGD35,Retain Supreme Court Justice-Matthew B. DURRANT,,1,,Yes,347
Weber,OGD35,Retain Supreme Court Justice-Matthew B. DURRANT,,1,,No,146
Weber,OGD35,Retain Appeals Court Judge-Ryan D. TENNEY,,1,,Yes,333
Weber,OGD35,Retain Appeals Court Judge-Ryan D. TENNEY,,1,,No,148
Weber,OGD35,Retain 2nd District Circuit Court Judge-Joseph M. BEAN,,1,,Yes,342
Weber,OGD35,Retain 2nd District Circuit Court Judge-Joseph M. BEAN,,1,,No,146
Weber,OGD35,Retain 2nd District Circuit Court Judge-Ronald G. RUSSELL,,1,,Yes,337
Weber,OGD35,Retain 2nd District Circuit Court Judge-Ronald G. RUSSELL,,1,,No,141
Weber,OGD35,Retain 2nd District Circuit Court Judge-Christina Patricia ORTEGA,,1,,Yes,360
Weber,OGD35,Retain 2nd District Circuit Court Judge-Christina Patricia ORTEGA,,1,,No,127
Weber,OGD35,Retain 2nd District Circuit Court Judge-Craig HALL,,1,,Yes,315
Weber,OGD35,Retain 2nd District Circuit Court Judge-Craig HALL,,1,,No,164
Weber,OGD35,Retain 2nd District Circuit Court Judge-Michael Drio DIREDA,,1,,Yes,347
Weber,OGD35,Retain 2nd District Circuit Court Judge-Michael Drio DIREDA,,1,,No,133
Weber,OGD35,Retain 2nd District Juvenile Circuit Court Judge-Tasha WILLIAMS,,1,,Yes,361
Weber,OGD35,Retain 2nd District Juvenile Circuit Court Judge-Tasha WILLIAMS,,1,,No,123
Weber,OGD35,Constitutional Amendment B,,1,,For,400
Weber,OGD35,Constitutional Amendment B,,1,,Against,149
Weber,OGD35,Constitutional Amendment C,,1,,For,473
Weber,OGD35,Constitutional Amendment C,,1,,Against,89
Weber,OGD35,Proposition 19,,1,,Yes,425
Weber,OGD35,Proposition 19,,1,,No,140
Weber,OGD36,Registered Voters,,,,,1058
Weber,OGD36,Ballots Cast,,,,,929
Weber,OGD36,President,,1,DEM,Kamala D. HARRIS / Tim WALZ,473
Weber,OGD36,President,,1,REP,Donald J. TRUMP/ JD VANCE,411
Weber,OGD36,President,,1,LBT,Chase OLIVER / Mike ter MAAT,6
Weber,OGD36,President,,1,,Cornel Ronald WEST / Melina ABDULLAH,5
Weber,OGD36,President,,1,GRN,Jill STEIN / Rudolph WARE,5
Weber,OGD36,President,,1,,"Lucifer ""JUSTIN CASE"" EVERYLOVE",4
Weber,OGD36,President,,1,CON,Joel SKOUSEN / Rik COMBS,3
Weber,OGD36,President,,1,,Claudia de la CRUZ / Karina Alexandra GARCIA,0
Weber,OGD36,President,,1,,Write-In Totals,16
Weber,OGD36,U.S. Senate,,1,REP,John CURTIS,426
Weber,OGD36,U.S. Senate,,1,DEM,Caroline GLEICH,422
Weber,OGD36,U.S. Senate,,1,IAP,Carleton E. BOWEN,35
Weber,OGD36,U.S. Senate,,1,,Write-In Totals,1
Weber,OGD36,U.S. House,1,1,REP,Blake D. MOORE,444
Weber,OGD36,U.S. House,1,1,DEM,Bill CAMPBELL,392
Weber,OGD36,U.S. House,1,1,LBT,Daniel R. COTTAM,42
Weber,OGD36,Governor,,1,REP,Spencer J. COX / Deidre M. HENDERSON,392
Weber,OGD36,Governor,,1,DEM,Brian SMITH KING / Rebekah CUMMINGS,388
Weber,OGD36,Governor,,1,LBT,J. Robert LATHAM / Barry Evan SHORT,30
Weber,OGD36,Governor,,1,IAP,Tommy WILLIAMS / Archie A. WILLIAMS III,14
Weber,OGD36,Governor,,1,,Tom TOMENY / William LANSING TAYLOR,3
Weber,OGD36,Governor,,1,,Write-In Totals,79
Weber,OGD36,Attorney General,,1,REP,Derek BROWN,380
Weber,OGD36,Attorney General,,1,DEM,Rudy J BAUTISTA,362
Weber,OGD36,Attorney General,,1,UUP,Michelle QUIST,73
Weber,OGD36,Attorney General,,1,LBT,W. Andrew McCULLOUGH,29
Weber,OGD36,Attorney General,,1,,Austin HEPWORTH,26
Weber,OGD36,State Auditor,,1,REP,Tina CANNON,405
Weber,OGD36,State Auditor,,1,DEM,Catherine VOUTAZ,401
Weber,OGD36,State Auditor,,1,CON,Jeffery L. OSTLER,43
Weber,OGD36,State Treasurer,,1,REP,Marlo M. OAKS,412
Weber,OGD36,State Treasurer,,1,DEM,Neil A HANSEN,386
Weber,OGD36,State Treasurer,,1,UFP,Miles POMEROY,61
Weber,OGD36,State House,10,1,DEM,Rosemary LESSER,519
Weber,OGD36,State House,10,1,REP,Jill KOFORD,375
Weber,OGD36,County Commission,C,1,DEM,Steven VAN WAGONER,425
Weber,OGD36,County Commission,C,1,REP,Jim HARVEY,409
Weber,OGD36,County Commission,C,1,LBT,Brian K ROWLEY,45
Weber,OGD36,County Assessor,,1,REP,John E. ULIBARRI,616
Weber,OGD36,County Recorder/Surveyor,,1,REP,Bahy RAHIMZADEGAN,600
Weber,OGD36,County Treasurer,,1,REP,Lynelle JENSEN,627
Weber,OGD36,Ogden School Board,5,1,,John D PETERSON,408
Weber,OGD36,Ogden School Board,5,1,,Eric HALL,330
Weber,OGD36,Retain Supreme Court Justice-Matthew B. DURRANT,,1,,Yes,531
Weber,OGD36,Retain Supreme Court Justice-Matthew B. DURRANT,,1,,No,206
Weber,OGD36,Retain Appeals Court Judge-Ryan D. TENNEY,,1,,Yes,521
Weber,OGD36,Retain Appeals Court Judge-Ryan D. TENNEY,,1,,No,203
Weber,OGD36,Retain 2nd District Circuit Court Judge-Joseph M. BEAN,,1,,Yes,515
Weber,OGD36,Retain 2nd District Circuit Court Judge-Joseph M. BEAN,,1,,No,207
Weber,OGD36,Retain 2nd District Circuit Court Judge-Ronald G. RUSSELL,,1,,Yes,556
Weber,OGD36,Retain 2nd District Circuit Court Judge-Ronald G. RUSSELL,,1,,No,172
Weber,OGD36,Retain 2nd District Circuit Court Judge-Christina Patricia ORTEGA,,1,,Yes,542
Weber,OGD36,Retain 2nd District Circuit Court Judge-Christina Patricia ORTEGA,,1,,No,199
Weber,OGD36,Retain 2nd District Circuit Court Judge-Craig HALL,,1,,Yes,502
Weber,OGD36,Retain 2nd District Circuit Court Judge-Craig HALL,,1,,No,223
Weber,OGD36,Retain 2nd District Circuit Court Judge-Michael Drio DIREDA,,1,,Yes,563
Weber,OGD36,Retain 2nd District Circuit Court Judge-Michael Drio DIREDA,,1,,No,177
Weber,OGD36,Retain 2nd District Juvenile Circuit Court Judge-Tasha WILLIAMS,,1,,Yes,563
Weber,OGD36,Retain 2nd District Juvenile Circuit Court Judge-Tasha WILLIAMS,,1,,No,172
Weber,OGD36,Constitutional Amendment B,,1,,For,626
Weber,OGD36,Constitutional Amendment B,,1,,Against,233
Weber,OGD36,Constitutional Amendment C,,1,,For,679
Weber,OGD36,Constitutional Amendment C,,1,,Against,168
Weber,OGD36,Proposition 19,,1,,Yes,683
Weber,OGD36,Proposition 19,,1,,No,195
Weber,OGD37,Registered Voters,,,,,770
Weber,OGD37,Ballots Cast,,,,,643
Weber,OGD37,President,,1,REP,Donald J. TRUMP/ JD VANCE,342
Weber,OGD37,President,,1,DEM,Kamala D. HARRIS / Tim WALZ,282
Weber,OGD37,President,,1,GRN,Jill STEIN / Rudolph WARE,4
Weber,OGD37,President,,1,LBT,Chase OLIVER / Mike ter MAAT,4
Weber,OGD37,President,,1,CON,Joel SKOUSEN / Rik COMBS,3
Weber,OGD37,President,,1,,Cornel Ronald WEST / Melina ABDULLAH,1
Weber,OGD37,President,,1,,Claudia de la CRUZ / Karina Alexandra GARCIA,1
Weber,OGD37,President,,1,,"Lucifer ""JUSTIN CASE"" EVERYLOVE",0
Weber,OGD37,President,,1,,Write-In Totals,4
Weber,OGD37,U.S. Senate,,1,REP,John CURTIS,309
Weber,OGD37,U.S. Senate,,1,DEM,Caroline GLEICH,258
Weber,OGD37,U.S. Senate,,1,IAP,Carleton E. BOWEN,38
Weber,OGD37,U.S. Senate,,1,,Write-In Totals,2
Weber,OGD37,U.S. House,1,1,REP,Blake D. MOORE,330
Weber,OGD37,U.S. House,1,1,DEM,Bill CAMPBELL,241
Weber,OGD37,U.S. House,1,1,LBT,Daniel R. COTTAM,26
Weber,OGD37,Governor,,1,REP,Spencer J. COX / Deidre M. HENDERSON,285
Weber,OGD37,Governor,,1,DEM,Brian SMITH KING / Rebekah CUMMINGS,228
Weber,OGD37,Governor,,1,LBT,J. Robert LATHAM / Barry Evan SHORT,17
Weber,OGD37,Governor,,1,IAP,Tommy WILLIAMS / Archie A. WILLIAMS III,13
Weber,OGD37,Governor,,1,,Tom TOMENY / William LANSING TAYLOR,4
Weber,OGD37,Governor,,1,,Write-In Totals,65
Weber,OGD37,Attorney General,,1,REP,Derek BROWN,290
Weber,OGD37,Attorney General,,1,DEM,Rudy J BAUTISTA,210
Weber,OGD37,Attorney General,,1,UUP,Michelle QUIST,54
Weber,OGD37,Attorney General,,1,LBT,W. Andrew McCULLOUGH,24
Weber,OGD37,Attorney General,,1,,Austin HEPWORTH,21
Weber,OGD37,State Auditor,,1,REP,Tina CANNON,314
Weber,OGD37,State Auditor,,1,DEM,Catherine VOUTAZ,244
Weber,OGD37,State Auditor,,1,CON,Jeffery L. OSTLER,32
Weber,OGD37,State Treasurer,,1,REP,Marlo M. OAKS,314
Weber,OGD37,State Treasurer,,1,DEM,Neil A HANSEN,228
Weber,OGD37,State Treasurer,,1,UFP,Miles POMEROY,46
Weber,OGD37,State House,10,1,REP,Jill KOFORD,325
Weber,OGD37,State House,10,1,DEM,Rosemary LESSER,293
Weber,OGD37,County Commission,C,1,REP,Jim HARVEY,291
Weber,OGD37,County Commission,C,1,DEM,Steven VAN WAGONER,268
Weber,OGD37,County Commission,C,1,LBT,Brian K ROWLEY,42
Weber,OGD37,County Assessor,,1,REP,John E. ULIBARRI,419
Weber,OGD37,County Recorder/Surveyor,,1,REP,Bahy RAHIMZADEGAN,419
Weber,OGD37,County Treasurer,,1,REP,Lynelle JENSEN,428
Weber,OGD37,Ogden School Board,1,1,,Arlene ANDERSON,411
Weber,OGD37,Retain Supreme Court Justice-Matthew B. DURRANT,,1,,Yes,380
Weber,OGD37,Retain Supreme Court Justice-Matthew B. DURRANT,,1,,No,149
Weber,OGD37,Retain Appeals Court Judge-Ryan D. TENNEY,,1,,Yes,381
Weber,OGD37,Retain Appeals Court Judge-Ryan D. TENNEY,,1,,No,136
Weber,OGD37,Retain 2nd District Circuit Court Judge-Joseph M. BEAN,,1,,Yes,378
Weber,OGD37,Retain 2nd District Circuit Court Judge-Joseph M. BEAN,,1,,No,134
Weber,OGD37,Retain 2nd District Circuit Court Judge-Ronald G. RUSSELL,,1,,Yes,387
Weber,OGD37,Retain 2nd District Circuit Court Judge-Ronald G. RUSSELL,,1,,No,125
Weber,OGD37,Retain 2nd District Circuit Court Judge-Christina Patricia ORTEGA,,1,,Yes,378
Weber,OGD37,Retain 2nd District Circuit Court Judge-Christina Patricia ORTEGA,,1,,No,141
Weber,OGD37,Retain 2nd District Circuit Court Judge-Craig HALL,,1,,Yes,356
Weber,OGD37,Retain 2nd District Circuit Court Judge-Craig HALL,,1,,No,155
Weber,OGD37,Retain 2nd District Circuit Court Judge-Michael Drio DIREDA,,1,,Yes,402
Weber,OGD37,Retain 2nd District Circuit Court Judge-Michael Drio DIREDA,,1,,No,117
Weber,OGD37,Retain 2nd District Juvenile Circuit Court Judge-Tasha WILLIAMS,,1,,Yes,397
Weber,OGD37,Retain 2nd District Juvenile Circuit Court Judge-Tasha WILLIAMS,,1,,No,123
Weber,OGD37,Constitutional Amendment B,,1,,For,442
Weber,OGD37,Constitutional Amendment B,,1,,Against,152
Weber,OGD37,Constitutional Amendment C,,1,,For,500
Weber,OGD37,Constitutional Amendment C,,1,,Against,103
Weber,OGD37,Proposition 19,,1,,Yes,455
Weber,OGD37,Proposition 19,,1,,No,152
Weber,OGD38,Registered Voters,,,,,860
Weber,OGD38,Ballots Cast,,,,,750
Weber,OGD38,President,,1,REP,Donald J. TRUMP/ JD VANCE,355
Weber,OGD38,President,,1,DEM,Kamala D. HARRIS / Tim WALZ,352
Weber,OGD38,President,,1,LBT,Chase OLIVER / Mike ter MAAT,8
Weber,OGD38,President,,1,CON,Joel SKOUSEN / Rik COMBS,5
Weber,OGD38,President,,1,GRN,Jill STEIN / Rudolph WARE,5
Weber,OGD38,President,,1,,Claudia de la CRUZ / Karina Alexandra GARCIA,2
Weber,OGD38,President,,1,,Cornel Ronald WEST / Melina ABDULLAH,1
Weber,OGD38,President,,1,,"Lucifer ""JUSTIN CASE"" EVERYLOVE",1
Weber,OGD38,President,,1,,Write-In Totals,10
Weber,OGD38,U.S. Senate,,1,REP,John CURTIS,385
Weber,OGD38,U.S. Senate,,1,DEM,Caroline GLEICH,299
Weber,OGD38,U.S. Senate,,1,IAP,Carleton E. BOWEN,31
Weber,OGD38,U.S. Senate,,1,,Write-In Totals,6
Weber,OGD38,U.S. House,1,1,REP,Blake D. MOORE,392
Weber,OGD38,U.S. House,1,1,DEM,Bill CAMPBELL,280
Weber,OGD38,U.S. House,1,1,LBT,Daniel R. COTTAM,32
Weber,OGD38,Governor,,1,REP,Spencer J. COX / Deidre M. HENDERSON,345
Weber,OGD38,Governor,,1,DEM,Brian SMITH KING / Rebekah CUMMINGS,267
Weber,OGD38,Governor,,1,LBT,J. Robert LATHAM / Barry Evan SHORT,27
Weber,OGD38,Governor,,1,IAP,Tommy WILLIAMS / Archie A. WILLIAMS III,10
Weber,OGD38,Governor,,1,,Tom TOMENY / William LANSING TAYLOR,4
Weber,OGD38,Governor,,1,,Write-In Totals,70
Weber,OGD38,Attorney General,,1,REP,Derek BROWN,338
Weber,OGD38,Attorney General,,1,DEM,Rudy J BAUTISTA,267
Weber,OGD38,Attorney General,,1,UUP,Michelle QUIST,60
Weber,OGD38,Attorney General,,1,LBT,W. Andrew McCULLOUGH,25
Weber,OGD38,Attorney General,,1,,Austin HEPWORTH,22
Weber,OGD38,State Auditor,,1,REP,Tina CANNON,372
Weber,OGD38,State Auditor,,1,DEM,Catherine VOUTAZ,293
Weber,OGD38,State Auditor,,1,CON,Jeffery L. OSTLER,34
Weber,OGD38,State Treasurer,,1,REP,Marlo M. OAKS,373
Weber,OGD38,State Treasurer,,1,DEM,Neil A HANSEN,281
Weber,OGD38,State Treasurer,,1,UFP,Miles POMEROY,41
Weber,OGD38,State House,10,1,REP,Jill KOFORD,364
Weber,OGD38,State House,10,1,DEM,Rosemary LESSER,361
Weber,OGD38,County Commission,C,1,REP,Jim HARVEY,334
Weber,OGD38,County Commission,C,1,DEM,Steven VAN WAGONER,329
Weber,OGD38,County Commission,C,1,LBT,Brian K ROWLEY,45
Weber,OGD38,County Assessor,,1,REP,John E. ULIBARRI,522
Weber,OGD38,County Recorder/Surveyor,,1,REP,Bahy RAHIMZADEGAN,501
Weber,OGD38,County Treasurer,,1,REP,Lynelle JENSEN,532
Weber,OGD38,Ogden School Board,5,1,,John D PETERSON,328
Weber,OGD38,Ogden School Board,5,1,,Eric HALL,259
Weber,OGD38,Retain Supreme Court Justice-Matthew B. DURRANT,,1,,Yes,462
Weber,OGD38,Retain Supreme Court Justice-Matthew B. DURRANT,,1,,No,139
Weber,OGD38,Retain Appeals Court Judge-Ryan D. TENNEY,,1,,Yes,452
Weber,OGD38,Retain Appeals Court Judge-Ryan D. TENNEY,,1,,No,133
Weber,OGD38,Retain 2nd District Circuit Court Judge-Joseph M. BEAN,,1,,Yes,448
Weber,OGD38,Retain 2nd District Circuit Court Judge-Joseph M. BEAN,,1,,No,136
Weber,OGD38,Retain 2nd District Circuit Court Judge-Ronald G. RUSSELL,,1,,Yes,466
Weber,OGD38,Retain 2nd District Circuit Court Judge-Ronald G. RUSSELL,,1,,No,120
Weber,OGD38,Retain 2nd District Circuit Court Judge-Christina Patricia ORTEGA,,1,,Yes,463
Weber,OGD38,Retain 2nd District Circuit Court Judge-Christina Patricia ORTEGA,,1,,No,132
Weber,OGD38,Retain 2nd District Circuit Court Judge-Craig HALL,,1,,Yes,442
Weber,OGD38,Retain 2nd District Circuit Court Judge-Craig HALL,,1,,No,138
Weber,OGD38,Retain 2nd District Circuit Court Judge-Michael Drio DIREDA,,1,,Yes,467
Weber,OGD38,Retain 2nd District Circuit Court Judge-Michael Drio DIREDA,,1,,No,124
Weber,OGD38,Retain 2nd District Juvenile Circuit Court Judge-Tasha WILLIAMS,,1,,Yes,481
Weber,OGD38,Retain 2nd District Juvenile Circuit Court Judge-Tasha WILLIAMS,,1,,No,105
Weber,OGD38,Constitutional Amendment B,,1,,For,480
Weber,OGD38,Constitutional Amendment B,,1,,Against,212
Weber,OGD38,Constitutional Amendment C,,1,,For,579
Weber,OGD38,Constitutional Amendment C,,1,,Against,111
Weber,OGD38,Proposition 19,,1,,Yes,515
Weber,OGD38,Proposition 19,,1,,No,186
Weber,OGD39,Registered Voters,,,,,989
Weber,OGD39,Ballots Cast,,,,,886
Weber,OGD39,President,,1,DEM,Kamala D. HARRIS / Tim WALZ,426
Weber,OGD39,President,,1,REP,Donald J. TRUMP/ JD VANCE,407
Weber,OGD39,President,,1,LBT,Chase OLIVER / Mike ter MAAT,11
Weber,OGD39,President,,1,GRN,Jill STEIN / Rudolph WARE,7
Weber,OGD39,President,,1,,"Lucifer ""JUSTIN CASE"" EVERYLOVE",5
Weber,OGD39,President,,1,CON,Joel SKOUSEN / Rik COMBS,3
Weber,OGD39,President,,1,,Cornel Ronald WEST / Melina ABDULLAH,2
Weber,OGD39,President,,1,,Claudia de la CRUZ / Karina Alexandra GARCIA,1
Weber,OGD39,President,,1,,Write-In Totals,12
Weber,OGD39,U.S. Senate,,1,REP,John CURTIS,473
Weber,OGD39,U.S. Senate,,1,DEM,Caroline GLEICH,345
Weber,OGD39,U.S. Senate,,1,IAP,Carleton E. BOWEN,26
Weber,OGD39,U.S. Senate,,1,,Write-In Totals,4
Weber,OGD39,U.S. House,1,1,REP,Blake D. MOORE,504
Weber,OGD39,U.S. House,1,1,DEM,Bill CAMPBELL,304
Weber,OGD39,U.S. House,1,1,LBT,Daniel R. COTTAM,33
Weber,OGD39,Governor,,1,REP,Spencer J. COX / Deidre M. HENDERSON,452
Weber,OGD39,Governor,,1,DEM,Brian SMITH KING / Rebekah CUMMINGS,293
Weber,OGD39,Governor,,1,LBT,J. Robert LATHAM / Barry Evan SHORT,24
Weber,OGD39,Governor,,1,IAP,Tommy WILLIAMS / Archie A. WILLIAMS III,13
Weber,OGD39,Governor,,1,,Tom TOMENY / William LANSING TAYLOR,3
Weber,OGD39,Governor,,1,,Write-In Totals,80
Weber,OGD39,Attorney General,,1,REP,Derek BROWN,435
Weber,OGD39,Attorney General,,1,DEM,Rudy J BAUTISTA,274
Weber,OGD39,Attorney General,,1,UUP,Michelle QUIST,86
Weber,OGD39,Attorney General,,1,,Austin HEPWORTH,26
Weber,OGD39,Attorney General,,1,LBT,W. Andrew McCULLOUGH,22
Weber,OGD39,State Auditor,,1,REP,Tina CANNON,478
Weber,OGD39,State Auditor,,1,DEM,Catherine VOUTAZ,317
Weber,OGD39,State Auditor,,1,CON,Jeffery L. OSTLER,32
Weber,OGD39,State Treasurer,,1,REP,Marlo M. OAKS,469
Weber,OGD39,State Treasurer,,1,DEM,Neil A HANSEN,315
Weber,OGD39,State Treasurer,,1,UFP,Miles POMEROY,44
Weber,OGD39,State House,10,1,DEM,Rosemary LESSER,454
Weber,OGD39,State House,10,1,REP,Jill KOFORD,420
Weber,OGD39,County Commission,C,1,REP,Jim HARVEY,422
Weber,OGD39,County Commission,C,1,DEM,Steven VAN WAGONER,398
Weber,OGD39,County Commission,C,1,LBT,Brian K ROWLEY,38
Weber,OGD39,County Assessor,,1,REP,John E. ULIBARRI,640
Weber,OGD39,County Recorder/Surveyor,,1,REP,Bahy RAHIMZADEGAN,612
Weber,OGD39,County Treasurer,,1,REP,Lynelle JENSEN,636
Weber,OGD39,Ogden School Board,5,1,,Eric HALL,401
Weber,OGD39,Ogden School Board,5,1,,John D PETERSON,330
Weber,OGD39,Retain Supreme Court Justice-Matthew B. DURRANT,,1,,Yes,557
Weber,OGD39,Retain Supreme Court Justice-Matthew B. DURRANT,,1,,No,152
Weber,OGD39,Retain Appeals Court Judge-Ryan D. TENNEY,,1,,Yes,549
Weber,OGD39,Retain Appeals Court Judge-Ryan D. TENNEY,,1,,No,151
Weber,OGD39,Retain 2nd District Circuit Court Judge-Joseph M. BEAN,,1,,Yes,534
Weber,OGD39,Retain 2nd District Circuit Court Judge-Joseph M. BEAN,,1,,No,167
Weber,OGD39,Retain 2nd District Circuit Court Judge-Ronald G. RUSSELL,,1,,Yes,573
Weber,OGD39,Retain 2nd District Circuit Court Judge-Ronald G. RUSSELL,,1,,No,128
Weber,OGD39,Retain 2nd District Circuit Court Judge-Christina Patricia ORTEGA,,1,,Yes,544
Weber,OGD39,Retain 2nd District Circuit Court Judge-Christina Patricia ORTEGA,,1,,No,157
Weber,OGD39,Retain 2nd District Circuit Court Judge-Craig HALL,,1,,Yes,524
Weber,OGD39,Retain 2nd District Circuit Court Judge-Craig HALL,,1,,No,169
Weber,OGD39,Retain 2nd District Circuit Court Judge-Michael Drio DIREDA,,1,,Yes,559
Weber,OGD39,Retain 2nd District Circuit Court Judge-Michael Drio DIREDA,,1,,No,139
Weber,OGD39,Retain 2nd District Juvenile Circuit Court Judge-Tasha WILLIAMS,,1,,Yes,559
Weber,OGD39,Retain 2nd District Juvenile Circuit Court Judge-Tasha WILLIAMS,,1,,No,139
Weber,OGD39,Constitutional Amendment B,,1,,For,588
Weber,OGD39,Constitutional Amendment B,,1,,Against,241
Weber,OGD39,Constitutional Amendment C,,1,,For,655
Weber,OGD39,Constitutional Amendment C,,1,,Against,165
Weber,OGD39,Proposition 19,,1,,Yes,642
Weber,OGD39,Proposition 19,,1,,No,213
Weber,OGD40,Registered Voters,,,,,1115
Weber,OGD40,Ballots Cast,,,,,987
Weber,OGD40,President,,1,REP,Donald J. TRUMP/ JD VANCE,484
Weber,OGD40,President,,1,DEM,Kamala D. HARRIS / Tim WALZ,453
Weber,OGD40,President,,1,LBT,Chase OLIVER / Mike ter MAAT,13
Weber,OGD40,President,,1,,Claudia de la CRUZ / Karina Alexandra GARCIA,4
Weber,OGD40,President,,1,CON,Joel SKOUSEN / Rik COMBS,3
Weber,OGD40,President,,1,,"Lucifer ""JUSTIN CASE"" EVERYLOVE",2
Weber,OGD40,President,,1,GRN,Jill STEIN / Rudolph WARE,2
Weber,OGD40,President,,1,,Cornel Ronald WEST / Melina ABDULLAH,0
Weber,OGD40,President,,1,,Write-In Totals,19
Weber,OGD40,U.S. Senate,,1,REP,John CURTIS,546
Weber,OGD40,U.S. Senate,,1,DEM,Caroline GLEICH,388
Weber,OGD40,U.S. Senate,,1,IAP,Carleton E. BOWEN,27
Weber,OGD40,U.S. Senate,,1,,Write-In Totals,0
Weber,OGD40,U.S. House,1,1,REP,Blake D. MOORE,550
Weber,OGD40,U.S. House,1,1,DEM,Bill CAMPBELL,366
Weber,OGD40,U.S. House,1,1,LBT,Daniel R. COTTAM,32
Weber,OGD40,Governor,,1,REP,Spencer J. COX / Deidre M. HENDERSON,500
Weber,OGD40,Governor,,1,DEM,Brian SMITH KING / Rebekah CUMMINGS,331
Weber,OGD40,Governor,,1,LBT,J. Robert LATHAM / Barry Evan SHORT,31
Weber,OGD40,Governor,,1,IAP,Tommy WILLIAMS / Archie A. WILLIAMS III,15
Weber,OGD40,Governor,,1,,Tom TOMENY / William LANSING TAYLOR,1
Weber,OGD40,Governor,,1,,Write-In Totals,88
Weber,OGD40,Attorney General,,1,REP,Derek BROWN,500
Weber,OGD40,Attorney General,,1,DEM,Rudy J BAUTISTA,320
Weber,OGD40,Attorney General,,1,UUP,Michelle QUIST,67
Weber,OGD40,Attorney General,,1,LBT,W. Andrew McCULLOUGH,39
Weber,OGD40,Attorney General,,1,,Austin HEPWORTH,13
Weber,OGD40,State Auditor,,1,REP,Tina CANNON,536
Weber,OGD40,State Auditor,,1,DEM,Catherine VOUTAZ,353
Weber,OGD40,State Auditor,,1,CON,Jeffery L. OSTLER,36
Weber,OGD40,State Treasurer,,1,REP,Marlo M. OAKS,523
Weber,OGD40,State Treasurer,,1,DEM,Neil A HANSEN,348
Weber,OGD40,State Treasurer,,1,UFP,Miles POMEROY,48
Weber,OGD40,State House,10,1,REP,Jill KOFORD,488
Weber,OGD40,State House,10,1,DEM,Rosemary LESSER,475
Weber,OGD40,County Commission,C,1,REP,Jim HARVEY,485
Weber,OGD40,County Commission,C,1,DEM,Steven VAN WAGONER,422
Weber,OGD40,County Commission,C,1,LBT,Brian K ROWLEY,41
Weber,OGD40,County Assessor,,1,REP,John E. ULIBARRI,709
Weber,OGD40,County Recorder/Surveyor,,1,REP,Bahy RAHIMZADEGAN,701
Weber,OGD40,County Treasurer,,1,REP,Lynelle JENSEN,730
Weber,OGD40,Ogden School Board,5,1,,Eric HALL,408
Weber,OGD40,Ogden School Board,5,1,,John D PETERSON,388
Weber,OGD40,Retain Supreme Court Justice-Matthew B. DURRANT,,1,,Yes,640
Weber,OGD40,Retain Supreme Court Justice-Matthew B. DURRANT,,1,,No,154
Weber,OGD40,Retain Appeals Court Judge-Ryan D. TENNEY,,1,,Yes,637
Weber,OGD40,Retain Appeals Court Judge-Ryan D. TENNEY,,1,,No,148
Weber,OGD40,Retain 2nd District Circuit Court Judge-Joseph M. BEAN,,1,,Yes,638
Weber,OGD40,Retain 2nd District Circuit Court Judge-Joseph M. BEAN,,1,,No,146
Weber,OGD40,Retain 2nd District Circuit Court Judge-Ronald G. RUSSELL,,1,,Yes,646
Weber,OGD40,Retain 2nd District Circuit Court Judge-Ronald G. RUSSELL,,1,,No,137
Weber,OGD40,Retain 2nd District Circuit Court Judge-Christina Patricia ORTEGA,,1,,Yes,644
Weber,OGD40,Retain 2nd District Circuit Court Judge-Christina Patricia ORTEGA,,1,,No,147
Weber,OGD40,Retain 2nd District Circuit Court Judge-Craig HALL,,1,,Yes,608
Weber,OGD40,Retain 2nd District Circuit Court Judge-Craig HALL,,1,,No,174
Weber,OGD40,Retain 2nd District Circuit Court Judge-Michael Drio DIREDA,,1,,Yes,664
Weber,OGD40,Retain 2nd District Circuit Court Judge-Michael Drio DIREDA,,1,,No,123
Weber,OGD40,Retain 2nd District Juvenile Circuit Court Judge-Tasha WILLIAMS,,1,,Yes,658
Weber,OGD40,Retain 2nd District Juvenile Circuit Court Judge-Tasha WILLIAMS,,1,,No,129
Weber,OGD40,Constitutional Amendment B,,1,,For,646
Weber,OGD40,Constitutional Amendment B,,1,,Against,270
Weber,OGD40,Constitutional Amendment C,,1,,For,729
Weber,OGD40,Constitutional Amendment C,,1,,Against,183
Weber,OGD40,Proposition 19,,1,,Yes,690
Weber,OGD40,Proposition 19,,1,,No,247
Weber,OGD41,Registered Voters,,,,,1075
Weber,OGD41,Ballots Cast,,,,,993
Weber,OGD41,President,,1,REP,Donald J. TRUMP/ JD VANCE,509
Weber,OGD41,President,,1,DEM,Kamala D. HARRIS / Tim WALZ,436
Weber,OGD41,President,,1,LBT,Chase OLIVER / Mike ter MAAT,10
Weber,OGD41,President,,1,GRN,Jill STEIN / Rudolph WARE,2
Weber,OGD41,President,,1,,Cornel Ronald WEST / Melina ABDULLAH,1
Weber,OGD41,President,,1,CON,Joel SKOUSEN / Rik COMBS,1
Weber,OGD41,President,,1,,Claudia de la CRUZ / Karina Alexandra GARCIA,1
Weber,OGD41,President,,1,,"Lucifer ""JUSTIN CASE"" EVERYLOVE",0
Weber,OGD41,President,,1,,Write-In Totals,22
Weber,OGD41,U.S. Senate,,1,REP,John CURTIS,573
Weber,OGD41,U.S. Senate,,1,DEM,Caroline GLEICH,349
Weber,OGD41,U.S. Senate,,1,IAP,Carleton E. BOWEN,34
Weber,OGD41,U.S. Senate,,1,,Write-In Totals,5
Weber,OGD41,U.S. House,1,1,REP,Blake D. MOORE,589
Weber,OGD41,U.S. House,1,1,DEM,Bill CAMPBELL,322
Weber,OGD41,U.S. House,1,1,LBT,Daniel R. COTTAM,40
Weber,OGD41,Governor,,1,REP,Spencer J. COX / Deidre M. HENDERSON,526
Weber,OGD41,Governor,,1,DEM,Brian SMITH KING / Rebekah CUMMINGS,315
Weber,OGD41,Governor,,1,LBT,J. Robert LATHAM / Barry Evan SHORT,27
Weber,OGD41,Governor,,1,,Tom TOMENY / William LANSING TAYLOR,2
Weber,OGD41,Governor,,1,IAP,Tommy WILLIAMS / Archie A. WILLIAMS III,1
Weber,OGD41,Governor,,1,,Write-In Totals,100
Weber,OGD41,Attorney General,,1,REP,Derek BROWN,514
Weber,OGD41,Attorney General,,1,DEM,Rudy J BAUTISTA,317
Weber,OGD41,Attorney General,,1,UUP,Michelle QUIST,71
Weber,OGD41,Attorney General,,1,LBT,W. Andrew McCULLOUGH,38
Weber,OGD41,Attorney General,,1,,Austin HEPWORTH,15
Weber,OGD41,State Auditor,,1,REP,Tina CANNON,550
Weber,OGD41,State Auditor,,1,DEM,Catherine VOUTAZ,345
Weber,OGD41,State Auditor,,1,CON,Jeffery L. OSTLER,38
Weber,OGD41,State Treasurer,,1,REP,Marlo M. OAKS,543
Weber,OGD41,State Treasurer,,1,DEM,Neil A HANSEN,354
Weber,OGD41,State Treasurer,,1,UFP,Miles POMEROY,39
Weber,OGD41,State House,10,1,REP,Jill KOFORD,494
Weber,OGD41,State House,10,1,DEM,Rosemary LESSER,482
Weber,OGD41,County Commission,C,1,REP,Jim HARVEY,498
Weber,OGD41,County Commission,C,1,DEM,Steven VAN WAGONER,426
Weber,OGD41,County Commission,C,1,LBT,Brian K ROWLEY,32
Weber,OGD41,County Assessor,,1,REP,John E. ULIBARRI,740
Weber,OGD41,County Recorder/Surveyor,,1,REP,Bahy RAHIMZADEGAN,699
Weber,OGD41,County Treasurer,,1,REP,Lynelle JENSEN,735
Weber,OGD41,Ogden School Board,5,1,,John D PETERSON,429
Weber,OGD41,Ogden School Board,5,1,,Eric HALL,383
Weber,OGD41,Retain Supreme Court Justice-Matthew B. DURRANT,,1,,Yes,631
Weber,OGD41,Retain Supreme Court Justice-Matthew B. DURRANT,,1,,No,178
Weber,OGD41,Retain Appeals Court Judge-Ryan D. TENNEY,,1,,Yes,619
Weber,OGD41,Retain Appeals Court Judge-Ryan D. TENNEY,,1,,No,178
Weber,OGD41,Retain 2nd District Circuit Court Judge-Joseph M. BEAN,,1,,Yes,620
Weber,OGD41,Retain 2nd District Circuit Court Judge-Joseph M. BEAN,,1,,No,179
Weber,OGD41,Retain 2nd District Circuit Court Judge-Ronald G. RUSSELL,,1,,Yes,638
Weber,OGD41,Retain 2nd District Circuit Court Judge-Ronald G. RUSSELL,,1,,No,160
Weber,OGD41,Retain 2nd District Circuit Court Judge-Christina Patricia ORTEGA,,1,,Yes,607
Weber,OGD41,Retain 2nd District Circuit Court Judge-Christina Patricia ORTEGA,,1,,No,194
Weber,OGD41,Retain 2nd District Circuit Court Judge-Craig HALL,,1,,Yes,601
Weber,OGD41,Retain 2nd District Circuit Court Judge-Craig HALL,,1,,No,195
Weber,OGD41,Retain 2nd District Circuit Court Judge-Michael Drio DIREDA,,1,,Yes,635
Weber,OGD41,Retain 2nd District Circuit Court Judge-Michael Drio DIREDA,,1,,No,170
Weber,OGD41,Retain 2nd District Juvenile Circuit Court Judge-Tasha WILLIAMS,,1,,Yes,635
Weber,OGD41,Retain 2nd District Juvenile Circuit Court Judge-Tasha WILLIAMS,,1,,No,168
Weber,OGD41,Constitutional Amendment B,,1,,For,632
Weber,OGD41,Constitutional Amendment B,,1,,Against,295
Weber,OGD41,Constitutional Amendment C,,1,,For,698
Weber,OGD41,Constitutional Amendment C,,1,,Against,234
Weber,OGD41,Proposition 19,,1,,Yes,690
Weber,OGD41,Proposition 19,,1,,No,257
Weber,PLC01,Registered Voters,,,,,1186
Weber,PLC01,Ballots Cast,,,,,1067
Weber,PLC01,President,,1,REP,Donald J. TRUMP/ JD VANCE,767
Weber,PLC01,President,,1,DEM,Kamala D. HARRIS / Tim WALZ,252
Weber,PLC01,President,,1,LBT,Chase OLIVER / Mike ter MAAT,10
Weber,PLC01,President,,1,CON,Joel SKOUSEN / Rik COMBS,5
Weber,PLC01,President,,1,GRN,Jill STEIN / Rudolph WARE,2
Weber,PLC01,President,,1,,Cornel Ronald WEST / Melina ABDULLAH,1
Weber,PLC01,President,,1,,"Lucifer ""JUSTIN CASE"" EVERYLOVE",1
Weber,PLC01,President,,1,,Claudia de la CRUZ / Karina Alexandra GARCIA,1
Weber,PLC01,President,,1,,Write-In Totals,18
Weber,PLC01,U.S. Senate,,1,REP,John CURTIS,778
Weber,PLC01,U.S. Senate,,1,DEM,Caroline GLEICH,196
Weber,PLC01,U.S. Senate,,1,IAP,Carleton E. BOWEN,47
Weber,PLC01,U.S. Senate,,1,,Write-In Totals,9
Weber,PLC01,U.S. House,1,1,REP,Blake D. MOORE,756
Weber,PLC01,U.S. House,1,1,DEM,Bill CAMPBELL,208
Weber,PLC01,U.S. House,1,1,LBT,Daniel R. COTTAM,45
Weber,PLC01,Governor,,1,REP,Spencer J. COX / Deidre M. HENDERSON,659
Weber,PLC01,Governor,,1,DEM,Brian SMITH KING / Rebekah CUMMINGS,185
Weber,PLC01,Governor,,1,LBT,J. Robert LATHAM / Barry Evan SHORT,25
Weber,PLC01,Governor,,1,IAP,Tommy WILLIAMS / Archie A. WILLIAMS III,17
Weber,PLC01,Governor,,1,,Tom TOMENY / William LANSING TAYLOR,3
Weber,PLC01,Governor,,1,,Write-In Totals,152
Weber,PLC01,Attorney General,,1,REP,Derek BROWN,736
Weber,PLC01,Attorney General,,1,DEM,Rudy J BAUTISTA,168
Weber,PLC01,Attorney General,,1,UUP,Michelle QUIST,47
Weber,PLC01,Attorney General,,1,LBT,W. Andrew McCULLOUGH,35
Weber,PLC01,Attorney General,,1,,Austin HEPWORTH,32
Weber,PLC01,State Auditor,,1,REP,Tina CANNON,771
Weber,PLC01,State Auditor,,1,DEM,Catherine VOUTAZ,179
Weber,PLC01,State Auditor,,1,CON,Jeffery L. OSTLER,46
Weber,PLC01,State Treasurer,,1,REP,Marlo M. OAKS,759
Weber,PLC01,State Treasurer,,1,DEM,Neil A HANSEN,199
Weber,PLC01,State Treasurer,,1,UFP,Miles POMEROY,45
Weber,PLC01,State Senate,4,1,REP,Calvin Ray MUSSELMAN,747
Weber,PLC01,State House,6,1,REP,Matthew H. GWYNN,781
Weber,PLC01,State House,6,1,DEM,Amber HARDY,214
Weber,PLC01,County Commission,C,1,REP,Jim HARVEY,593
Weber,PLC01,County Commission,C,1,DEM,Steven VAN WAGONER,351
Weber,PLC01,County Commission,C,1,LBT,Brian K ROWLEY,68
Weber,PLC01,County Assessor,,1,REP,John E. ULIBARRI,839
Weber,PLC01,County Recorder/Surveyor,,1,REP,Bahy RAHIMZADEGAN,829
Weber,PLC01,County Treasurer,,1,REP,Lynelle JENSEN,859
Weber,PLC01,Weber School Board,4,1,,Paul J. WIDDISON,798
Weber,PLC01,Retain Supreme Court Justice-Matthew B. DURRANT,,1,,Yes,709
Weber,PLC01,Retain Supreme Court Justice-Matthew B. DURRANT,,1,,No,151
Weber,PLC01,Retain Appeals Court Judge-Ryan D. TENNEY,,1,,Yes,687
Weber,PLC01,Retain Appeals Court Judge-Ryan D. TENNEY,,1,,No,160
Weber,PLC01,Retain 2nd District Circuit Court Judge-Joseph M. BEAN,,1,,Yes,685
Weber,PLC01,Retain 2nd District Circuit Court Judge-Joseph M. BEAN,,1,,No,158
Weber,PLC01,Retain 2nd District Circuit Court Judge-Ronald G. RUSSELL,,1,,Yes,693
Weber,PLC01,Retain 2nd District Circuit Court Judge-Ronald G. RUSSELL,,1,,No,159
Weber,PLC01,Retain 2nd District Circuit Court Judge-Christina Patricia ORTEGA,,1,,Yes,669
Weber,PLC01,Retain 2nd District Circuit Court Judge-Christina Patricia ORTEGA,,1,,No,178
Weber,PLC01,Retain 2nd District Circuit Court Judge-Craig HALL,,1,,Yes,667
Weber,PLC01,Retain 2nd District Circuit Court Judge-Craig HALL,,1,,No,178
Weber,PLC01,Retain 2nd District Circuit Court Judge-Michael Drio DIREDA,,1,,Yes,685
Weber,PLC01,Retain 2nd District Circuit Court Judge-Michael Drio DIREDA,,1,,No,165
Weber,PLC01,Retain 2nd District Juvenile Circuit Court Judge-Tasha WILLIAMS,,1,,Yes,689
Weber,PLC01,Retain 2nd District Juvenile Circuit Court Judge-Tasha WILLIAMS,,1,,No,161
Weber,PLC01,Constitutional Amendment B,,1,,For,641
Weber,PLC01,Constitutional Amendment B,,1,,Against,345
Weber,PLC01,Constitutional Amendment C,,1,,For,825
Weber,PLC01,Constitutional Amendment C,,1,,Against,173
Weber,PLC01,Proposition 19,,1,,Yes,619
Weber,PLC01,Proposition 19,,1,,No,390
Weber,PLC02,Registered Voters,,,,,1026
Weber,PLC02,Ballots Cast,,,,,911
Weber,PLC02,President,,1,REP,Donald J. TRUMP/ JD VANCE,685
Weber,PLC02,President,,1,DEM,Kamala D. HARRIS / Tim WALZ,190
Weber,PLC02,President,,1,LBT,Chase OLIVER / Mike ter MAAT,8
Weber,PLC02,President,,1,CON,Joel SKOUSEN / Rik COMBS,2
Weber,PLC02,President,,1,GRN,Jill STEIN / Rudolph WARE,2
Weber,PLC02,President,,1,,Claudia de la CRUZ / Karina Alexandra GARCIA,2
Weber,PLC02,President,,1,,Cornel Ronald WEST / Melina ABDULLAH,0
Weber,PLC02,President,,1,,"Lucifer ""JUSTIN CASE"" EVERYLOVE",0
Weber,PLC02,President,,1,,Write-In Totals,12
Weber,PLC02,U.S. Senate,,1,REP,John CURTIS,653
Weber,PLC02,U.S. Senate,,1,DEM,Caroline GLEICH,170
Weber,PLC02,U.S. Senate,,1,IAP,Carleton E. BOWEN,46
Weber,PLC02,U.S. Senate,,1,,Write-In Totals,3
Weber,PLC02,U.S. House,1,1,REP,Blake D. MOORE,686
Weber,PLC02,U.S. House,1,1,DEM,Bill CAMPBELL,155
Weber,PLC02,U.S. House,1,1,LBT,Daniel R. COTTAM,33
Weber,PLC02,Governor,,1,REP,Spencer J. COX / Deidre M. HENDERSON,545
Weber,PLC02,Governor,,1,DEM,Brian SMITH KING / Rebekah CUMMINGS,148
Weber,PLC02,Governor,,1,IAP,Tommy WILLIAMS / Archie A. WILLIAMS III,22
Weber,PLC02,Governor,,1,LBT,J. Robert LATHAM / Barry Evan SHORT,19
Weber,PLC02,Governor,,1,,Tom TOMENY / William LANSING TAYLOR,6
Weber,PLC02,Governor,,1,,Write-In Totals,144
Weber,PLC02,Attorney General,,1,REP,Derek BROWN,627
Weber,PLC02,Attorney General,,1,DEM,Rudy J BAUTISTA,128
Weber,PLC02,Attorney General,,1,UUP,Michelle QUIST,53
Weber,PLC02,Attorney General,,1,LBT,W. Andrew McCULLOUGH,36
Weber,PLC02,Attorney General,,1,,Austin HEPWORTH,23
Weber,PLC02,State Auditor,,1,REP,Tina CANNON,651
Weber,PLC02,State Auditor,,1,DEM,Catherine VOUTAZ,155
Weber,PLC02,State Auditor,,1,CON,Jeffery L. OSTLER,47
Weber,PLC02,State Treasurer,,1,REP,Marlo M. OAKS,660
Weber,PLC02,State Treasurer,,1,DEM,Neil A HANSEN,157
Weber,PLC02,State Treasurer,,1,UFP,Miles POMEROY,38
Weber,PLC02,State Senate,4,1,REP,Calvin Ray MUSSELMAN,634
Weber,PLC02,State House,6,1,REP,Matthew H. GWYNN,670
Weber,PLC02,State House,6,1,DEM,Amber HARDY,178
Weber,PLC02,County Commission,C,1,REP,Jim HARVEY,557
Weber,PLC02,County Commission,C,1,DEM,Steven VAN WAGONER,248
Weber,PLC02,County Commission,C,1,LBT,Brian K ROWLEY,58
Weber,PLC02,County Assessor,,1,REP,John E. ULIBARRI,734
Weber,PLC02,County Recorder/Surveyor,,1,REP,Bahy RAHIMZADEGAN,718
Weber,PLC02,County Treasurer,,1,REP,Lynelle JENSEN,737
Weber,PLC02,Weber School Board,4,1,,Paul J. WIDDISON,707
Weber,PLC02,Retain Supreme Court Justice-Matthew B. DURRANT,,1,,Yes,612
Weber,PLC02,Retain Supreme Court Justice-Matthew B. DURRANT,,1,,No,142
Weber,PLC02,Retain Appeals Court Judge-Ryan D. TENNEY,,1,,Yes,611
Weber,PLC02,Retain Appeals Court Judge-Ryan D. TENNEY,,1,,No,135
Weber,PLC02,Retain 2nd District Circuit Court Judge-Joseph M. BEAN,,1,,Yes,599
Weber,PLC02,Retain 2nd District Circuit Court Judge-Joseph M. BEAN,,1,,No,150
Weber,PLC02,Retain 2nd District Circuit Court Judge-Ronald G. RUSSELL,,1,,Yes,622
Weber,PLC02,Retain 2nd District Circuit Court Judge-Ronald G. RUSSELL,,1,,No,129
Weber,PLC02,Retain 2nd District Circuit Court Judge-Christina Patricia ORTEGA,,1,,Yes,594
Weber,PLC02,Retain 2nd District Circuit Court Judge-Christina Patricia ORTEGA,,1,,No,154
Weber,PLC02,Retain 2nd District Circuit Court Judge-Craig HALL,,1,,Yes,595
Weber,PLC02,Retain 2nd District Circuit Court Judge-Craig HALL,,1,,No,154
Weber,PLC02,Retain 2nd District Circuit Court Judge-Michael Drio DIREDA,,1,,Yes,604
Weber,PLC02,Retain 2nd District Circuit Court Judge-Michael Drio DIREDA,,1,,No,145
Weber,PLC02,Retain 2nd District Juvenile Circuit Court Judge-Tasha WILLIAMS,,1,,Yes,616
Weber,PLC02,Retain 2nd District Juvenile Circuit Court Judge-Tasha WILLIAMS,,1,,No,134
Weber,PLC02,Constitutional Amendment B,,1,,For,562
Weber,PLC02,Constitutional Amendment B,,1,,Against,275
Weber,PLC02,Constitutional Amendment C,,1,,For,727
Weber,PLC02,Constitutional Amendment C,,1,,Against,121
Weber,PLC02,Proposition 19,,1,,Yes,566
Weber,PLC02,Proposition 19,,1,,No,285
Weber,PLC03,Registered Voters,,,,,1075
Weber,PLC03,Ballots Cast,,,,,947
Weber,PLC03,President,,1,REP,Donald J. TRUMP/ JD VANCE,738
Weber,PLC03,President,,1,DEM,Kamala D. HARRIS / Tim WALZ,166
Weber,PLC03,President,,1,LBT,Chase OLIVER / Mike ter MAAT,7
Weber,PLC03,President,,1,GRN,Jill STEIN / Rudolph WARE,5
Weber,PLC03,President,,1,,Cornel Ronald WEST / Melina ABDULLAH,3
Weber,PLC03,President,,1,,"Lucifer ""JUSTIN CASE"" EVERYLOVE",2
Weber,PLC03,President,,1,CON,Joel SKOUSEN / Rik COMBS,1
Weber,PLC03,President,,1,,Claudia de la CRUZ / Karina Alexandra GARCIA,0
Weber,PLC03,President,,1,,Write-In Totals,21
Weber,PLC03,U.S. Senate,,1,REP,John CURTIS,719
Weber,PLC03,U.S. Senate,,1,DEM,Caroline GLEICH,137
Weber,PLC03,U.S. Senate,,1,IAP,Carleton E. BOWEN,49
Weber,PLC03,U.S. Senate,,1,,Write-In Totals,5
Weber,PLC03,U.S. House,1,1,REP,Blake D. MOORE,751
Weber,PLC03,U.S. House,1,1,DEM,Bill CAMPBELL,110
Weber,PLC03,U.S. House,1,1,LBT,Daniel R. COTTAM,39
Weber,PLC03,Governor,,1,REP,Spencer J. COX / Deidre M. HENDERSON,612
Weber,PLC03,Governor,,1,DEM,Brian SMITH KING / Rebekah CUMMINGS,95
Weber,PLC03,Governor,,1,IAP,Tommy WILLIAMS / Archie A. WILLIAMS III,27
Weber,PLC03,Governor,,1,LBT,J. Robert LATHAM / Barry Evan SHORT,26
Weber,PLC03,Governor,,1,,Tom TOMENY / William LANSING TAYLOR,2
Weber,PLC03,Governor,,1,,Write-In Totals,160
Weber,PLC03,Attorney General,,1,REP,Derek BROWN,672
Weber,PLC03,Attorney General,,1,DEM,Rudy J BAUTISTA,98
Weber,PLC03,Attorney General,,1,UUP,Michelle QUIST,53
Weber,PLC03,Attorney General,,1,LBT,W. Andrew McCULLOUGH,36
Weber,PLC03,Attorney General,,1,,Austin HEPWORTH,30
Weber,PLC03,State Auditor,,1,REP,Tina CANNON,691
Weber,PLC03,State Auditor,,1,DEM,Catherine VOUTAZ,123
Weber,PLC03,State Auditor,,1,CON,Jeffery L. OSTLER,63
Weber,PLC03,State Treasurer,,1,REP,Marlo M. OAKS,700
Weber,PLC03,State Treasurer,,1,DEM,Neil A HANSEN,124
Weber,PLC03,State Treasurer,,1,UFP,Miles POMEROY,47
Weber,PLC03,State Senate,4,1,REP,Calvin Ray MUSSELMAN,670
Weber,PLC03,State House,6,1,REP,Matthew H. GWYNN,727
Weber,PLC03,State House,6,1,DEM,Amber HARDY,144
Weber,PLC03,County Commission,C,1,REP,Jim HARVEY,578
Weber,PLC03,County Commission,C,1,DEM,Steven VAN WAGONER,254
Weber,PLC03,County Commission,C,1,LBT,Brian K ROWLEY,73
Weber,PLC03,County Assessor,,1,REP,John E. ULIBARRI,762
Weber,PLC03,County Recorder/Surveyor,,1,REP,Bahy RAHIMZADEGAN,752
Weber,PLC03,County Treasurer,,1,REP,Lynelle JENSEN,768
Weber,PLC03,Weber School Board,4,1,,Paul J. WIDDISON,705
Weber,PLC03,Retain Supreme Court Justice-Matthew B. DURRANT,,1,,Yes,626
Weber,PLC03,Retain Supreme Court Justice-Matthew B. DURRANT,,1,,No,167
Weber,PLC03,Retain Appeals Court Judge-Ryan D. TENNEY,,1,,Yes,614
Weber,PLC03,Retain Appeals Court Judge-Ryan D. TENNEY,,1,,No,170
Weber,PLC03,Retain 2nd District Circuit Court Judge-Joseph M. BEAN,,1,,Yes,608
Weber,PLC03,Retain 2nd District Circuit Court Judge-Joseph M. BEAN,,1,,No,174
Weber,PLC03,Retain 2nd District Circuit Court Judge-Ronald G. RUSSELL,,1,,Yes,633
Weber,PLC03,Retain 2nd District Circuit Court Judge-Ronald G. RUSSELL,,1,,No,150
Weber,PLC03,Retain 2nd District Circuit Court Judge-Christina Patricia ORTEGA,,1,,Yes,597
Weber,PLC03,Retain 2nd District Circuit Court Judge-Christina Patricia ORTEGA,,1,,No,184
Weber,PLC03,Retain 2nd District Circuit Court Judge-Craig HALL,,1,,Yes,609
Weber,PLC03,Retain 2nd District Circuit Court Judge-Craig HALL,,1,,No,169
Weber,PLC03,Retain 2nd District Circuit Court Judge-Michael Drio DIREDA,,1,,Yes,625
Weber,PLC03,Retain 2nd District Circuit Court Judge-Michael Drio DIREDA,,1,,No,157
Weber,PLC03,Retain 2nd District Juvenile Circuit Court Judge-Tasha WILLIAMS,,1,,Yes,614
Weber,PLC03,Retain 2nd District Juvenile Circuit Court Judge-Tasha WILLIAMS,,1,,No,169
Weber,PLC03,Constitutional Amendment B,,1,,For,524
Weber,PLC03,Constitutional Amendment B,,1,,Against,348
Weber,PLC03,Constitutional Amendment C,,1,,For,745
Weber,PLC03,Constitutional Amendment C,,1,,Against,134
Weber,PLC03,Proposition 19,,1,,Yes,510
Weber,PLC03,Proposition 19,,1,,No,386
Weber,PLC04,Registered Voters,,,,,1185
Weber,PLC04,Ballots Cast,,,,,1053
Weber,PLC04,President,,1,REP,Donald J. TRUMP/ JD VANCE,833
Weber,PLC04,President,,1,DEM,Kamala D. HARRIS / Tim WALZ,174
Weber,PLC04,President,,1,LBT,Chase OLIVER / Mike ter MAAT,8
Weber,PLC04,President,,1,CON,Joel SKOUSEN / Rik COMBS,7
Weber,PLC04,President,,1,GRN,Jill STEIN / Rudolph WARE,3
Weber,PLC04,President,,1,,Cornel Ronald WEST / Melina ABDULLAH,1
Weber,PLC04,President,,1,,Claudia de la CRUZ / Karina Alexandra GARCIA,1
Weber,PLC04,President,,1,,"Lucifer ""JUSTIN CASE"" EVERYLOVE",0
Weber,PLC04,President,,1,,Write-In Totals,12
Weber,PLC04,U.S. Senate,,1,REP,John CURTIS,805
Weber,PLC04,U.S. Senate,,1,DEM,Caroline GLEICH,145
Weber,PLC04,U.S. Senate,,1,IAP,Carleton E. BOWEN,53
Weber,PLC04,U.S. Senate,,1,,Write-In Totals,7
Weber,PLC04,U.S. House,1,1,REP,Blake D. MOORE,815
Weber,PLC04,U.S. House,1,1,DEM,Bill CAMPBELL,151
Weber,PLC04,U.S. House,1,1,LBT,Daniel R. COTTAM,32
Weber,PLC04,Governor,,1,REP,Spencer J. COX / Deidre M. HENDERSON,664
Weber,PLC04,Governor,,1,DEM,Brian SMITH KING / Rebekah CUMMINGS,114
Weber,PLC04,Governor,,1,LBT,J. Robert LATHAM / Barry Evan SHORT,30
Weber,PLC04,Governor,,1,IAP,Tommy WILLIAMS / Archie A. WILLIAMS III,19
Weber,PLC04,Governor,,1,,Tom TOMENY / William LANSING TAYLOR,1
Weber,PLC04,Governor,,1,,Write-In Totals,194
Weber,PLC04,Attorney General,,1,REP,Derek BROWN,757
Weber,PLC04,Attorney General,,1,DEM,Rudy J BAUTISTA,129
Weber,PLC04,Attorney General,,1,,Austin HEPWORTH,46
Weber,PLC04,Attorney General,,1,UUP,Michelle QUIST,42
Weber,PLC04,Attorney General,,1,LBT,W. Andrew McCULLOUGH,23
Weber,PLC04,State Auditor,,1,REP,Tina CANNON,794
Weber,PLC04,State Auditor,,1,DEM,Catherine VOUTAZ,136
Weber,PLC04,State Auditor,,1,CON,Jeffery L. OSTLER,54
Weber,PLC04,State Treasurer,,1,REP,Marlo M. OAKS,797
Weber,PLC04,State Treasurer,,1,DEM,Neil A HANSEN,152
Weber,PLC04,State Treasurer,,1,UFP,Miles POMEROY,30
Weber,PLC04,State Senate,4,1,REP,Calvin Ray MUSSELMAN,766
Weber,PLC04,State House,6,1,REP,Matthew H. GWYNN,822
Weber,PLC04,State House,6,1,DEM,Amber HARDY,162
Weber,PLC04,County Commission,C,1,REP,Jim HARVEY,671
Weber,PLC04,County Commission,C,1,DEM,Steven VAN WAGONER,265
Weber,PLC04,County Commission,C,1,LBT,Brian K ROWLEY,57
Weber,PLC04,County Assessor,,1,REP,John E. ULIBARRI,856
Weber,PLC04,County Recorder/Surveyor,,1,REP,Bahy RAHIMZADEGAN,827
Weber,PLC04,County Treasurer,,1,REP,Lynelle JENSEN,844
Weber,PLC04,Weber School Board,4,1,,Paul J. WIDDISON,788
Weber,PLC04,Retain Supreme Court Justice-Matthew B. DURRANT,,1,,Yes,680
Weber,PLC04,Retain Supreme Court Justice-Matthew B. DURRANT,,1,,No,160
Weber,PLC04,Retain Appeals Court Judge-Ryan D. TENNEY,,1,,Yes,671
Weber,PLC04,Retain Appeals Court Judge-Ryan D. TENNEY,,1,,No,165
Weber,PLC04,Retain 2nd District Circuit Court Judge-Joseph M. BEAN,,1,,Yes,664
Weber,PLC04,Retain 2nd District Circuit Court Judge-Joseph M. BEAN,,1,,No,170
Weber,PLC04,Retain 2nd District Circuit Court Judge-Ronald G. RUSSELL,,1,,Yes,675
Weber,PLC04,Retain 2nd District Circuit Court Judge-Ronald G. RUSSELL,,1,,No,156
Weber,PLC04,Retain 2nd District Circuit Court Judge-Christina Patricia ORTEGA,,1,,Yes,649
Weber,PLC04,Retain 2nd District Circuit Court Judge-Christina Patricia ORTEGA,,1,,No,187
Weber,PLC04,Retain 2nd District Circuit Court Judge-Craig HALL,,1,,Yes,664
Weber,PLC04,Retain 2nd District Circuit Court Judge-Craig HALL,,1,,No,169
Weber,PLC04,Retain 2nd District Circuit Court Judge-Michael Drio DIREDA,,1,,Yes,671
Weber,PLC04,Retain 2nd District Circuit Court Judge-Michael Drio DIREDA,,1,,No,175
Weber,PLC04,Retain 2nd District Juvenile Circuit Court Judge-Tasha WILLIAMS,,1,,Yes,668
Weber,PLC04,Retain 2nd District Juvenile Circuit Court Judge-Tasha WILLIAMS,,1,,No,170
Weber,PLC04,Constitutional Amendment B,,1,,For,571
Weber,PLC04,Constitutional Amendment B,,1,,Against,406
Weber,PLC04,Constitutional Amendment C,,1,,For,814
Weber,PLC04,Constitutional Amendment C,,1,,Against,162
Weber,PLC04,Proposition 19,,1,,Yes,586
Weber,PLC04,Proposition 19,,1,,No,411
Weber,PLC05,Registered Voters,,,,,778
Weber,PLC05,Ballots Cast,,,,,675
Weber,PLC05,President,,1,REP,Donald J. TRUMP/ JD VANCE,480
Weber,PLC05,President,,1,DEM,Kamala D. HARRIS / Tim WALZ,156
Weber,PLC05,President,,1,LBT,Chase OLIVER / Mike ter MAAT,11
Weber,PLC05,President,,1,CON,Joel SKOUSEN / Rik COMBS,3
Weber,PLC05,President,,1,GRN,Jill STEIN / Rudolph WARE,2
Weber,PLC05,President,,1,,"Lucifer ""JUSTIN CASE"" EVERYLOVE",1
Weber,PLC05,President,,1,,Cornel Ronald WEST / Melina ABDULLAH,0
Weber,PLC05,President,,1,,Claudia de la CRUZ / Karina Alexandra GARCIA,0
Weber,PLC05,President,,1,,Write-In Totals,14
Weber,PLC05,U.S. Senate,,1,REP,John CURTIS,473
Weber,PLC05,U.S. Senate,,1,DEM,Caroline GLEICH,136
Weber,PLC05,U.S. Senate,,1,IAP,Carleton E. BOWEN,37
Weber,PLC05,U.S. Senate,,1,,Write-In Totals,3
Weber,PLC05,U.S. House,1,1,REP,Blake D. MOORE,492
Weber,PLC05,U.S. House,1,1,DEM,Bill CAMPBELL,127
Weber,PLC05,U.S. House,1,1,LBT,Daniel R. COTTAM,24
Weber,PLC05,Governor,,1,REP,Spencer J. COX / Deidre M. HENDERSON,376
Weber,PLC05,Governor,,1,DEM,Brian SMITH KING / Rebekah CUMMINGS,108
Weber,PLC05,Governor,,1,IAP,Tommy WILLIAMS / Archie A. WILLIAMS III,19
Weber,PLC05,Governor,,1,LBT,J. Robert LATHAM / Barry Evan SHORT,17
Weber,PLC05,Governor,,1,,Tom TOMENY / William LANSING TAYLOR,1
Weber,PLC05,Governor,,1,,Write-In Totals,128
Weber,PLC05,Attorney General,,1,REP,Derek BROWN,442
Weber,PLC05,Attorney General,,1,DEM,Rudy J BAUTISTA,101
Weber,PLC05,Attorney General,,1,UUP,Michelle QUIST,44
Weber,PLC05,Attorney General,,1,,Austin HEPWORTH,29
Weber,PLC05,Attorney General,,1,LBT,W. Andrew McCULLOUGH,23
Weber,PLC05,State Auditor,,1,REP,Tina CANNON,468
Weber,PLC05,State Auditor,,1,DEM,Catherine VOUTAZ,127
Weber,PLC05,State Auditor,,1,CON,Jeffery L. OSTLER,27
Weber,PLC05,State Treasurer,,1,REP,Marlo M. OAKS,475
Weber,PLC05,State Treasurer,,1,DEM,Neil A HANSEN,107
Weber,PLC05,State Treasurer,,1,UFP,Miles POMEROY,35
Weber,PLC05,State Senate,4,1,REP,Calvin Ray MUSSELMAN,482
Weber,PLC05,State House,6,1,REP,Matthew H. GWYNN,505
Weber,PLC05,State House,6,1,DEM,Amber HARDY,124
Weber,PLC05,County Commission,C,1,REP,Jim HARVEY,420
Weber,PLC05,County Commission,C,1,DEM,Steven VAN WAGONER,182
Weber,PLC05,County Commission,C,1,LBT,Brian K ROWLEY,34
Weber,PLC05,County Assessor,,1,REP,John E. ULIBARRI,535
Weber,PLC05,County Recorder/Surveyor,,1,REP,Bahy RAHIMZADEGAN,520
Weber,PLC05,County Treasurer,,1,REP,Lynelle JENSEN,536
Weber,PLC05,Weber School Board,4,1,,Paul J. WIDDISON,517
Weber,PLC05,Retain Supreme Court Justice-Matthew B. DURRANT,,1,,Yes,430
Weber,PLC05,Retain Supreme Court Justice-Matthew B. DURRANT,,1,,No,111
Weber,PLC05,Retain Appeals Court Judge-Ryan D. TENNEY,,1,,Yes,436
Weber,PLC05,Retain Appeals Court Judge-Ryan D. TENNEY,,1,,No,105
Weber,PLC05,Retain 2nd District Circuit Court Judge-Joseph M. BEAN,,1,,Yes,419
Weber,PLC05,Retain 2nd District Circuit Court Judge-Joseph M. BEAN,,1,,No,114
Weber,PLC05,Retain 2nd District Circuit Court Judge-Ronald G. RUSSELL,,1,,Yes,440
Weber,PLC05,Retain 2nd District Circuit Court Judge-Ronald G. RUSSELL,,1,,No,99
Weber,PLC05,Retain 2nd District Circuit Court Judge-Christina Patricia ORTEGA,,1,,Yes,415
Weber,PLC05,Retain 2nd District Circuit Court Judge-Christina Patricia ORTEGA,,1,,No,124
Weber,PLC05,Retain 2nd District Circuit Court Judge-Craig HALL,,1,,Yes,421
Weber,PLC05,Retain 2nd District Circuit Court Judge-Craig HALL,,1,,No,113
Weber,PLC05,Retain 2nd District Circuit Court Judge-Michael Drio DIREDA,,1,,Yes,424
Weber,PLC05,Retain 2nd District Circuit Court Judge-Michael Drio DIREDA,,1,,No,115
Weber,PLC05,Retain 2nd District Juvenile Circuit Court Judge-Tasha WILLIAMS,,1,,Yes,431
Weber,PLC05,Retain 2nd District Juvenile Circuit Court Judge-Tasha WILLIAMS,,1,,No,106
Weber,PLC05,Constitutional Amendment B,,1,,For,440
Weber,PLC05,Constitutional Amendment B,,1,,Against,194
Weber,PLC05,Constitutional Amendment C,,1,,For,525
Weber,PLC05,Constitutional Amendment C,,1,,Against,102
Weber,PLC05,Proposition 19,,1,,Yes,390
Weber,PLC05,Proposition 19,,1,,No,259
Weber,PLV01,Registered Voters,,,,,491
Weber,PLV01,Ballots Cast,,,,,455
Weber,PLV01,President,,1,REP,Donald J. TRUMP/ JD VANCE,340
Weber,PLV01,President,,1,DEM,Kamala D. HARRIS / Tim WALZ,92
Weber,PLV01,President,,1,CON,Joel SKOUSEN / Rik COMBS,2
Weber,PLV01,President,,1,GRN,Jill STEIN / Rudolph WARE,1
Weber,PLV01,President,,1,LBT,Chase OLIVER / Mike ter MAAT,1
Weber,PLV01,President,,1,,Cornel Ronald WEST / Melina ABDULLAH,0
Weber,PLV01,President,,1,,"Lucifer ""JUSTIN CASE"" EVERYLOVE",0
Weber,PLV01,President,,1,,Claudia de la CRUZ / Karina Alexandra GARCIA,0
Weber,PLV01,President,,1,,Write-In Totals,8
Weber,PLV01,U.S. Senate,,1,REP,John CURTIS,344
Weber,PLV01,U.S. Senate,,1,DEM,Caroline GLEICH,66
Weber,PLV01,U.S. Senate,,1,IAP,Carleton E. BOWEN,26
Weber,PLV01,U.S. Senate,,1,,Write-In Totals,3
Weber,PLV01,U.S. House,1,1,REP,Blake D. MOORE,354
Weber,PLV01,U.S. House,1,1,DEM,Bill CAMPBELL,64
Weber,PLV01,U.S. House,1,1,LBT,Daniel R. COTTAM,13
Weber,PLV01,Governor,,1,REP,Spencer J. COX / Deidre M. HENDERSON,279
Weber,PLV01,Governor,,1,DEM,Brian SMITH KING / Rebekah CUMMINGS,58
Weber,PLV01,Governor,,1,LBT,J. Robert LATHAM / Barry Evan SHORT,9
Weber,PLV01,Governor,,1,IAP,Tommy WILLIAMS / Archie A. WILLIAMS III,5
Weber,PLV01,Governor,,1,,Tom TOMENY / William LANSING TAYLOR,1
Weber,PLV01,Governor,,1,,Write-In Totals,92
Weber,PLV01,Attorney General,,1,REP,Derek BROWN,328
Weber,PLV01,Attorney General,,1,DEM,Rudy J BAUTISTA,56
Weber,PLV01,Attorney General,,1,UUP,Michelle QUIST,22
Weber,PLV01,Attorney General,,1,,Austin HEPWORTH,13
Weber,PLV01,Attorney General,,1,LBT,W. Andrew McCULLOUGH,9
Weber,PLV01,State Auditor,,1,REP,Tina CANNON,344
Weber,PLV01,State Auditor,,1,DEM,Catherine VOUTAZ,74
Weber,PLV01,State Auditor,,1,CON,Jeffery L. OSTLER,8
Weber,PLV01,State Treasurer,,1,REP,Marlo M. OAKS,338
Weber,PLV01,State Treasurer,,1,DEM,Neil A HANSEN,75
Weber,PLV01,State Treasurer,,1,UFP,Miles POMEROY,8
Weber,PLV01,State Senate,4,1,REP,Calvin Ray MUSSELMAN,315
Weber,PLV01,State House,8,1,REP,Jason B KYLE,373
Weber,PLV01,County Commission,C,1,REP,Jim HARVEY,315
Weber,PLV01,County Commission,C,1,DEM,Steven VAN WAGONER,101
Weber,PLV01,County Commission,C,1,LBT,Brian K ROWLEY,15
Weber,PLV01,County Assessor,,1,REP,John E. ULIBARRI,364
Weber,PLV01,County Recorder/Surveyor,,1,REP,Bahy RAHIMZADEGAN,354
Weber,PLV01,County Treasurer,,1,REP,Lynelle JENSEN,367
Weber,PLV01,Retain Supreme Court Justice-Matthew B. DURRANT,,1,,Yes,303
Weber,PLV01,Retain Supreme Court Justice-Matthew B. DURRANT,,1,,No,65
Weber,PLV01,Retain Appeals Court Judge-Ryan D. TENNEY,,1,,Yes,290
Weber,PLV01,Retain Appeals Court Judge-Ryan D. TENNEY,,1,,No,71
Weber,PLV01,Retain 2nd District Circuit Court Judge-Joseph M. BEAN,,1,,Yes,296
Weber,PLV01,Retain 2nd District Circuit Court Judge-Joseph M. BEAN,,1,,No,70
Weber,PLV01,Retain 2nd District Circuit Court Judge-Ronald G. RUSSELL,,1,,Yes,302
Weber,PLV01,Retain 2nd District Circuit Court Judge-Ronald G. RUSSELL,,1,,No,60
Weber,PLV01,Retain 2nd District Circuit Court Judge-Christina Patricia ORTEGA,,1,,Yes,269
Weber,PLV01,Retain 2nd District Circuit Court Judge-Christina Patricia ORTEGA,,1,,No,93
Weber,PLV01,Retain 2nd District Circuit Court Judge-Craig HALL,,1,,Yes,277
Weber,PLV01,Retain 2nd District Circuit Court Judge-Craig HALL,,1,,No,81
Weber,PLV01,Retain 2nd District Circuit Court Judge-Michael Drio DIREDA,,1,,Yes,288
Weber,PLV01,Retain 2nd District Circuit Court Judge-Michael Drio DIREDA,,1,,No,75
Weber,PLV01,Retain 2nd District Juvenile Circuit Court Judge-Tasha WILLIAMS,,1,,Yes,298
Weber,PLV01,Retain 2nd District Juvenile Circuit Court Judge-Tasha WILLIAMS,,1,,No,65
Weber,PLV01,Constitutional Amendment B,,1,,For,249
Weber,PLV01,Constitutional Amendment B,,1,,Against,178
Weber,PLV01,Constitutional Amendment C,,1,,For,347
Weber,PLV01,Constitutional Amendment C,,1,,Against,79
Weber,PLV01,Proposition 19,,1,,Yes,281
Weber,PLV01,Proposition 19,,1,,No,143
Weber,PLV02,Registered Voters,,,,,748
Weber,PLV02,Ballots Cast,,,,,685
Weber,PLV02,President,,1,REP,Donald J. TRUMP/ JD VANCE,447
Weber,PLV02,President,,1,DEM,Kamala D. HARRIS / Tim WALZ,176
Weber,PLV02,President,,1,CON,Joel SKOUSEN / Rik COMBS,9
Weber,PLV02,President,,1,LBT,Chase OLIVER / Mike ter MAAT,8
Weber,PLV02,President,,1,,"Lucifer ""JUSTIN CASE"" EVERYLOVE",5
Weber,PLV02,President,,1,GRN,Jill STEIN / Rudolph WARE,4
Weber,PLV02,President,,1,,Cornel Ronald WEST / Melina ABDULLAH,3
Weber,PLV02,President,,1,,Claudia de la CRUZ / Karina Alexandra GARCIA,3
Weber,PLV02,President,,1,,Write-In Totals,18
Weber,PLV02,U.S. Senate,,1,REP,John CURTIS,519
Weber,PLV02,U.S. Senate,,1,DEM,Caroline GLEICH,123
Weber,PLV02,U.S. Senate,,1,IAP,Carleton E. BOWEN,30
Weber,PLV02,U.S. Senate,,1,,Write-In Totals,0
Weber,PLV02,U.S. House,1,1,REP,Blake D. MOORE,525
Weber,PLV02,U.S. House,1,1,DEM,Bill CAMPBELL,115
Weber,PLV02,U.S. House,1,1,LBT,Daniel R. COTTAM,28
Weber,PLV02,Governor,,1,REP,Spencer J. COX / Deidre M. HENDERSON,424
Weber,PLV02,Governor,,1,DEM,Brian SMITH KING / Rebekah CUMMINGS,110
Weber,PLV02,Governor,,1,LBT,J. Robert LATHAM / Barry Evan SHORT,18
Weber,PLV02,Governor,,1,IAP,Tommy WILLIAMS / Archie A. WILLIAMS III,12
Weber,PLV02,Governor,,1,,Tom TOMENY / William LANSING TAYLOR,1
Weber,PLV02,Governor,,1,,Write-In Totals,106
Weber,PLV02,Attorney General,,1,REP,Derek BROWN,484
Weber,PLV02,Attorney General,,1,DEM,Rudy J BAUTISTA,109
Weber,PLV02,Attorney General,,1,UUP,Michelle QUIST,30
Weber,PLV02,Attorney General,,1,LBT,W. Andrew McCULLOUGH,20
Weber,PLV02,Attorney General,,1,,Austin HEPWORTH,14
Weber,PLV02,State Auditor,,1,REP,Tina CANNON,506
Weber,PLV02,State Auditor,,1,DEM,Catherine VOUTAZ,111
Weber,PLV02,State Auditor,,1,CON,Jeffery L. OSTLER,29
Weber,PLV02,State Treasurer,,1,REP,Marlo M. OAKS,504
Weber,PLV02,State Treasurer,,1,DEM,Neil A HANSEN,113
Weber,PLV02,State Treasurer,,1,UFP,Miles POMEROY,28
Weber,PLV02,State Senate,4,1,REP,Calvin Ray MUSSELMAN,486
Weber,PLV02,State House,8,1,REP,Jason B KYLE,541
Weber,PLV02,County Commission,C,1,REP,Jim HARVEY,451
Weber,PLV02,County Commission,C,1,DEM,Steven VAN WAGONER,160
Weber,PLV02,County Commission,C,1,LBT,Brian K ROWLEY,41
Weber,PLV02,County Assessor,,1,REP,John E. ULIBARRI,524
Weber,PLV02,County Recorder/Surveyor,,1,REP,Bahy RAHIMZADEGAN,506
Weber,PLV02,County Treasurer,,1,REP,Lynelle JENSEN,533
Weber,PLV02,Retain Supreme Court Justice-Matthew B. DURRANT,,1,,Yes,443
Weber,PLV02,Retain Supreme Court Justice-Matthew B. DURRANT,,1,,No,104
Weber,PLV02,Retain Appeals Court Judge-Ryan D. TENNEY,,1,,Yes,429
Weber,PLV02,Retain Appeals Court Judge-Ryan D. TENNEY,,1,,No,104
Weber,PLV02,Retain 2nd District Circuit Court Judge-Joseph M. BEAN,,1,,Yes,422
Weber,PLV02,Retain 2nd District Circuit Court Judge-Joseph M. BEAN,,1,,No,113
Weber,PLV02,Retain 2nd District Circuit Court Judge-Ronald G. RUSSELL,,1,,Yes,441
Weber,PLV02,Retain 2nd District Circuit Court Judge-Ronald G. RUSSELL,,1,,No,97
Weber,PLV02,Retain 2nd District Circuit Court Judge-Christina Patricia ORTEGA,,1,,Yes,421
Weber,PLV02,Retain 2nd District Circuit Court Judge-Christina Patricia ORTEGA,,1,,No,118
Weber,PLV02,Retain 2nd District Circuit Court Judge-Craig HALL,,1,,Yes,420
Weber,PLV02,Retain 2nd District Circuit Court Judge-Craig HALL,,1,,No,111
Weber,PLV02,Retain 2nd District Circuit Court Judge-Michael Drio DIREDA,,1,,Yes,437
Weber,PLV02,Retain 2nd District Circuit Court Judge-Michael Drio DIREDA,,1,,No,98
Weber,PLV02,Retain 2nd District Juvenile Circuit Court Judge-Tasha WILLIAMS,,1,,Yes,438
Weber,PLV02,Retain 2nd District Juvenile Circuit Court Judge-Tasha WILLIAMS,,1,,No,95
Weber,PLV02,Constitutional Amendment B,,1,,For,430
Weber,PLV02,Constitutional Amendment B,,1,,Against,208
Weber,PLV02,Constitutional Amendment C,,1,,For,521
Weber,PLV02,Constitutional Amendment C,,1,,Against,121
Weber,PLV02,Proposition 19,,1,,Yes,425
Weber,PLV02,Proposition 19,,1,,No,228
Weber,PLV03,Registered Voters,,,,,563
Weber,PLV03,Ballots Cast,,,,,476
Weber,PLV03,President,,1,REP,Donald J. TRUMP/ JD VANCE,311
Weber,PLV03,President,,1,DEM,Kamala D. HARRIS / Tim WALZ,135
Weber,PLV03,President,,1,LBT,Chase OLIVER / Mike ter MAAT,11
Weber,PLV03,President,,1,,Cornel Ronald WEST / Melina ABDULLAH,2
Weber,PLV03,President,,1,CON,Joel SKOUSEN / Rik COMBS,2
Weber,PLV03,President,,1,GRN,Jill STEIN / Rudolph WARE,2
Weber,PLV03,President,,1,,"Lucifer ""JUSTIN CASE"" EVERYLOVE",1
Weber,PLV03,President,,1,,Claudia de la CRUZ / Karina Alexandra GARCIA,0
Weber,PLV03,President,,1,,Write-In Totals,6
Weber,PLV03,U.S. Senate,,1,REP,John CURTIS,332
Weber,PLV03,U.S. Senate,,1,DEM,Caroline GLEICH,110
Weber,PLV03,U.S. Senate,,1,IAP,Carleton E. BOWEN,15
Weber,PLV03,U.S. Senate,,1,,Write-In Totals,1
Weber,PLV03,U.S. House,1,1,REP,Blake D. MOORE,319
Weber,PLV03,U.S. House,1,1,DEM,Bill CAMPBELL,112
Weber,PLV03,U.S. House,1,1,LBT,Daniel R. COTTAM,21
Weber,PLV03,Governor,,1,REP,Spencer J. COX / Deidre M. HENDERSON,258
Weber,PLV03,Governor,,1,DEM,Brian SMITH KING / Rebekah CUMMINGS,95
Weber,PLV03,Governor,,1,LBT,J. Robert LATHAM / Barry Evan SHORT,13
Weber,PLV03,Governor,,1,,Tom TOMENY / William LANSING TAYLOR,2
Weber,PLV03,Governor,,1,IAP,Tommy WILLIAMS / Archie A. WILLIAMS III,1
Weber,PLV03,Governor,,1,,Write-In Totals,90
Weber,PLV03,Attorney General,,1,REP,Derek BROWN,301
Weber,PLV03,Attorney General,,1,DEM,Rudy J BAUTISTA,96
Weber,PLV03,Attorney General,,1,UUP,Michelle QUIST,31
Weber,PLV03,Attorney General,,1,LBT,W. Andrew McCULLOUGH,14
Weber,PLV03,Attorney General,,1,,Austin HEPWORTH,12
Weber,PLV03,State Auditor,,1,REP,Tina CANNON,322
Weber,PLV03,State Auditor,,1,DEM,Catherine VOUTAZ,99
Weber,PLV03,State Auditor,,1,CON,Jeffery L. OSTLER,18
Weber,PLV03,State Treasurer,,1,REP,Marlo M. OAKS,312
Weber,PLV03,State Treasurer,,1,DEM,Neil A HANSEN,111
Weber,PLV03,State Treasurer,,1,UFP,Miles POMEROY,17
Weber,PLV03,State Senate,3,1,REP,John D. JOHNSON,322
Weber,PLV03,State Senate,3,1,DEM,Stacy BERNAL,138
Weber,PLV03,State House,8,1,REP,Jason B KYLE,342
Weber,PLV03,County Commission,C,1,REP,Jim HARVEY,307
Weber,PLV03,County Commission,C,1,DEM,Steven VAN WAGONER,119
Weber,PLV03,County Commission,C,1,LBT,Brian K ROWLEY,23
Weber,PLV03,County Assessor,,1,REP,John E. ULIBARRI,366
Weber,PLV03,County Recorder/Surveyor,,1,REP,Bahy RAHIMZADEGAN,353
Weber,PLV03,County Treasurer,,1,REP,Lynelle JENSEN,367
Weber,PLV03,Retain Supreme Court Justice-Matthew B. DURRANT,,1,,Yes,335
Weber,PLV03,Retain Supreme Court Justice-Matthew B. DURRANT,,1,,No,52
Weber,PLV03,Retain Appeals Court Judge-Ryan D. TENNEY,,1,,Yes,310
Weber,PLV03,Retain Appeals Court Judge-Ryan D. TENNEY,,1,,No,71
Weber,PLV03,Retain 2nd District Circuit Court Judge-Joseph M. BEAN,,1,,Yes,298
Weber,PLV03,Retain 2nd District Circuit Court Judge-Joseph M. BEAN,,1,,No,85
Weber,PLV03,Retain 2nd District Circuit Court Judge-Ronald G. RUSSELL,,1,,Yes,317
Weber,PLV03,Retain 2nd District Circuit Court Judge-Ronald G. RUSSELL,,1,,No,62
Weber,PLV03,Retain 2nd District Circuit Court Judge-Christina Patricia ORTEGA,,1,,Yes,290
Weber,PLV03,Retain 2nd District Circuit Court Judge-Christina Patricia ORTEGA,,1,,No,97
Weber,PLV03,Retain 2nd District Circuit Court Judge-Craig HALL,,1,,Yes,302
Weber,PLV03,Retain 2nd District Circuit Court Judge-Craig HALL,,1,,No,77
Weber,PLV03,Retain 2nd District Circuit Court Judge-Michael Drio DIREDA,,1,,Yes,312
Weber,PLV03,Retain 2nd District Circuit Court Judge-Michael Drio DIREDA,,1,,No,71
Weber,PLV03,Retain 2nd District Juvenile Circuit Court Judge-Tasha WILLIAMS,,1,,Yes,319
Weber,PLV03,Retain 2nd District Juvenile Circuit Court Judge-Tasha WILLIAMS,,1,,No,68
Weber,PLV03,Constitutional Amendment B,,1,,For,282
Weber,PLV03,Constitutional Amendment B,,1,,Against,154
Weber,PLV03,Constitutional Amendment C,,1,,For,360
Weber,PLV03,Constitutional Amendment C,,1,,Against,76
Weber,PLV03,Proposition 19,,1,,Yes,302
Weber,PLV03,Proposition 19,,1,,No,148
Weber,PLV04,Registered Voters,,,,,30
Weber,PLV04,Ballots Cast,,,,,27
Weber,PLV04,President,,1,REP,Donald J. TRUMP/ JD VANCE,20
Weber,PLV04,President,,1,DEM,Kamala D. HARRIS / Tim WALZ,5
Weber,PLV04,President,,1,,Cornel Ronald WEST / Melina ABDULLAH,0
Weber,PLV04,President,,1,,"Lucifer ""JUSTIN CASE"" EVERYLOVE",0
Weber,PLV04,President,,1,CON,Joel SKOUSEN / Rik COMBS,0
Weber,PLV04,President,,1,GRN,Jill STEIN / Rudolph WARE,0
Weber,PLV04,President,,1,LBT,Chase OLIVER / Mike ter MAAT,0
Weber,PLV04,President,,1,,Claudia de la CRUZ / Karina Alexandra GARCIA,0
Weber,PLV04,President,,1,,Write-In Totals,2
Weber,PLV04,U.S. Senate,,1,REP,John CURTIS,19
Weber,PLV04,U.S. Senate,,1,IAP,Carleton E. BOWEN,3
Weber,PLV04,U.S. Senate,,1,DEM,Caroline GLEICH,2
Weber,PLV04,U.S. Senate,,1,,Write-In Totals,0
Weber,PLV04,U.S. House,1,1,REP,Blake D. MOORE,20
Weber,PLV04,U.S. House,1,1,DEM,Bill CAMPBELL,2
Weber,PLV04,U.S. House,1,1,LBT,Daniel R. COTTAM,0
Weber,PLV04,Governor,,1,REP,Spencer J. COX / Deidre M. HENDERSON,15
Weber,PLV04,Governor,,1,DEM,Brian SMITH KING / Rebekah CUMMINGS,3
Weber,PLV04,Governor,,1,LBT,J. Robert LATHAM / Barry Evan SHORT,2
Weber,PLV04,Governor,,1,IAP,Tommy WILLIAMS / Archie A. WILLIAMS III,1
Weber,PLV04,Governor,,1,,Tom TOMENY / William LANSING TAYLOR,0
Weber,PLV04,Governor,,1,,Write-In Totals,4
Weber,PLV04,Attorney General,,1,REP,Derek BROWN,21
Weber,PLV04,Attorney General,,1,DEM,Rudy J BAUTISTA,2
Weber,PLV04,Attorney General,,1,LBT,W. Andrew McCULLOUGH,1
Weber,PLV04,Attorney General,,1,UUP,Michelle QUIST,1
Weber,PLV04,Attorney General,,1,,Austin HEPWORTH,0
Weber,PLV04,State Auditor,,1,REP,Tina CANNON,19
Weber,PLV04,State Auditor,,1,DEM,Catherine VOUTAZ,3
Weber,PLV04,State Auditor,,1,CON,Jeffery L. OSTLER,0
Weber,PLV04,State Treasurer,,1,REP,Marlo M. OAKS,20
Weber,PLV04,State Treasurer,,1,DEM,Neil A HANSEN,3
Weber,PLV04,State Treasurer,,1,UFP,Miles POMEROY,0
Weber,PLV04,State Senate,4,1,REP,Calvin Ray MUSSELMAN,19
Weber,PLV04,State House,6,1,REP,Matthew H. GWYNN,21
Weber,PLV04,State House,6,1,DEM,Amber HARDY,4
Weber,PLV04,County Commission,C,1,REP,Jim HARVEY,20
Weber,PLV04,County Commission,C,1,LBT,Brian K ROWLEY,3
Weber,PLV04,County Commission,C,1,DEM,Steven VAN WAGONER,2
Weber,PLV04,County Assessor,,1,REP,John E. ULIBARRI,21
Weber,PLV04,County Recorder/Surveyor,,1,REP,Bahy RAHIMZADEGAN,20
Weber,PLV04,County Treasurer,,1,REP,Lynelle JENSEN,20
Weber,PLV04,Retain Supreme Court Justice-Matthew B. DURRANT,,1,,Yes,15
Weber,PLV04,Retain Supreme Court Justice-Matthew B. DURRANT,,1,,No,8
Weber,PLV04,Retain Appeals Court Judge-Ryan D. TENNEY,,1,,Yes,17
Weber,PLV04,Retain Appeals Court Judge-Ryan D. TENNEY,,1,,No,6
Weber,PLV04,Retain 2nd District Circuit Court Judge-Joseph M. BEAN,,1,,Yes,16
Weber,PLV04,Retain 2nd District Circuit Court Judge-Joseph M. BEAN,,1,,No,7
Weber,PLV04,Retain 2nd District Circuit Court Judge-Ronald G. RUSSELL,,1,,Yes,16
Weber,PLV04,Retain 2nd District Circuit Court Judge-Ronald G. RUSSELL,,1,,No,7
Weber,PLV04,Retain 2nd District Circuit Court Judge-Christina Patricia ORTEGA,,1,,Yes,17
Weber,PLV04,Retain 2nd District Circuit Court Judge-Christina Patricia ORTEGA,,1,,No,6
Weber,PLV04,Retain 2nd District Circuit Court Judge-Craig HALL,,1,,Yes,16
Weber,PLV04,Retain 2nd District Circuit Court Judge-Craig HALL,,1,,No,6
Weber,PLV04,Retain 2nd District Circuit Court Judge-Michael Drio DIREDA,,1,,Yes,16
Weber,PLV04,Retain 2nd District Circuit Court Judge-Michael Drio DIREDA,,1,,No,7
Weber,PLV04,Retain 2nd District Juvenile Circuit Court Judge-Tasha WILLIAMS,,1,,Yes,17
Weber,PLV04,Retain 2nd District Juvenile Circuit Court Judge-Tasha WILLIAMS,,1,,No,6
Weber,PLV04,Constitutional Amendment B,,1,,For,12
Weber,PLV04,Constitutional Amendment B,,1,,Against,12
Weber,PLV04,Constitutional Amendment C,,1,,For,18
Weber,PLV04,Constitutional Amendment C,,1,,Against,6
Weber,PLV04,Proposition 19,,1,,Yes,13
Weber,PLV04,Proposition 19,,1,,No,11
Weber,PLV05,Registered Voters,,,,,335
Weber,PLV05,Ballots Cast,,,,,300
Weber,PLV05,President,,1,REP,Donald J. TRUMP/ JD VANCE,216
Weber,PLV05,President,,1,DEM,Kamala D. HARRIS / Tim WALZ,65
Weber,PLV05,President,,1,LBT,Chase OLIVER / Mike ter MAAT,3
Weber,PLV05,President,,1,GRN,Jill STEIN / Rudolph WARE,2
Weber,PLV05,President,,1,,Cornel Ronald WEST / Melina ABDULLAH,1
Weber,PLV05,President,,1,,"Lucifer ""JUSTIN CASE"" EVERYLOVE",0
Weber,PLV05,President,,1,CON,Joel SKOUSEN / Rik COMBS,0
Weber,PLV05,President,,1,,Claudia de la CRUZ / Karina Alexandra GARCIA,0
Weber,PLV05,President,,1,,Write-In Totals,6
Weber,PLV05,U.S. Senate,,1,REP,John CURTIS,218
Weber,PLV05,U.S. Senate,,1,DEM,Caroline GLEICH,50
Weber,PLV05,U.S. Senate,,1,IAP,Carleton E. BOWEN,15
Weber,PLV05,U.S. Senate,,1,,Write-In Totals,4
Weber,PLV05,U.S. House,1,1,REP,Blake D. MOORE,224
Weber,PLV05,U.S. House,1,1,DEM,Bill CAMPBELL,49
Weber,PLV05,U.S. House,1,1,LBT,Daniel R. COTTAM,17
Weber,PLV05,Governor,,1,REP,Spencer J. COX / Deidre M. HENDERSON,187
Weber,PLV05,Governor,,1,DEM,Brian SMITH KING / Rebekah CUMMINGS,44
Weber,PLV05,Governor,,1,LBT,J. Robert LATHAM / Barry Evan SHORT,11
Weber,PLV05,Governor,,1,IAP,Tommy WILLIAMS / Archie A. WILLIAMS III,1
Weber,PLV05,Governor,,1,,Tom TOMENY / William LANSING TAYLOR,0
Weber,PLV05,Governor,,1,,Write-In Totals,50
Weber,PLV05,Attorney General,,1,REP,Derek BROWN,201
Weber,PLV05,Attorney General,,1,DEM,Rudy J BAUTISTA,36
Weber,PLV05,Attorney General,,1,LBT,W. Andrew McCULLOUGH,17
Weber,PLV05,Attorney General,,1,,Austin HEPWORTH,16
Weber,PLV05,Attorney General,,1,UUP,Michelle QUIST,12
Weber,PLV05,State Auditor,,1,REP,Tina CANNON,211
Weber,PLV05,State Auditor,,1,DEM,Catherine VOUTAZ,43
Weber,PLV05,State Auditor,,1,CON,Jeffery L. OSTLER,17
Weber,PLV05,State Treasurer,,1,REP,Marlo M. OAKS,223
Weber,PLV05,State Treasurer,,1,DEM,Neil A HANSEN,48
Weber,PLV05,State Treasurer,,1,UFP,Miles POMEROY,11
Weber,PLV05,State Senate,4,1,REP,Calvin Ray MUSSELMAN,211
Weber,PLV05,State House,6,1,REP,Matthew H. GWYNN,220
Weber,PLV05,State House,6,1,DEM,Amber HARDY,47
Weber,PLV05,County Commission,C,1,REP,Jim HARVEY,202
Weber,PLV05,County Commission,C,1,DEM,Steven VAN WAGONER,55
Weber,PLV05,County Commission,C,1,LBT,Brian K ROWLEY,23
Weber,PLV05,County Assessor,,1,REP,John E. ULIBARRI,237
Weber,PLV05,County Recorder/Surveyor,,1,REP,Bahy RAHIMZADEGAN,231
Weber,PLV05,County Treasurer,,1,REP,Lynelle JENSEN,241
Weber,PLV05,Retain Supreme Court Justice-Matthew B. DURRANT,,1,,Yes,199
Weber,PLV05,Retain Supreme Court Justice-Matthew B. DURRANT,,1,,No,41
Weber,PLV05,Retain Appeals Court Judge-Ryan D. TENNEY,,1,,Yes,195
Weber,PLV05,Retain Appeals Court Judge-Ryan D. TENNEY,,1,,No,44
Weber,PLV05,Retain 2nd District Circuit Court Judge-Joseph M. BEAN,,1,,Yes,185
Weber,PLV05,Retain 2nd District Circuit Court Judge-Joseph M. BEAN,,1,,No,50
Weber,PLV05,Retain 2nd District Circuit Court Judge-Ronald G. RUSSELL,,1,,Yes,191
Weber,PLV05,Retain 2nd District Circuit Court Judge-Ronald G. RUSSELL,,1,,No,44
Weber,PLV05,Retain 2nd District Circuit Court Judge-Christina Patricia ORTEGA,,1,,Yes,184
Weber,PLV05,Retain 2nd District Circuit Court Judge-Christina Patricia ORTEGA,,1,,No,54
Weber,PLV05,Retain 2nd District Circuit Court Judge-Craig HALL,,1,,Yes,179
Weber,PLV05,Retain 2nd District Circuit Court Judge-Craig HALL,,1,,No,56
Weber,PLV05,Retain 2nd District Circuit Court Judge-Michael Drio DIREDA,,1,,Yes,182
Weber,PLV05,Retain 2nd District Circuit Court Judge-Michael Drio DIREDA,,1,,No,52
Weber,PLV05,Retain 2nd District Juvenile Circuit Court Judge-Tasha WILLIAMS,,1,,Yes,185
Weber,PLV05,Retain 2nd District Juvenile Circuit Court Judge-Tasha WILLIAMS,,1,,No,51
Weber,PLV05,Constitutional Amendment B,,1,,For,180
Weber,PLV05,Constitutional Amendment B,,1,,Against,94
Weber,PLV05,Constitutional Amendment C,,1,,For,226
Weber,PLV05,Constitutional Amendment C,,1,,Against,48
Weber,PLV05,Proposition 19,,1,,Yes,173
Weber,PLV05,Proposition 19,,1,,No,106
Weber,PLV06,Registered Voters,,,,,361
Weber,PLV06,Ballots Cast,,,,,297
Weber,PLV06,President,,1,REP,Donald J. TRUMP/ JD VANCE,214
Weber,PLV06,President,,1,DEM,Kamala D. HARRIS / Tim WALZ,69
Weber,PLV06,President,,1,GRN,Jill STEIN / Rudolph WARE,6
Weber,PLV06,President,,1,,"Lucifer ""JUSTIN CASE"" EVERYLOVE",1
Weber,PLV06,President,,1,LBT,Chase OLIVER / Mike ter MAAT,1
Weber,PLV06,President,,1,,Cornel Ronald WEST / Melina ABDULLAH,0
Weber,PLV06,President,,1,CON,Joel SKOUSEN / Rik COMBS,0
Weber,PLV06,President,,1,,Claudia de la CRUZ / Karina Alexandra GARCIA,0
Weber,PLV06,President,,1,,Write-In Totals,2
Weber,PLV06,U.S. Senate,,1,REP,John CURTIS,217
Weber,PLV06,U.S. Senate,,1,DEM,Caroline GLEICH,59
Weber,PLV06,U.S. Senate,,1,IAP,Carleton E. BOWEN,14
Weber,PLV06,U.S. Senate,,1,,Write-In Totals,1
Weber,PLV06,U.S. House,1,1,REP,Blake D. MOORE,221
Weber,PLV06,U.S. House,1,1,DEM,Bill CAMPBELL,53
Weber,PLV06,U.S. House,1,1,LBT,Daniel R. COTTAM,13
Weber,PLV06,Governor,,1,REP,Spencer J. COX / Deidre M. HENDERSON,185
Weber,PLV06,Governor,,1,DEM,Brian SMITH KING / Rebekah CUMMINGS,43
Weber,PLV06,Governor,,1,IAP,Tommy WILLIAMS / Archie A. WILLIAMS III,11
Weber,PLV06,Governor,,1,LBT,J. Robert LATHAM / Barry Evan SHORT,7
Weber,PLV06,Governor,,1,,Tom TOMENY / William LANSING TAYLOR,1
Weber,PLV06,Governor,,1,,Write-In Totals,42
Weber,PLV06,Attorney General,,1,REP,Derek BROWN,204
Weber,PLV06,Attorney General,,1,DEM,Rudy J BAUTISTA,51
Weber,PLV06,Attorney General,,1,UUP,Michelle QUIST,12
Weber,PLV06,Attorney General,,1,LBT,W. Andrew McCULLOUGH,9
Weber,PLV06,Attorney General,,1,,Austin HEPWORTH,9
Weber,PLV06,State Auditor,,1,REP,Tina CANNON,206
Weber,PLV06,State Auditor,,1,DEM,Catherine VOUTAZ,56
Weber,PLV06,State Auditor,,1,CON,Jeffery L. OSTLER,16
Weber,PLV06,State Treasurer,,1,REP,Marlo M. OAKS,204
Weber,PLV06,State Treasurer,,1,DEM,Neil A HANSEN,66
Weber,PLV06,State Treasurer,,1,UFP,Miles POMEROY,10
Weber,PLV06,State Senate,3,1,REP,John D. JOHNSON,207
Weber,PLV06,State Senate,3,1,DEM,Stacy BERNAL,81
Weber,PLV06,State House,8,1,REP,Jason B KYLE,210
Weber,PLV06,County Commission,C,1,REP,Jim HARVEY,199
Weber,PLV06,County Commission,C,1,DEM,Steven VAN WAGONER,68
Weber,PLV06,County Commission,C,1,LBT,Brian K ROWLEY,20
Weber,PLV06,County Assessor,,1,REP,John E. ULIBARRI,231
Weber,PLV06,County Recorder/Surveyor,,1,REP,Bahy RAHIMZADEGAN,233
Weber,PLV06,County Treasurer,,1,REP,Lynelle JENSEN,234
Weber,PLV06,Retain Supreme Court Justice-Matthew B. DURRANT,,1,,Yes,163
Weber,PLV06,Retain Supreme Court Justice-Matthew B. DURRANT,,1,,No,59
Weber,PLV06,Retain Appeals Court Judge-Ryan D. TENNEY,,1,,Yes,163
Weber,PLV06,Retain Appeals Court Judge-Ryan D. TENNEY,,1,,No,59
Weber,PLV06,Retain 2nd District Circuit Court Judge-Joseph M. BEAN,,1,,Yes,153
Weber,PLV06,Retain 2nd District Circuit Court Judge-Joseph M. BEAN,,1,,No,67
Weber,PLV06,Retain 2nd District Circuit Court Judge-Ronald G. RUSSELL,,1,,Yes,159
Weber,PLV06,Retain 2nd District Circuit Court Judge-Ronald G. RUSSELL,,1,,No,59
Weber,PLV06,Retain 2nd District Circuit Court Judge-Christina Patricia ORTEGA,,1,,Yes,147
Weber,PLV06,Retain 2nd District Circuit Court Judge-Christina Patricia ORTEGA,,1,,No,71
Weber,PLV06,Retain 2nd District Circuit Court Judge-Craig HALL,,1,,Yes,149
Weber,PLV06,Retain 2nd District Circuit Court Judge-Craig HALL,,1,,No,63
Weber,PLV06,Retain 2nd District Circuit Court Judge-Michael Drio DIREDA,,1,,Yes,154
Weber,PLV06,Retain 2nd District Circuit Court Judge-Michael Drio DIREDA,,1,,No,64
Weber,PLV06,Retain 2nd District Juvenile Circuit Court Judge-Tasha WILLIAMS,,1,,Yes,154
Weber,PLV06,Retain 2nd District Juvenile Circuit Court Judge-Tasha WILLIAMS,,1,,No,63
Weber,PLV06,Constitutional Amendment B,,1,,For,164
Weber,PLV06,Constitutional Amendment B,,1,,Against,104
Weber,PLV06,Constitutional Amendment C,,1,,For,230
Weber,PLV06,Constitutional Amendment C,,1,,Against,40
Weber,PLV06,Proposition 19,,1,,Yes,171
Weber,PLV06,Proposition 19,,1,,No,105
Weber,PLV07,Registered Voters,,,,,867
Weber,PLV07,Ballots Cast,,,,,768
Weber,PLV07,President,,1,REP,Donald J. TRUMP/ JD VANCE,516
Weber,PLV07,President,,1,DEM,Kamala D. HARRIS / Tim WALZ,201
Weber,PLV07,President,,1,LBT,Chase OLIVER / Mike ter MAAT,18
Weber,PLV07,President,,1,GRN,Jill STEIN / Rudolph WARE,7
Weber,PLV07,President,,1,CON,Joel SKOUSEN / Rik COMBS,4
Weber,PLV07,President,,1,,"Lucifer ""JUSTIN CASE"" EVERYLOVE",3
Weber,PLV07,President,,1,,Cornel Ronald WEST / Melina ABDULLAH,0
Weber,PLV07,President,,1,,Claudia de la CRUZ / Karina Alexandra GARCIA,0
Weber,PLV07,President,,1,,Write-In Totals,12
Weber,PLV07,U.S. Senate,,1,REP,John CURTIS,558
Weber,PLV07,U.S. Senate,,1,DEM,Caroline GLEICH,161
Weber,PLV07,U.S. Senate,,1,IAP,Carleton E. BOWEN,27
Weber,PLV07,U.S. Senate,,1,,Write-In Totals,3
Weber,PLV07,U.S. House,1,1,REP,Blake D. MOORE,557
Weber,PLV07,U.S. House,1,1,DEM,Bill CAMPBELL,150
Weber,PLV07,U.S. House,1,1,LBT,Daniel R. COTTAM,25
Weber,PLV07,Governor,,1,REP,Spencer J. COX / Deidre M. HENDERSON,459
Weber,PLV07,Governor,,1,DEM,Brian SMITH KING / Rebekah CUMMINGS,129
Weber,PLV07,Governor,,1,LBT,J. Robert LATHAM / Barry Evan SHORT,23
Weber,PLV07,Governor,,1,IAP,Tommy WILLIAMS / Archie A. WILLIAMS III,13
Weber,PLV07,Governor,,1,,Tom TOMENY / William LANSING TAYLOR,5
Weber,PLV07,Governor,,1,,Write-In Totals,124
Weber,PLV07,Attorney General,,1,REP,Derek BROWN,513
Weber,PLV07,Attorney General,,1,DEM,Rudy J BAUTISTA,154
Weber,PLV07,Attorney General,,1,UUP,Michelle QUIST,30
Weber,PLV07,Attorney General,,1,LBT,W. Andrew McCULLOUGH,20
Weber,PLV07,Attorney General,,1,,Austin HEPWORTH,16
Weber,PLV07,State Auditor,,1,REP,Tina CANNON,521
Weber,PLV07,State Auditor,,1,DEM,Catherine VOUTAZ,160
Weber,PLV07,State Auditor,,1,CON,Jeffery L. OSTLER,37
Weber,PLV07,State Treasurer,,1,REP,Marlo M. OAKS,527
Weber,PLV07,State Treasurer,,1,DEM,Neil A HANSEN,163
Weber,PLV07,State Treasurer,,1,UFP,Miles POMEROY,28
Weber,PLV07,State Senate,3,1,REP,John D. JOHNSON,512
Weber,PLV07,State Senate,3,1,DEM,Stacy BERNAL,219
Weber,PLV07,State House,7,1,REP,Ryan D. WILCOX,602
Weber,PLV07,County Commission,C,1,REP,Jim HARVEY,499
Weber,PLV07,County Commission,C,1,DEM,Steven VAN WAGONER,179
Weber,PLV07,County Commission,C,1,LBT,Brian K ROWLEY,45
Weber,PLV07,County Assessor,,1,REP,John E. ULIBARRI,600
Weber,PLV07,County Recorder/Surveyor,,1,REP,Bahy RAHIMZADEGAN,595
Weber,PLV07,County Treasurer,,1,REP,Lynelle JENSEN,616
Weber,PLV07,Retain Supreme Court Justice-Matthew B. DURRANT,,1,,Yes,499
Weber,PLV07,Retain Supreme Court Justice-Matthew B. DURRANT,,1,,No,123
Weber,PLV07,Retain Appeals Court Judge-Ryan D. TENNEY,,1,,Yes,485
Weber,PLV07,Retain Appeals Court Judge-Ryan D. TENNEY,,1,,No,126
Weber,PLV07,Retain 2nd District Circuit Court Judge-Joseph M. BEAN,,1,,Yes,465
Weber,PLV07,Retain 2nd District Circuit Court Judge-Joseph M. BEAN,,1,,No,145
Weber,PLV07,Retain 2nd District Circuit Court Judge-Ronald G. RUSSELL,,1,,Yes,488
Weber,PLV07,Retain 2nd District Circuit Court Judge-Ronald G. RUSSELL,,1,,No,121
Weber,PLV07,Retain 2nd District Circuit Court Judge-Christina Patricia ORTEGA,,1,,Yes,463
Weber,PLV07,Retain 2nd District Circuit Court Judge-Christina Patricia ORTEGA,,1,,No,147
Weber,PLV07,Retain 2nd District Circuit Court Judge-Craig HALL,,1,,Yes,459
Weber,PLV07,Retain 2nd District Circuit Court Judge-Craig HALL,,1,,No,145
Weber,PLV07,Retain 2nd District Circuit Court Judge-Michael Drio DIREDA,,1,,Yes,484
Weber,PLV07,Retain 2nd District Circuit Court Judge-Michael Drio DIREDA,,1,,No,128
Weber,PLV07,Retain 2nd District Juvenile Circuit Court Judge-Tasha WILLIAMS,,1,,Yes,499
Weber,PLV07,Retain 2nd District Juvenile Circuit Court Judge-Tasha WILLIAMS,,1,,No,119
Weber,PLV07,Constitutional Amendment B,,1,,For,456
Weber,PLV07,Constitutional Amendment B,,1,,Against,256
Weber,PLV07,Constitutional Amendment C,,1,,For,579
Weber,PLV07,Constitutional Amendment C,,1,,Against,136
Weber,PLV07,Proposition 19,,1,,Yes,461
Weber,PLV07,Proposition 19,,1,,No,262
Weber,PLV08,Registered Voters,,,,,829
Weber,PLV08,Ballots Cast,,,,,714
Weber,PLV08,President,,1,REP,Donald J. TRUMP/ JD VANCE,502
Weber,PLV08,President,,1,DEM,Kamala D. HARRIS / Tim WALZ,168
Weber,PLV08,President,,1,LBT,Chase OLIVER / Mike ter MAAT,12
Weber,PLV08,President,,1,CON,Joel SKOUSEN / Rik COMBS,3
Weber,PLV08,President,,1,GRN,Jill STEIN / Rudolph WARE,3
Weber,PLV08,President,,1,,"Lucifer ""JUSTIN CASE"" EVERYLOVE",2
Weber,PLV08,President,,1,,Cornel Ronald WEST / Melina ABDULLAH,1
Weber,PLV08,President,,1,,Claudia de la CRUZ / Karina Alexandra GARCIA,1
Weber,PLV08,President,,1,,Write-In Totals,14
Weber,PLV08,U.S. Senate,,1,REP,John CURTIS,540
Weber,PLV08,U.S. Senate,,1,DEM,Caroline GLEICH,101
Weber,PLV08,U.S. Senate,,1,IAP,Carleton E. BOWEN,31
Weber,PLV08,U.S. Senate,,1,,Write-In Totals,11
Weber,PLV08,U.S. House,1,1,REP,Blake D. MOORE,537
Weber,PLV08,U.S. House,1,1,DEM,Bill CAMPBELL,106
Weber,PLV08,U.S. House,1,1,LBT,Daniel R. COTTAM,38
Weber,PLV08,Governor,,1,REP,Spencer J. COX / Deidre M. HENDERSON,458
Weber,PLV08,Governor,,1,DEM,Brian SMITH KING / Rebekah CUMMINGS,90
Weber,PLV08,Governor,,1,LBT,J. Robert LATHAM / Barry Evan SHORT,20
Weber,PLV08,Governor,,1,IAP,Tommy WILLIAMS / Archie A. WILLIAMS III,11
Weber,PLV08,Governor,,1,,Tom TOMENY / William LANSING TAYLOR,1
Weber,PLV08,Governor,,1,,Write-In Totals,122
Weber,PLV08,Attorney General,,1,REP,Derek BROWN,508
Weber,PLV08,Attorney General,,1,DEM,Rudy J BAUTISTA,96
Weber,PLV08,Attorney General,,1,UUP,Michelle QUIST,36
Weber,PLV08,Attorney General,,1,LBT,W. Andrew McCULLOUGH,27
Weber,PLV08,Attorney General,,1,,Austin HEPWORTH,16
Weber,PLV08,State Auditor,,1,REP,Tina CANNON,532
Weber,PLV08,State Auditor,,1,DEM,Catherine VOUTAZ,117
Weber,PLV08,State Auditor,,1,CON,Jeffery L. OSTLER,26
Weber,PLV08,State Treasurer,,1,REP,Marlo M. OAKS,531
Weber,PLV08,State Treasurer,,1,DEM,Neil A HANSEN,114
Weber,PLV08,State Treasurer,,1,UFP,Miles POMEROY,32
Weber,PLV08,State Senate,3,1,REP,John D. JOHNSON,517
Weber,PLV08,State Senate,3,1,DEM,Stacy BERNAL,165
Weber,PLV08,State House,6,1,REP,Matthew H. GWYNN,512
Weber,PLV08,State House,6,1,DEM,Amber HARDY,131
Weber,PLV08,County Commission,C,1,REP,Jim HARVEY,504
Weber,PLV08,County Commission,C,1,DEM,Steven VAN WAGONER,125
Weber,PLV08,County Commission,C,1,LBT,Brian K ROWLEY,49
Weber,PLV08,County Assessor,,1,REP,John E. ULIBARRI,606
Weber,PLV08,County Recorder/Surveyor,,1,REP,Bahy RAHIMZADEGAN,604
Weber,PLV08,County Treasurer,,1,REP,Lynelle JENSEN,607
Weber,PLV08,Retain Supreme Court Justice-Matthew B. DURRANT,,1,,Yes,501
Weber,PLV08,Retain Supreme Court Justice-Matthew B. DURRANT,,1,,No,94
Weber,PLV08,Retain Appeals Court Judge-Ryan D. TENNEY,,1,,Yes,492
Weber,PLV08,Retain Appeals Court Judge-Ryan D. TENNEY,,1,,No,92
Weber,PLV08,Retain 2nd District Circuit Court Judge-Joseph M. BEAN,,1,,Yes,480
Weber,PLV08,Retain 2nd District Circuit Court Judge-Joseph M. BEAN,,1,,No,106
Weber,PLV08,Retain 2nd District Circuit Court Judge-Ronald G. RUSSELL,,1,,Yes,489
Weber,PLV08,Retain 2nd District Circuit Court Judge-Ronald G. RUSSELL,,1,,No,94
Weber,PLV08,Retain 2nd District Circuit Court Judge-Christina Patricia ORTEGA,,1,,Yes,473
Weber,PLV08,Retain 2nd District Circuit Court Judge-Christina Patricia ORTEGA,,1,,No,113
Weber,PLV08,Retain 2nd District Circuit Court Judge-Craig HALL,,1,,Yes,478
Weber,PLV08,Retain 2nd District Circuit Court Judge-Craig HALL,,1,,No,97
Weber,PLV08,Retain 2nd District Circuit Court Judge-Michael Drio DIREDA,,1,,Yes,491
Weber,PLV08,Retain 2nd District Circuit Court Judge-Michael Drio DIREDA,,1,,No,95
Weber,PLV08,Retain 2nd District Juvenile Circuit Court Judge-Tasha WILLIAMS,,1,,Yes,494
Weber,PLV08,Retain 2nd District Juvenile Circuit Court Judge-Tasha WILLIAMS,,1,,No,88
Weber,PLV08,Constitutional Amendment B,,1,,For,444
Weber,PLV08,Constitutional Amendment B,,1,,Against,207
Weber,PLV08,Constitutional Amendment C,,1,,For,549
Weber,PLV08,Constitutional Amendment C,,1,,Against,107
Weber,PLV08,Proposition 19,,1,,Yes,445
Weber,PLV08,Proposition 19,,1,,No,228
Weber,PLV09,Registered Voters,,,,,766
Weber,PLV09,Ballots Cast,,,,,661
Weber,PLV09,President,,1,REP,Donald J. TRUMP/ JD VANCE,479
Weber,PLV09,President,,1,DEM,Kamala D. HARRIS / Tim WALZ,146
Weber,PLV09,President,,1,LBT,Chase OLIVER / Mike ter MAAT,9
Weber,PLV09,President,,1,CON,Joel SKOUSEN / Rik COMBS,6
Weber,PLV09,President,,1,GRN,Jill STEIN / Rudolph WARE,1
Weber,PLV09,President,,1,,Cornel Ronald WEST / Melina ABDULLAH,0
Weber,PLV09,President,,1,,"Lucifer ""JUSTIN CASE"" EVERYLOVE",0
Weber,PLV09,President,,1,,Claudia de la CRUZ / Karina Alexandra GARCIA,0
Weber,PLV09,President,,1,,Write-In Totals,12
Weber,PLV09,U.S. Senate,,1,REP,John CURTIS,504
Weber,PLV09,U.S. Senate,,1,DEM,Caroline GLEICH,108
Weber,PLV09,U.S. Senate,,1,IAP,Carleton E. BOWEN,28
Weber,PLV09,U.S. Senate,,1,,Write-In Totals,3
Weber,PLV09,U.S. House,1,1,REP,Blake D. MOORE,496
Weber,PLV09,U.S. House,1,1,DEM,Bill CAMPBELL,114
Weber,PLV09,U.S. House,1,1,LBT,Daniel R. COTTAM,23
Weber,PLV09,Governor,,1,REP,Spencer J. COX / Deidre M. HENDERSON,438
Weber,PLV09,Governor,,1,DEM,Brian SMITH KING / Rebekah CUMMINGS,93
Weber,PLV09,Governor,,1,LBT,J. Robert LATHAM / Barry Evan SHORT,14
Weber,PLV09,Governor,,1,IAP,Tommy WILLIAMS / Archie A. WILLIAMS III,12
Weber,PLV09,Governor,,1,,Tom TOMENY / William LANSING TAYLOR,2
Weber,PLV09,Governor,,1,,Write-In Totals,88
Weber,PLV09,Attorney General,,1,REP,Derek BROWN,470
Weber,PLV09,Attorney General,,1,DEM,Rudy J BAUTISTA,97
Weber,PLV09,Attorney General,,1,UUP,Michelle QUIST,27
Weber,PLV09,Attorney General,,1,,Austin HEPWORTH,25
Weber,PLV09,Attorney General,,1,LBT,W. Andrew McCULLOUGH,16
Weber,PLV09,State Auditor,,1,REP,Tina CANNON,501
Weber,PLV09,State Auditor,,1,DEM,Catherine VOUTAZ,99
Weber,PLV09,State Auditor,,1,CON,Jeffery L. OSTLER,31
Weber,PLV09,State Treasurer,,1,REP,Marlo M. OAKS,512
Weber,PLV09,State Treasurer,,1,DEM,Neil A HANSEN,101
Weber,PLV09,State Treasurer,,1,UFP,Miles POMEROY,19
Weber,PLV09,State Senate,3,1,REP,John D. JOHNSON,492
Weber,PLV09,State Senate,3,1,DEM,Stacy BERNAL,150
Weber,PLV09,State House,6,1,REP,Matthew H. GWYNN,504
Weber,PLV09,State House,6,1,DEM,Amber HARDY,111
Weber,PLV09,County Commission,C,1,REP,Jim HARVEY,468
Weber,PLV09,County Commission,C,1,DEM,Steven VAN WAGONER,148
Weber,PLV09,County Commission,C,1,LBT,Brian K ROWLEY,23
Weber,PLV09,County Assessor,,1,REP,John E. ULIBARRI,557
Weber,PLV09,County Recorder/Surveyor,,1,REP,Bahy RAHIMZADEGAN,543
Weber,PLV09,County Treasurer,,1,REP,Lynelle JENSEN,558
Weber,PLV09,Retain Supreme Court Justice-Matthew B. DURRANT,,1,,Yes,452
Weber,PLV09,Retain Supreme Court Justice-Matthew B. DURRANT,,1,,No,87
Weber,PLV09,Retain Appeals Court Judge-Ryan D. TENNEY,,1,,Yes,445
Weber,PLV09,Retain Appeals Court Judge-Ryan D. TENNEY,,1,,No,86
Weber,PLV09,Retain 2nd District Circuit Court Judge-Joseph M. BEAN,,1,,Yes,430
Weber,PLV09,Retain 2nd District Circuit Court Judge-Joseph M. BEAN,,1,,No,102
Weber,PLV09,Retain 2nd District Circuit Court Judge-Ronald G. RUSSELL,,1,,Yes,449
Weber,PLV09,Retain 2nd District Circuit Court Judge-Ronald G. RUSSELL,,1,,No,86
Weber,PLV09,Retain 2nd District Circuit Court Judge-Christina Patricia ORTEGA,,1,,Yes,428
Weber,PLV09,Retain 2nd District Circuit Court Judge-Christina Patricia ORTEGA,,1,,No,107
Weber,PLV09,Retain 2nd District Circuit Court Judge-Craig HALL,,1,,Yes,428
Weber,PLV09,Retain 2nd District Circuit Court Judge-Craig HALL,,1,,No,101
Weber,PLV09,Retain 2nd District Circuit Court Judge-Michael Drio DIREDA,,1,,Yes,446
Weber,PLV09,Retain 2nd District Circuit Court Judge-Michael Drio DIREDA,,1,,No,90
Weber,PLV09,Retain 2nd District Juvenile Circuit Court Judge-Tasha WILLIAMS,,1,,Yes,448
Weber,PLV09,Retain 2nd District Juvenile Circuit Court Judge-Tasha WILLIAMS,,1,,No,90
Weber,PLV09,Constitutional Amendment B,,1,,For,415
Weber,PLV09,Constitutional Amendment B,,1,,Against,207
Weber,PLV09,Constitutional Amendment C,,1,,For,520
Weber,PLV09,Constitutional Amendment C,,1,,Against,106
Weber,PLV09,Proposition 19,,1,,Yes,437
Weber,PLV09,Proposition 19,,1,,No,198
Weber,PLV10,Registered Voters,,,,,892
Weber,PLV10,Ballots Cast,,,,,790
Weber,PLV10,President,,1,REP,Donald J. TRUMP/ JD VANCE,486
Weber,PLV10,President,,1,DEM,Kamala D. HARRIS / Tim WALZ,268
Weber,PLV10,President,,1,LBT,Chase OLIVER / Mike ter MAAT,6
Weber,PLV10,President,,1,GRN,Jill STEIN / Rudolph WARE,5
Weber,PLV10,President,,1,,"Lucifer ""JUSTIN CASE"" EVERYLOVE",1
Weber,PLV10,President,,1,CON,Joel SKOUSEN / Rik COMBS,1
Weber,PLV10,President,,1,,Claudia de la CRUZ / Karina Alexandra GARCIA,1
Weber,PLV10,President,,1,,Cornel Ronald WEST / Melina ABDULLAH,0
Weber,PLV10,President,,1,,Write-In Totals,13
Weber,PLV10,U.S. Senate,,1,REP,John CURTIS,495
Weber,PLV10,U.S. Senate,,1,DEM,Caroline GLEICH,212
Weber,PLV10,U.S. Senate,,1,IAP,Carleton E. BOWEN,43
Weber,PLV10,U.S. Senate,,1,,Write-In Totals,7
Weber,PLV10,U.S. House,1,1,REP,Blake D. MOORE,488
Weber,PLV10,U.S. House,1,1,DEM,Bill CAMPBELL,209
Weber,PLV10,U.S. House,1,1,LBT,Daniel R. COTTAM,43
Weber,PLV10,Governor,,1,REP,Spencer J. COX / Deidre M. HENDERSON,417
Weber,PLV10,Governor,,1,DEM,Brian SMITH KING / Rebekah CUMMINGS,188
Weber,PLV10,Governor,,1,LBT,J. Robert LATHAM / Barry Evan SHORT,25
Weber,PLV10,Governor,,1,IAP,Tommy WILLIAMS / Archie A. WILLIAMS III,11
Weber,PLV10,Governor,,1,,Tom TOMENY / William LANSING TAYLOR,3
Weber,PLV10,Governor,,1,,Write-In Totals,121
Weber,PLV10,Attorney General,,1,REP,Derek BROWN,449
Weber,PLV10,Attorney General,,1,DEM,Rudy J BAUTISTA,185
Weber,PLV10,Attorney General,,1,UUP,Michelle QUIST,45
Weber,PLV10,Attorney General,,1,,Austin HEPWORTH,35
Weber,PLV10,Attorney General,,1,LBT,W. Andrew McCULLOUGH,27
Weber,PLV10,State Auditor,,1,REP,Tina CANNON,491
Weber,PLV10,State Auditor,,1,DEM,Catherine VOUTAZ,210
Weber,PLV10,State Auditor,,1,CON,Jeffery L. OSTLER,41
Weber,PLV10,State Treasurer,,1,REP,Marlo M. OAKS,481
Weber,PLV10,State Treasurer,,1,DEM,Neil A HANSEN,222
Weber,PLV10,State Treasurer,,1,UFP,Miles POMEROY,27
Weber,PLV10,State Senate,3,1,REP,John D. JOHNSON,474
Weber,PLV10,State Senate,3,1,DEM,Stacy BERNAL,271
Weber,PLV10,State House,7,1,REP,Ryan D. WILCOX,555
Weber,PLV10,County Commission,C,1,REP,Jim HARVEY,442
Weber,PLV10,County Commission,C,1,DEM,Steven VAN WAGONER,248
Weber,PLV10,County Commission,C,1,LBT,Brian K ROWLEY,49
Weber,PLV10,County Assessor,,1,REP,John E. ULIBARRI,585
Weber,PLV10,County Recorder/Surveyor,,1,REP,Bahy RAHIMZADEGAN,576
Weber,PLV10,County Treasurer,,1,REP,Lynelle JENSEN,590
Weber,PLV10,Retain Supreme Court Justice-Matthew B. DURRANT,,1,,Yes,463
Weber,PLV10,Retain Supreme Court Justice-Matthew B. DURRANT,,1,,No,160
Weber,PLV10,Retain Appeals Court Judge-Ryan D. TENNEY,,1,,Yes,450
Weber,PLV10,Retain Appeals Court Judge-Ryan D. TENNEY,,1,,No,163
Weber,PLV10,Retain 2nd District Circuit Court Judge-Joseph M. BEAN,,1,,Yes,434
Weber,PLV10,Retain 2nd District Circuit Court Judge-Joseph M. BEAN,,1,,No,176
Weber,PLV10,Retain 2nd District Circuit Court Judge-Ronald G. RUSSELL,,1,,Yes,456
Weber,PLV10,Retain 2nd District Circuit Court Judge-Ronald G. RUSSELL,,1,,No,155
Weber,PLV10,Retain 2nd District Circuit Court Judge-Christina Patricia ORTEGA,,1,,Yes,434
Weber,PLV10,Retain 2nd District Circuit Court Judge-Christina Patricia ORTEGA,,1,,No,181
Weber,PLV10,Retain 2nd District Circuit Court Judge-Craig HALL,,1,,Yes,440
Weber,PLV10,Retain 2nd District Circuit Court Judge-Craig HALL,,1,,No,173
Weber,PLV10,Retain 2nd District Circuit Court Judge-Michael Drio DIREDA,,1,,Yes,457
Weber,PLV10,Retain 2nd District Circuit Court Judge-Michael Drio DIREDA,,1,,No,154
Weber,PLV10,Retain 2nd District Juvenile Circuit Court Judge-Tasha WILLIAMS,,1,,Yes,446
Weber,PLV10,Retain 2nd District Juvenile Circuit Court Judge-Tasha WILLIAMS,,1,,No,167
Weber,PLV10,Constitutional Amendment B,,1,,For,491
Weber,PLV10,Constitutional Amendment B,,1,,Against,235
Weber,PLV10,Constitutional Amendment C,,1,,For,587
Weber,PLV10,Constitutional Amendment C,,1,,Against,130
Weber,PLV10,Proposition 19,,1,,Yes,507
Weber,PLV10,Proposition 19,,1,,No,229
Weber,PLV11,Registered Voters,,,,,503
Weber,PLV11,Ballots Cast,,,,,388
Weber,PLV11,President,,1,REP,Donald J. TRUMP/ JD VANCE,232
Weber,PLV11,President,,1,DEM,Kamala D. HARRIS / Tim WALZ,145
Weber,PLV11,President,,1,GRN,Jill STEIN / Rudolph WARE,4
Weber,PLV11,President,,1,,Cornel Ronald WEST / Melina ABDULLAH,3
Weber,PLV11,President,,1,CON,Joel SKOUSEN / Rik COMBS,1
Weber,PLV11,President,,1,LBT,Chase OLIVER / Mike ter MAAT,1
Weber,PLV11,President,,1,,"Lucifer ""JUSTIN CASE"" EVERYLOVE",0
Weber,PLV11,President,,1,,Claudia de la CRUZ / Karina Alexandra GARCIA,0
Weber,PLV11,President,,1,,Write-In Totals,1
Weber,PLV11,U.S. Senate,,1,REP,John CURTIS,223
Weber,PLV11,U.S. Senate,,1,DEM,Caroline GLEICH,127
Weber,PLV11,U.S. Senate,,1,IAP,Carleton E. BOWEN,9
Weber,PLV11,U.S. Senate,,1,,Write-In Totals,3
Weber,PLV11,U.S. House,1,1,REP,Blake D. MOORE,211
Weber,PLV11,U.S. House,1,1,DEM,Bill CAMPBELL,118
Weber,PLV11,U.S. House,1,1,LBT,Daniel R. COTTAM,23
Weber,PLV11,Governor,,1,REP,Spencer J. COX / Deidre M. HENDERSON,180
Weber,PLV11,Governor,,1,DEM,Brian SMITH KING / Rebekah CUMMINGS,117
Weber,PLV11,Governor,,1,LBT,J. Robert LATHAM / Barry Evan SHORT,11
Weber,PLV11,Governor,,1,IAP,Tommy WILLIAMS / Archie A. WILLIAMS III,8
Weber,PLV11,Governor,,1,,Tom TOMENY / William LANSING TAYLOR,5
Weber,PLV11,Governor,,1,,Write-In Totals,39
Weber,PLV11,Attorney General,,1,REP,Derek BROWN,210
Weber,PLV11,Attorney General,,1,DEM,Rudy J BAUTISTA,117
Weber,PLV11,Attorney General,,1,UUP,Michelle QUIST,17
Weber,PLV11,Attorney General,,1,LBT,W. Andrew McCULLOUGH,11
Weber,PLV11,Attorney General,,1,,Austin HEPWORTH,7
Weber,PLV11,State Auditor,,1,REP,Tina CANNON,207
Weber,PLV11,State Auditor,,1,DEM,Catherine VOUTAZ,120
Weber,PLV11,State Auditor,,1,CON,Jeffery L. OSTLER,16
Weber,PLV11,State Treasurer,,1,REP,Marlo M. OAKS,213
Weber,PLV11,State Treasurer,,1,DEM,Neil A HANSEN,116
Weber,PLV11,State Treasurer,,1,UFP,Miles POMEROY,15
Weber,PLV11,State Senate,3,1,REP,John D. JOHNSON,218
Weber,PLV11,State Senate,3,1,DEM,Stacy BERNAL,129
Weber,PLV11,State House,6,1,REP,Matthew H. GWYNN,209
Weber,PLV11,State House,6,1,DEM,Amber HARDY,124
Weber,PLV11,County Commission,C,1,REP,Jim HARVEY,197
Weber,PLV11,County Commission,C,1,DEM,Steven VAN WAGONER,134
Weber,PLV11,County Commission,C,1,LBT,Brian K ROWLEY,20
Weber,PLV11,County Assessor,,1,REP,John E. ULIBARRI,264
Weber,PLV11,County Recorder/Surveyor,,1,REP,Bahy RAHIMZADEGAN,245
Weber,PLV11,County Treasurer,,1,REP,Lynelle JENSEN,262
Weber,PLV11,Retain Supreme Court Justice-Matthew B. DURRANT,,1,,Yes,209
Weber,PLV11,Retain Supreme Court Justice-Matthew B. DURRANT,,1,,No,80
Weber,PLV11,Retain Appeals Court Judge-Ryan D. TENNEY,,1,,Yes,217
Weber,PLV11,Retain Appeals Court Judge-Ryan D. TENNEY,,1,,No,65
Weber,PLV11,Retain 2nd District Circuit Court Judge-Joseph M. BEAN,,1,,Yes,214
Weber,PLV11,Retain 2nd District Circuit Court Judge-Joseph M. BEAN,,1,,No,70
Weber,PLV11,Retain 2nd District Circuit Court Judge-Ronald G. RUSSELL,,1,,Yes,222
Weber,PLV11,Retain 2nd District Circuit Court Judge-Ronald G. RUSSELL,,1,,No,64
Weber,PLV11,Retain 2nd District Circuit Court Judge-Christina Patricia ORTEGA,,1,,Yes,225
Weber,PLV11,Retain 2nd District Circuit Court Judge-Christina Patricia ORTEGA,,1,,No,63
Weber,PLV11,Retain 2nd District Circuit Court Judge-Craig HALL,,1,,Yes,209
Weber,PLV11,Retain 2nd District Circuit Court Judge-Craig HALL,,1,,No,74
Weber,PLV11,Retain 2nd District Circuit Court Judge-Michael Drio DIREDA,,1,,Yes,218
Weber,PLV11,Retain 2nd District Circuit Court Judge-Michael Drio DIREDA,,1,,No,66
Weber,PLV11,Retain 2nd District Juvenile Circuit Court Judge-Tasha WILLIAMS,,1,,Yes,226
Weber,PLV11,Retain 2nd District Juvenile Circuit Court Judge-Tasha WILLIAMS,,1,,No,60
Weber,PLV11,Constitutional Amendment B,,1,,For,261
Weber,PLV11,Constitutional Amendment B,,1,,Against,76
Weber,PLV11,Constitutional Amendment C,,1,,For,308
Weber,PLV11,Constitutional Amendment C,,1,,Against,32
Weber,PLV11,Proposition 19,,1,,Yes,217
Weber,PLV11,Proposition 19,,1,,No,126
Weber,RIV01,Registered Voters,,,,,1193
Weber,RIV01,Ballots Cast,,,,,1021
Weber,RIV01,President,,1,REP,Donald J. TRUMP/ JD VANCE,567
Weber,RIV01,President,,1,DEM,Kamala D. HARRIS / Tim WALZ,391
Weber,RIV01,President,,1,CON,Joel SKOUSEN / Rik COMBS,12
Weber,RIV01,President,,1,LBT,Chase OLIVER / Mike ter MAAT,10
Weber,RIV01,President,,1,GRN,Jill STEIN / Rudolph WARE,9
Weber,RIV01,President,,1,,"Lucifer ""JUSTIN CASE"" EVERYLOVE",3
Weber,RIV01,President,,1,,Claudia de la CRUZ / Karina Alexandra GARCIA,3
Weber,RIV01,President,,1,,Cornel Ronald WEST / Melina ABDULLAH,0
Weber,RIV01,President,,1,,Write-In Totals,16
Weber,RIV01,U.S. Senate,,1,REP,John CURTIS,608
Weber,RIV01,U.S. Senate,,1,DEM,Caroline GLEICH,318
Weber,RIV01,U.S. Senate,,1,IAP,Carleton E. BOWEN,34
Weber,RIV01,U.S. Senate,,1,,Write-In Totals,4
Weber,RIV01,U.S. House,1,1,REP,Blake D. MOORE,615
Weber,RIV01,U.S. House,1,1,DEM,Bill CAMPBELL,308
Weber,RIV01,U.S. House,1,1,LBT,Daniel R. COTTAM,37
Weber,RIV01,Governor,,1,REP,Spencer J. COX / Deidre M. HENDERSON,543
Weber,RIV01,Governor,,1,DEM,Brian SMITH KING / Rebekah CUMMINGS,283
Weber,RIV01,Governor,,1,LBT,J. Robert LATHAM / Barry Evan SHORT,26
Weber,RIV01,Governor,,1,IAP,Tommy WILLIAMS / Archie A. WILLIAMS III,25
Weber,RIV01,Governor,,1,,Tom TOMENY / William LANSING TAYLOR,3
Weber,RIV01,Governor,,1,,Write-In Totals,99
Weber,RIV01,Attorney General,,1,REP,Derek BROWN,548
Weber,RIV01,Attorney General,,1,DEM,Rudy J BAUTISTA,279
Weber,RIV01,Attorney General,,1,UUP,Michelle QUIST,67
Weber,RIV01,Attorney General,,1,,Austin HEPWORTH,33
Weber,RIV01,Attorney General,,1,LBT,W. Andrew McCULLOUGH,25
Weber,RIV01,State Auditor,,1,REP,Tina CANNON,585
Weber,RIV01,State Auditor,,1,DEM,Catherine VOUTAZ,291
Weber,RIV01,State Auditor,,1,CON,Jeffery L. OSTLER,46
Weber,RIV01,State Treasurer,,1,REP,Marlo M. OAKS,561
Weber,RIV01,State Treasurer,,1,DEM,Neil A HANSEN,309
Weber,RIV01,State Treasurer,,1,UFP,Miles POMEROY,53
Weber,RIV01,State House,10,1,REP,Jill KOFORD,612
Weber,RIV01,State House,10,1,DEM,Rosemary LESSER,373
Weber,RIV01,State House,10,1,REP,Rod HALL,595
Weber,RIV01,State House,10,1,UFP,Laura JOHNSON,270
Weber,RIV01,County Commission,C,1,REP,Jim HARVEY,565
Weber,RIV01,County Commission,C,1,DEM,Steven VAN WAGONER,334
Weber,RIV01,County Commission,C,1,LBT,Brian K ROWLEY,46
Weber,RIV01,County Assessor,,1,REP,John E. ULIBARRI,737
Weber,RIV01,County Recorder/Surveyor,,1,REP,Bahy RAHIMZADEGAN,705
Weber,RIV01,County Treasurer,,1,REP,Lynelle JENSEN,738
Weber,RIV01,Weber School Board,5,1,,Douglas R. HURST,692
Weber,RIV01,Retain Supreme Court Justice-Matthew B. DURRANT,,1,,Yes,614
Weber,RIV01,Retain Supreme Court Justice-Matthew B. DURRANT,,1,,No,164
Weber,RIV01,Retain Appeals Court Judge-Ryan D. TENNEY,,1,,Yes,607
Weber,RIV01,Retain Appeals Court Judge-Ryan D. TENNEY,,1,,No,169
Weber,RIV01,Retain 2nd District Circuit Court Judge-Joseph M. BEAN,,1,,Yes,591
Weber,RIV01,Retain 2nd District Circuit Court Judge-Joseph M. BEAN,,1,,No,178
Weber,RIV01,Retain 2nd District Circuit Court Judge-Ronald G. RUSSELL,,1,,Yes,604
Weber,RIV01,Retain 2nd District Circuit Court Judge-Ronald G. RUSSELL,,1,,No,165
Weber,RIV01,Retain 2nd District Circuit Court Judge-Christina Patricia ORTEGA,,1,,Yes,606
Weber,RIV01,Retain 2nd District Circuit Court Judge-Christina Patricia ORTEGA,,1,,No,174
Weber,RIV01,Retain 2nd District Circuit Court Judge-Craig HALL,,1,,Yes,591
Weber,RIV01,Retain 2nd District Circuit Court Judge-Craig HALL,,1,,No,177
Weber,RIV01,Retain 2nd District Circuit Court Judge-Michael Drio DIREDA,,1,,Yes,611
Weber,RIV01,Retain 2nd District Circuit Court Judge-Michael Drio DIREDA,,1,,No,162
Weber,RIV01,Retain 2nd District Juvenile Circuit Court Judge-Tasha WILLIAMS,,1,,Yes,607
Weber,RIV01,Retain 2nd District Juvenile Circuit Court Judge-Tasha WILLIAMS,,1,,No,163
Weber,RIV01,Retain Paul H OLDS,,1,,Yes,611
Weber,RIV01,Retain Paul H OLDS,,1,,No,157
Weber,RIV01,Constitutional Amendment B,,1,,For,623
Weber,RIV01,Constitutional Amendment B,,1,,Against,297
Weber,RIV01,Constitutional Amendment C,,1,,For,746
Weber,RIV01,Constitutional Amendment C,,1,,Against,179
Weber,RIV01,Proposition 19,,1,,Yes,633
Weber,RIV01,Proposition 19,,1,,No,320
Weber,RIV02,Registered Voters,,,,,1177
Weber,RIV02,Ballots Cast,,,,,1005
Weber,RIV02,President,,1,REP,Donald J. TRUMP/ JD VANCE,586
Weber,RIV02,President,,1,DEM,Kamala D. HARRIS / Tim WALZ,366
Weber,RIV02,President,,1,LBT,Chase OLIVER / Mike ter MAAT,15
Weber,RIV02,President,,1,GRN,Jill STEIN / Rudolph WARE,7
Weber,RIV02,President,,1,,"Lucifer ""JUSTIN CASE"" EVERYLOVE",3
Weber,RIV02,President,,1,,Cornel Ronald WEST / Melina ABDULLAH,2
Weber,RIV02,President,,1,CON,Joel SKOUSEN / Rik COMBS,2
Weber,RIV02,President,,1,,Claudia de la CRUZ / Karina Alexandra GARCIA,2
Weber,RIV02,President,,1,,Write-In Totals,11
Weber,RIV02,U.S. Senate,,1,REP,John CURTIS,581
Weber,RIV02,U.S. Senate,,1,DEM,Caroline GLEICH,313
Weber,RIV02,U.S. Senate,,1,IAP,Carleton E. BOWEN,66
Weber,RIV02,U.S. Senate,,1,,Write-In Totals,1
Weber,RIV02,U.S. House,1,1,REP,Blake D. MOORE,599
Weber,RIV02,U.S. House,1,1,DEM,Bill CAMPBELL,312
Weber,RIV02,U.S. House,1,1,LBT,Daniel R. COTTAM,43
Weber,RIV02,Governor,,1,REP,Spencer J. COX / Deidre M. HENDERSON,516
Weber,RIV02,Governor,,1,DEM,Brian SMITH KING / Rebekah CUMMINGS,278
Weber,RIV02,Governor,,1,IAP,Tommy WILLIAMS / Archie A. WILLIAMS III,33
Weber,RIV02,Governor,,1,LBT,J. Robert LATHAM / Barry Evan SHORT,28
Weber,RIV02,Governor,,1,,Tom TOMENY / William LANSING TAYLOR,3
Weber,RIV02,Governor,,1,,Write-In Totals,112
Weber,RIV02,Attorney General,,1,REP,Derek BROWN,537
Weber,RIV02,Attorney General,,1,DEM,Rudy J BAUTISTA,268
Weber,RIV02,Attorney General,,1,UUP,Michelle QUIST,76
Weber,RIV02,Attorney General,,1,LBT,W. Andrew McCULLOUGH,40
Weber,RIV02,Attorney General,,1,,Austin HEPWORTH,26
Weber,RIV02,State Auditor,,1,REP,Tina CANNON,566
Weber,RIV02,State Auditor,,1,DEM,Catherine VOUTAZ,300
Weber,RIV02,State Auditor,,1,CON,Jeffery L. OSTLER,61
Weber,RIV02,State Treasurer,,1,REP,Marlo M. OAKS,566
Weber,RIV02,State Treasurer,,1,DEM,Neil A HANSEN,316
Weber,RIV02,State Treasurer,,1,UFP,Miles POMEROY,50
Weber,RIV02,State House,10,1,REP,Jill KOFORD,610
Weber,RIV02,State House,10,1,DEM,Rosemary LESSER,354
Weber,RIV02,State House,10,1,REP,Rod HALL,586
Weber,RIV02,State House,10,1,UFP,Laura JOHNSON,268
Weber,RIV02,County Commission,C,1,REP,Jim HARVEY,547
Weber,RIV02,County Commission,C,1,DEM,Steven VAN WAGONER,333
Weber,RIV02,County Commission,C,1,LBT,Brian K ROWLEY,63
Weber,RIV02,County Assessor,,1,REP,John E. ULIBARRI,737
Weber,RIV02,County Recorder/Surveyor,,1,REP,Bahy RAHIMZADEGAN,709
Weber,RIV02,County Treasurer,,1,REP,Lynelle JENSEN,732
Weber,RIV02,Weber School Board,5,1,,Douglas R. HURST,690
Weber,RIV02,Retain Supreme Court Justice-Matthew B. DURRANT,,1,,Yes,654
Weber,RIV02,Retain Supreme Court Justice-Matthew B. DURRANT,,1,,No,199
Weber,RIV02,Retain Appeals Court Judge-Ryan D. TENNEY,,1,,Yes,637
Weber,RIV02,Retain Appeals Court Judge-Ryan D. TENNEY,,1,,No,206
Weber,RIV02,Retain 2nd District Circuit Court Judge-Joseph M. BEAN,,1,,Yes,628
Weber,RIV02,Retain 2nd District Circuit Court Judge-Joseph M. BEAN,,1,,No,208
Weber,RIV02,Retain 2nd District Circuit Court Judge-Ronald G. RUSSELL,,1,,Yes,634
Weber,RIV02,Retain 2nd District Circuit Court Judge-Ronald G. RUSSELL,,1,,No,208
Weber,RIV02,Retain 2nd District Circuit Court Judge-Christina Patricia ORTEGA,,1,,Yes,636
Weber,RIV02,Retain 2nd District Circuit Court Judge-Christina Patricia ORTEGA,,1,,No,205
Weber,RIV02,Retain 2nd District Circuit Court Judge-Craig HALL,,1,,Yes,618
Weber,RIV02,Retain 2nd District Circuit Court Judge-Craig HALL,,1,,No,218
Weber,RIV02,Retain 2nd District Circuit Court Judge-Michael Drio DIREDA,,1,,Yes,650
Weber,RIV02,Retain 2nd District Circuit Court Judge-Michael Drio DIREDA,,1,,No,189
Weber,RIV02,Retain 2nd District Juvenile Circuit Court Judge-Tasha WILLIAMS,,1,,Yes,669
Weber,RIV02,Retain 2nd District Juvenile Circuit Court Judge-Tasha WILLIAMS,,1,,No,177
Weber,RIV02,Retain Paul H OLDS,,1,,Yes,658
Weber,RIV02,Retain Paul H OLDS,,1,,No,185
Weber,RIV02,Constitutional Amendment B,,1,,For,598
Weber,RIV02,Constitutional Amendment B,,1,,Against,322
Weber,RIV02,Constitutional Amendment C,,1,,For,787
Weber,RIV02,Constitutional Amendment C,,1,,Against,143
Weber,RIV02,Proposition 19,,1,,Yes,605
Weber,RIV02,Proposition 19,,1,,No,338
Weber,RIV03,Registered Voters,,,,,882
Weber,RIV03,Ballots Cast,,,,,758
Weber,RIV03,President,,1,REP,Donald J. TRUMP/ JD VANCE,439
Weber,RIV03,President,,1,DEM,Kamala D. HARRIS / Tim WALZ,292
Weber,RIV03,President,,1,LBT,Chase OLIVER / Mike ter MAAT,9
Weber,RIV03,President,,1,CON,Joel SKOUSEN / Rik COMBS,6
Weber,RIV03,President,,1,GRN,Jill STEIN / Rudolph WARE,2
Weber,RIV03,President,,1,,Claudia de la CRUZ / Karina Alexandra GARCIA,1
Weber,RIV03,President,,1,,Cornel Ronald WEST / Melina ABDULLAH,0
Weber,RIV03,President,,1,,"Lucifer ""JUSTIN CASE"" EVERYLOVE",0
Weber,RIV03,President,,1,,Write-In Totals,6
Weber,RIV03,U.S. Senate,,1,REP,John CURTIS,424
Weber,RIV03,U.S. Senate,,1,DEM,Caroline GLEICH,252
Weber,RIV03,U.S. Senate,,1,IAP,Carleton E. BOWEN,38
Weber,RIV03,U.S. Senate,,1,,Write-In Totals,5
Weber,RIV03,U.S. House,1,1,REP,Blake D. MOORE,416
Weber,RIV03,U.S. House,1,1,DEM,Bill CAMPBELL,244
Weber,RIV03,U.S. House,1,1,LBT,Daniel R. COTTAM,42
Weber,RIV03,Governor,,1,REP,Spencer J. COX / Deidre M. HENDERSON,359
Weber,RIV03,Governor,,1,DEM,Brian SMITH KING / Rebekah CUMMINGS,218
Weber,RIV03,Governor,,1,LBT,J. Robert LATHAM / Barry Evan SHORT,34
Weber,RIV03,Governor,,1,IAP,Tommy WILLIAMS / Archie A. WILLIAMS III,14
Weber,RIV03,Governor,,1,,Tom TOMENY / William LANSING TAYLOR,4
Weber,RIV03,Governor,,1,,Write-In Totals,96
Weber,RIV03,Attorney General,,1,REP,Derek BROWN,377
Weber,RIV03,Attorney General,,1,DEM,Rudy J BAUTISTA,219
Weber,RIV03,Attorney General,,1,UUP,Michelle QUIST,48
Weber,RIV03,Attorney General,,1,LBT,W. Andrew McCULLOUGH,38
Weber,RIV03,Attorney General,,1,,Austin HEPWORTH,29
Weber,RIV03,State Auditor,,1,REP,Tina CANNON,423
Weber,RIV03,State Auditor,,1,DEM,Catherine VOUTAZ,227
Weber,RIV03,State Auditor,,1,CON,Jeffery L. OSTLER,49
Weber,RIV03,State Treasurer,,1,REP,Marlo M. OAKS,415
Weber,RIV03,State Treasurer,,1,DEM,Neil A HANSEN,243
Weber,RIV03,State Treasurer,,1,UFP,Miles POMEROY,45
Weber,RIV03,State House,11,1,REP,Katy HALL,526
Weber,RIV03,State House,11,1,REP,Rod HALL,453
Weber,RIV03,State House,11,1,UFP,Laura JOHNSON,226
Weber,RIV03,County Commission,C,1,REP,Jim HARVEY,385
Weber,RIV03,County Commission,C,1,DEM,Steven VAN WAGONER,264
Weber,RIV03,County Commission,C,1,LBT,Brian K ROWLEY,56
Weber,RIV03,County Assessor,,1,REP,John E. ULIBARRI,546
Weber,RIV03,County Recorder/Surveyor,,1,REP,Bahy RAHIMZADEGAN,542
Weber,RIV03,County Treasurer,,1,REP,Lynelle JENSEN,557
Weber,RIV03,Weber School Board,5,1,,Douglas R. HURST,525
Weber,RIV03,Retain Supreme Court Justice-Matthew B. DURRANT,,1,,Yes,452
Weber,RIV03,Retain Supreme Court Justice-Matthew B. DURRANT,,1,,No,143
Weber,RIV03,Retain Appeals Court Judge-Ryan D. TENNEY,,1,,Yes,436
Weber,RIV03,Retain Appeals Court Judge-Ryan D. TENNEY,,1,,No,151
Weber,RIV03,Retain 2nd District Circuit Court Judge-Joseph M. BEAN,,1,,Yes,449
Weber,RIV03,Retain 2nd District Circuit Court Judge-Joseph M. BEAN,,1,,No,141
Weber,RIV03,Retain 2nd District Circuit Court Judge-Ronald G. RUSSELL,,1,,Yes,462
Weber,RIV03,Retain 2nd District Circuit Court Judge-Ronald G. RUSSELL,,1,,No,127
Weber,RIV03,Retain 2nd District Circuit Court Judge-Christina Patricia ORTEGA,,1,,Yes,443
Weber,RIV03,Retain 2nd District Circuit Court Judge-Christina Patricia ORTEGA,,1,,No,149
Weber,RIV03,Retain 2nd District Circuit Court Judge-Craig HALL,,1,,Yes,435
Weber,RIV03,Retain 2nd District Circuit Court Judge-Craig HALL,,1,,No,150
Weber,RIV03,Retain 2nd District Circuit Court Judge-Michael Drio DIREDA,,1,,Yes,457
Weber,RIV03,Retain 2nd District Circuit Court Judge-Michael Drio DIREDA,,1,,No,133
Weber,RIV03,Retain 2nd District Juvenile Circuit Court Judge-Tasha WILLIAMS,,1,,Yes,467
Weber,RIV03,Retain 2nd District Juvenile Circuit Court Judge-Tasha WILLIAMS,,1,,No,122
Weber,RIV03,Retain Paul H OLDS,,1,,Yes,460
Weber,RIV03,Retain Paul H OLDS,,1,,No,132
Weber,RIV03,Constitutional Amendment B,,1,,For,493
Weber,RIV03,Constitutional Amendment B,,1,,Against,187
Weber,RIV03,Constitutional Amendment C,,1,,For,596
Weber,RIV03,Constitutional Amendment C,,1,,Against,94
Weber,RIV03,Proposition 19,,1,,Yes,482
Weber,RIV03,Proposition 19,,1,,No,216
Weber,RIV04,Registered Voters,,,,,1067
Weber,RIV04,Ballots Cast,,,,,900
Weber,RIV04,President,,1,REP,Donald J. TRUMP/ JD VANCE,502
Weber,RIV04,President,,1,DEM,Kamala D. HARRIS / Tim WALZ,330
Weber,RIV04,President,,1,LBT,Chase OLIVER / Mike ter MAAT,14
Weber,RIV04,President,,1,CON,Joel SKOUSEN / Rik COMBS,9
Weber,RIV04,President,,1,,Claudia de la CRUZ / Karina Alexandra GARCIA,7
Weber,RIV04,President,,1,GRN,Jill STEIN / Rudolph WARE,3
Weber,RIV04,President,,1,,"Lucifer ""JUSTIN CASE"" EVERYLOVE",1
Weber,RIV04,President,,1,,Cornel Ronald WEST / Melina ABDULLAH,0
Weber,RIV04,President,,1,,Write-In Totals,25
Weber,RIV04,U.S. Senate,,1,REP,John CURTIS,499
Weber,RIV04,U.S. Senate,,1,DEM,Caroline GLEICH,282
Weber,RIV04,U.S. Senate,,1,IAP,Carleton E. BOWEN,76
Weber,RIV04,U.S. Senate,,1,,Write-In Totals,2
Weber,RIV04,U.S. House,1,1,REP,Blake D. MOORE,501
Weber,RIV04,U.S. House,1,1,DEM,Bill CAMPBELL,279
Weber,RIV04,U.S. House,1,1,LBT,Daniel R. COTTAM,47
Weber,RIV04,Governor,,1,REP,Spencer J. COX / Deidre M. HENDERSON,414
Weber,RIV04,Governor,,1,DEM,Brian SMITH KING / Rebekah CUMMINGS,253
Weber,RIV04,Governor,,1,IAP,Tommy WILLIAMS / Archie A. WILLIAMS III,25
Weber,RIV04,Governor,,1,LBT,J. Robert LATHAM / Barry Evan SHORT,24
Weber,RIV04,Governor,,1,,Tom TOMENY / William LANSING TAYLOR,10
Weber,RIV04,Governor,,1,,Write-In Totals,145
Weber,RIV04,Attorney General,,1,REP,Derek BROWN,471
Weber,RIV04,Attorney General,,1,DEM,Rudy J BAUTISTA,251
Weber,RIV04,Attorney General,,1,UUP,Michelle QUIST,62
Weber,RIV04,Attorney General,,1,LBT,W. Andrew McCULLOUGH,33
Weber,RIV04,Attorney General,,1,,Austin HEPWORTH,26
Weber,RIV04,State Auditor,,1,REP,Tina CANNON,487
Weber,RIV04,State Auditor,,1,DEM,Catherine VOUTAZ,280
Weber,RIV04,State Auditor,,1,CON,Jeffery L. OSTLER,60
Weber,RIV04,State Treasurer,,1,REP,Marlo M. OAKS,489
Weber,RIV04,State Treasurer,,1,DEM,Neil A HANSEN,276
Weber,RIV04,State Treasurer,,1,UFP,Miles POMEROY,61
Weber,RIV04,State House,11,1,REP,Katy HALL,594
Weber,RIV04,State House,11,1,REP,Rod HALL,540
Weber,RIV04,State House,11,1,UFP,Laura JOHNSON,248
Weber,RIV04,County Commission,C,1,REP,Jim HARVEY,484
Weber,RIV04,County Commission,C,1,DEM,Steven VAN WAGONER,296
Weber,RIV04,County Commission,C,1,LBT,Brian K ROWLEY,64
Weber,RIV04,County Assessor,,1,REP,John E. ULIBARRI,607
Weber,RIV04,County Recorder/Surveyor,,1,REP,Bahy RAHIMZADEGAN,585
Weber,RIV04,County Treasurer,,1,REP,Lynelle JENSEN,622
Weber,RIV04,Weber School Board,5,1,,Douglas R. HURST,589
Weber,RIV04,Retain Supreme Court Justice-Matthew B. DURRANT,,1,,Yes,537
Weber,RIV04,Retain Supreme Court Justice-Matthew B. DURRANT,,1,,No,153
Weber,RIV04,Retain Appeals Court Judge-Ryan D. TENNEY,,1,,Yes,512
Weber,RIV04,Retain Appeals Court Judge-Ryan D. TENNEY,,1,,No,161
Weber,RIV04,Retain 2nd District Circuit Court Judge-Joseph M. BEAN,,1,,Yes,506
Weber,RIV04,Retain 2nd District Circuit Court Judge-Joseph M. BEAN,,1,,No,172
Weber,RIV04,Retain 2nd District Circuit Court Judge-Ronald G. RUSSELL,,1,,Yes,525
Weber,RIV04,Retain 2nd District Circuit Court Judge-Ronald G. RUSSELL,,1,,No,154
Weber,RIV04,Retain 2nd District Circuit Court Judge-Christina Patricia ORTEGA,,1,,Yes,525
Weber,RIV04,Retain 2nd District Circuit Court Judge-Christina Patricia ORTEGA,,1,,No,165
Weber,RIV04,Retain 2nd District Circuit Court Judge-Craig HALL,,1,,Yes,504
Weber,RIV04,Retain 2nd District Circuit Court Judge-Craig HALL,,1,,No,165
Weber,RIV04,Retain 2nd District Circuit Court Judge-Michael Drio DIREDA,,1,,Yes,516
Weber,RIV04,Retain 2nd District Circuit Court Judge-Michael Drio DIREDA,,1,,No,163
Weber,RIV04,Retain 2nd District Juvenile Circuit Court Judge-Tasha WILLIAMS,,1,,Yes,532
Weber,RIV04,Retain 2nd District Juvenile Circuit Court Judge-Tasha WILLIAMS,,1,,No,148
Weber,RIV04,Retain Paul H OLDS,,1,,Yes,537
Weber,RIV04,Retain Paul H OLDS,,1,,No,149
Weber,RIV04,Constitutional Amendment B,,1,,For,546
Weber,RIV04,Constitutional Amendment B,,1,,Against,273
Weber,RIV04,Constitutional Amendment C,,1,,For,693
Weber,RIV04,Constitutional Amendment C,,1,,Against,136
Weber,RIV04,Proposition 19,,1,,Yes,579
Weber,RIV04,Proposition 19,,1,,No,263
Weber,ROY01,Registered Voters,,,,,535
Weber,ROY01,Ballots Cast,,,,,418
Weber,ROY01,President,,1,REP,Donald J. TRUMP/ JD VANCE,253
Weber,ROY01,President,,1,DEM,Kamala D. HARRIS / Tim WALZ,146
Weber,ROY01,President,,1,LBT,Chase OLIVER / Mike ter MAAT,8
Weber,ROY01,President,,1,GRN,Jill STEIN / Rudolph WARE,2
Weber,ROY01,President,,1,,Claudia de la CRUZ / Karina Alexandra GARCIA,2
Weber,ROY01,President,,1,,Cornel Ronald WEST / Melina ABDULLAH,1
Weber,ROY01,President,,1,,"Lucifer ""JUSTIN CASE"" EVERYLOVE",1
Weber,ROY01,President,,1,CON,Joel SKOUSEN / Rik COMBS,1
Weber,ROY01,President,,1,,Write-In Totals,2
Weber,ROY01,U.S. Senate,,1,REP,John CURTIS,236
Weber,ROY01,U.S. Senate,,1,DEM,Caroline GLEICH,133
Weber,ROY01,U.S. Senate,,1,IAP,Carleton E. BOWEN,27
Weber,ROY01,U.S. Senate,,1,,Write-In Totals,0
Weber,ROY01,U.S. House,1,1,REP,Blake D. MOORE,246
Weber,ROY01,U.S. House,1,1,DEM,Bill CAMPBELL,126
Weber,ROY01,U.S. House,1,1,LBT,Daniel R. COTTAM,21
Weber,ROY01,Governor,,1,REP,Spencer J. COX / Deidre M. HENDERSON,216
Weber,ROY01,Governor,,1,DEM,Brian SMITH KING / Rebekah CUMMINGS,123
Weber,ROY01,Governor,,1,IAP,Tommy WILLIAMS / Archie A. WILLIAMS III,22
Weber,ROY01,Governor,,1,LBT,J. Robert LATHAM / Barry Evan SHORT,12
Weber,ROY01,Governor,,1,,Tom TOMENY / William LANSING TAYLOR,1
Weber,ROY01,Governor,,1,,Write-In Totals,27
Weber,ROY01,Attorney General,,1,REP,Derek BROWN,230
Weber,ROY01,Attorney General,,1,DEM,Rudy J BAUTISTA,122
Weber,ROY01,Attorney General,,1,UUP,Michelle QUIST,24
Weber,ROY01,Attorney General,,1,LBT,W. Andrew McCULLOUGH,13
Weber,ROY01,Attorney General,,1,,Austin HEPWORTH,8
Weber,ROY01,State Auditor,,1,REP,Tina CANNON,246
Weber,ROY01,State Auditor,,1,DEM,Catherine VOUTAZ,131
Weber,ROY01,State Auditor,,1,CON,Jeffery L. OSTLER,13
Weber,ROY01,State Treasurer,,1,REP,Marlo M. OAKS,239
Weber,ROY01,State Treasurer,,1,DEM,Neil A HANSEN,137
Weber,ROY01,State Treasurer,,1,UFP,Miles POMEROY,16
Weber,ROY01,State Senate,4,1,REP,Calvin Ray MUSSELMAN,256
Weber,ROY01,State House,9,1,REP,Jake SAWYER,233
Weber,ROY01,State House,9,1,DEM,Angela CHOBERKA,139
Weber,ROY01,State House,9,1,LBT,Jacob K. JOHNSON,21
Weber,ROY01,County Commission,C,1,REP,Jim HARVEY,230
Weber,ROY01,County Commission,C,1,DEM,Steven VAN WAGONER,141
Weber,ROY01,County Commission,C,1,LBT,Brian K ROWLEY,24
Weber,ROY01,County Assessor,,1,REP,John E. ULIBARRI,303
Weber,ROY01,County Recorder/Surveyor,,1,REP,Bahy RAHIMZADEGAN,287
Weber,ROY01,County Treasurer,,1,REP,Lynelle JENSEN,311
Weber,ROY01,Retain Supreme Court Justice-Matthew B. DURRANT,,1,,Yes,261
Weber,ROY01,Retain Supreme Court Justice-Matthew B. DURRANT,,1,,No,86
Weber,ROY01,Retain Appeals Court Judge-Ryan D. TENNEY,,1,,Yes,254
Weber,ROY01,Retain Appeals Court Judge-Ryan D. TENNEY,,1,,No,83
Weber,ROY01,Retain 2nd District Circuit Court Judge-Joseph M. BEAN,,1,,Yes,264
Weber,ROY01,Retain 2nd District Circuit Court Judge-Joseph M. BEAN,,1,,No,79
Weber,ROY01,Retain 2nd District Circuit Court Judge-Ronald G. RUSSELL,,1,,Yes,264
Weber,ROY01,Retain 2nd District Circuit Court Judge-Ronald G. RUSSELL,,1,,No,79
Weber,ROY01,Retain 2nd District Circuit Court Judge-Christina Patricia ORTEGA,,1,,Yes,267
Weber,ROY01,Retain 2nd District Circuit Court Judge-Christina Patricia ORTEGA,,1,,No,80
Weber,ROY01,Retain 2nd District Circuit Court Judge-Craig HALL,,1,,Yes,254
Weber,ROY01,Retain 2nd District Circuit Court Judge-Craig HALL,,1,,No,84
Weber,ROY01,Retain 2nd District Circuit Court Judge-Michael Drio DIREDA,,1,,Yes,261
Weber,ROY01,Retain 2nd District Circuit Court Judge-Michael Drio DIREDA,,1,,No,77
Weber,ROY01,Retain 2nd District Juvenile Circuit Court Judge-Tasha WILLIAMS,,1,,Yes,279
Weber,ROY01,Retain 2nd District Juvenile Circuit Court Judge-Tasha WILLIAMS,,1,,No,67
Weber,ROY01,Constitutional Amendment B,,1,,For,274
Weber,ROY01,Constitutional Amendment B,,1,,Against,112
Weber,ROY01,Constitutional Amendment C,,1,,For,322
Weber,ROY01,Constitutional Amendment C,,1,,Against,68
Weber,ROY01,Proposition 19,,1,,Yes,236
Weber,ROY01,Proposition 19,,1,,No,158
Weber,ROY02,Registered Voters,,,,,847
Weber,ROY02,Ballots Cast,,,,,695
Weber,ROY02,President,,1,REP,Donald J. TRUMP/ JD VANCE,413
Weber,ROY02,President,,1,DEM,Kamala D. HARRIS / Tim WALZ,260
Weber,ROY02,President,,1,,Claudia de la CRUZ / Karina Alexandra GARCIA,4
Weber,ROY02,President,,1,LBT,Chase OLIVER / Mike ter MAAT,3
Weber,ROY02,President,,1,GRN,Jill STEIN / Rudolph WARE,2
Weber,ROY02,President,,1,,Cornel Ronald WEST / Melina ABDULLAH,1
Weber,ROY02,President,,1,CON,Joel SKOUSEN / Rik COMBS,1
Weber,ROY02,President,,1,,"Lucifer ""JUSTIN CASE"" EVERYLOVE",0
Weber,ROY02,President,,1,,Write-In Totals,6
Weber,ROY02,U.S. Senate,,1,REP,John CURTIS,409
Weber,ROY02,U.S. Senate,,1,DEM,Caroline GLEICH,211
Weber,ROY02,U.S. Senate,,1,IAP,Carleton E. BOWEN,34
Weber,ROY02,U.S. Senate,,1,,Write-In Totals,4
Weber,ROY02,U.S. House,1,1,REP,Blake D. MOORE,412
Weber,ROY02,U.S. House,1,1,DEM,Bill CAMPBELL,208
Weber,ROY02,U.S. House,1,1,LBT,Daniel R. COTTAM,27
Weber,ROY02,Governor,,1,REP,Spencer J. COX / Deidre M. HENDERSON,395
Weber,ROY02,Governor,,1,DEM,Brian SMITH KING / Rebekah CUMMINGS,182
Weber,ROY02,Governor,,1,LBT,J. Robert LATHAM / Barry Evan SHORT,18
Weber,ROY02,Governor,,1,IAP,Tommy WILLIAMS / Archie A. WILLIAMS III,17
Weber,ROY02,Governor,,1,,Tom TOMENY / William LANSING TAYLOR,2
Weber,ROY02,Governor,,1,,Write-In Totals,57
Weber,ROY02,Attorney General,,1,REP,Derek BROWN,379
Weber,ROY02,Attorney General,,1,DEM,Rudy J BAUTISTA,185
Weber,ROY02,Attorney General,,1,LBT,W. Andrew McCULLOUGH,36
Weber,ROY02,Attorney General,,1,UUP,Michelle QUIST,35
Weber,ROY02,Attorney General,,1,,Austin HEPWORTH,13
Weber,ROY02,State Auditor,,1,REP,Tina CANNON,396
Weber,ROY02,State Auditor,,1,DEM,Catherine VOUTAZ,202
Weber,ROY02,State Auditor,,1,CON,Jeffery L. OSTLER,39
Weber,ROY02,State Treasurer,,1,REP,Marlo M. OAKS,388
Weber,ROY02,State Treasurer,,1,DEM,Neil A HANSEN,210
Weber,ROY02,State Treasurer,,1,UFP,Miles POMEROY,45
Weber,ROY02,State Senate,4,1,REP,Calvin Ray MUSSELMAN,407
Weber,ROY02,State House,9,1,REP,Jake SAWYER,391
Weber,ROY02,State House,9,1,DEM,Angela CHOBERKA,222
Weber,ROY02,State House,9,1,LBT,Jacob K. JOHNSON,34
Weber,ROY02,County Commission,C,1,REP,Jim HARVEY,392
Weber,ROY02,County Commission,C,1,DEM,Steven VAN WAGONER,226
Weber,ROY02,County Commission,C,1,LBT,Brian K ROWLEY,34
Weber,ROY02,County Assessor,,1,REP,John E. ULIBARRI,510
Weber,ROY02,County Recorder/Surveyor,,1,REP,Bahy RAHIMZADEGAN,486
Weber,ROY02,County Treasurer,,1,REP,Lynelle JENSEN,521
Weber,ROY02,Retain Supreme Court Justice-Matthew B. DURRANT,,1,,Yes,437
Weber,ROY02,Retain Supreme Court Justice-Matthew B. DURRANT,,1,,No,118
Weber,ROY02,Retain Appeals Court Judge-Ryan D. TENNEY,,1,,Yes,435
Weber,ROY02,Retain Appeals Court Judge-Ryan D. TENNEY,,1,,No,112
Weber,ROY02,Retain 2nd District Circuit Court Judge-Joseph M. BEAN,,1,,Yes,417
Weber,ROY02,Retain 2nd District Circuit Court Judge-Joseph M. BEAN,,1,,No,130
Weber,ROY02,Retain 2nd District Circuit Court Judge-Ronald G. RUSSELL,,1,,Yes,430
Weber,ROY02,Retain 2nd District Circuit Court Judge-Ronald G. RUSSELL,,1,,No,115
Weber,ROY02,Retain 2nd District Circuit Court Judge-Christina Patricia ORTEGA,,1,,Yes,426
Weber,ROY02,Retain 2nd District Circuit Court Judge-Christina Patricia ORTEGA,,1,,No,126
Weber,ROY02,Retain 2nd District Circuit Court Judge-Craig HALL,,1,,Yes,428
Weber,ROY02,Retain 2nd District Circuit Court Judge-Craig HALL,,1,,No,122
Weber,ROY02,Retain 2nd District Circuit Court Judge-Michael Drio DIREDA,,1,,Yes,418
Weber,ROY02,Retain 2nd District Circuit Court Judge-Michael Drio DIREDA,,1,,No,130
Weber,ROY02,Retain 2nd District Juvenile Circuit Court Judge-Tasha WILLIAMS,,1,,Yes,450
Weber,ROY02,Retain 2nd District Juvenile Circuit Court Judge-Tasha WILLIAMS,,1,,No,100
Weber,ROY02,Constitutional Amendment B,,1,,For,436
Weber,ROY02,Constitutional Amendment B,,1,,Against,188
Weber,ROY02,Constitutional Amendment C,,1,,For,543
Weber,ROY02,Constitutional Amendment C,,1,,Against,92
Weber,ROY02,Proposition 19,,1,,Yes,398
Weber,ROY02,Proposition 19,,1,,No,240
Weber,ROY03,Registered Voters,,,,,637
Weber,ROY03,Ballots Cast,,,,,549
Weber,ROY03,President,,1,REP,Donald J. TRUMP/ JD VANCE,314
Weber,ROY03,President,,1,DEM,Kamala D. HARRIS / Tim WALZ,204
Weber,ROY03,President,,1,LBT,Chase OLIVER / Mike ter MAAT,12
Weber,ROY03,President,,1,,Claudia de la CRUZ / Karina Alexandra GARCIA,3
Weber,ROY03,President,,1,GRN,Jill STEIN / Rudolph WARE,2
Weber,ROY03,President,,1,,"Lucifer ""JUSTIN CASE"" EVERYLOVE",1
Weber,ROY03,President,,1,CON,Joel SKOUSEN / Rik COMBS,1
Weber,ROY03,President,,1,,Cornel Ronald WEST / Melina ABDULLAH,0
Weber,ROY03,President,,1,,Write-In Totals,8
Weber,ROY03,U.S. Senate,,1,REP,John CURTIS,312
Weber,ROY03,U.S. Senate,,1,DEM,Caroline GLEICH,179
Weber,ROY03,U.S. Senate,,1,IAP,Carleton E. BOWEN,31
Weber,ROY03,U.S. Senate,,1,,Write-In Totals,3
Weber,ROY03,U.S. House,1,1,REP,Blake D. MOORE,318
Weber,ROY03,U.S. House,1,1,DEM,Bill CAMPBELL,171
Weber,ROY03,U.S. House,1,1,LBT,Daniel R. COTTAM,27
Weber,ROY03,Governor,,1,REP,Spencer J. COX / Deidre M. HENDERSON,277
Weber,ROY03,Governor,,1,DEM,Brian SMITH KING / Rebekah CUMMINGS,154
Weber,ROY03,Governor,,1,LBT,J. Robert LATHAM / Barry Evan SHORT,17
Weber,ROY03,Governor,,1,IAP,Tommy WILLIAMS / Archie A. WILLIAMS III,16
Weber,ROY03,Governor,,1,,Tom TOMENY / William LANSING TAYLOR,3
Weber,ROY03,Governor,,1,,Write-In Totals,66
Weber,ROY03,Attorney General,,1,REP,Derek BROWN,292
Weber,ROY03,Attorney General,,1,DEM,Rudy J BAUTISTA,149
Weber,ROY03,Attorney General,,1,UUP,Michelle QUIST,38
Weber,ROY03,Attorney General,,1,LBT,W. Andrew McCULLOUGH,22
Weber,ROY03,Attorney General,,1,,Austin HEPWORTH,20
Weber,ROY03,State Auditor,,1,REP,Tina CANNON,322
Weber,ROY03,State Auditor,,1,DEM,Catherine VOUTAZ,156
Weber,ROY03,State Auditor,,1,CON,Jeffery L. OSTLER,29
Weber,ROY03,State Treasurer,,1,REP,Marlo M. OAKS,306
Weber,ROY03,State Treasurer,,1,DEM,Neil A HANSEN,170
Weber,ROY03,State Treasurer,,1,UFP,Miles POMEROY,29
Weber,ROY03,State Senate,4,1,REP,Calvin Ray MUSSELMAN,358
Weber,ROY03,State House,9,1,REP,Jake SAWYER,311
Weber,ROY03,State House,9,1,DEM,Angela CHOBERKA,182
Weber,ROY03,State House,9,1,LBT,Jacob K. JOHNSON,29
Weber,ROY03,County Commission,C,1,REP,Jim HARVEY,285
Weber,ROY03,County Commission,C,1,DEM,Steven VAN WAGONER,193
Weber,ROY03,County Commission,C,1,LBT,Brian K ROWLEY,40
Weber,ROY03,County Assessor,,1,REP,John E. ULIBARRI,401
Weber,ROY03,County Recorder/Surveyor,,1,REP,Bahy RAHIMZADEGAN,389
Weber,ROY03,County Treasurer,,1,REP,Lynelle JENSEN,402
Weber,ROY03,Retain Supreme Court Justice-Matthew B. DURRANT,,1,,Yes,337
Weber,ROY03,Retain Supreme Court Justice-Matthew B. DURRANT,,1,,No,116
Weber,ROY03,Retain Appeals Court Judge-Ryan D. TENNEY,,1,,Yes,336
Weber,ROY03,Retain Appeals Court Judge-Ryan D. TENNEY,,1,,No,104
Weber,ROY03,Retain 2nd District Circuit Court Judge-Joseph M. BEAN,,1,,Yes,340
Weber,ROY03,Retain 2nd District Circuit Court Judge-Joseph M. BEAN,,1,,No,101
Weber,ROY03,Retain 2nd District Circuit Court Judge-Ronald G. RUSSELL,,1,,Yes,342
Weber,ROY03,Retain 2nd District Circuit Court Judge-Ronald G. RUSSELL,,1,,No,97
Weber,ROY03,Retain 2nd District Circuit Court Judge-Christina Patricia ORTEGA,,1,,Yes,346
Weber,ROY03,Retain 2nd District Circuit Court Judge-Christina Patricia ORTEGA,,1,,No,98
Weber,ROY03,Retain 2nd District Circuit Court Judge-Craig HALL,,1,,Yes,328
Weber,ROY03,Retain 2nd District Circuit Court Judge-Craig HALL,,1,,No,111
Weber,ROY03,Retain 2nd District Circuit Court Judge-Michael Drio DIREDA,,1,,Yes,339
Weber,ROY03,Retain 2nd District Circuit Court Judge-Michael Drio DIREDA,,1,,No,104
Weber,ROY03,Retain 2nd District Juvenile Circuit Court Judge-Tasha WILLIAMS,,1,,Yes,342
Weber,ROY03,Retain 2nd District Juvenile Circuit Court Judge-Tasha WILLIAMS,,1,,No,99
Weber,ROY03,Constitutional Amendment B,,1,,For,364
Weber,ROY03,Constitutional Amendment B,,1,,Against,148
Weber,ROY03,Constitutional Amendment C,,1,,For,432
Weber,ROY03,Constitutional Amendment C,,1,,Against,78
Weber,ROY03,Proposition 19,,1,,Yes,347
Weber,ROY03,Proposition 19,,1,,No,166
Weber,ROY04,Registered Voters,,,,,800
Weber,ROY04,Ballots Cast,,,,,687
Weber,ROY04,President,,1,REP,Donald J. TRUMP/ JD VANCE,398
Weber,ROY04,President,,1,DEM,Kamala D. HARRIS / Tim WALZ,250
Weber,ROY04,President,,1,LBT,Chase OLIVER / Mike ter MAAT,8
Weber,ROY04,President,,1,CON,Joel SKOUSEN / Rik COMBS,7
Weber,ROY04,President,,1,GRN,Jill STEIN / Rudolph WARE,5
Weber,ROY04,President,,1,,Cornel Ronald WEST / Melina ABDULLAH,2
Weber,ROY04,President,,1,,"Lucifer ""JUSTIN CASE"" EVERYLOVE",1
Weber,ROY04,President,,1,,Claudia de la CRUZ / Karina Alexandra GARCIA,1
Weber,ROY04,President,,1,,Write-In Totals,7
Weber,ROY04,U.S. Senate,,1,REP,John CURTIS,405
Weber,ROY04,U.S. Senate,,1,DEM,Caroline GLEICH,213
Weber,ROY04,U.S. Senate,,1,IAP,Carleton E. BOWEN,40
Weber,ROY04,U.S. Senate,,1,,Write-In Totals,3
Weber,ROY04,U.S. House,1,1,REP,Blake D. MOORE,414
Weber,ROY04,U.S. House,1,1,DEM,Bill CAMPBELL,199
Weber,ROY04,U.S. House,1,1,LBT,Daniel R. COTTAM,40
Weber,ROY04,Governor,,1,REP,Spencer J. COX / Deidre M. HENDERSON,350
Weber,ROY04,Governor,,1,DEM,Brian SMITH KING / Rebekah CUMMINGS,192
Weber,ROY04,Governor,,1,LBT,J. Robert LATHAM / Barry Evan SHORT,23
Weber,ROY04,Governor,,1,IAP,Tommy WILLIAMS / Archie A. WILLIAMS III,14
Weber,ROY04,Governor,,1,,Tom TOMENY / William LANSING TAYLOR,6
Weber,ROY04,Governor,,1,,Write-In Totals,80
Weber,ROY04,Attorney General,,1,REP,Derek BROWN,361
Weber,ROY04,Attorney General,,1,DEM,Rudy J BAUTISTA,191
Weber,ROY04,Attorney General,,1,UUP,Michelle QUIST,44
Weber,ROY04,Attorney General,,1,,Austin HEPWORTH,26
Weber,ROY04,Attorney General,,1,LBT,W. Andrew McCULLOUGH,23
Weber,ROY04,State Auditor,,1,REP,Tina CANNON,390
Weber,ROY04,State Auditor,,1,DEM,Catherine VOUTAZ,207
Weber,ROY04,State Auditor,,1,CON,Jeffery L. OSTLER,38
Weber,ROY04,State Treasurer,,1,REP,Marlo M. OAKS,393
Weber,ROY04,State Treasurer,,1,DEM,Neil A HANSEN,207
Weber,ROY04,State Treasurer,,1,UFP,Miles POMEROY,41
Weber,ROY04,State Senate,4,1,REP,Calvin Ray MUSSELMAN,434
Weber,ROY04,State House,9,1,REP,Jake SAWYER,387
Weber,ROY04,State House,9,1,DEM,Angela CHOBERKA,232
Weber,ROY04,State House,9,1,LBT,Jacob K. JOHNSON,30
Weber,ROY04,County Commission,C,1,REP,Jim HARVEY,360
Weber,ROY04,County Commission,C,1,DEM,Steven VAN WAGONER,239
Weber,ROY04,County Commission,C,1,LBT,Brian K ROWLEY,43
Weber,ROY04,County Assessor,,1,REP,John E. ULIBARRI,504
Weber,ROY04,County Recorder/Surveyor,,1,REP,Bahy RAHIMZADEGAN,483
Weber,ROY04,County Treasurer,,1,REP,Lynelle JENSEN,501
Weber,ROY04,Retain Supreme Court Justice-Matthew B. DURRANT,,1,,Yes,425
Weber,ROY04,Retain Supreme Court Justice-Matthew B. DURRANT,,1,,No,134
Weber,ROY04,Retain Appeals Court Judge-Ryan D. TENNEY,,1,,Yes,427
Weber,ROY04,Retain Appeals Court Judge-Ryan D. TENNEY,,1,,No,134
Weber,ROY04,Retain 2nd District Circuit Court Judge-Joseph M. BEAN,,1,,Yes,425
Weber,ROY04,Retain 2nd District Circuit Court Judge-Joseph M. BEAN,,1,,No,136
Weber,ROY04,Retain 2nd District Circuit Court Judge-Ronald G. RUSSELL,,1,,Yes,432
Weber,ROY04,Retain 2nd District Circuit Court Judge-Ronald G. RUSSELL,,1,,No,129
Weber,ROY04,Retain 2nd District Circuit Court Judge-Christina Patricia ORTEGA,,1,,Yes,429
Weber,ROY04,Retain 2nd District Circuit Court Judge-Christina Patricia ORTEGA,,1,,No,136
Weber,ROY04,Retain 2nd District Circuit Court Judge-Craig HALL,,1,,Yes,416
Weber,ROY04,Retain 2nd District Circuit Court Judge-Craig HALL,,1,,No,147
Weber,ROY04,Retain 2nd District Circuit Court Judge-Michael Drio DIREDA,,1,,Yes,436
Weber,ROY04,Retain 2nd District Circuit Court Judge-Michael Drio DIREDA,,1,,No,127
Weber,ROY04,Retain 2nd District Juvenile Circuit Court Judge-Tasha WILLIAMS,,1,,Yes,450
Weber,ROY04,Retain 2nd District Juvenile Circuit Court Judge-Tasha WILLIAMS,,1,,No,114
Weber,ROY04,Constitutional Amendment B,,1,,For,443
Weber,ROY04,Constitutional Amendment B,,1,,Against,201
Weber,ROY04,Constitutional Amendment C,,1,,For,555
Weber,ROY04,Constitutional Amendment C,,1,,Against,92
Weber,ROY04,Proposition 19,,1,,Yes,402
Weber,ROY04,Proposition 19,,1,,No,250
Weber,ROY05,Registered Voters,,,,,1158
Weber,ROY05,Ballots Cast,,,,,954
Weber,ROY05,President,,1,REP,Donald J. TRUMP/ JD VANCE,567
Weber,ROY05,President,,1,DEM,Kamala D. HARRIS / Tim WALZ,341
Weber,ROY05,President,,1,LBT,Chase OLIVER / Mike ter MAAT,11
Weber,ROY05,President,,1,GRN,Jill STEIN / Rudolph WARE,10
Weber,ROY05,President,,1,CON,Joel SKOUSEN / Rik COMBS,7
Weber,ROY05,President,,1,,"Lucifer ""JUSTIN CASE"" EVERYLOVE",3
Weber,ROY05,President,,1,,Claudia de la CRUZ / Karina Alexandra GARCIA,2
Weber,ROY05,President,,1,,Cornel Ronald WEST / Melina ABDULLAH,0
Weber,ROY05,President,,1,,Write-In Totals,10
Weber,ROY05,U.S. Senate,,1,REP,John CURTIS,536
Weber,ROY05,U.S. Senate,,1,DEM,Caroline GLEICH,301
Weber,ROY05,U.S. Senate,,1,IAP,Carleton E. BOWEN,61
Weber,ROY05,U.S. Senate,,1,,Write-In Totals,6
Weber,ROY05,U.S. House,1,1,REP,Blake D. MOORE,552
Weber,ROY05,U.S. House,1,1,DEM,Bill CAMPBELL,287
Weber,ROY05,U.S. House,1,1,LBT,Daniel R. COTTAM,43
Weber,ROY05,Governor,,1,REP,Spencer J. COX / Deidre M. HENDERSON,463
Weber,ROY05,Governor,,1,DEM,Brian SMITH KING / Rebekah CUMMINGS,277
Weber,ROY05,Governor,,1,LBT,J. Robert LATHAM / Barry Evan SHORT,40
Weber,ROY05,Governor,,1,IAP,Tommy WILLIAMS / Archie A. WILLIAMS III,20
Weber,ROY05,Governor,,1,,Tom TOMENY / William LANSING TAYLOR,5
Weber,ROY05,Governor,,1,,Write-In Totals,116
Weber,ROY05,Attorney General,,1,REP,Derek BROWN,505
Weber,ROY05,Attorney General,,1,DEM,Rudy J BAUTISTA,275
Weber,ROY05,Attorney General,,1,UUP,Michelle QUIST,42
Weber,ROY05,Attorney General,,1,LBT,W. Andrew McCULLOUGH,41
Weber,ROY05,Attorney General,,1,,Austin HEPWORTH,27
Weber,ROY05,State Auditor,,1,REP,Tina CANNON,545
Weber,ROY05,State Auditor,,1,DEM,Catherine VOUTAZ,285
Weber,ROY05,State Auditor,,1,CON,Jeffery L. OSTLER,43
Weber,ROY05,State Treasurer,,1,REP,Marlo M. OAKS,556
Weber,ROY05,State Treasurer,,1,DEM,Neil A HANSEN,281
Weber,ROY05,State Treasurer,,1,UFP,Miles POMEROY,39
Weber,ROY05,State Senate,4,1,REP,Calvin Ray MUSSELMAN,604
Weber,ROY05,State House,9,1,REP,Jake SAWYER,530
Weber,ROY05,State House,9,1,DEM,Angela CHOBERKA,311
Weber,ROY05,State House,9,1,LBT,Jacob K. JOHNSON,43
Weber,ROY05,County Commission,C,1,REP,Jim HARVEY,501
Weber,ROY05,County Commission,C,1,DEM,Steven VAN WAGONER,323
Weber,ROY05,County Commission,C,1,LBT,Brian K ROWLEY,68
Weber,ROY05,County Assessor,,1,REP,John E. ULIBARRI,684
Weber,ROY05,County Recorder/Surveyor,,1,REP,Bahy RAHIMZADEGAN,666
Weber,ROY05,County Treasurer,,1,REP,Lynelle JENSEN,689
Weber,ROY05,Weber School Board,7,1,,Wyle J. WILLIAMS,635
Weber,ROY05,Retain Supreme Court Justice-Matthew B. DURRANT,,1,,Yes,599
Weber,ROY05,Retain Supreme Court Justice-Matthew B. DURRANT,,1,,No,175
Weber,ROY05,Retain Appeals Court Judge-Ryan D. TENNEY,,1,,Yes,604
Weber,ROY05,Retain Appeals Court Judge-Ryan D. TENNEY,,1,,No,164
Weber,ROY05,Retain 2nd District Circuit Court Judge-Joseph M. BEAN,,1,,Yes,577
Weber,ROY05,Retain 2nd District Circuit Court Judge-Joseph M. BEAN,,1,,No,185
Weber,ROY05,Retain 2nd District Circuit Court Judge-Ronald G. RUSSELL,,1,,Yes,608
Weber,ROY05,Retain 2nd District Circuit Court Judge-Ronald G. RUSSELL,,1,,No,158
Weber,ROY05,Retain 2nd District Circuit Court Judge-Christina Patricia ORTEGA,,1,,Yes,605
Weber,ROY05,Retain 2nd District Circuit Court Judge-Christina Patricia ORTEGA,,1,,No,163
Weber,ROY05,Retain 2nd District Circuit Court Judge-Craig HALL,,1,,Yes,556
Weber,ROY05,Retain 2nd District Circuit Court Judge-Craig HALL,,1,,No,205
Weber,ROY05,Retain 2nd District Circuit Court Judge-Michael Drio DIREDA,,1,,Yes,612
Weber,ROY05,Retain 2nd District Circuit Court Judge-Michael Drio DIREDA,,1,,No,155
Weber,ROY05,Retain 2nd District Juvenile Circuit Court Judge-Tasha WILLIAMS,,1,,Yes,617
Weber,ROY05,Retain 2nd District Juvenile Circuit Court Judge-Tasha WILLIAMS,,1,,No,147
Weber,ROY05,Constitutional Amendment B,,1,,For,622
Weber,ROY05,Constitutional Amendment B,,1,,Against,255
Weber,ROY05,Constitutional Amendment C,,1,,For,751
Weber,ROY05,Constitutional Amendment C,,1,,Against,122
Weber,ROY05,Proposition 19,,1,,Yes,576
Weber,ROY05,Proposition 19,,1,,No,303
Weber,ROY06,Registered Voters,,,,,885
Weber,ROY06,Ballots Cast,,,,,742
Weber,ROY06,President,,1,REP,Donald J. TRUMP/ JD VANCE,444
Weber,ROY06,President,,1,DEM,Kamala D. HARRIS / Tim WALZ,260
Weber,ROY06,President,,1,LBT,Chase OLIVER / Mike ter MAAT,12
Weber,ROY06,President,,1,CON,Joel SKOUSEN / Rik COMBS,6
Weber,ROY06,President,,1,,"Lucifer ""JUSTIN CASE"" EVERYLOVE",4
Weber,ROY06,President,,1,GRN,Jill STEIN / Rudolph WARE,4
Weber,ROY06,President,,1,,Claudia de la CRUZ / Karina Alexandra GARCIA,2
Weber,ROY06,President,,1,,Cornel Ronald WEST / Melina ABDULLAH,0
Weber,ROY06,President,,1,,Write-In Totals,7
Weber,ROY06,U.S. Senate,,1,REP,John CURTIS,442
Weber,ROY06,U.S. Senate,,1,DEM,Caroline GLEICH,204
Weber,ROY06,U.S. Senate,,1,IAP,Carleton E. BOWEN,41
Weber,ROY06,U.S. Senate,,1,,Write-In Totals,5
Weber,ROY06,U.S. House,1,1,REP,Blake D. MOORE,447
Weber,ROY06,U.S. House,1,1,DEM,Bill CAMPBELL,202
Weber,ROY06,U.S. House,1,1,LBT,Daniel R. COTTAM,36
Weber,ROY06,Governor,,1,REP,Spencer J. COX / Deidre M. HENDERSON,389
Weber,ROY06,Governor,,1,DEM,Brian SMITH KING / Rebekah CUMMINGS,162
Weber,ROY06,Governor,,1,LBT,J. Robert LATHAM / Barry Evan SHORT,24
Weber,ROY06,Governor,,1,IAP,Tommy WILLIAMS / Archie A. WILLIAMS III,22
Weber,ROY06,Governor,,1,,Tom TOMENY / William LANSING TAYLOR,0
Weber,ROY06,Governor,,1,,Write-In Totals,110
Weber,ROY06,Attorney General,,1,REP,Derek BROWN,406
Weber,ROY06,Attorney General,,1,DEM,Rudy J BAUTISTA,176
Weber,ROY06,Attorney General,,1,UUP,Michelle QUIST,48
Weber,ROY06,Attorney General,,1,LBT,W. Andrew McCULLOUGH,27
Weber,ROY06,Attorney General,,1,,Austin HEPWORTH,27
Weber,ROY06,State Auditor,,1,REP,Tina CANNON,444
Weber,ROY06,State Auditor,,1,DEM,Catherine VOUTAZ,208
Weber,ROY06,State Auditor,,1,CON,Jeffery L. OSTLER,29
Weber,ROY06,State Treasurer,,1,REP,Marlo M. OAKS,451
Weber,ROY06,State Treasurer,,1,DEM,Neil A HANSEN,185
Weber,ROY06,State Treasurer,,1,UFP,Miles POMEROY,41
Weber,ROY06,State Senate,4,1,REP,Calvin Ray MUSSELMAN,459
Weber,ROY06,State House,9,1,REP,Jake SAWYER,431
Weber,ROY06,State House,9,1,DEM,Angela CHOBERKA,228
Weber,ROY06,State House,9,1,LBT,Jacob K. JOHNSON,34
Weber,ROY06,County Commission,C,1,REP,Jim HARVEY,416
Weber,ROY06,County Commission,C,1,DEM,Steven VAN WAGONER,230
Weber,ROY06,County Commission,C,1,LBT,Brian K ROWLEY,38
Weber,ROY06,County Assessor,,1,REP,John E. ULIBARRI,544
Weber,ROY06,County Recorder/Surveyor,,1,REP,Bahy RAHIMZADEGAN,526
Weber,ROY06,County Treasurer,,1,REP,Lynelle JENSEN,545
Weber,ROY06,Weber School Board,7,1,,Wyle J. WILLIAMS,495
Weber,ROY06,Retain Supreme Court Justice-Matthew B. DURRANT,,1,,Yes,453
Weber,ROY06,Retain Supreme Court Justice-Matthew B. DURRANT,,1,,No,142
Weber,ROY06,Retain Appeals Court Judge-Ryan D. TENNEY,,1,,Yes,462
Weber,ROY06,Retain Appeals Court Judge-Ryan D. TENNEY,,1,,No,129
Weber,ROY06,Retain 2nd District Circuit Court Judge-Joseph M. BEAN,,1,,Yes,451
Weber,ROY06,Retain 2nd District Circuit Court Judge-Joseph M. BEAN,,1,,No,139
Weber,ROY06,Retain 2nd District Circuit Court Judge-Ronald G. RUSSELL,,1,,Yes,455
Weber,ROY06,Retain 2nd District Circuit Court Judge-Ronald G. RUSSELL,,1,,No,134
Weber,ROY06,Retain 2nd District Circuit Court Judge-Christina Patricia ORTEGA,,1,,Yes,444
Weber,ROY06,Retain 2nd District Circuit Court Judge-Christina Patricia ORTEGA,,1,,No,146
Weber,ROY06,Retain 2nd District Circuit Court Judge-Craig HALL,,1,,Yes,435
Weber,ROY06,Retain 2nd District Circuit Court Judge-Craig HALL,,1,,No,149
Weber,ROY06,Retain 2nd District Circuit Court Judge-Michael Drio DIREDA,,1,,Yes,447
Weber,ROY06,Retain 2nd District Circuit Court Judge-Michael Drio DIREDA,,1,,No,143
Weber,ROY06,Retain 2nd District Juvenile Circuit Court Judge-Tasha WILLIAMS,,1,,Yes,461
Weber,ROY06,Retain 2nd District Juvenile Circuit Court Judge-Tasha WILLIAMS,,1,,No,130
Weber,ROY06,Constitutional Amendment B,,1,,For,470
Weber,ROY06,Constitutional Amendment B,,1,,Against,213
Weber,ROY06,Constitutional Amendment C,,1,,For,569
Weber,ROY06,Constitutional Amendment C,,1,,Against,116
Weber,ROY06,Proposition 19,,1,,Yes,441
Weber,ROY06,Proposition 19,,1,,No,250
Weber,ROY07,Registered Voters,,,,,745
Weber,ROY07,Ballots Cast,,,,,635
Weber,ROY07,President,,1,REP,Donald J. TRUMP/ JD VANCE,363
Weber,ROY07,President,,1,DEM,Kamala D. HARRIS / Tim WALZ,233
Weber,ROY07,President,,1,LBT,Chase OLIVER / Mike ter MAAT,10
Weber,ROY07,President,,1,GRN,Jill STEIN / Rudolph WARE,6
Weber,ROY07,President,,1,CON,Joel SKOUSEN / Rik COMBS,3
Weber,ROY07,President,,1,,Cornel Ronald WEST / Melina ABDULLAH,2
Weber,ROY07,President,,1,,Claudia de la CRUZ / Karina Alexandra GARCIA,1
Weber,ROY07,President,,1,,"Lucifer ""JUSTIN CASE"" EVERYLOVE",0
Weber,ROY07,President,,1,,Write-In Totals,7
Weber,ROY07,U.S. Senate,,1,REP,John CURTIS,377
Weber,ROY07,U.S. Senate,,1,DEM,Caroline GLEICH,205
Weber,ROY07,U.S. Senate,,1,IAP,Carleton E. BOWEN,36
Weber,ROY07,U.S. Senate,,1,,Write-In Totals,1
Weber,ROY07,U.S. House,1,1,REP,Blake D. MOORE,389
Weber,ROY07,U.S. House,1,1,DEM,Bill CAMPBELL,194
Weber,ROY07,U.S. House,1,1,LBT,Daniel R. COTTAM,30
Weber,ROY07,Governor,,1,REP,Spencer J. COX / Deidre M. HENDERSON,358
Weber,ROY07,Governor,,1,DEM,Brian SMITH KING / Rebekah CUMMINGS,175
Weber,ROY07,Governor,,1,IAP,Tommy WILLIAMS / Archie A. WILLIAMS III,16
Weber,ROY07,Governor,,1,LBT,J. Robert LATHAM / Barry Evan SHORT,16
Weber,ROY07,Governor,,1,,Tom TOMENY / William LANSING TAYLOR,3
Weber,ROY07,Governor,,1,,Write-In Totals,57
Weber,ROY07,Attorney General,,1,REP,Derek BROWN,346
Weber,ROY07,Attorney General,,1,DEM,Rudy J BAUTISTA,184
Weber,ROY07,Attorney General,,1,LBT,W. Andrew McCULLOUGH,30
Weber,ROY07,Attorney General,,1,UUP,Michelle QUIST,28
Weber,ROY07,Attorney General,,1,,Austin HEPWORTH,17
Weber,ROY07,State Auditor,,1,REP,Tina CANNON,365
Weber,ROY07,State Auditor,,1,DEM,Catherine VOUTAZ,203
Weber,ROY07,State Auditor,,1,CON,Jeffery L. OSTLER,32
Weber,ROY07,State Treasurer,,1,REP,Marlo M. OAKS,369
Weber,ROY07,State Treasurer,,1,DEM,Neil A HANSEN,200
Weber,ROY07,State Treasurer,,1,UFP,Miles POMEROY,32
Weber,ROY07,State Senate,4,1,REP,Calvin Ray MUSSELMAN,409
Weber,ROY07,State House,9,1,REP,Jake SAWYER,370
Weber,ROY07,State House,9,1,DEM,Angela CHOBERKA,218
Weber,ROY07,State House,9,1,LBT,Jacob K. JOHNSON,25
Weber,ROY07,County Commission,C,1,REP,Jim HARVEY,350
Weber,ROY07,County Commission,C,1,DEM,Steven VAN WAGONER,225
Weber,ROY07,County Commission,C,1,LBT,Brian K ROWLEY,33
Weber,ROY07,County Assessor,,1,REP,John E. ULIBARRI,496
Weber,ROY07,County Recorder/Surveyor,,1,REP,Bahy RAHIMZADEGAN,470
Weber,ROY07,County Treasurer,,1,REP,Lynelle JENSEN,492
Weber,ROY07,Retain Supreme Court Justice-Matthew B. DURRANT,,1,,Yes,388
Weber,ROY07,Retain Supreme Court Justice-Matthew B. DURRANT,,1,,No,130
Weber,ROY07,Retain Appeals Court Judge-Ryan D. TENNEY,,1,,Yes,389
Weber,ROY07,Retain Appeals Court Judge-Ryan D. TENNEY,,1,,No,119
Weber,ROY07,Retain 2nd District Circuit Court Judge-Joseph M. BEAN,,1,,Yes,383
Weber,ROY07,Retain 2nd District Circuit Court Judge-Joseph M. BEAN,,1,,No,133
Weber,ROY07,Retain 2nd District Circuit Court Judge-Ronald G. RUSSELL,,1,,Yes,397
Weber,ROY07,Retain 2nd District Circuit Court Judge-Ronald G. RUSSELL,,1,,No,117
Weber,ROY07,Retain 2nd District Circuit Court Judge-Christina Patricia ORTEGA,,1,,Yes,387
Weber,ROY07,Retain 2nd District Circuit Court Judge-Christina Patricia ORTEGA,,1,,No,131
Weber,ROY07,Retain 2nd District Circuit Court Judge-Craig HALL,,1,,Yes,371
Weber,ROY07,Retain 2nd District Circuit Court Judge-Craig HALL,,1,,No,136
Weber,ROY07,Retain 2nd District Circuit Court Judge-Michael Drio DIREDA,,1,,Yes,391
Weber,ROY07,Retain 2nd District Circuit Court Judge-Michael Drio DIREDA,,1,,No,122
Weber,ROY07,Retain 2nd District Juvenile Circuit Court Judge-Tasha WILLIAMS,,1,,Yes,399
Weber,ROY07,Retain 2nd District Juvenile Circuit Court Judge-Tasha WILLIAMS,,1,,No,116
Weber,ROY07,Constitutional Amendment B,,1,,For,434
Weber,ROY07,Constitutional Amendment B,,1,,Against,160
Weber,ROY07,Constitutional Amendment C,,1,,For,497
Weber,ROY07,Constitutional Amendment C,,1,,Against,95
Weber,ROY07,Proposition 19,,1,,Yes,406
Weber,ROY07,Proposition 19,,1,,No,194
Weber,ROY08,Registered Voters,,,,,941
Weber,ROY08,Ballots Cast,,,,,798
Weber,ROY08,President,,1,REP,Donald J. TRUMP/ JD VANCE,463
Weber,ROY08,President,,1,DEM,Kamala D. HARRIS / Tim WALZ,311
Weber,ROY08,President,,1,LBT,Chase OLIVER / Mike ter MAAT,7
Weber,ROY08,President,,1,GRN,Jill STEIN / Rudolph WARE,3
Weber,ROY08,President,,1,,Cornel Ronald WEST / Melina ABDULLAH,2
Weber,ROY08,President,,1,,"Lucifer ""JUSTIN CASE"" EVERYLOVE",2
Weber,ROY08,President,,1,CON,Joel SKOUSEN / Rik COMBS,1
Weber,ROY08,President,,1,,Claudia de la CRUZ / Karina Alexandra GARCIA,0
Weber,ROY08,President,,1,,Write-In Totals,3
Weber,ROY08,U.S. Senate,,1,REP,John CURTIS,462
Weber,ROY08,U.S. Senate,,1,DEM,Caroline GLEICH,266
Weber,ROY08,U.S. Senate,,1,IAP,Carleton E. BOWEN,36
Weber,ROY08,U.S. Senate,,1,,Write-In Totals,5
Weber,ROY08,U.S. House,1,1,REP,Blake D. MOORE,463
Weber,ROY08,U.S. House,1,1,DEM,Bill CAMPBELL,262
Weber,ROY08,U.S. House,1,1,LBT,Daniel R. COTTAM,31
Weber,ROY08,Governor,,1,REP,Spencer J. COX / Deidre M. HENDERSON,413
Weber,ROY08,Governor,,1,DEM,Brian SMITH KING / Rebekah CUMMINGS,242
Weber,ROY08,Governor,,1,LBT,J. Robert LATHAM / Barry Evan SHORT,26
Weber,ROY08,Governor,,1,IAP,Tommy WILLIAMS / Archie A. WILLIAMS III,19
Weber,ROY08,Governor,,1,,Tom TOMENY / William LANSING TAYLOR,6
Weber,ROY08,Governor,,1,,Write-In Totals,75
Weber,ROY08,Attorney General,,1,REP,Derek BROWN,424
Weber,ROY08,Attorney General,,1,DEM,Rudy J BAUTISTA,249
Weber,ROY08,Attorney General,,1,UUP,Michelle QUIST,41
Weber,ROY08,Attorney General,,1,LBT,W. Andrew McCULLOUGH,30
Weber,ROY08,Attorney General,,1,,Austin HEPWORTH,22
Weber,ROY08,State Auditor,,1,REP,Tina CANNON,440
Weber,ROY08,State Auditor,,1,DEM,Catherine VOUTAZ,271
Weber,ROY08,State Auditor,,1,CON,Jeffery L. OSTLER,44
Weber,ROY08,State Treasurer,,1,REP,Marlo M. OAKS,447
Weber,ROY08,State Treasurer,,1,DEM,Neil A HANSEN,266
Weber,ROY08,State Treasurer,,1,UFP,Miles POMEROY,39
Weber,ROY08,State Senate,4,1,REP,Calvin Ray MUSSELMAN,517
Weber,ROY08,State House,9,1,REP,Jake SAWYER,436
Weber,ROY08,State House,9,1,DEM,Angela CHOBERKA,289
Weber,ROY08,State House,9,1,LBT,Jacob K. JOHNSON,30
Weber,ROY08,County Commission,C,1,REP,Jim HARVEY,421
Weber,ROY08,County Commission,C,1,DEM,Steven VAN WAGONER,297
Weber,ROY08,County Commission,C,1,LBT,Brian K ROWLEY,43
Weber,ROY08,County Assessor,,1,REP,John E. ULIBARRI,627
Weber,ROY08,County Recorder/Surveyor,,1,REP,Bahy RAHIMZADEGAN,597
Weber,ROY08,County Treasurer,,1,REP,Lynelle JENSEN,627
Weber,ROY08,Retain Supreme Court Justice-Matthew B. DURRANT,,1,,Yes,498
Weber,ROY08,Retain Supreme Court Justice-Matthew B. DURRANT,,1,,No,150
Weber,ROY08,Retain Appeals Court Judge-Ryan D. TENNEY,,1,,Yes,497
Weber,ROY08,Retain Appeals Court Judge-Ryan D. TENNEY,,1,,No,144
Weber,ROY08,Retain 2nd District Circuit Court Judge-Joseph M. BEAN,,1,,Yes,483
Weber,ROY08,Retain 2nd District Circuit Court Judge-Joseph M. BEAN,,1,,No,154
Weber,ROY08,Retain 2nd District Circuit Court Judge-Ronald G. RUSSELL,,1,,Yes,498
Weber,ROY08,Retain 2nd District Circuit Court Judge-Ronald G. RUSSELL,,1,,No,144
Weber,ROY08,Retain 2nd District Circuit Court Judge-Christina Patricia ORTEGA,,1,,Yes,497
Weber,ROY08,Retain 2nd District Circuit Court Judge-Christina Patricia ORTEGA,,1,,No,147
Weber,ROY08,Retain 2nd District Circuit Court Judge-Craig HALL,,1,,Yes,471
Weber,ROY08,Retain 2nd District Circuit Court Judge-Craig HALL,,1,,No,161
Weber,ROY08,Retain 2nd District Circuit Court Judge-Michael Drio DIREDA,,1,,Yes,490
Weber,ROY08,Retain 2nd District Circuit Court Judge-Michael Drio DIREDA,,1,,No,154
Weber,ROY08,Retain 2nd District Juvenile Circuit Court Judge-Tasha WILLIAMS,,1,,Yes,504
Weber,ROY08,Retain 2nd District Juvenile Circuit Court Judge-Tasha WILLIAMS,,1,,No,138
Weber,ROY08,Constitutional Amendment B,,1,,For,509
Weber,ROY08,Constitutional Amendment B,,1,,Against,234
Weber,ROY08,Constitutional Amendment C,,1,,For,614
Weber,ROY08,Constitutional Amendment C,,1,,Against,130
Weber,ROY08,Proposition 19,,1,,Yes,493
Weber,ROY08,Proposition 19,,1,,No,262
Weber,ROY09,Registered Voters,,,,,1054
Weber,ROY09,Ballots Cast,,,,,885
Weber,ROY09,President,,1,REP,Donald J. TRUMP/ JD VANCE,578
Weber,ROY09,President,,1,DEM,Kamala D. HARRIS / Tim WALZ,273
Weber,ROY09,President,,1,LBT,Chase OLIVER / Mike ter MAAT,8
Weber,ROY09,President,,1,GRN,Jill STEIN / Rudolph WARE,3
Weber,ROY09,President,,1,CON,Joel SKOUSEN / Rik COMBS,2
Weber,ROY09,President,,1,,"Lucifer ""JUSTIN CASE"" EVERYLOVE",1
Weber,ROY09,President,,1,,Cornel Ronald WEST / Melina ABDULLAH,0
Weber,ROY09,President,,1,,Claudia de la CRUZ / Karina Alexandra GARCIA,0
Weber,ROY09,President,,1,,Write-In Totals,9
Weber,ROY09,U.S. Senate,,1,REP,John CURTIS,554
Weber,ROY09,U.S. Senate,,1,DEM,Caroline GLEICH,232
Weber,ROY09,U.S. Senate,,1,IAP,Carleton E. BOWEN,52
Weber,ROY09,U.S. Senate,,1,,Write-In Totals,9
Weber,ROY09,U.S. House,1,1,REP,Blake D. MOORE,580
Weber,ROY09,U.S. House,1,1,DEM,Bill CAMPBELL,209
Weber,ROY09,U.S. House,1,1,LBT,Daniel R. COTTAM,45
Weber,ROY09,Governor,,1,REP,Spencer J. COX / Deidre M. HENDERSON,456
Weber,ROY09,Governor,,1,DEM,Brian SMITH KING / Rebekah CUMMINGS,200
Weber,ROY09,Governor,,1,LBT,J. Robert LATHAM / Barry Evan SHORT,19
Weber,ROY09,Governor,,1,IAP,Tommy WILLIAMS / Archie A. WILLIAMS III,18
Weber,ROY09,Governor,,1,,Tom TOMENY / William LANSING TAYLOR,7
Weber,ROY09,Governor,,1,,Write-In Totals,155
Weber,ROY09,Attorney General,,1,REP,Derek BROWN,518
Weber,ROY09,Attorney General,,1,DEM,Rudy J BAUTISTA,205
Weber,ROY09,Attorney General,,1,UUP,Michelle QUIST,53
Weber,ROY09,Attorney General,,1,,Austin HEPWORTH,31
Weber,ROY09,Attorney General,,1,LBT,W. Andrew McCULLOUGH,27
Weber,ROY09,State Auditor,,1,REP,Tina CANNON,548
Weber,ROY09,State Auditor,,1,DEM,Catherine VOUTAZ,232
Weber,ROY09,State Auditor,,1,CON,Jeffery L. OSTLER,48
Weber,ROY09,State Treasurer,,1,REP,Marlo M. OAKS,552
Weber,ROY09,State Treasurer,,1,DEM,Neil A HANSEN,226
Weber,ROY09,State Treasurer,,1,UFP,Miles POMEROY,56
Weber,ROY09,State Senate,4,1,REP,Calvin Ray MUSSELMAN,587
Weber,ROY09,State House,12,1,REP,Mike SCHULTZ,583
Weber,ROY09,State House,12,1,DEM,Sharon HILTON,254
Weber,ROY09,County Commission,C,1,REP,Jim HARVEY,524
Weber,ROY09,County Commission,C,1,DEM,Steven VAN WAGONER,247
Weber,ROY09,County Commission,C,1,LBT,Brian K ROWLEY,58
Weber,ROY09,County Assessor,,1,REP,John E. ULIBARRI,665
Weber,ROY09,County Recorder/Surveyor,,1,REP,Bahy RAHIMZADEGAN,637
Weber,ROY09,County Treasurer,,1,REP,Lynelle JENSEN,668
Weber,ROY09,Weber School Board,7,1,,Wyle J. WILLIAMS,623
Weber,ROY09,Retain Supreme Court Justice-Matthew B. DURRANT,,1,,Yes,555
Weber,ROY09,Retain Supreme Court Justice-Matthew B. DURRANT,,1,,No,166
Weber,ROY09,Retain Appeals Court Judge-Ryan D. TENNEY,,1,,Yes,549
Weber,ROY09,Retain Appeals Court Judge-Ryan D. TENNEY,,1,,No,163
Weber,ROY09,Retain 2nd District Circuit Court Judge-Joseph M. BEAN,,1,,Yes,538
Weber,ROY09,Retain 2nd District Circuit Court Judge-Joseph M. BEAN,,1,,No,175
Weber,ROY09,Retain 2nd District Circuit Court Judge-Ronald G. RUSSELL,,1,,Yes,561
Weber,ROY09,Retain 2nd District Circuit Court Judge-Ronald G. RUSSELL,,1,,No,153
Weber,ROY09,Retain 2nd District Circuit Court Judge-Christina Patricia ORTEGA,,1,,Yes,539
Weber,ROY09,Retain 2nd District Circuit Court Judge-Christina Patricia ORTEGA,,1,,No,175
Weber,ROY09,Retain 2nd District Circuit Court Judge-Craig HALL,,1,,Yes,543
Weber,ROY09,Retain 2nd District Circuit Court Judge-Craig HALL,,1,,No,166
Weber,ROY09,Retain 2nd District Circuit Court Judge-Michael Drio DIREDA,,1,,Yes,556
Weber,ROY09,Retain 2nd District Circuit Court Judge-Michael Drio DIREDA,,1,,No,157
Weber,ROY09,Retain 2nd District Juvenile Circuit Court Judge-Tasha WILLIAMS,,1,,Yes,554
Weber,ROY09,Retain 2nd District Juvenile Circuit Court Judge-Tasha WILLIAMS,,1,,No,157
Weber,ROY09,Constitutional Amendment B,,1,,For,537
Weber,ROY09,Constitutional Amendment B,,1,,Against,284
Weber,ROY09,Constitutional Amendment C,,1,,For,702
Weber,ROY09,Constitutional Amendment C,,1,,Against,119
Weber,ROY09,Proposition 19,,1,,Yes,497
Weber,ROY09,Proposition 19,,1,,No,335
Weber,ROY10,Registered Voters,,,,,520
Weber,ROY10,Ballots Cast,,,,,423
Weber,ROY10,President,,1,REP,Donald J. TRUMP/ JD VANCE,292
Weber,ROY10,President,,1,DEM,Kamala D. HARRIS / Tim WALZ,103
Weber,ROY10,President,,1,LBT,Chase OLIVER / Mike ter MAAT,8
Weber,ROY10,President,,1,CON,Joel SKOUSEN / Rik COMBS,6
Weber,ROY10,President,,1,GRN,Jill STEIN / Rudolph WARE,5
Weber,ROY10,President,,1,,Cornel Ronald WEST / Melina ABDULLAH,1
Weber,ROY10,President,,1,,"Lucifer ""JUSTIN CASE"" EVERYLOVE",1
Weber,ROY10,President,,1,,Claudia de la CRUZ / Karina Alexandra GARCIA,0
Weber,ROY10,President,,1,,Write-In Totals,5
Weber,ROY10,U.S. Senate,,1,REP,John CURTIS,272
Weber,ROY10,U.S. Senate,,1,DEM,Caroline GLEICH,91
Weber,ROY10,U.S. Senate,,1,IAP,Carleton E. BOWEN,29
Weber,ROY10,U.S. Senate,,1,,Write-In Totals,3
Weber,ROY10,U.S. House,1,1,REP,Blake D. MOORE,274
Weber,ROY10,U.S. House,1,1,DEM,Bill CAMPBELL,90
Weber,ROY10,U.S. House,1,1,LBT,Daniel R. COTTAM,26
Weber,ROY10,Governor,,1,REP,Spencer J. COX / Deidre M. HENDERSON,226
Weber,ROY10,Governor,,1,DEM,Brian SMITH KING / Rebekah CUMMINGS,70
Weber,ROY10,Governor,,1,LBT,J. Robert LATHAM / Barry Evan SHORT,12
Weber,ROY10,Governor,,1,IAP,Tommy WILLIAMS / Archie A. WILLIAMS III,7
Weber,ROY10,Governor,,1,,Tom TOMENY / William LANSING TAYLOR,3
Weber,ROY10,Governor,,1,,Write-In Totals,92
Weber,ROY10,Attorney General,,1,REP,Derek BROWN,265
Weber,ROY10,Attorney General,,1,DEM,Rudy J BAUTISTA,80
Weber,ROY10,Attorney General,,1,LBT,W. Andrew McCULLOUGH,16
Weber,ROY10,Attorney General,,1,,Austin HEPWORTH,15
Weber,ROY10,Attorney General,,1,UUP,Michelle QUIST,14
Weber,ROY10,State Auditor,,1,REP,Tina CANNON,280
Weber,ROY10,State Auditor,,1,DEM,Catherine VOUTAZ,80
Weber,ROY10,State Auditor,,1,CON,Jeffery L. OSTLER,30
Weber,ROY10,State Treasurer,,1,REP,Marlo M. OAKS,290
Weber,ROY10,State Treasurer,,1,DEM,Neil A HANSEN,80
Weber,ROY10,State Treasurer,,1,UFP,Miles POMEROY,21
Weber,ROY10,State Senate,4,1,REP,Calvin Ray MUSSELMAN,283
Weber,ROY10,State House,12,1,REP,Mike SCHULTZ,302
Weber,ROY10,State House,12,1,DEM,Sharon HILTON,95
Weber,ROY10,County Commission,C,1,REP,Jim HARVEY,265
Weber,ROY10,County Commission,C,1,DEM,Steven VAN WAGONER,99
Weber,ROY10,County Commission,C,1,LBT,Brian K ROWLEY,30
Weber,ROY10,County Assessor,,1,REP,John E. ULIBARRI,322
Weber,ROY10,County Recorder/Surveyor,,1,REP,Bahy RAHIMZADEGAN,313
Weber,ROY10,County Treasurer,,1,REP,Lynelle JENSEN,322
Weber,ROY10,Weber School Board,7,1,,Wyle J. WILLIAMS,288
Weber,ROY10,Retain Supreme Court Justice-Matthew B. DURRANT,,1,,Yes,244
Weber,ROY10,Retain Supreme Court Justice-Matthew B. DURRANT,,1,,No,107
Weber,ROY10,Retain Appeals Court Judge-Ryan D. TENNEY,,1,,Yes,244
Weber,ROY10,Retain Appeals Court Judge-Ryan D. TENNEY,,1,,No,100
Weber,ROY10,Retain 2nd District Circuit Court Judge-Joseph M. BEAN,,1,,Yes,243
Weber,ROY10,Retain 2nd District Circuit Court Judge-Joseph M. BEAN,,1,,No,98
Weber,ROY10,Retain 2nd District Circuit Court Judge-Ronald G. RUSSELL,,1,,Yes,252
Weber,ROY10,Retain 2nd District Circuit Court Judge-Ronald G. RUSSELL,,1,,No,96
Weber,ROY10,Retain 2nd District Circuit Court Judge-Christina Patricia ORTEGA,,1,,Yes,261
Weber,ROY10,Retain 2nd District Circuit Court Judge-Christina Patricia ORTEGA,,1,,No,92
Weber,ROY10,Retain 2nd District Circuit Court Judge-Craig HALL,,1,,Yes,245
Weber,ROY10,Retain 2nd District Circuit Court Judge-Craig HALL,,1,,No,101
Weber,ROY10,Retain 2nd District Circuit Court Judge-Michael Drio DIREDA,,1,,Yes,262
Weber,ROY10,Retain 2nd District Circuit Court Judge-Michael Drio DIREDA,,1,,No,90
Weber,ROY10,Retain 2nd District Juvenile Circuit Court Judge-Tasha WILLIAMS,,1,,Yes,264
Weber,ROY10,Retain 2nd District Juvenile Circuit Court Judge-Tasha WILLIAMS,,1,,No,81
Weber,ROY10,Constitutional Amendment B,,1,,For,263
Weber,ROY10,Constitutional Amendment B,,1,,Against,124
Weber,ROY10,Constitutional Amendment C,,1,,For,326
Weber,ROY10,Constitutional Amendment C,,1,,Against,67
Weber,ROY10,Proposition 19,,1,,Yes,239
Weber,ROY10,Proposition 19,,1,,No,156
Weber,ROY11,Registered Voters,,,,,1060
Weber,ROY11,Ballots Cast,,,,,896
Weber,ROY11,President,,1,REP,Donald J. TRUMP/ JD VANCE,608
Weber,ROY11,President,,1,DEM,Kamala D. HARRIS / Tim WALZ,255
Weber,ROY11,President,,1,GRN,Jill STEIN / Rudolph WARE,6
Weber,ROY11,President,,1,LBT,Chase OLIVER / Mike ter MAAT,5
Weber,ROY11,President,,1,CON,Joel SKOUSEN / Rik COMBS,2
Weber,ROY11,President,,1,,Claudia de la CRUZ / Karina Alexandra GARCIA,1
Weber,ROY11,President,,1,,Cornel Ronald WEST / Melina ABDULLAH,0
Weber,ROY11,President,,1,,"Lucifer ""JUSTIN CASE"" EVERYLOVE",0
Weber,ROY11,President,,1,,Write-In Totals,11
Weber,ROY11,U.S. Senate,,1,REP,John CURTIS,572
Weber,ROY11,U.S. Senate,,1,DEM,Caroline GLEICH,213
Weber,ROY11,U.S. Senate,,1,IAP,Carleton E. BOWEN,59
Weber,ROY11,U.S. Senate,,1,,Write-In Totals,5
Weber,ROY11,U.S. House,1,1,REP,Blake D. MOORE,585
Weber,ROY11,U.S. House,1,1,DEM,Bill CAMPBELL,212
Weber,ROY11,U.S. House,1,1,LBT,Daniel R. COTTAM,38
Weber,ROY11,Governor,,1,REP,Spencer J. COX / Deidre M. HENDERSON,503
Weber,ROY11,Governor,,1,DEM,Brian SMITH KING / Rebekah CUMMINGS,188
Weber,ROY11,Governor,,1,LBT,J. Robert LATHAM / Barry Evan SHORT,38
Weber,ROY11,Governor,,1,IAP,Tommy WILLIAMS / Archie A. WILLIAMS III,33
Weber,ROY11,Governor,,1,,Tom TOMENY / William LANSING TAYLOR,5
Weber,ROY11,Governor,,1,,Write-In Totals,102
Weber,ROY11,Attorney General,,1,REP,Derek BROWN,547
Weber,ROY11,Attorney General,,1,DEM,Rudy J BAUTISTA,195
Weber,ROY11,Attorney General,,1,UUP,Michelle QUIST,44
Weber,ROY11,Attorney General,,1,LBT,W. Andrew McCULLOUGH,32
Weber,ROY11,Attorney General,,1,,Austin HEPWORTH,30
Weber,ROY11,State Auditor,,1,REP,Tina CANNON,570
Weber,ROY11,State Auditor,,1,DEM,Catherine VOUTAZ,213
Weber,ROY11,State Auditor,,1,CON,Jeffery L. OSTLER,53
Weber,ROY11,State Treasurer,,1,REP,Marlo M. OAKS,586
Weber,ROY11,State Treasurer,,1,DEM,Neil A HANSEN,207
Weber,ROY11,State Treasurer,,1,UFP,Miles POMEROY,42
Weber,ROY11,State Senate,4,1,REP,Calvin Ray MUSSELMAN,577
Weber,ROY11,State House,12,1,REP,Mike SCHULTZ,598
Weber,ROY11,State House,12,1,DEM,Sharon HILTON,255
Weber,ROY11,County Commission,C,1,REP,Jim HARVEY,536
Weber,ROY11,County Commission,C,1,DEM,Steven VAN WAGONER,235
Weber,ROY11,County Commission,C,1,LBT,Brian K ROWLEY,71
Weber,ROY11,County Assessor,,1,REP,John E. ULIBARRI,672
Weber,ROY11,County Recorder/Surveyor,,1,REP,Bahy RAHIMZADEGAN,647
Weber,ROY11,County Treasurer,,1,REP,Lynelle JENSEN,669
Weber,ROY11,Weber School Board,7,1,,Wyle J. WILLIAMS,607
Weber,ROY11,Retain Supreme Court Justice-Matthew B. DURRANT,,1,,Yes,534
Weber,ROY11,Retain Supreme Court Justice-Matthew B. DURRANT,,1,,No,183
Weber,ROY11,Retain Appeals Court Judge-Ryan D. TENNEY,,1,,Yes,516
Weber,ROY11,Retain Appeals Court Judge-Ryan D. TENNEY,,1,,No,190
Weber,ROY11,Retain 2nd District Circuit Court Judge-Joseph M. BEAN,,1,,Yes,506
Weber,ROY11,Retain 2nd District Circuit Court Judge-Joseph M. BEAN,,1,,No,203
Weber,ROY11,Retain 2nd District Circuit Court Judge-Ronald G. RUSSELL,,1,,Yes,530
Weber,ROY11,Retain 2nd District Circuit Court Judge-Ronald G. RUSSELL,,1,,No,180
Weber,ROY11,Retain 2nd District Circuit Court Judge-Christina Patricia ORTEGA,,1,,Yes,518
Weber,ROY11,Retain 2nd District Circuit Court Judge-Christina Patricia ORTEGA,,1,,No,196
Weber,ROY11,Retain 2nd District Circuit Court Judge-Craig HALL,,1,,Yes,506
Weber,ROY11,Retain 2nd District Circuit Court Judge-Craig HALL,,1,,No,202
Weber,ROY11,Retain 2nd District Circuit Court Judge-Michael Drio DIREDA,,1,,Yes,520
Weber,ROY11,Retain 2nd District Circuit Court Judge-Michael Drio DIREDA,,1,,No,190
Weber,ROY11,Retain 2nd District Juvenile Circuit Court Judge-Tasha WILLIAMS,,1,,Yes,532
Weber,ROY11,Retain 2nd District Juvenile Circuit Court Judge-Tasha WILLIAMS,,1,,No,178
Weber,ROY11,Constitutional Amendment B,,1,,For,507
Weber,ROY11,Constitutional Amendment B,,1,,Against,310
Weber,ROY11,Constitutional Amendment C,,1,,For,692
Weber,ROY11,Constitutional Amendment C,,1,,Against,139
Weber,ROY11,Proposition 19,,1,,Yes,516
Weber,ROY11,Proposition 19,,1,,No,323
Weber,ROY12,Registered Voters,,,,,743
Weber,ROY12,Ballots Cast,,,,,605
Weber,ROY12,President,,1,REP,Donald J. TRUMP/ JD VANCE,326
Weber,ROY12,President,,1,DEM,Kamala D. HARRIS / Tim WALZ,252
Weber,ROY12,President,,1,CON,Joel SKOUSEN / Rik COMBS,6
Weber,ROY12,President,,1,LBT,Chase OLIVER / Mike ter MAAT,4
Weber,ROY12,President,,1,,Cornel Ronald WEST / Melina ABDULLAH,3
Weber,ROY12,President,,1,GRN,Jill STEIN / Rudolph WARE,3
Weber,ROY12,President,,1,,"Lucifer ""JUSTIN CASE"" EVERYLOVE",1
Weber,ROY12,President,,1,,Claudia de la CRUZ / Karina Alexandra GARCIA,1
Weber,ROY12,President,,1,,Write-In Totals,4
Weber,ROY12,U.S. Senate,,1,REP,John CURTIS,323
Weber,ROY12,U.S. Senate,,1,DEM,Caroline GLEICH,226
Weber,ROY12,U.S. Senate,,1,IAP,Carleton E. BOWEN,30
Weber,ROY12,U.S. Senate,,1,,Write-In Totals,5
Weber,ROY12,U.S. House,1,1,REP,Blake D. MOORE,341
Weber,ROY12,U.S. House,1,1,DEM,Bill CAMPBELL,204
Weber,ROY12,U.S. House,1,1,LBT,Daniel R. COTTAM,32
Weber,ROY12,Governor,,1,REP,Spencer J. COX / Deidre M. HENDERSON,294
Weber,ROY12,Governor,,1,DEM,Brian SMITH KING / Rebekah CUMMINGS,196
Weber,ROY12,Governor,,1,LBT,J. Robert LATHAM / Barry Evan SHORT,21
Weber,ROY12,Governor,,1,IAP,Tommy WILLIAMS / Archie A. WILLIAMS III,13
Weber,ROY12,Governor,,1,,Tom TOMENY / William LANSING TAYLOR,6
Weber,ROY12,Governor,,1,,Write-In Totals,60
Weber,ROY12,Attorney General,,1,REP,Derek BROWN,315
Weber,ROY12,Attorney General,,1,DEM,Rudy J BAUTISTA,178
Weber,ROY12,Attorney General,,1,UUP,Michelle QUIST,35
Weber,ROY12,Attorney General,,1,,Austin HEPWORTH,31
Weber,ROY12,Attorney General,,1,LBT,W. Andrew McCULLOUGH,23
Weber,ROY12,State Auditor,,1,REP,Tina CANNON,347
Weber,ROY12,State Auditor,,1,DEM,Catherine VOUTAZ,204
Weber,ROY12,State Auditor,,1,CON,Jeffery L. OSTLER,22
Weber,ROY12,State Treasurer,,1,REP,Marlo M. OAKS,334
Weber,ROY12,State Treasurer,,1,DEM,Neil A HANSEN,206
Weber,ROY12,State Treasurer,,1,UFP,Miles POMEROY,32
Weber,ROY12,State Senate,4,1,REP,Calvin Ray MUSSELMAN,390
Weber,ROY12,State House,12,1,REP,Mike SCHULTZ,353
Weber,ROY12,State House,12,1,DEM,Sharon HILTON,230
Weber,ROY12,County Commission,C,1,REP,Jim HARVEY,317
Weber,ROY12,County Commission,C,1,DEM,Steven VAN WAGONER,220
Weber,ROY12,County Commission,C,1,LBT,Brian K ROWLEY,41
Weber,ROY12,County Assessor,,1,REP,John E. ULIBARRI,443
Weber,ROY12,County Recorder/Surveyor,,1,REP,Bahy RAHIMZADEGAN,436
Weber,ROY12,County Treasurer,,1,REP,Lynelle JENSEN,451
Weber,ROY12,Weber School Board,5,1,,Douglas R. HURST,425
Weber,ROY12,Retain Supreme Court Justice-Matthew B. DURRANT,,1,,Yes,386
Weber,ROY12,Retain Supreme Court Justice-Matthew B. DURRANT,,1,,No,126
Weber,ROY12,Retain Appeals Court Judge-Ryan D. TENNEY,,1,,Yes,371
Weber,ROY12,Retain Appeals Court Judge-Ryan D. TENNEY,,1,,No,129
Weber,ROY12,Retain 2nd District Circuit Court Judge-Joseph M. BEAN,,1,,Yes,372
Weber,ROY12,Retain 2nd District Circuit Court Judge-Joseph M. BEAN,,1,,No,132
Weber,ROY12,Retain 2nd District Circuit Court Judge-Ronald G. RUSSELL,,1,,Yes,385
Weber,ROY12,Retain 2nd District Circuit Court Judge-Ronald G. RUSSELL,,1,,No,115
Weber,ROY12,Retain 2nd District Circuit Court Judge-Christina Patricia ORTEGA,,1,,Yes,395
Weber,ROY12,Retain 2nd District Circuit Court Judge-Christina Patricia ORTEGA,,1,,No,113
Weber,ROY12,Retain 2nd District Circuit Court Judge-Craig HALL,,1,,Yes,359
Weber,ROY12,Retain 2nd District Circuit Court Judge-Craig HALL,,1,,No,143
Weber,ROY12,Retain 2nd District Circuit Court Judge-Michael Drio DIREDA,,1,,Yes,379
Weber,ROY12,Retain 2nd District Circuit Court Judge-Michael Drio DIREDA,,1,,No,123
Weber,ROY12,Retain 2nd District Juvenile Circuit Court Judge-Tasha WILLIAMS,,1,,Yes,396
Weber,ROY12,Retain 2nd District Juvenile Circuit Court Judge-Tasha WILLIAMS,,1,,No,108
Weber,ROY12,Constitutional Amendment B,,1,,For,393
Weber,ROY12,Constitutional Amendment B,,1,,Against,173
Weber,ROY12,Constitutional Amendment C,,1,,For,480
Weber,ROY12,Constitutional Amendment C,,1,,Against,91
Weber,ROY12,Proposition 19,,1,,Yes,393
Weber,ROY12,Proposition 19,,1,,No,178
Weber,ROY13,Registered Voters,,,,,604
Weber,ROY13,Ballots Cast,,,,,507
Weber,ROY13,President,,1,REP,Donald J. TRUMP/ JD VANCE,315
Weber,ROY13,President,,1,DEM,Kamala D. HARRIS / Tim WALZ,168
Weber,ROY13,President,,1,LBT,Chase OLIVER / Mike ter MAAT,6
Weber,ROY13,President,,1,CON,Joel SKOUSEN / Rik COMBS,5
Weber,ROY13,President,,1,,"Lucifer ""JUSTIN CASE"" EVERYLOVE",2
Weber,ROY13,President,,1,GRN,Jill STEIN / Rudolph WARE,2
Weber,ROY13,President,,1,,Claudia de la CRUZ / Karina Alexandra GARCIA,1
Weber,ROY13,President,,1,,Cornel Ronald WEST / Melina ABDULLAH,0
Weber,ROY13,President,,1,,Write-In Totals,4
Weber,ROY13,U.S. Senate,,1,REP,John CURTIS,290
Weber,ROY13,U.S. Senate,,1,DEM,Caroline GLEICH,145
Weber,ROY13,U.S. Senate,,1,IAP,Carleton E. BOWEN,42
Weber,ROY13,U.S. Senate,,1,,Write-In Totals,6
Weber,ROY13,U.S. House,1,1,REP,Blake D. MOORE,314
Weber,ROY13,U.S. House,1,1,DEM,Bill CAMPBELL,137
Weber,ROY13,U.S. House,1,1,LBT,Daniel R. COTTAM,28
Weber,ROY13,Governor,,1,REP,Spencer J. COX / Deidre M. HENDERSON,265
Weber,ROY13,Governor,,1,DEM,Brian SMITH KING / Rebekah CUMMINGS,126
Weber,ROY13,Governor,,1,LBT,J. Robert LATHAM / Barry Evan SHORT,17
Weber,ROY13,Governor,,1,IAP,Tommy WILLIAMS / Archie A. WILLIAMS III,16
Weber,ROY13,Governor,,1,,Tom TOMENY / William LANSING TAYLOR,4
Weber,ROY13,Governor,,1,,Write-In Totals,62
Weber,ROY13,Attorney General,,1,REP,Derek BROWN,286
Weber,ROY13,Attorney General,,1,DEM,Rudy J BAUTISTA,130
Weber,ROY13,Attorney General,,1,LBT,W. Andrew McCULLOUGH,24
Weber,ROY13,Attorney General,,1,UUP,Michelle QUIST,21
Weber,ROY13,Attorney General,,1,,Austin HEPWORTH,17
Weber,ROY13,State Auditor,,1,REP,Tina CANNON,308
Weber,ROY13,State Auditor,,1,DEM,Catherine VOUTAZ,135
Weber,ROY13,State Auditor,,1,CON,Jeffery L. OSTLER,27
Weber,ROY13,State Treasurer,,1,REP,Marlo M. OAKS,297
Weber,ROY13,State Treasurer,,1,DEM,Neil A HANSEN,143
Weber,ROY13,State Treasurer,,1,UFP,Miles POMEROY,30
Weber,ROY13,State Senate,4,1,REP,Calvin Ray MUSSELMAN,320
Weber,ROY13,State House,12,1,REP,Mike SCHULTZ,314
Weber,ROY13,State House,12,1,DEM,Sharon HILTON,162
Weber,ROY13,County Commission,C,1,REP,Jim HARVEY,287
Weber,ROY13,County Commission,C,1,DEM,Steven VAN WAGONER,160
Weber,ROY13,County Commission,C,1,LBT,Brian K ROWLEY,30
Weber,ROY13,County Assessor,,1,REP,John E. ULIBARRI,379
Weber,ROY13,County Recorder/Surveyor,,1,REP,Bahy RAHIMZADEGAN,376
Weber,ROY13,County Treasurer,,1,REP,Lynelle JENSEN,389
Weber,ROY13,Weber School Board,5,1,,Douglas R. HURST,377
Weber,ROY13,Retain Supreme Court Justice-Matthew B. DURRANT,,1,,Yes,331
Weber,ROY13,Retain Supreme Court Justice-Matthew B. DURRANT,,1,,No,80
Weber,ROY13,Retain Appeals Court Judge-Ryan D. TENNEY,,1,,Yes,324
Weber,ROY13,Retain Appeals Court Judge-Ryan D. TENNEY,,1,,No,80
Weber,ROY13,Retain 2nd District Circuit Court Judge-Joseph M. BEAN,,1,,Yes,315
Weber,ROY13,Retain 2nd District Circuit Court Judge-Joseph M. BEAN,,1,,No,92
Weber,ROY13,Retain 2nd District Circuit Court Judge-Ronald G. RUSSELL,,1,,Yes,320
Weber,ROY13,Retain 2nd District Circuit Court Judge-Ronald G. RUSSELL,,1,,No,83
Weber,ROY13,Retain 2nd District Circuit Court Judge-Christina Patricia ORTEGA,,1,,Yes,323
Weber,ROY13,Retain 2nd District Circuit Court Judge-Christina Patricia ORTEGA,,1,,No,86
Weber,ROY13,Retain 2nd District Circuit Court Judge-Craig HALL,,1,,Yes,306
Weber,ROY13,Retain 2nd District Circuit Court Judge-Craig HALL,,1,,No,94
Weber,ROY13,Retain 2nd District Circuit Court Judge-Michael Drio DIREDA,,1,,Yes,328
Weber,ROY13,Retain 2nd District Circuit Court Judge-Michael Drio DIREDA,,1,,No,80
Weber,ROY13,Retain 2nd District Juvenile Circuit Court Judge-Tasha WILLIAMS,,1,,Yes,331
Weber,ROY13,Retain 2nd District Juvenile Circuit Court Judge-Tasha WILLIAMS,,1,,No,74
Weber,ROY13,Constitutional Amendment B,,1,,For,308
Weber,ROY13,Constitutional Amendment B,,1,,Against,165
Weber,ROY13,Constitutional Amendment C,,1,,For,375
Weber,ROY13,Constitutional Amendment C,,1,,Against,94
Weber,ROY13,Proposition 19,,1,,Yes,312
Weber,ROY13,Proposition 19,,1,,No,164
Weber,ROY14,Registered Voters,,,,,336
Weber,ROY14,Ballots Cast,,,,,258
Weber,ROY14,President,,1,REP,Donald J. TRUMP/ JD VANCE,140
Weber,ROY14,President,,1,DEM,Kamala D. HARRIS / Tim WALZ,112
Weber,ROY14,President,,1,CON,Joel SKOUSEN / Rik COMBS,3
Weber,ROY14,President,,1,LBT,Chase OLIVER / Mike ter MAAT,2
Weber,ROY14,President,,1,,Claudia de la CRUZ / Karina Alexandra GARCIA,1
Weber,ROY14,President,,1,,Cornel Ronald WEST / Melina ABDULLAH,0
Weber,ROY14,President,,1,,"Lucifer ""JUSTIN CASE"" EVERYLOVE",0
Weber,ROY14,President,,1,GRN,Jill STEIN / Rudolph WARE,0
Weber,ROY14,President,,1,,Write-In Totals,0
Weber,ROY14,U.S. Senate,,1,REP,John CURTIS,142
Weber,ROY14,U.S. Senate,,1,DEM,Caroline GLEICH,94
Weber,ROY14,U.S. Senate,,1,IAP,Carleton E. BOWEN,12
Weber,ROY14,U.S. Senate,,1,,Write-In Totals,1
Weber,ROY14,U.S. House,1,1,REP,Blake D. MOORE,139
Weber,ROY14,U.S. House,1,1,DEM,Bill CAMPBELL,92
Weber,ROY14,U.S. House,1,1,LBT,Daniel R. COTTAM,11
Weber,ROY14,Governor,,1,REP,Spencer J. COX / Deidre M. HENDERSON,129
Weber,ROY14,Governor,,1,DEM,Brian SMITH KING / Rebekah CUMMINGS,84
Weber,ROY14,Governor,,1,IAP,Tommy WILLIAMS / Archie A. WILLIAMS III,8
Weber,ROY14,Governor,,1,LBT,J. Robert LATHAM / Barry Evan SHORT,7
Weber,ROY14,Governor,,1,,Tom TOMENY / William LANSING TAYLOR,2
Weber,ROY14,Governor,,1,,Write-In Totals,19
Weber,ROY14,Attorney General,,1,REP,Derek BROWN,141
Weber,ROY14,Attorney General,,1,DEM,Rudy J BAUTISTA,73
Weber,ROY14,Attorney General,,1,UUP,Michelle QUIST,16
Weber,ROY14,Attorney General,,1,LBT,W. Andrew McCULLOUGH,11
Weber,ROY14,Attorney General,,1,,Austin HEPWORTH,7
Weber,ROY14,State Auditor,,1,REP,Tina CANNON,142
Weber,ROY14,State Auditor,,1,DEM,Catherine VOUTAZ,90
Weber,ROY14,State Auditor,,1,CON,Jeffery L. OSTLER,7
Weber,ROY14,State Treasurer,,1,REP,Marlo M. OAKS,145
Weber,ROY14,State Treasurer,,1,DEM,Neil A HANSEN,84
Weber,ROY14,State Treasurer,,1,UFP,Miles POMEROY,13
Weber,ROY14,State House,11,1,REP,Katy HALL,169
Weber,ROY14,County Commission,C,1,REP,Jim HARVEY,135
Weber,ROY14,County Commission,C,1,DEM,Steven VAN WAGONER,96
Weber,ROY14,County Commission,C,1,LBT,Brian K ROWLEY,16
Weber,ROY14,County Assessor,,1,REP,John E. ULIBARRI,183
Weber,ROY14,County Recorder/Surveyor,,1,REP,Bahy RAHIMZADEGAN,175
Weber,ROY14,County Treasurer,,1,REP,Lynelle JENSEN,181
Weber,ROY14,Weber School Board,5,1,,Douglas R. HURST,165
Weber,ROY14,Retain Supreme Court Justice-Matthew B. DURRANT,,1,,Yes,151
Weber,ROY14,Retain Supreme Court Justice-Matthew B. DURRANT,,1,,No,60
Weber,ROY14,Retain Appeals Court Judge-Ryan D. TENNEY,,1,,Yes,159
Weber,ROY14,Retain Appeals Court Judge-Ryan D. TENNEY,,1,,No,48
Weber,ROY14,Retain 2nd District Circuit Court Judge-Joseph M. BEAN,,1,,Yes,155
Weber,ROY14,Retain 2nd District Circuit Court Judge-Joseph M. BEAN,,1,,No,55
Weber,ROY14,Retain 2nd District Circuit Court Judge-Ronald G. RUSSELL,,1,,Yes,157
Weber,ROY14,Retain 2nd District Circuit Court Judge-Ronald G. RUSSELL,,1,,No,50
Weber,ROY14,Retain 2nd District Circuit Court Judge-Christina Patricia ORTEGA,,1,,Yes,162
Weber,ROY14,Retain 2nd District Circuit Court Judge-Christina Patricia ORTEGA,,1,,No,47
Weber,ROY14,Retain 2nd District Circuit Court Judge-Craig HALL,,1,,Yes,154
Weber,ROY14,Retain 2nd District Circuit Court Judge-Craig HALL,,1,,No,54
Weber,ROY14,Retain 2nd District Circuit Court Judge-Michael Drio DIREDA,,1,,Yes,161
Weber,ROY14,Retain 2nd District Circuit Court Judge-Michael Drio DIREDA,,1,,No,46
Weber,ROY14,Retain 2nd District Juvenile Circuit Court Judge-Tasha WILLIAMS,,1,,Yes,167
Weber,ROY14,Retain 2nd District Juvenile Circuit Court Judge-Tasha WILLIAMS,,1,,No,41
Weber,ROY14,Constitutional Amendment B,,1,,For,176
Weber,ROY14,Constitutional Amendment B,,1,,Against,65
Weber,ROY14,Constitutional Amendment C,,1,,For,203
Weber,ROY14,Constitutional Amendment C,,1,,Against,33
Weber,ROY14,Proposition 19,,1,,Yes,170
Weber,ROY14,Proposition 19,,1,,No,70
Weber,ROY15,Registered Voters,,,,,760
Weber,ROY15,Ballots Cast,,,,,593
Weber,ROY15,President,,1,REP,Donald J. TRUMP/ JD VANCE,369
Weber,ROY15,President,,1,DEM,Kamala D. HARRIS / Tim WALZ,195
Weber,ROY15,President,,1,LBT,Chase OLIVER / Mike ter MAAT,6
Weber,ROY15,President,,1,CON,Joel SKOUSEN / Rik COMBS,5
Weber,ROY15,President,,1,GRN,Jill STEIN / Rudolph WARE,4
Weber,ROY15,President,,1,,"Lucifer ""JUSTIN CASE"" EVERYLOVE",2
Weber,ROY15,President,,1,,Cornel Ronald WEST / Melina ABDULLAH,1
Weber,ROY15,President,,1,,Claudia de la CRUZ / Karina Alexandra GARCIA,0
Weber,ROY15,President,,1,,Write-In Totals,4
Weber,ROY15,U.S. Senate,,1,REP,John CURTIS,344
Weber,ROY15,U.S. Senate,,1,DEM,Caroline GLEICH,184
Weber,ROY15,U.S. Senate,,1,IAP,Carleton E. BOWEN,41
Weber,ROY15,U.S. Senate,,1,,Write-In Totals,0
Weber,ROY15,U.S. House,1,1,REP,Blake D. MOORE,365
Weber,ROY15,U.S. House,1,1,DEM,Bill CAMPBELL,176
Weber,ROY15,U.S. House,1,1,LBT,Daniel R. COTTAM,25
Weber,ROY15,Governor,,1,REP,Spencer J. COX / Deidre M. HENDERSON,296
Weber,ROY15,Governor,,1,DEM,Brian SMITH KING / Rebekah CUMMINGS,144
Weber,ROY15,Governor,,1,LBT,J. Robert LATHAM / Barry Evan SHORT,11
Weber,ROY15,Governor,,1,IAP,Tommy WILLIAMS / Archie A. WILLIAMS III,10
Weber,ROY15,Governor,,1,,Tom TOMENY / William LANSING TAYLOR,4
Weber,ROY15,Governor,,1,,Write-In Totals,109
Weber,ROY15,Attorney General,,1,REP,Derek BROWN,338
Weber,ROY15,Attorney General,,1,DEM,Rudy J BAUTISTA,151
Weber,ROY15,Attorney General,,1,,Austin HEPWORTH,35
Weber,ROY15,Attorney General,,1,UUP,Michelle QUIST,25
Weber,ROY15,Attorney General,,1,LBT,W. Andrew McCULLOUGH,15
Weber,ROY15,State Auditor,,1,REP,Tina CANNON,351
Weber,ROY15,State Auditor,,1,DEM,Catherine VOUTAZ,170
Weber,ROY15,State Auditor,,1,CON,Jeffery L. OSTLER,36
Weber,ROY15,State Treasurer,,1,REP,Marlo M. OAKS,363
Weber,ROY15,State Treasurer,,1,DEM,Neil A HANSEN,160
Weber,ROY15,State Treasurer,,1,UFP,Miles POMEROY,38
Weber,ROY15,State Senate,4,1,REP,Calvin Ray MUSSELMAN,389
Weber,ROY15,State House,12,1,REP,Mike SCHULTZ,366
Weber,ROY15,State House,12,1,DEM,Sharon HILTON,190
Weber,ROY15,County Commission,C,1,REP,Jim HARVEY,338
Weber,ROY15,County Commission,C,1,DEM,Steven VAN WAGONER,183
Weber,ROY15,County Commission,C,1,LBT,Brian K ROWLEY,42
Weber,ROY15,County Assessor,,1,REP,John E. ULIBARRI,455
Weber,ROY15,County Recorder/Surveyor,,1,REP,Bahy RAHIMZADEGAN,443
Weber,ROY15,County Treasurer,,1,REP,Lynelle JENSEN,458
Weber,ROY15,Weber School Board,7,1,,Wyle J. WILLIAMS,415
Weber,ROY15,Retain Supreme Court Justice-Matthew B. DURRANT,,1,,Yes,379
Weber,ROY15,Retain Supreme Court Justice-Matthew B. DURRANT,,1,,No,112
Weber,ROY15,Retain Appeals Court Judge-Ryan D. TENNEY,,1,,Yes,374
Weber,ROY15,Retain Appeals Court Judge-Ryan D. TENNEY,,1,,No,111
Weber,ROY15,Retain 2nd District Circuit Court Judge-Joseph M. BEAN,,1,,Yes,363
Weber,ROY15,Retain 2nd District Circuit Court Judge-Joseph M. BEAN,,1,,No,122
Weber,ROY15,Retain 2nd District Circuit Court Judge-Ronald G. RUSSELL,,1,,Yes,370
Weber,ROY15,Retain 2nd District Circuit Court Judge-Ronald G. RUSSELL,,1,,No,116
Weber,ROY15,Retain 2nd District Circuit Court Judge-Christina Patricia ORTEGA,,1,,Yes,363
Weber,ROY15,Retain 2nd District Circuit Court Judge-Christina Patricia ORTEGA,,1,,No,126
Weber,ROY15,Retain 2nd District Circuit Court Judge-Craig HALL,,1,,Yes,347
Weber,ROY15,Retain 2nd District Circuit Court Judge-Craig HALL,,1,,No,132
Weber,ROY15,Retain 2nd District Circuit Court Judge-Michael Drio DIREDA,,1,,Yes,372
Weber,ROY15,Retain 2nd District Circuit Court Judge-Michael Drio DIREDA,,1,,No,113
Weber,ROY15,Retain 2nd District Juvenile Circuit Court Judge-Tasha WILLIAMS,,1,,Yes,371
Weber,ROY15,Retain 2nd District Juvenile Circuit Court Judge-Tasha WILLIAMS,,1,,No,114
Weber,ROY15,Constitutional Amendment B,,1,,For,364
Weber,ROY15,Constitutional Amendment B,,1,,Against,180
Weber,ROY15,Constitutional Amendment C,,1,,For,473
Weber,ROY15,Constitutional Amendment C,,1,,Against,78
Weber,ROY15,Proposition 19,,1,,Yes,327
Weber,ROY15,Proposition 19,,1,,No,235
Weber,ROY16,Registered Voters,,,,,543
Weber,ROY16,Ballots Cast,,,,,440
Weber,ROY16,President,,1,REP,Donald J. TRUMP/ JD VANCE,267
Weber,ROY16,President,,1,DEM,Kamala D. HARRIS / Tim WALZ,156
Weber,ROY16,President,,1,,Cornel Ronald WEST / Melina ABDULLAH,3
Weber,ROY16,President,,1,LBT,Chase OLIVER / Mike ter MAAT,3
Weber,ROY16,President,,1,CON,Joel SKOUSEN / Rik COMBS,2
Weber,ROY16,President,,1,,"Lucifer ""JUSTIN CASE"" EVERYLOVE",0
Weber,ROY16,President,,1,GRN,Jill STEIN / Rudolph WARE,0
Weber,ROY16,President,,1,,Claudia de la CRUZ / Karina Alexandra GARCIA,0
Weber,ROY16,President,,1,,Write-In Totals,6
Weber,ROY16,U.S. Senate,,1,REP,John CURTIS,267
Weber,ROY16,U.S. Senate,,1,DEM,Caroline GLEICH,132
Weber,ROY16,U.S. Senate,,1,IAP,Carleton E. BOWEN,24
Weber,ROY16,U.S. Senate,,1,,Write-In Totals,1
Weber,ROY16,U.S. House,1,1,REP,Blake D. MOORE,268
Weber,ROY16,U.S. House,1,1,DEM,Bill CAMPBELL,119
Weber,ROY16,U.S. House,1,1,LBT,Daniel R. COTTAM,29
Weber,ROY16,Governor,,1,REP,Spencer J. COX / Deidre M. HENDERSON,197
Weber,ROY16,Governor,,1,DEM,Brian SMITH KING / Rebekah CUMMINGS,105
Weber,ROY16,Governor,,1,LBT,J. Robert LATHAM / Barry Evan SHORT,24
Weber,ROY16,Governor,,1,IAP,Tommy WILLIAMS / Archie A. WILLIAMS III,13
Weber,ROY16,Governor,,1,,Tom TOMENY / William LANSING TAYLOR,2
Weber,ROY16,Governor,,1,,Write-In Totals,87
Weber,ROY16,Attorney General,,1,REP,Derek BROWN,240
Weber,ROY16,Attorney General,,1,DEM,Rudy J BAUTISTA,115
Weber,ROY16,Attorney General,,1,LBT,W. Andrew McCULLOUGH,25
Weber,ROY16,Attorney General,,1,,Austin HEPWORTH,17
Weber,ROY16,Attorney General,,1,UUP,Michelle QUIST,17
Weber,ROY16,State Auditor,,1,REP,Tina CANNON,258
Weber,ROY16,State Auditor,,1,DEM,Catherine VOUTAZ,124
Weber,ROY16,State Auditor,,1,CON,Jeffery L. OSTLER,26
Weber,ROY16,State Treasurer,,1,REP,Marlo M. OAKS,263
Weber,ROY16,State Treasurer,,1,DEM,Neil A HANSEN,115
Weber,ROY16,State Treasurer,,1,UFP,Miles POMEROY,29
Weber,ROY16,State Senate,4,1,REP,Calvin Ray MUSSELMAN,265
Weber,ROY16,State House,12,1,REP,Mike SCHULTZ,270
Weber,ROY16,State House,12,1,DEM,Sharon HILTON,146
Weber,ROY16,County Commission,C,1,REP,Jim HARVEY,232
Weber,ROY16,County Commission,C,1,DEM,Steven VAN WAGONER,143
Weber,ROY16,County Commission,C,1,LBT,Brian K ROWLEY,42
Weber,ROY16,County Assessor,,1,REP,John E. ULIBARRI,308
Weber,ROY16,County Recorder/Surveyor,,1,REP,Bahy RAHIMZADEGAN,305
Weber,ROY16,County Treasurer,,1,REP,Lynelle JENSEN,312
Weber,ROY16,Weber School Board,7,1,,Wyle J. WILLIAMS,295
Weber,ROY16,Retain Supreme Court Justice-Matthew B. DURRANT,,1,,Yes,272
Weber,ROY16,Retain Supreme Court Justice-Matthew B. DURRANT,,1,,No,83
Weber,ROY16,Retain Appeals Court Judge-Ryan D. TENNEY,,1,,Yes,271
Weber,ROY16,Retain Appeals Court Judge-Ryan D. TENNEY,,1,,No,79
Weber,ROY16,Retain 2nd District Circuit Court Judge-Joseph M. BEAN,,1,,Yes,256
Weber,ROY16,Retain 2nd District Circuit Court Judge-Joseph M. BEAN,,1,,No,94
Weber,ROY16,Retain 2nd District Circuit Court Judge-Ronald G. RUSSELL,,1,,Yes,267
Weber,ROY16,Retain 2nd District Circuit Court Judge-Ronald G. RUSSELL,,1,,No,85
Weber,ROY16,Retain 2nd District Circuit Court Judge-Christina Patricia ORTEGA,,1,,Yes,266
Weber,ROY16,Retain 2nd District Circuit Court Judge-Christina Patricia ORTEGA,,1,,No,88
Weber,ROY16,Retain 2nd District Circuit Court Judge-Craig HALL,,1,,Yes,259
Weber,ROY16,Retain 2nd District Circuit Court Judge-Craig HALL,,1,,No,90
Weber,ROY16,Retain 2nd District Circuit Court Judge-Michael Drio DIREDA,,1,,Yes,270
Weber,ROY16,Retain 2nd District Circuit Court Judge-Michael Drio DIREDA,,1,,No,83
Weber,ROY16,Retain 2nd District Juvenile Circuit Court Judge-Tasha WILLIAMS,,1,,Yes,270
Weber,ROY16,Retain 2nd District Juvenile Circuit Court Judge-Tasha WILLIAMS,,1,,No,83
Weber,ROY16,Constitutional Amendment B,,1,,For,266
Weber,ROY16,Constitutional Amendment B,,1,,Against,141
Weber,ROY16,Constitutional Amendment C,,1,,For,345
Weber,ROY16,Constitutional Amendment C,,1,,Against,63
Weber,ROY16,Proposition 19,,1,,Yes,262
Weber,ROY16,Proposition 19,,1,,No,156
Weber,ROY17,Registered Voters,,,,,1131
Weber,ROY17,Ballots Cast,,,,,920
Weber,ROY17,President,,1,REP,Donald J. TRUMP/ JD VANCE,554
Weber,ROY17,President,,1,DEM,Kamala D. HARRIS / Tim WALZ,325
Weber,ROY17,President,,1,LBT,Chase OLIVER / Mike ter MAAT,10
Weber,ROY17,President,,1,CON,Joel SKOUSEN / Rik COMBS,7
Weber,ROY17,President,,1,GRN,Jill STEIN / Rudolph WARE,7
Weber,ROY17,President,,1,,Claudia de la CRUZ / Karina Alexandra GARCIA,3
Weber,ROY17,President,,1,,Cornel Ronald WEST / Melina ABDULLAH,1
Weber,ROY17,President,,1,,"Lucifer ""JUSTIN CASE"" EVERYLOVE",1
Weber,ROY17,President,,1,,Write-In Totals,4
Weber,ROY17,U.S. Senate,,1,REP,John CURTIS,541
Weber,ROY17,U.S. Senate,,1,DEM,Caroline GLEICH,274
Weber,ROY17,U.S. Senate,,1,IAP,Carleton E. BOWEN,52
Weber,ROY17,U.S. Senate,,1,,Write-In Totals,3
Weber,ROY17,U.S. House,1,1,REP,Blake D. MOORE,545
Weber,ROY17,U.S. House,1,1,DEM,Bill CAMPBELL,272
Weber,ROY17,U.S. House,1,1,LBT,Daniel R. COTTAM,39
Weber,ROY17,Governor,,1,REP,Spencer J. COX / Deidre M. HENDERSON,481
Weber,ROY17,Governor,,1,DEM,Brian SMITH KING / Rebekah CUMMINGS,240
Weber,ROY17,Governor,,1,LBT,J. Robert LATHAM / Barry Evan SHORT,28
Weber,ROY17,Governor,,1,IAP,Tommy WILLIAMS / Archie A. WILLIAMS III,24
Weber,ROY17,Governor,,1,,Tom TOMENY / William LANSING TAYLOR,5
Weber,ROY17,Governor,,1,,Write-In Totals,106
Weber,ROY17,Attorney General,,1,REP,Derek BROWN,515
Weber,ROY17,Attorney General,,1,DEM,Rudy J BAUTISTA,223
Weber,ROY17,Attorney General,,1,UUP,Michelle QUIST,52
Weber,ROY17,Attorney General,,1,LBT,W. Andrew McCULLOUGH,39
Weber,ROY17,Attorney General,,1,,Austin HEPWORTH,32
Weber,ROY17,State Auditor,,1,REP,Tina CANNON,541
Weber,ROY17,State Auditor,,1,DEM,Catherine VOUTAZ,251
Weber,ROY17,State Auditor,,1,CON,Jeffery L. OSTLER,53
Weber,ROY17,State Treasurer,,1,REP,Marlo M. OAKS,535
Weber,ROY17,State Treasurer,,1,DEM,Neil A HANSEN,245
Weber,ROY17,State Treasurer,,1,UFP,Miles POMEROY,63
Weber,ROY17,State Senate,4,1,REP,Calvin Ray MUSSELMAN,605
Weber,ROY17,State House,12,1,REP,Mike SCHULTZ,580
Weber,ROY17,State House,12,1,DEM,Sharon HILTON,286
Weber,ROY17,County Commission,C,1,REP,Jim HARVEY,529
Weber,ROY17,County Commission,C,1,DEM,Steven VAN WAGONER,276
Weber,ROY17,County Commission,C,1,LBT,Brian K ROWLEY,51
Weber,ROY17,County Assessor,,1,REP,John E. ULIBARRI,678
Weber,ROY17,County Recorder/Surveyor,,1,REP,Bahy RAHIMZADEGAN,666
Weber,ROY17,County Treasurer,,1,REP,Lynelle JENSEN,687
Weber,ROY17,Weber School Board,7,1,,Wyle J. WILLIAMS,645
Weber,ROY17,Retain Supreme Court Justice-Matthew B. DURRANT,,1,,Yes,573
Weber,ROY17,Retain Supreme Court Justice-Matthew B. DURRANT,,1,,No,188
Weber,ROY17,Retain Appeals Court Judge-Ryan D. TENNEY,,1,,Yes,569
Weber,ROY17,Retain Appeals Court Judge-Ryan D. TENNEY,,1,,No,186
Weber,ROY17,Retain 2nd District Circuit Court Judge-Joseph M. BEAN,,1,,Yes,565
Weber,ROY17,Retain 2nd District Circuit Court Judge-Joseph M. BEAN,,1,,No,184
Weber,ROY17,Retain 2nd District Circuit Court Judge-Ronald G. RUSSELL,,1,,Yes,586
Weber,ROY17,Retain 2nd District Circuit Court Judge-Ronald G. RUSSELL,,1,,No,167
Weber,ROY17,Retain 2nd District Circuit Court Judge-Christina Patricia ORTEGA,,1,,Yes,568
Weber,ROY17,Retain 2nd District Circuit Court Judge-Christina Patricia ORTEGA,,1,,No,186
Weber,ROY17,Retain 2nd District Circuit Court Judge-Craig HALL,,1,,Yes,534
Weber,ROY17,Retain 2nd District Circuit Court Judge-Craig HALL,,1,,No,207
Weber,ROY17,Retain 2nd District Circuit Court Judge-Michael Drio DIREDA,,1,,Yes,572
Weber,ROY17,Retain 2nd District Circuit Court Judge-Michael Drio DIREDA,,1,,No,176
Weber,ROY17,Retain 2nd District Juvenile Circuit Court Judge-Tasha WILLIAMS,,1,,Yes,587
Weber,ROY17,Retain 2nd District Juvenile Circuit Court Judge-Tasha WILLIAMS,,1,,No,166
Weber,ROY17,Constitutional Amendment B,,1,,For,569
Weber,ROY17,Constitutional Amendment B,,1,,Against,285
Weber,ROY17,Constitutional Amendment C,,1,,For,686
Weber,ROY17,Constitutional Amendment C,,1,,Against,163
Weber,ROY17,Proposition 19,,1,,Yes,531
Weber,ROY17,Proposition 19,,1,,No,314
Weber,ROY18,Registered Voters,,,,,920
Weber,ROY18,Ballots Cast,,,,,739
Weber,ROY18,President,,1,REP,Donald J. TRUMP/ JD VANCE,434
Weber,ROY18,President,,1,DEM,Kamala D. HARRIS / Tim WALZ,276
Weber,ROY18,President,,1,LBT,Chase OLIVER / Mike ter MAAT,7
Weber,ROY18,President,,1,,Claudia de la CRUZ / Karina Alexandra GARCIA,3
Weber,ROY18,President,,1,,"Lucifer ""JUSTIN CASE"" EVERYLOVE",2
Weber,ROY18,President,,1,CON,Joel SKOUSEN / Rik COMBS,2
Weber,ROY18,President,,1,GRN,Jill STEIN / Rudolph WARE,2
Weber,ROY18,President,,1,,Cornel Ronald WEST / Melina ABDULLAH,0
Weber,ROY18,President,,1,,Write-In Totals,10
Weber,ROY18,U.S. Senate,,1,REP,John CURTIS,435
Weber,ROY18,U.S. Senate,,1,DEM,Caroline GLEICH,225
Weber,ROY18,U.S. Senate,,1,IAP,Carleton E. BOWEN,42
Weber,ROY18,U.S. Senate,,1,,Write-In Totals,7
Weber,ROY18,U.S. House,1,1,REP,Blake D. MOORE,448
Weber,ROY18,U.S. House,1,1,DEM,Bill CAMPBELL,210
Weber,ROY18,U.S. House,1,1,LBT,Daniel R. COTTAM,43
Weber,ROY18,Governor,,1,REP,Spencer J. COX / Deidre M. HENDERSON,403
Weber,ROY18,Governor,,1,DEM,Brian SMITH KING / Rebekah CUMMINGS,189
Weber,ROY18,Governor,,1,LBT,J. Robert LATHAM / Barry Evan SHORT,28
Weber,ROY18,Governor,,1,IAP,Tommy WILLIAMS / Archie A. WILLIAMS III,25
Weber,ROY18,Governor,,1,,Tom TOMENY / William LANSING TAYLOR,4
Weber,ROY18,Governor,,1,,Write-In Totals,72
Weber,ROY18,Attorney General,,1,REP,Derek BROWN,396
Weber,ROY18,Attorney General,,1,DEM,Rudy J BAUTISTA,204
Weber,ROY18,Attorney General,,1,UUP,Michelle QUIST,43
Weber,ROY18,Attorney General,,1,LBT,W. Andrew McCULLOUGH,33
Weber,ROY18,Attorney General,,1,,Austin HEPWORTH,25
Weber,ROY18,State Auditor,,1,REP,Tina CANNON,422
Weber,ROY18,State Auditor,,1,DEM,Catherine VOUTAZ,220
Weber,ROY18,State Auditor,,1,CON,Jeffery L. OSTLER,47
Weber,ROY18,State Treasurer,,1,REP,Marlo M. OAKS,434
Weber,ROY18,State Treasurer,,1,DEM,Neil A HANSEN,220
Weber,ROY18,State Treasurer,,1,UFP,Miles POMEROY,36
Weber,ROY18,State Senate,4,1,REP,Calvin Ray MUSSELMAN,464
Weber,ROY18,State House,12,1,REP,Mike SCHULTZ,458
Weber,ROY18,State House,12,1,DEM,Sharon HILTON,240
Weber,ROY18,County Commission,C,1,REP,Jim HARVEY,391
Weber,ROY18,County Commission,C,1,DEM,Steven VAN WAGONER,253
Weber,ROY18,County Commission,C,1,LBT,Brian K ROWLEY,56
Weber,ROY18,County Assessor,,1,REP,John E. ULIBARRI,558
Weber,ROY18,County Recorder/Surveyor,,1,REP,Bahy RAHIMZADEGAN,535
Weber,ROY18,County Treasurer,,1,REP,Lynelle JENSEN,560
Weber,ROY18,Weber School Board,5,1,,Douglas R. HURST,509
Weber,ROY18,Retain Supreme Court Justice-Matthew B. DURRANT,,1,,Yes,442
Weber,ROY18,Retain Supreme Court Justice-Matthew B. DURRANT,,1,,No,156
Weber,ROY18,Retain Appeals Court Judge-Ryan D. TENNEY,,1,,Yes,439
Weber,ROY18,Retain Appeals Court Judge-Ryan D. TENNEY,,1,,No,149
Weber,ROY18,Retain 2nd District Circuit Court Judge-Joseph M. BEAN,,1,,Yes,431
Weber,ROY18,Retain 2nd District Circuit Court Judge-Joseph M. BEAN,,1,,No,164
Weber,ROY18,Retain 2nd District Circuit Court Judge-Ronald G. RUSSELL,,1,,Yes,449
Weber,ROY18,Retain 2nd District Circuit Court Judge-Ronald G. RUSSELL,,1,,No,145
Weber,ROY18,Retain 2nd District Circuit Court Judge-Christina Patricia ORTEGA,,1,,Yes,448
Weber,ROY18,Retain 2nd District Circuit Court Judge-Christina Patricia ORTEGA,,1,,No,151
Weber,ROY18,Retain 2nd District Circuit Court Judge-Craig HALL,,1,,Yes,432
Weber,ROY18,Retain 2nd District Circuit Court Judge-Craig HALL,,1,,No,158
Weber,ROY18,Retain 2nd District Circuit Court Judge-Michael Drio DIREDA,,1,,Yes,447
Weber,ROY18,Retain 2nd District Circuit Court Judge-Michael Drio DIREDA,,1,,No,148
Weber,ROY18,Retain 2nd District Juvenile Circuit Court Judge-Tasha WILLIAMS,,1,,Yes,472
Weber,ROY18,Retain 2nd District Juvenile Circuit Court Judge-Tasha WILLIAMS,,1,,No,128
Weber,ROY18,Constitutional Amendment B,,1,,For,464
Weber,ROY18,Constitutional Amendment B,,1,,Against,227
Weber,ROY18,Constitutional Amendment C,,1,,For,562
Weber,ROY18,Constitutional Amendment C,,1,,Against,128
Weber,ROY18,Proposition 19,,1,,Yes,446
Weber,ROY18,Proposition 19,,1,,No,246
Weber,ROY19,Registered Voters,,,,,928
Weber,ROY19,Ballots Cast,,,,,766
Weber,ROY19,President,,1,REP,Donald J. TRUMP/ JD VANCE,495
Weber,ROY19,President,,1,DEM,Kamala D. HARRIS / Tim WALZ,229
Weber,ROY19,President,,1,LBT,Chase OLIVER / Mike ter MAAT,8
Weber,ROY19,President,,1,CON,Joel SKOUSEN / Rik COMBS,6
Weber,ROY19,President,,1,,Cornel Ronald WEST / Melina ABDULLAH,1
Weber,ROY19,President,,1,,"Lucifer ""JUSTIN CASE"" EVERYLOVE",1
Weber,ROY19,President,,1,,Claudia de la CRUZ / Karina Alexandra GARCIA,1
Weber,ROY19,President,,1,GRN,Jill STEIN / Rudolph WARE,0
Weber,ROY19,President,,1,,Write-In Totals,18
Weber,ROY19,U.S. Senate,,1,REP,John CURTIS,493
Weber,ROY19,U.S. Senate,,1,DEM,Caroline GLEICH,200
Weber,ROY19,U.S. Senate,,1,IAP,Carleton E. BOWEN,47
Weber,ROY19,U.S. Senate,,1,,Write-In Totals,0
Weber,ROY19,U.S. House,1,1,REP,Blake D. MOORE,485
Weber,ROY19,U.S. House,1,1,DEM,Bill CAMPBELL,201
Weber,ROY19,U.S. House,1,1,LBT,Daniel R. COTTAM,39
Weber,ROY19,Governor,,1,REP,Spencer J. COX / Deidre M. HENDERSON,394
Weber,ROY19,Governor,,1,DEM,Brian SMITH KING / Rebekah CUMMINGS,177
Weber,ROY19,Governor,,1,LBT,J. Robert LATHAM / Barry Evan SHORT,27
Weber,ROY19,Governor,,1,IAP,Tommy WILLIAMS / Archie A. WILLIAMS III,16
Weber,ROY19,Governor,,1,,Tom TOMENY / William LANSING TAYLOR,4
Weber,ROY19,Governor,,1,,Write-In Totals,123
Weber,ROY19,Attorney General,,1,REP,Derek BROWN,464
Weber,ROY19,Attorney General,,1,DEM,Rudy J BAUTISTA,177
Weber,ROY19,Attorney General,,1,LBT,W. Andrew McCULLOUGH,41
Weber,ROY19,Attorney General,,1,UUP,Michelle QUIST,29
Weber,ROY19,Attorney General,,1,,Austin HEPWORTH,21
Weber,ROY19,State Auditor,,1,REP,Tina CANNON,477
Weber,ROY19,State Auditor,,1,DEM,Catherine VOUTAZ,186
Weber,ROY19,State Auditor,,1,CON,Jeffery L. OSTLER,49
Weber,ROY19,State Treasurer,,1,REP,Marlo M. OAKS,490
Weber,ROY19,State Treasurer,,1,DEM,Neil A HANSEN,194
Weber,ROY19,State Treasurer,,1,UFP,Miles POMEROY,32
Weber,ROY19,State Senate,4,1,REP,Calvin Ray MUSSELMAN,509
Weber,ROY19,State House,12,1,REP,Mike SCHULTZ,512
Weber,ROY19,State House,12,1,DEM,Sharon HILTON,227
Weber,ROY19,County Commission,C,1,REP,Jim HARVEY,463
Weber,ROY19,County Commission,C,1,DEM,Steven VAN WAGONER,207
Weber,ROY19,County Commission,C,1,LBT,Brian K ROWLEY,61
Weber,ROY19,County Assessor,,1,REP,John E. ULIBARRI,555
Weber,ROY19,County Recorder/Surveyor,,1,REP,Bahy RAHIMZADEGAN,552
Weber,ROY19,County Treasurer,,1,REP,Lynelle JENSEN,562
Weber,ROY19,Weber School Board,7,1,,Wyle J. WILLIAMS,530
Weber,ROY19,Retain Supreme Court Justice-Matthew B. DURRANT,,1,,Yes,468
Weber,ROY19,Retain Supreme Court Justice-Matthew B. DURRANT,,1,,No,139
Weber,ROY19,Retain Appeals Court Judge-Ryan D. TENNEY,,1,,Yes,474
Weber,ROY19,Retain Appeals Court Judge-Ryan D. TENNEY,,1,,No,129
Weber,ROY19,Retain 2nd District Circuit Court Judge-Joseph M. BEAN,,1,,Yes,465
Weber,ROY19,Retain 2nd District Circuit Court Judge-Joseph M. BEAN,,1,,No,130
Weber,ROY19,Retain 2nd District Circuit Court Judge-Ronald G. RUSSELL,,1,,Yes,478
Weber,ROY19,Retain 2nd District Circuit Court Judge-Ronald G. RUSSELL,,1,,No,124
Weber,ROY19,Retain 2nd District Circuit Court Judge-Christina Patricia ORTEGA,,1,,Yes,474
Weber,ROY19,Retain 2nd District Circuit Court Judge-Christina Patricia ORTEGA,,1,,No,133
Weber,ROY19,Retain 2nd District Circuit Court Judge-Craig HALL,,1,,Yes,458
Weber,ROY19,Retain 2nd District Circuit Court Judge-Craig HALL,,1,,No,142
Weber,ROY19,Retain 2nd District Circuit Court Judge-Michael Drio DIREDA,,1,,Yes,479
Weber,ROY19,Retain 2nd District Circuit Court Judge-Michael Drio DIREDA,,1,,No,124
Weber,ROY19,Retain 2nd District Juvenile Circuit Court Judge-Tasha WILLIAMS,,1,,Yes,488
Weber,ROY19,Retain 2nd District Juvenile Circuit Court Judge-Tasha WILLIAMS,,1,,No,118
Weber,ROY19,Constitutional Amendment B,,1,,For,490
Weber,ROY19,Constitutional Amendment B,,1,,Against,222
Weber,ROY19,Constitutional Amendment C,,1,,For,595
Weber,ROY19,Constitutional Amendment C,,1,,Against,111
Weber,ROY19,Proposition 19,,1,,Yes,448
Weber,ROY19,Proposition 19,,1,,No,261
Weber,ROY20,Registered Voters,,,,,989
Weber,ROY20,Ballots Cast,,,,,830
Weber,ROY20,President,,1,REP,Donald J. TRUMP/ JD VANCE,510
Weber,ROY20,President,,1,DEM,Kamala D. HARRIS / Tim WALZ,273
Weber,ROY20,President,,1,LBT,Chase OLIVER / Mike ter MAAT,12
Weber,ROY20,President,,1,GRN,Jill STEIN / Rudolph WARE,4
Weber,ROY20,President,,1,,Claudia de la CRUZ / Karina Alexandra GARCIA,2
Weber,ROY20,President,,1,CON,Joel SKOUSEN / Rik COMBS,1
Weber,ROY20,President,,1,,Cornel Ronald WEST / Melina ABDULLAH,0
Weber,ROY20,President,,1,,"Lucifer ""JUSTIN CASE"" EVERYLOVE",0
Weber,ROY20,President,,1,,Write-In Totals,15
Weber,ROY20,U.S. Senate,,1,REP,John CURTIS,509
Weber,ROY20,U.S. Senate,,1,DEM,Caroline GLEICH,222
Weber,ROY20,U.S. Senate,,1,IAP,Carleton E. BOWEN,61
Weber,ROY20,U.S. Senate,,1,,Write-In Totals,3
Weber,ROY20,U.S. House,1,1,REP,Blake D. MOORE,530
Weber,ROY20,U.S. House,1,1,DEM,Bill CAMPBELL,226
Weber,ROY20,U.S. House,1,1,LBT,Daniel R. COTTAM,32
Weber,ROY20,Governor,,1,REP,Spencer J. COX / Deidre M. HENDERSON,438
Weber,ROY20,Governor,,1,DEM,Brian SMITH KING / Rebekah CUMMINGS,192
Weber,ROY20,Governor,,1,IAP,Tommy WILLIAMS / Archie A. WILLIAMS III,27
Weber,ROY20,Governor,,1,LBT,J. Robert LATHAM / Barry Evan SHORT,24
Weber,ROY20,Governor,,1,,Tom TOMENY / William LANSING TAYLOR,2
Weber,ROY20,Governor,,1,,Write-In Totals,129
Weber,ROY20,Attorney General,,1,REP,Derek BROWN,496
Weber,ROY20,Attorney General,,1,DEM,Rudy J BAUTISTA,204
Weber,ROY20,Attorney General,,1,UUP,Michelle QUIST,36
Weber,ROY20,Attorney General,,1,LBT,W. Andrew McCULLOUGH,32
Weber,ROY20,Attorney General,,1,,Austin HEPWORTH,24
Weber,ROY20,State Auditor,,1,REP,Tina CANNON,520
Weber,ROY20,State Auditor,,1,DEM,Catherine VOUTAZ,216
Weber,ROY20,State Auditor,,1,CON,Jeffery L. OSTLER,46
Weber,ROY20,State Treasurer,,1,REP,Marlo M. OAKS,525
Weber,ROY20,State Treasurer,,1,DEM,Neil A HANSEN,213
Weber,ROY20,State Treasurer,,1,UFP,Miles POMEROY,36
Weber,ROY20,State Senate,4,1,REP,Calvin Ray MUSSELMAN,562
Weber,ROY20,State House,12,1,REP,Mike SCHULTZ,539
Weber,ROY20,State House,12,1,DEM,Sharon HILTON,252
Weber,ROY20,County Commission,C,1,REP,Jim HARVEY,487
Weber,ROY20,County Commission,C,1,DEM,Steven VAN WAGONER,261
Weber,ROY20,County Commission,C,1,LBT,Brian K ROWLEY,37
Weber,ROY20,County Assessor,,1,REP,John E. ULIBARRI,651
Weber,ROY20,County Recorder/Surveyor,,1,REP,Bahy RAHIMZADEGAN,641
Weber,ROY20,County Treasurer,,1,REP,Lynelle JENSEN,657
Weber,ROY20,Weber School Board,7,1,,Wyle J. WILLIAMS,634
Weber,ROY20,Retain Supreme Court Justice-Matthew B. DURRANT,,1,,Yes,557
Weber,ROY20,Retain Supreme Court Justice-Matthew B. DURRANT,,1,,No,146
Weber,ROY20,Retain Appeals Court Judge-Ryan D. TENNEY,,1,,Yes,547
Weber,ROY20,Retain Appeals Court Judge-Ryan D. TENNEY,,1,,No,147
Weber,ROY20,Retain 2nd District Circuit Court Judge-Joseph M. BEAN,,1,,Yes,536
Weber,ROY20,Retain 2nd District Circuit Court Judge-Joseph M. BEAN,,1,,No,156
Weber,ROY20,Retain 2nd District Circuit Court Judge-Ronald G. RUSSELL,,1,,Yes,549
Weber,ROY20,Retain 2nd District Circuit Court Judge-Ronald G. RUSSELL,,1,,No,149
Weber,ROY20,Retain 2nd District Circuit Court Judge-Christina Patricia ORTEGA,,1,,Yes,543
Weber,ROY20,Retain 2nd District Circuit Court Judge-Christina Patricia ORTEGA,,1,,No,156
Weber,ROY20,Retain 2nd District Circuit Court Judge-Craig HALL,,1,,Yes,522
Weber,ROY20,Retain 2nd District Circuit Court Judge-Craig HALL,,1,,No,170
Weber,ROY20,Retain 2nd District Circuit Court Judge-Michael Drio DIREDA,,1,,Yes,558
Weber,ROY20,Retain 2nd District Circuit Court Judge-Michael Drio DIREDA,,1,,No,142
Weber,ROY20,Retain 2nd District Juvenile Circuit Court Judge-Tasha WILLIAMS,,1,,Yes,554
Weber,ROY20,Retain 2nd District Juvenile Circuit Court Judge-Tasha WILLIAMS,,1,,No,141
Weber,ROY20,Constitutional Amendment B,,1,,For,516
Weber,ROY20,Constitutional Amendment B,,1,,Against,273
Weber,ROY20,Constitutional Amendment C,,1,,For,663
Weber,ROY20,Constitutional Amendment C,,1,,Against,123
Weber,ROY20,Proposition 19,,1,,Yes,499
Weber,ROY20,Proposition 19,,1,,No,295
Weber,ROY21,Registered Voters,,,,,826
Weber,ROY21,Ballots Cast,,,,,686
Weber,ROY21,President,,1,REP,Donald J. TRUMP/ JD VANCE,396
Weber,ROY21,President,,1,DEM,Kamala D. HARRIS / Tim WALZ,245
Weber,ROY21,President,,1,LBT,Chase OLIVER / Mike ter MAAT,16
Weber,ROY21,President,,1,CON,Joel SKOUSEN / Rik COMBS,3
Weber,ROY21,President,,1,GRN,Jill STEIN / Rudolph WARE,3
Weber,ROY21,President,,1,,Cornel Ronald WEST / Melina ABDULLAH,2
Weber,ROY21,President,,1,,Claudia de la CRUZ / Karina Alexandra GARCIA,2
Weber,ROY21,President,,1,,"Lucifer ""JUSTIN CASE"" EVERYLOVE",0
Weber,ROY21,President,,1,,Write-In Totals,10
Weber,ROY21,U.S. Senate,,1,REP,John CURTIS,401
Weber,ROY21,U.S. Senate,,1,DEM,Caroline GLEICH,207
Weber,ROY21,U.S. Senate,,1,IAP,Carleton E. BOWEN,35
Weber,ROY21,U.S. Senate,,1,,Write-In Totals,2
Weber,ROY21,U.S. House,1,1,REP,Blake D. MOORE,390
Weber,ROY21,U.S. House,1,1,DEM,Bill CAMPBELL,209
Weber,ROY21,U.S. House,1,1,LBT,Daniel R. COTTAM,37
Weber,ROY21,Governor,,1,REP,Spencer J. COX / Deidre M. HENDERSON,354
Weber,ROY21,Governor,,1,DEM,Brian SMITH KING / Rebekah CUMMINGS,180
Weber,ROY21,Governor,,1,IAP,Tommy WILLIAMS / Archie A. WILLIAMS III,26
Weber,ROY21,Governor,,1,LBT,J. Robert LATHAM / Barry Evan SHORT,24
Weber,ROY21,Governor,,1,,Tom TOMENY / William LANSING TAYLOR,8
Weber,ROY21,Governor,,1,,Write-In Totals,70
Weber,ROY21,Attorney General,,1,REP,Derek BROWN,366
Weber,ROY21,Attorney General,,1,DEM,Rudy J BAUTISTA,193
Weber,ROY21,Attorney General,,1,UUP,Michelle QUIST,38
Weber,ROY21,Attorney General,,1,LBT,W. Andrew McCULLOUGH,27
Weber,ROY21,Attorney General,,1,,Austin HEPWORTH,25
Weber,ROY21,State Auditor,,1,REP,Tina CANNON,381
Weber,ROY21,State Auditor,,1,DEM,Catherine VOUTAZ,202
Weber,ROY21,State Auditor,,1,CON,Jeffery L. OSTLER,50
Weber,ROY21,State Treasurer,,1,REP,Marlo M. OAKS,388
Weber,ROY21,State Treasurer,,1,DEM,Neil A HANSEN,202
Weber,ROY21,State Treasurer,,1,UFP,Miles POMEROY,44
Weber,ROY21,State Senate,4,1,REP,Calvin Ray MUSSELMAN,417
Weber,ROY21,State House,12,1,REP,Mike SCHULTZ,419
Weber,ROY21,State House,12,1,DEM,Sharon HILTON,230
Weber,ROY21,County Commission,C,1,REP,Jim HARVEY,372
Weber,ROY21,County Commission,C,1,DEM,Steven VAN WAGONER,209
Weber,ROY21,County Commission,C,1,LBT,Brian K ROWLEY,61
Weber,ROY21,County Assessor,,1,REP,John E. ULIBARRI,494
Weber,ROY21,County Recorder/Surveyor,,1,REP,Bahy RAHIMZADEGAN,484
Weber,ROY21,County Treasurer,,1,REP,Lynelle JENSEN,494
Weber,ROY21,Weber School Board,7,1,,Wyle J. WILLIAMS,479
Weber,ROY21,Retain Supreme Court Justice-Matthew B. DURRANT,,1,,Yes,436
Weber,ROY21,Retain Supreme Court Justice-Matthew B. DURRANT,,1,,No,125
Weber,ROY21,Retain Appeals Court Judge-Ryan D. TENNEY,,1,,Yes,426
Weber,ROY21,Retain Appeals Court Judge-Ryan D. TENNEY,,1,,No,128
Weber,ROY21,Retain 2nd District Circuit Court Judge-Joseph M. BEAN,,1,,Yes,425
Weber,ROY21,Retain 2nd District Circuit Court Judge-Joseph M. BEAN,,1,,No,130
Weber,ROY21,Retain 2nd District Circuit Court Judge-Ronald G. RUSSELL,,1,,Yes,434
Weber,ROY21,Retain 2nd District Circuit Court Judge-Ronald G. RUSSELL,,1,,No,120
Weber,ROY21,Retain 2nd District Circuit Court Judge-Christina Patricia ORTEGA,,1,,Yes,429
Weber,ROY21,Retain 2nd District Circuit Court Judge-Christina Patricia ORTEGA,,1,,No,124
Weber,ROY21,Retain 2nd District Circuit Court Judge-Craig HALL,,1,,Yes,420
Weber,ROY21,Retain 2nd District Circuit Court Judge-Craig HALL,,1,,No,132
Weber,ROY21,Retain 2nd District Circuit Court Judge-Michael Drio DIREDA,,1,,Yes,440
Weber,ROY21,Retain 2nd District Circuit Court Judge-Michael Drio DIREDA,,1,,No,120
Weber,ROY21,Retain 2nd District Juvenile Circuit Court Judge-Tasha WILLIAMS,,1,,Yes,447
Weber,ROY21,Retain 2nd District Juvenile Circuit Court Judge-Tasha WILLIAMS,,1,,No,110
Weber,ROY21,Constitutional Amendment B,,1,,For,434
Weber,ROY21,Constitutional Amendment B,,1,,Against,199
Weber,ROY21,Constitutional Amendment C,,1,,For,533
Weber,ROY21,Constitutional Amendment C,,1,,Against,97
Weber,ROY21,Proposition 19,,1,,Yes,418
Weber,ROY21,Proposition 19,,1,,No,218
Weber,ROY22,Registered Voters,,,,,625
Weber,ROY22,Ballots Cast,,,,,483
Weber,ROY22,President,,1,REP,Donald J. TRUMP/ JD VANCE,277
Weber,ROY22,President,,1,DEM,Kamala D. HARRIS / Tim WALZ,180
Weber,ROY22,President,,1,CON,Joel SKOUSEN / Rik COMBS,7
Weber,ROY22,President,,1,GRN,Jill STEIN / Rudolph WARE,4
Weber,ROY22,President,,1,,Cornel Ronald WEST / Melina ABDULLAH,3
Weber,ROY22,President,,1,LBT,Chase OLIVER / Mike ter MAAT,3
Weber,ROY22,President,,1,,"Lucifer ""JUSTIN CASE"" EVERYLOVE",1
Weber,ROY22,President,,1,,Claudia de la CRUZ / Karina Alexandra GARCIA,0
Weber,ROY22,President,,1,,Write-In Totals,3
Weber,ROY22,U.S. Senate,,1,REP,John CURTIS,267
Weber,ROY22,U.S. Senate,,1,DEM,Caroline GLEICH,167
Weber,ROY22,U.S. Senate,,1,IAP,Carleton E. BOWEN,27
Weber,ROY22,U.S. Senate,,1,,Write-In Totals,2
Weber,ROY22,U.S. House,1,1,REP,Blake D. MOORE,276
Weber,ROY22,U.S. House,1,1,DEM,Bill CAMPBELL,157
Weber,ROY22,U.S. House,1,1,LBT,Daniel R. COTTAM,23
Weber,ROY22,Governor,,1,REP,Spencer J. COX / Deidre M. HENDERSON,225
Weber,ROY22,Governor,,1,DEM,Brian SMITH KING / Rebekah CUMMINGS,142
Weber,ROY22,Governor,,1,LBT,J. Robert LATHAM / Barry Evan SHORT,27
Weber,ROY22,Governor,,1,IAP,Tommy WILLIAMS / Archie A. WILLIAMS III,16
Weber,ROY22,Governor,,1,,Tom TOMENY / William LANSING TAYLOR,3
Weber,ROY22,Governor,,1,,Write-In Totals,57
Weber,ROY22,Attorney General,,1,REP,Derek BROWN,241
Weber,ROY22,Attorney General,,1,DEM,Rudy J BAUTISTA,146
Weber,ROY22,Attorney General,,1,UUP,Michelle QUIST,24
Weber,ROY22,Attorney General,,1,,Austin HEPWORTH,23
Weber,ROY22,Attorney General,,1,LBT,W. Andrew McCULLOUGH,22
Weber,ROY22,State Auditor,,1,REP,Tina CANNON,255
Weber,ROY22,State Auditor,,1,DEM,Catherine VOUTAZ,158
Weber,ROY22,State Auditor,,1,CON,Jeffery L. OSTLER,32
Weber,ROY22,State Treasurer,,1,REP,Marlo M. OAKS,261
Weber,ROY22,State Treasurer,,1,DEM,Neil A HANSEN,156
Weber,ROY22,State Treasurer,,1,UFP,Miles POMEROY,27
Weber,ROY22,State Senate,4,1,REP,Calvin Ray MUSSELMAN,283
Weber,ROY22,State House,12,1,REP,Mike SCHULTZ,290
Weber,ROY22,State House,12,1,DEM,Sharon HILTON,167
Weber,ROY22,County Commission,C,1,REP,Jim HARVEY,249
Weber,ROY22,County Commission,C,1,DEM,Steven VAN WAGONER,157
Weber,ROY22,County Commission,C,1,LBT,Brian K ROWLEY,46
Weber,ROY22,County Assessor,,1,REP,John E. ULIBARRI,338
Weber,ROY22,County Recorder/Surveyor,,1,REP,Bahy RAHIMZADEGAN,329
Weber,ROY22,County Treasurer,,1,REP,Lynelle JENSEN,334
Weber,ROY22,Weber School Board,5,1,,Douglas R. HURST,325
Weber,ROY22,Retain Supreme Court Justice-Matthew B. DURRANT,,1,,Yes,292
Weber,ROY22,Retain Supreme Court Justice-Matthew B. DURRANT,,1,,No,105
Weber,ROY22,Retain Appeals Court Judge-Ryan D. TENNEY,,1,,Yes,284
Weber,ROY22,Retain Appeals Court Judge-Ryan D. TENNEY,,1,,No,107
Weber,ROY22,Retain 2nd District Circuit Court Judge-Joseph M. BEAN,,1,,Yes,279
Weber,ROY22,Retain 2nd District Circuit Court Judge-Joseph M. BEAN,,1,,No,110
Weber,ROY22,Retain 2nd District Circuit Court Judge-Ronald G. RUSSELL,,1,,Yes,285
Weber,ROY22,Retain 2nd District Circuit Court Judge-Ronald G. RUSSELL,,1,,No,108
Weber,ROY22,Retain 2nd District Circuit Court Judge-Christina Patricia ORTEGA,,1,,Yes,300
Weber,ROY22,Retain 2nd District Circuit Court Judge-Christina Patricia ORTEGA,,1,,No,98
Weber,ROY22,Retain 2nd District Circuit Court Judge-Craig HALL,,1,,Yes,286
Weber,ROY22,Retain 2nd District Circuit Court Judge-Craig HALL,,1,,No,104
Weber,ROY22,Retain 2nd District Circuit Court Judge-Michael Drio DIREDA,,1,,Yes,294
Weber,ROY22,Retain 2nd District Circuit Court Judge-Michael Drio DIREDA,,1,,No,100
Weber,ROY22,Retain 2nd District Juvenile Circuit Court Judge-Tasha WILLIAMS,,1,,Yes,306
Weber,ROY22,Retain 2nd District Juvenile Circuit Court Judge-Tasha WILLIAMS,,1,,No,93
Weber,ROY22,Constitutional Amendment B,,1,,For,297
Weber,ROY22,Constitutional Amendment B,,1,,Against,151
Weber,ROY22,Constitutional Amendment C,,1,,For,376
Weber,ROY22,Constitutional Amendment C,,1,,Against,75
Weber,ROY22,Proposition 19,,1,,Yes,265
Weber,ROY22,Proposition 19,,1,,No,187
Weber,ROY23,Registered Voters,,,,,894
Weber,ROY23,Ballots Cast,,,,,761
Weber,ROY23,President,,1,REP,Donald J. TRUMP/ JD VANCE,427
Weber,ROY23,President,,1,DEM,Kamala D. HARRIS / Tim WALZ,293
Weber,ROY23,President,,1,LBT,Chase OLIVER / Mike ter MAAT,12
Weber,ROY23,President,,1,GRN,Jill STEIN / Rudolph WARE,7
Weber,ROY23,President,,1,,"Lucifer ""JUSTIN CASE"" EVERYLOVE",5
Weber,ROY23,President,,1,CON,Joel SKOUSEN / Rik COMBS,4
Weber,ROY23,President,,1,,Claudia de la CRUZ / Karina Alexandra GARCIA,3
Weber,ROY23,President,,1,,Cornel Ronald WEST / Melina ABDULLAH,0
Weber,ROY23,President,,1,,Write-In Totals,4
Weber,ROY23,U.S. Senate,,1,REP,John CURTIS,420
Weber,ROY23,U.S. Senate,,1,DEM,Caroline GLEICH,240
Weber,ROY23,U.S. Senate,,1,IAP,Carleton E. BOWEN,56
Weber,ROY23,U.S. Senate,,1,,Write-In Totals,7
Weber,ROY23,U.S. House,1,1,REP,Blake D. MOORE,426
Weber,ROY23,U.S. House,1,1,DEM,Bill CAMPBELL,232
Weber,ROY23,U.S. House,1,1,LBT,Daniel R. COTTAM,58
Weber,ROY23,Governor,,1,REP,Spencer J. COX / Deidre M. HENDERSON,380
Weber,ROY23,Governor,,1,DEM,Brian SMITH KING / Rebekah CUMMINGS,212
Weber,ROY23,Governor,,1,LBT,J. Robert LATHAM / Barry Evan SHORT,33
Weber,ROY23,Governor,,1,IAP,Tommy WILLIAMS / Archie A. WILLIAMS III,13
Weber,ROY23,Governor,,1,,Tom TOMENY / William LANSING TAYLOR,3
Weber,ROY23,Governor,,1,,Write-In Totals,95
Weber,ROY23,Attorney General,,1,REP,Derek BROWN,403
Weber,ROY23,Attorney General,,1,DEM,Rudy J BAUTISTA,209
Weber,ROY23,Attorney General,,1,LBT,W. Andrew McCULLOUGH,41
Weber,ROY23,Attorney General,,1,UUP,Michelle QUIST,41
Weber,ROY23,Attorney General,,1,,Austin HEPWORTH,30
Weber,ROY23,State Auditor,,1,REP,Tina CANNON,431
Weber,ROY23,State Auditor,,1,DEM,Catherine VOUTAZ,229
Weber,ROY23,State Auditor,,1,CON,Jeffery L. OSTLER,51
Weber,ROY23,State Treasurer,,1,REP,Marlo M. OAKS,443
Weber,ROY23,State Treasurer,,1,DEM,Neil A HANSEN,226
Weber,ROY23,State Treasurer,,1,UFP,Miles POMEROY,45
Weber,ROY23,State Senate,4,1,REP,Calvin Ray MUSSELMAN,465
Weber,ROY23,State House,12,1,REP,Mike SCHULTZ,451
Weber,ROY23,State House,12,1,DEM,Sharon HILTON,264
Weber,ROY23,County Commission,C,1,REP,Jim HARVEY,382
Weber,ROY23,County Commission,C,1,DEM,Steven VAN WAGONER,272
Weber,ROY23,County Commission,C,1,LBT,Brian K ROWLEY,67
Weber,ROY23,County Assessor,,1,REP,John E. ULIBARRI,556
Weber,ROY23,County Recorder/Surveyor,,1,REP,Bahy RAHIMZADEGAN,523
Weber,ROY23,County Treasurer,,1,REP,Lynelle JENSEN,544
Weber,ROY23,Weber School Board,5,1,,Douglas R. HURST,508
Weber,ROY23,Retain Supreme Court Justice-Matthew B. DURRANT,,1,,Yes,452
Weber,ROY23,Retain Supreme Court Justice-Matthew B. DURRANT,,1,,No,189
Weber,ROY23,Retain Appeals Court Judge-Ryan D. TENNEY,,1,,Yes,453
Weber,ROY23,Retain Appeals Court Judge-Ryan D. TENNEY,,1,,No,182
Weber,ROY23,Retain 2nd District Circuit Court Judge-Joseph M. BEAN,,1,,Yes,464
Weber,ROY23,Retain 2nd District Circuit Court Judge-Joseph M. BEAN,,1,,No,168
Weber,ROY23,Retain 2nd District Circuit Court Judge-Ronald G. RUSSELL,,1,,Yes,471
Weber,ROY23,Retain 2nd District Circuit Court Judge-Ronald G. RUSSELL,,1,,No,164
Weber,ROY23,Retain 2nd District Circuit Court Judge-Christina Patricia ORTEGA,,1,,Yes,473
Weber,ROY23,Retain 2nd District Circuit Court Judge-Christina Patricia ORTEGA,,1,,No,161
Weber,ROY23,Retain 2nd District Circuit Court Judge-Craig HALL,,1,,Yes,434
Weber,ROY23,Retain 2nd District Circuit Court Judge-Craig HALL,,1,,No,196
Weber,ROY23,Retain 2nd District Circuit Court Judge-Michael Drio DIREDA,,1,,Yes,465
Weber,ROY23,Retain 2nd District Circuit Court Judge-Michael Drio DIREDA,,1,,No,170
Weber,ROY23,Retain 2nd District Juvenile Circuit Court Judge-Tasha WILLIAMS,,1,,Yes,476
Weber,ROY23,Retain 2nd District Juvenile Circuit Court Judge-Tasha WILLIAMS,,1,,No,156
Weber,ROY23,Constitutional Amendment B,,1,,For,470
Weber,ROY23,Constitutional Amendment B,,1,,Against,235
Weber,ROY23,Constitutional Amendment C,,1,,For,565
Weber,ROY23,Constitutional Amendment C,,1,,Against,140
Weber,ROY23,Proposition 19,,1,,Yes,464
Weber,ROY23,Proposition 19,,1,,No,255
Weber,SOG01,Registered Voters,,,,,1061
Weber,SOG01,Ballots Cast,,,,,858
Weber,SOG01,President,,1,DEM,Kamala D. HARRIS / Tim WALZ,408
Weber,SOG01,President,,1,REP,Donald J. TRUMP/ JD VANCE,399
Weber,SOG01,President,,1,LBT,Chase OLIVER / Mike ter MAAT,15
Weber,SOG01,President,,1,,Claudia de la CRUZ / Karina Alexandra GARCIA,8
Weber,SOG01,President,,1,GRN,Jill STEIN / Rudolph WARE,7
Weber,SOG01,President,,1,,"Lucifer ""JUSTIN CASE"" EVERYLOVE",5
Weber,SOG01,President,,1,CON,Joel SKOUSEN / Rik COMBS,4
Weber,SOG01,President,,1,,Cornel Ronald WEST / Melina ABDULLAH,2
Weber,SOG01,President,,1,,Write-In Totals,7
Weber,SOG01,U.S. Senate,,1,REP,John CURTIS,390
Weber,SOG01,U.S. Senate,,1,DEM,Caroline GLEICH,377
Weber,SOG01,U.S. Senate,,1,IAP,Carleton E. BOWEN,48
Weber,SOG01,U.S. Senate,,1,,Write-In Totals,3
Weber,SOG01,U.S. House,1,1,REP,Blake D. MOORE,402
Weber,SOG01,U.S. House,1,1,DEM,Bill CAMPBELL,348
Weber,SOG01,U.S. House,1,1,LBT,Daniel R. COTTAM,64
Weber,SOG01,Governor,,1,REP,Spencer J. COX / Deidre M. HENDERSON,384
Weber,SOG01,Governor,,1,DEM,Brian SMITH KING / Rebekah CUMMINGS,328
Weber,SOG01,Governor,,1,LBT,J. Robert LATHAM / Barry Evan SHORT,46
Weber,SOG01,Governor,,1,IAP,Tommy WILLIAMS / Archie A. WILLIAMS III,12
Weber,SOG01,Governor,,1,,Tom TOMENY / William LANSING TAYLOR,3
Weber,SOG01,Governor,,1,,Write-In Totals,57
Weber,SOG01,Attorney General,,1,REP,Derek BROWN,364
Weber,SOG01,Attorney General,,1,DEM,Rudy J BAUTISTA,315
Weber,SOG01,Attorney General,,1,UUP,Michelle QUIST,60
Weber,SOG01,Attorney General,,1,LBT,W. Andrew McCULLOUGH,50
Weber,SOG01,Attorney General,,1,,Austin HEPWORTH,23
Weber,SOG01,State Auditor,,1,REP,Tina CANNON,399
Weber,SOG01,State Auditor,,1,DEM,Catherine VOUTAZ,362
Weber,SOG01,State Auditor,,1,CON,Jeffery L. OSTLER,40
Weber,SOG01,State Treasurer,,1,REP,Marlo M. OAKS,397
Weber,SOG01,State Treasurer,,1,DEM,Neil A HANSEN,340
Weber,SOG01,State Treasurer,,1,UFP,Miles POMEROY,56
Weber,SOG01,State House,10,1,DEM,Rosemary LESSER,414
Weber,SOG01,State House,10,1,REP,Jill KOFORD,405
Weber,SOG01,State House,10,1,REP,Rod HALL,413
Weber,SOG01,State House,10,1,UFP,Laura JOHNSON,306
Weber,SOG01,County Commission,C,1,DEM,Steven VAN WAGONER,359
Weber,SOG01,County Commission,C,1,REP,Jim HARVEY,357
Weber,SOG01,County Commission,C,1,LBT,Brian K ROWLEY,83
Weber,SOG01,County Assessor,,1,REP,John E. ULIBARRI,586
Weber,SOG01,County Recorder/Surveyor,,1,REP,Bahy RAHIMZADEGAN,573
Weber,SOG01,County Treasurer,,1,REP,Lynelle JENSEN,585
Weber,SOG01,Retain Supreme Court Justice-Matthew B. DURRANT,,1,,Yes,487
Weber,SOG01,Retain Supreme Court Justice-Matthew B. DURRANT,,1,,No,182
Weber,SOG01,Retain Appeals Court Judge-Ryan D. TENNEY,,1,,Yes,498
Weber,SOG01,Retain Appeals Court Judge-Ryan D. TENNEY,,1,,No,166
Weber,SOG01,Retain 2nd District Circuit Court Judge-Joseph M. BEAN,,1,,Yes,495
Weber,SOG01,Retain 2nd District Circuit Court Judge-Joseph M. BEAN,,1,,No,168
Weber,SOG01,Retain 2nd District Circuit Court Judge-Ronald G. RUSSELL,,1,,Yes,506
Weber,SOG01,Retain 2nd District Circuit Court Judge-Ronald G. RUSSELL,,1,,No,156
Weber,SOG01,Retain 2nd District Circuit Court Judge-Christina Patricia ORTEGA,,1,,Yes,527
Weber,SOG01,Retain 2nd District Circuit Court Judge-Christina Patricia ORTEGA,,1,,No,151
Weber,SOG01,Retain 2nd District Circuit Court Judge-Craig HALL,,1,,Yes,495
Weber,SOG01,Retain 2nd District Circuit Court Judge-Craig HALL,,1,,No,174
Weber,SOG01,Retain 2nd District Circuit Court Judge-Michael Drio DIREDA,,1,,Yes,532
Weber,SOG01,Retain 2nd District Circuit Court Judge-Michael Drio DIREDA,,1,,No,144
Weber,SOG01,Retain 2nd District Juvenile Circuit Court Judge-Tasha WILLIAMS,,1,,Yes,544
Weber,SOG01,Retain 2nd District Juvenile Circuit Court Judge-Tasha WILLIAMS,,1,,No,127
Weber,SOG01,Constitutional Amendment B,,1,,For,561
Weber,SOG01,Constitutional Amendment B,,1,,Against,217
Weber,SOG01,Constitutional Amendment C,,1,,For,650
Weber,SOG01,Constitutional Amendment C,,1,,Against,129
Weber,SOG01,Proposition 19,,1,,Yes,577
Weber,SOG01,Proposition 19,,1,,No,224
Weber,SOG02,Registered Voters,,,,,772
Weber,SOG02,Ballots Cast,,,,,688
Weber,SOG02,President,,1,REP,Donald J. TRUMP/ JD VANCE,348
Weber,SOG02,President,,1,DEM,Kamala D. HARRIS / Tim WALZ,294
Weber,SOG02,President,,1,LBT,Chase OLIVER / Mike ter MAAT,14
Weber,SOG02,President,,1,GRN,Jill STEIN / Rudolph WARE,8
Weber,SOG02,President,,1,CON,Joel SKOUSEN / Rik COMBS,7
Weber,SOG02,President,,1,,Claudia de la CRUZ / Karina Alexandra GARCIA,3
Weber,SOG02,President,,1,,"Lucifer ""JUSTIN CASE"" EVERYLOVE",2
Weber,SOG02,President,,1,,Cornel Ronald WEST / Melina ABDULLAH,0
Weber,SOG02,President,,1,,Write-In Totals,5
Weber,SOG02,U.S. Senate,,1,REP,John CURTIS,341
Weber,SOG02,U.S. Senate,,1,DEM,Caroline GLEICH,271
Weber,SOG02,U.S. Senate,,1,IAP,Carleton E. BOWEN,43
Weber,SOG02,U.S. Senate,,1,,Write-In Totals,3
Weber,SOG02,U.S. House,1,1,REP,Blake D. MOORE,363
Weber,SOG02,U.S. House,1,1,DEM,Bill CAMPBELL,252
Weber,SOG02,U.S. House,1,1,LBT,Daniel R. COTTAM,33
Weber,SOG02,Governor,,1,REP,Spencer J. COX / Deidre M. HENDERSON,319
Weber,SOG02,Governor,,1,DEM,Brian SMITH KING / Rebekah CUMMINGS,238
Weber,SOG02,Governor,,1,LBT,J. Robert LATHAM / Barry Evan SHORT,27
Weber,SOG02,Governor,,1,IAP,Tommy WILLIAMS / Archie A. WILLIAMS III,12
Weber,SOG02,Governor,,1,,Tom TOMENY / William LANSING TAYLOR,1
Weber,SOG02,Governor,,1,,Write-In Totals,67
Weber,SOG02,Attorney General,,1,REP,Derek BROWN,318
Weber,SOG02,Attorney General,,1,DEM,Rudy J BAUTISTA,221
Weber,SOG02,Attorney General,,1,UUP,Michelle QUIST,59
Weber,SOG02,Attorney General,,1,LBT,W. Andrew McCULLOUGH,36
Weber,SOG02,Attorney General,,1,,Austin HEPWORTH,21
Weber,SOG02,State Auditor,,1,REP,Tina CANNON,346
Weber,SOG02,State Auditor,,1,DEM,Catherine VOUTAZ,247
Weber,SOG02,State Auditor,,1,CON,Jeffery L. OSTLER,39
Weber,SOG02,State Treasurer,,1,REP,Marlo M. OAKS,342
Weber,SOG02,State Treasurer,,1,DEM,Neil A HANSEN,247
Weber,SOG02,State Treasurer,,1,UFP,Miles POMEROY,50
Weber,SOG02,State House,10,1,REP,Jill KOFORD,351
Weber,SOG02,State House,10,1,DEM,Rosemary LESSER,308
Weber,SOG02,State House,10,1,REP,Rod HALL,364
Weber,SOG02,State House,10,1,UFP,Laura JOHNSON,240
Weber,SOG02,County Commission,C,1,REP,Jim HARVEY,323
Weber,SOG02,County Commission,C,1,DEM,Steven VAN WAGONER,277
Weber,SOG02,County Commission,C,1,LBT,Brian K ROWLEY,46
Weber,SOG02,County Assessor,,1,REP,John E. ULIBARRI,486
Weber,SOG02,County Recorder/Surveyor,,1,REP,Bahy RAHIMZADEGAN,474
Weber,SOG02,County Treasurer,,1,REP,Lynelle JENSEN,492
Weber,SOG02,Retain Supreme Court Justice-Matthew B. DURRANT,,1,,Yes,438
Weber,SOG02,Retain Supreme Court Justice-Matthew B. DURRANT,,1,,No,121
Weber,SOG02,Retain Appeals Court Judge-Ryan D. TENNEY,,1,,Yes,430
Weber,SOG02,Retain Appeals Court Judge-Ryan D. TENNEY,,1,,No,117
Weber,SOG02,Retain 2nd District Circuit Court Judge-Joseph M. BEAN,,1,,Yes,421
Weber,SOG02,Retain 2nd District Circuit Court Judge-Joseph M. BEAN,,1,,No,127
Weber,SOG02,Retain 2nd District Circuit Court Judge-Ronald G. RUSSELL,,1,,Yes,436
Weber,SOG02,Retain 2nd District Circuit Court Judge-Ronald G. RUSSELL,,1,,No,111
Weber,SOG02,Retain 2nd District Circuit Court Judge-Christina Patricia ORTEGA,,1,,Yes,447
Weber,SOG02,Retain 2nd District Circuit Court Judge-Christina Patricia ORTEGA,,1,,No,106
Weber,SOG02,Retain 2nd District Circuit Court Judge-Craig HALL,,1,,Yes,426
Weber,SOG02,Retain 2nd District Circuit Court Judge-Craig HALL,,1,,No,117
Weber,SOG02,Retain 2nd District Circuit Court Judge-Michael Drio DIREDA,,1,,Yes,451
Weber,SOG02,Retain 2nd District Circuit Court Judge-Michael Drio DIREDA,,1,,No,97
Weber,SOG02,Retain 2nd District Juvenile Circuit Court Judge-Tasha WILLIAMS,,1,,Yes,453
Weber,SOG02,Retain 2nd District Juvenile Circuit Court Judge-Tasha WILLIAMS,,1,,No,98
Weber,SOG02,Constitutional Amendment B,,1,,For,461
Weber,SOG02,Constitutional Amendment B,,1,,Against,174
Weber,SOG02,Constitutional Amendment C,,1,,For,541
Weber,SOG02,Constitutional Amendment C,,1,,Against,99
Weber,SOG02,Proposition 19,,1,,Yes,456
Weber,SOG02,Proposition 19,,1,,No,188
Weber,SOG03,Registered Voters,,,,,697
Weber,SOG03,Ballots Cast,,,,,609
Weber,SOG03,President,,1,REP,Donald J. TRUMP/ JD VANCE,329
Weber,SOG03,President,,1,DEM,Kamala D. HARRIS / Tim WALZ,241
Weber,SOG03,President,,1,GRN,Jill STEIN / Rudolph WARE,5
Weber,SOG03,President,,1,LBT,Chase OLIVER / Mike ter MAAT,5
Weber,SOG03,President,,1,,Claudia de la CRUZ / Karina Alexandra GARCIA,4
Weber,SOG03,President,,1,,Cornel Ronald WEST / Melina ABDULLAH,1
Weber,SOG03,President,,1,,"Lucifer ""JUSTIN CASE"" EVERYLOVE",1
Weber,SOG03,President,,1,CON,Joel SKOUSEN / Rik COMBS,1
Weber,SOG03,President,,1,,Write-In Totals,13
Weber,SOG03,U.S. Senate,,1,REP,John CURTIS,332
Weber,SOG03,U.S. Senate,,1,DEM,Caroline GLEICH,215
Weber,SOG03,U.S. Senate,,1,IAP,Carleton E. BOWEN,26
Weber,SOG03,U.S. Senate,,1,,Write-In Totals,3
Weber,SOG03,U.S. House,1,1,REP,Blake D. MOORE,340
Weber,SOG03,U.S. House,1,1,DEM,Bill CAMPBELL,201
Weber,SOG03,U.S. House,1,1,LBT,Daniel R. COTTAM,22
Weber,SOG03,Governor,,1,REP,Spencer J. COX / Deidre M. HENDERSON,301
Weber,SOG03,Governor,,1,DEM,Brian SMITH KING / Rebekah CUMMINGS,191
Weber,SOG03,Governor,,1,IAP,Tommy WILLIAMS / Archie A. WILLIAMS III,15
Weber,SOG03,Governor,,1,LBT,J. Robert LATHAM / Barry Evan SHORT,15
Weber,SOG03,Governor,,1,,Tom TOMENY / William LANSING TAYLOR,1
Weber,SOG03,Governor,,1,,Write-In Totals,58
Weber,SOG03,Attorney General,,1,REP,Derek BROWN,307
Weber,SOG03,Attorney General,,1,DEM,Rudy J BAUTISTA,178
Weber,SOG03,Attorney General,,1,UUP,Michelle QUIST,39
Weber,SOG03,Attorney General,,1,LBT,W. Andrew McCULLOUGH,25
Weber,SOG03,Attorney General,,1,,Austin HEPWORTH,21
Weber,SOG03,State Auditor,,1,REP,Tina CANNON,327
Weber,SOG03,State Auditor,,1,DEM,Catherine VOUTAZ,209
Weber,SOG03,State Auditor,,1,CON,Jeffery L. OSTLER,26
Weber,SOG03,State Treasurer,,1,REP,Marlo M. OAKS,333
Weber,SOG03,State Treasurer,,1,DEM,Neil A HANSEN,189
Weber,SOG03,State Treasurer,,1,UFP,Miles POMEROY,38
Weber,SOG03,State House,10,1,REP,Jill KOFORD,319
Weber,SOG03,State House,10,1,DEM,Rosemary LESSER,266
Weber,SOG03,State House,10,1,REP,Rod HALL,351
Weber,SOG03,State House,10,1,UFP,Laura JOHNSON,175
Weber,SOG03,County Commission,C,1,REP,Jim HARVEY,330
Weber,SOG03,County Commission,C,1,DEM,Steven VAN WAGONER,213
Weber,SOG03,County Commission,C,1,LBT,Brian K ROWLEY,34
Weber,SOG03,County Assessor,,1,REP,John E. ULIBARRI,441
Weber,SOG03,County Recorder/Surveyor,,1,REP,Bahy RAHIMZADEGAN,429
Weber,SOG03,County Treasurer,,1,REP,Lynelle JENSEN,442
Weber,SOG03,Retain Supreme Court Justice-Matthew B. DURRANT,,1,,Yes,387
Weber,SOG03,Retain Supreme Court Justice-Matthew B. DURRANT,,1,,No,110
Weber,SOG03,Retain Appeals Court Judge-Ryan D. TENNEY,,1,,Yes,388
Weber,SOG03,Retain Appeals Court Judge-Ryan D. TENNEY,,1,,No,105
Weber,SOG03,Retain 2nd District Circuit Court Judge-Joseph M. BEAN,,1,,Yes,372
Weber,SOG03,Retain 2nd District Circuit Court Judge-Joseph M. BEAN,,1,,No,116
Weber,SOG03,Retain 2nd District Circuit Court Judge-Ronald G. RUSSELL,,1,,Yes,398
Weber,SOG03,Retain 2nd District Circuit Court Judge-Ronald G. RUSSELL,,1,,No,98
Weber,SOG03,Retain 2nd District Circuit Court Judge-Christina Patricia ORTEGA,,1,,Yes,388
Weber,SOG03,Retain 2nd District Circuit Court Judge-Christina Patricia ORTEGA,,1,,No,107
Weber,SOG03,Retain 2nd District Circuit Court Judge-Craig HALL,,1,,Yes,379
Weber,SOG03,Retain 2nd District Circuit Court Judge-Craig HALL,,1,,No,113
Weber,SOG03,Retain 2nd District Circuit Court Judge-Michael Drio DIREDA,,1,,Yes,398
Weber,SOG03,Retain 2nd District Circuit Court Judge-Michael Drio DIREDA,,1,,No,98
Weber,SOG03,Retain 2nd District Juvenile Circuit Court Judge-Tasha WILLIAMS,,1,,Yes,404
Weber,SOG03,Retain 2nd District Juvenile Circuit Court Judge-Tasha WILLIAMS,,1,,No,91
Weber,SOG03,Constitutional Amendment B,,1,,For,410
Weber,SOG03,Constitutional Amendment B,,1,,Against,155
Weber,SOG03,Constitutional Amendment C,,1,,For,460
Weber,SOG03,Constitutional Amendment C,,1,,Against,100
Weber,SOG03,Proposition 19,,1,,Yes,425
Weber,SOG03,Proposition 19,,1,,No,149
Weber,SOG04,Registered Voters,,,,,819
Weber,SOG04,Ballots Cast,,,,,708
Weber,SOG04,President,,1,REP,Donald J. TRUMP/ JD VANCE,353
Weber,SOG04,President,,1,DEM,Kamala D. HARRIS / Tim WALZ,318
Weber,SOG04,President,,1,LBT,Chase OLIVER / Mike ter MAAT,9
Weber,SOG04,President,,1,GRN,Jill STEIN / Rudolph WARE,6
Weber,SOG04,President,,1,,Cornel Ronald WEST / Melina ABDULLAH,3
Weber,SOG04,President,,1,,"Lucifer ""JUSTIN CASE"" EVERYLOVE",1
Weber,SOG04,President,,1,,Claudia de la CRUZ / Karina Alexandra GARCIA,1
Weber,SOG04,President,,1,CON,Joel SKOUSEN / Rik COMBS,0
Weber,SOG04,President,,1,,Write-In Totals,12
Weber,SOG04,U.S. Senate,,1,REP,John CURTIS,370
Weber,SOG04,U.S. Senate,,1,DEM,Caroline GLEICH,269
Weber,SOG04,U.S. Senate,,1,IAP,Carleton E. BOWEN,39
Weber,SOG04,U.S. Senate,,1,,Write-In Totals,6
Weber,SOG04,U.S. House,1,1,REP,Blake D. MOORE,389
Weber,SOG04,U.S. House,1,1,DEM,Bill CAMPBELL,250
Weber,SOG04,U.S. House,1,1,LBT,Daniel R. COTTAM,40
Weber,SOG04,Governor,,1,REP,Spencer J. COX / Deidre M. HENDERSON,371
Weber,SOG04,Governor,,1,DEM,Brian SMITH KING / Rebekah CUMMINGS,218
Weber,SOG04,Governor,,1,LBT,J. Robert LATHAM / Barry Evan SHORT,21
Weber,SOG04,Governor,,1,IAP,Tommy WILLIAMS / Archie A. WILLIAMS III,17
Weber,SOG04,Governor,,1,,Tom TOMENY / William LANSING TAYLOR,2
Weber,SOG04,Governor,,1,,Write-In Totals,63
Weber,SOG04,Attorney General,,1,REP,Derek BROWN,328
Weber,SOG04,Attorney General,,1,DEM,Rudy J BAUTISTA,233
Weber,SOG04,Attorney General,,1,UUP,Michelle QUIST,49
Weber,SOG04,Attorney General,,1,LBT,W. Andrew McCULLOUGH,34
Weber,SOG04,Attorney General,,1,,Austin HEPWORTH,32
Weber,SOG04,State Auditor,,1,REP,Tina CANNON,371
Weber,SOG04,State Auditor,,1,DEM,Catherine VOUTAZ,257
Weber,SOG04,State Auditor,,1,CON,Jeffery L. OSTLER,36
Weber,SOG04,State Treasurer,,1,REP,Marlo M. OAKS,364
Weber,SOG04,State Treasurer,,1,DEM,Neil A HANSEN,246
Weber,SOG04,State Treasurer,,1,UFP,Miles POMEROY,46
Weber,SOG04,State House,10,1,REP,Jill KOFORD,352
Weber,SOG04,State House,10,1,DEM,Rosemary LESSER,332
Weber,SOG04,State House,10,1,REP,Rod HALL,407
Weber,SOG04,State House,10,1,UFP,Laura JOHNSON,206
Weber,SOG04,County Commission,C,1,REP,Jim HARVEY,345
Weber,SOG04,County Commission,C,1,DEM,Steven VAN WAGONER,288
Weber,SOG04,County Commission,C,1,LBT,Brian K ROWLEY,49
Weber,SOG04,County Assessor,,1,REP,John E. ULIBARRI,511
Weber,SOG04,County Recorder/Surveyor,,1,REP,Bahy RAHIMZADEGAN,503
Weber,SOG04,County Treasurer,,1,REP,Lynelle JENSEN,514
Weber,SOG04,Retain Supreme Court Justice-Matthew B. DURRANT,,1,,Yes,459
Weber,SOG04,Retain Supreme Court Justice-Matthew B. DURRANT,,1,,No,131
Weber,SOG04,Retain Appeals Court Judge-Ryan D. TENNEY,,1,,Yes,465
Weber,SOG04,Retain Appeals Court Judge-Ryan D. TENNEY,,1,,No,123
Weber,SOG04,Retain 2nd District Circuit Court Judge-Joseph M. BEAN,,1,,Yes,465
Weber,SOG04,Retain 2nd District Circuit Court Judge-Joseph M. BEAN,,1,,No,125
Weber,SOG04,Retain 2nd District Circuit Court Judge-Ronald G. RUSSELL,,1,,Yes,468
Weber,SOG04,Retain 2nd District Circuit Court Judge-Ronald G. RUSSELL,,1,,No,116
Weber,SOG04,Retain 2nd District Circuit Court Judge-Christina Patricia ORTEGA,,1,,Yes,478
Weber,SOG04,Retain 2nd District Circuit Court Judge-Christina Patricia ORTEGA,,1,,No,113
Weber,SOG04,Retain 2nd District Circuit Court Judge-Craig HALL,,1,,Yes,443
Weber,SOG04,Retain 2nd District Circuit Court Judge-Craig HALL,,1,,No,139
Weber,SOG04,Retain 2nd District Circuit Court Judge-Michael Drio DIREDA,,1,,Yes,476
Weber,SOG04,Retain 2nd District Circuit Court Judge-Michael Drio DIREDA,,1,,No,116
Weber,SOG04,Retain 2nd District Juvenile Circuit Court Judge-Tasha WILLIAMS,,1,,Yes,476
Weber,SOG04,Retain 2nd District Juvenile Circuit Court Judge-Tasha WILLIAMS,,1,,No,113
Weber,SOG04,Constitutional Amendment B,,1,,For,482
Weber,SOG04,Constitutional Amendment B,,1,,Against,186
Weber,SOG04,Constitutional Amendment C,,1,,For,552
Weber,SOG04,Constitutional Amendment C,,1,,Against,121
Weber,SOG04,Proposition 19,,1,,Yes,489
Weber,SOG04,Proposition 19,,1,,No,188
Weber,SOG05,Registered Voters,,,,,975
Weber,SOG05,Ballots Cast,,,,,818
Weber,SOG05,President,,1,REP,Donald J. TRUMP/ JD VANCE,473
Weber,SOG05,President,,1,DEM,Kamala D. HARRIS / Tim WALZ,317
Weber,SOG05,President,,1,LBT,Chase OLIVER / Mike ter MAAT,8
Weber,SOG05,President,,1,GRN,Jill STEIN / Rudolph WARE,3
Weber,SOG05,President,,1,,Cornel Ronald WEST / Melina ABDULLAH,1
Weber,SOG05,President,,1,,"Lucifer ""JUSTIN CASE"" EVERYLOVE",1
Weber,SOG05,President,,1,CON,Joel SKOUSEN / Rik COMBS,1
Weber,SOG05,President,,1,,Claudia de la CRUZ / Karina Alexandra GARCIA,0
Weber,SOG05,President,,1,,Write-In Totals,5
Weber,SOG05,U.S. Senate,,1,REP,John CURTIS,465
Weber,SOG05,U.S. Senate,,1,DEM,Caroline GLEICH,270
Weber,SOG05,U.S. Senate,,1,IAP,Carleton E. BOWEN,34
Weber,SOG05,U.S. Senate,,1,,Write-In Totals,5
Weber,SOG05,U.S. House,1,1,REP,Blake D. MOORE,472
Weber,SOG05,U.S. House,1,1,DEM,Bill CAMPBELL,258
Weber,SOG05,U.S. House,1,1,LBT,Daniel R. COTTAM,37
Weber,SOG05,Governor,,1,REP,Spencer J. COX / Deidre M. HENDERSON,386
Weber,SOG05,Governor,,1,DEM,Brian SMITH KING / Rebekah CUMMINGS,245
Weber,SOG05,Governor,,1,LBT,J. Robert LATHAM / Barry Evan SHORT,28
Weber,SOG05,Governor,,1,IAP,Tommy WILLIAMS / Archie A. WILLIAMS III,15
Weber,SOG05,Governor,,1,,Tom TOMENY / William LANSING TAYLOR,6
Weber,SOG05,Governor,,1,,Write-In Totals,106
Weber,SOG05,Attorney General,,1,REP,Derek BROWN,425
Weber,SOG05,Attorney General,,1,DEM,Rudy J BAUTISTA,231
Weber,SOG05,Attorney General,,1,UUP,Michelle QUIST,56
Weber,SOG05,Attorney General,,1,,Austin HEPWORTH,27
Weber,SOG05,Attorney General,,1,LBT,W. Andrew McCULLOUGH,26
Weber,SOG05,State Auditor,,1,REP,Tina CANNON,453
Weber,SOG05,State Auditor,,1,DEM,Catherine VOUTAZ,275
Weber,SOG05,State Auditor,,1,CON,Jeffery L. OSTLER,24
Weber,SOG05,State Treasurer,,1,REP,Marlo M. OAKS,463
Weber,SOG05,State Treasurer,,1,DEM,Neil A HANSEN,249
Weber,SOG05,State Treasurer,,1,UFP,Miles POMEROY,40
Weber,SOG05,State House,11,1,REP,Katy HALL,539
Weber,SOG05,State House,11,1,REP,Rod HALL,496
Weber,SOG05,State House,11,1,UFP,Laura JOHNSON,229
Weber,SOG05,County Commission,C,1,REP,Jim HARVEY,451
Weber,SOG05,County Commission,C,1,DEM,Steven VAN WAGONER,277
Weber,SOG05,County Commission,C,1,LBT,Brian K ROWLEY,45
Weber,SOG05,County Assessor,,1,REP,John E. ULIBARRI,581
Weber,SOG05,County Recorder/Surveyor,,1,REP,Bahy RAHIMZADEGAN,566
Weber,SOG05,County Treasurer,,1,REP,Lynelle JENSEN,586
Weber,SOG05,Retain Supreme Court Justice-Matthew B. DURRANT,,1,,Yes,531
Weber,SOG05,Retain Supreme Court Justice-Matthew B. DURRANT,,1,,No,144
Weber,SOG05,Retain Appeals Court Judge-Ryan D. TENNEY,,1,,Yes,512
Weber,SOG05,Retain Appeals Court Judge-Ryan D. TENNEY,,1,,No,154
Weber,SOG05,Retain 2nd District Circuit Court Judge-Joseph M. BEAN,,1,,Yes,508
Weber,SOG05,Retain 2nd District Circuit Court Judge-Joseph M. BEAN,,1,,No,154
Weber,SOG05,Retain 2nd District Circuit Court Judge-Ronald G. RUSSELL,,1,,Yes,523
Weber,SOG05,Retain 2nd District Circuit Court Judge-Ronald G. RUSSELL,,1,,No,144
Weber,SOG05,Retain 2nd District Circuit Court Judge-Christina Patricia ORTEGA,,1,,Yes,524
Weber,SOG05,Retain 2nd District Circuit Court Judge-Christina Patricia ORTEGA,,1,,No,145
Weber,SOG05,Retain 2nd District Circuit Court Judge-Craig HALL,,1,,Yes,491
Weber,SOG05,Retain 2nd District Circuit Court Judge-Craig HALL,,1,,No,170
Weber,SOG05,Retain 2nd District Circuit Court Judge-Michael Drio DIREDA,,1,,Yes,527
Weber,SOG05,Retain 2nd District Circuit Court Judge-Michael Drio DIREDA,,1,,No,142
Weber,SOG05,Retain 2nd District Juvenile Circuit Court Judge-Tasha WILLIAMS,,1,,Yes,531
Weber,SOG05,Retain 2nd District Juvenile Circuit Court Judge-Tasha WILLIAMS,,1,,No,138
Weber,SOG05,Constitutional Amendment B,,1,,For,511
Weber,SOG05,Constitutional Amendment B,,1,,Against,253
Weber,SOG05,Constitutional Amendment C,,1,,For,604
Weber,SOG05,Constitutional Amendment C,,1,,Against,169
Weber,SOG05,Proposition 19,,1,,Yes,553
Weber,SOG05,Proposition 19,,1,,No,228
Weber,SOG06,Registered Voters,,,,,960
Weber,SOG06,Ballots Cast,,,,,867
Weber,SOG06,President,,1,REP,Donald J. TRUMP/ JD VANCE,430
Weber,SOG06,President,,1,DEM,Kamala D. HARRIS / Tim WALZ,384
Weber,SOG06,President,,1,LBT,Chase OLIVER / Mike ter MAAT,14
Weber,SOG06,President,,1,GRN,Jill STEIN / Rudolph WARE,7
Weber,SOG06,President,,1,CON,Joel SKOUSEN / Rik COMBS,5
Weber,SOG06,President,,1,,"Lucifer ""JUSTIN CASE"" EVERYLOVE",1
Weber,SOG06,President,,1,,Cornel Ronald WEST / Melina ABDULLAH,0
Weber,SOG06,President,,1,,Claudia de la CRUZ / Karina Alexandra GARCIA,0
Weber,SOG06,President,,1,,Write-In Totals,14
Weber,SOG06,U.S. Senate,,1,REP,John CURTIS,480
Weber,SOG06,U.S. Senate,,1,DEM,Caroline GLEICH,312
Weber,SOG06,U.S. Senate,,1,IAP,Carleton E. BOWEN,37
Weber,SOG06,U.S. Senate,,1,,Write-In Totals,4
Weber,SOG06,U.S. House,1,1,REP,Blake D. MOORE,495
Weber,SOG06,U.S. House,1,1,DEM,Bill CAMPBELL,296
Weber,SOG06,U.S. House,1,1,LBT,Daniel R. COTTAM,27
Weber,SOG06,Governor,,1,REP,Spencer J. COX / Deidre M. HENDERSON,443
Weber,SOG06,Governor,,1,DEM,Brian SMITH KING / Rebekah CUMMINGS,269
Weber,SOG06,Governor,,1,LBT,J. Robert LATHAM / Barry Evan SHORT,27
Weber,SOG06,Governor,,1,IAP,Tommy WILLIAMS / Archie A. WILLIAMS III,14
Weber,SOG06,Governor,,1,,Tom TOMENY / William LANSING TAYLOR,0
Weber,SOG06,Governor,,1,,Write-In Totals,82
Weber,SOG06,Attorney General,,1,REP,Derek BROWN,446
Weber,SOG06,Attorney General,,1,DEM,Rudy J BAUTISTA,277
Weber,SOG06,Attorney General,,1,UUP,Michelle QUIST,54
Weber,SOG06,Attorney General,,1,LBT,W. Andrew McCULLOUGH,31
Weber,SOG06,Attorney General,,1,,Austin HEPWORTH,11
Weber,SOG06,State Auditor,,1,REP,Tina CANNON,484
Weber,SOG06,State Auditor,,1,DEM,Catherine VOUTAZ,293
Weber,SOG06,State Auditor,,1,CON,Jeffery L. OSTLER,26
Weber,SOG06,State Treasurer,,1,REP,Marlo M. OAKS,471
Weber,SOG06,State Treasurer,,1,DEM,Neil A HANSEN,297
Weber,SOG06,State Treasurer,,1,UFP,Miles POMEROY,36
Weber,SOG06,State House,11,1,REP,Katy HALL,583
Weber,SOG06,State House,11,1,REP,Rod HALL,515
Weber,SOG06,State House,11,1,UFP,Laura JOHNSON,244
Weber,SOG06,County Commission,C,1,REP,Jim HARVEY,458
Weber,SOG06,County Commission,C,1,DEM,Steven VAN WAGONER,330
Weber,SOG06,County Commission,C,1,LBT,Brian K ROWLEY,35
Weber,SOG06,County Assessor,,1,REP,John E. ULIBARRI,629
Weber,SOG06,County Recorder/Surveyor,,1,REP,Bahy RAHIMZADEGAN,597
Weber,SOG06,County Treasurer,,1,REP,Lynelle JENSEN,621
Weber,SOG06,Retain Supreme Court Justice-Matthew B. DURRANT,,1,,Yes,593
Weber,SOG06,Retain Supreme Court Justice-Matthew B. DURRANT,,1,,No,109
Weber,SOG06,Retain Appeals Court Judge-Ryan D. TENNEY,,1,,Yes,590
Weber,SOG06,Retain Appeals Court Judge-Ryan D. TENNEY,,1,,No,107
Weber,SOG06,Retain 2nd District Circuit Court Judge-Joseph M. BEAN,,1,,Yes,578
Weber,SOG06,Retain 2nd District Circuit Court Judge-Joseph M. BEAN,,1,,No,113
Weber,SOG06,Retain 2nd District Circuit Court Judge-Ronald G. RUSSELL,,1,,Yes,599
Weber,SOG06,Retain 2nd District Circuit Court Judge-Ronald G. RUSSELL,,1,,No,97
Weber,SOG06,Retain 2nd District Circuit Court Judge-Christina Patricia ORTEGA,,1,,Yes,588
Weber,SOG06,Retain 2nd District Circuit Court Judge-Christina Patricia ORTEGA,,1,,No,114
Weber,SOG06,Retain 2nd District Circuit Court Judge-Craig HALL,,1,,Yes,578
Weber,SOG06,Retain 2nd District Circuit Court Judge-Craig HALL,,1,,No,114
Weber,SOG06,Retain 2nd District Circuit Court Judge-Michael Drio DIREDA,,1,,Yes,583
Weber,SOG06,Retain 2nd District Circuit Court Judge-Michael Drio DIREDA,,1,,No,105
Weber,SOG06,Retain 2nd District Juvenile Circuit Court Judge-Tasha WILLIAMS,,1,,Yes,610
Weber,SOG06,Retain 2nd District Juvenile Circuit Court Judge-Tasha WILLIAMS,,1,,No,88
Weber,SOG06,Constitutional Amendment B,,1,,For,568
Weber,SOG06,Constitutional Amendment B,,1,,Against,239
Weber,SOG06,Constitutional Amendment C,,1,,For,655
Weber,SOG06,Constitutional Amendment C,,1,,Against,153
Weber,SOG06,Proposition 19,,1,,Yes,597
Weber,SOG06,Proposition 19,,1,,No,224
Weber,SOG07,Registered Voters,,,,,985
Weber,SOG07,Ballots Cast,,,,,845
Weber,SOG07,President,,1,DEM,Kamala D. HARRIS / Tim WALZ,396
Weber,SOG07,President,,1,REP,Donald J. TRUMP/ JD VANCE,394
Weber,SOG07,President,,1,LBT,Chase OLIVER / Mike ter MAAT,12
Weber,SOG07,President,,1,GRN,Jill STEIN / Rudolph WARE,10
Weber,SOG07,President,,1,CON,Joel SKOUSEN / Rik COMBS,7
Weber,SOG07,President,,1,,Claudia de la CRUZ / Karina Alexandra GARCIA,2
Weber,SOG07,President,,1,,Cornel Ronald WEST / Melina ABDULLAH,1
Weber,SOG07,President,,1,,"Lucifer ""JUSTIN CASE"" EVERYLOVE",1
Weber,SOG07,President,,1,,Write-In Totals,14
Weber,SOG07,U.S. Senate,,1,REP,John CURTIS,443
Weber,SOG07,U.S. Senate,,1,DEM,Caroline GLEICH,323
Weber,SOG07,U.S. Senate,,1,IAP,Carleton E. BOWEN,43
Weber,SOG07,U.S. Senate,,1,,Write-In Totals,2
Weber,SOG07,U.S. House,1,1,REP,Blake D. MOORE,454
Weber,SOG07,U.S. House,1,1,DEM,Bill CAMPBELL,311
Weber,SOG07,U.S. House,1,1,LBT,Daniel R. COTTAM,27
Weber,SOG07,Governor,,1,REP,Spencer J. COX / Deidre M. HENDERSON,408
Weber,SOG07,Governor,,1,DEM,Brian SMITH KING / Rebekah CUMMINGS,291
Weber,SOG07,Governor,,1,IAP,Tommy WILLIAMS / Archie A. WILLIAMS III,22
Weber,SOG07,Governor,,1,LBT,J. Robert LATHAM / Barry Evan SHORT,17
Weber,SOG07,Governor,,1,,Tom TOMENY / William LANSING TAYLOR,5
Weber,SOG07,Governor,,1,,Write-In Totals,74
Weber,SOG07,Attorney General,,1,REP,Derek BROWN,418
Weber,SOG07,Attorney General,,1,DEM,Rudy J BAUTISTA,290
Weber,SOG07,Attorney General,,1,UUP,Michelle QUIST,65
Weber,SOG07,Attorney General,,1,LBT,W. Andrew McCULLOUGH,19
Weber,SOG07,Attorney General,,1,,Austin HEPWORTH,19
Weber,SOG07,State Auditor,,1,REP,Tina CANNON,450
Weber,SOG07,State Auditor,,1,DEM,Catherine VOUTAZ,311
Weber,SOG07,State Auditor,,1,CON,Jeffery L. OSTLER,32
Weber,SOG07,State Treasurer,,1,REP,Marlo M. OAKS,421
Weber,SOG07,State Treasurer,,1,DEM,Neil A HANSEN,329
Weber,SOG07,State Treasurer,,1,UFP,Miles POMEROY,48
Weber,SOG07,State House,11,1,REP,Katy HALL,531
Weber,SOG07,State House,11,1,REP,Rod HALL,480
Weber,SOG07,State House,11,1,UFP,Laura JOHNSON,262
Weber,SOG07,County Commission,C,1,REP,Jim HARVEY,445
Weber,SOG07,County Commission,C,1,DEM,Steven VAN WAGONER,324
Weber,SOG07,County Commission,C,1,LBT,Brian K ROWLEY,38
Weber,SOG07,County Assessor,,1,REP,John E. ULIBARRI,574
Weber,SOG07,County Recorder/Surveyor,,1,REP,Bahy RAHIMZADEGAN,547
Weber,SOG07,County Treasurer,,1,REP,Lynelle JENSEN,584
Weber,SOG07,Retain Supreme Court Justice-Matthew B. DURRANT,,1,,Yes,538
Weber,SOG07,Retain Supreme Court Justice-Matthew B. DURRANT,,1,,No,144
Weber,SOG07,Retain Appeals Court Judge-Ryan D. TENNEY,,1,,Yes,537
Weber,SOG07,Retain Appeals Court Judge-Ryan D. TENNEY,,1,,No,146
Weber,SOG07,Retain 2nd District Circuit Court Judge-Joseph M. BEAN,,1,,Yes,519
Weber,SOG07,Retain 2nd District Circuit Court Judge-Joseph M. BEAN,,1,,No,161
Weber,SOG07,Retain 2nd District Circuit Court Judge-Ronald G. RUSSELL,,1,,Yes,540
Weber,SOG07,Retain 2nd District Circuit Court Judge-Ronald G. RUSSELL,,1,,No,140
Weber,SOG07,Retain 2nd District Circuit Court Judge-Christina Patricia ORTEGA,,1,,Yes,547
Weber,SOG07,Retain 2nd District Circuit Court Judge-Christina Patricia ORTEGA,,1,,No,136
Weber,SOG07,Retain 2nd District Circuit Court Judge-Craig HALL,,1,,Yes,520
Weber,SOG07,Retain 2nd District Circuit Court Judge-Craig HALL,,1,,No,155
Weber,SOG07,Retain 2nd District Circuit Court Judge-Michael Drio DIREDA,,1,,Yes,545
Weber,SOG07,Retain 2nd District Circuit Court Judge-Michael Drio DIREDA,,1,,No,143
Weber,SOG07,Retain 2nd District Juvenile Circuit Court Judge-Tasha WILLIAMS,,1,,Yes,569
Weber,SOG07,Retain 2nd District Juvenile Circuit Court Judge-Tasha WILLIAMS,,1,,No,119
Weber,SOG07,Constitutional Amendment B,,1,,For,555
Weber,SOG07,Constitutional Amendment B,,1,,Against,226
Weber,SOG07,Constitutional Amendment C,,1,,For,636
Weber,SOG07,Constitutional Amendment C,,1,,Against,149
Weber,SOG07,Proposition 19,,1,,Yes,598
Weber,SOG07,Proposition 19,,1,,No,196
Weber,SOG08,Registered Voters,,,,,717
Weber,SOG08,Ballots Cast,,,,,594
Weber,SOG08,President,,1,DEM,Kamala D. HARRIS / Tim WALZ,310
Weber,SOG08,President,,1,REP,Donald J. TRUMP/ JD VANCE,251
Weber,SOG08,President,,1,GRN,Jill STEIN / Rudolph WARE,8
Weber,SOG08,President,,1,LBT,Chase OLIVER / Mike ter MAAT,7
Weber,SOG08,President,,1,CON,Joel SKOUSEN / Rik COMBS,5
Weber,SOG08,President,,1,,Cornel Ronald WEST / Melina ABDULLAH,3
Weber,SOG08,President,,1,,"Lucifer ""JUSTIN CASE"" EVERYLOVE",2
Weber,SOG08,President,,1,,Claudia de la CRUZ / Karina Alexandra GARCIA,0
Weber,SOG08,President,,1,,Write-In Totals,4
Weber,SOG08,U.S. Senate,,1,DEM,Caroline GLEICH,276
Weber,SOG08,U.S. Senate,,1,REP,John CURTIS,252
Weber,SOG08,U.S. Senate,,1,IAP,Carleton E. BOWEN,30
Weber,SOG08,U.S. Senate,,1,,Write-In Totals,0
Weber,SOG08,U.S. House,1,1,DEM,Bill CAMPBELL,267
Weber,SOG08,U.S. House,1,1,REP,Blake D. MOORE,252
Weber,SOG08,U.S. House,1,1,LBT,Daniel R. COTTAM,35
Weber,SOG08,Governor,,1,DEM,Brian SMITH KING / Rebekah CUMMINGS,245
Weber,SOG08,Governor,,1,REP,Spencer J. COX / Deidre M. HENDERSON,219
Weber,SOG08,Governor,,1,LBT,J. Robert LATHAM / Barry Evan SHORT,26
Weber,SOG08,Governor,,1,IAP,Tommy WILLIAMS / Archie A. WILLIAMS III,16
Weber,SOG08,Governor,,1,,Tom TOMENY / William LANSING TAYLOR,8
Weber,SOG08,Governor,,1,,Write-In Totals,56
Weber,SOG08,Attorney General,,1,DEM,Rudy J BAUTISTA,240
Weber,SOG08,Attorney General,,1,REP,Derek BROWN,223
Weber,SOG08,Attorney General,,1,UUP,Michelle QUIST,47
Weber,SOG08,Attorney General,,1,LBT,W. Andrew McCULLOUGH,27
Weber,SOG08,Attorney General,,1,,Austin HEPWORTH,18
Weber,SOG08,State Auditor,,1,DEM,Catherine VOUTAZ,272
Weber,SOG08,State Auditor,,1,REP,Tina CANNON,243
Weber,SOG08,State Auditor,,1,CON,Jeffery L. OSTLER,29
Weber,SOG08,State Treasurer,,1,REP,Marlo M. OAKS,253
Weber,SOG08,State Treasurer,,1,DEM,Neil A HANSEN,247
Weber,SOG08,State Treasurer,,1,UFP,Miles POMEROY,49
Weber,SOG08,State House,11,1,REP,Katy HALL,383
Weber,SOG08,State House,11,1,REP,Rod HALL,280
Weber,SOG08,State House,11,1,UFP,Laura JOHNSON,227
Weber,SOG08,County Commission,C,1,DEM,Steven VAN WAGONER,292
Weber,SOG08,County Commission,C,1,REP,Jim HARVEY,224
Weber,SOG08,County Commission,C,1,LBT,Brian K ROWLEY,39
Weber,SOG08,County Assessor,,1,REP,John E. ULIBARRI,416
Weber,SOG08,County Recorder/Surveyor,,1,REP,Bahy RAHIMZADEGAN,416
Weber,SOG08,County Treasurer,,1,REP,Lynelle JENSEN,424
Weber,SOG08,Retain Supreme Court Justice-Matthew B. DURRANT,,1,,Yes,336
Weber,SOG08,Retain Supreme Court Justice-Matthew B. DURRANT,,1,,No,157
Weber,SOG08,Retain Appeals Court Judge-Ryan D. TENNEY,,1,,Yes,333
Weber,SOG08,Retain Appeals Court Judge-Ryan D. TENNEY,,1,,No,155
Weber,SOG08,Retain 2nd District Circuit Court Judge-Joseph M. BEAN,,1,,Yes,343
Weber,SOG08,Retain 2nd District Circuit Court Judge-Joseph M. BEAN,,1,,No,145
Weber,SOG08,Retain 2nd District Circuit Court Judge-Ronald G. RUSSELL,,1,,Yes,350
Weber,SOG08,Retain 2nd District Circuit Court Judge-Ronald G. RUSSELL,,1,,No,141
Weber,SOG08,Retain 2nd District Circuit Court Judge-Christina Patricia ORTEGA,,1,,Yes,363
Weber,SOG08,Retain 2nd District Circuit Court Judge-Christina Patricia ORTEGA,,1,,No,129
Weber,SOG08,Retain 2nd District Circuit Court Judge-Craig HALL,,1,,Yes,320
Weber,SOG08,Retain 2nd District Circuit Court Judge-Craig HALL,,1,,No,167
Weber,SOG08,Retain 2nd District Circuit Court Judge-Michael Drio DIREDA,,1,,Yes,351
Weber,SOG08,Retain 2nd District Circuit Court Judge-Michael Drio DIREDA,,1,,No,141
Weber,SOG08,Retain 2nd District Juvenile Circuit Court Judge-Tasha WILLIAMS,,1,,Yes,370
Weber,SOG08,Retain 2nd District Juvenile Circuit Court Judge-Tasha WILLIAMS,,1,,No,121
Weber,SOG08,Constitutional Amendment B,,1,,For,419
Weber,SOG08,Constitutional Amendment B,,1,,Against,130
Weber,SOG08,Constitutional Amendment C,,1,,For,450
Weber,SOG08,Constitutional Amendment C,,1,,Against,105
Weber,SOG08,Proposition 19,,1,,Yes,409
Weber,SOG08,Proposition 19,,1,,No,152
Weber,SOG09,Registered Voters,,,,,923
Weber,SOG09,Ballots Cast,,,,,821
Weber,SOG09,President,,1,REP,Donald J. TRUMP/ JD VANCE,455
Weber,SOG09,President,,1,DEM,Kamala D. HARRIS / Tim WALZ,309
Weber,SOG09,President,,1,LBT,Chase OLIVER / Mike ter MAAT,10
Weber,SOG09,President,,1,GRN,Jill STEIN / Rudolph WARE,8
Weber,SOG09,President,,1,CON,Joel SKOUSEN / Rik COMBS,1
Weber,SOG09,President,,1,,Cornel Ronald WEST / Melina ABDULLAH,0
Weber,SOG09,President,,1,,"Lucifer ""JUSTIN CASE"" EVERYLOVE",0
Weber,SOG09,President,,1,,Claudia de la CRUZ / Karina Alexandra GARCIA,0
Weber,SOG09,President,,1,,Write-In Totals,25
Weber,SOG09,U.S. Senate,,1,REP,John CURTIS,499
Weber,SOG09,U.S. Senate,,1,DEM,Caroline GLEICH,246
Weber,SOG09,U.S. Senate,,1,IAP,Carleton E. BOWEN,44
Weber,SOG09,U.S. Senate,,1,,Write-In Totals,3
Weber,SOG09,U.S. House,1,1,REP,Blake D. MOORE,514
Weber,SOG09,U.S. House,1,1,DEM,Bill CAMPBELL,222
Weber,SOG09,U.S. House,1,1,LBT,Daniel R. COTTAM,42
Weber,SOG09,Governor,,1,REP,Spencer J. COX / Deidre M. HENDERSON,448
Weber,SOG09,Governor,,1,DEM,Brian SMITH KING / Rebekah CUMMINGS,211
Weber,SOG09,Governor,,1,LBT,J. Robert LATHAM / Barry Evan SHORT,21
Weber,SOG09,Governor,,1,IAP,Tommy WILLIAMS / Archie A. WILLIAMS III,13
Weber,SOG09,Governor,,1,,Tom TOMENY / William LANSING TAYLOR,5
Weber,SOG09,Governor,,1,,Write-In Totals,100
Weber,SOG09,Attorney General,,1,REP,Derek BROWN,452
Weber,SOG09,Attorney General,,1,DEM,Rudy J BAUTISTA,218
Weber,SOG09,Attorney General,,1,UUP,Michelle QUIST,65
Weber,SOG09,Attorney General,,1,,Austin HEPWORTH,26
Weber,SOG09,Attorney General,,1,LBT,W. Andrew McCULLOUGH,25
Weber,SOG09,State Auditor,,1,REP,Tina CANNON,498
Weber,SOG09,State Auditor,,1,DEM,Catherine VOUTAZ,243
Weber,SOG09,State Auditor,,1,CON,Jeffery L. OSTLER,39
Weber,SOG09,State Treasurer,,1,REP,Marlo M. OAKS,496
Weber,SOG09,State Treasurer,,1,DEM,Neil A HANSEN,228
Weber,SOG09,State Treasurer,,1,UFP,Miles POMEROY,49
Weber,SOG09,State House,11,1,REP,Katy HALL,592
Weber,SOG09,State House,11,1,REP,Rod HALL,529
Weber,SOG09,State House,11,1,UFP,Laura JOHNSON,215
Weber,SOG09,County Commission,C,1,REP,Jim HARVEY,494
Weber,SOG09,County Commission,C,1,DEM,Steven VAN WAGONER,255
Weber,SOG09,County Commission,C,1,LBT,Brian K ROWLEY,37
Weber,SOG09,County Assessor,,1,REP,John E. ULIBARRI,625
Weber,SOG09,County Recorder/Surveyor,,1,REP,Bahy RAHIMZADEGAN,600
Weber,SOG09,County Treasurer,,1,REP,Lynelle JENSEN,618
Weber,SOG09,Retain Supreme Court Justice-Matthew B. DURRANT,,1,,Yes,525
Weber,SOG09,Retain Supreme Court Justice-Matthew B. DURRANT,,1,,No,151
Weber,SOG09,Retain Appeals Court Judge-Ryan D. TENNEY,,1,,Yes,522
Weber,SOG09,Retain Appeals Court Judge-Ryan D. TENNEY,,1,,No,143
Weber,SOG09,Retain 2nd District Circuit Court Judge-Joseph M. BEAN,,1,,Yes,513
Weber,SOG09,Retain 2nd District Circuit Court Judge-Joseph M. BEAN,,1,,No,150
Weber,SOG09,Retain 2nd District Circuit Court Judge-Ronald G. RUSSELL,,1,,Yes,533
Weber,SOG09,Retain 2nd District Circuit Court Judge-Ronald G. RUSSELL,,1,,No,133
Weber,SOG09,Retain 2nd District Circuit Court Judge-Christina Patricia ORTEGA,,1,,Yes,532
Weber,SOG09,Retain 2nd District Circuit Court Judge-Christina Patricia ORTEGA,,1,,No,138
Weber,SOG09,Retain 2nd District Circuit Court Judge-Craig HALL,,1,,Yes,501
Weber,SOG09,Retain 2nd District Circuit Court Judge-Craig HALL,,1,,No,162
Weber,SOG09,Retain 2nd District Circuit Court Judge-Michael Drio DIREDA,,1,,Yes,542
Weber,SOG09,Retain 2nd District Circuit Court Judge-Michael Drio DIREDA,,1,,No,130
Weber,SOG09,Retain 2nd District Juvenile Circuit Court Judge-Tasha WILLIAMS,,1,,Yes,547
Weber,SOG09,Retain 2nd District Juvenile Circuit Court Judge-Tasha WILLIAMS,,1,,No,124
Weber,SOG09,Constitutional Amendment B,,1,,For,542
Weber,SOG09,Constitutional Amendment B,,1,,Against,225
Weber,SOG09,Constitutional Amendment C,,1,,For,622
Weber,SOG09,Constitutional Amendment C,,1,,Against,140
Weber,SOG09,Proposition 19,,1,,Yes,540
Weber,SOG09,Proposition 19,,1,,No,244
Weber,SOG10,Registered Voters,,,,,1029
Weber,SOG10,Ballots Cast,,,,,925
Weber,SOG10,President,,1,REP,Donald J. TRUMP/ JD VANCE,469
Weber,SOG10,President,,1,DEM,Kamala D. HARRIS / Tim WALZ,399
Weber,SOG10,President,,1,LBT,Chase OLIVER / Mike ter MAAT,14
Weber,SOG10,President,,1,GRN,Jill STEIN / Rudolph WARE,7
Weber,SOG10,President,,1,,"Lucifer ""JUSTIN CASE"" EVERYLOVE",2
Weber,SOG10,President,,1,CON,Joel SKOUSEN / Rik COMBS,1
Weber,SOG10,President,,1,,Claudia de la CRUZ / Karina Alexandra GARCIA,1
Weber,SOG10,President,,1,,Cornel Ronald WEST / Melina ABDULLAH,0
Weber,SOG10,President,,1,,Write-In Totals,21
Weber,SOG10,U.S. Senate,,1,REP,John CURTIS,487
Weber,SOG10,U.S. Senate,,1,DEM,Caroline GLEICH,349
Weber,SOG10,U.S. Senate,,1,IAP,Carleton E. BOWEN,40
Weber,SOG10,U.S. Senate,,1,,Write-In Totals,7
Weber,SOG10,U.S. House,1,1,REP,Blake D. MOORE,495
Weber,SOG10,U.S. House,1,1,DEM,Bill CAMPBELL,338
Weber,SOG10,U.S. House,1,1,LBT,Daniel R. COTTAM,40
Weber,SOG10,Governor,,1,REP,Spencer J. COX / Deidre M. HENDERSON,492
Weber,SOG10,Governor,,1,DEM,Brian SMITH KING / Rebekah CUMMINGS,293
Weber,SOG10,Governor,,1,LBT,J. Robert LATHAM / Barry Evan SHORT,34
Weber,SOG10,Governor,,1,IAP,Tommy WILLIAMS / Archie A. WILLIAMS III,14
Weber,SOG10,Governor,,1,,Tom TOMENY / William LANSING TAYLOR,4
Weber,SOG10,Governor,,1,,Write-In Totals,58
Weber,SOG10,Attorney General,,1,REP,Derek BROWN,468
Weber,SOG10,Attorney General,,1,DEM,Rudy J BAUTISTA,298
Weber,SOG10,Attorney General,,1,UUP,Michelle QUIST,59
Weber,SOG10,Attorney General,,1,LBT,W. Andrew McCULLOUGH,32
Weber,SOG10,Attorney General,,1,,Austin HEPWORTH,24
Weber,SOG10,State Auditor,,1,REP,Tina CANNON,494
Weber,SOG10,State Auditor,,1,DEM,Catherine VOUTAZ,323
Weber,SOG10,State Auditor,,1,CON,Jeffery L. OSTLER,36
Weber,SOG10,State Treasurer,,1,REP,Marlo M. OAKS,498
Weber,SOG10,State Treasurer,,1,DEM,Neil A HANSEN,305
Weber,SOG10,State Treasurer,,1,UFP,Miles POMEROY,52
Weber,SOG10,State House,11,1,REP,Katy HALL,616
Weber,SOG10,State House,11,1,REP,Rod HALL,549
Weber,SOG10,State House,11,1,UFP,Laura JOHNSON,270
Weber,SOG10,County Commission,C,1,REP,Jim HARVEY,478
Weber,SOG10,County Commission,C,1,DEM,Steven VAN WAGONER,359
Weber,SOG10,County Commission,C,1,LBT,Brian K ROWLEY,45
Weber,SOG10,County Assessor,,1,REP,John E. ULIBARRI,659
Weber,SOG10,County Recorder/Surveyor,,1,REP,Bahy RAHIMZADEGAN,636
Weber,SOG10,County Treasurer,,1,REP,Lynelle JENSEN,657
Weber,SOG10,Retain Supreme Court Justice-Matthew B. DURRANT,,1,,Yes,579
Weber,SOG10,Retain Supreme Court Justice-Matthew B. DURRANT,,1,,No,141
Weber,SOG10,Retain Appeals Court Judge-Ryan D. TENNEY,,1,,Yes,566
Weber,SOG10,Retain Appeals Court Judge-Ryan D. TENNEY,,1,,No,148
Weber,SOG10,Retain 2nd District Circuit Court Judge-Joseph M. BEAN,,1,,Yes,540
Weber,SOG10,Retain 2nd District Circuit Court Judge-Joseph M. BEAN,,1,,No,165
Weber,SOG10,Retain 2nd District Circuit Court Judge-Ronald G. RUSSELL,,1,,Yes,578
Weber,SOG10,Retain 2nd District Circuit Court Judge-Ronald G. RUSSELL,,1,,No,133
Weber,SOG10,Retain 2nd District Circuit Court Judge-Christina Patricia ORTEGA,,1,,Yes,573
Weber,SOG10,Retain 2nd District Circuit Court Judge-Christina Patricia ORTEGA,,1,,No,146
Weber,SOG10,Retain 2nd District Circuit Court Judge-Craig HALL,,1,,Yes,552
Weber,SOG10,Retain 2nd District Circuit Court Judge-Craig HALL,,1,,No,157
Weber,SOG10,Retain 2nd District Circuit Court Judge-Michael Drio DIREDA,,1,,Yes,594
Weber,SOG10,Retain 2nd District Circuit Court Judge-Michael Drio DIREDA,,1,,No,122
Weber,SOG10,Retain 2nd District Juvenile Circuit Court Judge-Tasha WILLIAMS,,1,,Yes,594
Weber,SOG10,Retain 2nd District Juvenile Circuit Court Judge-Tasha WILLIAMS,,1,,No,121
Weber,SOG10,Constitutional Amendment B,,1,,For,614
Weber,SOG10,Constitutional Amendment B,,1,,Against,244
Weber,SOG10,Constitutional Amendment C,,1,,For,687
Weber,SOG10,Constitutional Amendment C,,1,,Against,174
Weber,SOG10,Proposition 19,,1,,Yes,625
Weber,SOG10,Proposition 19,,1,,No,248
Weber,SOG11,Registered Voters,,,,,311
Weber,SOG11,Ballots Cast,,,,,273
Weber,SOG11,President,,1,REP,Donald J. TRUMP/ JD VANCE,132
Weber,SOG11,President,,1,DEM,Kamala D. HARRIS / Tim WALZ,125
Weber,SOG11,President,,1,CON,Joel SKOUSEN / Rik COMBS,3
Weber,SOG11,President,,1,GRN,Jill STEIN / Rudolph WARE,3
Weber,SOG11,President,,1,LBT,Chase OLIVER / Mike ter MAAT,1
Weber,SOG11,President,,1,,Cornel Ronald WEST / Melina ABDULLAH,0
Weber,SOG11,President,,1,,"Lucifer ""JUSTIN CASE"" EVERYLOVE",0
Weber,SOG11,President,,1,,Claudia de la CRUZ / Karina Alexandra GARCIA,0
Weber,SOG11,President,,1,,Write-In Totals,7
Weber,SOG11,U.S. Senate,,1,REP,John CURTIS,129
Weber,SOG11,U.S. Senate,,1,DEM,Caroline GLEICH,107
Weber,SOG11,U.S. Senate,,1,IAP,Carleton E. BOWEN,20
Weber,SOG11,U.S. Senate,,1,,Write-In Totals,0
Weber,SOG11,U.S. House,1,1,REP,Blake D. MOORE,134
Weber,SOG11,U.S. House,1,1,DEM,Bill CAMPBELL,104
Weber,SOG11,U.S. House,1,1,LBT,Daniel R. COTTAM,15
Weber,SOG11,Governor,,1,REP,Spencer J. COX / Deidre M. HENDERSON,123
Weber,SOG11,Governor,,1,DEM,Brian SMITH KING / Rebekah CUMMINGS,100
Weber,SOG11,Governor,,1,LBT,J. Robert LATHAM / Barry Evan SHORT,6
Weber,SOG11,Governor,,1,IAP,Tommy WILLIAMS / Archie A. WILLIAMS III,3
Weber,SOG11,Governor,,1,,Tom TOMENY / William LANSING TAYLOR,2
Weber,SOG11,Governor,,1,,Write-In Totals,28
Weber,SOG11,Attorney General,,1,REP,Derek BROWN,117
Weber,SOG11,Attorney General,,1,DEM,Rudy J BAUTISTA,94
Weber,SOG11,Attorney General,,1,UUP,Michelle QUIST,21
Weber,SOG11,Attorney General,,1,,Austin HEPWORTH,12
Weber,SOG11,Attorney General,,1,LBT,W. Andrew McCULLOUGH,9
Weber,SOG11,State Auditor,,1,REP,Tina CANNON,128
Weber,SOG11,State Auditor,,1,DEM,Catherine VOUTAZ,101
Weber,SOG11,State Auditor,,1,CON,Jeffery L. OSTLER,14
Weber,SOG11,State Treasurer,,1,REP,Marlo M. OAKS,130
Weber,SOG11,State Treasurer,,1,DEM,Neil A HANSEN,92
Weber,SOG11,State Treasurer,,1,UFP,Miles POMEROY,18
Weber,SOG11,State House,11,1,REP,Katy HALL,173
Weber,SOG11,State House,11,1,REP,Rod HALL,151
Weber,SOG11,State House,11,1,UFP,Laura JOHNSON,77
Weber,SOG11,County Commission,C,1,REP,Jim HARVEY,121
Weber,SOG11,County Commission,C,1,DEM,Steven VAN WAGONER,112
Weber,SOG11,County Commission,C,1,LBT,Brian K ROWLEY,14
Weber,SOG11,County Assessor,,1,REP,John E. ULIBARRI,181
Weber,SOG11,County Recorder/Surveyor,,1,REP,Bahy RAHIMZADEGAN,178
Weber,SOG11,County Treasurer,,1,REP,Lynelle JENSEN,183
Weber,SOG11,Retain Supreme Court Justice-Matthew B. DURRANT,,1,,Yes,160
Weber,SOG11,Retain Supreme Court Justice-Matthew B. DURRANT,,1,,No,43
Weber,SOG11,Retain Appeals Court Judge-Ryan D. TENNEY,,1,,Yes,169
Weber,SOG11,Retain Appeals Court Judge-Ryan D. TENNEY,,1,,No,33
Weber,SOG11,Retain 2nd District Circuit Court Judge-Joseph M. BEAN,,1,,Yes,162
Weber,SOG11,Retain 2nd District Circuit Court Judge-Joseph M. BEAN,,1,,No,37
Weber,SOG11,Retain 2nd District Circuit Court Judge-Ronald G. RUSSELL,,1,,Yes,162
Weber,SOG11,Retain 2nd District Circuit Court Judge-Ronald G. RUSSELL,,1,,No,40
Weber,SOG11,Retain 2nd District Circuit Court Judge-Christina Patricia ORTEGA,,1,,Yes,173
Weber,SOG11,Retain 2nd District Circuit Court Judge-Christina Patricia ORTEGA,,1,,No,32
Weber,SOG11,Retain 2nd District Circuit Court Judge-Craig HALL,,1,,Yes,165
Weber,SOG11,Retain 2nd District Circuit Court Judge-Craig HALL,,1,,No,36
Weber,SOG11,Retain 2nd District Circuit Court Judge-Michael Drio DIREDA,,1,,Yes,167
Weber,SOG11,Retain 2nd District Circuit Court Judge-Michael Drio DIREDA,,1,,No,34
Weber,SOG11,Retain 2nd District Juvenile Circuit Court Judge-Tasha WILLIAMS,,1,,Yes,170
Weber,SOG11,Retain 2nd District Juvenile Circuit Court Judge-Tasha WILLIAMS,,1,,No,32
Weber,SOG11,Constitutional Amendment B,,1,,For,181
Weber,SOG11,Constitutional Amendment B,,1,,Against,60
Weber,SOG11,Constitutional Amendment C,,1,,For,196
Weber,SOG11,Constitutional Amendment C,,1,,Against,41
Weber,SOG11,Proposition 19,,1,,Yes,186
Weber,SOG11,Proposition 19,,1,,No,61
Weber,UIN01,Registered Voters,,,,,828
Weber,UIN01,Ballots Cast,,,,,723
Weber,UIN01,President,,1,REP,Donald J. TRUMP/ JD VANCE,526
Weber,UIN01,President,,1,DEM,Kamala D. HARRIS / Tim WALZ,164
Weber,UIN01,President,,1,LBT,Chase OLIVER / Mike ter MAAT,11
Weber,UIN01,President,,1,GRN,Jill STEIN / Rudolph WARE,4
Weber,UIN01,President,,1,,Claudia de la CRUZ / Karina Alexandra GARCIA,4
Weber,UIN01,President,,1,CON,Joel SKOUSEN / Rik COMBS,2
Weber,UIN01,President,,1,,Cornel Ronald WEST / Melina ABDULLAH,0
Weber,UIN01,President,,1,,"Lucifer ""JUSTIN CASE"" EVERYLOVE",0
Weber,UIN01,President,,1,,Write-In Totals,7
Weber,UIN01,U.S. Senate,,1,REP,John CURTIS,497
Weber,UIN01,U.S. Senate,,1,DEM,Caroline GLEICH,130
Weber,UIN01,U.S. Senate,,1,IAP,Carleton E. BOWEN,68
Weber,UIN01,U.S. Senate,,1,,Write-In Totals,1
Weber,UIN01,U.S. House,1,1,REP,Blake D. MOORE,523
Weber,UIN01,U.S. House,1,1,DEM,Bill CAMPBELL,116
Weber,UIN01,U.S. House,1,1,LBT,Daniel R. COTTAM,49
Weber,UIN01,Governor,,1,REP,Spencer J. COX / Deidre M. HENDERSON,403
Weber,UIN01,Governor,,1,DEM,Brian SMITH KING / Rebekah CUMMINGS,110
Weber,UIN01,Governor,,1,LBT,J. Robert LATHAM / Barry Evan SHORT,26
Weber,UIN01,Governor,,1,IAP,Tommy WILLIAMS / Archie A. WILLIAMS III,21
Weber,UIN01,Governor,,1,,Tom TOMENY / William LANSING TAYLOR,0
Weber,UIN01,Governor,,1,,Write-In Totals,151
Weber,UIN01,Attorney General,,1,REP,Derek BROWN,473
Weber,UIN01,Attorney General,,1,DEM,Rudy J BAUTISTA,106
Weber,UIN01,Attorney General,,1,UUP,Michelle QUIST,39
Weber,UIN01,Attorney General,,1,,Austin HEPWORTH,35
Weber,UIN01,Attorney General,,1,LBT,W. Andrew McCULLOUGH,31
Weber,UIN01,State Auditor,,1,REP,Tina CANNON,510
Weber,UIN01,State Auditor,,1,DEM,Catherine VOUTAZ,125
Weber,UIN01,State Auditor,,1,CON,Jeffery L. OSTLER,39
Weber,UIN01,State Treasurer,,1,REP,Marlo M. OAKS,514
Weber,UIN01,State Treasurer,,1,DEM,Neil A HANSEN,123
Weber,UIN01,State Treasurer,,1,UFP,Miles POMEROY,34
Weber,UIN01,State House,11,1,REP,Katy HALL,558
Weber,UIN01,State House,11,1,REP,Rod HALL,532
Weber,UIN01,State House,11,1,UFP,Laura JOHNSON,144
Weber,UIN01,County Commission,C,1,REP,Jim HARVEY,486
Weber,UIN01,County Commission,C,1,DEM,Steven VAN WAGONER,148
Weber,UIN01,County Commission,C,1,LBT,Brian K ROWLEY,57
Weber,UIN01,County Assessor,,1,REP,John E. ULIBARRI,571
Weber,UIN01,County Recorder/Surveyor,,1,REP,Bahy RAHIMZADEGAN,556
Weber,UIN01,County Treasurer,,1,REP,Lynelle JENSEN,582
Weber,UIN01,Retain Supreme Court Justice-Matthew B. DURRANT,,1,,Yes,430
Weber,UIN01,Retain Supreme Court Justice-Matthew B. DURRANT,,1,,No,154
Weber,UIN01,Retain Appeals Court Judge-Ryan D. TENNEY,,1,,Yes,431
Weber,UIN01,Retain Appeals Court Judge-Ryan D. TENNEY,,1,,No,155
Weber,UIN01,Retain 2nd District Circuit Court Judge-Joseph M. BEAN,,1,,Yes,420
Weber,UIN01,Retain 2nd District Circuit Court Judge-Joseph M. BEAN,,1,,No,159
Weber,UIN01,Retain 2nd District Circuit Court Judge-Ronald G. RUSSELL,,1,,Yes,439
Weber,UIN01,Retain 2nd District Circuit Court Judge-Ronald G. RUSSELL,,1,,No,145
Weber,UIN01,Retain 2nd District Circuit Court Judge-Christina Patricia ORTEGA,,1,,Yes,414
Weber,UIN01,Retain 2nd District Circuit Court Judge-Christina Patricia ORTEGA,,1,,No,168
Weber,UIN01,Retain 2nd District Circuit Court Judge-Craig HALL,,1,,Yes,412
Weber,UIN01,Retain 2nd District Circuit Court Judge-Craig HALL,,1,,No,162
Weber,UIN01,Retain 2nd District Circuit Court Judge-Michael Drio DIREDA,,1,,Yes,430
Weber,UIN01,Retain 2nd District Circuit Court Judge-Michael Drio DIREDA,,1,,No,153
Weber,UIN01,Retain 2nd District Juvenile Circuit Court Judge-Tasha WILLIAMS,,1,,Yes,437
Weber,UIN01,Retain 2nd District Juvenile Circuit Court Judge-Tasha WILLIAMS,,1,,No,147
Weber,UIN01,Constitutional Amendment B,,1,,For,421
Weber,UIN01,Constitutional Amendment B,,1,,Against,256
Weber,UIN01,Constitutional Amendment C,,1,,For,560
Weber,UIN01,Constitutional Amendment C,,1,,Against,123
Weber,UIN01,Proposition 19,,1,,Yes,370
Weber,UIN01,Proposition 19,,1,,No,316
Weber,UIN02,Registered Voters,,,,,26
Weber,UIN02,Ballots Cast,,,,,23
Weber,UIN02,President,,1,REP,Donald J. TRUMP/ JD VANCE,13
Weber,UIN02,President,,1,DEM,Kamala D. HARRIS / Tim WALZ,9
Weber,UIN02,President,,1,,Cornel Ronald WEST / Melina ABDULLAH,0
Weber,UIN02,President,,1,,"Lucifer ""JUSTIN CASE"" EVERYLOVE",0
Weber,UIN02,President,,1,CON,Joel SKOUSEN / Rik COMBS,0
Weber,UIN02,President,,1,GRN,Jill STEIN / Rudolph WARE,0
Weber,UIN02,President,,1,LBT,Chase OLIVER / Mike ter MAAT,0
Weber,UIN02,President,,1,,Claudia de la CRUZ / Karina Alexandra GARCIA,0
Weber,UIN02,President,,1,,Write-In Totals,1
Weber,UIN02,U.S. Senate,,1,REP,John CURTIS,13
Weber,UIN02,U.S. Senate,,1,DEM,Caroline GLEICH,8
Weber,UIN02,U.S. Senate,,1,IAP,Carleton E. BOWEN,1
Weber,UIN02,U.S. Senate,,1,,Write-In Totals,1
Weber,UIN02,U.S. House,1,1,REP,Blake D. MOORE,12
Weber,UIN02,U.S. House,1,1,DEM,Bill CAMPBELL,9
Weber,UIN02,U.S. House,1,1,LBT,Daniel R. COTTAM,1
Weber,UIN02,Governor,,1,DEM,Brian SMITH KING / Rebekah CUMMINGS,8
Weber,UIN02,Governor,,1,REP,Spencer J. COX / Deidre M. HENDERSON,5
Weber,UIN02,Governor,,1,IAP,Tommy WILLIAMS / Archie A. WILLIAMS III,1
Weber,UIN02,Governor,,1,LBT,J. Robert LATHAM / Barry Evan SHORT,0
Weber,UIN02,Governor,,1,,Tom TOMENY / William LANSING TAYLOR,0
Weber,UIN02,Governor,,1,,Write-In Totals,9
Weber,UIN02,Attorney General,,1,REP,Derek BROWN,13
Weber,UIN02,Attorney General,,1,DEM,Rudy J BAUTISTA,7
Weber,UIN02,Attorney General,,1,LBT,W. Andrew McCULLOUGH,1
Weber,UIN02,Attorney General,,1,UUP,Michelle QUIST,1
Weber,UIN02,Attorney General,,1,,Austin HEPWORTH,0
Weber,UIN02,State Auditor,,1,REP,Tina CANNON,13
Weber,UIN02,State Auditor,,1,DEM,Catherine VOUTAZ,7
Weber,UIN02,State Auditor,,1,CON,Jeffery L. OSTLER,1
Weber,UIN02,State Treasurer,,1,REP,Marlo M. OAKS,14
Weber,UIN02,State Treasurer,,1,DEM,Neil A HANSEN,7
Weber,UIN02,State Treasurer,,1,UFP,Miles POMEROY,0
Weber,UIN02,State House,11,1,REP,Katy HALL,13
Weber,UIN02,State House,11,1,REP,Rod HALL,14
Weber,UIN02,State House,11,1,UFP,Laura JOHNSON,4
Weber,UIN02,County Commission,C,1,REP,Jim HARVEY,13
Weber,UIN02,County Commission,C,1,DEM,Steven VAN WAGONER,7
Weber,UIN02,County Commission,C,1,LBT,Brian K ROWLEY,1
Weber,UIN02,County Assessor,,1,REP,John E. ULIBARRI,16
Weber,UIN02,County Recorder/Surveyor,,1,REP,Bahy RAHIMZADEGAN,16
Weber,UIN02,County Treasurer,,1,REP,Lynelle JENSEN,16
Weber,UIN02,Retain Supreme Court Justice-Matthew B. DURRANT,,1,,Yes,15
Weber,UIN02,Retain Supreme Court Justice-Matthew B. DURRANT,,1,,No,2
Weber,UIN02,Retain Appeals Court Judge-Ryan D. TENNEY,,1,,Yes,12
Weber,UIN02,Retain Appeals Court Judge-Ryan D. TENNEY,,1,,No,4
Weber,UIN02,Retain 2nd District Circuit Court Judge-Joseph M. BEAN,,1,,Yes,15
Weber,UIN02,Retain 2nd District Circuit Court Judge-Joseph M. BEAN,,1,,No,2
Weber,UIN02,Retain 2nd District Circuit Court Judge-Ronald G. RUSSELL,,1,,Yes,15
Weber,UIN02,Retain 2nd District Circuit Court Judge-Ronald G. RUSSELL,,1,,No,2
Weber,UIN02,Retain 2nd District Circuit Court Judge-Christina Patricia ORTEGA,,1,,Yes,11
Weber,UIN02,Retain 2nd District Circuit Court Judge-Christina Patricia ORTEGA,,1,,No,6
Weber,UIN02,Retain 2nd District Circuit Court Judge-Craig HALL,,1,,Yes,14
Weber,UIN02,Retain 2nd District Circuit Court Judge-Craig HALL,,1,,No,2
Weber,UIN02,Retain 2nd District Circuit Court Judge-Michael Drio DIREDA,,1,,Yes,14
Weber,UIN02,Retain 2nd District Circuit Court Judge-Michael Drio DIREDA,,1,,No,3
Weber,UIN02,Retain 2nd District Juvenile Circuit Court Judge-Tasha WILLIAMS,,1,,Yes,16
Weber,UIN02,Retain 2nd District Juvenile Circuit Court Judge-Tasha WILLIAMS,,1,,No,1
Weber,UIN02,Constitutional Amendment B,,1,,For,16
Weber,UIN02,Constitutional Amendment B,,1,,Against,7
Weber,UIN02,Constitutional Amendment C,,1,,For,16
Weber,UIN02,Constitutional Amendment C,,1,,Against,6
Weber,UIN02,Proposition 19,,1,,Yes,14
Weber,UIN02,Proposition 19,,1,,No,8
Weber,WAT01,Registered Voters,,,,,756
Weber,WAT01,Ballots Cast,,,,,612
Weber,WAT01,President,,1,REP,Donald J. TRUMP/ JD VANCE,329
Weber,WAT01,President,,1,DEM,Kamala D. HARRIS / Tim WALZ,256
Weber,WAT01,President,,1,GRN,Jill STEIN / Rudolph WARE,6
Weber,WAT01,President,,1,LBT,Chase OLIVER / Mike ter MAAT,6
Weber,WAT01,President,,1,,"Lucifer ""JUSTIN CASE"" EVERYLOVE",3
Weber,WAT01,President,,1,CON,Joel SKOUSEN / Rik COMBS,3
Weber,WAT01,President,,1,,Cornel Ronald WEST / Melina ABDULLAH,0
Weber,WAT01,President,,1,,Claudia de la CRUZ / Karina Alexandra GARCIA,0
Weber,WAT01,President,,1,,Write-In Totals,4
Weber,WAT01,U.S. Senate,,1,REP,John CURTIS,329
Weber,WAT01,U.S. Senate,,1,DEM,Caroline GLEICH,212
Weber,WAT01,U.S. Senate,,1,IAP,Carleton E. BOWEN,44
Weber,WAT01,U.S. Senate,,1,,Write-In Totals,0
Weber,WAT01,U.S. House,1,1,REP,Blake D. MOORE,345
Weber,WAT01,U.S. House,1,1,DEM,Bill CAMPBELL,199
Weber,WAT01,U.S. House,1,1,LBT,Daniel R. COTTAM,34
Weber,WAT01,Governor,,1,REP,Spencer J. COX / Deidre M. HENDERSON,292
Weber,WAT01,Governor,,1,DEM,Brian SMITH KING / Rebekah CUMMINGS,193
Weber,WAT01,Governor,,1,LBT,J. Robert LATHAM / Barry Evan SHORT,22
Weber,WAT01,Governor,,1,IAP,Tommy WILLIAMS / Archie A. WILLIAMS III,14
Weber,WAT01,Governor,,1,,Tom TOMENY / William LANSING TAYLOR,3
Weber,WAT01,Governor,,1,,Write-In Totals,71
Weber,WAT01,Attorney General,,1,REP,Derek BROWN,294
Weber,WAT01,Attorney General,,1,DEM,Rudy J BAUTISTA,181
Weber,WAT01,Attorney General,,1,UUP,Michelle QUIST,49
Weber,WAT01,Attorney General,,1,LBT,W. Andrew McCULLOUGH,30
Weber,WAT01,Attorney General,,1,,Austin HEPWORTH,24
Weber,WAT01,State Auditor,,1,REP,Tina CANNON,331
Weber,WAT01,State Auditor,,1,DEM,Catherine VOUTAZ,189
Weber,WAT01,State Auditor,,1,CON,Jeffery L. OSTLER,45
Weber,WAT01,State Treasurer,,1,REP,Marlo M. OAKS,321
Weber,WAT01,State Treasurer,,1,DEM,Neil A HANSEN,198
Weber,WAT01,State Treasurer,,1,UFP,Miles POMEROY,51
Weber,WAT01,State House,10,1,REP,Jill KOFORD,329
Weber,WAT01,State House,10,1,DEM,Rosemary LESSER,259
Weber,WAT01,State House,10,1,REP,Rod HALL,344
Weber,WAT01,State House,10,1,UFP,Laura JOHNSON,197
Weber,WAT01,County Commission,C,1,REP,Jim HARVEY,306
Weber,WAT01,County Commission,C,1,DEM,Steven VAN WAGONER,217
Weber,WAT01,County Commission,C,1,LBT,Brian K ROWLEY,52
Weber,WAT01,County Assessor,,1,REP,John E. ULIBARRI,447
Weber,WAT01,County Recorder/Surveyor,,1,REP,Bahy RAHIMZADEGAN,422
Weber,WAT01,County Treasurer,,1,REP,Lynelle JENSEN,438
Weber,WAT01,Retain Supreme Court Justice-Matthew B. DURRANT,,1,,Yes,340
Weber,WAT01,Retain Supreme Court Justice-Matthew B. DURRANT,,1,,No,160
Weber,WAT01,Retain Appeals Court Judge-Ryan D. TENNEY,,1,,Yes,357
Weber,WAT01,Retain Appeals Court Judge-Ryan D. TENNEY,,1,,No,135
Weber,WAT01,Retain 2nd District Circuit Court Judge-Joseph M. BEAN,,1,,Yes,356
Weber,WAT01,Retain 2nd District Circuit Court Judge-Joseph M. BEAN,,1,,No,140
Weber,WAT01,Retain 2nd District Circuit Court Judge-Ronald G. RUSSELL,,1,,Yes,366
Weber,WAT01,Retain 2nd District Circuit Court Judge-Ronald G. RUSSELL,,1,,No,129
Weber,WAT01,Retain 2nd District Circuit Court Judge-Christina Patricia ORTEGA,,1,,Yes,360
Weber,WAT01,Retain 2nd District Circuit Court Judge-Christina Patricia ORTEGA,,1,,No,137
Weber,WAT01,Retain 2nd District Circuit Court Judge-Craig HALL,,1,,Yes,350
Weber,WAT01,Retain 2nd District Circuit Court Judge-Craig HALL,,1,,No,143
Weber,WAT01,Retain 2nd District Circuit Court Judge-Michael Drio DIREDA,,1,,Yes,363
Weber,WAT01,Retain 2nd District Circuit Court Judge-Michael Drio DIREDA,,1,,No,134
Weber,WAT01,Retain 2nd District Juvenile Circuit Court Judge-Tasha WILLIAMS,,1,,Yes,372
Weber,WAT01,Retain 2nd District Juvenile Circuit Court Judge-Tasha WILLIAMS,,1,,No,124
Weber,WAT01,Constitutional Amendment B,,1,,For,409
Weber,WAT01,Constitutional Amendment B,,1,,Against,158
Weber,WAT01,Constitutional Amendment C,,1,,For,470
Weber,WAT01,Constitutional Amendment C,,1,,Against,100
Weber,WAT01,Proposition 19,,1,,Yes,407
Weber,WAT01,Proposition 19,,1,,No,170
Weber,WAT02,Registered Voters,,,,,757
Weber,WAT02,Ballots Cast,,,,,611
Weber,WAT02,President,,1,REP,Donald J. TRUMP/ JD VANCE,355
Weber,WAT02,President,,1,DEM,Kamala D. HARRIS / Tim WALZ,224
Weber,WAT02,President,,1,LBT,Chase OLIVER / Mike ter MAAT,10
Weber,WAT02,President,,1,,"Lucifer ""JUSTIN CASE"" EVERYLOVE",4
Weber,WAT02,President,,1,CON,Joel SKOUSEN / Rik COMBS,3
Weber,WAT02,President,,1,GRN,Jill STEIN / Rudolph WARE,3
Weber,WAT02,President,,1,,Claudia de la CRUZ / Karina Alexandra GARCIA,3
Weber,WAT02,President,,1,,Cornel Ronald WEST / Melina ABDULLAH,0
Weber,WAT02,President,,1,,Write-In Totals,5
Weber,WAT02,U.S. Senate,,1,REP,John CURTIS,332
Weber,WAT02,U.S. Senate,,1,DEM,Caroline GLEICH,201
Weber,WAT02,U.S. Senate,,1,IAP,Carleton E. BOWEN,37
Weber,WAT02,U.S. Senate,,1,,Write-In Totals,3
Weber,WAT02,U.S. House,1,1,REP,Blake D. MOORE,334
Weber,WAT02,U.S. House,1,1,DEM,Bill CAMPBELL,195
Weber,WAT02,U.S. House,1,1,LBT,Daniel R. COTTAM,33
Weber,WAT02,Governor,,1,REP,Spencer J. COX / Deidre M. HENDERSON,289
Weber,WAT02,Governor,,1,DEM,Brian SMITH KING / Rebekah CUMMINGS,179
Weber,WAT02,Governor,,1,LBT,J. Robert LATHAM / Barry Evan SHORT,19
Weber,WAT02,Governor,,1,IAP,Tommy WILLIAMS / Archie A. WILLIAMS III,15
Weber,WAT02,Governor,,1,,Tom TOMENY / William LANSING TAYLOR,3
Weber,WAT02,Governor,,1,,Write-In Totals,75
Weber,WAT02,Attorney General,,1,REP,Derek BROWN,299
Weber,WAT02,Attorney General,,1,DEM,Rudy J BAUTISTA,174
Weber,WAT02,Attorney General,,1,LBT,W. Andrew McCULLOUGH,37
Weber,WAT02,Attorney General,,1,UUP,Michelle QUIST,30
Weber,WAT02,Attorney General,,1,,Austin HEPWORTH,25
Weber,WAT02,State Auditor,,1,REP,Tina CANNON,329
Weber,WAT02,State Auditor,,1,DEM,Catherine VOUTAZ,189
Weber,WAT02,State Auditor,,1,CON,Jeffery L. OSTLER,37
Weber,WAT02,State Treasurer,,1,REP,Marlo M. OAKS,318
Weber,WAT02,State Treasurer,,1,DEM,Neil A HANSEN,192
Weber,WAT02,State Treasurer,,1,UFP,Miles POMEROY,42
Weber,WAT02,State House,10,1,REP,Jill KOFORD,354
Weber,WAT02,State House,10,1,DEM,Rosemary LESSER,227
Weber,WAT02,State House,10,1,REP,Rod HALL,369
Weber,WAT02,State House,10,1,UFP,Laura JOHNSON,167
Weber,WAT02,County Commission,C,1,REP,Jim HARVEY,297
Weber,WAT02,County Commission,C,1,DEM,Steven VAN WAGONER,212
Weber,WAT02,County Commission,C,1,LBT,Brian K ROWLEY,52
Weber,WAT02,County Assessor,,1,REP,John E. ULIBARRI,453
Weber,WAT02,County Recorder/Surveyor,,1,REP,Bahy RAHIMZADEGAN,440
Weber,WAT02,County Treasurer,,1,REP,Lynelle JENSEN,454
Weber,WAT02,Retain Supreme Court Justice-Matthew B. DURRANT,,1,,Yes,327
Weber,WAT02,Retain Supreme Court Justice-Matthew B. DURRANT,,1,,No,158
Weber,WAT02,Retain Appeals Court Judge-Ryan D. TENNEY,,1,,Yes,324
Weber,WAT02,Retain Appeals Court Judge-Ryan D. TENNEY,,1,,No,158
Weber,WAT02,Retain 2nd District Circuit Court Judge-Joseph M. BEAN,,1,,Yes,321
Weber,WAT02,Retain 2nd District Circuit Court Judge-Joseph M. BEAN,,1,,No,160
Weber,WAT02,Retain 2nd District Circuit Court Judge-Ronald G. RUSSELL,,1,,Yes,323
Weber,WAT02,Retain 2nd District Circuit Court Judge-Ronald G. RUSSELL,,1,,No,157
Weber,WAT02,Retain 2nd District Circuit Court Judge-Christina Patricia ORTEGA,,1,,Yes,340
Weber,WAT02,Retain 2nd District Circuit Court Judge-Christina Patricia ORTEGA,,1,,No,143
Weber,WAT02,Retain 2nd District Circuit Court Judge-Craig HALL,,1,,Yes,327
Weber,WAT02,Retain 2nd District Circuit Court Judge-Craig HALL,,1,,No,156
Weber,WAT02,Retain 2nd District Circuit Court Judge-Michael Drio DIREDA,,1,,Yes,330
Weber,WAT02,Retain 2nd District Circuit Court Judge-Michael Drio DIREDA,,1,,No,156
Weber,WAT02,Retain 2nd District Juvenile Circuit Court Judge-Tasha WILLIAMS,,1,,Yes,336
Weber,WAT02,Retain 2nd District Juvenile Circuit Court Judge-Tasha WILLIAMS,,1,,No,149
Weber,WAT02,Constitutional Amendment B,,1,,For,366
Weber,WAT02,Constitutional Amendment B,,1,,Against,196
Weber,WAT02,Constitutional Amendment C,,1,,For,471
Weber,WAT02,Constitutional Amendment C,,1,,Against,98
Weber,WAT02,Proposition 19,,1,,Yes,381
Weber,WAT02,Proposition 19,,1,,No,190
Weber,WAT03,Registered Voters,,,,,1173
Weber,WAT03,Ballots Cast,,,,,948
Weber,WAT03,President,,1,REP,Donald J. TRUMP/ JD VANCE,517
Weber,WAT03,President,,1,DEM,Kamala D. HARRIS / Tim WALZ,379
Weber,WAT03,President,,1,LBT,Chase OLIVER / Mike ter MAAT,11
Weber,WAT03,President,,1,,Claudia de la CRUZ / Karina Alexandra GARCIA,8
Weber,WAT03,President,,1,GRN,Jill STEIN / Rudolph WARE,6
Weber,WAT03,President,,1,CON,Joel SKOUSEN / Rik COMBS,5
Weber,WAT03,President,,1,,Cornel Ronald WEST / Melina ABDULLAH,4
Weber,WAT03,President,,1,,"Lucifer ""JUSTIN CASE"" EVERYLOVE",4
Weber,WAT03,President,,1,,Write-In Totals,8
Weber,WAT03,U.S. Senate,,1,REP,John CURTIS,503
Weber,WAT03,U.S. Senate,,1,DEM,Caroline GLEICH,333
Weber,WAT03,U.S. Senate,,1,IAP,Carleton E. BOWEN,51
Weber,WAT03,U.S. Senate,,1,,Write-In Totals,2
Weber,WAT03,U.S. House,1,1,REP,Blake D. MOORE,518
Weber,WAT03,U.S. House,1,1,DEM,Bill CAMPBELL,305
Weber,WAT03,U.S. House,1,1,LBT,Daniel R. COTTAM,46
Weber,WAT03,Governor,,1,REP,Spencer J. COX / Deidre M. HENDERSON,466
Weber,WAT03,Governor,,1,DEM,Brian SMITH KING / Rebekah CUMMINGS,281
Weber,WAT03,Governor,,1,LBT,J. Robert LATHAM / Barry Evan SHORT,33
Weber,WAT03,Governor,,1,IAP,Tommy WILLIAMS / Archie A. WILLIAMS III,32
Weber,WAT03,Governor,,1,,Tom TOMENY / William LANSING TAYLOR,4
Weber,WAT03,Governor,,1,,Write-In Totals,92
Weber,WAT03,Attorney General,,1,REP,Derek BROWN,455
Weber,WAT03,Attorney General,,1,DEM,Rudy J BAUTISTA,281
Weber,WAT03,Attorney General,,1,UUP,Michelle QUIST,78
Weber,WAT03,Attorney General,,1,LBT,W. Andrew McCULLOUGH,42
Weber,WAT03,Attorney General,,1,,Austin HEPWORTH,21
Weber,WAT03,State Auditor,,1,REP,Tina CANNON,486
Weber,WAT03,State Auditor,,1,DEM,Catherine VOUTAZ,327
Weber,WAT03,State Auditor,,1,CON,Jeffery L. OSTLER,51
Weber,WAT03,State Treasurer,,1,REP,Marlo M. OAKS,503
Weber,WAT03,State Treasurer,,1,DEM,Neil A HANSEN,304
Weber,WAT03,State Treasurer,,1,UFP,Miles POMEROY,61
Weber,WAT03,State House,11,1,REP,Katy HALL,622
Weber,WAT03,State House,11,1,REP,Rod HALL,529
Weber,WAT03,State House,11,1,UFP,Laura JOHNSON,294
Weber,WAT03,County Commission,C,1,REP,Jim HARVEY,492
Weber,WAT03,County Commission,C,1,DEM,Steven VAN WAGONER,303
Weber,WAT03,County Commission,C,1,LBT,Brian K ROWLEY,74
Weber,WAT03,County Assessor,,1,REP,John E. ULIBARRI,659
Weber,WAT03,County Recorder/Surveyor,,1,REP,Bahy RAHIMZADEGAN,643
Weber,WAT03,County Treasurer,,1,REP,Lynelle JENSEN,670
Weber,WAT03,Weber School Board,5,1,,Douglas R. HURST,654
Weber,WAT03,Retain Supreme Court Justice-Matthew B. DURRANT,,1,,Yes,580
Weber,WAT03,Retain Supreme Court Justice-Matthew B. DURRANT,,1,,No,193
Weber,WAT03,Retain Appeals Court Judge-Ryan D. TENNEY,,1,,Yes,587
Weber,WAT03,Retain Appeals Court Judge-Ryan D. TENNEY,,1,,No,180
Weber,WAT03,Retain 2nd District Circuit Court Judge-Joseph M. BEAN,,1,,Yes,585
Weber,WAT03,Retain 2nd District Circuit Court Judge-Joseph M. BEAN,,1,,No,184
Weber,WAT03,Retain 2nd District Circuit Court Judge-Ronald G. RUSSELL,,1,,Yes,595
Weber,WAT03,Retain 2nd District Circuit Court Judge-Ronald G. RUSSELL,,1,,No,173
Weber,WAT03,Retain 2nd District Circuit Court Judge-Christina Patricia ORTEGA,,1,,Yes,603
Weber,WAT03,Retain 2nd District Circuit Court Judge-Christina Patricia ORTEGA,,1,,No,173
Weber,WAT03,Retain 2nd District Circuit Court Judge-Craig HALL,,1,,Yes,574
Weber,WAT03,Retain 2nd District Circuit Court Judge-Craig HALL,,1,,No,188
Weber,WAT03,Retain 2nd District Circuit Court Judge-Michael Drio DIREDA,,1,,Yes,591
Weber,WAT03,Retain 2nd District Circuit Court Judge-Michael Drio DIREDA,,1,,No,177
Weber,WAT03,Retain 2nd District Juvenile Circuit Court Judge-Tasha WILLIAMS,,1,,Yes,610
Weber,WAT03,Retain 2nd District Juvenile Circuit Court Judge-Tasha WILLIAMS,,1,,No,165
Weber,WAT03,Constitutional Amendment B,,1,,For,591
Weber,WAT03,Constitutional Amendment B,,1,,Against,276
Weber,WAT03,Constitutional Amendment C,,1,,For,719
Weber,WAT03,Constitutional Amendment C,,1,,Against,150
Weber,WAT03,Proposition 19,,1,,Yes,599
Weber,WAT03,Proposition 19,,1,,No,273
Weber,WAT04,Registered Voters,,,,,1019
Weber,WAT04,Ballots Cast,,,,,891
Weber,WAT04,President,,1,REP,Donald J. TRUMP/ JD VANCE,461
Weber,WAT04,President,,1,DEM,Kamala D. HARRIS / Tim WALZ,392
Weber,WAT04,President,,1,LBT,Chase OLIVER / Mike ter MAAT,9
Weber,WAT04,President,,1,CON,Joel SKOUSEN / Rik COMBS,4
Weber,WAT04,President,,1,,Cornel Ronald WEST / Melina ABDULLAH,3
Weber,WAT04,President,,1,GRN,Jill STEIN / Rudolph WARE,3
Weber,WAT04,President,,1,,"Lucifer ""JUSTIN CASE"" EVERYLOVE",2
Weber,WAT04,President,,1,,Claudia de la CRUZ / Karina Alexandra GARCIA,1
Weber,WAT04,President,,1,,Write-In Totals,12
Weber,WAT04,U.S. Senate,,1,REP,John CURTIS,497
Weber,WAT04,U.S. Senate,,1,DEM,Caroline GLEICH,324
Weber,WAT04,U.S. Senate,,1,IAP,Carleton E. BOWEN,37
Weber,WAT04,U.S. Senate,,1,,Write-In Totals,2
Weber,WAT04,U.S. House,1,1,REP,Blake D. MOORE,499
Weber,WAT04,U.S. House,1,1,DEM,Bill CAMPBELL,301
Weber,WAT04,U.S. House,1,1,LBT,Daniel R. COTTAM,49
Weber,WAT04,Governor,,1,REP,Spencer J. COX / Deidre M. HENDERSON,457
Weber,WAT04,Governor,,1,DEM,Brian SMITH KING / Rebekah CUMMINGS,282
Weber,WAT04,Governor,,1,LBT,J. Robert LATHAM / Barry Evan SHORT,21
Weber,WAT04,Governor,,1,IAP,Tommy WILLIAMS / Archie A. WILLIAMS III,16
Weber,WAT04,Governor,,1,,Tom TOMENY / William LANSING TAYLOR,5
Weber,WAT04,Governor,,1,,Write-In Totals,82
Weber,WAT04,Attorney General,,1,REP,Derek BROWN,438
Weber,WAT04,Attorney General,,1,DEM,Rudy J BAUTISTA,289
Weber,WAT04,Attorney General,,1,UUP,Michelle QUIST,58
Weber,WAT04,Attorney General,,1,LBT,W. Andrew McCULLOUGH,41
Weber,WAT04,Attorney General,,1,,Austin HEPWORTH,18
Weber,WAT04,State Auditor,,1,REP,Tina CANNON,492
Weber,WAT04,State Auditor,,1,DEM,Catherine VOUTAZ,303
Weber,WAT04,State Auditor,,1,CON,Jeffery L. OSTLER,35
Weber,WAT04,State Treasurer,,1,REP,Marlo M. OAKS,466
Weber,WAT04,State Treasurer,,1,DEM,Neil A HANSEN,304
Weber,WAT04,State Treasurer,,1,UFP,Miles POMEROY,63
Weber,WAT04,State House,11,1,REP,Katy HALL,609
Weber,WAT04,State House,11,1,REP,Rod HALL,542
Weber,WAT04,State House,11,1,UFP,Laura JOHNSON,252
Weber,WAT04,County Commission,C,1,REP,Jim HARVEY,443
Weber,WAT04,County Commission,C,1,DEM,Steven VAN WAGONER,347
Weber,WAT04,County Commission,C,1,LBT,Brian K ROWLEY,56
Weber,WAT04,County Assessor,,1,REP,John E. ULIBARRI,646
Weber,WAT04,County Recorder/Surveyor,,1,REP,Bahy RAHIMZADEGAN,646
Weber,WAT04,County Treasurer,,1,REP,Lynelle JENSEN,658
Weber,WAT04,Weber School Board,5,1,,Douglas R. HURST,653
Weber,WAT04,Retain Supreme Court Justice-Matthew B. DURRANT,,1,,Yes,550
Weber,WAT04,Retain Supreme Court Justice-Matthew B. DURRANT,,1,,No,167
Weber,WAT04,Retain Appeals Court Judge-Ryan D. TENNEY,,1,,Yes,553
Weber,WAT04,Retain Appeals Court Judge-Ryan D. TENNEY,,1,,No,155
Weber,WAT04,Retain 2nd District Circuit Court Judge-Joseph M. BEAN,,1,,Yes,561
Weber,WAT04,Retain 2nd District Circuit Court Judge-Joseph M. BEAN,,1,,No,157
Weber,WAT04,Retain 2nd District Circuit Court Judge-Ronald G. RUSSELL,,1,,Yes,557
Weber,WAT04,Retain 2nd District Circuit Court Judge-Ronald G. RUSSELL,,1,,No,152
Weber,WAT04,Retain 2nd District Circuit Court Judge-Christina Patricia ORTEGA,,1,,Yes,562
Weber,WAT04,Retain 2nd District Circuit Court Judge-Christina Patricia ORTEGA,,1,,No,149
Weber,WAT04,Retain 2nd District Circuit Court Judge-Craig HALL,,1,,Yes,548
Weber,WAT04,Retain 2nd District Circuit Court Judge-Craig HALL,,1,,No,162
Weber,WAT04,Retain 2nd District Circuit Court Judge-Michael Drio DIREDA,,1,,Yes,558
Weber,WAT04,Retain 2nd District Circuit Court Judge-Michael Drio DIREDA,,1,,No,157
Weber,WAT04,Retain 2nd District Juvenile Circuit Court Judge-Tasha WILLIAMS,,1,,Yes,584
Weber,WAT04,Retain 2nd District Juvenile Circuit Court Judge-Tasha WILLIAMS,,1,,No,133
Weber,WAT04,Constitutional Amendment B,,1,,For,536
Weber,WAT04,Constitutional Amendment B,,1,,Against,277
Weber,WAT04,Constitutional Amendment C,,1,,For,664
Weber,WAT04,Constitutional Amendment C,,1,,Against,162
Weber,WAT04,Proposition 19,,1,,Yes,582
Weber,WAT04,Proposition 19,,1,,No,252
Weber,WAT05,Registered Voters,,,,,826
Weber,WAT05,Ballots Cast,,,,,722
Weber,WAT05,President,,1,REP,Donald J. TRUMP/ JD VANCE,391
Weber,WAT05,President,,1,DEM,Kamala D. HARRIS / Tim WALZ,295
Weber,WAT05,President,,1,LBT,Chase OLIVER / Mike ter MAAT,6
Weber,WAT05,President,,1,CON,Joel SKOUSEN / Rik COMBS,4
Weber,WAT05,President,,1,GRN,Jill STEIN / Rudolph WARE,3
Weber,WAT05,President,,1,,"Lucifer ""JUSTIN CASE"" EVERYLOVE",1
Weber,WAT05,President,,1,,Claudia de la CRUZ / Karina Alexandra GARCIA,1
Weber,WAT05,President,,1,,Cornel Ronald WEST / Melina ABDULLAH,0
Weber,WAT05,President,,1,,Write-In Totals,10
Weber,WAT05,U.S. Senate,,1,REP,John CURTIS,429
Weber,WAT05,U.S. Senate,,1,DEM,Caroline GLEICH,229
Weber,WAT05,U.S. Senate,,1,IAP,Carleton E. BOWEN,32
Weber,WAT05,U.S. Senate,,1,,Write-In Totals,2
Weber,WAT05,U.S. House,1,1,REP,Blake D. MOORE,443
Weber,WAT05,U.S. House,1,1,DEM,Bill CAMPBELL,225
Weber,WAT05,U.S. House,1,1,LBT,Daniel R. COTTAM,18
Weber,WAT05,Governor,,1,REP,Spencer J. COX / Deidre M. HENDERSON,391
Weber,WAT05,Governor,,1,DEM,Brian SMITH KING / Rebekah CUMMINGS,201
Weber,WAT05,Governor,,1,LBT,J. Robert LATHAM / Barry Evan SHORT,20
Weber,WAT05,Governor,,1,IAP,Tommy WILLIAMS / Archie A. WILLIAMS III,8
Weber,WAT05,Governor,,1,,Tom TOMENY / William LANSING TAYLOR,1
Weber,WAT05,Governor,,1,,Write-In Totals,82
Weber,WAT05,Attorney General,,1,REP,Derek BROWN,414
Weber,WAT05,Attorney General,,1,DEM,Rudy J BAUTISTA,200
Weber,WAT05,Attorney General,,1,UUP,Michelle QUIST,45
Weber,WAT05,Attorney General,,1,LBT,W. Andrew McCULLOUGH,16
Weber,WAT05,Attorney General,,1,,Austin HEPWORTH,11
Weber,WAT05,State Auditor,,1,REP,Tina CANNON,415
Weber,WAT05,State Auditor,,1,DEM,Catherine VOUTAZ,231
Weber,WAT05,State Auditor,,1,CON,Jeffery L. OSTLER,31
Weber,WAT05,State Treasurer,,1,REP,Marlo M. OAKS,415
Weber,WAT05,State Treasurer,,1,DEM,Neil A HANSEN,226
Weber,WAT05,State Treasurer,,1,UFP,Miles POMEROY,27
Weber,WAT05,State House,11,1,REP,Katy HALL,496
Weber,WAT05,State House,11,1,REP,Rod HALL,442
Weber,WAT05,State House,11,1,UFP,Laura JOHNSON,193
Weber,WAT05,County Commission,C,1,REP,Jim HARVEY,414
Weber,WAT05,County Commission,C,1,DEM,Steven VAN WAGONER,240
Weber,WAT05,County Commission,C,1,LBT,Brian K ROWLEY,32
Weber,WAT05,County Assessor,,1,REP,John E. ULIBARRI,540
Weber,WAT05,County Recorder/Surveyor,,1,REP,Bahy RAHIMZADEGAN,518
Weber,WAT05,County Treasurer,,1,REP,Lynelle JENSEN,534
Weber,WAT05,Weber School Board,5,1,,Douglas R. HURST,551
Weber,WAT05,Retain Supreme Court Justice-Matthew B. DURRANT,,1,,Yes,469
Weber,WAT05,Retain Supreme Court Justice-Matthew B. DURRANT,,1,,No,113
Weber,WAT05,Retain Appeals Court Judge-Ryan D. TENNEY,,1,,Yes,458
Weber,WAT05,Retain Appeals Court Judge-Ryan D. TENNEY,,1,,No,116
Weber,WAT05,Retain 2nd District Circuit Court Judge-Joseph M. BEAN,,1,,Yes,451
Weber,WAT05,Retain 2nd District Circuit Court Judge-Joseph M. BEAN,,1,,No,123
Weber,WAT05,Retain 2nd District Circuit Court Judge-Ronald G. RUSSELL,,1,,Yes,468
Weber,WAT05,Retain 2nd District Circuit Court Judge-Ronald G. RUSSELL,,1,,No,112
Weber,WAT05,Retain 2nd District Circuit Court Judge-Christina Patricia ORTEGA,,1,,Yes,452
Weber,WAT05,Retain 2nd District Circuit Court Judge-Christina Patricia ORTEGA,,1,,No,127
Weber,WAT05,Retain 2nd District Circuit Court Judge-Craig HALL,,1,,Yes,454
Weber,WAT05,Retain 2nd District Circuit Court Judge-Craig HALL,,1,,No,125
Weber,WAT05,Retain 2nd District Circuit Court Judge-Michael Drio DIREDA,,1,,Yes,465
Weber,WAT05,Retain 2nd District Circuit Court Judge-Michael Drio DIREDA,,1,,No,114
Weber,WAT05,Retain 2nd District Juvenile Circuit Court Judge-Tasha WILLIAMS,,1,,Yes,475
Weber,WAT05,Retain 2nd District Juvenile Circuit Court Judge-Tasha WILLIAMS,,1,,No,101
Weber,WAT05,Constitutional Amendment B,,1,,For,459
Weber,WAT05,Constitutional Amendment B,,1,,Against,200
Weber,WAT05,Constitutional Amendment C,,1,,For,545
Weber,WAT05,Constitutional Amendment C,,1,,Against,114
Weber,WAT05,Proposition 19,,1,,Yes,467
Weber,WAT05,Proposition 19,,1,,No,211
Weber,WHV01,Registered Voters,,,,,1414
Weber,WHV01,Ballots Cast,,,,,1230
Weber,WHV01,President,,1,REP,Donald J. TRUMP/ JD VANCE,811
Weber,WHV01,President,,1,DEM,Kamala D. HARRIS / Tim WALZ,366
Weber,WHV01,President,,1,LBT,Chase OLIVER / Mike ter MAAT,16
Weber,WHV01,President,,1,,Claudia de la CRUZ / Karina Alexandra GARCIA,3
Weber,WHV01,President,,1,CON,Joel SKOUSEN / Rik COMBS,2
Weber,WHV01,President,,1,GRN,Jill STEIN / Rudolph WARE,2
Weber,WHV01,President,,1,,Cornel Ronald WEST / Melina ABDULLAH,1
Weber,WHV01,President,,1,,"Lucifer ""JUSTIN CASE"" EVERYLOVE",0
Weber,WHV01,President,,1,,Write-In Totals,18
Weber,WHV01,U.S. Senate,,1,REP,John CURTIS,763
Weber,WHV01,U.S. Senate,,1,DEM,Caroline GLEICH,332
Weber,WHV01,U.S. Senate,,1,IAP,Carleton E. BOWEN,71
Weber,WHV01,U.S. Senate,,1,,Write-In Totals,7
Weber,WHV01,U.S. House,1,1,REP,Blake D. MOORE,776
Weber,WHV01,U.S. House,1,1,DEM,Bill CAMPBELL,318
Weber,WHV01,U.S. House,1,1,LBT,Daniel R. COTTAM,62
Weber,WHV01,Governor,,1,REP,Spencer J. COX / Deidre M. HENDERSON,660
Weber,WHV01,Governor,,1,DEM,Brian SMITH KING / Rebekah CUMMINGS,289
Weber,WHV01,Governor,,1,LBT,J. Robert LATHAM / Barry Evan SHORT,50
Weber,WHV01,Governor,,1,IAP,Tommy WILLIAMS / Archie A. WILLIAMS III,29
Weber,WHV01,Governor,,1,,Tom TOMENY / William LANSING TAYLOR,1
Weber,WHV01,Governor,,1,,Write-In Totals,162
Weber,WHV01,Attorney General,,1,REP,Derek BROWN,705
Weber,WHV01,Attorney General,,1,DEM,Rudy J BAUTISTA,288
Weber,WHV01,Attorney General,,1,UUP,Michelle QUIST,71
Weber,WHV01,Attorney General,,1,LBT,W. Andrew McCULLOUGH,51
Weber,WHV01,Attorney General,,1,,Austin HEPWORTH,38
Weber,WHV01,State Auditor,,1,REP,Tina CANNON,776
Weber,WHV01,State Auditor,,1,DEM,Catherine VOUTAZ,297
Weber,WHV01,State Auditor,,1,CON,Jeffery L. OSTLER,58
Weber,WHV01,State Treasurer,,1,REP,Marlo M. OAKS,787
Weber,WHV01,State Treasurer,,1,DEM,Neil A HANSEN,272
Weber,WHV01,State Treasurer,,1,UFP,Miles POMEROY,73
Weber,WHV01,State Senate,4,1,REP,Calvin Ray MUSSELMAN,826
Weber,WHV01,State House,9,1,REP,Jake SAWYER,757
Weber,WHV01,State House,9,1,DEM,Angela CHOBERKA,332
Weber,WHV01,State House,9,1,LBT,Jacob K. JOHNSON,60
Weber,WHV01,County Commission,C,1,REP,Jim HARVEY,729
Weber,WHV01,County Commission,C,1,DEM,Steven VAN WAGONER,342
Weber,WHV01,County Commission,C,1,LBT,Brian K ROWLEY,83
Weber,WHV01,County Assessor,,1,REP,John E. ULIBARRI,925
Weber,WHV01,County Recorder/Surveyor,,1,REP,Bahy RAHIMZADEGAN,911
Weber,WHV01,County Treasurer,,1,REP,Lynelle JENSEN,927
Weber,WHV01,Retain Supreme Court Justice-Matthew B. DURRANT,,1,,Yes,744
Weber,WHV01,Retain Supreme Court Justice-Matthew B. DURRANT,,1,,No,234
Weber,WHV01,Retain Appeals Court Judge-Ryan D. TENNEY,,1,,Yes,746
Weber,WHV01,Retain Appeals Court Judge-Ryan D. TENNEY,,1,,No,217
Weber,WHV01,Retain 2nd District Circuit Court Judge-Joseph M. BEAN,,1,,Yes,730
Weber,WHV01,Retain 2nd District Circuit Court Judge-Joseph M. BEAN,,1,,No,227
Weber,WHV01,Retain 2nd District Circuit Court Judge-Ronald G. RUSSELL,,1,,Yes,756
Weber,WHV01,Retain 2nd District Circuit Court Judge-Ronald G. RUSSELL,,1,,No,202
Weber,WHV01,Retain 2nd District Circuit Court Judge-Christina Patricia ORTEGA,,1,,Yes,723
Weber,WHV01,Retain 2nd District Circuit Court Judge-Christina Patricia ORTEGA,,1,,No,239
Weber,WHV01,Retain 2nd District Circuit Court Judge-Craig HALL,,1,,Yes,734
Weber,WHV01,Retain 2nd District Circuit Court Judge-Craig HALL,,1,,No,221
Weber,WHV01,Retain 2nd District Circuit Court Judge-Michael Drio DIREDA,,1,,Yes,750
Weber,WHV01,Retain 2nd District Circuit Court Judge-Michael Drio DIREDA,,1,,No,209
Weber,WHV01,Retain 2nd District Juvenile Circuit Court Judge-Tasha WILLIAMS,,1,,Yes,760
Weber,WHV01,Retain 2nd District Juvenile Circuit Court Judge-Tasha WILLIAMS,,1,,No,202
Weber,WHV01,Constitutional Amendment B,,1,,For,821
Weber,WHV01,Constitutional Amendment B,,1,,Against,300
Weber,WHV01,Constitutional Amendment C,,1,,For,945
Weber,WHV01,Constitutional Amendment C,,1,,Against,169
Weber,WHV01,Proposition 19,,1,,Yes,693
Weber,WHV01,Proposition 19,,1,,No,439
Weber,WHV02,Registered Voters,,,,,323
Weber,WHV02,Ballots Cast,,,,,240
Weber,WHV02,President,,1,REP,Donald J. TRUMP/ JD VANCE,127
Weber,WHV02,President,,1,DEM,Kamala D. HARRIS / Tim WALZ,104
Weber,WHV02,President,,1,LBT,Chase OLIVER / Mike ter MAAT,3
Weber,WHV02,President,,1,CON,Joel SKOUSEN / Rik COMBS,2
Weber,WHV02,President,,1,GRN,Jill STEIN / Rudolph WARE,1
Weber,WHV02,President,,1,,Cornel Ronald WEST / Melina ABDULLAH,0
Weber,WHV02,President,,1,,"Lucifer ""JUSTIN CASE"" EVERYLOVE",0
Weber,WHV02,President,,1,,Claudia de la CRUZ / Karina Alexandra GARCIA,0
Weber,WHV02,President,,1,,Write-In Totals,2
Weber,WHV02,U.S. Senate,,1,REP,John CURTIS,115
Weber,WHV02,U.S. Senate,,1,DEM,Caroline GLEICH,95
Weber,WHV02,U.S. Senate,,1,IAP,Carleton E. BOWEN,13
Weber,WHV02,U.S. Senate,,1,,Write-In Totals,1
Weber,WHV02,U.S. House,1,1,REP,Blake D. MOORE,118
Weber,WHV02,U.S. House,1,1,DEM,Bill CAMPBELL,94
Weber,WHV02,U.S. House,1,1,LBT,Daniel R. COTTAM,7
Weber,WHV02,Governor,,1,REP,Spencer J. COX / Deidre M. HENDERSON,107
Weber,WHV02,Governor,,1,DEM,Brian SMITH KING / Rebekah CUMMINGS,86
Weber,WHV02,Governor,,1,LBT,J. Robert LATHAM / Barry Evan SHORT,10
Weber,WHV02,Governor,,1,IAP,Tommy WILLIAMS / Archie A. WILLIAMS III,9
Weber,WHV02,Governor,,1,,Tom TOMENY / William LANSING TAYLOR,1
Weber,WHV02,Governor,,1,,Write-In Totals,17
Weber,WHV02,Attorney General,,1,REP,Derek BROWN,105
Weber,WHV02,Attorney General,,1,DEM,Rudy J BAUTISTA,87
Weber,WHV02,Attorney General,,1,LBT,W. Andrew McCULLOUGH,12
Weber,WHV02,Attorney General,,1,UUP,Michelle QUIST,7
Weber,WHV02,Attorney General,,1,,Austin HEPWORTH,6
Weber,WHV02,State Auditor,,1,REP,Tina CANNON,110
Weber,WHV02,State Auditor,,1,DEM,Catherine VOUTAZ,89
Weber,WHV02,State Auditor,,1,CON,Jeffery L. OSTLER,9
Weber,WHV02,State Treasurer,,1,REP,Marlo M. OAKS,109
Weber,WHV02,State Treasurer,,1,DEM,Neil A HANSEN,81
Weber,WHV02,State Treasurer,,1,UFP,Miles POMEROY,17
Weber,WHV02,State Senate,3,1,REP,John D. JOHNSON,113
Weber,WHV02,State Senate,3,1,DEM,Stacy BERNAL,101
Weber,WHV02,State House,9,1,REP,Jake SAWYER,108
Weber,WHV02,State House,9,1,DEM,Angela CHOBERKA,90
Weber,WHV02,State House,9,1,LBT,Jacob K. JOHNSON,7
Weber,WHV02,County Commission,C,1,REP,Jim HARVEY,108
Weber,WHV02,County Commission,C,1,DEM,Steven VAN WAGONER,92
Weber,WHV02,County Commission,C,1,LBT,Brian K ROWLEY,15
Weber,WHV02,County Assessor,,1,REP,John E. ULIBARRI,150
Weber,WHV02,County Recorder/Surveyor,,1,REP,Bahy RAHIMZADEGAN,150
Weber,WHV02,County Treasurer,,1,REP,Lynelle JENSEN,156
Weber,WHV02,Retain Supreme Court Justice-Matthew B. DURRANT,,1,,Yes,131
Weber,WHV02,Retain Supreme Court Justice-Matthew B. DURRANT,,1,,No,51
Weber,WHV02,Retain Appeals Court Judge-Ryan D. TENNEY,,1,,Yes,127
Weber,WHV02,Retain Appeals Court Judge-Ryan D. TENNEY,,1,,No,51
Weber,WHV02,Retain 2nd District Circuit Court Judge-Joseph M. BEAN,,1,,Yes,129
Weber,WHV02,Retain 2nd District Circuit Court Judge-Joseph M. BEAN,,1,,No,46
Weber,WHV02,Retain 2nd District Circuit Court Judge-Ronald G. RUSSELL,,1,,Yes,130
Weber,WHV02,Retain 2nd District Circuit Court Judge-Ronald G. RUSSELL,,1,,No,48
Weber,WHV02,Retain 2nd District Circuit Court Judge-Christina Patricia ORTEGA,,1,,Yes,141
Weber,WHV02,Retain 2nd District Circuit Court Judge-Christina Patricia ORTEGA,,1,,No,39
Weber,WHV02,Retain 2nd District Circuit Court Judge-Craig HALL,,1,,Yes,124
Weber,WHV02,Retain 2nd District Circuit Court Judge-Craig HALL,,1,,No,55
Weber,WHV02,Retain 2nd District Circuit Court Judge-Michael Drio DIREDA,,1,,Yes,135
Weber,WHV02,Retain 2nd District Circuit Court Judge-Michael Drio DIREDA,,1,,No,45
Weber,WHV02,Retain 2nd District Juvenile Circuit Court Judge-Tasha WILLIAMS,,1,,Yes,148
Weber,WHV02,Retain 2nd District Juvenile Circuit Court Judge-Tasha WILLIAMS,,1,,No,32
Weber,WHV02,Constitutional Amendment B,,1,,For,140
Weber,WHV02,Constitutional Amendment B,,1,,Against,63
Weber,WHV02,Constitutional Amendment C,,1,,For,179
Weber,WHV02,Constitutional Amendment C,,1,,Against,26
Weber,WHV02,Proposition 19,,1,,Yes,133
Weber,WHV02,Proposition 19,,1,,No,76
Weber,WHV03,Registered Voters,,,,,378
Weber,WHV03,Ballots Cast,,,,,325
Weber,WHV03,President,,1,REP,Donald J. TRUMP/ JD VANCE,259
Weber,WHV03,President,,1,DEM,Kamala D. HARRIS / Tim WALZ,50
Weber,WHV03,President,,1,LBT,Chase OLIVER / Mike ter MAAT,3
Weber,WHV03,President,,1,GRN,Jill STEIN / Rudolph WARE,2
Weber,WHV03,President,,1,,"Lucifer ""JUSTIN CASE"" EVERYLOVE",1
Weber,WHV03,President,,1,CON,Joel SKOUSEN / Rik COMBS,1
Weber,WHV03,President,,1,,Cornel Ronald WEST / Melina ABDULLAH,0
Weber,WHV03,President,,1,,Claudia de la CRUZ / Karina Alexandra GARCIA,0
Weber,WHV03,President,,1,,Write-In Totals,7
Weber,WHV03,U.S. Senate,,1,REP,John CURTIS,240
Weber,WHV03,U.S. Senate,,1,DEM,Caroline GLEICH,41
Weber,WHV03,U.S. Senate,,1,IAP,Carleton E. BOWEN,26
Weber,WHV03,U.S. Senate,,1,,Write-In Totals,0
Weber,WHV03,U.S. House,1,1,REP,Blake D. MOORE,246
Weber,WHV03,U.S. House,1,1,DEM,Bill CAMPBELL,43
Weber,WHV03,U.S. House,1,1,LBT,Daniel R. COTTAM,14
Weber,WHV03,Governor,,1,REP,Spencer J. COX / Deidre M. HENDERSON,181
Weber,WHV03,Governor,,1,DEM,Brian SMITH KING / Rebekah CUMMINGS,33
Weber,WHV03,Governor,,1,LBT,J. Robert LATHAM / Barry Evan SHORT,8
Weber,WHV03,Governor,,1,IAP,Tommy WILLIAMS / Archie A. WILLIAMS III,6
Weber,WHV03,Governor,,1,,Tom TOMENY / William LANSING TAYLOR,3
Weber,WHV03,Governor,,1,,Write-In Totals,77
Weber,WHV03,Attorney General,,1,REP,Derek BROWN,235
Weber,WHV03,Attorney General,,1,DEM,Rudy J BAUTISTA,39
Weber,WHV03,Attorney General,,1,,Austin HEPWORTH,16
Weber,WHV03,Attorney General,,1,LBT,W. Andrew McCULLOUGH,10
Weber,WHV03,Attorney General,,1,UUP,Michelle QUIST,8
Weber,WHV03,State Auditor,,1,REP,Tina CANNON,250
Weber,WHV03,State Auditor,,1,DEM,Catherine VOUTAZ,36
Weber,WHV03,State Auditor,,1,CON,Jeffery L. OSTLER,14
Weber,WHV03,State Treasurer,,1,REP,Marlo M. OAKS,248
Weber,WHV03,State Treasurer,,1,DEM,Neil A HANSEN,41
Weber,WHV03,State Treasurer,,1,UFP,Miles POMEROY,12
Weber,WHV03,State Senate,4,1,REP,Calvin Ray MUSSELMAN,212
Weber,WHV03,State House,12,1,REP,Mike SCHULTZ,255
Weber,WHV03,State House,12,1,DEM,Sharon HILTON,45
Weber,WHV03,County Commission,C,1,REP,Jim HARVEY,234
Weber,WHV03,County Commission,C,1,DEM,Steven VAN WAGONER,54
Weber,WHV03,County Commission,C,1,LBT,Brian K ROWLEY,20
Weber,WHV03,County Assessor,,1,REP,John E. ULIBARRI,254
Weber,WHV03,County Recorder/Surveyor,,1,REP,Bahy RAHIMZADEGAN,244
Weber,WHV03,County Treasurer,,1,REP,Lynelle JENSEN,250
Weber,WHV03,Retain Supreme Court Justice-Matthew B. DURRANT,,1,,Yes,195
Weber,WHV03,Retain Supreme Court Justice-Matthew B. DURRANT,,1,,No,62
Weber,WHV03,Retain Appeals Court Judge-Ryan D. TENNEY,,1,,Yes,184
Weber,WHV03,Retain Appeals Court Judge-Ryan D. TENNEY,,1,,No,68
Weber,WHV03,Retain 2nd District Circuit Court Judge-Joseph M. BEAN,,1,,Yes,189
Weber,WHV03,Retain 2nd District Circuit Court Judge-Joseph M. BEAN,,1,,No,63
Weber,WHV03,Retain 2nd District Circuit Court Judge-Ronald G. RUSSELL,,1,,Yes,185
Weber,WHV03,Retain 2nd District Circuit Court Judge-Ronald G. RUSSELL,,1,,No,66
Weber,WHV03,Retain 2nd District Circuit Court Judge-Christina Patricia ORTEGA,,1,,Yes,181
Weber,WHV03,Retain 2nd District Circuit Court Judge-Christina Patricia ORTEGA,,1,,No,72
Weber,WHV03,Retain 2nd District Circuit Court Judge-Craig HALL,,1,,Yes,187
Weber,WHV03,Retain 2nd District Circuit Court Judge-Craig HALL,,1,,No,64
Weber,WHV03,Retain 2nd District Circuit Court Judge-Michael Drio DIREDA,,1,,Yes,194
Weber,WHV03,Retain 2nd District Circuit Court Judge-Michael Drio DIREDA,,1,,No,62
Weber,WHV03,Retain 2nd District Juvenile Circuit Court Judge-Tasha WILLIAMS,,1,,Yes,193
Weber,WHV03,Retain 2nd District Juvenile Circuit Court Judge-Tasha WILLIAMS,,1,,No,61
Weber,WHV03,Constitutional Amendment B,,1,,For,190
Weber,WHV03,Constitutional Amendment B,,1,,Against,106
Weber,WHV03,Constitutional Amendment C,,1,,For,272
Weber,WHV03,Constitutional Amendment C,,1,,Against,27
Weber,WHV03,Proposition 19,,1,,Yes,173
Weber,WHV03,Proposition 19,,1,,No,135
Weber,WHV04,Registered Voters,,,,,215
Weber,WHV04,Ballots Cast,,,,,194
Weber,WHV04,President,,1,REP,Donald J. TRUMP/ JD VANCE,158
Weber,WHV04,President,,1,DEM,Kamala D. HARRIS / Tim WALZ,27
Weber,WHV04,President,,1,CON,Joel SKOUSEN / Rik COMBS,3
Weber,WHV04,President,,1,LBT,Chase OLIVER / Mike ter MAAT,2
Weber,WHV04,President,,1,,"Lucifer ""JUSTIN CASE"" EVERYLOVE",1
Weber,WHV04,President,,1,,Claudia de la CRUZ / Karina Alexandra GARCIA,1
Weber,WHV04,President,,1,,Cornel Ronald WEST / Melina ABDULLAH,0
Weber,WHV04,President,,1,GRN,Jill STEIN / Rudolph WARE,0
Weber,WHV04,President,,1,,Write-In Totals,1
Weber,WHV04,U.S. Senate,,1,REP,John CURTIS,155
Weber,WHV04,U.S. Senate,,1,DEM,Caroline GLEICH,23
Weber,WHV04,U.S. Senate,,1,IAP,Carleton E. BOWEN,6
Weber,WHV04,U.S. Senate,,1,,Write-In Totals,0
Weber,WHV04,U.S. House,1,1,REP,Blake D. MOORE,156
Weber,WHV04,U.S. House,1,1,DEM,Bill CAMPBELL,26
Weber,WHV04,U.S. House,1,1,LBT,Daniel R. COTTAM,3
Weber,WHV04,Governor,,1,REP,Spencer J. COX / Deidre M. HENDERSON,132
Weber,WHV04,Governor,,1,DEM,Brian SMITH KING / Rebekah CUMMINGS,16
Weber,WHV04,Governor,,1,LBT,J. Robert LATHAM / Barry Evan SHORT,5
Weber,WHV04,Governor,,1,IAP,Tommy WILLIAMS / Archie A. WILLIAMS III,2
Weber,WHV04,Governor,,1,,Tom TOMENY / William LANSING TAYLOR,2
Weber,WHV04,Governor,,1,,Write-In Totals,26
Weber,WHV04,Attorney General,,1,REP,Derek BROWN,139
Weber,WHV04,Attorney General,,1,DEM,Rudy J BAUTISTA,20
Weber,WHV04,Attorney General,,1,UUP,Michelle QUIST,7
Weber,WHV04,Attorney General,,1,LBT,W. Andrew McCULLOUGH,6
Weber,WHV04,Attorney General,,1,,Austin HEPWORTH,6
Weber,WHV04,State Auditor,,1,REP,Tina CANNON,149
Weber,WHV04,State Auditor,,1,DEM,Catherine VOUTAZ,18
Weber,WHV04,State Auditor,,1,CON,Jeffery L. OSTLER,5
Weber,WHV04,State Treasurer,,1,REP,Marlo M. OAKS,146
Weber,WHV04,State Treasurer,,1,DEM,Neil A HANSEN,23
Weber,WHV04,State Treasurer,,1,UFP,Miles POMEROY,6
Weber,WHV04,State Senate,4,1,REP,Calvin Ray MUSSELMAN,137
Weber,WHV04,State House,12,1,REP,Mike SCHULTZ,158
Weber,WHV04,State House,12,1,DEM,Sharon HILTON,23
Weber,WHV04,County Commission,C,1,REP,Jim HARVEY,138
Weber,WHV04,County Commission,C,1,DEM,Steven VAN WAGONER,30
Weber,WHV04,County Commission,C,1,LBT,Brian K ROWLEY,12
Weber,WHV04,County Assessor,,1,REP,John E. ULIBARRI,154
Weber,WHV04,County Recorder/Surveyor,,1,REP,Bahy RAHIMZADEGAN,154
Weber,WHV04,County Treasurer,,1,REP,Lynelle JENSEN,156
Weber,WHV04,Retain Supreme Court Justice-Matthew B. DURRANT,,1,,Yes,122
Weber,WHV04,Retain Supreme Court Justice-Matthew B. DURRANT,,1,,No,37
Weber,WHV04,Retain Appeals Court Judge-Ryan D. TENNEY,,1,,Yes,119
Weber,WHV04,Retain Appeals Court Judge-Ryan D. TENNEY,,1,,No,40
Weber,WHV04,Retain 2nd District Circuit Court Judge-Joseph M. BEAN,,1,,Yes,111
Weber,WHV04,Retain 2nd District Circuit Court Judge-Joseph M. BEAN,,1,,No,46
Weber,WHV04,Retain 2nd District Circuit Court Judge-Ronald G. RUSSELL,,1,,Yes,118
Weber,WHV04,Retain 2nd District Circuit Court Judge-Ronald G. RUSSELL,,1,,No,41
Weber,WHV04,Retain 2nd District Circuit Court Judge-Christina Patricia ORTEGA,,1,,Yes,114
Weber,WHV04,Retain 2nd District Circuit Court Judge-Christina Patricia ORTEGA,,1,,No,45
Weber,WHV04,Retain 2nd District Circuit Court Judge-Craig HALL,,1,,Yes,118
Weber,WHV04,Retain 2nd District Circuit Court Judge-Craig HALL,,1,,No,38
Weber,WHV04,Retain 2nd District Circuit Court Judge-Michael Drio DIREDA,,1,,Yes,119
Weber,WHV04,Retain 2nd District Circuit Court Judge-Michael Drio DIREDA,,1,,No,40
Weber,WHV04,Retain 2nd District Juvenile Circuit Court Judge-Tasha WILLIAMS,,1,,Yes,120
Weber,WHV04,Retain 2nd District Juvenile Circuit Court Judge-Tasha WILLIAMS,,1,,No,39
Weber,WHV04,Constitutional Amendment B,,1,,For,117
Weber,WHV04,Constitutional Amendment B,,1,,Against,59
Weber,WHV04,Constitutional Amendment C,,1,,For,154
Weber,WHV04,Constitutional Amendment C,,1,,Against,23
Weber,WHV04,Proposition 19,,1,,Yes,106
Weber,WHV04,Proposition 19,,1,,No,75
Weber,WHV05,Registered Voters,,,,,742
Weber,WHV05,Ballots Cast,,,,,629
Weber,WHV05,President,,1,REP,Donald J. TRUMP/ JD VANCE,442
Weber,WHV05,President,,1,DEM,Kamala D. HARRIS / Tim WALZ,155
Weber,WHV05,President,,1,LBT,Chase OLIVER / Mike ter MAAT,9
Weber,WHV05,President,,1,CON,Joel SKOUSEN / Rik COMBS,5
Weber,WHV05,President,,1,,"Lucifer ""JUSTIN CASE"" EVERYLOVE",1
Weber,WHV05,President,,1,GRN,Jill STEIN / Rudolph WARE,1
Weber,WHV05,President,,1,,Claudia de la CRUZ / Karina Alexandra GARCIA,1
Weber,WHV05,President,,1,,Cornel Ronald WEST / Melina ABDULLAH,0
Weber,WHV05,President,,1,,Write-In Totals,10
Weber,WHV05,U.S. Senate,,1,REP,John CURTIS,431
Weber,WHV05,U.S. Senate,,1,DEM,Caroline GLEICH,124
Weber,WHV05,U.S. Senate,,1,IAP,Carleton E. BOWEN,36
Weber,WHV05,U.S. Senate,,1,,Write-In Totals,2
Weber,WHV05,U.S. House,1,1,REP,Blake D. MOORE,431
Weber,WHV05,U.S. House,1,1,DEM,Bill CAMPBELL,121
Weber,WHV05,U.S. House,1,1,LBT,Daniel R. COTTAM,31
Weber,WHV05,Governor,,1,REP,Spencer J. COX / Deidre M. HENDERSON,343
Weber,WHV05,Governor,,1,DEM,Brian SMITH KING / Rebekah CUMMINGS,111
Weber,WHV05,Governor,,1,LBT,J. Robert LATHAM / Barry Evan SHORT,20
Weber,WHV05,Governor,,1,IAP,Tommy WILLIAMS / Archie A. WILLIAMS III,14
Weber,WHV05,Governor,,1,,Tom TOMENY / William LANSING TAYLOR,2
Weber,WHV05,Governor,,1,,Write-In Totals,112
Weber,WHV05,Attorney General,,1,REP,Derek BROWN,396
Weber,WHV05,Attorney General,,1,DEM,Rudy J BAUTISTA,109
Weber,WHV05,Attorney General,,1,,Austin HEPWORTH,32
Weber,WHV05,Attorney General,,1,LBT,W. Andrew McCULLOUGH,19
Weber,WHV05,Attorney General,,1,UUP,Michelle QUIST,18
Weber,WHV05,State Auditor,,1,REP,Tina CANNON,408
Weber,WHV05,State Auditor,,1,DEM,Catherine VOUTAZ,119
Weber,WHV05,State Auditor,,1,CON,Jeffery L. OSTLER,35
Weber,WHV05,State Treasurer,,1,REP,Marlo M. OAKS,415
Weber,WHV05,State Treasurer,,1,DEM,Neil A HANSEN,121
Weber,WHV05,State Treasurer,,1,UFP,Miles POMEROY,30
Weber,WHV05,State Senate,4,1,REP,Calvin Ray MUSSELMAN,408
Weber,WHV05,State House,9,1,REP,Jake SAWYER,413
Weber,WHV05,State House,9,1,DEM,Angela CHOBERKA,139
Weber,WHV05,State House,9,1,LBT,Jacob K. JOHNSON,29
Weber,WHV05,County Commission,C,1,REP,Jim HARVEY,402
Weber,WHV05,County Commission,C,1,DEM,Steven VAN WAGONER,148
Weber,WHV05,County Commission,C,1,LBT,Brian K ROWLEY,29
Weber,WHV05,County Assessor,,1,REP,John E. ULIBARRI,460
Weber,WHV05,County Recorder/Surveyor,,1,REP,Bahy RAHIMZADEGAN,437
Weber,WHV05,County Treasurer,,1,REP,Lynelle JENSEN,447
Weber,WHV05,Retain Supreme Court Justice-Matthew B. DURRANT,,1,,Yes,336
Weber,WHV05,Retain Supreme Court Justice-Matthew B. DURRANT,,1,,No,116
Weber,WHV05,Retain Appeals Court Judge-Ryan D. TENNEY,,1,,Yes,327
Weber,WHV05,Retain Appeals Court Judge-Ryan D. TENNEY,,1,,No,122
Weber,WHV05,Retain 2nd District Circuit Court Judge-Joseph M. BEAN,,1,,Yes,325
Weber,WHV05,Retain 2nd District Circuit Court Judge-Joseph M. BEAN,,1,,No,127
Weber,WHV05,Retain 2nd District Circuit Court Judge-Ronald G. RUSSELL,,1,,Yes,340
Weber,WHV05,Retain 2nd District Circuit Court Judge-Ronald G. RUSSELL,,1,,No,112
Weber,WHV05,Retain 2nd District Circuit Court Judge-Christina Patricia ORTEGA,,1,,Yes,333
Weber,WHV05,Retain 2nd District Circuit Court Judge-Christina Patricia ORTEGA,,1,,No,124
Weber,WHV05,Retain 2nd District Circuit Court Judge-Craig HALL,,1,,Yes,334
Weber,WHV05,Retain 2nd District Circuit Court Judge-Craig HALL,,1,,No,118
Weber,WHV05,Retain 2nd District Circuit Court Judge-Michael Drio DIREDA,,1,,Yes,334
Weber,WHV05,Retain 2nd District Circuit Court Judge-Michael Drio DIREDA,,1,,No,118
Weber,WHV05,Retain 2nd District Juvenile Circuit Court Judge-Tasha WILLIAMS,,1,,Yes,337
Weber,WHV05,Retain 2nd District Juvenile Circuit Court Judge-Tasha WILLIAMS,,1,,No,115
Weber,WHV05,Constitutional Amendment B,,1,,For,379
Weber,WHV05,Constitutional Amendment B,,1,,Against,192
Weber,WHV05,Constitutional Amendment C,,1,,For,483
Weber,WHV05,Constitutional Amendment C,,1,,Against,87
Weber,WHV05,Proposition 19,,1,,Yes,345
Weber,WHV05,Proposition 19,,1,,No,243
Weber,WHV06,Registered Voters,,,,,1241
Weber,WHV06,Ballots Cast,,,,,1040
Weber,WHV06,President,,1,REP,Donald J. TRUMP/ JD VANCE,676
Weber,WHV06,President,,1,DEM,Kamala D. HARRIS / Tim WALZ,321
Weber,WHV06,President,,1,LBT,Chase OLIVER / Mike ter MAAT,11
Weber,WHV06,President,,1,CON,Joel SKOUSEN / Rik COMBS,5
Weber,WHV06,President,,1,GRN,Jill STEIN / Rudolph WARE,5
Weber,WHV06,President,,1,,"Lucifer ""JUSTIN CASE"" EVERYLOVE",1
Weber,WHV06,President,,1,,Cornel Ronald WEST / Melina ABDULLAH,0
Weber,WHV06,President,,1,,Claudia de la CRUZ / Karina Alexandra GARCIA,0
Weber,WHV06,President,,1,,Write-In Totals,12
Weber,WHV06,U.S. Senate,,1,REP,John CURTIS,652
Weber,WHV06,U.S. Senate,,1,DEM,Caroline GLEICH,273
Weber,WHV06,U.S. Senate,,1,IAP,Carleton E. BOWEN,58
Weber,WHV06,U.S. Senate,,1,,Write-In Totals,6
Weber,WHV06,U.S. House,1,1,REP,Blake D. MOORE,670
Weber,WHV06,U.S. House,1,1,DEM,Bill CAMPBELL,260
Weber,WHV06,U.S. House,1,1,LBT,Daniel R. COTTAM,42
Weber,WHV06,Governor,,1,REP,Spencer J. COX / Deidre M. HENDERSON,562
Weber,WHV06,Governor,,1,DEM,Brian SMITH KING / Rebekah CUMMINGS,231
Weber,WHV06,Governor,,1,LBT,J. Robert LATHAM / Barry Evan SHORT,30
Weber,WHV06,Governor,,1,IAP,Tommy WILLIAMS / Archie A. WILLIAMS III,17
Weber,WHV06,Governor,,1,,Tom TOMENY / William LANSING TAYLOR,3
Weber,WHV06,Governor,,1,,Write-In Totals,158
Weber,WHV06,Attorney General,,1,REP,Derek BROWN,623
Weber,WHV06,Attorney General,,1,DEM,Rudy J BAUTISTA,243
Weber,WHV06,Attorney General,,1,UUP,Michelle QUIST,53
Weber,WHV06,Attorney General,,1,LBT,W. Andrew McCULLOUGH,35
Weber,WHV06,Attorney General,,1,,Austin HEPWORTH,20
Weber,WHV06,State Auditor,,1,REP,Tina CANNON,641
Weber,WHV06,State Auditor,,1,DEM,Catherine VOUTAZ,252
Weber,WHV06,State Auditor,,1,CON,Jeffery L. OSTLER,57
Weber,WHV06,State Treasurer,,1,REP,Marlo M. OAKS,654
Weber,WHV06,State Treasurer,,1,DEM,Neil A HANSEN,259
Weber,WHV06,State Treasurer,,1,UFP,Miles POMEROY,45
Weber,WHV06,State Senate,4,1,REP,Calvin Ray MUSSELMAN,665
Weber,WHV06,State House,9,1,REP,Jake SAWYER,641
Weber,WHV06,State House,9,1,DEM,Angela CHOBERKA,296
Weber,WHV06,State House,9,1,LBT,Jacob K. JOHNSON,34
Weber,WHV06,County Commission,C,1,REP,Jim HARVEY,608
Weber,WHV06,County Commission,C,1,DEM,Steven VAN WAGONER,307
Weber,WHV06,County Commission,C,1,LBT,Brian K ROWLEY,50
Weber,WHV06,County Assessor,,1,REP,John E. ULIBARRI,783
Weber,WHV06,County Recorder/Surveyor,,1,REP,Bahy RAHIMZADEGAN,744
Weber,WHV06,County Treasurer,,1,REP,Lynelle JENSEN,770
Weber,WHV06,Retain Supreme Court Justice-Matthew B. DURRANT,,1,,Yes,637
Weber,WHV06,Retain Supreme Court Justice-Matthew B. DURRANT,,1,,No,203
Weber,WHV06,Retain Appeals Court Judge-Ryan D. TENNEY,,1,,Yes,640
Weber,WHV06,Retain Appeals Court Judge-Ryan D. TENNEY,,1,,No,192
Weber,WHV06,Retain 2nd District Circuit Court Judge-Joseph M. BEAN,,1,,Yes,626
Weber,WHV06,Retain 2nd District Circuit Court Judge-Joseph M. BEAN,,1,,No,207
Weber,WHV06,Retain 2nd District Circuit Court Judge-Ronald G. RUSSELL,,1,,Yes,653
Weber,WHV06,Retain 2nd District Circuit Court Judge-Ronald G. RUSSELL,,1,,No,181
Weber,WHV06,Retain 2nd District Circuit Court Judge-Christina Patricia ORTEGA,,1,,Yes,622
Weber,WHV06,Retain 2nd District Circuit Court Judge-Christina Patricia ORTEGA,,1,,No,217
Weber,WHV06,Retain 2nd District Circuit Court Judge-Craig HALL,,1,,Yes,622
Weber,WHV06,Retain 2nd District Circuit Court Judge-Craig HALL,,1,,No,209
Weber,WHV06,Retain 2nd District Circuit Court Judge-Michael Drio DIREDA,,1,,Yes,657
Weber,WHV06,Retain 2nd District Circuit Court Judge-Michael Drio DIREDA,,1,,No,180
Weber,WHV06,Retain 2nd District Juvenile Circuit Court Judge-Tasha WILLIAMS,,1,,Yes,644
Weber,WHV06,Retain 2nd District Juvenile Circuit Court Judge-Tasha WILLIAMS,,1,,No,191
Weber,WHV06,Constitutional Amendment B,,1,,For,657
Weber,WHV06,Constitutional Amendment B,,1,,Against,300
Weber,WHV06,Constitutional Amendment C,,1,,For,796
Weber,WHV06,Constitutional Amendment C,,1,,Against,163
Weber,WHV06,Proposition 19,,1,,Yes,599
Weber,WHV06,Proposition 19,,1,,No,363
Weber,WHV07,Registered Voters,,,,,583
Weber,WHV07,Ballots Cast,,,,,498
Weber,WHV07,President,,1,REP,Donald J. TRUMP/ JD VANCE,355
Weber,WHV07,President,,1,DEM,Kamala D. HARRIS / Tim WALZ,121
Weber,WHV07,President,,1,LBT,Chase OLIVER / Mike ter MAAT,4
Weber,WHV07,President,,1,CON,Joel SKOUSEN / Rik COMBS,3
Weber,WHV07,President,,1,GRN,Jill STEIN / Rudolph WARE,3
Weber,WHV07,President,,1,,Cornel Ronald WEST / Melina ABDULLAH,1
Weber,WHV07,President,,1,,Claudia de la CRUZ / Karina Alexandra GARCIA,1
Weber,WHV07,President,,1,,"Lucifer ""JUSTIN CASE"" EVERYLOVE",0
Weber,WHV07,President,,1,,Write-In Totals,7
Weber,WHV07,U.S. Senate,,1,REP,John CURTIS,346
Weber,WHV07,U.S. Senate,,1,DEM,Caroline GLEICH,91
Weber,WHV07,U.S. Senate,,1,IAP,Carleton E. BOWEN,24
Weber,WHV07,U.S. Senate,,1,,Write-In Totals,6
Weber,WHV07,U.S. House,1,1,REP,Blake D. MOORE,347
Weber,WHV07,U.S. House,1,1,DEM,Bill CAMPBELL,91
Weber,WHV07,U.S. House,1,1,LBT,Daniel R. COTTAM,20
Weber,WHV07,Governor,,1,REP,Spencer J. COX / Deidre M. HENDERSON,308
Weber,WHV07,Governor,,1,DEM,Brian SMITH KING / Rebekah CUMMINGS,81
Weber,WHV07,Governor,,1,LBT,J. Robert LATHAM / Barry Evan SHORT,14
Weber,WHV07,Governor,,1,IAP,Tommy WILLIAMS / Archie A. WILLIAMS III,11
Weber,WHV07,Governor,,1,,Tom TOMENY / William LANSING TAYLOR,1
Weber,WHV07,Governor,,1,,Write-In Totals,67
Weber,WHV07,Attorney General,,1,REP,Derek BROWN,327
Weber,WHV07,Attorney General,,1,DEM,Rudy J BAUTISTA,76
Weber,WHV07,Attorney General,,1,UUP,Michelle QUIST,29
Weber,WHV07,Attorney General,,1,,Austin HEPWORTH,14
Weber,WHV07,Attorney General,,1,LBT,W. Andrew McCULLOUGH,13
Weber,WHV07,State Auditor,,1,REP,Tina CANNON,337
Weber,WHV07,State Auditor,,1,DEM,Catherine VOUTAZ,84
Weber,WHV07,State Auditor,,1,CON,Jeffery L. OSTLER,35
Weber,WHV07,State Treasurer,,1,REP,Marlo M. OAKS,347
Weber,WHV07,State Treasurer,,1,DEM,Neil A HANSEN,89
Weber,WHV07,State Treasurer,,1,UFP,Miles POMEROY,23
Weber,WHV07,State Senate,4,1,REP,Calvin Ray MUSSELMAN,372
Weber,WHV07,State House,9,1,REP,Jake SAWYER,349
Weber,WHV07,State House,9,1,DEM,Angela CHOBERKA,98
Weber,WHV07,State House,9,1,LBT,Jacob K. JOHNSON,18
Weber,WHV07,County Commission,C,1,REP,Jim HARVEY,329
Weber,WHV07,County Commission,C,1,DEM,Steven VAN WAGONER,109
Weber,WHV07,County Commission,C,1,LBT,Brian K ROWLEY,25
Weber,WHV07,County Assessor,,1,REP,John E. ULIBARRI,400
Weber,WHV07,County Recorder/Surveyor,,1,REP,Bahy RAHIMZADEGAN,382
Weber,WHV07,County Treasurer,,1,REP,Lynelle JENSEN,402
Weber,WHV07,Retain Supreme Court Justice-Matthew B. DURRANT,,1,,Yes,323
Weber,WHV07,Retain Supreme Court Justice-Matthew B. DURRANT,,1,,No,84
Weber,WHV07,Retain Appeals Court Judge-Ryan D. TENNEY,,1,,Yes,306
Weber,WHV07,Retain Appeals Court Judge-Ryan D. TENNEY,,1,,No,96
Weber,WHV07,Retain 2nd District Circuit Court Judge-Joseph M. BEAN,,1,,Yes,303
Weber,WHV07,Retain 2nd District Circuit Court Judge-Joseph M. BEAN,,1,,No,97
Weber,WHV07,Retain 2nd District Circuit Court Judge-Ronald G. RUSSELL,,1,,Yes,306
Weber,WHV07,Retain 2nd District Circuit Court Judge-Ronald G. RUSSELL,,1,,No,97
Weber,WHV07,Retain 2nd District Circuit Court Judge-Christina Patricia ORTEGA,,1,,Yes,297
Weber,WHV07,Retain 2nd District Circuit Court Judge-Christina Patricia ORTEGA,,1,,No,105
Weber,WHV07,Retain 2nd District Circuit Court Judge-Craig HALL,,1,,Yes,289
Weber,WHV07,Retain 2nd District Circuit Court Judge-Craig HALL,,1,,No,111
Weber,WHV07,Retain 2nd District Circuit Court Judge-Michael Drio DIREDA,,1,,Yes,312
Weber,WHV07,Retain 2nd District Circuit Court Judge-Michael Drio DIREDA,,1,,No,90
Weber,WHV07,Retain 2nd District Juvenile Circuit Court Judge-Tasha WILLIAMS,,1,,Yes,301
Weber,WHV07,Retain 2nd District Juvenile Circuit Court Judge-Tasha WILLIAMS,,1,,No,100
Weber,WHV07,Constitutional Amendment B,,1,,For,285
Weber,WHV07,Constitutional Amendment B,,1,,Against,176
Weber,WHV07,Constitutional Amendment C,,1,,For,376
Weber,WHV07,Constitutional Amendment C,,1,,Against,82
Weber,WHV07,Proposition 19,,1,,Yes,292
Weber,WHV07,Proposition 19,,1,,No,175
Weber,WHV08,Registered Voters,,,,,625
Weber,WHV08,Ballots Cast,,,,,546
Weber,WHV08,President,,1,REP,Donald J. TRUMP/ JD VANCE,410
Weber,WHV08,President,,1,DEM,Kamala D. HARRIS / Tim WALZ,102
Weber,WHV08,President,,1,CON,Joel SKOUSEN / Rik COMBS,7
Weber,WHV08,President,,1,LBT,Chase OLIVER / Mike ter MAAT,7
Weber,WHV08,President,,1,,Cornel Ronald WEST / Melina ABDULLAH,3
Weber,WHV08,President,,1,GRN,Jill STEIN / Rudolph WARE,2
Weber,WHV08,President,,1,,"Lucifer ""JUSTIN CASE"" EVERYLOVE",0
Weber,WHV08,President,,1,,Claudia de la CRUZ / Karina Alexandra GARCIA,0
Weber,WHV08,President,,1,,Write-In Totals,11
Weber,WHV08,U.S. Senate,,1,REP,John CURTIS,401
Weber,WHV08,U.S. Senate,,1,DEM,Caroline GLEICH,95
Weber,WHV08,U.S. Senate,,1,IAP,Carleton E. BOWEN,20
Weber,WHV08,U.S. Senate,,1,,Write-In Totals,6
Weber,WHV08,U.S. House,1,1,REP,Blake D. MOORE,401
Weber,WHV08,U.S. House,1,1,DEM,Bill CAMPBELL,88
Weber,WHV08,U.S. House,1,1,LBT,Daniel R. COTTAM,21
Weber,WHV08,Governor,,1,REP,Spencer J. COX / Deidre M. HENDERSON,322
Weber,WHV08,Governor,,1,DEM,Brian SMITH KING / Rebekah CUMMINGS,79
Weber,WHV08,Governor,,1,IAP,Tommy WILLIAMS / Archie A. WILLIAMS III,13
Weber,WHV08,Governor,,1,LBT,J. Robert LATHAM / Barry Evan SHORT,10
Weber,WHV08,Governor,,1,,Tom TOMENY / William LANSING TAYLOR,5
Weber,WHV08,Governor,,1,,Write-In Totals,97
Weber,WHV08,Attorney General,,1,REP,Derek BROWN,392
Weber,WHV08,Attorney General,,1,DEM,Rudy J BAUTISTA,75
Weber,WHV08,Attorney General,,1,UUP,Michelle QUIST,28
Weber,WHV08,Attorney General,,1,LBT,W. Andrew McCULLOUGH,14
Weber,WHV08,Attorney General,,1,,Austin HEPWORTH,10
Weber,WHV08,State Auditor,,1,REP,Tina CANNON,391
Weber,WHV08,State Auditor,,1,DEM,Catherine VOUTAZ,84
Weber,WHV08,State Auditor,,1,CON,Jeffery L. OSTLER,27
Weber,WHV08,State Treasurer,,1,REP,Marlo M. OAKS,400
Weber,WHV08,State Treasurer,,1,DEM,Neil A HANSEN,80
Weber,WHV08,State Treasurer,,1,UFP,Miles POMEROY,26
Weber,WHV08,State Senate,4,1,REP,Calvin Ray MUSSELMAN,396
Weber,WHV08,State House,12,1,REP,Mike SCHULTZ,412
Weber,WHV08,State House,12,1,DEM,Sharon HILTON,109
Weber,WHV08,County Commission,C,1,REP,Jim HARVEY,382
Weber,WHV08,County Commission,C,1,DEM,Steven VAN WAGONER,104
Weber,WHV08,County Commission,C,1,LBT,Brian K ROWLEY,32
Weber,WHV08,County Assessor,,1,REP,John E. ULIBARRI,431
Weber,WHV08,County Recorder/Surveyor,,1,REP,Bahy RAHIMZADEGAN,417
Weber,WHV08,County Treasurer,,1,REP,Lynelle JENSEN,430
Weber,WHV08,Retain Supreme Court Justice-Matthew B. DURRANT,,1,,Yes,348
Weber,WHV08,Retain Supreme Court Justice-Matthew B. DURRANT,,1,,No,93
Weber,WHV08,Retain Appeals Court Judge-Ryan D. TENNEY,,1,,Yes,343
Weber,WHV08,Retain Appeals Court Judge-Ryan D. TENNEY,,1,,No,86
Weber,WHV08,Retain 2nd District Circuit Court Judge-Joseph M. BEAN,,1,,Yes,335
Weber,WHV08,Retain 2nd District Circuit Court Judge-Joseph M. BEAN,,1,,No,99
Weber,WHV08,Retain 2nd District Circuit Court Judge-Ronald G. RUSSELL,,1,,Yes,342
Weber,WHV08,Retain 2nd District Circuit Court Judge-Ronald G. RUSSELL,,1,,No,91
Weber,WHV08,Retain 2nd District Circuit Court Judge-Christina Patricia ORTEGA,,1,,Yes,330
Weber,WHV08,Retain 2nd District Circuit Court Judge-Christina Patricia ORTEGA,,1,,No,105
Weber,WHV08,Retain 2nd District Circuit Court Judge-Craig HALL,,1,,Yes,333
Weber,WHV08,Retain 2nd District Circuit Court Judge-Craig HALL,,1,,No,97
Weber,WHV08,Retain 2nd District Circuit Court Judge-Michael Drio DIREDA,,1,,Yes,339
Weber,WHV08,Retain 2nd District Circuit Court Judge-Michael Drio DIREDA,,1,,No,94
Weber,WHV08,Retain 2nd District Juvenile Circuit Court Judge-Tasha WILLIAMS,,1,,Yes,341
Weber,WHV08,Retain 2nd District Juvenile Circuit Court Judge-Tasha WILLIAMS,,1,,No,88
Weber,WHV08,Constitutional Amendment B,,1,,For,337
Weber,WHV08,Constitutional Amendment B,,1,,Against,164
Weber,WHV08,Constitutional Amendment C,,1,,For,430
Weber,WHV08,Constitutional Amendment C,,1,,Against,76
Weber,WHV08,Proposition 19,,1,,Yes,317
Weber,WHV08,Proposition 19,,1,,No,195
Weber,WHV09,Registered Voters,,,,,734
Weber,WHV09,Ballots Cast,,,,,645
Weber,WHV09,President,,1,REP,Donald J. TRUMP/ JD VANCE,484
Weber,WHV09,President,,1,DEM,Kamala D. HARRIS / Tim WALZ,129
Weber,WHV09,President,,1,LBT,Chase OLIVER / Mike ter MAAT,8
Weber,WHV09,President,,1,CON,Joel SKOUSEN / Rik COMBS,3
Weber,WHV09,President,,1,,"Lucifer ""JUSTIN CASE"" EVERYLOVE",2
Weber,WHV09,President,,1,GRN,Jill STEIN / Rudolph WARE,2
Weber,WHV09,President,,1,,Cornel Ronald WEST / Melina ABDULLAH,1
Weber,WHV09,President,,1,,Claudia de la CRUZ / Karina Alexandra GARCIA,0
Weber,WHV09,President,,1,,Write-In Totals,10
Weber,WHV09,U.S. Senate,,1,REP,John CURTIS,482
Weber,WHV09,U.S. Senate,,1,DEM,Caroline GLEICH,99
Weber,WHV09,U.S. Senate,,1,IAP,Carleton E. BOWEN,28
Weber,WHV09,U.S. Senate,,1,,Write-In Totals,2
Weber,WHV09,U.S. House,1,1,REP,Blake D. MOORE,472
Weber,WHV09,U.S. House,1,1,DEM,Bill CAMPBELL,102
Weber,WHV09,U.S. House,1,1,LBT,Daniel R. COTTAM,33
Weber,WHV09,Governor,,1,REP,Spencer J. COX / Deidre M. HENDERSON,390
Weber,WHV09,Governor,,1,DEM,Brian SMITH KING / Rebekah CUMMINGS,82
Weber,WHV09,Governor,,1,LBT,J. Robert LATHAM / Barry Evan SHORT,21
Weber,WHV09,Governor,,1,IAP,Tommy WILLIAMS / Archie A. WILLIAMS III,17
Weber,WHV09,Governor,,1,,Tom TOMENY / William LANSING TAYLOR,3
Weber,WHV09,Governor,,1,,Write-In Totals,109
Weber,WHV09,Attorney General,,1,REP,Derek BROWN,458
Weber,WHV09,Attorney General,,1,DEM,Rudy J BAUTISTA,92
Weber,WHV09,Attorney General,,1,LBT,W. Andrew McCULLOUGH,20
Weber,WHV09,Attorney General,,1,,Austin HEPWORTH,15
Weber,WHV09,Attorney General,,1,UUP,Michelle QUIST,13
Weber,WHV09,State Auditor,,1,REP,Tina CANNON,464
Weber,WHV09,State Auditor,,1,DEM,Catherine VOUTAZ,89
Weber,WHV09,State Auditor,,1,CON,Jeffery L. OSTLER,30
Weber,WHV09,State Treasurer,,1,REP,Marlo M. OAKS,467
Weber,WHV09,State Treasurer,,1,DEM,Neil A HANSEN,93
Weber,WHV09,State Treasurer,,1,UFP,Miles POMEROY,26
Weber,WHV09,State Senate,4,1,REP,Calvin Ray MUSSELMAN,437
Weber,WHV09,State House,12,1,REP,Mike SCHULTZ,483
Weber,WHV09,State House,12,1,DEM,Sharon HILTON,130
Weber,WHV09,County Commission,C,1,REP,Jim HARVEY,466
Weber,WHV09,County Commission,C,1,DEM,Steven VAN WAGONER,107
Weber,WHV09,County Commission,C,1,LBT,Brian K ROWLEY,33
Weber,WHV09,County Assessor,,1,REP,John E. ULIBARRI,509
Weber,WHV09,County Recorder/Surveyor,,1,REP,Bahy RAHIMZADEGAN,499
Weber,WHV09,County Treasurer,,1,REP,Lynelle JENSEN,502
Weber,WHV09,Weber School Board,7,1,,Wyle J. WILLIAMS,433
Weber,WHV09,Retain Supreme Court Justice-Matthew B. DURRANT,,1,,Yes,388
Weber,WHV09,Retain Supreme Court Justice-Matthew B. DURRANT,,1,,No,108
Weber,WHV09,Retain Appeals Court Judge-Ryan D. TENNEY,,1,,Yes,384
Weber,WHV09,Retain Appeals Court Judge-Ryan D. TENNEY,,1,,No,102
Weber,WHV09,Retain 2nd District Circuit Court Judge-Joseph M. BEAN,,1,,Yes,373
Weber,WHV09,Retain 2nd District Circuit Court Judge-Joseph M. BEAN,,1,,No,113
Weber,WHV09,Retain 2nd District Circuit Court Judge-Ronald G. RUSSELL,,1,,Yes,377
Weber,WHV09,Retain 2nd District Circuit Court Judge-Ronald G. RUSSELL,,1,,No,110
Weber,WHV09,Retain 2nd District Circuit Court Judge-Christina Patricia ORTEGA,,1,,Yes,355
Weber,WHV09,Retain 2nd District Circuit Court Judge-Christina Patricia ORTEGA,,1,,No,138
Weber,WHV09,Retain 2nd District Circuit Court Judge-Craig HALL,,1,,Yes,376
Weber,WHV09,Retain 2nd District Circuit Court Judge-Craig HALL,,1,,No,109
Weber,WHV09,Retain 2nd District Circuit Court Judge-Michael Drio DIREDA,,1,,Yes,387
Weber,WHV09,Retain 2nd District Circuit Court Judge-Michael Drio DIREDA,,1,,No,103
Weber,WHV09,Retain 2nd District Juvenile Circuit Court Judge-Tasha WILLIAMS,,1,,Yes,385
Weber,WHV09,Retain 2nd District Juvenile Circuit Court Judge-Tasha WILLIAMS,,1,,No,102
Weber,WHV09,Constitutional Amendment B,,1,,For,364
Weber,WHV09,Constitutional Amendment B,,1,,Against,218
Weber,WHV09,Constitutional Amendment C,,1,,For,484
Weber,WHV09,Constitutional Amendment C,,1,,Against,90
Weber,WHV09,Proposition 19,,1,,Yes,349
Weber,WHV09,Proposition 19,,1,,No,238
Weber,WHV10,Registered Voters,,,,,1100
Weber,WHV10,Ballots Cast,,,,,945
Weber,WHV10,President,,1,REP,Donald J. TRUMP/ JD VANCE,607
Weber,WHV10,President,,1,DEM,Kamala D. HARRIS / Tim WALZ,298
Weber,WHV10,President,,1,LBT,Chase OLIVER / Mike ter MAAT,8
Weber,WHV10,President,,1,GRN,Jill STEIN / Rudolph WARE,5
Weber,WHV10,President,,1,CON,Joel SKOUSEN / Rik COMBS,4
Weber,WHV10,President,,1,,Cornel Ronald WEST / Melina ABDULLAH,2
Weber,WHV10,President,,1,,Claudia de la CRUZ / Karina Alexandra GARCIA,2
Weber,WHV10,President,,1,,"Lucifer ""JUSTIN CASE"" EVERYLOVE",1
Weber,WHV10,President,,1,,Write-In Totals,8
Weber,WHV10,U.S. Senate,,1,REP,John CURTIS,588
Weber,WHV10,U.S. Senate,,1,DEM,Caroline GLEICH,256
Weber,WHV10,U.S. Senate,,1,IAP,Carleton E. BOWEN,48
Weber,WHV10,U.S. Senate,,1,,Write-In Totals,6
Weber,WHV10,U.S. House,1,1,REP,Blake D. MOORE,600
Weber,WHV10,U.S. House,1,1,DEM,Bill CAMPBELL,247
Weber,WHV10,U.S. House,1,1,LBT,Daniel R. COTTAM,34
Weber,WHV10,Governor,,1,REP,Spencer J. COX / Deidre M. HENDERSON,492
Weber,WHV10,Governor,,1,DEM,Brian SMITH KING / Rebekah CUMMINGS,233
Weber,WHV10,Governor,,1,LBT,J. Robert LATHAM / Barry Evan SHORT,28
Weber,WHV10,Governor,,1,IAP,Tommy WILLIAMS / Archie A. WILLIAMS III,21
Weber,WHV10,Governor,,1,,Tom TOMENY / William LANSING TAYLOR,0
Weber,WHV10,Governor,,1,,Write-In Totals,136
Weber,WHV10,Attorney General,,1,REP,Derek BROWN,553
Weber,WHV10,Attorney General,,1,DEM,Rudy J BAUTISTA,228
Weber,WHV10,Attorney General,,1,UUP,Michelle QUIST,59
Weber,WHV10,Attorney General,,1,LBT,W. Andrew McCULLOUGH,30
Weber,WHV10,Attorney General,,1,,Austin HEPWORTH,23
Weber,WHV10,State Auditor,,1,REP,Tina CANNON,586
Weber,WHV10,State Auditor,,1,DEM,Catherine VOUTAZ,242
Weber,WHV10,State Auditor,,1,CON,Jeffery L. OSTLER,43
Weber,WHV10,State Treasurer,,1,REP,Marlo M. OAKS,591
Weber,WHV10,State Treasurer,,1,DEM,Neil A HANSEN,234
Weber,WHV10,State Treasurer,,1,UFP,Miles POMEROY,50
Weber,WHV10,State Senate,4,1,REP,Calvin Ray MUSSELMAN,634
Weber,WHV10,State House,9,1,REP,Jake SAWYER,578
Weber,WHV10,State House,9,1,DEM,Angela CHOBERKA,284
Weber,WHV10,State House,9,1,LBT,Jacob K. JOHNSON,29
Weber,WHV10,County Commission,C,1,REP,Jim HARVEY,565
Weber,WHV10,County Commission,C,1,DEM,Steven VAN WAGONER,275
Weber,WHV10,County Commission,C,1,LBT,Brian K ROWLEY,50
Weber,WHV10,County Assessor,,1,REP,John E. ULIBARRI,702
Weber,WHV10,County Recorder/Surveyor,,1,REP,Bahy RAHIMZADEGAN,684
Weber,WHV10,County Treasurer,,1,REP,Lynelle JENSEN,706
Weber,WHV10,Retain Supreme Court Justice-Matthew B. DURRANT,,1,,Yes,571
Weber,WHV10,Retain Supreme Court Justice-Matthew B. DURRANT,,1,,No,156
Weber,WHV10,Retain Appeals Court Judge-Ryan D. TENNEY,,1,,Yes,566
Weber,WHV10,Retain Appeals Court Judge-Ryan D. TENNEY,,1,,No,151
Weber,WHV10,Retain 2nd District Circuit Court Judge-Joseph M. BEAN,,1,,Yes,547
Weber,WHV10,Retain 2nd District Circuit Court Judge-Joseph M. BEAN,,1,,No,172
Weber,WHV10,Retain 2nd District Circuit Court Judge-Ronald G. RUSSELL,,1,,Yes,566
Weber,WHV10,Retain 2nd District Circuit Court Judge-Ronald G. RUSSELL,,1,,No,148
Weber,WHV10,Retain 2nd District Circuit Court Judge-Christina Patricia ORTEGA,,1,,Yes,562
Weber,WHV10,Retain 2nd District Circuit Court Judge-Christina Patricia ORTEGA,,1,,No,160
Weber,WHV10,Retain 2nd District Circuit Court Judge-Craig HALL,,1,,Yes,537
Weber,WHV10,Retain 2nd District Circuit Court Judge-Craig HALL,,1,,No,176
Weber,WHV10,Retain 2nd District Circuit Court Judge-Michael Drio DIREDA,,1,,Yes,566
Weber,WHV10,Retain 2nd District Circuit Court Judge-Michael Drio DIREDA,,1,,No,156
Weber,WHV10,Retain 2nd District Juvenile Circuit Court Judge-Tasha WILLIAMS,,1,,Yes,557
Weber,WHV10,Retain 2nd District Juvenile Circuit Court Judge-Tasha WILLIAMS,,1,,No,158
Weber,WHV10,Constitutional Amendment B,,1,,For,595
Weber,WHV10,Constitutional Amendment B,,1,,Against,249
Weber,WHV10,Constitutional Amendment C,,1,,For,734
Weber,WHV10,Constitutional Amendment C,,1,,Against,118
Weber,WHV10,Proposition 19,,1,,Yes,553
Weber,WHV10,Proposition 19,,1,,No,308
Weber,WHV11,Registered Voters,,,,,1114
Weber,WHV11,Ballots Cast,,,,,995
Weber,WHV11,President,,1,REP,Donald J. TRUMP/ JD VANCE,674
Weber,WHV11,President,,1,DEM,Kamala D. HARRIS / Tim WALZ,275
Weber,WHV11,President,,1,LBT,Chase OLIVER / Mike ter MAAT,12
Weber,WHV11,President,,1,CON,Joel SKOUSEN / Rik COMBS,5
Weber,WHV11,President,,1,GRN,Jill STEIN / Rudolph WARE,2
Weber,WHV11,President,,1,,Claudia de la CRUZ / Karina Alexandra GARCIA,2
Weber,WHV11,President,,1,,Cornel Ronald WEST / Melina ABDULLAH,0
Weber,WHV11,President,,1,,"Lucifer ""JUSTIN CASE"" EVERYLOVE",0
Weber,WHV11,President,,1,,Write-In Totals,17
Weber,WHV11,U.S. Senate,,1,REP,John CURTIS,684
Weber,WHV11,U.S. Senate,,1,DEM,Caroline GLEICH,212
Weber,WHV11,U.S. Senate,,1,IAP,Carleton E. BOWEN,59
Weber,WHV11,U.S. Senate,,1,,Write-In Totals,1
Weber,WHV11,U.S. House,1,1,REP,Blake D. MOORE,691
Weber,WHV11,U.S. House,1,1,DEM,Bill CAMPBELL,212
Weber,WHV11,U.S. House,1,1,LBT,Daniel R. COTTAM,48
Weber,WHV11,Governor,,1,REP,Spencer J. COX / Deidre M. HENDERSON,542
Weber,WHV11,Governor,,1,DEM,Brian SMITH KING / Rebekah CUMMINGS,182
Weber,WHV11,Governor,,1,LBT,J. Robert LATHAM / Barry Evan SHORT,30
Weber,WHV11,Governor,,1,IAP,Tommy WILLIAMS / Archie A. WILLIAMS III,20
Weber,WHV11,Governor,,1,,Tom TOMENY / William LANSING TAYLOR,5
Weber,WHV11,Governor,,1,,Write-In Totals,189
Weber,WHV11,Attorney General,,1,REP,Derek BROWN,638
Weber,WHV11,Attorney General,,1,DEM,Rudy J BAUTISTA,191
Weber,WHV11,Attorney General,,1,LBT,W. Andrew McCULLOUGH,43
Weber,WHV11,Attorney General,,1,,Austin HEPWORTH,37
Weber,WHV11,Attorney General,,1,UUP,Michelle QUIST,35
Weber,WHV11,State Auditor,,1,REP,Tina CANNON,672
Weber,WHV11,State Auditor,,1,DEM,Catherine VOUTAZ,197
Weber,WHV11,State Auditor,,1,CON,Jeffery L. OSTLER,59
Weber,WHV11,State Treasurer,,1,REP,Marlo M. OAKS,676
Weber,WHV11,State Treasurer,,1,DEM,Neil A HANSEN,212
Weber,WHV11,State Treasurer,,1,UFP,Miles POMEROY,39
Weber,WHV11,State Senate,4,1,REP,Calvin Ray MUSSELMAN,706
Weber,WHV11,State House,9,1,REP,Jake SAWYER,658
Weber,WHV11,State House,9,1,DEM,Angela CHOBERKA,246
Weber,WHV11,State House,9,1,LBT,Jacob K. JOHNSON,44
Weber,WHV11,County Commission,C,1,REP,Jim HARVEY,620
Weber,WHV11,County Commission,C,1,DEM,Steven VAN WAGONER,231
Weber,WHV11,County Commission,C,1,LBT,Brian K ROWLEY,79
Weber,WHV11,County Assessor,,1,REP,John E. ULIBARRI,762
Weber,WHV11,County Recorder/Surveyor,,1,REP,Bahy RAHIMZADEGAN,741
Weber,WHV11,County Treasurer,,1,REP,Lynelle JENSEN,768
Weber,WHV11,Weber School Board,7,1,,Wyle J. WILLIAMS,709
Weber,WHV11,Retain Supreme Court Justice-Matthew B. DURRANT,,1,,Yes,632
Weber,WHV11,Retain Supreme Court Justice-Matthew B. DURRANT,,1,,No,160
Weber,WHV11,Retain Appeals Court Judge-Ryan D. TENNEY,,1,,Yes,624
Weber,WHV11,Retain Appeals Court Judge-Ryan D. TENNEY,,1,,No,159
Weber,WHV11,Retain 2nd District Circuit Court Judge-Joseph M. BEAN,,1,,Yes,585
Weber,WHV11,Retain 2nd District Circuit Court Judge-Joseph M. BEAN,,1,,No,194
Weber,WHV11,Retain 2nd District Circuit Court Judge-Ronald G. RUSSELL,,1,,Yes,623
Weber,WHV11,Retain 2nd District Circuit Court Judge-Ronald G. RUSSELL,,1,,No,159
Weber,WHV11,Retain 2nd District Circuit Court Judge-Christina Patricia ORTEGA,,1,,Yes,578
Weber,WHV11,Retain 2nd District Circuit Court Judge-Christina Patricia ORTEGA,,1,,No,206
Weber,WHV11,Retain 2nd District Circuit Court Judge-Craig HALL,,1,,Yes,595
Weber,WHV11,Retain 2nd District Circuit Court Judge-Craig HALL,,1,,No,183
Weber,WHV11,Retain 2nd District Circuit Court Judge-Michael Drio DIREDA,,1,,Yes,620
Weber,WHV11,Retain 2nd District Circuit Court Judge-Michael Drio DIREDA,,1,,No,163
Weber,WHV11,Retain 2nd District Juvenile Circuit Court Judge-Tasha WILLIAMS,,1,,Yes,614
Weber,WHV11,Retain 2nd District Juvenile Circuit Court Judge-Tasha WILLIAMS,,1,,No,169
Weber,WHV11,Constitutional Amendment B,,1,,For,547
Weber,WHV11,Constitutional Amendment B,,1,,Against,367
Weber,WHV11,Constitutional Amendment C,,1,,For,754
Weber,WHV11,Constitutional Amendment C,,1,,Against,159
Weber,WHV11,Proposition 19,,1,,Yes,579
Weber,WHV11,Proposition 19,,1,,No,353
Weber,WHV12,Registered Voters,,,,,1241
Weber,WHV12,Ballots Cast,,,,,1017
Weber,WHV12,President,,1,REP,Donald J. TRUMP/ JD VANCE,655
Weber,WHV12,President,,1,DEM,Kamala D. HARRIS / Tim WALZ,316
Weber,WHV12,President,,1,LBT,Chase OLIVER / Mike ter MAAT,15
Weber,WHV12,President,,1,GRN,Jill STEIN / Rudolph WARE,5
Weber,WHV12,President,,1,CON,Joel SKOUSEN / Rik COMBS,4
Weber,WHV12,President,,1,,Cornel Ronald WEST / Melina ABDULLAH,2
Weber,WHV12,President,,1,,"Lucifer ""JUSTIN CASE"" EVERYLOVE",1
Weber,WHV12,President,,1,,Claudia de la CRUZ / Karina Alexandra GARCIA,1
Weber,WHV12,President,,1,,Write-In Totals,13
Weber,WHV12,U.S. Senate,,1,REP,John CURTIS,641
Weber,WHV12,U.S. Senate,,1,DEM,Caroline GLEICH,278
Weber,WHV12,U.S. Senate,,1,IAP,Carleton E. BOWEN,52
Weber,WHV12,U.S. Senate,,1,,Write-In Totals,4
Weber,WHV12,U.S. House,1,1,REP,Blake D. MOORE,658
Weber,WHV12,U.S. House,1,1,DEM,Bill CAMPBELL,256
Weber,WHV12,U.S. House,1,1,LBT,Daniel R. COTTAM,42
Weber,WHV12,Governor,,1,REP,Spencer J. COX / Deidre M. HENDERSON,572
Weber,WHV12,Governor,,1,DEM,Brian SMITH KING / Rebekah CUMMINGS,235
Weber,WHV12,Governor,,1,LBT,J. Robert LATHAM / Barry Evan SHORT,44
Weber,WHV12,Governor,,1,IAP,Tommy WILLIAMS / Archie A. WILLIAMS III,19
Weber,WHV12,Governor,,1,,Tom TOMENY / William LANSING TAYLOR,3
Weber,WHV12,Governor,,1,,Write-In Totals,114
Weber,WHV12,Attorney General,,1,REP,Derek BROWN,593
Weber,WHV12,Attorney General,,1,DEM,Rudy J BAUTISTA,237
Weber,WHV12,Attorney General,,1,UUP,Michelle QUIST,58
Weber,WHV12,Attorney General,,1,,Austin HEPWORTH,40
Weber,WHV12,Attorney General,,1,LBT,W. Andrew McCULLOUGH,36
Weber,WHV12,State Auditor,,1,REP,Tina CANNON,634
Weber,WHV12,State Auditor,,1,DEM,Catherine VOUTAZ,250
Weber,WHV12,State Auditor,,1,CON,Jeffery L. OSTLER,58
Weber,WHV12,State Treasurer,,1,REP,Marlo M. OAKS,638
Weber,WHV12,State Treasurer,,1,DEM,Neil A HANSEN,248
Weber,WHV12,State Treasurer,,1,UFP,Miles POMEROY,59
Weber,WHV12,State Senate,4,1,REP,Calvin Ray MUSSELMAN,686
Weber,WHV12,State House,9,1,REP,Jake SAWYER,622
Weber,WHV12,State House,9,1,DEM,Angela CHOBERKA,278
Weber,WHV12,State House,9,1,LBT,Jacob K. JOHNSON,52
Weber,WHV12,County Commission,C,1,REP,Jim HARVEY,588
Weber,WHV12,County Commission,C,1,DEM,Steven VAN WAGONER,291
Weber,WHV12,County Commission,C,1,LBT,Brian K ROWLEY,76
Weber,WHV12,County Assessor,,1,REP,John E. ULIBARRI,757
Weber,WHV12,County Recorder/Surveyor,,1,REP,Bahy RAHIMZADEGAN,733
Weber,WHV12,County Treasurer,,1,REP,Lynelle JENSEN,765
Weber,WHV12,Retain Supreme Court Justice-Matthew B. DURRANT,,1,,Yes,621
Weber,WHV12,Retain Supreme Court Justice-Matthew B. DURRANT,,1,,No,165
Weber,WHV12,Retain Appeals Court Judge-Ryan D. TENNEY,,1,,Yes,613
Weber,WHV12,Retain Appeals Court Judge-Ryan D. TENNEY,,1,,No,169
Weber,WHV12,Retain 2nd District Circuit Court Judge-Joseph M. BEAN,,1,,Yes,595
Weber,WHV12,Retain 2nd District Circuit Court Judge-Joseph M. BEAN,,1,,No,185
Weber,WHV12,Retain 2nd District Circuit Court Judge-Ronald G. RUSSELL,,1,,Yes,637
Weber,WHV12,Retain 2nd District Circuit Court Judge-Ronald G. RUSSELL,,1,,No,145
Weber,WHV12,Retain 2nd District Circuit Court Judge-Christina Patricia ORTEGA,,1,,Yes,625
Weber,WHV12,Retain 2nd District Circuit Court Judge-Christina Patricia ORTEGA,,1,,No,167
Weber,WHV12,Retain 2nd District Circuit Court Judge-Craig HALL,,1,,Yes,603
Weber,WHV12,Retain 2nd District Circuit Court Judge-Craig HALL,,1,,No,172
Weber,WHV12,Retain 2nd District Circuit Court Judge-Michael Drio DIREDA,,1,,Yes,631
Weber,WHV12,Retain 2nd District Circuit Court Judge-Michael Drio DIREDA,,1,,No,156
Weber,WHV12,Retain 2nd District Juvenile Circuit Court Judge-Tasha WILLIAMS,,1,,Yes,634
Weber,WHV12,Retain 2nd District Juvenile Circuit Court Judge-Tasha WILLIAMS,,1,,No,149
Weber,WHV12,Constitutional Amendment B,,1,,For,657
Weber,WHV12,Constitutional Amendment B,,1,,Against,275
Weber,WHV12,Constitutional Amendment C,,1,,For,790
Weber,WHV12,Constitutional Amendment C,,1,,Against,145
Weber,WHV12,Proposition 19,,1,,Yes,645
Weber,WHV12,Proposition 19,,1,,No,306
Weber,WHV13,Registered Voters,,,,,757
Weber,WHV13,Ballots Cast,,,,,625
Weber,WHV13,President,,1,REP,Donald J. TRUMP/ JD VANCE,364
Weber,WHV13,President,,1,DEM,Kamala D. HARRIS / Tim WALZ,246
Weber,WHV13,President,,1,LBT,Chase OLIVER / Mike ter MAAT,5
Weber,WHV13,President,,1,GRN,Jill STEIN / Rudolph WARE,3
Weber,WHV13,President,,1,CON,Joel SKOUSEN / Rik COMBS,2
Weber,WHV13,President,,1,,"Lucifer ""JUSTIN CASE"" EVERYLOVE",1
Weber,WHV13,President,,1,,Cornel Ronald WEST / Melina ABDULLAH,0
Weber,WHV13,President,,1,,Claudia de la CRUZ / Karina Alexandra GARCIA,0
Weber,WHV13,President,,1,,Write-In Totals,1
Weber,WHV13,U.S. Senate,,1,REP,John CURTIS,343
Weber,WHV13,U.S. Senate,,1,DEM,Caroline GLEICH,226
Weber,WHV13,U.S. Senate,,1,IAP,Carleton E. BOWEN,27
Weber,WHV13,U.S. Senate,,1,,Write-In Totals,0
Weber,WHV13,U.S. House,1,1,REP,Blake D. MOORE,332
Weber,WHV13,U.S. House,1,1,DEM,Bill CAMPBELL,219
Weber,WHV13,U.S. House,1,1,LBT,Daniel R. COTTAM,26
Weber,WHV13,Governor,,1,REP,Spencer J. COX / Deidre M. HENDERSON,302
Weber,WHV13,Governor,,1,DEM,Brian SMITH KING / Rebekah CUMMINGS,205
Weber,WHV13,Governor,,1,LBT,J. Robert LATHAM / Barry Evan SHORT,22
Weber,WHV13,Governor,,1,IAP,Tommy WILLIAMS / Archie A. WILLIAMS III,14
Weber,WHV13,Governor,,1,,Tom TOMENY / William LANSING TAYLOR,3
Weber,WHV13,Governor,,1,,Write-In Totals,57
Weber,WHV13,Attorney General,,1,REP,Derek BROWN,322
Weber,WHV13,Attorney General,,1,DEM,Rudy J BAUTISTA,188
Weber,WHV13,Attorney General,,1,LBT,W. Andrew McCULLOUGH,34
Weber,WHV13,Attorney General,,1,UUP,Michelle QUIST,31
Weber,WHV13,Attorney General,,1,,Austin HEPWORTH,14
Weber,WHV13,State Auditor,,1,REP,Tina CANNON,340
Weber,WHV13,State Auditor,,1,DEM,Catherine VOUTAZ,205
Weber,WHV13,State Auditor,,1,CON,Jeffery L. OSTLER,35
Weber,WHV13,State Treasurer,,1,REP,Marlo M. OAKS,344
Weber,WHV13,State Treasurer,,1,DEM,Neil A HANSEN,191
Weber,WHV13,State Treasurer,,1,UFP,Miles POMEROY,42
Weber,WHV13,State Senate,4,1,REP,Calvin Ray MUSSELMAN,402
Weber,WHV13,State House,9,1,REP,Jake SAWYER,324
Weber,WHV13,State House,9,1,DEM,Angela CHOBERKA,221
Weber,WHV13,State House,9,1,LBT,Jacob K. JOHNSON,41
Weber,WHV13,County Commission,C,1,REP,Jim HARVEY,325
Weber,WHV13,County Commission,C,1,DEM,Steven VAN WAGONER,217
Weber,WHV13,County Commission,C,1,LBT,Brian K ROWLEY,45
Weber,WHV13,County Assessor,,1,REP,John E. ULIBARRI,457
Weber,WHV13,County Recorder/Surveyor,,1,REP,Bahy RAHIMZADEGAN,445
Weber,WHV13,County Treasurer,,1,REP,Lynelle JENSEN,457
Weber,WHV13,Retain Supreme Court Justice-Matthew B. DURRANT,,1,,Yes,363
Weber,WHV13,Retain Supreme Court Justice-Matthew B. DURRANT,,1,,No,138
Weber,WHV13,Retain Appeals Court Judge-Ryan D. TENNEY,,1,,Yes,360
Weber,WHV13,Retain Appeals Court Judge-Ryan D. TENNEY,,1,,No,130
Weber,WHV13,Retain 2nd District Circuit Court Judge-Joseph M. BEAN,,1,,Yes,369
Weber,WHV13,Retain 2nd District Circuit Court Judge-Joseph M. BEAN,,1,,No,119
Weber,WHV13,Retain 2nd District Circuit Court Judge-Ronald G. RUSSELL,,1,,Yes,388
Weber,WHV13,Retain 2nd District Circuit Court Judge-Ronald G. RUSSELL,,1,,No,105
Weber,WHV13,Retain 2nd District Circuit Court Judge-Christina Patricia ORTEGA,,1,,Yes,389
Weber,WHV13,Retain 2nd District Circuit Court Judge-Christina Patricia ORTEGA,,1,,No,107
Weber,WHV13,Retain 2nd District Circuit Court Judge-Craig HALL,,1,,Yes,353
Weber,WHV13,Retain 2nd District Circuit Court Judge-Craig HALL,,1,,No,134
Weber,WHV13,Retain 2nd District Circuit Court Judge-Michael Drio DIREDA,,1,,Yes,375
Weber,WHV13,Retain 2nd District Circuit Court Judge-Michael Drio DIREDA,,1,,No,118
Weber,WHV13,Retain 2nd District Juvenile Circuit Court Judge-Tasha WILLIAMS,,1,,Yes,392
Weber,WHV13,Retain 2nd District Juvenile Circuit Court Judge-Tasha WILLIAMS,,1,,No,97
Weber,WHV13,Constitutional Amendment B,,1,,For,434
Weber,WHV13,Constitutional Amendment B,,1,,Against,137
Weber,WHV13,Constitutional Amendment C,,1,,For,480
Weber,WHV13,Constitutional Amendment C,,1,,Against,98
Weber,WHV13,Proposition 19,,1,,Yes,404
Weber,WHV13,Proposition 19,,1,,No,172
Weber,WHV14,Registered Voters,,,,,671
Weber,WHV14,Ballots Cast,,,,,604
Weber,WHV14,President,,1,REP,Donald J. TRUMP/ JD VANCE,427
Weber,WHV14,President,,1,DEM,Kamala D. HARRIS / Tim WALZ,154
Weber,WHV14,President,,1,LBT,Chase OLIVER / Mike ter MAAT,5
Weber,WHV14,President,,1,GRN,Jill STEIN / Rudolph WARE,2
Weber,WHV14,President,,1,,Cornel Ronald WEST / Melina ABDULLAH,1
Weber,WHV14,President,,1,,"Lucifer ""JUSTIN CASE"" EVERYLOVE",1
Weber,WHV14,President,,1,CON,Joel SKOUSEN / Rik COMBS,1
Weber,WHV14,President,,1,,Claudia de la CRUZ / Karina Alexandra GARCIA,0
Weber,WHV14,President,,1,,Write-In Totals,8
Weber,WHV14,U.S. Senate,,1,REP,John CURTIS,411
Weber,WHV14,U.S. Senate,,1,DEM,Caroline GLEICH,135
Weber,WHV14,U.S. Senate,,1,IAP,Carleton E. BOWEN,35
Weber,WHV14,U.S. Senate,,1,,Write-In Totals,0
Weber,WHV14,U.S. House,1,1,REP,Blake D. MOORE,429
Weber,WHV14,U.S. House,1,1,DEM,Bill CAMPBELL,128
Weber,WHV14,U.S. House,1,1,LBT,Daniel R. COTTAM,14
Weber,WHV14,Governor,,1,REP,Spencer J. COX / Deidre M. HENDERSON,387
Weber,WHV14,Governor,,1,DEM,Brian SMITH KING / Rebekah CUMMINGS,106
Weber,WHV14,Governor,,1,LBT,J. Robert LATHAM / Barry Evan SHORT,12
Weber,WHV14,Governor,,1,IAP,Tommy WILLIAMS / Archie A. WILLIAMS III,4
Weber,WHV14,Governor,,1,,Tom TOMENY / William LANSING TAYLOR,1
Weber,WHV14,Governor,,1,,Write-In Totals,79
Weber,WHV14,Attorney General,,1,REP,Derek BROWN,399
Weber,WHV14,Attorney General,,1,DEM,Rudy J BAUTISTA,114
Weber,WHV14,Attorney General,,1,UUP,Michelle QUIST,32
Weber,WHV14,Attorney General,,1,LBT,W. Andrew McCULLOUGH,23
Weber,WHV14,Attorney General,,1,,Austin HEPWORTH,13
Weber,WHV14,State Auditor,,1,REP,Tina CANNON,418
Weber,WHV14,State Auditor,,1,DEM,Catherine VOUTAZ,123
Weber,WHV14,State Auditor,,1,CON,Jeffery L. OSTLER,25
Weber,WHV14,State Treasurer,,1,REP,Marlo M. OAKS,424
Weber,WHV14,State Treasurer,,1,DEM,Neil A HANSEN,118
Weber,WHV14,State Treasurer,,1,UFP,Miles POMEROY,27
Weber,WHV14,State Senate,4,1,REP,Calvin Ray MUSSELMAN,449
Weber,WHV14,State House,9,1,REP,Jake SAWYER,410
Weber,WHV14,State House,9,1,DEM,Angela CHOBERKA,140
Weber,WHV14,State House,9,1,LBT,Jacob K. JOHNSON,20
Weber,WHV14,County Commission,C,1,REP,Jim HARVEY,387
Weber,WHV14,County Commission,C,1,DEM,Steven VAN WAGONER,158
Weber,WHV14,County Commission,C,1,LBT,Brian K ROWLEY,26
Weber,WHV14,County Assessor,,1,REP,John E. ULIBARRI,508
Weber,WHV14,County Recorder/Surveyor,,1,REP,Bahy RAHIMZADEGAN,495
Weber,WHV14,County Treasurer,,1,REP,Lynelle JENSEN,504
Weber,WHV14,Retain Supreme Court Justice-Matthew B. DURRANT,,1,,Yes,426
Weber,WHV14,Retain Supreme Court Justice-Matthew B. DURRANT,,1,,No,88
Weber,WHV14,Retain Appeals Court Judge-Ryan D. TENNEY,,1,,Yes,425
Weber,WHV14,Retain Appeals Court Judge-Ryan D. TENNEY,,1,,No,79
Weber,WHV14,Retain 2nd District Circuit Court Judge-Joseph M. BEAN,,1,,Yes,403
Weber,WHV14,Retain 2nd District Circuit Court Judge-Joseph M. BEAN,,1,,No,100
Weber,WHV14,Retain 2nd District Circuit Court Judge-Ronald G. RUSSELL,,1,,Yes,426
Weber,WHV14,Retain 2nd District Circuit Court Judge-Ronald G. RUSSELL,,1,,No,82
Weber,WHV14,Retain 2nd District Circuit Court Judge-Christina Patricia ORTEGA,,1,,Yes,401
Weber,WHV14,Retain 2nd District Circuit Court Judge-Christina Patricia ORTEGA,,1,,No,107
Weber,WHV14,Retain 2nd District Circuit Court Judge-Craig HALL,,1,,Yes,412
Weber,WHV14,Retain 2nd District Circuit Court Judge-Craig HALL,,1,,No,94
Weber,WHV14,Retain 2nd District Circuit Court Judge-Michael Drio DIREDA,,1,,Yes,413
Weber,WHV14,Retain 2nd District Circuit Court Judge-Michael Drio DIREDA,,1,,No,94
Weber,WHV14,Retain 2nd District Juvenile Circuit Court Judge-Tasha WILLIAMS,,1,,Yes,414
Weber,WHV14,Retain 2nd District Juvenile Circuit Court Judge-Tasha WILLIAMS,,1,,No,94
Weber,WHV14,Constitutional Amendment B,,1,,For,372
Weber,WHV14,Constitutional Amendment B,,1,,Against,189
Weber,WHV14,Constitutional Amendment C,,1,,For,471
Weber,WHV14,Constitutional Amendment C,,1,,Against,94
Weber,WHV14,Proposition 19,,1,,Yes,349
Weber,WHV14,Proposition 19,,1,,No,221
Weber,FED01 Suppressed,Registered Voters,,,,,0
Weber,FED01 Suppressed,Ballots Cast,,,,,1
Weber,FED01 Suppressed,President,,1,REP,Donald J. TRUMP/ JD VANCE,
Weber,FED01 Suppressed,President,,1,,Cornel Ronald WEST / Melina ABDULLAH,
Weber,FED01 Suppressed,President,,1,,"Lucifer ""JUSTIN CASE"" EVERYLOVE",
Weber,FED01 Suppressed,President,,1,CON,Joel SKOUSEN / Rik COMBS,
Weber,FED01 Suppressed,President,,1,GRN,Jill STEIN / Rudolph WARE,
Weber,FED01 Suppressed,President,,1,LBT,Chase OLIVER / Mike ter MAAT,
Weber,FED01 Suppressed,President,,1,DEM,Kamala D. HARRIS / Tim WALZ,
Weber,FED01 Suppressed,President,,1,,Claudia de la CRUZ / Karina Alexandra GARCIA,
Weber,FED01 Suppressed,President,,1,,Write-In Totals,
Weber,FED01 Suppressed,U.S. Senate,,1,IAP,Carleton E. BOWEN,
Weber,FED01 Suppressed,U.S. Senate,,1,REP,John CURTIS,
Weber,FED01 Suppressed,U.S. Senate,,1,DEM,Caroline GLEICH,
Weber,FED01 Suppressed,U.S. Senate,,1,,Write-In Totals,
Weber,FED01 Suppressed,U.S. House,1,1,DEM,Bill CAMPBELL,
Weber,FED01 Suppressed,U.S. House,1,1,LBT,Daniel R. COTTAM,
Weber,FED01 Suppressed,U.S. House,1,1,REP,Blake D. MOORE,
