county,precinct,office,district,party,candidate,votes
Morgan,10-3,President,,,CORNEL RONALD WEST / MELINA ABDULLAH,0
Morgan,11-2,President,,,CORNEL RONALD WEST / MELINA ABDULLAH,0
Morgan,11-2-MC,President,,,CORNEL RONALD WEST / MELINA ABDULLAH,0
Morgan,12-2-MC,President,,,CORNEL RONALD WEST / MELINA ABDULLAH,0
Morgan,13-2-MC,President,,,CORNEL RONALD WEST / MELINA ABDULLAH,0
Morgan,14-2,President,,,CORNEL RONALD WEST / MELINA ABDULLAH,0
Morgan,14-2-MC,President,,,CORNEL RONALD WEST / MELINA ABDULLAH,0
Morgan,15-3,President,,,CORNEL RONALD WEST / MELINA ABDULLAH,0
Morgan,15-3-MC,President,,,CORNEL RONALD WEST / MELINA ABDULLAH,0
Morgan,16-2,President,,,CORNEL RONALD WEST / MELINA ABDULLAH,0
Morgan,17-3-MC,President,,,CORNEL RONALD WEST / MELINA ABDULLAH,0
Morgan,1-1,President,,,CORNEL RONALD WEST / MELINA ABDULLAH,0
Morgan,1-1-S,President,,,CORNEL RONALD WEST / MELINA ABDULLAH,1
Morgan,2-1,President,,,CORNEL RONALD WEST / MELINA ABDULLAH,0
Morgan,2-1-S,President,,,CORNEL RONALD WEST / MELINA ABDULLAH,0
Morgan,3-1,President,,,CORNEL RONALD WEST / MELINA ABDULLAH,0
Morgan,3-1-S,President,,,CORNEL RONALD WEST / MELINA ABDULLAH,0
Morgan,4-1-S,President,,,CORNEL RONALD WEST / MELINA ABDULLAH,1
Morgan,5-1,President,,,CORNEL RONALD WEST / MELINA ABDULLAH,0
Morgan,5-1-S,President,,,CORNEL RONALD WEST / MELINA ABDULLAH,0
Morgan,6-3,President,,,CORNEL RONALD WEST / MELINA ABDULLAH,0
Morgan,7-3,President,,,CORNEL RONALD WEST / MELINA ABDULLAH,0
Morgan,8-3,President,,,CORNEL RONALD WEST / MELINA ABDULLAH,0
Morgan,9-3,President,,,CORNEL RONALD WEST / MELINA ABDULLAH,0
Morgan,FEDERAL,President,,,CORNEL RONALD WEST / MELINA ABDULLAH,0
Morgan,10-3,President,,,"LUCIFER ""JUSTIN CASE"" EVERYLOVE",0
Morgan,11-2,President,,,"LUCIFER ""JUSTIN CASE"" EVERYLOVE",0
Morgan,11-2-MC,President,,,"LUCIFER ""JUSTIN CASE"" EVERYLOVE",0
Morgan,12-2-MC,President,,,"LUCIFER ""JUSTIN CASE"" EVERYLOVE",0
Morgan,13-2-MC,President,,,"LUCIFER ""JUSTIN CASE"" EVERYLOVE",2
Morgan,14-2,President,,,"LUCIFER ""JUSTIN CASE"" EVERYLOVE",0
Morgan,14-2-MC,President,,,"LUCIFER ""JUSTIN CASE"" EVERYLOVE",3
Morgan,15-3,President,,,"LUCIFER ""JUSTIN CASE"" EVERYLOVE",1
Morgan,15-3-MC,President,,,"LUCIFER ""JUSTIN CASE"" EVERYLOVE",0
Morgan,16-2,President,,,"LUCIFER ""JUSTIN CASE"" EVERYLOVE",0
Morgan,17-3-MC,President,,,"LUCIFER ""JUSTIN CASE"" EVERYLOVE",0
Morgan,1-1,President,,,"LUCIFER ""JUSTIN CASE"" EVERYLOVE",0
Morgan,1-1-S,President,,,"LUCIFER ""JUSTIN CASE"" EVERYLOVE",0
Morgan,2-1,President,,,"LUCIFER ""JUSTIN CASE"" EVERYLOVE",0
Morgan,2-1-S,President,,,"LUCIFER ""JUSTIN CASE"" EVERYLOVE",0
Morgan,3-1,President,,,"LUCIFER ""JUSTIN CASE"" EVERYLOVE",0
Morgan,3-1-S,President,,,"LUCIFER ""JUSTIN CASE"" EVERYLOVE",1
Morgan,4-1-S,President,,,"LUCIFER ""JUSTIN CASE"" EVERYLOVE",0
Morgan,5-1,President,,,"LUCIFER ""JUSTIN CASE"" EVERYLOVE",0
Morgan,5-1-S,President,,,"LUCIFER ""JUSTIN CASE"" EVERYLOVE",1
Morgan,6-3,President,,,"LUCIFER ""JUSTIN CASE"" EVERYLOVE",0
Morgan,7-3,President,,,"LUCIFER ""JUSTIN CASE"" EVERYLOVE",0
Morgan,8-3,President,,,"LUCIFER ""JUSTIN CASE"" EVERYLOVE",1
Morgan,9-3,President,,,"LUCIFER ""JUSTIN CASE"" EVERYLOVE",1
Morgan,FEDERAL,President,,,"LUCIFER ""JUSTIN CASE"" EVERYLOVE",0
Morgan,10-3,President,,CON,JOEL SKOUSEN / RIK COMBS,0
Morgan,11-2,President,,CON,JOEL SKOUSEN / RIK COMBS,0
Morgan,11-2-MC,President,,CON,JOEL SKOUSEN / RIK COMBS,2
Morgan,12-2-MC,President,,CON,JOEL SKOUSEN / RIK COMBS,2
Morgan,13-2-MC,President,,CON,JOEL SKOUSEN / RIK COMBS,6
Morgan,14-2,President,,CON,JOEL SKOUSEN / RIK COMBS,0
Morgan,14-2-MC,President,,CON,JOEL SKOUSEN / RIK COMBS,3
Morgan,15-3,President,,CON,JOEL SKOUSEN / RIK COMBS,2
Morgan,15-3-MC,President,,CON,JOEL SKOUSEN / RIK COMBS,1
Morgan,16-2,President,,CON,JOEL SKOUSEN / RIK COMBS,7
Morgan,17-3-MC,President,,CON,JOEL SKOUSEN / RIK COMBS,0
Morgan,1-1,President,,CON,JOEL SKOUSEN / RIK COMBS,0
Morgan,1-1-S,President,,CON,JOEL SKOUSEN / RIK COMBS,11
Morgan,2-1,President,,CON,JOEL SKOUSEN / RIK COMBS,0
Morgan,2-1-S,President,,CON,JOEL SKOUSEN / RIK COMBS,2
Morgan,3-1,President,,CON,JOEL SKOUSEN / RIK COMBS,4
Morgan,3-1-S,President,,CON,JOEL SKOUSEN / RIK COMBS,4
Morgan,4-1-S,President,,CON,JOEL SKOUSEN / RIK COMBS,3
Morgan,5-1,President,,CON,JOEL SKOUSEN / RIK COMBS,3
Morgan,5-1-S,President,,CON,JOEL SKOUSEN / RIK COMBS,0
Morgan,6-3,President,,CON,JOEL SKOUSEN / RIK COMBS,3
Morgan,7-3,President,,CON,JOEL SKOUSEN / RIK COMBS,3
Morgan,8-3,President,,CON,JOEL SKOUSEN / RIK COMBS,3
Morgan,9-3,President,,CON,JOEL SKOUSEN / RIK COMBS,1
Morgan,FEDERAL,President,,CON,JOEL SKOUSEN / RIK COMBS,0
Morgan,10-3,President,,GRN,JILL STEIN / RUDOLPH WARE,0
Morgan,11-2,President,,GRN,JILL STEIN / RUDOLPH WARE,0
Morgan,11-2-MC,President,,GRN,JILL STEIN / RUDOLPH WARE,0
Morgan,12-2-MC,President,,GRN,JILL STEIN / RUDOLPH WARE,2
Morgan,13-2-MC,President,,GRN,JILL STEIN / RUDOLPH WARE,7
Morgan,14-2,President,,GRN,JILL STEIN / RUDOLPH WARE,0
Morgan,14-2-MC,President,,GRN,JILL STEIN / RUDOLPH WARE,0
Morgan,15-3,President,,GRN,JILL STEIN / RUDOLPH WARE,0
Morgan,15-3-MC,President,,GRN,JILL STEIN / RUDOLPH WARE,3
Morgan,16-2,President,,GRN,JILL STEIN / RUDOLPH WARE,0
Morgan,17-3-MC,President,,GRN,JILL STEIN / RUDOLPH WARE,1
Morgan,1-1,President,,GRN,JILL STEIN / RUDOLPH WARE,0
Morgan,1-1-S,President,,GRN,JILL STEIN / RUDOLPH WARE,1
Morgan,2-1,President,,GRN,JILL STEIN / RUDOLPH WARE,0
Morgan,2-1-S,President,,GRN,JILL STEIN / RUDOLPH WARE,1
Morgan,3-1,President,,GRN,JILL STEIN / RUDOLPH WARE,0
Morgan,3-1-S,President,,GRN,JILL STEIN / RUDOLPH WARE,1
Morgan,4-1-S,President,,GRN,JILL STEIN / RUDOLPH WARE,0
Morgan,5-1,President,,GRN,JILL STEIN / RUDOLPH WARE,0
Morgan,5-1-S,President,,GRN,JILL STEIN / RUDOLPH WARE,2
Morgan,6-3,President,,GRN,JILL STEIN / RUDOLPH WARE,0
Morgan,7-3,President,,GRN,JILL STEIN / RUDOLPH WARE,0
Morgan,8-3,President,,GRN,JILL STEIN / RUDOLPH WARE,1
Morgan,9-3,President,,GRN,JILL STEIN / RUDOLPH WARE,1
Morgan,FEDERAL,President,,GRN,JILL STEIN / RUDOLPH WARE,0
Morgan,10-3,President,,REP,DONALD J. TRUMP / JD VANCE,352
Morgan,11-2,President,,REP,DONALD J. TRUMP / JD VANCE,48
Morgan,11-2-MC,President,,REP,DONALD J. TRUMP / JD VANCE,424
Morgan,12-2-MC,President,,REP,DONALD J. TRUMP / JD VANCE,234
Morgan,13-2-MC,President,,REP,DONALD J. TRUMP / JD VANCE,328
Morgan,14-2,President,,REP,DONALD J. TRUMP / JD VANCE,0
Morgan,14-2-MC,President,,REP,DONALD J. TRUMP / JD VANCE,473
Morgan,15-3,President,,REP,DONALD J. TRUMP / JD VANCE,148
Morgan,15-3-MC,President,,REP,DONALD J. TRUMP / JD VANCE,259
Morgan,16-2,President,,REP,DONALD J. TRUMP / JD VANCE,93
Morgan,17-3-MC,President,,REP,DONALD J. TRUMP / JD VANCE,108
Morgan,1-1,President,,REP,DONALD J. TRUMP / JD VANCE,0
Morgan,1-1-S,President,,REP,DONALD J. TRUMP / JD VANCE,497
Morgan,2-1,President,,REP,DONALD J. TRUMP / JD VANCE,0
Morgan,2-1-S,President,,REP,DONALD J. TRUMP / JD VANCE,247
Morgan,3-1,President,,REP,DONALD J. TRUMP / JD VANCE,82
Morgan,3-1-S,President,,REP,DONALD J. TRUMP / JD VANCE,215
Morgan,4-1-S,President,,REP,DONALD J. TRUMP / JD VANCE,330
Morgan,5-1,President,,REP,DONALD J. TRUMP / JD VANCE,26
Morgan,5-1-S,President,,REP,DONALD J. TRUMP / JD VANCE,301
Morgan,6-3,President,,REP,DONALD J. TRUMP / JD VANCE,257
Morgan,7-3,President,,REP,DONALD J. TRUMP / JD VANCE,314
Morgan,8-3,President,,REP,DONALD J. TRUMP / JD VANCE,375
Morgan,9-3,President,,REP,DONALD J. TRUMP / JD VANCE,179
Morgan,FEDERAL,President,,REP,DONALD J. TRUMP / JD VANCE,0
Morgan,10-3,President,,LIB,CHASE OLIVER / MIKE TER MAAT,14
Morgan,11-2,President,,LIB,CHASE OLIVER / MIKE TER MAAT,3
Morgan,11-2-MC,President,,LIB,CHASE OLIVER / MIKE TER MAAT,10
Morgan,12-2-MC,President,,LIB,CHASE OLIVER / MIKE TER MAAT,5
Morgan,13-2-MC,President,,LIB,CHASE OLIVER / MIKE TER MAAT,2
Morgan,14-2,President,,LIB,CHASE OLIVER / MIKE TER MAAT,0
Morgan,14-2-MC,President,,LIB,CHASE OLIVER / MIKE TER MAAT,4
Morgan,15-3,President,,LIB,CHASE OLIVER / MIKE TER MAAT,3
Morgan,15-3-MC,President,,LIB,CHASE OLIVER / MIKE TER MAAT,13
Morgan,16-2,President,,LIB,CHASE OLIVER / MIKE TER MAAT,0
Morgan,17-3-MC,President,,LIB,CHASE OLIVER / MIKE TER MAAT,1
Morgan,1-1,President,,LIB,CHASE OLIVER / MIKE TER MAAT,0
Morgan,1-1-S,President,,LIB,CHASE OLIVER / MIKE TER MAAT,18
Morgan,2-1,President,,LIB,CHASE OLIVER / MIKE TER MAAT,0
Morgan,2-1-S,President,,LIB,CHASE OLIVER / MIKE TER MAAT,5
Morgan,3-1,President,,LIB,CHASE OLIVER / MIKE TER MAAT,1
Morgan,3-1-S,President,,LIB,CHASE OLIVER / MIKE TER MAAT,2
Morgan,4-1-S,President,,LIB,CHASE OLIVER / MIKE TER MAAT,6
Morgan,5-1,President,,LIB,CHASE OLIVER / MIKE TER MAAT,0
Morgan,5-1-S,President,,LIB,CHASE OLIVER / MIKE TER MAAT,6
Morgan,6-3,President,,LIB,CHASE OLIVER / MIKE TER MAAT,5
Morgan,7-3,President,,LIB,CHASE OLIVER / MIKE TER MAAT,1
Morgan,8-3,President,,LIB,CHASE OLIVER / MIKE TER MAAT,2
Morgan,9-3,President,,LIB,CHASE OLIVER / MIKE TER MAAT,3
Morgan,FEDERAL,President,,LIB,CHASE OLIVER / MIKE TER MAAT,0
Morgan,10-3,President,,DEM,KAMALA D. HARRIS / TIM WALZ,47
Morgan,11-2,President,,DEM,KAMALA D. HARRIS / TIM WALZ,1
Morgan,11-2-MC,President,,DEM,KAMALA D. HARRIS / TIM WALZ,55
Morgan,12-2-MC,President,,DEM,KAMALA D. HARRIS / TIM WALZ,54
Morgan,13-2-MC,President,,DEM,KAMALA D. HARRIS / TIM WALZ,72
Morgan,14-2,President,,DEM,KAMALA D. HARRIS / TIM WALZ,0
Morgan,14-2-MC,President,,DEM,KAMALA D. HARRIS / TIM WALZ,92
Morgan,15-3,President,,DEM,KAMALA D. HARRIS / TIM WALZ,28
Morgan,15-3-MC,President,,DEM,KAMALA D. HARRIS / TIM WALZ,64
Morgan,16-2,President,,DEM,KAMALA D. HARRIS / TIM WALZ,7
Morgan,17-3-MC,President,,DEM,KAMALA D. HARRIS / TIM WALZ,31
Morgan,1-1,President,,DEM,KAMALA D. HARRIS / TIM WALZ,0
Morgan,1-1-S,President,,DEM,KAMALA D. HARRIS / TIM WALZ,225
Morgan,2-1,President,,DEM,KAMALA D. HARRIS / TIM WALZ,0
Morgan,2-1-S,President,,DEM,KAMALA D. HARRIS / TIM WALZ,87
Morgan,3-1,President,,DEM,KAMALA D. HARRIS / TIM WALZ,17
Morgan,3-1-S,President,,DEM,KAMALA D. HARRIS / TIM WALZ,59
Morgan,4-1-S,President,,DEM,KAMALA D. HARRIS / TIM WALZ,84
Morgan,5-1,President,,DEM,KAMALA D. HARRIS / TIM WALZ,11
Morgan,5-1-S,President,,DEM,KAMALA D. HARRIS / TIM WALZ,136
Morgan,6-3,President,,DEM,KAMALA D. HARRIS / TIM WALZ,64
Morgan,7-3,President,,DEM,KAMALA D. HARRIS / TIM WALZ,55
Morgan,8-3,President,,DEM,KAMALA D. HARRIS / TIM WALZ,37
Morgan,9-3,President,,DEM,KAMALA D. HARRIS / TIM WALZ,26
Morgan,FEDERAL,President,,DEM,KAMALA D. HARRIS / TIM WALZ,0
Morgan,10-3,President,,,CLAUDIA DE LA CRUZ / KARINA ALEXANDRA GARCIA,0
Morgan,11-2,President,,,CLAUDIA DE LA CRUZ / KARINA ALEXANDRA GARCIA,0
Morgan,11-2-MC,President,,,CLAUDIA DE LA CRUZ / KARINA ALEXANDRA GARCIA,0
Morgan,12-2-MC,President,,,CLAUDIA DE LA CRUZ / KARINA ALEXANDRA GARCIA,0
Morgan,13-2-MC,President,,,CLAUDIA DE LA CRUZ / KARINA ALEXANDRA GARCIA,0
Morgan,14-2,President,,,CLAUDIA DE LA CRUZ / KARINA ALEXANDRA GARCIA,0
Morgan,14-2-MC,President,,,CLAUDIA DE LA CRUZ / KARINA ALEXANDRA GARCIA,1
Morgan,15-3,President,,,CLAUDIA DE LA CRUZ / KARINA ALEXANDRA GARCIA,0
Morgan,15-3-MC,President,,,CLAUDIA DE LA CRUZ / KARINA ALEXANDRA GARCIA,0
Morgan,16-2,President,,,CLAUDIA DE LA CRUZ / KARINA ALEXANDRA GARCIA,0
Morgan,17-3-MC,President,,,CLAUDIA DE LA CRUZ / KARINA ALEXANDRA GARCIA,0
Morgan,1-1,President,,,CLAUDIA DE LA CRUZ / KARINA ALEXANDRA GARCIA,0
Morgan,1-1-S,President,,,CLAUDIA DE LA CRUZ / KARINA ALEXANDRA GARCIA,0
Morgan,2-1,President,,,CLAUDIA DE LA CRUZ / KARINA ALEXANDRA GARCIA,0
Morgan,2-1-S,President,,,CLAUDIA DE LA CRUZ / KARINA ALEXANDRA GARCIA,0
Morgan,3-1,President,,,CLAUDIA DE LA CRUZ / KARINA ALEXANDRA GARCIA,1
Morgan,3-1-S,President,,,CLAUDIA DE LA CRUZ / KARINA ALEXANDRA GARCIA,0
Morgan,4-1-S,President,,,CLAUDIA DE LA CRUZ / KARINA ALEXANDRA GARCIA,0
Morgan,5-1,President,,,CLAUDIA DE LA CRUZ / KARINA ALEXANDRA GARCIA,0
Morgan,5-1-S,President,,,CLAUDIA DE LA CRUZ / KARINA ALEXANDRA GARCIA,0
Morgan,6-3,President,,,CLAUDIA DE LA CRUZ / KARINA ALEXANDRA GARCIA,0
Morgan,7-3,President,,,CLAUDIA DE LA CRUZ / KARINA ALEXANDRA GARCIA,0
Morgan,8-3,President,,,CLAUDIA DE LA CRUZ / KARINA ALEXANDRA GARCIA,1
Morgan,9-3,President,,,CLAUDIA DE LA CRUZ / KARINA ALEXANDRA GARCIA,0
Morgan,FEDERAL,President,,,CLAUDIA DE LA CRUZ / KARINA ALEXANDRA GARCIA,0
Morgan,10-3,President,,,FUTURE MADAM POTUS,0
Morgan,11-2,President,,,FUTURE MADAM POTUS,0
Morgan,11-2-MC,President,,,FUTURE MADAM POTUS,0
Morgan,12-2-MC,President,,,FUTURE MADAM POTUS,0
Morgan,13-2-MC,President,,,FUTURE MADAM POTUS,0
Morgan,14-2,President,,,FUTURE MADAM POTUS,0
Morgan,14-2-MC,President,,,FUTURE MADAM POTUS,0
Morgan,15-3,President,,,FUTURE MADAM POTUS,0
Morgan,15-3-MC,President,,,FUTURE MADAM POTUS,0
Morgan,16-2,President,,,FUTURE MADAM POTUS,0
Morgan,17-3-MC,President,,,FUTURE MADAM POTUS,0
Morgan,1-1,President,,,FUTURE MADAM POTUS,0
Morgan,1-1-S,President,,,FUTURE MADAM POTUS,0
Morgan,2-1,President,,,FUTURE MADAM POTUS,0
Morgan,2-1-S,President,,,FUTURE MADAM POTUS,0
Morgan,3-1,President,,,FUTURE MADAM POTUS,0
Morgan,3-1-S,President,,,FUTURE MADAM POTUS,0
Morgan,4-1-S,President,,,FUTURE MADAM POTUS,0
Morgan,5-1,President,,,FUTURE MADAM POTUS,0
Morgan,5-1-S,President,,,FUTURE MADAM POTUS,0
Morgan,6-3,President,,,FUTURE MADAM POTUS,0
Morgan,7-3,President,,,FUTURE MADAM POTUS,0
Morgan,8-3,President,,,FUTURE MADAM POTUS,0
Morgan,9-3,President,,,FUTURE MADAM POTUS,0
Morgan,FEDERAL,President,,,FUTURE MADAM POTUS,0
Morgan,10-3,President,,,PETER SONSKI / LAUREN MICHELLE ONAK,2
Morgan,11-2,President,,,PETER SONSKI / LAUREN MICHELLE ONAK,0
Morgan,11-2-MC,President,,,PETER SONSKI / LAUREN MICHELLE ONAK,0
Morgan,12-2-MC,President,,,PETER SONSKI / LAUREN MICHELLE ONAK,0
Morgan,13-2-MC,President,,,PETER SONSKI / LAUREN MICHELLE ONAK,0
Morgan,14-2,President,,,PETER SONSKI / LAUREN MICHELLE ONAK,0
Morgan,14-2-MC,President,,,PETER SONSKI / LAUREN MICHELLE ONAK,0
Morgan,15-3,President,,,PETER SONSKI / LAUREN MICHELLE ONAK,0
Morgan,15-3-MC,President,,,PETER SONSKI / LAUREN MICHELLE ONAK,0
Morgan,16-2,President,,,PETER SONSKI / LAUREN MICHELLE ONAK,0
Morgan,17-3-MC,President,,,PETER SONSKI / LAUREN MICHELLE ONAK,0
Morgan,1-1,President,,,PETER SONSKI / LAUREN MICHELLE ONAK,0
Morgan,1-1-S,President,,,PETER SONSKI / LAUREN MICHELLE ONAK,0
Morgan,2-1,President,,,PETER SONSKI / LAUREN MICHELLE ONAK,0
Morgan,2-1-S,President,,,PETER SONSKI / LAUREN MICHELLE ONAK,0
Morgan,3-1,President,,,PETER SONSKI / LAUREN MICHELLE ONAK,0
Morgan,3-1-S,President,,,PETER SONSKI / LAUREN MICHELLE ONAK,0
Morgan,4-1-S,President,,,PETER SONSKI / LAUREN MICHELLE ONAK,0
Morgan,5-1,President,,,PETER SONSKI / LAUREN MICHELLE ONAK,0
Morgan,5-1-S,President,,,PETER SONSKI / LAUREN MICHELLE ONAK,0
Morgan,6-3,President,,,PETER SONSKI / LAUREN MICHELLE ONAK,0
Morgan,7-3,President,,,PETER SONSKI / LAUREN MICHELLE ONAK,1
Morgan,8-3,President,,,PETER SONSKI / LAUREN MICHELLE ONAK,0
Morgan,9-3,President,,,PETER SONSKI / LAUREN MICHELLE ONAK,0
Morgan,FEDERAL,President,,,PETER SONSKI / LAUREN MICHELLE ONAK,0
Morgan,10-3,President,,,JAY J BOWMAN / DE D. BOWMAN,0
Morgan,11-2,President,,,JAY J BOWMAN / DE D. BOWMAN,0
Morgan,11-2-MC,President,,,JAY J BOWMAN / DE D. BOWMAN,0
Morgan,12-2-MC,President,,,JAY J BOWMAN / DE D. BOWMAN,0
Morgan,13-2-MC,President,,,JAY J BOWMAN / DE D. BOWMAN,0
Morgan,14-2,President,,,JAY J BOWMAN / DE D. BOWMAN,0
Morgan,14-2-MC,President,,,JAY J BOWMAN / DE D. BOWMAN,0
Morgan,15-3,President,,,JAY J BOWMAN / DE D. BOWMAN,0
Morgan,15-3-MC,President,,,JAY J BOWMAN / DE D. BOWMAN,0
Morgan,16-2,President,,,JAY J BOWMAN / DE D. BOWMAN,0
Morgan,17-3-MC,President,,,JAY J BOWMAN / DE D. BOWMAN,0
Morgan,1-1,President,,,JAY J BOWMAN / DE D. BOWMAN,0
Morgan,1-1-S,President,,,JAY J BOWMAN / DE D. BOWMAN,0
Morgan,2-1,President,,,JAY J BOWMAN / DE D. BOWMAN,0
Morgan,2-1-S,President,,,JAY J BOWMAN / DE D. BOWMAN,0
Morgan,3-1,President,,,JAY J BOWMAN / DE D. BOWMAN,0
Morgan,3-1-S,President,,,JAY J BOWMAN / DE D. BOWMAN,0
Morgan,4-1-S,President,,,JAY J BOWMAN / DE D. BOWMAN,0
Morgan,5-1,President,,,JAY J BOWMAN / DE D. BOWMAN,0
Morgan,5-1-S,President,,,JAY J BOWMAN / DE D. BOWMAN,0
Morgan,6-3,President,,,JAY J BOWMAN / DE D. BOWMAN,0
Morgan,7-3,President,,,JAY J BOWMAN / DE D. BOWMAN,0
Morgan,8-3,President,,,JAY J BOWMAN / DE D. BOWMAN,0
Morgan,9-3,President,,,JAY J BOWMAN / DE D. BOWMAN,0
Morgan,FEDERAL,President,,,JAY J BOWMAN / DE D. BOWMAN,0
Morgan,10-3,President,,,STEVE M. JOHNSON,0
Morgan,11-2,President,,,STEVE M. JOHNSON,0
Morgan,11-2-MC,President,,,STEVE M. JOHNSON,0
Morgan,12-2-MC,President,,,STEVE M. JOHNSON,0
Morgan,13-2-MC,President,,,STEVE M. JOHNSON,0
Morgan,14-2,President,,,STEVE M. JOHNSON,0
Morgan,14-2-MC,President,,,STEVE M. JOHNSON,0
Morgan,15-3,President,,,STEVE M. JOHNSON,0
Morgan,15-3-MC,President,,,STEVE M. JOHNSON,0
Morgan,16-2,President,,,STEVE M. JOHNSON,0
Morgan,17-3-MC,President,,,STEVE M. JOHNSON,0
Morgan,1-1,President,,,STEVE M. JOHNSON,0
Morgan,1-1-S,President,,,STEVE M. JOHNSON,0
Morgan,2-1,President,,,STEVE M. JOHNSON,0
Morgan,2-1-S,President,,,STEVE M. JOHNSON,0
Morgan,3-1,President,,,STEVE M. JOHNSON,0
Morgan,3-1-S,President,,,STEVE M. JOHNSON,0
Morgan,4-1-S,President,,,STEVE M. JOHNSON,0
Morgan,5-1,President,,,STEVE M. JOHNSON,0
Morgan,5-1-S,President,,,STEVE M. JOHNSON,0
Morgan,6-3,President,,,STEVE M. JOHNSON,0
Morgan,7-3,President,,,STEVE M. JOHNSON,0
Morgan,8-3,President,,,STEVE M. JOHNSON,0
Morgan,9-3,President,,,STEVE M. JOHNSON,0
Morgan,FEDERAL,President,,,STEVE M. JOHNSON,0
Morgan,10-3,President,,,ANDRE RAMON MC NEIL,0
Morgan,11-2,President,,,ANDRE RAMON MC NEIL,0
Morgan,11-2-MC,President,,,ANDRE RAMON MC NEIL,0
Morgan,12-2-MC,President,,,ANDRE RAMON MC NEIL,0
Morgan,13-2-MC,President,,,ANDRE RAMON MC NEIL,0
Morgan,14-2,President,,,ANDRE RAMON MC NEIL,0
Morgan,14-2-MC,President,,,ANDRE RAMON MC NEIL,0
Morgan,15-3,President,,,ANDRE RAMON MC NEIL,0
Morgan,15-3-MC,President,,,ANDRE RAMON MC NEIL,0
Morgan,16-2,President,,,ANDRE RAMON MC NEIL,0
Morgan,17-3-MC,President,,,ANDRE RAMON MC NEIL,0
Morgan,1-1,President,,,ANDRE RAMON MC NEIL,0
Morgan,1-1-S,President,,,ANDRE RAMON MC NEIL,0
Morgan,2-1,President,,,ANDRE RAMON MC NEIL,0
Morgan,2-1-S,President,,,ANDRE RAMON MC NEIL,0
Morgan,3-1,President,,,ANDRE RAMON MC NEIL,0
Morgan,3-1-S,President,,,ANDRE RAMON MC NEIL,0
Morgan,4-1-S,President,,,ANDRE RAMON MC NEIL,0
Morgan,5-1,President,,,ANDRE RAMON MC NEIL,0
Morgan,5-1-S,President,,,ANDRE RAMON MC NEIL,0
Morgan,6-3,President,,,ANDRE RAMON MC NEIL,0
Morgan,7-3,President,,,ANDRE RAMON MC NEIL,0
Morgan,8-3,President,,,ANDRE RAMON MC NEIL,0
Morgan,9-3,President,,,ANDRE RAMON MC NEIL,0
Morgan,FEDERAL,President,,,ANDRE RAMON MC NEIL,0
Morgan,10-3,President,,,SHONDRA YEVETTE IRVING,0
Morgan,11-2,President,,,SHONDRA YEVETTE IRVING,0
Morgan,11-2-MC,President,,,SHONDRA YEVETTE IRVING,0
Morgan,12-2-MC,President,,,SHONDRA YEVETTE IRVING,0
Morgan,13-2-MC,President,,,SHONDRA YEVETTE IRVING,0
Morgan,14-2,President,,,SHONDRA YEVETTE IRVING,0
Morgan,14-2-MC,President,,,SHONDRA YEVETTE IRVING,0
Morgan,15-3,President,,,SHONDRA YEVETTE IRVING,0
Morgan,15-3-MC,President,,,SHONDRA YEVETTE IRVING,0
Morgan,16-2,President,,,SHONDRA YEVETTE IRVING,0
Morgan,17-3-MC,President,,,SHONDRA YEVETTE IRVING,0
Morgan,1-1,President,,,SHONDRA YEVETTE IRVING,0
Morgan,1-1-S,President,,,SHONDRA YEVETTE IRVING,0
Morgan,2-1,President,,,SHONDRA YEVETTE IRVING,0
Morgan,2-1-S,President,,,SHONDRA YEVETTE IRVING,0
Morgan,3-1,President,,,SHONDRA YEVETTE IRVING,0
Morgan,3-1-S,President,,,SHONDRA YEVETTE IRVING,0
Morgan,4-1-S,President,,,SHONDRA YEVETTE IRVING,0
Morgan,5-1,President,,,SHONDRA YEVETTE IRVING,0
Morgan,5-1-S,President,,,SHONDRA YEVETTE IRVING,0
Morgan,6-3,President,,,SHONDRA YEVETTE IRVING,0
Morgan,7-3,President,,,SHONDRA YEVETTE IRVING,0
Morgan,8-3,President,,,SHONDRA YEVETTE IRVING,0
Morgan,9-3,President,,,SHONDRA YEVETTE IRVING,0
Morgan,FEDERAL,President,,,SHONDRA YEVETTE IRVING,0
Morgan,10-3,President,,,BUDDIE ARDEN WILKERSON,0
Morgan,11-2,President,,,BUDDIE ARDEN WILKERSON,0
Morgan,11-2-MC,President,,,BUDDIE ARDEN WILKERSON,0
Morgan,12-2-MC,President,,,BUDDIE ARDEN WILKERSON,0
Morgan,13-2-MC,President,,,BUDDIE ARDEN WILKERSON,0
Morgan,14-2,President,,,BUDDIE ARDEN WILKERSON,0
Morgan,14-2-MC,President,,,BUDDIE ARDEN WILKERSON,0
Morgan,15-3,President,,,BUDDIE ARDEN WILKERSON,0
Morgan,15-3-MC,President,,,BUDDIE ARDEN WILKERSON,0
Morgan,16-2,President,,,BUDDIE ARDEN WILKERSON,0
Morgan,17-3-MC,President,,,BUDDIE ARDEN WILKERSON,0
Morgan,1-1,President,,,BUDDIE ARDEN WILKERSON,0
Morgan,1-1-S,President,,,BUDDIE ARDEN WILKERSON,0
Morgan,2-1,President,,,BUDDIE ARDEN WILKERSON,0
Morgan,2-1-S,President,,,BUDDIE ARDEN WILKERSON,0
Morgan,3-1,President,,,BUDDIE ARDEN WILKERSON,0
Morgan,3-1-S,President,,,BUDDIE ARDEN WILKERSON,0
Morgan,4-1-S,President,,,BUDDIE ARDEN WILKERSON,0
Morgan,5-1,President,,,BUDDIE ARDEN WILKERSON,0
Morgan,5-1-S,President,,,BUDDIE ARDEN WILKERSON,0
Morgan,6-3,President,,,BUDDIE ARDEN WILKERSON,0
Morgan,7-3,President,,,BUDDIE ARDEN WILKERSON,0
Morgan,8-3,President,,,BUDDIE ARDEN WILKERSON,0
Morgan,9-3,President,,,BUDDIE ARDEN WILKERSON,0
Morgan,FEDERAL,President,,,BUDDIE ARDEN WILKERSON,0
Morgan,10-3,U.S. Senate,,IAP,CARLTON E. BOWEN,22
Morgan,11-2,U.S. Senate,,IAP,CARLTON E. BOWEN,6
Morgan,11-2-MC,U.S. Senate,,IAP,CARLTON E. BOWEN,29
Morgan,12-2-MC,U.S. Senate,,IAP,CARLTON E. BOWEN,16
Morgan,13-2-MC,U.S. Senate,,IAP,CARLTON E. BOWEN,19
Morgan,14-2,U.S. Senate,,IAP,CARLTON E. BOWEN,0
Morgan,14-2-MC,U.S. Senate,,IAP,CARLTON E. BOWEN,31
Morgan,15-3,U.S. Senate,,IAP,CARLTON E. BOWEN,10
Morgan,15-3-MC,U.S. Senate,,IAP,CARLTON E. BOWEN,18
Morgan,16-2,U.S. Senate,,IAP,CARLTON E. BOWEN,13
Morgan,17-3-MC,U.S. Senate,,IAP,CARLTON E. BOWEN,11
Morgan,1-1,U.S. Senate,,IAP,CARLTON E. BOWEN,0
Morgan,1-1-S,U.S. Senate,,IAP,CARLTON E. BOWEN,30
Morgan,2-1,U.S. Senate,,IAP,CARLTON E. BOWEN,0
Morgan,2-1-S,U.S. Senate,,IAP,CARLTON E. BOWEN,13
Morgan,3-1,U.S. Senate,,IAP,CARLTON E. BOWEN,6
Morgan,3-1-S,U.S. Senate,,IAP,CARLTON E. BOWEN,17
Morgan,4-1-S,U.S. Senate,,IAP,CARLTON E. BOWEN,16
Morgan,5-1,U.S. Senate,,IAP,CARLTON E. BOWEN,1
Morgan,5-1-S,U.S. Senate,,IAP,CARLTON E. BOWEN,16
Morgan,6-3,U.S. Senate,,IAP,CARLTON E. BOWEN,36
Morgan,7-3,U.S. Senate,,IAP,CARLTON E. BOWEN,29
Morgan,8-3,U.S. Senate,,IAP,CARLTON E. BOWEN,26
Morgan,9-3,U.S. Senate,,IAP,CARLTON E. BOWEN,5
Morgan,FEDERAL,U.S. Senate,,IAP,CARLTON E. BOWEN,0
Morgan,10-3,U.S. Senate,,REP,JOHN CURTIS,353
Morgan,11-2,U.S. Senate,,REP,JOHN CURTIS,38
Morgan,11-2-MC,U.S. Senate,,REP,JOHN CURTIS,416
Morgan,12-2-MC,U.S. Senate,,REP,JOHN CURTIS,246
Morgan,13-2-MC,U.S. Senate,,REP,JOHN CURTIS,359
Morgan,14-2,U.S. Senate,,REP,JOHN CURTIS,0
Morgan,14-2-MC,U.S. Senate,,REP,JOHN CURTIS,476
Morgan,15-3,U.S. Senate,,REP,JOHN CURTIS,151
Morgan,15-3-MC,U.S. Senate,,REP,JOHN CURTIS,271
Morgan,16-2,U.S. Senate,,REP,JOHN CURTIS,90
Morgan,17-3-MC,U.S. Senate,,REP,JOHN CURTIS,102
Morgan,1-1,U.S. Senate,,REP,JOHN CURTIS,0
Morgan,1-1-S,U.S. Senate,,REP,JOHN CURTIS,558
Morgan,2-1,U.S. Senate,,REP,JOHN CURTIS,0
Morgan,2-1-S,U.S. Senate,,REP,JOHN CURTIS,277
Morgan,3-1,U.S. Senate,,REP,JOHN CURTIS,91
Morgan,3-1-S,U.S. Senate,,REP,JOHN CURTIS,230
Morgan,4-1-S,U.S. Senate,,REP,JOHN CURTIS,355
Morgan,5-1,U.S. Senate,,REP,JOHN CURTIS,38
Morgan,5-1-S,U.S. Senate,,REP,JOHN CURTIS,342
Morgan,6-3,U.S. Senate,,REP,JOHN CURTIS,248
Morgan,7-3,U.S. Senate,,REP,JOHN CURTIS,307
Morgan,8-3,U.S. Senate,,REP,JOHN CURTIS,368
Morgan,9-3,U.S. Senate,,REP,JOHN CURTIS,181
Morgan,FEDERAL,U.S. Senate,,REP,JOHN CURTIS,0
Morgan,10-3,U.S. Senate,,DEM,CAROLINE GLEICH,36
Morgan,11-2,U.S. Senate,,DEM,CAROLINE GLEICH,2
Morgan,11-2-MC,U.S. Senate,,DEM,CAROLINE GLEICH,46
Morgan,12-2-MC,U.S. Senate,,DEM,CAROLINE GLEICH,38
Morgan,13-2-MC,U.S. Senate,,DEM,CAROLINE GLEICH,54
Morgan,14-2,U.S. Senate,,DEM,CAROLINE GLEICH,0
Morgan,14-2-MC,U.S. Senate,,DEM,CAROLINE GLEICH,65
Morgan,15-3,U.S. Senate,,DEM,CAROLINE GLEICH,20
Morgan,15-3-MC,U.S. Senate,,DEM,CAROLINE GLEICH,41
Morgan,16-2,U.S. Senate,,DEM,CAROLINE GLEICH,5
Morgan,17-3-MC,U.S. Senate,,DEM,CAROLINE GLEICH,22
Morgan,1-1,U.S. Senate,,DEM,CAROLINE GLEICH,0
Morgan,1-1-S,U.S. Senate,,DEM,CAROLINE GLEICH,168
Morgan,2-1,U.S. Senate,,DEM,CAROLINE GLEICH,0
Morgan,2-1-S,U.S. Senate,,DEM,CAROLINE GLEICH,60
Morgan,3-1,U.S. Senate,,DEM,CAROLINE GLEICH,14
Morgan,3-1-S,U.S. Senate,,DEM,CAROLINE GLEICH,48
Morgan,4-1-S,U.S. Senate,,DEM,CAROLINE GLEICH,61
Morgan,5-1,U.S. Senate,,DEM,CAROLINE GLEICH,4
Morgan,5-1-S,U.S. Senate,,DEM,CAROLINE GLEICH,96
Morgan,6-3,U.S. Senate,,DEM,CAROLINE GLEICH,46
Morgan,7-3,U.S. Senate,,DEM,CAROLINE GLEICH,40
Morgan,8-3,U.S. Senate,,DEM,CAROLINE GLEICH,22
Morgan,9-3,U.S. Senate,,DEM,CAROLINE GLEICH,17
Morgan,FEDERAL,U.S. Senate,,DEM,CAROLINE GLEICH,0
Morgan,10-3,U.S. Senate,,,LAIRD FETZER HAMBLIN,0
Morgan,11-2,U.S. Senate,,,LAIRD FETZER HAMBLIN,0
Morgan,11-2-MC,U.S. Senate,,,LAIRD FETZER HAMBLIN,0
Morgan,12-2-MC,U.S. Senate,,,LAIRD FETZER HAMBLIN,0
Morgan,13-2-MC,U.S. Senate,,,LAIRD FETZER HAMBLIN,2
Morgan,14-2,U.S. Senate,,,LAIRD FETZER HAMBLIN,0
Morgan,14-2-MC,U.S. Senate,,,LAIRD FETZER HAMBLIN,0
Morgan,15-3,U.S. Senate,,,LAIRD FETZER HAMBLIN,0
Morgan,15-3-MC,U.S. Senate,,,LAIRD FETZER HAMBLIN,0
Morgan,16-2,U.S. Senate,,,LAIRD FETZER HAMBLIN,0
Morgan,17-3-MC,U.S. Senate,,,LAIRD FETZER HAMBLIN,0
Morgan,1-1,U.S. Senate,,,LAIRD FETZER HAMBLIN,0
Morgan,1-1-S,U.S. Senate,,,LAIRD FETZER HAMBLIN,1
Morgan,2-1,U.S. Senate,,,LAIRD FETZER HAMBLIN,0
Morgan,2-1-S,U.S. Senate,,,LAIRD FETZER HAMBLIN,0
Morgan,3-1,U.S. Senate,,,LAIRD FETZER HAMBLIN,0
Morgan,3-1-S,U.S. Senate,,,LAIRD FETZER HAMBLIN,0
Morgan,4-1-S,U.S. Senate,,,LAIRD FETZER HAMBLIN,0
Morgan,5-1,U.S. Senate,,,LAIRD FETZER HAMBLIN,0
Morgan,5-1-S,U.S. Senate,,,LAIRD FETZER HAMBLIN,0
Morgan,6-3,U.S. Senate,,,LAIRD FETZER HAMBLIN,0
Morgan,7-3,U.S. Senate,,,LAIRD FETZER HAMBLIN,0
Morgan,8-3,U.S. Senate,,,LAIRD FETZER HAMBLIN,0
Morgan,9-3,U.S. Senate,,,LAIRD FETZER HAMBLIN,0
Morgan,FEDERAL,U.S. Senate,,,LAIRD FETZER HAMBLIN,0
Morgan,10-3,U.S. House,1,DEM,BILL CAMPBELL,32
Morgan,11-2,U.S. House,1,DEM,BILL CAMPBELL,1
Morgan,11-2-MC,U.S. House,1,DEM,BILL CAMPBELL,54
Morgan,12-2-MC,U.S. House,1,DEM,BILL CAMPBELL,33
Morgan,13-2-MC,U.S. House,1,DEM,BILL CAMPBELL,51
Morgan,14-2,U.S. House,1,DEM,BILL CAMPBELL,0
Morgan,14-2-MC,U.S. House,1,DEM,BILL CAMPBELL,63
Morgan,15-3,U.S. House,1,DEM,BILL CAMPBELL,17
Morgan,15-3-MC,U.S. House,1,DEM,BILL CAMPBELL,45
Morgan,16-2,U.S. House,1,DEM,BILL CAMPBELL,6
Morgan,17-3-MC,U.S. House,1,DEM,BILL CAMPBELL,25
Morgan,1-1,U.S. House,1,DEM,BILL CAMPBELL,0
Morgan,1-1-S,U.S. House,1,DEM,BILL CAMPBELL,178
Morgan,2-1,U.S. House,1,DEM,BILL CAMPBELL,0
Morgan,2-1-S,U.S. House,1,DEM,BILL CAMPBELL,56
Morgan,3-1,U.S. House,1,DEM,BILL CAMPBELL,10
Morgan,3-1-S,U.S. House,1,DEM,BILL CAMPBELL,52
Morgan,4-1-S,U.S. House,1,DEM,BILL CAMPBELL,58
Morgan,5-1,U.S. House,1,DEM,BILL CAMPBELL,4
Morgan,5-1-S,U.S. House,1,DEM,BILL CAMPBELL,79
Morgan,6-3,U.S. House,1,DEM,BILL CAMPBELL,52
Morgan,7-3,U.S. House,1,DEM,BILL CAMPBELL,43
Morgan,8-3,U.S. House,1,DEM,BILL CAMPBELL,21
Morgan,9-3,U.S. House,1,DEM,BILL CAMPBELL,20
Morgan,FEDERAL,U.S. House,1,DEM,BILL CAMPBELL,0
Morgan,10-3,U.S. House,1,LIB,DANIEL R. COTTAM,12
Morgan,11-2,U.S. House,1,LIB,DANIEL R. COTTAM,1
Morgan,11-2-MC,U.S. House,1,LIB,DANIEL R. COTTAM,18
Morgan,12-2-MC,U.S. House,1,LIB,DANIEL R. COTTAM,9
Morgan,13-2-MC,U.S. House,1,LIB,DANIEL R. COTTAM,17
Morgan,14-2,U.S. House,1,LIB,DANIEL R. COTTAM,0
Morgan,14-2-MC,U.S. House,1,LIB,DANIEL R. COTTAM,22
Morgan,15-3,U.S. House,1,LIB,DANIEL R. COTTAM,5
Morgan,15-3-MC,U.S. House,1,LIB,DANIEL R. COTTAM,14
Morgan,16-2,U.S. House,1,LIB,DANIEL R. COTTAM,6
Morgan,17-3-MC,U.S. House,1,LIB,DANIEL R. COTTAM,5
Morgan,1-1,U.S. House,1,LIB,DANIEL R. COTTAM,0
Morgan,1-1-S,U.S. House,1,LIB,DANIEL R. COTTAM,30
Morgan,2-1,U.S. House,1,LIB,DANIEL R. COTTAM,0
Morgan,2-1-S,U.S. House,1,LIB,DANIEL R. COTTAM,18
Morgan,3-1,U.S. House,1,LIB,DANIEL R. COTTAM,3
Morgan,3-1-S,U.S. House,1,LIB,DANIEL R. COTTAM,19
Morgan,4-1-S,U.S. House,1,LIB,DANIEL R. COTTAM,14
Morgan,5-1,U.S. House,1,LIB,DANIEL R. COTTAM,2
Morgan,5-1-S,U.S. House,1,LIB,DANIEL R. COTTAM,18
Morgan,6-3,U.S. House,1,LIB,DANIEL R. COTTAM,9
Morgan,7-3,U.S. House,1,LIB,DANIEL R. COTTAM,17
Morgan,8-3,U.S. House,1,LIB,DANIEL R. COTTAM,13
Morgan,9-3,U.S. House,1,LIB,DANIEL R. COTTAM,2
Morgan,FEDERAL,U.S. House,1,LIB,DANIEL R. COTTAM,0
Morgan,10-3,U.S. House,1,REP,BLAKE D. MOORE,361
Morgan,11-2,U.S. House,1,REP,BLAKE D. MOORE,43
Morgan,11-2-MC,U.S. House,1,REP,BLAKE D. MOORE,419
Morgan,12-2-MC,U.S. House,1,REP,BLAKE D. MOORE,248
Morgan,13-2-MC,U.S. House,1,REP,BLAKE D. MOORE,358
Morgan,14-2,U.S. House,1,REP,BLAKE D. MOORE,0
Morgan,14-2-MC,U.S. House,1,REP,BLAKE D. MOORE,485
Morgan,15-3,U.S. House,1,REP,BLAKE D. MOORE,158
Morgan,15-3-MC,U.S. House,1,REP,BLAKE D. MOORE,269
Morgan,16-2,U.S. House,1,REP,BLAKE D. MOORE,94
Morgan,17-3-MC,U.S. House,1,REP,BLAKE D. MOORE,104
Morgan,1-1,U.S. House,1,REP,BLAKE D. MOORE,0
Morgan,1-1-S,U.S. House,1,REP,BLAKE D. MOORE,541
Morgan,2-1,U.S. House,1,REP,BLAKE D. MOORE,0
Morgan,2-1-S,U.S. House,1,REP,BLAKE D. MOORE,273
Morgan,3-1,U.S. House,1,REP,BLAKE D. MOORE,97
Morgan,3-1-S,U.S. House,1,REP,BLAKE D. MOORE,220
Morgan,4-1-S,U.S. House,1,REP,BLAKE D. MOORE,365
Morgan,5-1,U.S. House,1,REP,BLAKE D. MOORE,36
Morgan,5-1-S,U.S. House,1,REP,BLAKE D. MOORE,354
Morgan,6-3,U.S. House,1,REP,BLAKE D. MOORE,261
Morgan,7-3,U.S. House,1,REP,BLAKE D. MOORE,311
Morgan,8-3,U.S. House,1,REP,BLAKE D. MOORE,381
Morgan,9-3,U.S. House,1,REP,BLAKE D. MOORE,185
Morgan,FEDERAL,U.S. House,1,REP,BLAKE D. MOORE,0
Morgan,10-3,Governor,,REP,SPENCER J. COX DEIDRE M. HENDERSON,254
Morgan,11-2,Governor,,REP,SPENCER J. COX DEIDRE M. HENDERSON,30
Morgan,11-2-MC,Governor,,REP,SPENCER J. COX DEIDRE M. HENDERSON,328
Morgan,12-2-MC,Governor,,REP,SPENCER J. COX DEIDRE M. HENDERSON,192
Morgan,13-2-MC,Governor,,REP,SPENCER J. COX DEIDRE M. HENDERSON,288
Morgan,14-2,Governor,,REP,SPENCER J. COX DEIDRE M. HENDERSON,0
Morgan,14-2-MC,Governor,,REP,SPENCER J. COX DEIDRE M. HENDERSON,355
Morgan,15-3,Governor,,REP,SPENCER J. COX DEIDRE M. HENDERSON,117
Morgan,15-3-MC,Governor,,REP,SPENCER J. COX DEIDRE M. HENDERSON,194
Morgan,16-2,Governor,,REP,SPENCER J. COX DEIDRE M. HENDERSON,45
Morgan,17-3-MC,Governor,,REP,SPENCER J. COX DEIDRE M. HENDERSON,69
Morgan,1-1,Governor,,REP,SPENCER J. COX DEIDRE M. HENDERSON,0
Morgan,1-1-S,Governor,,REP,SPENCER J. COX DEIDRE M. HENDERSON,452
Morgan,2-1,Governor,,REP,SPENCER J. COX DEIDRE M. HENDERSON,0
Morgan,2-1-S,Governor,,REP,SPENCER J. COX DEIDRE M. HENDERSON,216
Morgan,3-1,Governor,,REP,SPENCER J. COX DEIDRE M. HENDERSON,62
Morgan,3-1-S,Governor,,REP,SPENCER J. COX DEIDRE M. HENDERSON,175
Morgan,4-1-S,Governor,,REP,SPENCER J. COX DEIDRE M. HENDERSON,302
Morgan,5-1,Governor,,REP,SPENCER J. COX DEIDRE M. HENDERSON,33
Morgan,5-1-S,Governor,,REP,SPENCER J. COX DEIDRE M. HENDERSON,313
Morgan,6-3,Governor,,REP,SPENCER J. COX DEIDRE M. HENDERSON,204
Morgan,7-3,Governor,,REP,SPENCER J. COX DEIDRE M. HENDERSON,235
Morgan,8-3,Governor,,REP,SPENCER J. COX DEIDRE M. HENDERSON,290
Morgan,9-3,Governor,,REP,SPENCER J. COX DEIDRE M. HENDERSON,131
Morgan,10-3,Governor,,IAP,TOMMY WILLIAMS ARCHIE A. WILLIAMS III,9
Morgan,11-2,Governor,,IAP,TOMMY WILLIAMS ARCHIE A. WILLIAMS III,1
Morgan,11-2-MC,Governor,,IAP,TOMMY WILLIAMS ARCHIE A. WILLIAMS III,5
Morgan,12-2-MC,Governor,,IAP,TOMMY WILLIAMS ARCHIE A. WILLIAMS III,4
Morgan,13-2-MC,Governor,,IAP,TOMMY WILLIAMS ARCHIE A. WILLIAMS III,10
Morgan,14-2,Governor,,IAP,TOMMY WILLIAMS ARCHIE A. WILLIAMS III,0
Morgan,14-2-MC,Governor,,IAP,TOMMY WILLIAMS ARCHIE A. WILLIAMS III,19
Morgan,15-3,Governor,,IAP,TOMMY WILLIAMS ARCHIE A. WILLIAMS III,9
Morgan,15-3-MC,Governor,,IAP,TOMMY WILLIAMS ARCHIE A. WILLIAMS III,15
Morgan,16-2,Governor,,IAP,TOMMY WILLIAMS ARCHIE A. WILLIAMS III,3
Morgan,17-3-MC,Governor,,IAP,TOMMY WILLIAMS ARCHIE A. WILLIAMS III,5
Morgan,1-1,Governor,,IAP,TOMMY WILLIAMS ARCHIE A. WILLIAMS III,0
Morgan,1-1-S,Governor,,IAP,TOMMY WILLIAMS ARCHIE A. WILLIAMS III,11
Morgan,2-1,Governor,,IAP,TOMMY WILLIAMS ARCHIE A. WILLIAMS III,0
Morgan,2-1-S,Governor,,IAP,TOMMY WILLIAMS ARCHIE A. WILLIAMS III,0
Morgan,3-1,Governor,,IAP,TOMMY WILLIAMS ARCHIE A. WILLIAMS III,1
Morgan,3-1-S,Governor,,IAP,TOMMY WILLIAMS ARCHIE A. WILLIAMS III,9
Morgan,4-1-S,Governor,,IAP,TOMMY WILLIAMS ARCHIE A. WILLIAMS III,4
Morgan,5-1,Governor,,IAP,TOMMY WILLIAMS ARCHIE A. WILLIAMS III,0
Morgan,5-1-S,Governor,,IAP,TOMMY WILLIAMS ARCHIE A. WILLIAMS III,3
Morgan,6-3,Governor,,IAP,TOMMY WILLIAMS ARCHIE A. WILLIAMS III,5
Morgan,7-3,Governor,,IAP,TOMMY WILLIAMS ARCHIE A. WILLIAMS III,6
Morgan,8-3,Governor,,IAP,TOMMY WILLIAMS ARCHIE A. WILLIAMS III,8
Morgan,9-3,Governor,,IAP,TOMMY WILLIAMS ARCHIE A. WILLIAMS III,3
Morgan,10-3,Governor,,DEM,BRIAN SMITH KING REBEKAH CUMMINGS,35
Morgan,11-2,Governor,,DEM,BRIAN SMITH KING REBEKAH CUMMINGS,2
Morgan,11-2-MC,Governor,,DEM,BRIAN SMITH KING REBEKAH CUMMINGS,37
Morgan,12-2-MC,Governor,,DEM,BRIAN SMITH KING REBEKAH CUMMINGS,34
Morgan,13-2-MC,Governor,,DEM,BRIAN SMITH KING REBEKAH CUMMINGS,54
Morgan,14-2,Governor,,DEM,BRIAN SMITH KING REBEKAH CUMMINGS,0
Morgan,14-2-MC,Governor,,DEM,BRIAN SMITH KING REBEKAH CUMMINGS,57
Morgan,15-3,Governor,,DEM,BRIAN SMITH KING REBEKAH CUMMINGS,11
Morgan,15-3-MC,Governor,,DEM,BRIAN SMITH KING REBEKAH CUMMINGS,33
Morgan,16-2,Governor,,DEM,BRIAN SMITH KING REBEKAH CUMMINGS,9
Morgan,17-3-MC,Governor,,DEM,BRIAN SMITH KING REBEKAH CUMMINGS,23
Morgan,1-1,Governor,,DEM,BRIAN SMITH KING REBEKAH CUMMINGS,0
Morgan,1-1-S,Governor,,DEM,BRIAN SMITH KING REBEKAH CUMMINGS,153
Morgan,2-1,Governor,,DEM,BRIAN SMITH KING REBEKAH CUMMINGS,0
Morgan,2-1-S,Governor,,DEM,BRIAN SMITH KING REBEKAH CUMMINGS,54
Morgan,3-1,Governor,,DEM,BRIAN SMITH KING REBEKAH CUMMINGS,6
Morgan,3-1-S,Governor,,DEM,BRIAN SMITH KING REBEKAH CUMMINGS,31
Morgan,4-1-S,Governor,,DEM,BRIAN SMITH KING REBEKAH CUMMINGS,36
Morgan,5-1,Governor,,DEM,BRIAN SMITH KING REBEKAH CUMMINGS,3
Morgan,5-1-S,Governor,,DEM,BRIAN SMITH KING REBEKAH CUMMINGS,65
Morgan,6-3,Governor,,DEM,BRIAN SMITH KING REBEKAH CUMMINGS,40
Morgan,7-3,Governor,,DEM,BRIAN SMITH KING REBEKAH CUMMINGS,33
Morgan,8-3,Governor,,DEM,BRIAN SMITH KING REBEKAH CUMMINGS,34
Morgan,9-3,Governor,,DEM,BRIAN SMITH KING REBEKAH CUMMINGS,20
Morgan,10-3,Governor,,LIB,J. ROBERT LATHAM BARRY EVAN SHORT,10
Morgan,11-2,Governor,,LIB,J. ROBERT LATHAM BARRY EVAN SHORT,4
Morgan,11-2-MC,Governor,,LIB,J. ROBERT LATHAM BARRY EVAN SHORT,24
Morgan,12-2-MC,Governor,,LIB,J. ROBERT LATHAM BARRY EVAN SHORT,11
Morgan,13-2-MC,Governor,,LIB,J. ROBERT LATHAM BARRY EVAN SHORT,20
Morgan,14-2,Governor,,LIB,J. ROBERT LATHAM BARRY EVAN SHORT,0
Morgan,14-2-MC,Governor,,LIB,J. ROBERT LATHAM BARRY EVAN SHORT,19
Morgan,15-3,Governor,,LIB,J. ROBERT LATHAM BARRY EVAN SHORT,7
Morgan,15-3-MC,Governor,,LIB,J. ROBERT LATHAM BARRY EVAN SHORT,10
Morgan,16-2,Governor,,LIB,J. ROBERT LATHAM BARRY EVAN SHORT,1
Morgan,17-3-MC,Governor,,LIB,J. ROBERT LATHAM BARRY EVAN SHORT,2
Morgan,1-1,Governor,,LIB,J. ROBERT LATHAM BARRY EVAN SHORT,0
Morgan,1-1-S,Governor,,LIB,J. ROBERT LATHAM BARRY EVAN SHORT,17
Morgan,2-1,Governor,,LIB,J. ROBERT LATHAM BARRY EVAN SHORT,0
Morgan,2-1-S,Governor,,LIB,J. ROBERT LATHAM BARRY EVAN SHORT,12
Morgan,3-1,Governor,,LIB,J. ROBERT LATHAM BARRY EVAN SHORT,0
Morgan,3-1-S,Governor,,LIB,J. ROBERT LATHAM BARRY EVAN SHORT,17
Morgan,4-1-S,Governor,,LIB,J. ROBERT LATHAM BARRY EVAN SHORT,12
Morgan,5-1,Governor,,LIB,J. ROBERT LATHAM BARRY EVAN SHORT,1
Morgan,5-1-S,Governor,,LIB,J. ROBERT LATHAM BARRY EVAN SHORT,8
Morgan,6-3,Governor,,LIB,J. ROBERT LATHAM BARRY EVAN SHORT,12
Morgan,7-3,Governor,,LIB,J. ROBERT LATHAM BARRY EVAN SHORT,9
Morgan,8-3,Governor,,LIB,J. ROBERT LATHAM BARRY EVAN SHORT,14
Morgan,9-3,Governor,,LIB,J. ROBERT LATHAM BARRY EVAN SHORT,6
Morgan,10-3,Governor,,,TOM TOMENY WILLIAM LANSING TAYLOR,1
Morgan,11-2,Governor,,,TOM TOMENY WILLIAM LANSING TAYLOR,1
Morgan,11-2-MC,Governor,,,TOM TOMENY WILLIAM LANSING TAYLOR,2
Morgan,12-2-MC,Governor,,,TOM TOMENY WILLIAM LANSING TAYLOR,0
Morgan,13-2-MC,Governor,,,TOM TOMENY WILLIAM LANSING TAYLOR,0
Morgan,14-2,Governor,,,TOM TOMENY WILLIAM LANSING TAYLOR,0
Morgan,14-2-MC,Governor,,,TOM TOMENY WILLIAM LANSING TAYLOR,1
Morgan,15-3,Governor,,,TOM TOMENY WILLIAM LANSING TAYLOR,0
Morgan,15-3-MC,Governor,,,TOM TOMENY WILLIAM LANSING TAYLOR,2
Morgan,16-2,Governor,,,TOM TOMENY WILLIAM LANSING TAYLOR,2
Morgan,17-3-MC,Governor,,,TOM TOMENY WILLIAM LANSING TAYLOR,0
Morgan,1-1,Governor,,,TOM TOMENY WILLIAM LANSING TAYLOR,0
Morgan,1-1-S,Governor,,,TOM TOMENY WILLIAM LANSING TAYLOR,2
Morgan,2-1,Governor,,,TOM TOMENY WILLIAM LANSING TAYLOR,0
Morgan,2-1-S,Governor,,,TOM TOMENY WILLIAM LANSING TAYLOR,1
Morgan,3-1,Governor,,,TOM TOMENY WILLIAM LANSING TAYLOR,2
Morgan,3-1-S,Governor,,,TOM TOMENY WILLIAM LANSING TAYLOR,0
Morgan,4-1-S,Governor,,,TOM TOMENY WILLIAM LANSING TAYLOR,0
Morgan,5-1,Governor,,,TOM TOMENY WILLIAM LANSING TAYLOR,0
Morgan,5-1-S,Governor,,,TOM TOMENY WILLIAM LANSING TAYLOR,0
Morgan,6-3,Governor,,,TOM TOMENY WILLIAM LANSING TAYLOR,0
Morgan,7-3,Governor,,,TOM TOMENY WILLIAM LANSING TAYLOR,1
Morgan,8-3,Governor,,,TOM TOMENY WILLIAM LANSING TAYLOR,2
Morgan,9-3,Governor,,,TOM TOMENY WILLIAM LANSING TAYLOR,0
Morgan,10-3,Governor,,,PHIL LYMAN NATALIE CLAWSON,99
Morgan,11-2,Governor,,,PHIL LYMAN NATALIE CLAWSON,11
Morgan,11-2-MC,Governor,,,PHIL LYMAN NATALIE CLAWSON,100
Morgan,12-2-MC,Governor,,,PHIL LYMAN NATALIE CLAWSON,56
Morgan,13-2-MC,Governor,,,PHIL LYMAN NATALIE CLAWSON,60
Morgan,14-2,Governor,,,PHIL LYMAN NATALIE CLAWSON,0
Morgan,14-2-MC,Governor,,,PHIL LYMAN NATALIE CLAWSON,120
Morgan,15-3,Governor,,,PHIL LYMAN NATALIE CLAWSON,37
Morgan,15-3-MC,Governor,,,PHIL LYMAN NATALIE CLAWSON,79
Morgan,16-2,Governor,,,PHIL LYMAN NATALIE CLAWSON,47
Morgan,17-3-MC,Governor,,,PHIL LYMAN NATALIE CLAWSON,41
Morgan,1-1,Governor,,,PHIL LYMAN NATALIE CLAWSON,0
Morgan,1-1-S,Governor,,,PHIL LYMAN NATALIE CLAWSON,125
Morgan,2-1,Governor,,,PHIL LYMAN NATALIE CLAWSON,0
Morgan,2-1-S,Governor,,,PHIL LYMAN NATALIE CLAWSON,69
Morgan,3-1,Governor,,,PHIL LYMAN NATALIE CLAWSON,36
Morgan,3-1-S,Governor,,,PHIL LYMAN NATALIE CLAWSON,56
Morgan,4-1-S,Governor,,,PHIL LYMAN NATALIE CLAWSON,85
Morgan,5-1,Governor,,,PHIL LYMAN NATALIE CLAWSON,4
Morgan,5-1-S,Governor,,,PHIL LYMAN NATALIE CLAWSON,64
Morgan,6-3,Governor,,,PHIL LYMAN NATALIE CLAWSON,68
Morgan,7-3,Governor,,,PHIL LYMAN NATALIE CLAWSON,90
Morgan,8-3,Governor,,,PHIL LYMAN NATALIE CLAWSON,75
Morgan,9-3,Governor,,,PHIL LYMAN NATALIE CLAWSON,48
Morgan,10-3,Governor,,,CHARLIE TAUTUAA SYLVIA MIERA FISK,0
Morgan,11-2,Governor,,,CHARLIE TAUTUAA SYLVIA MIERA FISK,0
Morgan,11-2-MC,Governor,,,CHARLIE TAUTUAA SYLVIA MIERA FISK,0
Morgan,12-2-MC,Governor,,,CHARLIE TAUTUAA SYLVIA MIERA FISK,0
Morgan,13-2-MC,Governor,,,CHARLIE TAUTUAA SYLVIA MIERA FISK,0
Morgan,14-2,Governor,,,CHARLIE TAUTUAA SYLVIA MIERA FISK,0
Morgan,14-2-MC,Governor,,,CHARLIE TAUTUAA SYLVIA MIERA FISK,1
Morgan,15-3,Governor,,,CHARLIE TAUTUAA SYLVIA MIERA FISK,0
Morgan,15-3-MC,Governor,,,CHARLIE TAUTUAA SYLVIA MIERA FISK,0
Morgan,16-2,Governor,,,CHARLIE TAUTUAA SYLVIA MIERA FISK,0
Morgan,17-3-MC,Governor,,,CHARLIE TAUTUAA SYLVIA MIERA FISK,0
Morgan,1-1,Governor,,,CHARLIE TAUTUAA SYLVIA MIERA FISK,0
Morgan,1-1-S,Governor,,,CHARLIE TAUTUAA SYLVIA MIERA FISK,0
Morgan,2-1,Governor,,,CHARLIE TAUTUAA SYLVIA MIERA FISK,0
Morgan,2-1-S,Governor,,,CHARLIE TAUTUAA SYLVIA MIERA FISK,0
Morgan,3-1,Governor,,,CHARLIE TAUTUAA SYLVIA MIERA FISK,0
Morgan,3-1-S,Governor,,,CHARLIE TAUTUAA SYLVIA MIERA FISK,0
Morgan,4-1-S,Governor,,,CHARLIE TAUTUAA SYLVIA MIERA FISK,0
Morgan,5-1,Governor,,,CHARLIE TAUTUAA SYLVIA MIERA FISK,0
Morgan,5-1-S,Governor,,,CHARLIE TAUTUAA SYLVIA MIERA FISK,0
Morgan,6-3,Governor,,,CHARLIE TAUTUAA SYLVIA MIERA FISK,0
Morgan,7-3,Governor,,,CHARLIE TAUTUAA SYLVIA MIERA FISK,0
Morgan,8-3,Governor,,,CHARLIE TAUTUAA SYLVIA MIERA FISK,0
Morgan,9-3,Governor,,,CHARLIE TAUTUAA SYLVIA MIERA FISK,0
Morgan,10-3,Attorney General,,REP,DEREK BROWN,351
Morgan,11-2,Attorney General,,REP,DEREK BROWN,39
Morgan,11-2-MC,Attorney General,,REP,DEREK BROWN,396
Morgan,12-2-MC,Attorney General,,REP,DEREK BROWN,236
Morgan,13-2-MC,Attorney General,,REP,DEREK BROWN,336
Morgan,14-2,Attorney General,,REP,DEREK BROWN,0
Morgan,14-2-MC,Attorney General,,REP,DEREK BROWN,464
Morgan,15-3,Attorney General,,REP,DEREK BROWN,146
Morgan,15-3-MC,Attorney General,,REP,DEREK BROWN,243
Morgan,16-2,Attorney General,,REP,DEREK BROWN,83
Morgan,17-3-MC,Attorney General,,REP,DEREK BROWN,104
Morgan,1-1,Attorney General,,REP,DEREK BROWN,0
Morgan,1-1-S,Attorney General,,REP,DEREK BROWN,498
Morgan,2-1,Attorney General,,REP,DEREK BROWN,0
Morgan,2-1-S,Attorney General,,REP,DEREK BROWN,255
Morgan,3-1,Attorney General,,REP,DEREK BROWN,82
Morgan,3-1-S,Attorney General,,REP,DEREK BROWN,218
Morgan,4-1-S,Attorney General,,REP,DEREK BROWN,344
Morgan,5-1,Attorney General,,REP,DEREK BROWN,32
Morgan,5-1-S,Attorney General,,REP,DEREK BROWN,313
Morgan,6-3,Attorney General,,REP,DEREK BROWN,256
Morgan,7-3,Attorney General,,REP,DEREK BROWN,305
Morgan,8-3,Attorney General,,REP,DEREK BROWN,363
Morgan,9-3,Attorney General,,REP,DEREK BROWN,176
Morgan,10-3,Attorney General,,DEM,RUDY J BAUTISTA,29
Morgan,11-2,Attorney General,,DEM,RUDY J BAUTISTA,1
Morgan,11-2-MC,Attorney General,,DEM,RUDY J BAUTISTA,37
Morgan,12-2-MC,Attorney General,,DEM,RUDY J BAUTISTA,31
Morgan,13-2-MC,Attorney General,,DEM,RUDY J BAUTISTA,47
Morgan,14-2,Attorney General,,DEM,RUDY J BAUTISTA,0
Morgan,14-2-MC,Attorney General,,DEM,RUDY J BAUTISTA,60
Morgan,15-3,Attorney General,,DEM,RUDY J BAUTISTA,20
Morgan,15-3-MC,Attorney General,,DEM,RUDY J BAUTISTA,43
Morgan,16-2,Attorney General,,DEM,RUDY J BAUTISTA,4
Morgan,17-3-MC,Attorney General,,DEM,RUDY J BAUTISTA,23
Morgan,1-1,Attorney General,,DEM,RUDY J BAUTISTA,0
Morgan,1-1-S,Attorney General,,DEM,RUDY J BAUTISTA,152
Morgan,2-1,Attorney General,,DEM,RUDY J BAUTISTA,0
Morgan,2-1-S,Attorney General,,DEM,RUDY J BAUTISTA,42
Morgan,3-1,Attorney General,,DEM,RUDY J BAUTISTA,13
Morgan,3-1-S,Attorney General,,DEM,RUDY J BAUTISTA,36
Morgan,4-1-S,Attorney General,,DEM,RUDY J BAUTISTA,43
Morgan,5-1,Attorney General,,DEM,RUDY J BAUTISTA,3
Morgan,5-1-S,Attorney General,,DEM,RUDY J BAUTISTA,92
Morgan,6-3,Attorney General,,DEM,RUDY J BAUTISTA,46
Morgan,7-3,Attorney General,,DEM,RUDY J BAUTISTA,40
Morgan,8-3,Attorney General,,DEM,RUDY J BAUTISTA,24
Morgan,9-3,Attorney General,,DEM,RUDY J BAUTISTA,18
Morgan,10-3,Attorney General,,LIB,W. ANDREW MCCULLOUGH,13
Morgan,11-2,Attorney General,,LIB,W. ANDREW MCCULLOUGH,4
Morgan,11-2-MC,Attorney General,,LIB,W. ANDREW MCCULLOUGH,27
Morgan,12-2-MC,Attorney General,,LIB,W. ANDREW MCCULLOUGH,11
Morgan,13-2-MC,Attorney General,,LIB,W. ANDREW MCCULLOUGH,15
Morgan,14-2,Attorney General,,LIB,W. ANDREW MCCULLOUGH,0
Morgan,14-2-MC,Attorney General,,LIB,W. ANDREW MCCULLOUGH,12
Morgan,15-3,Attorney General,,LIB,W. ANDREW MCCULLOUGH,8
Morgan,15-3-MC,Attorney General,,LIB,W. ANDREW MCCULLOUGH,9
Morgan,16-2,Attorney General,,LIB,W. ANDREW MCCULLOUGH,9
Morgan,17-3-MC,Attorney General,,LIB,W. ANDREW MCCULLOUGH,3
Morgan,1-1,Attorney General,,LIB,W. ANDREW MCCULLOUGH,0
Morgan,1-1-S,Attorney General,,LIB,W. ANDREW MCCULLOUGH,29
Morgan,2-1,Attorney General,,LIB,W. ANDREW MCCULLOUGH,0
Morgan,2-1-S,Attorney General,,LIB,W. ANDREW MCCULLOUGH,16
Morgan,3-1,Attorney General,,LIB,W. ANDREW MCCULLOUGH,0
Morgan,3-1-S,Attorney General,,LIB,W. ANDREW MCCULLOUGH,16
Morgan,4-1-S,Attorney General,,LIB,W. ANDREW MCCULLOUGH,21
Morgan,5-1,Attorney General,,LIB,W. ANDREW MCCULLOUGH,2
Morgan,5-1-S,Attorney General,,LIB,W. ANDREW MCCULLOUGH,16
Morgan,6-3,Attorney General,,LIB,W. ANDREW MCCULLOUGH,11
Morgan,7-3,Attorney General,,LIB,W. ANDREW MCCULLOUGH,8
Morgan,8-3,Attorney General,,LIB,W. ANDREW MCCULLOUGH,13
Morgan,9-3,Attorney General,,LIB,W. ANDREW MCCULLOUGH,7
Morgan,10-3,Attorney General,,,AUSTIN HEPWORTH,9
Morgan,11-2,Attorney General,,,AUSTIN HEPWORTH,0
Morgan,11-2-MC,Attorney General,,,AUSTIN HEPWORTH,16
Morgan,12-2-MC,Attorney General,,,AUSTIN HEPWORTH,12
Morgan,13-2-MC,Attorney General,,,AUSTIN HEPWORTH,7
Morgan,14-2,Attorney General,,,AUSTIN HEPWORTH,0
Morgan,14-2-MC,Attorney General,,,AUSTIN HEPWORTH,12
Morgan,15-3,Attorney General,,,AUSTIN HEPWORTH,3
Morgan,15-3-MC,Attorney General,,,AUSTIN HEPWORTH,13
Morgan,16-2,Attorney General,,,AUSTIN HEPWORTH,5
Morgan,17-3-MC,Attorney General,,,AUSTIN HEPWORTH,2
Morgan,1-1,Attorney General,,,AUSTIN HEPWORTH,0
Morgan,1-1-S,Attorney General,,,AUSTIN HEPWORTH,35
Morgan,2-1,Attorney General,,,AUSTIN HEPWORTH,0
Morgan,2-1-S,Attorney General,,,AUSTIN HEPWORTH,7
Morgan,3-1,Attorney General,,,AUSTIN HEPWORTH,8
Morgan,3-1-S,Attorney General,,,AUSTIN HEPWORTH,10
Morgan,4-1-S,Attorney General,,,AUSTIN HEPWORTH,5
Morgan,5-1,Attorney General,,,AUSTIN HEPWORTH,2
Morgan,5-1-S,Attorney General,,,AUSTIN HEPWORTH,11
Morgan,6-3,Attorney General,,,AUSTIN HEPWORTH,9
Morgan,7-3,Attorney General,,,AUSTIN HEPWORTH,12
Morgan,8-3,Attorney General,,,AUSTIN HEPWORTH,6
Morgan,9-3,Attorney General,,,AUSTIN HEPWORTH,4
Morgan,10-3,Attorney General,,UUP,MICHELLE QUIST,7
Morgan,11-2,Attorney General,,UUP,MICHELLE QUIST,1
Morgan,11-2-MC,Attorney General,,UUP,MICHELLE QUIST,11
Morgan,12-2-MC,Attorney General,,UUP,MICHELLE QUIST,5
Morgan,13-2-MC,Attorney General,,UUP,MICHELLE QUIST,23
Morgan,14-2,Attorney General,,UUP,MICHELLE QUIST,0
Morgan,14-2-MC,Attorney General,,UUP,MICHELLE QUIST,21
Morgan,15-3,Attorney General,,UUP,MICHELLE QUIST,5
Morgan,15-3-MC,Attorney General,,UUP,MICHELLE QUIST,19
Morgan,16-2,Attorney General,,UUP,MICHELLE QUIST,6
Morgan,17-3-MC,Attorney General,,UUP,MICHELLE QUIST,3
Morgan,1-1,Attorney General,,UUP,MICHELLE QUIST,0
Morgan,1-1-S,Attorney General,,UUP,MICHELLE QUIST,43
Morgan,2-1,Attorney General,,UUP,MICHELLE QUIST,0
Morgan,2-1-S,Attorney General,,UUP,MICHELLE QUIST,28
Morgan,3-1,Attorney General,,UUP,MICHELLE QUIST,6
Morgan,3-1-S,Attorney General,,UUP,MICHELLE QUIST,15
Morgan,4-1-S,Attorney General,,UUP,MICHELLE QUIST,20
Morgan,5-1,Attorney General,,UUP,MICHELLE QUIST,3
Morgan,5-1-S,Attorney General,,UUP,MICHELLE QUIST,17
Morgan,6-3,Attorney General,,UUP,MICHELLE QUIST,6
Morgan,7-3,Attorney General,,UUP,MICHELLE QUIST,10
Morgan,8-3,Attorney General,,UUP,MICHELLE QUIST,10
Morgan,9-3,Attorney General,,UUP,MICHELLE QUIST,0
Morgan,10-3,State Auditor,,REP,TINA CANNON,300
Morgan,11-2,State Auditor,,REP,TINA CANNON,37
Morgan,11-2-MC,State Auditor,,REP,TINA CANNON,362
Morgan,12-2-MC,State Auditor,,REP,TINA CANNON,194
Morgan,13-2-MC,State Auditor,,REP,TINA CANNON,310
Morgan,14-2,State Auditor,,REP,TINA CANNON,0
Morgan,14-2-MC,State Auditor,,REP,TINA CANNON,374
Morgan,15-3,State Auditor,,REP,TINA CANNON,117
Morgan,15-3-MC,State Auditor,,REP,TINA CANNON,261
Morgan,16-2,State Auditor,,REP,TINA CANNON,74
Morgan,17-3-MC,State Auditor,,REP,TINA CANNON,85
Morgan,1-1,State Auditor,,REP,TINA CANNON,0
Morgan,1-1-S,State Auditor,,REP,TINA CANNON,492
Morgan,2-1,State Auditor,,REP,TINA CANNON,0
Morgan,2-1-S,State Auditor,,REP,TINA CANNON,265
Morgan,3-1,State Auditor,,REP,TINA CANNON,86
Morgan,3-1-S,State Auditor,,REP,TINA CANNON,223
Morgan,4-1-S,State Auditor,,REP,TINA CANNON,375
Morgan,5-1,State Auditor,,REP,TINA CANNON,29
Morgan,5-1-S,State Auditor,,REP,TINA CANNON,334
Morgan,6-3,State Auditor,,REP,TINA CANNON,234
Morgan,7-3,State Auditor,,REP,TINA CANNON,276
Morgan,8-3,State Auditor,,REP,TINA CANNON,285
Morgan,9-3,State Auditor,,REP,TINA CANNON,157
Morgan,10-3,State Auditor,,CON,JEFFREY L. OSTLER,46
Morgan,11-2,State Auditor,,CON,JEFFREY L. OSTLER,8
Morgan,11-2-MC,State Auditor,,CON,JEFFREY L. OSTLER,70
Morgan,12-2-MC,State Auditor,,CON,JEFFREY L. OSTLER,39
Morgan,13-2-MC,State Auditor,,CON,JEFFREY L. OSTLER,49
Morgan,14-2,State Auditor,,CON,JEFFREY L. OSTLER,0
Morgan,14-2-MC,State Auditor,,CON,JEFFREY L. OSTLER,91
Morgan,15-3,State Auditor,,CON,JEFFREY L. OSTLER,31
Morgan,15-3-MC,State Auditor,,CON,JEFFREY L. OSTLER,18
Morgan,16-2,State Auditor,,CON,JEFFREY L. OSTLER,24
Morgan,17-3-MC,State Auditor,,CON,JEFFREY L. OSTLER,18
Morgan,1-1,State Auditor,,CON,JEFFREY L. OSTLER,0
Morgan,1-1-S,State Auditor,,CON,JEFFREY L. OSTLER,84
Morgan,2-1,State Auditor,,CON,JEFFREY L. OSTLER,0
Morgan,2-1-S,State Auditor,,CON,JEFFREY L. OSTLER,26
Morgan,3-1,State Auditor,,CON,JEFFREY L. OSTLER,14
Morgan,3-1-S,State Auditor,,CON,JEFFREY L. OSTLER,23
Morgan,4-1-S,State Auditor,,CON,JEFFREY L. OSTLER,21
Morgan,5-1,State Auditor,,CON,JEFFREY L. OSTLER,6
Morgan,5-1-S,State Auditor,,CON,JEFFREY L. OSTLER,23
Morgan,6-3,State Auditor,,CON,JEFFREY L. OSTLER,37
Morgan,7-3,State Auditor,,CON,JEFFREY L. OSTLER,37
Morgan,8-3,State Auditor,,CON,JEFFREY L. OSTLER,71
Morgan,9-3,State Auditor,,CON,JEFFREY L. OSTLER,24
Morgan,10-3,State Auditor,,DEM,CATHERINE VOUTAZ,55
Morgan,11-2,State Auditor,,DEM,CATHERINE VOUTAZ,0
Morgan,11-2-MC,State Auditor,,DEM,CATHERINE VOUTAZ,54
Morgan,12-2-MC,State Auditor,,DEM,CATHERINE VOUTAZ,52
Morgan,13-2-MC,State Auditor,,DEM,CATHERINE VOUTAZ,63
Morgan,14-2,State Auditor,,DEM,CATHERINE VOUTAZ,0
Morgan,14-2-MC,State Auditor,,DEM,CATHERINE VOUTAZ,90
Morgan,15-3,State Auditor,,DEM,CATHERINE VOUTAZ,29
Morgan,15-3-MC,State Auditor,,DEM,CATHERINE VOUTAZ,47
Morgan,16-2,State Auditor,,DEM,CATHERINE VOUTAZ,8
Morgan,17-3-MC,State Auditor,,DEM,CATHERINE VOUTAZ,32
Morgan,1-1,State Auditor,,DEM,CATHERINE VOUTAZ,0
Morgan,1-1-S,State Auditor,,DEM,CATHERINE VOUTAZ,178
Morgan,2-1,State Auditor,,DEM,CATHERINE VOUTAZ,0
Morgan,2-1-S,State Auditor,,DEM,CATHERINE VOUTAZ,60
Morgan,3-1,State Auditor,,DEM,CATHERINE VOUTAZ,10
Morgan,3-1-S,State Auditor,,DEM,CATHERINE VOUTAZ,49
Morgan,4-1-S,State Auditor,,DEM,CATHERINE VOUTAZ,41
Morgan,5-1,State Auditor,,DEM,CATHERINE VOUTAZ,6
Morgan,5-1-S,State Auditor,,DEM,CATHERINE VOUTAZ,81
Morgan,6-3,State Auditor,,DEM,CATHERINE VOUTAZ,54
Morgan,7-3,State Auditor,,DEM,CATHERINE VOUTAZ,51
Morgan,8-3,State Auditor,,DEM,CATHERINE VOUTAZ,53
Morgan,9-3,State Auditor,,DEM,CATHERINE VOUTAZ,25
Morgan,10-3,State Treasurer,,Utah Forward,MILES POMEROY,11
Morgan,11-2,State Treasurer,,Utah Forward,MILES POMEROY,4
Morgan,11-2-MC,State Treasurer,,Utah Forward,MILES POMEROY,13
Morgan,12-2-MC,State Treasurer,,Utah Forward,MILES POMEROY,13
Morgan,13-2-MC,State Treasurer,,Utah Forward,MILES POMEROY,20
Morgan,14-2,State Treasurer,,Utah Forward,MILES POMEROY,0
Morgan,14-2-MC,State Treasurer,,Utah Forward,MILES POMEROY,32
Morgan,15-3,State Treasurer,,Utah Forward,MILES POMEROY,8
Morgan,15-3-MC,State Treasurer,,Utah Forward,MILES POMEROY,9
Morgan,16-2,State Treasurer,,Utah Forward,MILES POMEROY,3
Morgan,17-3-MC,State Treasurer,,Utah Forward,MILES POMEROY,3
Morgan,1-1,State Treasurer,,Utah Forward,MILES POMEROY,0
Morgan,1-1-S,State Treasurer,,Utah Forward,MILES POMEROY,33
Morgan,2-1,State Treasurer,,Utah Forward,MILES POMEROY,0
Morgan,2-1-S,State Treasurer,,Utah Forward,MILES POMEROY,8
Morgan,3-1,State Treasurer,,Utah Forward,MILES POMEROY,4
Morgan,3-1-S,State Treasurer,,Utah Forward,MILES POMEROY,15
Morgan,4-1-S,State Treasurer,,Utah Forward,MILES POMEROY,17
Morgan,5-1,State Treasurer,,Utah Forward,MILES POMEROY,1
Morgan,5-1-S,State Treasurer,,Utah Forward,MILES POMEROY,10
Morgan,6-3,State Treasurer,,Utah Forward,MILES POMEROY,11
Morgan,7-3,State Treasurer,,Utah Forward,MILES POMEROY,9
Morgan,8-3,State Treasurer,,Utah Forward,MILES POMEROY,11
Morgan,9-3,State Treasurer,,Utah Forward,MILES POMEROY,6
Morgan,10-3,State Treasurer,,REP,MARLO M. OAKS,354
Morgan,11-2,State Treasurer,,REP,MARLO M. OAKS,37
Morgan,11-2-MC,State Treasurer,,REP,MARLO M. OAKS,425
Morgan,12-2-MC,State Treasurer,,REP,MARLO M. OAKS,233
Morgan,13-2-MC,State Treasurer,,REP,MARLO M. OAKS,347
Morgan,14-2,State Treasurer,,REP,MARLO M. OAKS,0
Morgan,14-2-MC,State Treasurer,,REP,MARLO M. OAKS,475
Morgan,15-3,State Treasurer,,REP,MARLO M. OAKS,146
Morgan,15-3-MC,State Treasurer,,REP,MARLO M. OAKS,266
Morgan,16-2,State Treasurer,,REP,MARLO M. OAKS,92
Morgan,17-3-MC,State Treasurer,,REP,MARLO M. OAKS,102
Morgan,1-1,State Treasurer,,REP,MARLO M. OAKS,0
Morgan,1-1-S,State Treasurer,,REP,MARLO M. OAKS,545
Morgan,2-1,State Treasurer,,REP,MARLO M. OAKS,0
Morgan,2-1-S,State Treasurer,,REP,MARLO M. OAKS,266
Morgan,3-1,State Treasurer,,REP,MARLO M. OAKS,91
Morgan,3-1-S,State Treasurer,,REP,MARLO M. OAKS,235
Morgan,4-1-S,State Treasurer,,REP,MARLO M. OAKS,349
Morgan,5-1,State Treasurer,,REP,MARLO M. OAKS,28
Morgan,5-1-S,State Treasurer,,REP,MARLO M. OAKS,342
Morgan,6-3,State Treasurer,,REP,MARLO M. OAKS,259
Morgan,7-3,State Treasurer,,REP,MARLO M. OAKS,304
Morgan,8-3,State Treasurer,,REP,MARLO M. OAKS,370
Morgan,9-3,State Treasurer,,REP,MARLO M. OAKS,176
Morgan,10-3,State Treasurer,,DEM,NEIL A HANSEN,34
Morgan,11-2,State Treasurer,,DEM,NEIL A HANSEN,3
Morgan,11-2-MC,State Treasurer,,DEM,NEIL A HANSEN,43
Morgan,12-2-MC,State Treasurer,,DEM,NEIL A HANSEN,36
Morgan,13-2-MC,State Treasurer,,DEM,NEIL A HANSEN,57
Morgan,14-2,State Treasurer,,DEM,NEIL A HANSEN,0
Morgan,14-2-MC,State Treasurer,,DEM,NEIL A HANSEN,58
Morgan,15-3,State Treasurer,,DEM,NEIL A HANSEN,23
Morgan,15-3-MC,State Treasurer,,DEM,NEIL A HANSEN,47
Morgan,16-2,State Treasurer,,DEM,NEIL A HANSEN,10
Morgan,17-3-MC,State Treasurer,,DEM,NEIL A HANSEN,28
Morgan,1-1,State Treasurer,,DEM,NEIL A HANSEN,0
Morgan,1-1-S,State Treasurer,,DEM,NEIL A HANSEN,153
Morgan,2-1,State Treasurer,,DEM,NEIL A HANSEN,0
Morgan,2-1-S,State Treasurer,,DEM,NEIL A HANSEN,55
Morgan,3-1,State Treasurer,,DEM,NEIL A HANSEN,12
Morgan,3-1-S,State Treasurer,,DEM,NEIL A HANSEN,36
Morgan,4-1-S,State Treasurer,,DEM,NEIL A HANSEN,54
Morgan,5-1,State Treasurer,,DEM,NEIL A HANSEN,12
Morgan,5-1-S,State Treasurer,,DEM,NEIL A HANSEN,84
Morgan,6-3,State Treasurer,,DEM,NEIL A HANSEN,51
Morgan,7-3,State Treasurer,,DEM,NEIL A HANSEN,47
Morgan,8-3,State Treasurer,,DEM,NEIL A HANSEN,35
Morgan,9-3,State Treasurer,,DEM,NEIL A HANSEN,21
Morgan,10-3,State Senate,3,DEM,STACY BERNAL,49
Morgan,12-2-MC,State Senate,3,DEM,STACY BERNAL,40
Morgan,13-2-MC,State Senate,3,DEM,STACY BERNAL,77
Morgan,14-2,State Senate,3,DEM,STACY BERNAL,0
Morgan,14-2-MC,State Senate,3,DEM,STACY BERNAL,107
Morgan,15-3,State Senate,3,DEM,STACY BERNAL,29
Morgan,15-3-MC,State Senate,3,DEM,STACY BERNAL,65
Morgan,16-2,State Senate,3,DEM,STACY BERNAL,12
Morgan,17-3-MC,State Senate,3,DEM,STACY BERNAL,31
Morgan,9-3,State Senate,3,DEM,STACY BERNAL,22
Morgan,10-3,State Senate,3,REP,JOHN D. JOHNSON,355
Morgan,12-2-MC,State Senate,3,REP,JOHN D. JOHNSON,243
Morgan,13-2-MC,State Senate,3,REP,JOHN D. JOHNSON,343
Morgan,14-2,State Senate,3,REP,JOHN D. JOHNSON,0
Morgan,14-2-MC,State Senate,3,REP,JOHN D. JOHNSON,456
Morgan,15-3,State Senate,3,REP,JOHN D. JOHNSON,148
Morgan,15-3-MC,State Senate,3,REP,JOHN D. JOHNSON,256
Morgan,16-2,State Senate,3,REP,JOHN D. JOHNSON,94
Morgan,17-3-MC,State Senate,3,REP,JOHN D. JOHNSON,106
Morgan,9-3,State Senate,3,REP,JOHN D. JOHNSON,184
Morgan,10-3,State House,4,REP,KERA YATES BIRKELAND,348
Morgan,11-2,State House,4,REP,KERA YATES BIRKELAND,41
Morgan,11-2-MC,State House,4,REP,KERA YATES BIRKELAND,411
Morgan,12-2-MC,State House,4,REP,KERA YATES BIRKELAND,235
Morgan,13-2-MC,State House,4,REP,KERA YATES BIRKELAND,340
Morgan,14-2,State House,4,REP,KERA YATES BIRKELAND,0
Morgan,14-2-MC,State House,4,REP,KERA YATES BIRKELAND,446
Morgan,15-3,State House,4,REP,KERA YATES BIRKELAND,157
Morgan,15-3-MC,State House,4,REP,KERA YATES BIRKELAND,258
Morgan,16-2,State House,4,REP,KERA YATES BIRKELAND,85
Morgan,17-3-MC,State House,4,REP,KERA YATES BIRKELAND,108
Morgan,2-1,State House,4,REP,KERA YATES BIRKELAND,0
Morgan,2-1-S,State House,4,REP,KERA YATES BIRKELAND,254
Morgan,3-1,State House,4,REP,KERA YATES BIRKELAND,83
Morgan,3-1-S,State House,4,REP,KERA YATES BIRKELAND,216
Morgan,4-1-S,State House,4,REP,KERA YATES BIRKELAND,342
Morgan,5-1,State House,4,REP,KERA YATES BIRKELAND,37
Morgan,5-1-S,State House,4,REP,KERA YATES BIRKELAND,319
Morgan,6-3,State House,4,REP,KERA YATES BIRKELAND,264
Morgan,7-3,State House,4,REP,KERA YATES BIRKELAND,302
Morgan,8-3,State House,4,REP,KERA YATES BIRKELAND,367
Morgan,9-3,State House,4,REP,KERA YATES BIRKELAND,182
Morgan,10-3,State House,4,DEM,KRIS CAMPBELL,57
Morgan,11-2,State House,4,DEM,KRIS CAMPBELL,4
Morgan,11-2-MC,State House,4,DEM,KRIS CAMPBELL,71
Morgan,12-2-MC,State House,4,DEM,KRIS CAMPBELL,52
Morgan,13-2-MC,State House,4,DEM,KRIS CAMPBELL,77
Morgan,14-2,State House,4,DEM,KRIS CAMPBELL,0
Morgan,14-2-MC,State House,4,DEM,KRIS CAMPBELL,109
Morgan,15-3,State House,4,DEM,KRIS CAMPBELL,25
Morgan,15-3-MC,State House,4,DEM,KRIS CAMPBELL,59
Morgan,16-2,State House,4,DEM,KRIS CAMPBELL,16
Morgan,17-3-MC,State House,4,DEM,KRIS CAMPBELL,27
Morgan,2-1,State House,4,DEM,KRIS CAMPBELL,0
Morgan,2-1-S,State House,4,DEM,KRIS CAMPBELL,88
Morgan,3-1,State House,4,DEM,KRIS CAMPBELL,25
Morgan,3-1-S,State House,4,DEM,KRIS CAMPBELL,68
Morgan,4-1-S,State House,4,DEM,KRIS CAMPBELL,89
Morgan,5-1,State House,4,DEM,KRIS CAMPBELL,6
Morgan,5-1-S,State House,4,DEM,KRIS CAMPBELL,130
Morgan,6-3,State House,4,DEM,KRIS CAMPBELL,60
Morgan,7-3,State House,4,DEM,KRIS CAMPBELL,61
Morgan,8-3,State House,4,DEM,KRIS CAMPBELL,48
Morgan,9-3,State House,4,DEM,KRIS CAMPBELL,24
Morgan,1-1,State House,8,REP,JASON B KYLE,0
Morgan,1-1-S,State House,8,REP,JASON B KYLE,597
Morgan,1-1,County Commission District #,1,REP,REP RAELENE BLOCKER,0
Morgan,1-1-S,County Commission District #,1,REP,REP RAELENE BLOCKER,595
Morgan,2-1,County Commission District #,1,REP,REP RAELENE BLOCKER,0
Morgan,2-1-S,County Commission District #,1,REP,REP RAELENE BLOCKER,294
Morgan,3-1,County Commission District #,1,REP,REP RAELENE BLOCKER,98
Morgan,3-1-S,County Commission District #,1,REP,REP RAELENE BLOCKER,240
Morgan,4-1-S,County Commission District #,1,REP,REP RAELENE BLOCKER,406
Morgan,5-1,County Commission District #,1,REP,REP RAELENE BLOCKER,35
Morgan,5-1-S,County Commission District #,1,REP,REP RAELENE BLOCKER,391
Morgan,11-2,County Commission District #,2,REP,REP MICHAEL L. NEWTON,41
Morgan,11-2-MC,County Commission District #,2,REP,REP MICHAEL L. NEWTON,444
Morgan,12-2-MC,County Commission District #,2,REP,REP MICHAEL L. NEWTON,248
Morgan,13-2-MC,County Commission District #,2,REP,REP MICHAEL L. NEWTON,375
Morgan,14-2,County Commission District #,2,REP,REP MICHAEL L. NEWTON,0
Morgan,14-2-MC,County Commission District #,2,REP,REP MICHAEL L. NEWTON,499
Morgan,16-2,County Commission District #,2,REP,REP MICHAEL L. NEWTON,96
Morgan,10-3,County Commission District #,3,REP,REP VAUGHN HARRIS NICKERSON,355
Morgan,15-3,County Commission District #,3,REP,REP VAUGHN HARRIS NICKERSON,146
Morgan,15-3-MC,County Commission District #,3,REP,REP VAUGHN HARRIS NICKERSON,271
Morgan,17-3-MC,County Commission District #,3,REP,REP VAUGHN HARRIS NICKERSON,121
Morgan,6-3,County Commission District #,3,REP,REP VAUGHN HARRIS NICKERSON,292
Morgan,7-3,County Commission District #,3,REP,REP VAUGHN HARRIS NICKERSON,314
Morgan,8-3,County Commission District #,3,REP,REP VAUGHN HARRIS NICKERSON,388
Morgan,9-3,County Commission District #,3,REP,REP VAUGHN HARRIS NICKERSON,184
Morgan,10-3,Morgan County Assessor,,REP,REP JANELL H. WALKER,362
Morgan,11-2,Morgan County Assessor,,REP,REP JANELL H. WALKER,39
Morgan,11-2-MC,Morgan County Assessor,,REP,REP JANELL H. WALKER,444
Morgan,12-2-MC,Morgan County Assessor,,REP,REP JANELL H. WALKER,255
Morgan,13-2-MC,Morgan County Assessor,,REP,REP JANELL H. WALKER,379
Morgan,14-2,Morgan County Assessor,,REP,REP JANELL H. WALKER,0
Morgan,14-2-MC,Morgan County Assessor,,REP,REP JANELL H. WALKER,501
Morgan,15-3,Morgan County Assessor,,REP,REP JANELL H. WALKER,154
Morgan,15-3-MC,Morgan County Assessor,,REP,REP JANELL H. WALKER,284
Morgan,16-2,Morgan County Assessor,,REP,REP JANELL H. WALKER,96
Morgan,17-3-MC,Morgan County Assessor,,REP,REP JANELL H. WALKER,119
Morgan,1-1,Morgan County Assessor,,REP,REP JANELL H. WALKER,0
Morgan,1-1-S,Morgan County Assessor,,REP,REP JANELL H. WALKER,607
Morgan,2-1,Morgan County Assessor,,REP,REP JANELL H. WALKER,0
Morgan,2-1-S,Morgan County Assessor,,REP,REP JANELL H. WALKER,289
Morgan,3-1,Morgan County Assessor,,REP,REP JANELL H. WALKER,98
Morgan,3-1-S,Morgan County Assessor,,REP,REP JANELL H. WALKER,241
Morgan,4-1-S,Morgan County Assessor,,REP,REP JANELL H. WALKER,379
Morgan,5-1,Morgan County Assessor,,REP,REP JANELL H. WALKER,38
Morgan,5-1-S,Morgan County Assessor,,REP,REP JANELL H. WALKER,375
Morgan,6-3,Morgan County Assessor,,REP,REP JANELL H. WALKER,291
Morgan,7-3,Morgan County Assessor,,REP,REP JANELL H. WALKER,310
Morgan,8-3,Morgan County Assessor,,REP,REP JANELL H. WALKER,378
Morgan,9-3,Morgan County Assessor,,REP,REP JANELL H. WALKER,186
Morgan,10-3,Morgan County Recorder,,REP,REP SHAUN CALVIN ROSE,360
Morgan,11-2,Morgan County Recorder,,REP,REP SHAUN CALVIN ROSE,40
Morgan,11-2-MC,Morgan County Recorder,,REP,REP SHAUN CALVIN ROSE,435
Morgan,12-2-MC,Morgan County Recorder,,REP,REP SHAUN CALVIN ROSE,248
Morgan,13-2-MC,Morgan County Recorder,,REP,REP SHAUN CALVIN ROSE,379
Morgan,14-2,Morgan County Recorder,,REP,REP SHAUN CALVIN ROSE,0
Morgan,14-2-MC,Morgan County Recorder,,REP,REP SHAUN CALVIN ROSE,497
Morgan,15-3,Morgan County Recorder,,REP,REP SHAUN CALVIN ROSE,155
Morgan,15-3-MC,Morgan County Recorder,,REP,REP SHAUN CALVIN ROSE,280
Morgan,16-2,Morgan County Recorder,,REP,REP SHAUN CALVIN ROSE,94
Morgan,17-3-MC,Morgan County Recorder,,REP,REP SHAUN CALVIN ROSE,118
Morgan,1-1,Morgan County Recorder,,REP,REP SHAUN CALVIN ROSE,0
Morgan,1-1-S,Morgan County Recorder,,REP,REP SHAUN CALVIN ROSE,596
Morgan,2-1,Morgan County Recorder,,REP,REP SHAUN CALVIN ROSE,0
Morgan,2-1-S,Morgan County Recorder,,REP,REP SHAUN CALVIN ROSE,288
Morgan,3-1,Morgan County Recorder,,REP,REP SHAUN CALVIN ROSE,97
Morgan,3-1-S,Morgan County Recorder,,REP,REP SHAUN CALVIN ROSE,241
Morgan,4-1-S,Morgan County Recorder,,REP,REP SHAUN CALVIN ROSE,378
Morgan,5-1,Morgan County Recorder,,REP,REP SHAUN CALVIN ROSE,38
Morgan,5-1-S,Morgan County Recorder,,REP,REP SHAUN CALVIN ROSE,367
Morgan,6-3,Morgan County Recorder,,REP,REP SHAUN CALVIN ROSE,283
Morgan,7-3,Morgan County Recorder,,REP,REP SHAUN CALVIN ROSE,316
Morgan,8-3,Morgan County Recorder,,REP,REP SHAUN CALVIN ROSE,370
Morgan,9-3,Morgan County Recorder,,REP,REP SHAUN CALVIN ROSE,187
Morgan,10-3,Morgan County Treasurer,,REP,REP KIMBERLY REED HARRISON,356
Morgan,11-2,Morgan County Treasurer,,REP,REP KIMBERLY REED HARRISON,39
Morgan,11-2-MC,Morgan County Treasurer,,REP,REP KIMBERLY REED HARRISON,431
Morgan,12-2-MC,Morgan County Treasurer,,REP,REP KIMBERLY REED HARRISON,247
Morgan,13-2-MC,Morgan County Treasurer,,REP,REP KIMBERLY REED HARRISON,373
Morgan,14-2,Morgan County Treasurer,,REP,REP KIMBERLY REED HARRISON,0
Morgan,14-2-MC,Morgan County Treasurer,,REP,REP KIMBERLY REED HARRISON,489
Morgan,15-3,Morgan County Treasurer,,REP,REP KIMBERLY REED HARRISON,155
Morgan,15-3-MC,Morgan County Treasurer,,REP,REP KIMBERLY REED HARRISON,281
Morgan,16-2,Morgan County Treasurer,,REP,REP KIMBERLY REED HARRISON,91
Morgan,17-3-MC,Morgan County Treasurer,,REP,REP KIMBERLY REED HARRISON,114
Morgan,1-1,Morgan County Treasurer,,REP,REP KIMBERLY REED HARRISON,0
Morgan,1-1-S,Morgan County Treasurer,,REP,REP KIMBERLY REED HARRISON,601
Morgan,2-1,Morgan County Treasurer,,REP,REP KIMBERLY REED HARRISON,0
Morgan,2-1-S,Morgan County Treasurer,,REP,REP KIMBERLY REED HARRISON,287
Morgan,3-1,Morgan County Treasurer,,REP,REP KIMBERLY REED HARRISON,96
Morgan,3-1-S,Morgan County Treasurer,,REP,REP KIMBERLY REED HARRISON,239
Morgan,4-1-S,Morgan County Treasurer,,REP,REP KIMBERLY REED HARRISON,382
Morgan,5-1,Morgan County Treasurer,,REP,REP KIMBERLY REED HARRISON,38
Morgan,5-1-S,Morgan County Treasurer,,REP,REP KIMBERLY REED HARRISON,366
Morgan,6-3,Morgan County Treasurer,,REP,REP KIMBERLY REED HARRISON,283
Morgan,7-3,Morgan County Treasurer,,REP,REP KIMBERLY REED HARRISON,308
Morgan,8-3,Morgan County Treasurer,,REP,REP KIMBERLY REED HARRISON,368
Morgan,9-3,Morgan County Treasurer,,REP,REP KIMBERLY REED HARRISON,185
Morgan,1-1,Morgan School Board District #,1,,RONALD BLUNCK,0
Morgan,1-1-S,Morgan School Board District #,1,,RONALD BLUNCK,342
Morgan,2-1,Morgan School Board District #,1,,RONALD BLUNCK,0
Morgan,2-1-S,Morgan School Board District #,1,,RONALD BLUNCK,103
Morgan,3-1,Morgan School Board District #,1,,RONALD BLUNCK,52
Morgan,3-1-S,Morgan School Board District #,1,,RONALD BLUNCK,94
Morgan,1-1,Morgan School Board District #,1,,ANGIE TREASE,0
Morgan,1-1-S,Morgan School Board District #,1,,ANGIE TREASE,355
Morgan,2-1,Morgan School Board District #,1,,ANGIE TREASE,0
Morgan,2-1-S,Morgan School Board District #,1,,ANGIE TREASE,236
Morgan,3-1,Morgan School Board District #,1,,ANGIE TREASE,55
Morgan,3-1-S,Morgan School Board District #,1,,ANGIE TREASE,180
Morgan,10-3,Morgan School Board District #,3,,GAYLENE ADAMS,350
Morgan,6-3,Morgan School Board District #,3,,GAYLENE ADAMS,280
Morgan,8-3,Morgan School Board District #,3,,GAYLENE ADAMS,365
Morgan,9-3,Morgan School Board District #,3,,GAYLENE ADAMS,188
Morgan,14-2,Morgan School Board District #,5,,ANDREA LEE BROOKS,0
Morgan,14-2-MC,Morgan School Board District #,5,,ANDREA LEE BROOKS,315
Morgan,15-3,Morgan School Board District #,5,,ANDREA LEE BROOKS,78
Morgan,15-3-MC,Morgan School Board District #,5,,ANDREA LEE BROOKS,162
Morgan,16-2,Morgan School Board District #,5,,ANDREA LEE BROOKS,32
Morgan,17-3-MC,Morgan School Board District #,5,,ANDREA LEE BROOKS,66
Morgan,14-2,Morgan School Board District #,5,,ADAM J. TOONE,0
Morgan,14-2-MC,Morgan School Board District #,5,,ADAM J. TOONE,238
Morgan,15-3,Morgan School Board District #,5,,ADAM J. TOONE,91
Morgan,15-3-MC,Morgan School Board District #,5,,ADAM J. TOONE,141
Morgan,16-2,Morgan School Board District #,5,,ADAM J. TOONE,76
Morgan,17-3-MC,Morgan School Board District #,5,,ADAM J. TOONE,58
Morgan,10-3,Shall MATTHEW B. DURRANT be retained in the office of Justice of the Supreme Court of Utah?,,,YES,288
Morgan,11-2,Shall MATTHEW B. DURRANT be retained in the office of Justice of the Supreme Court of Utah?,,,YES,30
Morgan,11-2-MC,Shall MATTHEW B. DURRANT be retained in the office of Justice of the Supreme Court of Utah?,,,YES,354
Morgan,12-2-MC,Shall MATTHEW B. DURRANT be retained in the office of Justice of the Supreme Court of Utah?,,,YES,201
Morgan,13-2-MC,Shall MATTHEW B. DURRANT be retained in the office of Justice of the Supreme Court of Utah?,,,YES,329
Morgan,14-2,Shall MATTHEW B. DURRANT be retained in the office of Justice of the Supreme Court of Utah?,,,YES,0
Morgan,14-2-MC,Shall MATTHEW B. DURRANT be retained in the office of Justice of the Supreme Court of Utah?,,,YES,420
Morgan,15-3,Shall MATTHEW B. DURRANT be retained in the office of Justice of the Supreme Court of Utah?,,,YES,132
Morgan,15-3-MC,Shall MATTHEW B. DURRANT be retained in the office of Justice of the Supreme Court of Utah?,,,YES,216
Morgan,16-2,Shall MATTHEW B. DURRANT be retained in the office of Justice of the Supreme Court of Utah?,,,YES,72
Morgan,17-3-MC,Shall MATTHEW B. DURRANT be retained in the office of Justice of the Supreme Court of Utah?,,,YES,90
Morgan,1-1,Shall MATTHEW B. DURRANT be retained in the office of Justice of the Supreme Court of Utah?,,,YES,0
Morgan,1-1-S,Shall MATTHEW B. DURRANT be retained in the office of Justice of the Supreme Court of Utah?,,,YES,496
Morgan,2-1,Shall MATTHEW B. DURRANT be retained in the office of Justice of the Supreme Court of Utah?,,,YES,0
Morgan,2-1-S,Shall MATTHEW B. DURRANT be retained in the office of Justice of the Supreme Court of Utah?,,,YES,227
Morgan,3-1,Shall MATTHEW B. DURRANT be retained in the office of Justice of the Supreme Court of Utah?,,,YES,62
Morgan,3-1-S,Shall MATTHEW B. DURRANT be retained in the office of Justice of the Supreme Court of Utah?,,,YES,187
Morgan,4-1-S,Shall MATTHEW B. DURRANT be retained in the office of Justice of the Supreme Court of Utah?,,,YES,317
Morgan,5-1,Shall MATTHEW B. DURRANT be retained in the office of Justice of the Supreme Court of Utah?,,,YES,21
Morgan,5-1-S,Shall MATTHEW B. DURRANT be retained in the office of Justice of the Supreme Court of Utah?,,,YES,300
Morgan,6-3,Shall MATTHEW B. DURRANT be retained in the office of Justice of the Supreme Court of Utah?,,,YES,211
Morgan,7-3,Shall MATTHEW B. DURRANT be retained in the office of Justice of the Supreme Court of Utah?,,,YES,239
Morgan,8-3,Shall MATTHEW B. DURRANT be retained in the office of Justice of the Supreme Court of Utah?,,,YES,293
Morgan,9-3,Shall MATTHEW B. DURRANT be retained in the office of Justice of the Supreme Court of Utah?,,,YES,152
Morgan,10-3,Shall MATTHEW B. DURRANT be retained in the office of Justice of the Supreme Court of Utah?,,,NO,52
Morgan,11-2,Shall MATTHEW B. DURRANT be retained in the office of Justice of the Supreme Court of Utah?,,,NO,8
Morgan,11-2-MC,Shall MATTHEW B. DURRANT be retained in the office of Justice of the Supreme Court of Utah?,,,NO,74
Morgan,12-2-MC,Shall MATTHEW B. DURRANT be retained in the office of Justice of the Supreme Court of Utah?,,,NO,43
Morgan,13-2-MC,Shall MATTHEW B. DURRANT be retained in the office of Justice of the Supreme Court of Utah?,,,NO,49
Morgan,14-2,Shall MATTHEW B. DURRANT be retained in the office of Justice of the Supreme Court of Utah?,,,NO,0
Morgan,14-2-MC,Shall MATTHEW B. DURRANT be retained in the office of Justice of the Supreme Court of Utah?,,,NO,81
Morgan,15-3,Shall MATTHEW B. DURRANT be retained in the office of Justice of the Supreme Court of Utah?,,,NO,27
Morgan,15-3-MC,Shall MATTHEW B. DURRANT be retained in the office of Justice of the Supreme Court of Utah?,,,NO,49
Morgan,16-2,Shall MATTHEW B. DURRANT be retained in the office of Justice of the Supreme Court of Utah?,,,NO,23
Morgan,17-3-MC,Shall MATTHEW B. DURRANT be retained in the office of Justice of the Supreme Court of Utah?,,,NO,21
Morgan,1-1,Shall MATTHEW B. DURRANT be retained in the office of Justice of the Supreme Court of Utah?,,,NO,0
Morgan,1-1-S,Shall MATTHEW B. DURRANT be retained in the office of Justice of the Supreme Court of Utah?,,,NO,134
Morgan,2-1,Shall MATTHEW B. DURRANT be retained in the office of Justice of the Supreme Court of Utah?,,,NO,0
Morgan,2-1-S,Shall MATTHEW B. DURRANT be retained in the office of Justice of the Supreme Court of Utah?,,,NO,54
Morgan,3-1,Shall MATTHEW B. DURRANT be retained in the office of Justice of the Supreme Court of Utah?,,,NO,32
Morgan,3-1-S,Shall MATTHEW B. DURRANT be retained in the office of Justice of the Supreme Court of Utah?,,,NO,64
Morgan,4-1-S,Shall MATTHEW B. DURRANT be retained in the office of Justice of the Supreme Court of Utah?,,,NO,52
Morgan,5-1,Shall MATTHEW B. DURRANT be retained in the office of Justice of the Supreme Court of Utah?,,,NO,13
Morgan,5-1-S,Shall MATTHEW B. DURRANT be retained in the office of Justice of the Supreme Court of Utah?,,,NO,64
Morgan,6-3,Shall MATTHEW B. DURRANT be retained in the office of Justice of the Supreme Court of Utah?,,,NO,71
Morgan,7-3,Shall MATTHEW B. DURRANT be retained in the office of Justice of the Supreme Court of Utah?,,,NO,84
Morgan,8-3,Shall MATTHEW B. DURRANT be retained in the office of Justice of the Supreme Court of Utah?,,,NO,74
Morgan,9-3,Shall MATTHEW B. DURRANT be retained in the office of Justice of the Supreme Court of Utah?,,,NO,35
Morgan,10-3,Shall RYAN D. TENNEY be retained in the office of Judge of the Court of Appeals of Utah?,,,YES,278
Morgan,11-2,Shall RYAN D. TENNEY be retained in the office of Judge of the Court of Appeals of Utah?,,,YES,27
Morgan,11-2-MC,Shall RYAN D. TENNEY be retained in the office of Judge of the Court of Appeals of Utah?,,,YES,347
Morgan,12-2-MC,Shall RYAN D. TENNEY be retained in the office of Judge of the Court of Appeals of Utah?,,,YES,196
Morgan,13-2-MC,Shall RYAN D. TENNEY be retained in the office of Judge of the Court of Appeals of Utah?,,,YES,321
Morgan,14-2,Shall RYAN D. TENNEY be retained in the office of Judge of the Court of Appeals of Utah?,,,YES,0
Morgan,14-2-MC,Shall RYAN D. TENNEY be retained in the office of Judge of the Court of Appeals of Utah?,,,YES,403
Morgan,15-3,Shall RYAN D. TENNEY be retained in the office of Judge of the Court of Appeals of Utah?,,,YES,126
Morgan,15-3-MC,Shall RYAN D. TENNEY be retained in the office of Judge of the Court of Appeals of Utah?,,,YES,204
Morgan,16-2,Shall RYAN D. TENNEY be retained in the office of Judge of the Court of Appeals of Utah?,,,YES,70
Morgan,17-3-MC,Shall RYAN D. TENNEY be retained in the office of Judge of the Court of Appeals of Utah?,,,YES,90
Morgan,1-1,Shall RYAN D. TENNEY be retained in the office of Judge of the Court of Appeals of Utah?,,,YES,0
Morgan,1-1-S,Shall RYAN D. TENNEY be retained in the office of Judge of the Court of Appeals of Utah?,,,YES,488
Morgan,2-1,Shall RYAN D. TENNEY be retained in the office of Judge of the Court of Appeals of Utah?,,,YES,0
Morgan,2-1-S,Shall RYAN D. TENNEY be retained in the office of Judge of the Court of Appeals of Utah?,,,YES,228
Morgan,3-1,Shall RYAN D. TENNEY be retained in the office of Judge of the Court of Appeals of Utah?,,,YES,67
Morgan,3-1-S,Shall RYAN D. TENNEY be retained in the office of Judge of the Court of Appeals of Utah?,,,YES,189
Morgan,4-1-S,Shall RYAN D. TENNEY be retained in the office of Judge of the Court of Appeals of Utah?,,,YES,305
Morgan,5-1,Shall RYAN D. TENNEY be retained in the office of Judge of the Court of Appeals of Utah?,,,YES,18
Morgan,5-1-S,Shall RYAN D. TENNEY be retained in the office of Judge of the Court of Appeals of Utah?,,,YES,296
Morgan,6-3,Shall RYAN D. TENNEY be retained in the office of Judge of the Court of Appeals of Utah?,,,YES,206
Morgan,7-3,Shall RYAN D. TENNEY be retained in the office of Judge of the Court of Appeals of Utah?,,,YES,232
Morgan,8-3,Shall RYAN D. TENNEY be retained in the office of Judge of the Court of Appeals of Utah?,,,YES,282
Morgan,9-3,Shall RYAN D. TENNEY be retained in the office of Judge of the Court of Appeals of Utah?,,,YES,146
Morgan,10-3,Shall RYAN D. TENNEY be retained in the office of Judge of the Court of Appeals of Utah?,,,NO,56
Morgan,11-2,Shall RYAN D. TENNEY be retained in the office of Judge of the Court of Appeals of Utah?,,,NO,11
Morgan,11-2-MC,Shall RYAN D. TENNEY be retained in the office of Judge of the Court of Appeals of Utah?,,,NO,81
Morgan,12-2-MC,Shall RYAN D. TENNEY be retained in the office of Judge of the Court of Appeals of Utah?,,,NO,50
Morgan,13-2-MC,Shall RYAN D. TENNEY be retained in the office of Judge of the Court of Appeals of Utah?,,,NO,56
Morgan,14-2,Shall RYAN D. TENNEY be retained in the office of Judge of the Court of Appeals of Utah?,,,NO,0
Morgan,14-2-MC,Shall RYAN D. TENNEY be retained in the office of Judge of the Court of Appeals of Utah?,,,NO,91
Morgan,15-3,Shall RYAN D. TENNEY be retained in the office of Judge of the Court of Appeals of Utah?,,,NO,29
Morgan,15-3-MC,Shall RYAN D. TENNEY be retained in the office of Judge of the Court of Appeals of Utah?,,,NO,57
Morgan,16-2,Shall RYAN D. TENNEY be retained in the office of Judge of the Court of Appeals of Utah?,,,NO,22
Morgan,17-3-MC,Shall RYAN D. TENNEY be retained in the office of Judge of the Court of Appeals of Utah?,,,NO,20
Morgan,1-1,Shall RYAN D. TENNEY be retained in the office of Judge of the Court of Appeals of Utah?,,,NO,0
Morgan,1-1-S,Shall RYAN D. TENNEY be retained in the office of Judge of the Court of Appeals of Utah?,,,NO,132
Morgan,2-1,Shall RYAN D. TENNEY be retained in the office of Judge of the Court of Appeals of Utah?,,,NO,0
Morgan,2-1-S,Shall RYAN D. TENNEY be retained in the office of Judge of the Court of Appeals of Utah?,,,NO,48
Morgan,3-1,Shall RYAN D. TENNEY be retained in the office of Judge of the Court of Appeals of Utah?,,,NO,27
Morgan,3-1-S,Shall RYAN D. TENNEY be retained in the office of Judge of the Court of Appeals of Utah?,,,NO,58
Morgan,4-1-S,Shall RYAN D. TENNEY be retained in the office of Judge of the Court of Appeals of Utah?,,,NO,58
Morgan,5-1,Shall RYAN D. TENNEY be retained in the office of Judge of the Court of Appeals of Utah?,,,NO,14
Morgan,5-1-S,Shall RYAN D. TENNEY be retained in the office of Judge of the Court of Appeals of Utah?,,,NO,63
Morgan,6-3,Shall RYAN D. TENNEY be retained in the office of Judge of the Court of Appeals of Utah?,,,NO,73
Morgan,7-3,Shall RYAN D. TENNEY be retained in the office of Judge of the Court of Appeals of Utah?,,,NO,81
Morgan,8-3,Shall RYAN D. TENNEY be retained in the office of Judge of the Court of Appeals of Utah?,,,NO,80
Morgan,9-3,Shall RYAN D. TENNEY be retained in the office of Judge of the Court of Appeals of Utah?,,,NO,40
Morgan,10-3,Shall CRAIG HALL be retained in the office of Judge of the District Court of the Second Judicial District?,,,YES,276
Morgan,11-2,Shall CRAIG HALL be retained in the office of Judge of the District Court of the Second Judicial District?,,,YES,24
Morgan,11-2-MC,Shall CRAIG HALL be retained in the office of Judge of the District Court of the Second Judicial District?,,,YES,352
Morgan,12-2-MC,Shall CRAIG HALL be retained in the office of Judge of the District Court of the Second Judicial District?,,,YES,182
Morgan,13-2-MC,Shall CRAIG HALL be retained in the office of Judge of the District Court of the Second Judicial District?,,,YES,323
Morgan,14-2,Shall CRAIG HALL be retained in the office of Judge of the District Court of the Second Judicial District?,,,YES,0
Morgan,14-2-MC,Shall CRAIG HALL be retained in the office of Judge of the District Court of the Second Judicial District?,,,YES,396
Morgan,15-3,Shall CRAIG HALL be retained in the office of Judge of the District Court of the Second Judicial District?,,,YES,122
Morgan,15-3-MC,Shall CRAIG HALL be retained in the office of Judge of the District Court of the Second Judicial District?,,,YES,201
Morgan,16-2,Shall CRAIG HALL be retained in the office of Judge of the District Court of the Second Judicial District?,,,YES,68
Morgan,17-3-MC,Shall CRAIG HALL be retained in the office of Judge of the District Court of the Second Judicial District?,,,YES,88
Morgan,1-1,Shall CRAIG HALL be retained in the office of Judge of the District Court of the Second Judicial District?,,,YES,0
Morgan,1-1-S,Shall CRAIG HALL be retained in the office of Judge of the District Court of the Second Judicial District?,,,YES,462
Morgan,2-1,Shall CRAIG HALL be retained in the office of Judge of the District Court of the Second Judicial District?,,,YES,0
Morgan,2-1-S,Shall CRAIG HALL be retained in the office of Judge of the District Court of the Second Judicial District?,,,YES,204
Morgan,3-1,Shall CRAIG HALL be retained in the office of Judge of the District Court of the Second Judicial District?,,,YES,63
Morgan,3-1-S,Shall CRAIG HALL be retained in the office of Judge of the District Court of the Second Judicial District?,,,YES,189
Morgan,4-1-S,Shall CRAIG HALL be retained in the office of Judge of the District Court of the Second Judicial District?,,,YES,297
Morgan,5-1,Shall CRAIG HALL be retained in the office of Judge of the District Court of the Second Judicial District?,,,YES,20
Morgan,5-1-S,Shall CRAIG HALL be retained in the office of Judge of the District Court of the Second Judicial District?,,,YES,293
Morgan,6-3,Shall CRAIG HALL be retained in the office of Judge of the District Court of the Second Judicial District?,,,YES,201
Morgan,7-3,Shall CRAIG HALL be retained in the office of Judge of the District Court of the Second Judicial District?,,,YES,225
Morgan,8-3,Shall CRAIG HALL be retained in the office of Judge of the District Court of the Second Judicial District?,,,YES,277
Morgan,9-3,Shall CRAIG HALL be retained in the office of Judge of the District Court of the Second Judicial District?,,,YES,148
Morgan,10-3,Shall CRAIG HALL be retained in the office of Judge of the District Court of the Second Judicial District?,,,NO,58
Morgan,11-2,Shall CRAIG HALL be retained in the office of Judge of the District Court of the Second Judicial District?,,,NO,13
Morgan,11-2-MC,Shall CRAIG HALL be retained in the office of Judge of the District Court of the Second Judicial District?,,,NO,76
Morgan,12-2-MC,Shall CRAIG HALL be retained in the office of Judge of the District Court of the Second Judicial District?,,,NO,61
Morgan,13-2-MC,Shall CRAIG HALL be retained in the office of Judge of the District Court of the Second Judicial District?,,,NO,53
Morgan,14-2,Shall CRAIG HALL be retained in the office of Judge of the District Court of the Second Judicial District?,,,NO,0
Morgan,14-2-MC,Shall CRAIG HALL be retained in the office of Judge of the District Court of the Second Judicial District?,,,NO,102
Morgan,15-3,Shall CRAIG HALL be retained in the office of Judge of the District Court of the Second Judicial District?,,,NO,34
Morgan,15-3-MC,Shall CRAIG HALL be retained in the office of Judge of the District Court of the Second Judicial District?,,,NO,63
Morgan,16-2,Shall CRAIG HALL be retained in the office of Judge of the District Court of the Second Judicial District?,,,NO,24
Morgan,17-3-MC,Shall CRAIG HALL be retained in the office of Judge of the District Court of the Second Judicial District?,,,NO,21
Morgan,1-1,Shall CRAIG HALL be retained in the office of Judge of the District Court of the Second Judicial District?,,,NO,0
Morgan,1-1-S,Shall CRAIG HALL be retained in the office of Judge of the District Court of the Second Judicial District?,,,NO,155
Morgan,2-1,Shall CRAIG HALL be retained in the office of Judge of the District Court of the Second Judicial District?,,,NO,0
Morgan,2-1-S,Shall CRAIG HALL be retained in the office of Judge of the District Court of the Second Judicial District?,,,NO,73
Morgan,3-1,Shall CRAIG HALL be retained in the office of Judge of the District Court of the Second Judicial District?,,,NO,30
Morgan,3-1-S,Shall CRAIG HALL be retained in the office of Judge of the District Court of the Second Judicial District?,,,NO,58
Morgan,4-1-S,Shall CRAIG HALL be retained in the office of Judge of the District Court of the Second Judicial District?,,,NO,69
Morgan,5-1,Shall CRAIG HALL be retained in the office of Judge of the District Court of the Second Judicial District?,,,NO,13
Morgan,5-1-S,Shall CRAIG HALL be retained in the office of Judge of the District Court of the Second Judicial District?,,,NO,68
Morgan,6-3,Shall CRAIG HALL be retained in the office of Judge of the District Court of the Second Judicial District?,,,NO,78
Morgan,7-3,Shall CRAIG HALL be retained in the office of Judge of the District Court of the Second Judicial District?,,,NO,92
Morgan,8-3,Shall CRAIG HALL be retained in the office of Judge of the District Court of the Second Judicial District?,,,NO,84
Morgan,9-3,Shall CRAIG HALL be retained in the office of Judge of the District Court of the Second Judicial District?,,,NO,35
Morgan,10-3,Shall CRISTINA PATRICIA ORTEGA be retained in the office of Judge of the District Court of the Second Judicial District?,,,YES,275
Morgan,11-2,Shall CRISTINA PATRICIA ORTEGA be retained in the office of Judge of the District Court of the Second Judicial District?,,,YES,24
Morgan,11-2-MC,Shall CRISTINA PATRICIA ORTEGA be retained in the office of Judge of the District Court of the Second Judicial District?,,,YES,329
Morgan,12-2-MC,Shall CRISTINA PATRICIA ORTEGA be retained in the office of Judge of the District Court of the Second Judicial District?,,,YES,198
Morgan,13-2-MC,Shall CRISTINA PATRICIA ORTEGA be retained in the office of Judge of the District Court of the Second Judicial District?,,,YES,318
Morgan,14-2,Shall CRISTINA PATRICIA ORTEGA be retained in the office of Judge of the District Court of the Second Judicial District?,,,YES,0
Morgan,14-2-MC,Shall CRISTINA PATRICIA ORTEGA be retained in the office of Judge of the District Court of the Second Judicial District?,,,YES,401
Morgan,15-3,Shall CRISTINA PATRICIA ORTEGA be retained in the office of Judge of the District Court of the Second Judicial District?,,,YES,115
Morgan,15-3-MC,Shall CRISTINA PATRICIA ORTEGA be retained in the office of Judge of the District Court of the Second Judicial District?,,,YES,198
Morgan,16-2,Shall CRISTINA PATRICIA ORTEGA be retained in the office of Judge of the District Court of the Second Judicial District?,,,YES,70
Morgan,17-3-MC,Shall CRISTINA PATRICIA ORTEGA be retained in the office of Judge of the District Court of the Second Judicial District?,,,YES,91
Morgan,1-1,Shall CRISTINA PATRICIA ORTEGA be retained in the office of Judge of the District Court of the Second Judicial District?,,,YES,0
Morgan,1-1-S,Shall CRISTINA PATRICIA ORTEGA be retained in the office of Judge of the District Court of the Second Judicial District?,,,YES,468
Morgan,2-1,Shall CRISTINA PATRICIA ORTEGA be retained in the office of Judge of the District Court of the Second Judicial District?,,,YES,0
Morgan,2-1-S,Shall CRISTINA PATRICIA ORTEGA be retained in the office of Judge of the District Court of the Second Judicial District?,,,YES,211
Morgan,3-1,Shall CRISTINA PATRICIA ORTEGA be retained in the office of Judge of the District Court of the Second Judicial District?,,,YES,60
Morgan,3-1-S,Shall CRISTINA PATRICIA ORTEGA be retained in the office of Judge of the District Court of the Second Judicial District?,,,YES,181
Morgan,4-1-S,Shall CRISTINA PATRICIA ORTEGA be retained in the office of Judge of the District Court of the Second Judicial District?,,,YES,275
Morgan,5-1,Shall CRISTINA PATRICIA ORTEGA be retained in the office of Judge of the District Court of the Second Judicial District?,,,YES,20
Morgan,5-1-S,Shall CRISTINA PATRICIA ORTEGA be retained in the office of Judge of the District Court of the Second Judicial District?,,,YES,289
Morgan,6-3,Shall CRISTINA PATRICIA ORTEGA be retained in the office of Judge of the District Court of the Second Judicial District?,,,YES,198
Morgan,7-3,Shall CRISTINA PATRICIA ORTEGA be retained in the office of Judge of the District Court of the Second Judicial District?,,,YES,209
Morgan,8-3,Shall CRISTINA PATRICIA ORTEGA be retained in the office of Judge of the District Court of the Second Judicial District?,,,YES,270
Morgan,9-3,Shall CRISTINA PATRICIA ORTEGA be retained in the office of Judge of the District Court of the Second Judicial District?,,,YES,139
Morgan,10-3,Shall CRISTINA PATRICIA ORTEGA be retained in the office of Judge of the District Court of the Second Judicial District?,,,NO,61
Morgan,11-2,Shall CRISTINA PATRICIA ORTEGA be retained in the office of Judge of the District Court of the Second Judicial District?,,,NO,13
Morgan,11-2-MC,Shall CRISTINA PATRICIA ORTEGA be retained in the office of Judge of the District Court of the Second Judicial District?,,,NO,96
Morgan,12-2-MC,Shall CRISTINA PATRICIA ORTEGA be retained in the office of Judge of the District Court of the Second Judicial District?,,,NO,44
Morgan,13-2-MC,Shall CRISTINA PATRICIA ORTEGA be retained in the office of Judge of the District Court of the Second Judicial District?,,,NO,59
Morgan,14-2,Shall CRISTINA PATRICIA ORTEGA be retained in the office of Judge of the District Court of the Second Judicial District?,,,NO,0
Morgan,14-2-MC,Shall CRISTINA PATRICIA ORTEGA be retained in the office of Judge of the District Court of the Second Judicial District?,,,NO,100
Morgan,15-3,Shall CRISTINA PATRICIA ORTEGA be retained in the office of Judge of the District Court of the Second Judicial District?,,,NO,37
Morgan,15-3-MC,Shall CRISTINA PATRICIA ORTEGA be retained in the office of Judge of the District Court of the Second Judicial District?,,,NO,68
Morgan,16-2,Shall CRISTINA PATRICIA ORTEGA be retained in the office of Judge of the District Court of the Second Judicial District?,,,NO,23
Morgan,17-3-MC,Shall CRISTINA PATRICIA ORTEGA be retained in the office of Judge of the District Court of the Second Judicial District?,,,NO,21
Morgan,1-1,Shall CRISTINA PATRICIA ORTEGA be retained in the office of Judge of the District Court of the Second Judicial District?,,,NO,0
Morgan,1-1-S,Shall CRISTINA PATRICIA ORTEGA be retained in the office of Judge of the District Court of the Second Judicial District?,,,NO,154
Morgan,2-1,Shall CRISTINA PATRICIA ORTEGA be retained in the office of Judge of the District Court of the Second Judicial District?,,,NO,0
Morgan,2-1-S,Shall CRISTINA PATRICIA ORTEGA be retained in the office of Judge of the District Court of the Second Judicial District?,,,NO,67
Morgan,3-1,Shall CRISTINA PATRICIA ORTEGA be retained in the office of Judge of the District Court of the Second Judicial District?,,,NO,34
Morgan,3-1-S,Shall CRISTINA PATRICIA ORTEGA be retained in the office of Judge of the District Court of the Second Judicial District?,,,NO,66
Morgan,4-1-S,Shall CRISTINA PATRICIA ORTEGA be retained in the office of Judge of the District Court of the Second Judicial District?,,,NO,92
Morgan,5-1,Shall CRISTINA PATRICIA ORTEGA be retained in the office of Judge of the District Court of the Second Judicial District?,,,NO,13
Morgan,5-1-S,Shall CRISTINA PATRICIA ORTEGA be retained in the office of Judge of the District Court of the Second Judicial District?,,,NO,68
Morgan,6-3,Shall CRISTINA PATRICIA ORTEGA be retained in the office of Judge of the District Court of the Second Judicial District?,,,NO,82
Morgan,7-3,Shall CRISTINA PATRICIA ORTEGA be retained in the office of Judge of the District Court of the Second Judicial District?,,,NO,103
Morgan,8-3,Shall CRISTINA PATRICIA ORTEGA be retained in the office of Judge of the District Court of the Second Judicial District?,,,NO,90
Morgan,9-3,Shall CRISTINA PATRICIA ORTEGA be retained in the office of Judge of the District Court of the Second Judicial District?,,,NO,45
Morgan,10-3,Shall JOSEPH M. BEAN be retained in the office of Judge of the District Court of the Second Judicial District?,,,YES,281
Morgan,11-2,Shall JOSEPH M. BEAN be retained in the office of Judge of the District Court of the Second Judicial District?,,,YES,24
Morgan,11-2-MC,Shall JOSEPH M. BEAN be retained in the office of Judge of the District Court of the Second Judicial District?,,,YES,341
Morgan,12-2-MC,Shall JOSEPH M. BEAN be retained in the office of Judge of the District Court of the Second Judicial District?,,,YES,187
Morgan,13-2-MC,Shall JOSEPH M. BEAN be retained in the office of Judge of the District Court of the Second Judicial District?,,,YES,327
Morgan,14-2,Shall JOSEPH M. BEAN be retained in the office of Judge of the District Court of the Second Judicial District?,,,YES,0
Morgan,14-2-MC,Shall JOSEPH M. BEAN be retained in the office of Judge of the District Court of the Second Judicial District?,,,YES,401
Morgan,15-3,Shall JOSEPH M. BEAN be retained in the office of Judge of the District Court of the Second Judicial District?,,,YES,115
Morgan,15-3-MC,Shall JOSEPH M. BEAN be retained in the office of Judge of the District Court of the Second Judicial District?,,,YES,209
Morgan,16-2,Shall JOSEPH M. BEAN be retained in the office of Judge of the District Court of the Second Judicial District?,,,YES,68
Morgan,17-3-MC,Shall JOSEPH M. BEAN be retained in the office of Judge of the District Court of the Second Judicial District?,,,YES,89
Morgan,1-1,Shall JOSEPH M. BEAN be retained in the office of Judge of the District Court of the Second Judicial District?,,,YES,0
Morgan,1-1-S,Shall JOSEPH M. BEAN be retained in the office of Judge of the District Court of the Second Judicial District?,,,YES,462
Morgan,2-1,Shall JOSEPH M. BEAN be retained in the office of Judge of the District Court of the Second Judicial District?,,,YES,0
Morgan,2-1-S,Shall JOSEPH M. BEAN be retained in the office of Judge of the District Court of the Second Judicial District?,,,YES,212
Morgan,3-1,Shall JOSEPH M. BEAN be retained in the office of Judge of the District Court of the Second Judicial District?,,,YES,62
Morgan,3-1-S,Shall JOSEPH M. BEAN be retained in the office of Judge of the District Court of the Second Judicial District?,,,YES,187
Morgan,4-1-S,Shall JOSEPH M. BEAN be retained in the office of Judge of the District Court of the Second Judicial District?,,,YES,295
Morgan,5-1,Shall JOSEPH M. BEAN be retained in the office of Judge of the District Court of the Second Judicial District?,,,YES,19
Morgan,5-1-S,Shall JOSEPH M. BEAN be retained in the office of Judge of the District Court of the Second Judicial District?,,,YES,283
Morgan,6-3,Shall JOSEPH M. BEAN be retained in the office of Judge of the District Court of the Second Judicial District?,,,YES,197
Morgan,7-3,Shall JOSEPH M. BEAN be retained in the office of Judge of the District Court of the Second Judicial District?,,,YES,211
Morgan,8-3,Shall JOSEPH M. BEAN be retained in the office of Judge of the District Court of the Second Judicial District?,,,YES,288
Morgan,9-3,Shall JOSEPH M. BEAN be retained in the office of Judge of the District Court of the Second Judicial District?,,,YES,143
Morgan,10-3,Shall JOSEPH M. BEAN be retained in the office of Judge of the District Court of the Second Judicial District?,,,NO,55
Morgan,11-2,Shall JOSEPH M. BEAN be retained in the office of Judge of the District Court of the Second Judicial District?,,,NO,13
Morgan,11-2-MC,Shall JOSEPH M. BEAN be retained in the office of Judge of the District Court of the Second Judicial District?,,,NO,86
Morgan,12-2-MC,Shall JOSEPH M. BEAN be retained in the office of Judge of the District Court of the Second Judicial District?,,,NO,53
Morgan,13-2-MC,Shall JOSEPH M. BEAN be retained in the office of Judge of the District Court of the Second Judicial District?,,,NO,46
Morgan,14-2,Shall JOSEPH M. BEAN be retained in the office of Judge of the District Court of the Second Judicial District?,,,NO,0
Morgan,14-2-MC,Shall JOSEPH M. BEAN be retained in the office of Judge of the District Court of the Second Judicial District?,,,NO,94
Morgan,15-3,Shall JOSEPH M. BEAN be retained in the office of Judge of the District Court of the Second Judicial District?,,,NO,35
Morgan,15-3-MC,Shall JOSEPH M. BEAN be retained in the office of Judge of the District Court of the Second Judicial District?,,,NO,58
Morgan,16-2,Shall JOSEPH M. BEAN be retained in the office of Judge of the District Court of the Second Judicial District?,,,NO,23
Morgan,17-3-MC,Shall JOSEPH M. BEAN be retained in the office of Judge of the District Court of the Second Judicial District?,,,NO,22
Morgan,1-1,Shall JOSEPH M. BEAN be retained in the office of Judge of the District Court of the Second Judicial District?,,,NO,0
Morgan,1-1-S,Shall JOSEPH M. BEAN be retained in the office of Judge of the District Court of the Second Judicial District?,,,NO,157
Morgan,2-1,Shall JOSEPH M. BEAN be retained in the office of Judge of the District Court of the Second Judicial District?,,,NO,0
Morgan,2-1-S,Shall JOSEPH M. BEAN be retained in the office of Judge of the District Court of the Second Judicial District?,,,NO,65
Morgan,3-1,Shall JOSEPH M. BEAN be retained in the office of Judge of the District Court of the Second Judicial District?,,,NO,30
Morgan,3-1-S,Shall JOSEPH M. BEAN be retained in the office of Judge of the District Court of the Second Judicial District?,,,NO,62
Morgan,4-1-S,Shall JOSEPH M. BEAN be retained in the office of Judge of the District Court of the Second Judicial District?,,,NO,72
Morgan,5-1,Shall JOSEPH M. BEAN be retained in the office of Judge of the District Court of the Second Judicial District?,,,NO,14
Morgan,5-1-S,Shall JOSEPH M. BEAN be retained in the office of Judge of the District Court of the Second Judicial District?,,,NO,73
Morgan,6-3,Shall JOSEPH M. BEAN be retained in the office of Judge of the District Court of the Second Judicial District?,,,NO,82
Morgan,7-3,Shall JOSEPH M. BEAN be retained in the office of Judge of the District Court of the Second Judicial District?,,,NO,101
Morgan,8-3,Shall JOSEPH M. BEAN be retained in the office of Judge of the District Court of the Second Judicial District?,,,NO,78
Morgan,9-3,Shall JOSEPH M. BEAN be retained in the office of Judge of the District Court of the Second Judicial District?,,,NO,41
Morgan,10-3,Shall MICHAEL DARIO DIREDA be retained in the office of Judge of the District Court of the Second Judicial District?,,,YES,281
Morgan,11-2,Shall MICHAEL DARIO DIREDA be retained in the office of Judge of the District Court of the Second Judicial District?,,,YES,25
Morgan,11-2-MC,Shall MICHAEL DARIO DIREDA be retained in the office of Judge of the District Court of the Second Judicial District?,,,YES,343
Morgan,12-2-MC,Shall MICHAEL DARIO DIREDA be retained in the office of Judge of the District Court of the Second Judicial District?,,,YES,195
Morgan,13-2-MC,Shall MICHAEL DARIO DIREDA be retained in the office of Judge of the District Court of the Second Judicial District?,,,YES,329
Morgan,14-2,Shall MICHAEL DARIO DIREDA be retained in the office of Judge of the District Court of the Second Judicial District?,,,YES,0
Morgan,14-2-MC,Shall MICHAEL DARIO DIREDA be retained in the office of Judge of the District Court of the Second Judicial District?,,,YES,404
Morgan,15-3,Shall MICHAEL DARIO DIREDA be retained in the office of Judge of the District Court of the Second Judicial District?,,,YES,117
Morgan,15-3-MC,Shall MICHAEL DARIO DIREDA be retained in the office of Judge of the District Court of the Second Judicial District?,,,YES,202
Morgan,16-2,Shall MICHAEL DARIO DIREDA be retained in the office of Judge of the District Court of the Second Judicial District?,,,YES,70
Morgan,17-3-MC,Shall MICHAEL DARIO DIREDA be retained in the office of Judge of the District Court of the Second Judicial District?,,,YES,90
Morgan,1-1,Shall MICHAEL DARIO DIREDA be retained in the office of Judge of the District Court of the Second Judicial District?,,,YES,0
Morgan,1-1-S,Shall MICHAEL DARIO DIREDA be retained in the office of Judge of the District Court of the Second Judicial District?,,,YES,485
Morgan,2-1,Shall MICHAEL DARIO DIREDA be retained in the office of Judge of the District Court of the Second Judicial District?,,,YES,0
Morgan,2-1-S,Shall MICHAEL DARIO DIREDA be retained in the office of Judge of the District Court of the Second Judicial District?,,,YES,221
Morgan,3-1,Shall MICHAEL DARIO DIREDA be retained in the office of Judge of the District Court of the Second Judicial District?,,,YES,64
Morgan,3-1-S,Shall MICHAEL DARIO DIREDA be retained in the office of Judge of the District Court of the Second Judicial District?,,,YES,184
Morgan,4-1-S,Shall MICHAEL DARIO DIREDA be retained in the office of Judge of the District Court of the Second Judicial District?,,,YES,298
Morgan,5-1,Shall MICHAEL DARIO DIREDA be retained in the office of Judge of the District Court of the Second Judicial District?,,,YES,17
Morgan,5-1-S,Shall MICHAEL DARIO DIREDA be retained in the office of Judge of the District Court of the Second Judicial District?,,,YES,299
Morgan,6-3,Shall MICHAEL DARIO DIREDA be retained in the office of Judge of the District Court of the Second Judicial District?,,,YES,200
Morgan,7-3,Shall MICHAEL DARIO DIREDA be retained in the office of Judge of the District Court of the Second Judicial District?,,,YES,233
Morgan,8-3,Shall MICHAEL DARIO DIREDA be retained in the office of Judge of the District Court of the Second Judicial District?,,,YES,282
Morgan,9-3,Shall MICHAEL DARIO DIREDA be retained in the office of Judge of the District Court of the Second Judicial District?,,,YES,143
Morgan,10-3,Shall MICHAEL DARIO DIREDA be retained in the office of Judge of the District Court of the Second Judicial District?,,,NO,55
Morgan,11-2,Shall MICHAEL DARIO DIREDA be retained in the office of Judge of the District Court of the Second Judicial District?,,,NO,11
Morgan,11-2-MC,Shall MICHAEL DARIO DIREDA be retained in the office of Judge of the District Court of the Second Judicial District?,,,NO,83
Morgan,12-2-MC,Shall MICHAEL DARIO DIREDA be retained in the office of Judge of the District Court of the Second Judicial District?,,,NO,45
Morgan,13-2-MC,Shall MICHAEL DARIO DIREDA be retained in the office of Judge of the District Court of the Second Judicial District?,,,NO,47
Morgan,14-2,Shall MICHAEL DARIO DIREDA be retained in the office of Judge of the District Court of the Second Judicial District?,,,NO,0
Morgan,14-2-MC,Shall MICHAEL DARIO DIREDA be retained in the office of Judge of the District Court of the Second Judicial District?,,,NO,96
Morgan,15-3,Shall MICHAEL DARIO DIREDA be retained in the office of Judge of the District Court of the Second Judicial District?,,,NO,34
Morgan,15-3-MC,Shall MICHAEL DARIO DIREDA be retained in the office of Judge of the District Court of the Second Judicial District?,,,NO,60
Morgan,16-2,Shall MICHAEL DARIO DIREDA be retained in the office of Judge of the District Court of the Second Judicial District?,,,NO,22
Morgan,17-3-MC,Shall MICHAEL DARIO DIREDA be retained in the office of Judge of the District Court of the Second Judicial District?,,,NO,21
Morgan,1-1,Shall MICHAEL DARIO DIREDA be retained in the office of Judge of the District Court of the Second Judicial District?,,,NO,0
Morgan,1-1-S,Shall MICHAEL DARIO DIREDA be retained in the office of Judge of the District Court of the Second Judicial District?,,,NO,133
Morgan,2-1,Shall MICHAEL DARIO DIREDA be retained in the office of Judge of the District Court of the Second Judicial District?,,,NO,0
Morgan,2-1-S,Shall MICHAEL DARIO DIREDA be retained in the office of Judge of the District Court of the Second Judicial District?,,,NO,56
Morgan,3-1,Shall MICHAEL DARIO DIREDA be retained in the office of Judge of the District Court of the Second Judicial District?,,,NO,29
Morgan,3-1-S,Shall MICHAEL DARIO DIREDA be retained in the office of Judge of the District Court of the Second Judicial District?,,,NO,62
Morgan,4-1-S,Shall MICHAEL DARIO DIREDA be retained in the office of Judge of the District Court of the Second Judicial District?,,,NO,69
Morgan,5-1,Shall MICHAEL DARIO DIREDA be retained in the office of Judge of the District Court of the Second Judicial District?,,,NO,15
Morgan,5-1-S,Shall MICHAEL DARIO DIREDA be retained in the office of Judge of the District Court of the Second Judicial District?,,,NO,57
Morgan,6-3,Shall MICHAEL DARIO DIREDA be retained in the office of Judge of the District Court of the Second Judicial District?,,,NO,78
Morgan,7-3,Shall MICHAEL DARIO DIREDA be retained in the office of Judge of the District Court of the Second Judicial District?,,,NO,84
Morgan,8-3,Shall MICHAEL DARIO DIREDA be retained in the office of Judge of the District Court of the Second Judicial District?,,,NO,81
Morgan,9-3,Shall MICHAEL DARIO DIREDA be retained in the office of Judge of the District Court of the Second Judicial District?,,,NO,41
Morgan,10-3,Shall RONALD G. RUSSELL be retained in the office of Judge of the District Court of the Second Judicial District?,,,YES,283
Morgan,11-2,Shall RONALD G. RUSSELL be retained in the office of Judge of the District Court of the Second Judicial District?,,,YES,26
Morgan,11-2-MC,Shall RONALD G. RUSSELL be retained in the office of Judge of the District Court of the Second Judicial District?,,,YES,347
Morgan,12-2-MC,Shall RONALD G. RUSSELL be retained in the office of Judge of the District Court of the Second Judicial District?,,,YES,201
Morgan,13-2-MC,Shall RONALD G. RUSSELL be retained in the office of Judge of the District Court of the Second Judicial District?,,,YES,321
Morgan,14-2,Shall RONALD G. RUSSELL be retained in the office of Judge of the District Court of the Second Judicial District?,,,YES,0
Morgan,14-2-MC,Shall RONALD G. RUSSELL be retained in the office of Judge of the District Court of the Second Judicial District?,,,YES,410
Morgan,15-3,Shall RONALD G. RUSSELL be retained in the office of Judge of the District Court of the Second Judicial District?,,,YES,120
Morgan,15-3-MC,Shall RONALD G. RUSSELL be retained in the office of Judge of the District Court of the Second Judicial District?,,,YES,203
Morgan,16-2,Shall RONALD G. RUSSELL be retained in the office of Judge of the District Court of the Second Judicial District?,,,YES,67
Morgan,17-3-MC,Shall RONALD G. RUSSELL be retained in the office of Judge of the District Court of the Second Judicial District?,,,YES,90
Morgan,1-1,Shall RONALD G. RUSSELL be retained in the office of Judge of the District Court of the Second Judicial District?,,,YES,0
Morgan,1-1-S,Shall RONALD G. RUSSELL be retained in the office of Judge of the District Court of the Second Judicial District?,,,YES,486
Morgan,2-1,Shall RONALD G. RUSSELL be retained in the office of Judge of the District Court of the Second Judicial District?,,,YES,0
Morgan,2-1-S,Shall RONALD G. RUSSELL be retained in the office of Judge of the District Court of the Second Judicial District?,,,YES,222
Morgan,3-1,Shall RONALD G. RUSSELL be retained in the office of Judge of the District Court of the Second Judicial District?,,,YES,63
Morgan,3-1-S,Shall RONALD G. RUSSELL be retained in the office of Judge of the District Court of the Second Judicial District?,,,YES,188
Morgan,4-1-S,Shall RONALD G. RUSSELL be retained in the office of Judge of the District Court of the Second Judicial District?,,,YES,302
Morgan,5-1,Shall RONALD G. RUSSELL be retained in the office of Judge of the District Court of the Second Judicial District?,,,YES,19
Morgan,5-1-S,Shall RONALD G. RUSSELL be retained in the office of Judge of the District Court of the Second Judicial District?,,,YES,302
Morgan,6-3,Shall RONALD G. RUSSELL be retained in the office of Judge of the District Court of the Second Judicial District?,,,YES,213
Morgan,7-3,Shall RONALD G. RUSSELL be retained in the office of Judge of the District Court of the Second Judicial District?,,,YES,242
Morgan,8-3,Shall RONALD G. RUSSELL be retained in the office of Judge of the District Court of the Second Judicial District?,,,YES,283
Morgan,9-3,Shall RONALD G. RUSSELL be retained in the office of Judge of the District Court of the Second Judicial District?,,,YES,144
Morgan,10-3,Shall RONALD G. RUSSELL be retained in the office of Judge of the District Court of the Second Judicial District?,,,NO,54
Morgan,11-2,Shall RONALD G. RUSSELL be retained in the office of Judge of the District Court of the Second Judicial District?,,,NO,11
Morgan,11-2-MC,Shall RONALD G. RUSSELL be retained in the office of Judge of the District Court of the Second Judicial District?,,,NO,77
Morgan,12-2-MC,Shall RONALD G. RUSSELL be retained in the office of Judge of the District Court of the Second Judicial District?,,,NO,39
Morgan,13-2-MC,Shall RONALD G. RUSSELL be retained in the office of Judge of the District Court of the Second Judicial District?,,,NO,52
Morgan,14-2,Shall RONALD G. RUSSELL be retained in the office of Judge of the District Court of the Second Judicial District?,,,NO,0
Morgan,14-2-MC,Shall RONALD G. RUSSELL be retained in the office of Judge of the District Court of the Second Judicial District?,,,NO,85
Morgan,15-3,Shall RONALD G. RUSSELL be retained in the office of Judge of the District Court of the Second Judicial District?,,,NO,31
Morgan,15-3-MC,Shall RONALD G. RUSSELL be retained in the office of Judge of the District Court of the Second Judicial District?,,,NO,61
Morgan,16-2,Shall RONALD G. RUSSELL be retained in the office of Judge of the District Court of the Second Judicial District?,,,NO,25
Morgan,17-3-MC,Shall RONALD G. RUSSELL be retained in the office of Judge of the District Court of the Second Judicial District?,,,NO,21
Morgan,1-1,Shall RONALD G. RUSSELL be retained in the office of Judge of the District Court of the Second Judicial District?,,,NO,0
Morgan,1-1-S,Shall RONALD G. RUSSELL be retained in the office of Judge of the District Court of the Second Judicial District?,,,NO,130
Morgan,2-1,Shall RONALD G. RUSSELL be retained in the office of Judge of the District Court of the Second Judicial District?,,,NO,0
Morgan,2-1-S,Shall RONALD G. RUSSELL be retained in the office of Judge of the District Court of the Second Judicial District?,,,NO,53
Morgan,3-1,Shall RONALD G. RUSSELL be retained in the office of Judge of the District Court of the Second Judicial District?,,,NO,31
Morgan,3-1-S,Shall RONALD G. RUSSELL be retained in the office of Judge of the District Court of the Second Judicial District?,,,NO,59
Morgan,4-1-S,Shall RONALD G. RUSSELL be retained in the office of Judge of the District Court of the Second Judicial District?,,,NO,63
Morgan,5-1,Shall RONALD G. RUSSELL be retained in the office of Judge of the District Court of the Second Judicial District?,,,NO,13
Morgan,5-1-S,Shall RONALD G. RUSSELL be retained in the office of Judge of the District Court of the Second Judicial District?,,,NO,55
Morgan,6-3,Shall RONALD G. RUSSELL be retained in the office of Judge of the District Court of the Second Judicial District?,,,NO,66
Morgan,7-3,Shall RONALD G. RUSSELL be retained in the office of Judge of the District Court of the Second Judicial District?,,,NO,74
Morgan,8-3,Shall RONALD G. RUSSELL be retained in the office of Judge of the District Court of the Second Judicial District?,,,NO,80
Morgan,9-3,Shall RONALD G. RUSSELL be retained in the office of Judge of the District Court of the Second Judicial District?,,,NO,38
Morgan,10-3,Shall TASHA WILLIAMS be retained in the office of Judge of the Juvenile District Court of the Second Judicial District?,,,YES,278
Morgan,11-2,Shall TASHA WILLIAMS be retained in the office of Judge of the Juvenile District Court of the Second Judicial District?,,,YES,24
Morgan,11-2-MC,Shall TASHA WILLIAMS be retained in the office of Judge of the Juvenile District Court of the Second Judicial District?,,,YES,349
Morgan,12-2-MC,Shall TASHA WILLIAMS be retained in the office of Judge of the Juvenile District Court of the Second Judicial District?,,,YES,201
Morgan,13-2-MC,Shall TASHA WILLIAMS be retained in the office of Judge of the Juvenile District Court of the Second Judicial District?,,,YES,325
Morgan,14-2,Shall TASHA WILLIAMS be retained in the office of Judge of the Juvenile District Court of the Second Judicial District?,,,YES,0
Morgan,14-2-MC,Shall TASHA WILLIAMS be retained in the office of Judge of the Juvenile District Court of the Second Judicial District?,,,YES,406
Morgan,15-3,Shall TASHA WILLIAMS be retained in the office of Judge of the Juvenile District Court of the Second Judicial District?,,,YES,116
Morgan,15-3-MC,Shall TASHA WILLIAMS be retained in the office of Judge of the Juvenile District Court of the Second Judicial District?,,,YES,209
Morgan,16-2,Shall TASHA WILLIAMS be retained in the office of Judge of the Juvenile District Court of the Second Judicial District?,,,YES,73
Morgan,17-3-MC,Shall TASHA WILLIAMS be retained in the office of Judge of the Juvenile District Court of the Second Judicial District?,,,YES,94
Morgan,1-1,Shall TASHA WILLIAMS be retained in the office of Judge of the Juvenile District Court of the Second Judicial District?,,,YES,0
Morgan,1-1-S,Shall TASHA WILLIAMS be retained in the office of Judge of the Juvenile District Court of the Second Judicial District?,,,YES,487
Morgan,2-1,Shall TASHA WILLIAMS be retained in the office of Judge of the Juvenile District Court of the Second Judicial District?,,,YES,0
Morgan,2-1-S,Shall TASHA WILLIAMS be retained in the office of Judge of the Juvenile District Court of the Second Judicial District?,,,YES,225
Morgan,3-1,Shall TASHA WILLIAMS be retained in the office of Judge of the Juvenile District Court of the Second Judicial District?,,,YES,62
Morgan,3-1-S,Shall TASHA WILLIAMS be retained in the office of Judge of the Juvenile District Court of the Second Judicial District?,,,YES,189
Morgan,4-1-S,Shall TASHA WILLIAMS be retained in the office of Judge of the Juvenile District Court of the Second Judicial District?,,,YES,309
Morgan,5-1,Shall TASHA WILLIAMS be retained in the office of Judge of the Juvenile District Court of the Second Judicial District?,,,YES,20
Morgan,5-1-S,Shall TASHA WILLIAMS be retained in the office of Judge of the Juvenile District Court of the Second Judicial District?,,,YES,294
Morgan,6-3,Shall TASHA WILLIAMS be retained in the office of Judge of the Juvenile District Court of the Second Judicial District?,,,YES,207
Morgan,7-3,Shall TASHA WILLIAMS be retained in the office of Judge of the Juvenile District Court of the Second Judicial District?,,,YES,234
Morgan,8-3,Shall TASHA WILLIAMS be retained in the office of Judge of the Juvenile District Court of the Second Judicial District?,,,YES,276
Morgan,9-3,Shall TASHA WILLIAMS be retained in the office of Judge of the Juvenile District Court of the Second Judicial District?,,,YES,144
Morgan,10-3,Shall TASHA WILLIAMS be retained in the office of Judge of the Juvenile District Court of the Second Judicial District?,,,NO,58
Morgan,11-2,Shall TASHA WILLIAMS be retained in the office of Judge of the Juvenile District Court of the Second Judicial District?,,,NO,13
Morgan,11-2-MC,Shall TASHA WILLIAMS be retained in the office of Judge of the Juvenile District Court of the Second Judicial District?,,,NO,76
Morgan,12-2-MC,Shall TASHA WILLIAMS be retained in the office of Judge of the Juvenile District Court of the Second Judicial District?,,,NO,42
Morgan,13-2-MC,Shall TASHA WILLIAMS be retained in the office of Judge of the Juvenile District Court of the Second Judicial District?,,,NO,52
Morgan,14-2,Shall TASHA WILLIAMS be retained in the office of Judge of the Juvenile District Court of the Second Judicial District?,,,NO,0
Morgan,14-2-MC,Shall TASHA WILLIAMS be retained in the office of Judge of the Juvenile District Court of the Second Judicial District?,,,NO,89
Morgan,15-3,Shall TASHA WILLIAMS be retained in the office of Judge of the Juvenile District Court of the Second Judicial District?,,,NO,37
Morgan,15-3-MC,Shall TASHA WILLIAMS be retained in the office of Judge of the Juvenile District Court of the Second Judicial District?,,,NO,56
Morgan,16-2,Shall TASHA WILLIAMS be retained in the office of Judge of the Juvenile District Court of the Second Judicial District?,,,NO,21
Morgan,17-3-MC,Shall TASHA WILLIAMS be retained in the office of Judge of the Juvenile District Court of the Second Judicial District?,,,NO,20
Morgan,1-1,Shall TASHA WILLIAMS be retained in the office of Judge of the Juvenile District Court of the Second Judicial District?,,,NO,0
Morgan,1-1-S,Shall TASHA WILLIAMS be retained in the office of Judge of the Juvenile District Court of the Second Judicial District?,,,NO,131
Morgan,2-1,Shall TASHA WILLIAMS be retained in the office of Judge of the Juvenile District Court of the Second Judicial District?,,,NO,0
Morgan,2-1-S,Shall TASHA WILLIAMS be retained in the office of Judge of the Juvenile District Court of the Second Judicial District?,,,NO,49
Morgan,3-1,Shall TASHA WILLIAMS be retained in the office of Judge of the Juvenile District Court of the Second Judicial District?,,,NO,32
Morgan,3-1-S,Shall TASHA WILLIAMS be retained in the office of Judge of the Juvenile District Court of the Second Judicial District?,,,NO,56
Morgan,4-1-S,Shall TASHA WILLIAMS be retained in the office of Judge of the Juvenile District Court of the Second Judicial District?,,,NO,55
Morgan,5-1,Shall TASHA WILLIAMS be retained in the office of Judge of the Juvenile District Court of the Second Judicial District?,,,NO,13
Morgan,5-1-S,Shall TASHA WILLIAMS be retained in the office of Judge of the Juvenile District Court of the Second Judicial District?,,,NO,62
Morgan,6-3,Shall TASHA WILLIAMS be retained in the office of Judge of the Juvenile District Court of the Second Judicial District?,,,NO,71
Morgan,7-3,Shall TASHA WILLIAMS be retained in the office of Judge of the Juvenile District Court of the Second Judicial District?,,,NO,80
Morgan,8-3,Shall TASHA WILLIAMS be retained in the office of Judge of the Juvenile District Court of the Second Judicial District?,,,NO,85
Morgan,9-3,Shall TASHA WILLIAMS be retained in the office of Judge of the Juvenile District Court of the Second Judicial District?,,,NO,39
Morgan,10-3,Constitutional Amendment B,,,FOR,229
Morgan,11-2,Constitutional Amendment B,,,FOR,22
Morgan,11-2-MC,Constitutional Amendment B,,,FOR,311
Morgan,12-2-MC,Constitutional Amendment B,,,FOR,179
Morgan,13-2-MC,Constitutional Amendment B,,,FOR,289
Morgan,14-2,Constitutional Amendment B,,,FOR,0
Morgan,14-2-MC,Constitutional Amendment B,,,FOR,397
Morgan,15-3,Constitutional Amendment B,,,FOR,109
Morgan,15-3-MC,Constitutional Amendment B,,,FOR,212
Morgan,16-2,Constitutional Amendment B,,,FOR,62
Morgan,17-3-MC,Constitutional Amendment B,,,FOR,89
Morgan,1-1,Constitutional Amendment B,,,FOR,0
Morgan,1-1-S,Constitutional Amendment B,,,FOR,527
Morgan,2-1,Constitutional Amendment B,,,FOR,0
Morgan,2-1-S,Constitutional Amendment B,,,FOR,252
Morgan,3-1,Constitutional Amendment B,,,FOR,60
Morgan,3-1-S,Constitutional Amendment B,,,FOR,187
Morgan,4-1-S,Constitutional Amendment B,,,FOR,301
Morgan,5-1,Constitutional Amendment B,,,FOR,26
Morgan,5-1-S,Constitutional Amendment B,,,FOR,341
Morgan,6-3,Constitutional Amendment B,,,FOR,196
Morgan,7-3,Constitutional Amendment B,,,FOR,230
Morgan,8-3,Constitutional Amendment B,,,FOR,225
Morgan,9-3,Constitutional Amendment B,,,FOR,116
Morgan,10-3,Constitutional Amendment B,,,AGAINST,157
Morgan,11-2,Constitutional Amendment B,,,AGAINST,22
Morgan,11-2-MC,Constitutional Amendment B,,,AGAINST,155
Morgan,12-2-MC,Constitutional Amendment B,,,AGAINST,101
Morgan,13-2-MC,Constitutional Amendment B,,,AGAINST,123
Morgan,14-2,Constitutional Amendment B,,,AGAINST,0
Morgan,14-2-MC,Constitutional Amendment B,,,AGAINST,163
Morgan,15-3,Constitutional Amendment B,,,AGAINST,68
Morgan,15-3-MC,Constitutional Amendment B,,,AGAINST,100
Morgan,16-2,Constitutional Amendment B,,,AGAINST,44
Morgan,17-3-MC,Constitutional Amendment B,,,AGAINST,47
Morgan,1-1,Constitutional Amendment B,,,AGAINST,0
Morgan,1-1-S,Constitutional Amendment B,,,AGAINST,205
Morgan,2-1,Constitutional Amendment B,,,AGAINST,0
Morgan,2-1-S,Constitutional Amendment B,,,AGAINST,89
Morgan,3-1,Constitutional Amendment B,,,AGAINST,48
Morgan,3-1-S,Constitutional Amendment B,,,AGAINST,98
Morgan,4-1-S,Constitutional Amendment B,,,AGAINST,123
Morgan,5-1,Constitutional Amendment B,,,AGAINST,12
Morgan,5-1-S,Constitutional Amendment B,,,AGAINST,92
Morgan,6-3,Constitutional Amendment B,,,AGAINST,118
Morgan,7-3,Constitutional Amendment B,,,AGAINST,132
Morgan,8-3,Constitutional Amendment B,,,AGAINST,178
Morgan,9-3,Constitutional Amendment B,,,AGAINST,85
Morgan,10-3,Constitutional Amendment C,,,FOR,357
Morgan,11-2,Constitutional Amendment C,,,FOR,35
Morgan,11-2-MC,Constitutional Amendment C,,,FOR,432
Morgan,12-2-MC,Constitutional Amendment C,,,FOR,256
Morgan,13-2-MC,Constitutional Amendment C,,,FOR,362
Morgan,14-2,Constitutional Amendment C,,,FOR,0
Morgan,14-2-MC,Constitutional Amendment C,,,FOR,518
Morgan,15-3,Constitutional Amendment C,,,FOR,158
Morgan,15-3-MC,Constitutional Amendment C,,,FOR,291
Morgan,16-2,Constitutional Amendment C,,,FOR,87
Morgan,17-3-MC,Constitutional Amendment C,,,FOR,117
Morgan,1-1,Constitutional Amendment C,,,FOR,0
Morgan,1-1-S,Constitutional Amendment C,,,FOR,619
Morgan,2-1,Constitutional Amendment C,,,FOR,0
Morgan,2-1-S,Constitutional Amendment C,,,FOR,306
Morgan,3-1,Constitutional Amendment C,,,FOR,87
Morgan,3-1-S,Constitutional Amendment C,,,FOR,250
Morgan,4-1-S,Constitutional Amendment C,,,FOR,357
Morgan,5-1,Constitutional Amendment C,,,FOR,34
Morgan,5-1-S,Constitutional Amendment C,,,FOR,388
Morgan,6-3,Constitutional Amendment C,,,FOR,274
Morgan,7-3,Constitutional Amendment C,,,FOR,332
Morgan,8-3,Constitutional Amendment C,,,FOR,367
Morgan,9-3,Constitutional Amendment C,,,FOR,175
Morgan,10-3,Constitutional Amendment C,,,AGAINST,38
Morgan,11-2,Constitutional Amendment C,,,AGAINST,10
Morgan,11-2-MC,Constitutional Amendment C,,,AGAINST,43
Morgan,12-2-MC,Constitutional Amendment C,,,AGAINST,29
Morgan,13-2-MC,Constitutional Amendment C,,,AGAINST,50
Morgan,14-2,Constitutional Amendment C,,,AGAINST,0
Morgan,14-2-MC,Constitutional Amendment C,,,AGAINST,46
Morgan,15-3,Constitutional Amendment C,,,AGAINST,20
Morgan,15-3-MC,Constitutional Amendment C,,,AGAINST,27
Morgan,16-2,Constitutional Amendment C,,,AGAINST,20
Morgan,17-3-MC,Constitutional Amendment C,,,AGAINST,15
Morgan,1-1,Constitutional Amendment C,,,AGAINST,0
Morgan,1-1-S,Constitutional Amendment C,,,AGAINST,117
Morgan,2-1,Constitutional Amendment C,,,AGAINST,0
Morgan,2-1-S,Constitutional Amendment C,,,AGAINST,38
Morgan,3-1,Constitutional Amendment C,,,AGAINST,23
Morgan,3-1-S,Constitutional Amendment C,,,AGAINST,35
Morgan,4-1-S,Constitutional Amendment C,,,AGAINST,65
Morgan,5-1,Constitutional Amendment C,,,AGAINST,6
Morgan,5-1-S,Constitutional Amendment C,,,AGAINST,54
Morgan,6-3,Constitutional Amendment C,,,AGAINST,37
Morgan,7-3,Constitutional Amendment C,,,AGAINST,37
Morgan,8-3,Constitutional Amendment C,,,AGAINST,44
Morgan,9-3,Constitutional Amendment C,,,AGAINST,30
