county,precinct,office,district,party,candidate,votes
Duchesne,AB11,President,,,CORNEL RONALD WEST / MELINA ABDULLAH,0
Duchesne,AB11:CWNR,President,,,CORNEL RONALD WEST / MELINA ABDULLAH,0
Duchesne,AB11:CWUR,President,,,CORNEL RONALD WEST / MELINA ABDULLAH,0
Duchesne,AB11:UR,President,,,CORNEL RONALD WEST / MELINA ABDULLAH,0
Duchesne,AB11:UWUR,President,,,CORNEL RONALD WEST / MELINA ABDULLAH,0
Duchesne,AL12:UR,President,,,CORNEL RONALD WEST / MELINA ABDULLAH,0
Duchesne,AM11,President,,,CORNEL RONALD WEST / MELINA ABDULLAH,0
Duchesne,AM11:DW,President,,,CORNEL RONALD WEST / MELINA ABDULLAH,0
Duchesne,AM11:DWUR,President,,,CORNEL RONALD WEST / MELINA ABDULLAH,0
Duchesne,AM11:GR,President,,,CORNEL RONALD WEST / MELINA ABDULLAH,0
Duchesne,AM11:JW1,President,,,CORNEL RONALD WEST / MELINA ABDULLAH,0
Duchesne,AM11:JW3,President,,,CORNEL RONALD WEST / MELINA ABDULLAH,0
Duchesne,AM11:JW4,President,,,CORNEL RONALD WEST / MELINA ABDULLAH,0
Duchesne,AR11:CWUR,President,,,CORNEL RONALD WEST / MELINA ABDULLAH,0
Duchesne,AR11:DWGR,President,,,CORNEL RONALD WEST / MELINA ABDULLAH,0
Duchesne,AR11:DWUR,President,,,CORNEL RONALD WEST / MELINA ABDULLAH,0
Duchesne,AR11:GR,President,,,CORNEL RONALD WEST / MELINA ABDULLAH,0
Duchesne,AR11:J1UR,President,,,CORNEL RONALD WEST / MELINA ABDULLAH,2
Duchesne,AR11:UR,President,,,CORNEL RONALD WEST / MELINA ABDULLAH,0
Duchesne,AR11:UWUR,President,,,CORNEL RONALD WEST / MELINA ABDULLAH,0
Duchesne,DU11,President,,,CORNEL RONALD WEST / MELINA ABDULLAH,0
Duchesne,DU11:DW,President,,,CORNEL RONALD WEST / MELINA ABDULLAH,0
Duchesne,DU11:DWGR,President,,,CORNEL RONALD WEST / MELINA ABDULLAH,0
Duchesne,DU11:GR,President,,,CORNEL RONALD WEST / MELINA ABDULLAH,1
Duchesne,DU11:PWGR,President,,,CORNEL RONALD WEST / MELINA ABDULLAH,0
Duchesne,DU11:PWTR,President,,,CORNEL RONALD WEST / MELINA ABDULLAH,0
Duchesne,DU11:TR,President,,,CORNEL RONALD WEST / MELINA ABDULLAH,0
Duchesne,DU12:DWGR,President,,,CORNEL RONALD WEST / MELINA ABDULLAH,0
Duchesne,DU12:GR,President,,,CORNEL RONALD WEST / MELINA ABDULLAH,0
Duchesne,FR11:FWGR,President,,,CORNEL RONALD WEST / MELINA ABDULLAH,0
Duchesne,FR11:GR,President,,,CORNEL RONALD WEST / MELINA ABDULLAH,0
Duchesne,FR11:HWTR,President,,,CORNEL RONALD WEST / MELINA ABDULLAH,0
Duchesne,FR11:PWGR,President,,,CORNEL RONALD WEST / MELINA ABDULLAH,0
Duchesne,FR11:PWTR,President,,,CORNEL RONALD WEST / MELINA ABDULLAH,0
Duchesne,FR11:TR,President,,,CORNEL RONALD WEST / MELINA ABDULLAH,0
Duchesne,MH11,President,,,CORNEL RONALD WEST / MELINA ABDULLAH,0
Duchesne,MH11:DWGR,President,,,CORNEL RONALD WEST / MELINA ABDULLAH,0
Duchesne,MH11:GR,President,,,CORNEL RONALD WEST / MELINA ABDULLAH,0
Duchesne,MH11:TR,President,,,CORNEL RONALD WEST / MELINA ABDULLAH,0
Duchesne,MH11:UR,President,,,CORNEL RONALD WEST / MELINA ABDULLAH,0
Duchesne,MH11:UWUR,President,,,CORNEL RONALD WEST / MELINA ABDULLAH,0
Duchesne,MY12,President,,,CORNEL RONALD WEST / MELINA ABDULLAH,0
Duchesne,MY12:JW1,President,,,CORNEL RONALD WEST / MELINA ABDULLAH,0
Duchesne,MY12:JW4,President,,,CORNEL RONALD WEST / MELINA ABDULLAH,0
Duchesne,NE11,President,,,CORNEL RONALD WEST / MELINA ABDULLAH,0
Duchesne,NE11:CW,President,,,CORNEL RONALD WEST / MELINA ABDULLAH,0
Duchesne,NE11:CWNR,President,,,CORNEL RONALD WEST / MELINA ABDULLAH,1
Duchesne,NE11:NR,President,,,CORNEL RONALD WEST / MELINA ABDULLAH,0
Duchesne,NE11:NW,President,,,CORNEL RONALD WEST / MELINA ABDULLAH,0
Duchesne,NE11:NWNR,President,,,CORNEL RONALD WEST / MELINA ABDULLAH,0
Duchesne,NE11:UR,President,,,CORNEL RONALD WEST / MELINA ABDULLAH,0
Duchesne,RO11:S3J2,President,,,CORNEL RONALD WEST / MELINA ABDULLAH,0
Duchesne,RO11:SBD2,President,,,CORNEL RONALD WEST / MELINA ABDULLAH,0
Duchesne,RO11:SBD3,President,,,CORNEL RONALD WEST / MELINA ABDULLAH,0
Duchesne,RO12,President,,,CORNEL RONALD WEST / MELINA ABDULLAH,0
Duchesne,RO12:JW2,President,,,CORNEL RONALD WEST / MELINA ABDULLAH,0
Duchesne,RO21,President,,,CORNEL RONALD WEST / MELINA ABDULLAH,0
Duchesne,RO21:CW,President,,,CORNEL RONALD WEST / MELINA ABDULLAH,0
Duchesne,RO22,President,,,CORNEL RONALD WEST / MELINA ABDULLAH,1
Duchesne,RO31,President,,,CORNEL RONALD WEST / MELINA ABDULLAH,0
Duchesne,RO32,President,,,CORNEL RONALD WEST / MELINA ABDULLAH,0
Duchesne,RO32:JW1,President,,,CORNEL RONALD WEST / MELINA ABDULLAH,0
Duchesne,RO32:JW2,President,,,CORNEL RONALD WEST / MELINA ABDULLAH,0
Duchesne,RO41,President,,,CORNEL RONALD WEST / MELINA ABDULLAH,0
Duchesne,RO41:CW,President,,,CORNEL RONALD WEST / MELINA ABDULLAH,0
Duchesne,RO42,President,,,CORNEL RONALD WEST / MELINA ABDULLAH,1
Duchesne,RO51,President,,,CORNEL RONALD WEST / MELINA ABDULLAH,0
Duchesne,RO51:CW,President,,,CORNEL RONALD WEST / MELINA ABDULLAH,0
Duchesne,RO51:DWUR,President,,,CORNEL RONALD WEST / MELINA ABDULLAH,0
Duchesne,RO51:J1UR,President,,,CORNEL RONALD WEST / MELINA ABDULLAH,0
Duchesne,RO51:JW1,President,,,CORNEL RONALD WEST / MELINA ABDULLAH,1
Duchesne,RO51:JW2,President,,,CORNEL RONALD WEST / MELINA ABDULLAH,0
Duchesne,RO51:JW3,President,,,CORNEL RONALD WEST / MELINA ABDULLAH,0
Duchesne,RO51:UR,President,,,CORNEL RONALD WEST / MELINA ABDULLAH,0
Duchesne,TA11,President,,,CORNEL RONALD WEST / MELINA ABDULLAH,0
Duchesne,TA11:FWTR,President,,,CORNEL RONALD WEST / MELINA ABDULLAH,0
Duchesne,TA11:HWTR,President,,,CORNEL RONALD WEST / MELINA ABDULLAH,0
Duchesne,TA11:PWTR,President,,,CORNEL RONALD WEST / MELINA ABDULLAH,0
Duchesne,TA11:TR,President,,,CORNEL RONALD WEST / MELINA ABDULLAH,0
Duchesne,TA12:TR,President,,,CORNEL RONALD WEST / MELINA ABDULLAH,0
Duchesne,Federal,President,,,CORNEL RONALD WEST / MELINA ABDULLAH,0
Duchesne,AB11,President,,,"LUCIFER ""JUSTIN CASE"" EVERYLOVE",0
Duchesne,AB11:CWNR,President,,,"LUCIFER ""JUSTIN CASE"" EVERYLOVE",0
Duchesne,AB11:CWUR,President,,,"LUCIFER ""JUSTIN CASE"" EVERYLOVE",0
Duchesne,AB11:UR,President,,,"LUCIFER ""JUSTIN CASE"" EVERYLOVE",0
Duchesne,AB11:UWUR,President,,,"LUCIFER ""JUSTIN CASE"" EVERYLOVE",0
Duchesne,AL12:UR,President,,,"LUCIFER ""JUSTIN CASE"" EVERYLOVE",0
Duchesne,AM11,President,,,"LUCIFER ""JUSTIN CASE"" EVERYLOVE",0
Duchesne,AM11:DW,President,,,"LUCIFER ""JUSTIN CASE"" EVERYLOVE",0
Duchesne,AM11:DWUR,President,,,"LUCIFER ""JUSTIN CASE"" EVERYLOVE",0
Duchesne,AM11:GR,President,,,"LUCIFER ""JUSTIN CASE"" EVERYLOVE",0
Duchesne,AM11:JW1,President,,,"LUCIFER ""JUSTIN CASE"" EVERYLOVE",0
Duchesne,AM11:JW3,President,,,"LUCIFER ""JUSTIN CASE"" EVERYLOVE",0
Duchesne,AM11:JW4,President,,,"LUCIFER ""JUSTIN CASE"" EVERYLOVE",0
Duchesne,AR11:CWUR,President,,,"LUCIFER ""JUSTIN CASE"" EVERYLOVE",0
Duchesne,AR11:DWGR,President,,,"LUCIFER ""JUSTIN CASE"" EVERYLOVE",0
Duchesne,AR11:DWUR,President,,,"LUCIFER ""JUSTIN CASE"" EVERYLOVE",0
Duchesne,AR11:GR,President,,,"LUCIFER ""JUSTIN CASE"" EVERYLOVE",0
Duchesne,AR11:J1UR,President,,,"LUCIFER ""JUSTIN CASE"" EVERYLOVE",0
Duchesne,AR11:UR,President,,,"LUCIFER ""JUSTIN CASE"" EVERYLOVE",0
Duchesne,AR11:UWUR,President,,,"LUCIFER ""JUSTIN CASE"" EVERYLOVE",0
Duchesne,DU11,President,,,"LUCIFER ""JUSTIN CASE"" EVERYLOVE",0
Duchesne,DU11:DW,President,,,"LUCIFER ""JUSTIN CASE"" EVERYLOVE",0
Duchesne,DU11:DWGR,President,,,"LUCIFER ""JUSTIN CASE"" EVERYLOVE",0
Duchesne,DU11:GR,President,,,"LUCIFER ""JUSTIN CASE"" EVERYLOVE",1
Duchesne,DU11:PWGR,President,,,"LUCIFER ""JUSTIN CASE"" EVERYLOVE",1
Duchesne,DU11:PWTR,President,,,"LUCIFER ""JUSTIN CASE"" EVERYLOVE",0
Duchesne,DU11:TR,President,,,"LUCIFER ""JUSTIN CASE"" EVERYLOVE",0
Duchesne,DU12:DWGR,President,,,"LUCIFER ""JUSTIN CASE"" EVERYLOVE",0
Duchesne,DU12:GR,President,,,"LUCIFER ""JUSTIN CASE"" EVERYLOVE",1
Duchesne,FR11:FWGR,President,,,"LUCIFER ""JUSTIN CASE"" EVERYLOVE",0
Duchesne,FR11:GR,President,,,"LUCIFER ""JUSTIN CASE"" EVERYLOVE",0
Duchesne,FR11:HWTR,President,,,"LUCIFER ""JUSTIN CASE"" EVERYLOVE",0
Duchesne,FR11:PWGR,President,,,"LUCIFER ""JUSTIN CASE"" EVERYLOVE",0
Duchesne,FR11:PWTR,President,,,"LUCIFER ""JUSTIN CASE"" EVERYLOVE",0
Duchesne,FR11:TR,President,,,"LUCIFER ""JUSTIN CASE"" EVERYLOVE",0
Duchesne,MH11,President,,,"LUCIFER ""JUSTIN CASE"" EVERYLOVE",0
Duchesne,MH11:DWGR,President,,,"LUCIFER ""JUSTIN CASE"" EVERYLOVE",1
Duchesne,MH11:GR,President,,,"LUCIFER ""JUSTIN CASE"" EVERYLOVE",0
Duchesne,MH11:TR,President,,,"LUCIFER ""JUSTIN CASE"" EVERYLOVE",0
Duchesne,MH11:UR,President,,,"LUCIFER ""JUSTIN CASE"" EVERYLOVE",0
Duchesne,MH11:UWUR,President,,,"LUCIFER ""JUSTIN CASE"" EVERYLOVE",0
Duchesne,MY12,President,,,"LUCIFER ""JUSTIN CASE"" EVERYLOVE",0
Duchesne,MY12:JW1,President,,,"LUCIFER ""JUSTIN CASE"" EVERYLOVE",0
Duchesne,MY12:JW4,President,,,"LUCIFER ""JUSTIN CASE"" EVERYLOVE",0
Duchesne,NE11,President,,,"LUCIFER ""JUSTIN CASE"" EVERYLOVE",0
Duchesne,NE11:CW,President,,,"LUCIFER ""JUSTIN CASE"" EVERYLOVE",0
Duchesne,NE11:CWNR,President,,,"LUCIFER ""JUSTIN CASE"" EVERYLOVE",1
Duchesne,NE11:NR,President,,,"LUCIFER ""JUSTIN CASE"" EVERYLOVE",0
Duchesne,NE11:NW,President,,,"LUCIFER ""JUSTIN CASE"" EVERYLOVE",0
Duchesne,NE11:NWNR,President,,,"LUCIFER ""JUSTIN CASE"" EVERYLOVE",0
Duchesne,NE11:UR,President,,,"LUCIFER ""JUSTIN CASE"" EVERYLOVE",0
Duchesne,RO11:S3J2,President,,,"LUCIFER ""JUSTIN CASE"" EVERYLOVE",0
Duchesne,RO11:SBD2,President,,,"LUCIFER ""JUSTIN CASE"" EVERYLOVE",0
Duchesne,RO11:SBD3,President,,,"LUCIFER ""JUSTIN CASE"" EVERYLOVE",0
Duchesne,RO12,President,,,"LUCIFER ""JUSTIN CASE"" EVERYLOVE",2
Duchesne,RO12:JW2,President,,,"LUCIFER ""JUSTIN CASE"" EVERYLOVE",0
Duchesne,RO21,President,,,"LUCIFER ""JUSTIN CASE"" EVERYLOVE",0
Duchesne,RO21:CW,President,,,"LUCIFER ""JUSTIN CASE"" EVERYLOVE",0
Duchesne,RO22,President,,,"LUCIFER ""JUSTIN CASE"" EVERYLOVE",1
Duchesne,RO31,President,,,"LUCIFER ""JUSTIN CASE"" EVERYLOVE",0
Duchesne,RO32,President,,,"LUCIFER ""JUSTIN CASE"" EVERYLOVE",0
Duchesne,RO32:JW1,President,,,"LUCIFER ""JUSTIN CASE"" EVERYLOVE",0
Duchesne,RO32:JW2,President,,,"LUCIFER ""JUSTIN CASE"" EVERYLOVE",0
Duchesne,RO41,President,,,"LUCIFER ""JUSTIN CASE"" EVERYLOVE",0
Duchesne,RO41:CW,President,,,"LUCIFER ""JUSTIN CASE"" EVERYLOVE",0
Duchesne,RO42,President,,,"LUCIFER ""JUSTIN CASE"" EVERYLOVE",0
Duchesne,RO51,President,,,"LUCIFER ""JUSTIN CASE"" EVERYLOVE",0
Duchesne,RO51:CW,President,,,"LUCIFER ""JUSTIN CASE"" EVERYLOVE",0
Duchesne,RO51:DWUR,President,,,"LUCIFER ""JUSTIN CASE"" EVERYLOVE",0
Duchesne,RO51:J1UR,President,,,"LUCIFER ""JUSTIN CASE"" EVERYLOVE",0
Duchesne,RO51:JW1,President,,,"LUCIFER ""JUSTIN CASE"" EVERYLOVE",0
Duchesne,RO51:JW2,President,,,"LUCIFER ""JUSTIN CASE"" EVERYLOVE",0
Duchesne,RO51:JW3,President,,,"LUCIFER ""JUSTIN CASE"" EVERYLOVE",0
Duchesne,RO51:UR,President,,,"LUCIFER ""JUSTIN CASE"" EVERYLOVE",0
Duchesne,TA11,President,,,"LUCIFER ""JUSTIN CASE"" EVERYLOVE",0
Duchesne,TA11:FWTR,President,,,"LUCIFER ""JUSTIN CASE"" EVERYLOVE",0
Duchesne,TA11:HWTR,President,,,"LUCIFER ""JUSTIN CASE"" EVERYLOVE",0
Duchesne,TA11:PWTR,President,,,"LUCIFER ""JUSTIN CASE"" EVERYLOVE",0
Duchesne,TA11:TR,President,,,"LUCIFER ""JUSTIN CASE"" EVERYLOVE",0
Duchesne,TA12:TR,President,,,"LUCIFER ""JUSTIN CASE"" EVERYLOVE",0
Duchesne,Federal,President,,,"LUCIFER ""JUSTIN CASE"" EVERYLOVE",0
Duchesne,AB11,President,,CON,JOEL SKOUSEN / RIK COMBS,0
Duchesne,AB11:CWNR,President,,CON,JOEL SKOUSEN / RIK COMBS,0
Duchesne,AB11:CWUR,President,,CON,JOEL SKOUSEN / RIK COMBS,0
Duchesne,AB11:UR,President,,CON,JOEL SKOUSEN / RIK COMBS,0
Duchesne,AB11:UWUR,President,,CON,JOEL SKOUSEN / RIK COMBS,1
Duchesne,AL12:UR,President,,CON,JOEL SKOUSEN / RIK COMBS,0
Duchesne,AM11,President,,CON,JOEL SKOUSEN / RIK COMBS,0
Duchesne,AM11:DW,President,,CON,JOEL SKOUSEN / RIK COMBS,0
Duchesne,AM11:DWUR,President,,CON,JOEL SKOUSEN / RIK COMBS,0
Duchesne,AM11:GR,President,,CON,JOEL SKOUSEN / RIK COMBS,0
Duchesne,AM11:JW1,President,,CON,JOEL SKOUSEN / RIK COMBS,1
Duchesne,AM11:JW3,President,,CON,JOEL SKOUSEN / RIK COMBS,0
Duchesne,AM11:JW4,President,,CON,JOEL SKOUSEN / RIK COMBS,1
Duchesne,AR11:CWUR,President,,CON,JOEL SKOUSEN / RIK COMBS,0
Duchesne,AR11:DWGR,President,,CON,JOEL SKOUSEN / RIK COMBS,1
Duchesne,AR11:DWUR,President,,CON,JOEL SKOUSEN / RIK COMBS,0
Duchesne,AR11:GR,President,,CON,JOEL SKOUSEN / RIK COMBS,0
Duchesne,AR11:J1UR,President,,CON,JOEL SKOUSEN / RIK COMBS,0
Duchesne,AR11:UR,President,,CON,JOEL SKOUSEN / RIK COMBS,0
Duchesne,AR11:UWUR,President,,CON,JOEL SKOUSEN / RIK COMBS,1
Duchesne,DU11,President,,CON,JOEL SKOUSEN / RIK COMBS,0
Duchesne,DU11:DW,President,,CON,JOEL SKOUSEN / RIK COMBS,0
Duchesne,DU11:DWGR,President,,CON,JOEL SKOUSEN / RIK COMBS,3
Duchesne,DU11:GR,President,,CON,JOEL SKOUSEN / RIK COMBS,0
Duchesne,DU11:PWGR,President,,CON,JOEL SKOUSEN / RIK COMBS,1
Duchesne,DU11:PWTR,President,,CON,JOEL SKOUSEN / RIK COMBS,0
Duchesne,DU11:TR,President,,CON,JOEL SKOUSEN / RIK COMBS,0
Duchesne,DU12:DWGR,President,,CON,JOEL SKOUSEN / RIK COMBS,0
Duchesne,DU12:GR,President,,CON,JOEL SKOUSEN / RIK COMBS,13
Duchesne,FR11:FWGR,President,,CON,JOEL SKOUSEN / RIK COMBS,0
Duchesne,FR11:GR,President,,CON,JOEL SKOUSEN / RIK COMBS,0
Duchesne,FR11:HWTR,President,,CON,JOEL SKOUSEN / RIK COMBS,0
Duchesne,FR11:PWGR,President,,CON,JOEL SKOUSEN / RIK COMBS,0
Duchesne,FR11:PWTR,President,,CON,JOEL SKOUSEN / RIK COMBS,0
Duchesne,FR11:TR,President,,CON,JOEL SKOUSEN / RIK COMBS,0
Duchesne,MH11,President,,CON,JOEL SKOUSEN / RIK COMBS,0
Duchesne,MH11:DWGR,President,,CON,JOEL SKOUSEN / RIK COMBS,0
Duchesne,MH11:GR,President,,CON,JOEL SKOUSEN / RIK COMBS,0
Duchesne,MH11:TR,President,,CON,JOEL SKOUSEN / RIK COMBS,0
Duchesne,MH11:UR,President,,CON,JOEL SKOUSEN / RIK COMBS,0
Duchesne,MH11:UWUR,President,,CON,JOEL SKOUSEN / RIK COMBS,2
Duchesne,MY12,President,,CON,JOEL SKOUSEN / RIK COMBS,1
Duchesne,MY12:JW1,President,,CON,JOEL SKOUSEN / RIK COMBS,0
Duchesne,MY12:JW4,President,,CON,JOEL SKOUSEN / RIK COMBS,0
Duchesne,NE11,President,,CON,JOEL SKOUSEN / RIK COMBS,0
Duchesne,NE11:CW,President,,CON,JOEL SKOUSEN / RIK COMBS,0
Duchesne,NE11:CWNR,President,,CON,JOEL SKOUSEN / RIK COMBS,1
Duchesne,NE11:NR,President,,CON,JOEL SKOUSEN / RIK COMBS,0
Duchesne,NE11:NW,President,,CON,JOEL SKOUSEN / RIK COMBS,0
Duchesne,NE11:NWNR,President,,CON,JOEL SKOUSEN / RIK COMBS,2
Duchesne,NE11:UR,President,,CON,JOEL SKOUSEN / RIK COMBS,0
Duchesne,RO11:S3J2,President,,CON,JOEL SKOUSEN / RIK COMBS,0
Duchesne,RO11:SBD2,President,,CON,JOEL SKOUSEN / RIK COMBS,1
Duchesne,RO11:SBD3,President,,CON,JOEL SKOUSEN / RIK COMBS,0
Duchesne,RO12,President,,CON,JOEL SKOUSEN / RIK COMBS,2
Duchesne,RO12:JW2,President,,CON,JOEL SKOUSEN / RIK COMBS,1
Duchesne,RO21,President,,CON,JOEL SKOUSEN / RIK COMBS,1
Duchesne,RO21:CW,President,,CON,JOEL SKOUSEN / RIK COMBS,0
Duchesne,RO22,President,,CON,JOEL SKOUSEN / RIK COMBS,6
Duchesne,RO31,President,,CON,JOEL SKOUSEN / RIK COMBS,0
Duchesne,RO32,President,,CON,JOEL SKOUSEN / RIK COMBS,7
Duchesne,RO32:JW1,President,,CON,JOEL SKOUSEN / RIK COMBS,0
Duchesne,RO32:JW2,President,,CON,JOEL SKOUSEN / RIK COMBS,0
Duchesne,RO41,President,,CON,JOEL SKOUSEN / RIK COMBS,2
Duchesne,RO41:CW,President,,CON,JOEL SKOUSEN / RIK COMBS,0
Duchesne,RO42,President,,CON,JOEL SKOUSEN / RIK COMBS,1
Duchesne,RO51,President,,CON,JOEL SKOUSEN / RIK COMBS,0
Duchesne,RO51:CW,President,,CON,JOEL SKOUSEN / RIK COMBS,0
Duchesne,RO51:DWUR,President,,CON,JOEL SKOUSEN / RIK COMBS,0
Duchesne,RO51:J1UR,President,,CON,JOEL SKOUSEN / RIK COMBS,0
Duchesne,RO51:JW1,President,,CON,JOEL SKOUSEN / RIK COMBS,0
Duchesne,RO51:JW2,President,,CON,JOEL SKOUSEN / RIK COMBS,2
Duchesne,RO51:JW3,President,,CON,JOEL SKOUSEN / RIK COMBS,1
Duchesne,RO51:UR,President,,CON,JOEL SKOUSEN / RIK COMBS,0
Duchesne,TA11,President,,CON,JOEL SKOUSEN / RIK COMBS,0
Duchesne,TA11:FWTR,President,,CON,JOEL SKOUSEN / RIK COMBS,0
Duchesne,TA11:HWTR,President,,CON,JOEL SKOUSEN / RIK COMBS,1
Duchesne,TA11:PWTR,President,,CON,JOEL SKOUSEN / RIK COMBS,0
Duchesne,TA11:TR,President,,CON,JOEL SKOUSEN / RIK COMBS,0
Duchesne,TA12:TR,President,,CON,JOEL SKOUSEN / RIK COMBS,0
Duchesne,Federal,President,,CON,JOEL SKOUSEN / RIK COMBS,0
Duchesne,AB11,President,,GRN,JILL STEIN / RUDOLPH WARE,0
Duchesne,AB11:CWNR,President,,GRN,JILL STEIN / RUDOLPH WARE,0
Duchesne,AB11:CWUR,President,,GRN,JILL STEIN / RUDOLPH WARE,0
Duchesne,AB11:UR,President,,GRN,JILL STEIN / RUDOLPH WARE,0
Duchesne,AB11:UWUR,President,,GRN,JILL STEIN / RUDOLPH WARE,0
Duchesne,AL12:UR,President,,GRN,JILL STEIN / RUDOLPH WARE,0
Duchesne,AM11,President,,GRN,JILL STEIN / RUDOLPH WARE,0
Duchesne,AM11:DW,President,,GRN,JILL STEIN / RUDOLPH WARE,0
Duchesne,AM11:DWUR,President,,GRN,JILL STEIN / RUDOLPH WARE,0
Duchesne,AM11:GR,President,,GRN,JILL STEIN / RUDOLPH WARE,0
Duchesne,AM11:JW1,President,,GRN,JILL STEIN / RUDOLPH WARE,0
Duchesne,AM11:JW3,President,,GRN,JILL STEIN / RUDOLPH WARE,0
Duchesne,AM11:JW4,President,,GRN,JILL STEIN / RUDOLPH WARE,0
Duchesne,AR11:CWUR,President,,GRN,JILL STEIN / RUDOLPH WARE,0
Duchesne,AR11:DWGR,President,,GRN,JILL STEIN / RUDOLPH WARE,0
Duchesne,AR11:DWUR,President,,GRN,JILL STEIN / RUDOLPH WARE,0
Duchesne,AR11:GR,President,,GRN,JILL STEIN / RUDOLPH WARE,0
Duchesne,AR11:J1UR,President,,GRN,JILL STEIN / RUDOLPH WARE,0
Duchesne,AR11:UR,President,,GRN,JILL STEIN / RUDOLPH WARE,0
Duchesne,AR11:UWUR,President,,GRN,JILL STEIN / RUDOLPH WARE,0
Duchesne,DU11,President,,GRN,JILL STEIN / RUDOLPH WARE,0
Duchesne,DU11:DW,President,,GRN,JILL STEIN / RUDOLPH WARE,0
Duchesne,DU11:DWGR,President,,GRN,JILL STEIN / RUDOLPH WARE,0
Duchesne,DU11:GR,President,,GRN,JILL STEIN / RUDOLPH WARE,0
Duchesne,DU11:PWGR,President,,GRN,JILL STEIN / RUDOLPH WARE,0
Duchesne,DU11:PWTR,President,,GRN,JILL STEIN / RUDOLPH WARE,0
Duchesne,DU11:TR,President,,GRN,JILL STEIN / RUDOLPH WARE,0
Duchesne,DU12:DWGR,President,,GRN,JILL STEIN / RUDOLPH WARE,0
Duchesne,DU12:GR,President,,GRN,JILL STEIN / RUDOLPH WARE,0
Duchesne,FR11:FWGR,President,,GRN,JILL STEIN / RUDOLPH WARE,0
Duchesne,FR11:GR,President,,GRN,JILL STEIN / RUDOLPH WARE,0
Duchesne,FR11:HWTR,President,,GRN,JILL STEIN / RUDOLPH WARE,0
Duchesne,FR11:PWGR,President,,GRN,JILL STEIN / RUDOLPH WARE,0
Duchesne,FR11:PWTR,President,,GRN,JILL STEIN / RUDOLPH WARE,0
Duchesne,FR11:TR,President,,GRN,JILL STEIN / RUDOLPH WARE,0
Duchesne,MH11,President,,GRN,JILL STEIN / RUDOLPH WARE,0
Duchesne,MH11:DWGR,President,,GRN,JILL STEIN / RUDOLPH WARE,1
Duchesne,MH11:GR,President,,GRN,JILL STEIN / RUDOLPH WARE,0
Duchesne,MH11:TR,President,,GRN,JILL STEIN / RUDOLPH WARE,0
Duchesne,MH11:UR,President,,GRN,JILL STEIN / RUDOLPH WARE,1
Duchesne,MH11:UWUR,President,,GRN,JILL STEIN / RUDOLPH WARE,1
Duchesne,MY12,President,,GRN,JILL STEIN / RUDOLPH WARE,1
Duchesne,MY12:JW1,President,,GRN,JILL STEIN / RUDOLPH WARE,0
Duchesne,MY12:JW4,President,,GRN,JILL STEIN / RUDOLPH WARE,0
Duchesne,NE11,President,,GRN,JILL STEIN / RUDOLPH WARE,0
Duchesne,NE11:CW,President,,GRN,JILL STEIN / RUDOLPH WARE,0
Duchesne,NE11:CWNR,President,,GRN,JILL STEIN / RUDOLPH WARE,4
Duchesne,NE11:NR,President,,GRN,JILL STEIN / RUDOLPH WARE,0
Duchesne,NE11:NW,President,,GRN,JILL STEIN / RUDOLPH WARE,0
Duchesne,NE11:NWNR,President,,GRN,JILL STEIN / RUDOLPH WARE,0
Duchesne,NE11:UR,President,,GRN,JILL STEIN / RUDOLPH WARE,0
Duchesne,RO11:S3J2,President,,GRN,JILL STEIN / RUDOLPH WARE,0
Duchesne,RO11:SBD2,President,,GRN,JILL STEIN / RUDOLPH WARE,0
Duchesne,RO11:SBD3,President,,GRN,JILL STEIN / RUDOLPH WARE,0
Duchesne,RO12,President,,GRN,JILL STEIN / RUDOLPH WARE,0
Duchesne,RO12:JW2,President,,GRN,JILL STEIN / RUDOLPH WARE,2
Duchesne,RO21,President,,GRN,JILL STEIN / RUDOLPH WARE,0
Duchesne,RO21:CW,President,,GRN,JILL STEIN / RUDOLPH WARE,0
Duchesne,RO22,President,,GRN,JILL STEIN / RUDOLPH WARE,4
Duchesne,RO31,President,,GRN,JILL STEIN / RUDOLPH WARE,1
Duchesne,RO32,President,,GRN,JILL STEIN / RUDOLPH WARE,0
Duchesne,RO32:JW1,President,,GRN,JILL STEIN / RUDOLPH WARE,0
Duchesne,RO32:JW2,President,,GRN,JILL STEIN / RUDOLPH WARE,0
Duchesne,RO41,President,,GRN,JILL STEIN / RUDOLPH WARE,0
Duchesne,RO41:CW,President,,GRN,JILL STEIN / RUDOLPH WARE,0
Duchesne,RO42,President,,GRN,JILL STEIN / RUDOLPH WARE,0
Duchesne,RO51,President,,GRN,JILL STEIN / RUDOLPH WARE,0
Duchesne,RO51:CW,President,,GRN,JILL STEIN / RUDOLPH WARE,0
Duchesne,RO51:DWUR,President,,GRN,JILL STEIN / RUDOLPH WARE,0
Duchesne,RO51:J1UR,President,,GRN,JILL STEIN / RUDOLPH WARE,0
Duchesne,RO51:JW1,President,,GRN,JILL STEIN / RUDOLPH WARE,1
Duchesne,RO51:JW2,President,,GRN,JILL STEIN / RUDOLPH WARE,0
Duchesne,RO51:JW3,President,,GRN,JILL STEIN / RUDOLPH WARE,0
Duchesne,RO51:UR,President,,GRN,JILL STEIN / RUDOLPH WARE,0
Duchesne,TA11,President,,GRN,JILL STEIN / RUDOLPH WARE,0
Duchesne,TA11:FWTR,President,,GRN,JILL STEIN / RUDOLPH WARE,0
Duchesne,TA11:HWTR,President,,GRN,JILL STEIN / RUDOLPH WARE,0
Duchesne,TA11:PWTR,President,,GRN,JILL STEIN / RUDOLPH WARE,0
Duchesne,TA11:TR,President,,GRN,JILL STEIN / RUDOLPH WARE,0
Duchesne,TA12:TR,President,,GRN,JILL STEIN / RUDOLPH WARE,0
Duchesne,Federal,President,,GRN,JILL STEIN / RUDOLPH WARE,0
Duchesne,AB11,President,,REP,DONALD J. TRUMP / JD VANCE,21
Duchesne,AB11:CWNR,President,,REP,DONALD J. TRUMP / JD VANCE,0
Duchesne,AB11:CWUR,President,,REP,DONALD J. TRUMP / JD VANCE,0
Duchesne,AB11:UR,President,,REP,DONALD J. TRUMP / JD VANCE,0
Duchesne,AB11:UWUR,President,,REP,DONALD J. TRUMP / JD VANCE,348
Duchesne,AL12:UR,President,,REP,DONALD J. TRUMP / JD VANCE,101
Duchesne,AM11,President,,REP,DONALD J. TRUMP / JD VANCE,47
Duchesne,AM11:DW,President,,REP,DONALD J. TRUMP / JD VANCE,34
Duchesne,AM11:DWUR,President,,REP,DONALD J. TRUMP / JD VANCE,0
Duchesne,AM11:GR,President,,REP,DONALD J. TRUMP / JD VANCE,0
Duchesne,AM11:JW1,President,,REP,DONALD J. TRUMP / JD VANCE,16
Duchesne,AM11:JW3,President,,REP,DONALD J. TRUMP / JD VANCE,90
Duchesne,AM11:JW4,President,,REP,DONALD J. TRUMP / JD VANCE,104
Duchesne,AR11:CWUR,President,,REP,DONALD J. TRUMP / JD VANCE,0
Duchesne,AR11:DWGR,President,,REP,DONALD J. TRUMP / JD VANCE,36
Duchesne,AR11:DWUR,President,,REP,DONALD J. TRUMP / JD VANCE,43
Duchesne,AR11:GR,President,,REP,DONALD J. TRUMP / JD VANCE,0
Duchesne,AR11:J1UR,President,,REP,DONALD J. TRUMP / JD VANCE,84
Duchesne,AR11:UR,President,,REP,DONALD J. TRUMP / JD VANCE,30
Duchesne,AR11:UWUR,President,,REP,DONALD J. TRUMP / JD VANCE,140
Duchesne,DU11,President,,REP,DONALD J. TRUMP / JD VANCE,0
Duchesne,DU11:DW,President,,REP,DONALD J. TRUMP / JD VANCE,0
Duchesne,DU11:DWGR,President,,REP,DONALD J. TRUMP / JD VANCE,457
Duchesne,DU11:GR,President,,REP,DONALD J. TRUMP / JD VANCE,139
Duchesne,DU11:PWGR,President,,REP,DONALD J. TRUMP / JD VANCE,39
Duchesne,DU11:PWTR,President,,REP,DONALD J. TRUMP / JD VANCE,0
Duchesne,DU11:TR,President,,REP,DONALD J. TRUMP / JD VANCE,0
Duchesne,DU12:DWGR,President,,REP,DONALD J. TRUMP / JD VANCE,15
Duchesne,DU12:GR,President,,REP,DONALD J. TRUMP / JD VANCE,651
Duchesne,FR11:FWGR,President,,REP,DONALD J. TRUMP / JD VANCE,192
Duchesne,FR11:GR,President,,REP,DONALD J. TRUMP / JD VANCE,31
Duchesne,FR11:HWTR,President,,REP,DONALD J. TRUMP / JD VANCE,0
Duchesne,FR11:PWGR,President,,REP,DONALD J. TRUMP / JD VANCE,94
Duchesne,FR11:PWTR,President,,REP,DONALD J. TRUMP / JD VANCE,0
Duchesne,FR11:TR,President,,REP,DONALD J. TRUMP / JD VANCE,0
Duchesne,MH11,President,,REP,DONALD J. TRUMP / JD VANCE,0
Duchesne,MH11:DWGR,President,,REP,DONALD J. TRUMP / JD VANCE,15
Duchesne,MH11:GR,President,,REP,DONALD J. TRUMP / JD VANCE,13
Duchesne,MH11:TR,President,,REP,DONALD J. TRUMP / JD VANCE,0
Duchesne,MH11:UR,President,,REP,DONALD J. TRUMP / JD VANCE,68
Duchesne,MH11:UWUR,President,,REP,DONALD J. TRUMP / JD VANCE,345
Duchesne,MY12,President,,REP,DONALD J. TRUMP / JD VANCE,139
Duchesne,MY12:JW1,President,,REP,DONALD J. TRUMP / JD VANCE,0
Duchesne,MY12:JW4,President,,REP,DONALD J. TRUMP / JD VANCE,0
Duchesne,NE11,President,,REP,DONALD J. TRUMP / JD VANCE,35
Duchesne,NE11:CW,President,,REP,DONALD J. TRUMP / JD VANCE,132
Duchesne,NE11:CWNR,President,,REP,DONALD J. TRUMP / JD VANCE,394
Duchesne,NE11:NR,President,,REP,DONALD J. TRUMP / JD VANCE,68
Duchesne,NE11:NW,President,,REP,DONALD J. TRUMP / JD VANCE,29
Duchesne,NE11:NWNR,President,,REP,DONALD J. TRUMP / JD VANCE,212
Duchesne,NE11:UR,President,,REP,DONALD J. TRUMP / JD VANCE,0
Duchesne,RO11:S3J2,President,,REP,DONALD J. TRUMP / JD VANCE,0
Duchesne,RO11:SBD2,President,,REP,DONALD J. TRUMP / JD VANCE,43
Duchesne,RO11:SBD3,President,,REP,DONALD J. TRUMP / JD VANCE,0
Duchesne,RO12,President,,REP,DONALD J. TRUMP / JD VANCE,436
Duchesne,RO12:JW2,President,,REP,DONALD J. TRUMP / JD VANCE,137
Duchesne,RO21,President,,REP,DONALD J. TRUMP / JD VANCE,166
Duchesne,RO21:CW,President,,REP,DONALD J. TRUMP / JD VANCE,27
Duchesne,RO22,President,,REP,DONALD J. TRUMP / JD VANCE,603
Duchesne,RO31,President,,REP,DONALD J. TRUMP / JD VANCE,118
Duchesne,RO32,President,,REP,DONALD J. TRUMP / JD VANCE,445
Duchesne,RO32:JW1,President,,REP,DONALD J. TRUMP / JD VANCE,0
Duchesne,RO32:JW2,President,,REP,DONALD J. TRUMP / JD VANCE,0
Duchesne,RO41,President,,REP,DONALD J. TRUMP / JD VANCE,347
Duchesne,RO41:CW,President,,REP,DONALD J. TRUMP / JD VANCE,21
Duchesne,RO42,President,,REP,DONALD J. TRUMP / JD VANCE,408
Duchesne,RO51,President,,REP,DONALD J. TRUMP / JD VANCE,16
Duchesne,RO51:CW,President,,REP,DONALD J. TRUMP / JD VANCE,0
Duchesne,RO51:DWUR,President,,REP,DONALD J. TRUMP / JD VANCE,0
Duchesne,RO51:J1UR,President,,REP,DONALD J. TRUMP / JD VANCE,0
Duchesne,RO51:JW1,President,,REP,DONALD J. TRUMP / JD VANCE,159
Duchesne,RO51:JW2,President,,REP,DONALD J. TRUMP / JD VANCE,180
Duchesne,RO51:JW3,President,,REP,DONALD J. TRUMP / JD VANCE,88
Duchesne,RO51:UR,President,,REP,DONALD J. TRUMP / JD VANCE,0
Duchesne,TA11,President,,REP,DONALD J. TRUMP / JD VANCE,0
Duchesne,TA11:FWTR,President,,REP,DONALD J. TRUMP / JD VANCE,0
Duchesne,TA11:HWTR,President,,REP,DONALD J. TRUMP / JD VANCE,253
Duchesne,TA11:PWTR,President,,REP,DONALD J. TRUMP / JD VANCE,0
Duchesne,TA11:TR,President,,REP,DONALD J. TRUMP / JD VANCE,31
Duchesne,TA12:TR,President,,REP,DONALD J. TRUMP / JD VANCE,81
Duchesne,Federal,President,,REP,DONALD J. TRUMP / JD VANCE,0
Duchesne,AB11,President,,LIB,CHASE OLIVER / MIKE TER MAAT,0
Duchesne,AB11:CWNR,President,,LIB,CHASE OLIVER / MIKE TER MAAT,0
Duchesne,AB11:CWUR,President,,LIB,CHASE OLIVER / MIKE TER MAAT,0
Duchesne,AB11:UR,President,,LIB,CHASE OLIVER / MIKE TER MAAT,0
Duchesne,AB11:UWUR,President,,LIB,CHASE OLIVER / MIKE TER MAAT,1
Duchesne,AL12:UR,President,,LIB,CHASE OLIVER / MIKE TER MAAT,2
Duchesne,AM11,President,,LIB,CHASE OLIVER / MIKE TER MAAT,0
Duchesne,AM11:DW,President,,LIB,CHASE OLIVER / MIKE TER MAAT,1
Duchesne,AM11:DWUR,President,,LIB,CHASE OLIVER / MIKE TER MAAT,0
Duchesne,AM11:GR,President,,LIB,CHASE OLIVER / MIKE TER MAAT,0
Duchesne,AM11:JW1,President,,LIB,CHASE OLIVER / MIKE TER MAAT,1
Duchesne,AM11:JW3,President,,LIB,CHASE OLIVER / MIKE TER MAAT,1
Duchesne,AM11:JW4,President,,LIB,CHASE OLIVER / MIKE TER MAAT,0
Duchesne,AR11:CWUR,President,,LIB,CHASE OLIVER / MIKE TER MAAT,0
Duchesne,AR11:DWGR,President,,LIB,CHASE OLIVER / MIKE TER MAAT,0
Duchesne,AR11:DWUR,President,,LIB,CHASE OLIVER / MIKE TER MAAT,0
Duchesne,AR11:GR,President,,LIB,CHASE OLIVER / MIKE TER MAAT,0
Duchesne,AR11:J1UR,President,,LIB,CHASE OLIVER / MIKE TER MAAT,0
Duchesne,AR11:UR,President,,LIB,CHASE OLIVER / MIKE TER MAAT,0
Duchesne,AR11:UWUR,President,,LIB,CHASE OLIVER / MIKE TER MAAT,0
Duchesne,DU11,President,,LIB,CHASE OLIVER / MIKE TER MAAT,0
Duchesne,DU11:DW,President,,LIB,CHASE OLIVER / MIKE TER MAAT,0
Duchesne,DU11:DWGR,President,,LIB,CHASE OLIVER / MIKE TER MAAT,2
Duchesne,DU11:GR,President,,LIB,CHASE OLIVER / MIKE TER MAAT,3
Duchesne,DU11:PWGR,President,,LIB,CHASE OLIVER / MIKE TER MAAT,0
Duchesne,DU11:PWTR,President,,LIB,CHASE OLIVER / MIKE TER MAAT,0
Duchesne,DU11:TR,President,,LIB,CHASE OLIVER / MIKE TER MAAT,0
Duchesne,DU12:DWGR,President,,LIB,CHASE OLIVER / MIKE TER MAAT,0
Duchesne,DU12:GR,President,,LIB,CHASE OLIVER / MIKE TER MAAT,1
Duchesne,FR11:FWGR,President,,LIB,CHASE OLIVER / MIKE TER MAAT,0
Duchesne,FR11:GR,President,,LIB,CHASE OLIVER / MIKE TER MAAT,1
Duchesne,FR11:HWTR,President,,LIB,CHASE OLIVER / MIKE TER MAAT,0
Duchesne,FR11:PWGR,President,,LIB,CHASE OLIVER / MIKE TER MAAT,1
Duchesne,FR11:PWTR,President,,LIB,CHASE OLIVER / MIKE TER MAAT,0
Duchesne,FR11:TR,President,,LIB,CHASE OLIVER / MIKE TER MAAT,0
Duchesne,MH11,President,,LIB,CHASE OLIVER / MIKE TER MAAT,0
Duchesne,MH11:DWGR,President,,LIB,CHASE OLIVER / MIKE TER MAAT,1
Duchesne,MH11:GR,President,,LIB,CHASE OLIVER / MIKE TER MAAT,0
Duchesne,MH11:TR,President,,LIB,CHASE OLIVER / MIKE TER MAAT,0
Duchesne,MH11:UR,President,,LIB,CHASE OLIVER / MIKE TER MAAT,0
Duchesne,MH11:UWUR,President,,LIB,CHASE OLIVER / MIKE TER MAAT,2
Duchesne,MY12,President,,LIB,CHASE OLIVER / MIKE TER MAAT,2
Duchesne,MY12:JW1,President,,LIB,CHASE OLIVER / MIKE TER MAAT,0
Duchesne,MY12:JW4,President,,LIB,CHASE OLIVER / MIKE TER MAAT,0
Duchesne,NE11,President,,LIB,CHASE OLIVER / MIKE TER MAAT,0
Duchesne,NE11:CW,President,,LIB,CHASE OLIVER / MIKE TER MAAT,1
Duchesne,NE11:CWNR,President,,LIB,CHASE OLIVER / MIKE TER MAAT,5
Duchesne,NE11:NR,President,,LIB,CHASE OLIVER / MIKE TER MAAT,0
Duchesne,NE11:NW,President,,LIB,CHASE OLIVER / MIKE TER MAAT,0
Duchesne,NE11:NWNR,President,,LIB,CHASE OLIVER / MIKE TER MAAT,0
Duchesne,NE11:UR,President,,LIB,CHASE OLIVER / MIKE TER MAAT,0
Duchesne,RO11:S3J2,President,,LIB,CHASE OLIVER / MIKE TER MAAT,0
Duchesne,RO11:SBD2,President,,LIB,CHASE OLIVER / MIKE TER MAAT,1
Duchesne,RO11:SBD3,President,,LIB,CHASE OLIVER / MIKE TER MAAT,0
Duchesne,RO12,President,,LIB,CHASE OLIVER / MIKE TER MAAT,3
Duchesne,RO12:JW2,President,,LIB,CHASE OLIVER / MIKE TER MAAT,0
Duchesne,RO21,President,,LIB,CHASE OLIVER / MIKE TER MAAT,2
Duchesne,RO21:CW,President,,LIB,CHASE OLIVER / MIKE TER MAAT,0
Duchesne,RO22,President,,LIB,CHASE OLIVER / MIKE TER MAAT,6
Duchesne,RO31,President,,LIB,CHASE OLIVER / MIKE TER MAAT,0
Duchesne,RO32,President,,LIB,CHASE OLIVER / MIKE TER MAAT,2
Duchesne,RO32:JW1,President,,LIB,CHASE OLIVER / MIKE TER MAAT,0
Duchesne,RO32:JW2,President,,LIB,CHASE OLIVER / MIKE TER MAAT,0
Duchesne,RO41,President,,LIB,CHASE OLIVER / MIKE TER MAAT,0
Duchesne,RO41:CW,President,,LIB,CHASE OLIVER / MIKE TER MAAT,0
Duchesne,RO42,President,,LIB,CHASE OLIVER / MIKE TER MAAT,4
Duchesne,RO51,President,,LIB,CHASE OLIVER / MIKE TER MAAT,0
Duchesne,RO51:CW,President,,LIB,CHASE OLIVER / MIKE TER MAAT,0
Duchesne,RO51:DWUR,President,,LIB,CHASE OLIVER / MIKE TER MAAT,0
Duchesne,RO51:J1UR,President,,LIB,CHASE OLIVER / MIKE TER MAAT,0
Duchesne,RO51:JW1,President,,LIB,CHASE OLIVER / MIKE TER MAAT,0
Duchesne,RO51:JW2,President,,LIB,CHASE OLIVER / MIKE TER MAAT,1
Duchesne,RO51:JW3,President,,LIB,CHASE OLIVER / MIKE TER MAAT,0
Duchesne,RO51:UR,President,,LIB,CHASE OLIVER / MIKE TER MAAT,0
Duchesne,TA11,President,,LIB,CHASE OLIVER / MIKE TER MAAT,0
Duchesne,TA11:FWTR,President,,LIB,CHASE OLIVER / MIKE TER MAAT,0
Duchesne,TA11:HWTR,President,,LIB,CHASE OLIVER / MIKE TER MAAT,1
Duchesne,TA11:PWTR,President,,LIB,CHASE OLIVER / MIKE TER MAAT,0
Duchesne,TA11:TR,President,,LIB,CHASE OLIVER / MIKE TER MAAT,0
Duchesne,TA12:TR,President,,LIB,CHASE OLIVER / MIKE TER MAAT,0
Duchesne,Federal,President,,LIB,CHASE OLIVER / MIKE TER MAAT,0
Duchesne,AB11,President,,DEM,KAMALA D. HARRIS / TIM WALZ,1
Duchesne,AB11:CWNR,President,,DEM,KAMALA D. HARRIS / TIM WALZ,0
Duchesne,AB11:CWUR,President,,DEM,KAMALA D. HARRIS / TIM WALZ,0
Duchesne,AB11:UR,President,,DEM,KAMALA D. HARRIS / TIM WALZ,0
Duchesne,AB11:UWUR,President,,DEM,KAMALA D. HARRIS / TIM WALZ,26
Duchesne,AL12:UR,President,,DEM,KAMALA D. HARRIS / TIM WALZ,11
Duchesne,AM11,President,,DEM,KAMALA D. HARRIS / TIM WALZ,6
Duchesne,AM11:DW,President,,DEM,KAMALA D. HARRIS / TIM WALZ,0
Duchesne,AM11:DWUR,President,,DEM,KAMALA D. HARRIS / TIM WALZ,0
Duchesne,AM11:GR,President,,DEM,KAMALA D. HARRIS / TIM WALZ,0
Duchesne,AM11:JW1,President,,DEM,KAMALA D. HARRIS / TIM WALZ,2
Duchesne,AM11:JW3,President,,DEM,KAMALA D. HARRIS / TIM WALZ,1
Duchesne,AM11:JW4,President,,DEM,KAMALA D. HARRIS / TIM WALZ,15
Duchesne,AR11:CWUR,President,,DEM,KAMALA D. HARRIS / TIM WALZ,0
Duchesne,AR11:DWGR,President,,DEM,KAMALA D. HARRIS / TIM WALZ,1
Duchesne,AR11:DWUR,President,,DEM,KAMALA D. HARRIS / TIM WALZ,1
Duchesne,AR11:GR,President,,DEM,KAMALA D. HARRIS / TIM WALZ,0
Duchesne,AR11:J1UR,President,,DEM,KAMALA D. HARRIS / TIM WALZ,10
Duchesne,AR11:UR,President,,DEM,KAMALA D. HARRIS / TIM WALZ,0
Duchesne,AR11:UWUR,President,,DEM,KAMALA D. HARRIS / TIM WALZ,15
Duchesne,DU11,President,,DEM,KAMALA D. HARRIS / TIM WALZ,0
Duchesne,DU11:DW,President,,DEM,KAMALA D. HARRIS / TIM WALZ,0
Duchesne,DU11:DWGR,President,,DEM,KAMALA D. HARRIS / TIM WALZ,38
Duchesne,DU11:GR,President,,DEM,KAMALA D. HARRIS / TIM WALZ,18
Duchesne,DU11:PWGR,President,,DEM,KAMALA D. HARRIS / TIM WALZ,18
Duchesne,DU11:PWTR,President,,DEM,KAMALA D. HARRIS / TIM WALZ,0
Duchesne,DU11:TR,President,,DEM,KAMALA D. HARRIS / TIM WALZ,0
Duchesne,DU12:DWGR,President,,DEM,KAMALA D. HARRIS / TIM WALZ,0
Duchesne,DU12:GR,President,,DEM,KAMALA D. HARRIS / TIM WALZ,63
Duchesne,FR11:FWGR,President,,DEM,KAMALA D. HARRIS / TIM WALZ,54
Duchesne,FR11:GR,President,,DEM,KAMALA D. HARRIS / TIM WALZ,9
Duchesne,FR11:HWTR,President,,DEM,KAMALA D. HARRIS / TIM WALZ,0
Duchesne,FR11:PWGR,President,,DEM,KAMALA D. HARRIS / TIM WALZ,34
Duchesne,FR11:PWTR,President,,DEM,KAMALA D. HARRIS / TIM WALZ,0
Duchesne,FR11:TR,President,,DEM,KAMALA D. HARRIS / TIM WALZ,0
Duchesne,MH11,President,,DEM,KAMALA D. HARRIS / TIM WALZ,0
Duchesne,MH11:DWGR,President,,DEM,KAMALA D. HARRIS / TIM WALZ,0
Duchesne,MH11:GR,President,,DEM,KAMALA D. HARRIS / TIM WALZ,5
Duchesne,MH11:TR,President,,DEM,KAMALA D. HARRIS / TIM WALZ,0
Duchesne,MH11:UR,President,,DEM,KAMALA D. HARRIS / TIM WALZ,15
Duchesne,MH11:UWUR,President,,DEM,KAMALA D. HARRIS / TIM WALZ,23
Duchesne,MY12,President,,DEM,KAMALA D. HARRIS / TIM WALZ,37
Duchesne,MY12:JW1,President,,DEM,KAMALA D. HARRIS / TIM WALZ,0
Duchesne,MY12:JW4,President,,DEM,KAMALA D. HARRIS / TIM WALZ,0
Duchesne,NE11,President,,DEM,KAMALA D. HARRIS / TIM WALZ,1
Duchesne,NE11:CW,President,,DEM,KAMALA D. HARRIS / TIM WALZ,10
Duchesne,NE11:CWNR,President,,DEM,KAMALA D. HARRIS / TIM WALZ,41
Duchesne,NE11:NR,President,,DEM,KAMALA D. HARRIS / TIM WALZ,8
Duchesne,NE11:NW,President,,DEM,KAMALA D. HARRIS / TIM WALZ,3
Duchesne,NE11:NWNR,President,,DEM,KAMALA D. HARRIS / TIM WALZ,39
Duchesne,NE11:UR,President,,DEM,KAMALA D. HARRIS / TIM WALZ,0
Duchesne,RO11:S3J2,President,,DEM,KAMALA D. HARRIS / TIM WALZ,0
Duchesne,RO11:SBD2,President,,DEM,KAMALA D. HARRIS / TIM WALZ,3
Duchesne,RO11:SBD3,President,,DEM,KAMALA D. HARRIS / TIM WALZ,0
Duchesne,RO12,President,,DEM,KAMALA D. HARRIS / TIM WALZ,82
Duchesne,RO12:JW2,President,,DEM,KAMALA D. HARRIS / TIM WALZ,17
Duchesne,RO21,President,,DEM,KAMALA D. HARRIS / TIM WALZ,15
Duchesne,RO21:CW,President,,DEM,KAMALA D. HARRIS / TIM WALZ,1
Duchesne,RO22,President,,DEM,KAMALA D. HARRIS / TIM WALZ,147
Duchesne,RO31,President,,DEM,KAMALA D. HARRIS / TIM WALZ,12
Duchesne,RO32,President,,DEM,KAMALA D. HARRIS / TIM WALZ,56
Duchesne,RO32:JW1,President,,DEM,KAMALA D. HARRIS / TIM WALZ,0
Duchesne,RO32:JW2,President,,DEM,KAMALA D. HARRIS / TIM WALZ,0
Duchesne,RO41,President,,DEM,KAMALA D. HARRIS / TIM WALZ,22
Duchesne,RO41:CW,President,,DEM,KAMALA D. HARRIS / TIM WALZ,1
Duchesne,RO42,President,,DEM,KAMALA D. HARRIS / TIM WALZ,63
Duchesne,RO51,President,,DEM,KAMALA D. HARRIS / TIM WALZ,0
Duchesne,RO51:CW,President,,DEM,KAMALA D. HARRIS / TIM WALZ,0
Duchesne,RO51:DWUR,President,,DEM,KAMALA D. HARRIS / TIM WALZ,0
Duchesne,RO51:J1UR,President,,DEM,KAMALA D. HARRIS / TIM WALZ,0
Duchesne,RO51:JW1,President,,DEM,KAMALA D. HARRIS / TIM WALZ,13
Duchesne,RO51:JW2,President,,DEM,KAMALA D. HARRIS / TIM WALZ,18
Duchesne,RO51:JW3,President,,DEM,KAMALA D. HARRIS / TIM WALZ,15
Duchesne,RO51:UR,President,,DEM,KAMALA D. HARRIS / TIM WALZ,0
Duchesne,TA11,President,,DEM,KAMALA D. HARRIS / TIM WALZ,0
Duchesne,TA11:FWTR,President,,DEM,KAMALA D. HARRIS / TIM WALZ,0
Duchesne,TA11:HWTR,President,,DEM,KAMALA D. HARRIS / TIM WALZ,19
Duchesne,TA11:PWTR,President,,DEM,KAMALA D. HARRIS / TIM WALZ,0
Duchesne,TA11:TR,President,,DEM,KAMALA D. HARRIS / TIM WALZ,7
Duchesne,TA12:TR,President,,DEM,KAMALA D. HARRIS / TIM WALZ,2
Duchesne,Federal,President,,DEM,KAMALA D. HARRIS / TIM WALZ,0
Duchesne,AB11,President,,,CLAUDIA DE LA CRUZ / KARINA ALEXANDRA GARCIA,0
Duchesne,AB11:CWNR,President,,,CLAUDIA DE LA CRUZ / KARINA ALEXANDRA GARCIA,0
Duchesne,AB11:CWUR,President,,,CLAUDIA DE LA CRUZ / KARINA ALEXANDRA GARCIA,0
Duchesne,AB11:UR,President,,,CLAUDIA DE LA CRUZ / KARINA ALEXANDRA GARCIA,0
Duchesne,AB11:UWUR,President,,,CLAUDIA DE LA CRUZ / KARINA ALEXANDRA GARCIA,0
Duchesne,AL12:UR,President,,,CLAUDIA DE LA CRUZ / KARINA ALEXANDRA GARCIA,0
Duchesne,AM11,President,,,CLAUDIA DE LA CRUZ / KARINA ALEXANDRA GARCIA,0
Duchesne,AM11:DW,President,,,CLAUDIA DE LA CRUZ / KARINA ALEXANDRA GARCIA,0
Duchesne,AM11:DWUR,President,,,CLAUDIA DE LA CRUZ / KARINA ALEXANDRA GARCIA,0
Duchesne,AM11:GR,President,,,CLAUDIA DE LA CRUZ / KARINA ALEXANDRA GARCIA,0
Duchesne,AM11:JW1,President,,,CLAUDIA DE LA CRUZ / KARINA ALEXANDRA GARCIA,0
Duchesne,AM11:JW3,President,,,CLAUDIA DE LA CRUZ / KARINA ALEXANDRA GARCIA,0
Duchesne,AM11:JW4,President,,,CLAUDIA DE LA CRUZ / KARINA ALEXANDRA GARCIA,0
Duchesne,AR11:CWUR,President,,,CLAUDIA DE LA CRUZ / KARINA ALEXANDRA GARCIA,0
Duchesne,AR11:DWGR,President,,,CLAUDIA DE LA CRUZ / KARINA ALEXANDRA GARCIA,0
Duchesne,AR11:DWUR,President,,,CLAUDIA DE LA CRUZ / KARINA ALEXANDRA GARCIA,0
Duchesne,AR11:GR,President,,,CLAUDIA DE LA CRUZ / KARINA ALEXANDRA GARCIA,0
Duchesne,AR11:J1UR,President,,,CLAUDIA DE LA CRUZ / KARINA ALEXANDRA GARCIA,0
Duchesne,AR11:UR,President,,,CLAUDIA DE LA CRUZ / KARINA ALEXANDRA GARCIA,0
Duchesne,AR11:UWUR,President,,,CLAUDIA DE LA CRUZ / KARINA ALEXANDRA GARCIA,0
Duchesne,DU11,President,,,CLAUDIA DE LA CRUZ / KARINA ALEXANDRA GARCIA,0
Duchesne,DU11:DW,President,,,CLAUDIA DE LA CRUZ / KARINA ALEXANDRA GARCIA,0
Duchesne,DU11:DWGR,President,,,CLAUDIA DE LA CRUZ / KARINA ALEXANDRA GARCIA,0
Duchesne,DU11:GR,President,,,CLAUDIA DE LA CRUZ / KARINA ALEXANDRA GARCIA,0
Duchesne,DU11:PWGR,President,,,CLAUDIA DE LA CRUZ / KARINA ALEXANDRA GARCIA,0
Duchesne,DU11:PWTR,President,,,CLAUDIA DE LA CRUZ / KARINA ALEXANDRA GARCIA,0
Duchesne,DU11:TR,President,,,CLAUDIA DE LA CRUZ / KARINA ALEXANDRA GARCIA,0
Duchesne,DU12:DWGR,President,,,CLAUDIA DE LA CRUZ / KARINA ALEXANDRA GARCIA,0
Duchesne,DU12:GR,President,,,CLAUDIA DE LA CRUZ / KARINA ALEXANDRA GARCIA,3
Duchesne,FR11:FWGR,President,,,CLAUDIA DE LA CRUZ / KARINA ALEXANDRA GARCIA,0
Duchesne,FR11:GR,President,,,CLAUDIA DE LA CRUZ / KARINA ALEXANDRA GARCIA,0
Duchesne,FR11:HWTR,President,,,CLAUDIA DE LA CRUZ / KARINA ALEXANDRA GARCIA,0
Duchesne,FR11:PWGR,President,,,CLAUDIA DE LA CRUZ / KARINA ALEXANDRA GARCIA,1
Duchesne,FR11:PWTR,President,,,CLAUDIA DE LA CRUZ / KARINA ALEXANDRA GARCIA,0
Duchesne,FR11:TR,President,,,CLAUDIA DE LA CRUZ / KARINA ALEXANDRA GARCIA,0
Duchesne,MH11,President,,,CLAUDIA DE LA CRUZ / KARINA ALEXANDRA GARCIA,0
Duchesne,MH11:DWGR,President,,,CLAUDIA DE LA CRUZ / KARINA ALEXANDRA GARCIA,0
Duchesne,MH11:GR,President,,,CLAUDIA DE LA CRUZ / KARINA ALEXANDRA GARCIA,0
Duchesne,MH11:TR,President,,,CLAUDIA DE LA CRUZ / KARINA ALEXANDRA GARCIA,0
Duchesne,MH11:UR,President,,,CLAUDIA DE LA CRUZ / KARINA ALEXANDRA GARCIA,0
Duchesne,MH11:UWUR,President,,,CLAUDIA DE LA CRUZ / KARINA ALEXANDRA GARCIA,0
Duchesne,MY12,President,,,CLAUDIA DE LA CRUZ / KARINA ALEXANDRA GARCIA,1
Duchesne,MY12:JW1,President,,,CLAUDIA DE LA CRUZ / KARINA ALEXANDRA GARCIA,0
Duchesne,MY12:JW4,President,,,CLAUDIA DE LA CRUZ / KARINA ALEXANDRA GARCIA,0
Duchesne,NE11,President,,,CLAUDIA DE LA CRUZ / KARINA ALEXANDRA GARCIA,0
Duchesne,NE11:CW,President,,,CLAUDIA DE LA CRUZ / KARINA ALEXANDRA GARCIA,0
Duchesne,NE11:CWNR,President,,,CLAUDIA DE LA CRUZ / KARINA ALEXANDRA GARCIA,0
Duchesne,NE11:NR,President,,,CLAUDIA DE LA CRUZ / KARINA ALEXANDRA GARCIA,0
Duchesne,NE11:NW,President,,,CLAUDIA DE LA CRUZ / KARINA ALEXANDRA GARCIA,0
Duchesne,NE11:NWNR,President,,,CLAUDIA DE LA CRUZ / KARINA ALEXANDRA GARCIA,1
Duchesne,NE11:UR,President,,,CLAUDIA DE LA CRUZ / KARINA ALEXANDRA GARCIA,0
Duchesne,RO11:S3J2,President,,,CLAUDIA DE LA CRUZ / KARINA ALEXANDRA GARCIA,0
Duchesne,RO11:SBD2,President,,,CLAUDIA DE LA CRUZ / KARINA ALEXANDRA GARCIA,0
Duchesne,RO11:SBD3,President,,,CLAUDIA DE LA CRUZ / KARINA ALEXANDRA GARCIA,0
Duchesne,RO12,President,,,CLAUDIA DE LA CRUZ / KARINA ALEXANDRA GARCIA,1
Duchesne,RO12:JW2,President,,,CLAUDIA DE LA CRUZ / KARINA ALEXANDRA GARCIA,0
Duchesne,RO21,President,,,CLAUDIA DE LA CRUZ / KARINA ALEXANDRA GARCIA,0
Duchesne,RO21:CW,President,,,CLAUDIA DE LA CRUZ / KARINA ALEXANDRA GARCIA,0
Duchesne,RO22,President,,,CLAUDIA DE LA CRUZ / KARINA ALEXANDRA GARCIA,4
Duchesne,RO31,President,,,CLAUDIA DE LA CRUZ / KARINA ALEXANDRA GARCIA,0
Duchesne,RO32,President,,,CLAUDIA DE LA CRUZ / KARINA ALEXANDRA GARCIA,0
Duchesne,RO32:JW1,President,,,CLAUDIA DE LA CRUZ / KARINA ALEXANDRA GARCIA,0
Duchesne,RO32:JW2,President,,,CLAUDIA DE LA CRUZ / KARINA ALEXANDRA GARCIA,0
Duchesne,RO41,President,,,CLAUDIA DE LA CRUZ / KARINA ALEXANDRA GARCIA,2
Duchesne,RO41:CW,President,,,CLAUDIA DE LA CRUZ / KARINA ALEXANDRA GARCIA,0
Duchesne,RO42,President,,,CLAUDIA DE LA CRUZ / KARINA ALEXANDRA GARCIA,0
Duchesne,RO51,President,,,CLAUDIA DE LA CRUZ / KARINA ALEXANDRA GARCIA,0
Duchesne,RO51:CW,President,,,CLAUDIA DE LA CRUZ / KARINA ALEXANDRA GARCIA,0
Duchesne,RO51:DWUR,President,,,CLAUDIA DE LA CRUZ / KARINA ALEXANDRA GARCIA,0
Duchesne,RO51:J1UR,President,,,CLAUDIA DE LA CRUZ / KARINA ALEXANDRA GARCIA,0
Duchesne,RO51:JW1,President,,,CLAUDIA DE LA CRUZ / KARINA ALEXANDRA GARCIA,1
Duchesne,RO51:JW2,President,,,CLAUDIA DE LA CRUZ / KARINA ALEXANDRA GARCIA,0
Duchesne,RO51:JW3,President,,,CLAUDIA DE LA CRUZ / KARINA ALEXANDRA GARCIA,0
Duchesne,RO51:UR,President,,,CLAUDIA DE LA CRUZ / KARINA ALEXANDRA GARCIA,0
Duchesne,TA11,President,,,CLAUDIA DE LA CRUZ / KARINA ALEXANDRA GARCIA,0
Duchesne,TA11:FWTR,President,,,CLAUDIA DE LA CRUZ / KARINA ALEXANDRA GARCIA,0
Duchesne,TA11:HWTR,President,,,CLAUDIA DE LA CRUZ / KARINA ALEXANDRA GARCIA,0
Duchesne,TA11:PWTR,President,,,CLAUDIA DE LA CRUZ / KARINA ALEXANDRA GARCIA,0
Duchesne,TA11:TR,President,,,CLAUDIA DE LA CRUZ / KARINA ALEXANDRA GARCIA,0
Duchesne,TA12:TR,President,,,CLAUDIA DE LA CRUZ / KARINA ALEXANDRA GARCIA,0
Duchesne,Federal,President,,,CLAUDIA DE LA CRUZ / KARINA ALEXANDRA GARCIA,0
Duchesne,AB11,President,,,FUTURE MADAM POTUS,0
Duchesne,AB11:CWNR,President,,,FUTURE MADAM POTUS,0
Duchesne,AB11:CWUR,President,,,FUTURE MADAM POTUS,0
Duchesne,AB11:UR,President,,,FUTURE MADAM POTUS,0
Duchesne,AB11:UWUR,President,,,FUTURE MADAM POTUS,0
Duchesne,AL12:UR,President,,,FUTURE MADAM POTUS,0
Duchesne,AM11,President,,,FUTURE MADAM POTUS,0
Duchesne,AM11:DW,President,,,FUTURE MADAM POTUS,0
Duchesne,AM11:DWUR,President,,,FUTURE MADAM POTUS,0
Duchesne,AM11:GR,President,,,FUTURE MADAM POTUS,0
Duchesne,AM11:JW1,President,,,FUTURE MADAM POTUS,0
Duchesne,AM11:JW3,President,,,FUTURE MADAM POTUS,0
Duchesne,AM11:JW4,President,,,FUTURE MADAM POTUS,0
Duchesne,AR11:CWUR,President,,,FUTURE MADAM POTUS,0
Duchesne,AR11:DWGR,President,,,FUTURE MADAM POTUS,0
Duchesne,AR11:DWUR,President,,,FUTURE MADAM POTUS,0
Duchesne,AR11:GR,President,,,FUTURE MADAM POTUS,0
Duchesne,AR11:J1UR,President,,,FUTURE MADAM POTUS,0
Duchesne,AR11:UR,President,,,FUTURE MADAM POTUS,0
Duchesne,AR11:UWUR,President,,,FUTURE MADAM POTUS,0
Duchesne,DU11,President,,,FUTURE MADAM POTUS,0
Duchesne,DU11:DW,President,,,FUTURE MADAM POTUS,0
Duchesne,DU11:DWGR,President,,,FUTURE MADAM POTUS,0
Duchesne,DU11:GR,President,,,FUTURE MADAM POTUS,0
Duchesne,DU11:PWGR,President,,,FUTURE MADAM POTUS,0
Duchesne,DU11:PWTR,President,,,FUTURE MADAM POTUS,0
Duchesne,DU11:TR,President,,,FUTURE MADAM POTUS,0
Duchesne,DU12:DWGR,President,,,FUTURE MADAM POTUS,0
Duchesne,DU12:GR,President,,,FUTURE MADAM POTUS,0
Duchesne,FR11:FWGR,President,,,FUTURE MADAM POTUS,0
Duchesne,FR11:GR,President,,,FUTURE MADAM POTUS,0
Duchesne,FR11:HWTR,President,,,FUTURE MADAM POTUS,0
Duchesne,FR11:PWGR,President,,,FUTURE MADAM POTUS,0
Duchesne,FR11:PWTR,President,,,FUTURE MADAM POTUS,0
Duchesne,FR11:TR,President,,,FUTURE MADAM POTUS,0
Duchesne,MH11,President,,,FUTURE MADAM POTUS,0
Duchesne,MH11:DWGR,President,,,FUTURE MADAM POTUS,0
Duchesne,MH11:GR,President,,,FUTURE MADAM POTUS,0
Duchesne,MH11:TR,President,,,FUTURE MADAM POTUS,0
Duchesne,MH11:UR,President,,,FUTURE MADAM POTUS,0
Duchesne,MH11:UWUR,President,,,FUTURE MADAM POTUS,0
Duchesne,MY12,President,,,FUTURE MADAM POTUS,0
Duchesne,MY12:JW1,President,,,FUTURE MADAM POTUS,0
Duchesne,MY12:JW4,President,,,FUTURE MADAM POTUS,0
Duchesne,NE11,President,,,FUTURE MADAM POTUS,0
Duchesne,NE11:CW,President,,,FUTURE MADAM POTUS,0
Duchesne,NE11:CWNR,President,,,FUTURE MADAM POTUS,0
Duchesne,NE11:NR,President,,,FUTURE MADAM POTUS,0
Duchesne,NE11:NW,President,,,FUTURE MADAM POTUS,0
Duchesne,NE11:NWNR,President,,,FUTURE MADAM POTUS,0
Duchesne,NE11:UR,President,,,FUTURE MADAM POTUS,0
Duchesne,RO11:S3J2,President,,,FUTURE MADAM POTUS,0
Duchesne,RO11:SBD2,President,,,FUTURE MADAM POTUS,0
Duchesne,RO11:SBD3,President,,,FUTURE MADAM POTUS,0
Duchesne,RO12,President,,,FUTURE MADAM POTUS,0
Duchesne,RO12:JW2,President,,,FUTURE MADAM POTUS,0
Duchesne,RO21,President,,,FUTURE MADAM POTUS,0
Duchesne,RO21:CW,President,,,FUTURE MADAM POTUS,0
Duchesne,RO22,President,,,FUTURE MADAM POTUS,0
Duchesne,RO31,President,,,FUTURE MADAM POTUS,0
Duchesne,RO32,President,,,FUTURE MADAM POTUS,0
Duchesne,RO32:JW1,President,,,FUTURE MADAM POTUS,0
Duchesne,RO32:JW2,President,,,FUTURE MADAM POTUS,0
Duchesne,RO41,President,,,FUTURE MADAM POTUS,0
Duchesne,RO41:CW,President,,,FUTURE MADAM POTUS,0
Duchesne,RO42,President,,,FUTURE MADAM POTUS,0
Duchesne,RO51,President,,,FUTURE MADAM POTUS,0
Duchesne,RO51:CW,President,,,FUTURE MADAM POTUS,0
Duchesne,RO51:DWUR,President,,,FUTURE MADAM POTUS,0
Duchesne,RO51:J1UR,President,,,FUTURE MADAM POTUS,0
Duchesne,RO51:JW1,President,,,FUTURE MADAM POTUS,0
Duchesne,RO51:JW2,President,,,FUTURE MADAM POTUS,0
Duchesne,RO51:JW3,President,,,FUTURE MADAM POTUS,0
Duchesne,RO51:UR,President,,,FUTURE MADAM POTUS,0
Duchesne,TA11,President,,,FUTURE MADAM POTUS,0
Duchesne,TA11:FWTR,President,,,FUTURE MADAM POTUS,0
Duchesne,TA11:HWTR,President,,,FUTURE MADAM POTUS,0
Duchesne,TA11:PWTR,President,,,FUTURE MADAM POTUS,0
Duchesne,TA11:TR,President,,,FUTURE MADAM POTUS,0
Duchesne,TA12:TR,President,,,FUTURE MADAM POTUS,0
Duchesne,Federal,President,,,FUTURE MADAM POTUS,0
Duchesne,AB11,President,,,PETER SONSKI / LAUREN MICHELLE ONAK,0
Duchesne,AB11:CWNR,President,,,PETER SONSKI / LAUREN MICHELLE ONAK,0
Duchesne,AB11:CWUR,President,,,PETER SONSKI / LAUREN MICHELLE ONAK,0
Duchesne,AB11:UR,President,,,PETER SONSKI / LAUREN MICHELLE ONAK,0
Duchesne,AB11:UWUR,President,,,PETER SONSKI / LAUREN MICHELLE ONAK,0
Duchesne,AL12:UR,President,,,PETER SONSKI / LAUREN MICHELLE ONAK,0
Duchesne,AM11,President,,,PETER SONSKI / LAUREN MICHELLE ONAK,0
Duchesne,AM11:DW,President,,,PETER SONSKI / LAUREN MICHELLE ONAK,0
Duchesne,AM11:DWUR,President,,,PETER SONSKI / LAUREN MICHELLE ONAK,0
Duchesne,AM11:GR,President,,,PETER SONSKI / LAUREN MICHELLE ONAK,0
Duchesne,AM11:JW1,President,,,PETER SONSKI / LAUREN MICHELLE ONAK,0
Duchesne,AM11:JW3,President,,,PETER SONSKI / LAUREN MICHELLE ONAK,0
Duchesne,AM11:JW4,President,,,PETER SONSKI / LAUREN MICHELLE ONAK,0
Duchesne,AR11:CWUR,President,,,PETER SONSKI / LAUREN MICHELLE ONAK,0
Duchesne,AR11:DWGR,President,,,PETER SONSKI / LAUREN MICHELLE ONAK,0
Duchesne,AR11:DWUR,President,,,PETER SONSKI / LAUREN MICHELLE ONAK,0
Duchesne,AR11:GR,President,,,PETER SONSKI / LAUREN MICHELLE ONAK,0
Duchesne,AR11:J1UR,President,,,PETER SONSKI / LAUREN MICHELLE ONAK,0
Duchesne,AR11:UR,President,,,PETER SONSKI / LAUREN MICHELLE ONAK,0
Duchesne,AR11:UWUR,President,,,PETER SONSKI / LAUREN MICHELLE ONAK,0
Duchesne,DU11,President,,,PETER SONSKI / LAUREN MICHELLE ONAK,0
Duchesne,DU11:DW,President,,,PETER SONSKI / LAUREN MICHELLE ONAK,0
Duchesne,DU11:DWGR,President,,,PETER SONSKI / LAUREN MICHELLE ONAK,0
Duchesne,DU11:GR,President,,,PETER SONSKI / LAUREN MICHELLE ONAK,0
Duchesne,DU11:PWGR,President,,,PETER SONSKI / LAUREN MICHELLE ONAK,0
Duchesne,DU11:PWTR,President,,,PETER SONSKI / LAUREN MICHELLE ONAK,0
Duchesne,DU11:TR,President,,,PETER SONSKI / LAUREN MICHELLE ONAK,0
Duchesne,DU12:DWGR,President,,,PETER SONSKI / LAUREN MICHELLE ONAK,0
Duchesne,DU12:GR,President,,,PETER SONSKI / LAUREN MICHELLE ONAK,0
Duchesne,FR11:FWGR,President,,,PETER SONSKI / LAUREN MICHELLE ONAK,0
Duchesne,FR11:GR,President,,,PETER SONSKI / LAUREN MICHELLE ONAK,0
Duchesne,FR11:HWTR,President,,,PETER SONSKI / LAUREN MICHELLE ONAK,0
Duchesne,FR11:PWGR,President,,,PETER SONSKI / LAUREN MICHELLE ONAK,0
Duchesne,FR11:PWTR,President,,,PETER SONSKI / LAUREN MICHELLE ONAK,0
Duchesne,FR11:TR,President,,,PETER SONSKI / LAUREN MICHELLE ONAK,0
Duchesne,MH11,President,,,PETER SONSKI / LAUREN MICHELLE ONAK,0
Duchesne,MH11:DWGR,President,,,PETER SONSKI / LAUREN MICHELLE ONAK,0
Duchesne,MH11:GR,President,,,PETER SONSKI / LAUREN MICHELLE ONAK,0
Duchesne,MH11:TR,President,,,PETER SONSKI / LAUREN MICHELLE ONAK,0
Duchesne,MH11:UR,President,,,PETER SONSKI / LAUREN MICHELLE ONAK,0
Duchesne,MH11:UWUR,President,,,PETER SONSKI / LAUREN MICHELLE ONAK,0
Duchesne,MY12,President,,,PETER SONSKI / LAUREN MICHELLE ONAK,0
Duchesne,MY12:JW1,President,,,PETER SONSKI / LAUREN MICHELLE ONAK,0
Duchesne,MY12:JW4,President,,,PETER SONSKI / LAUREN MICHELLE ONAK,0
Duchesne,NE11,President,,,PETER SONSKI / LAUREN MICHELLE ONAK,0
Duchesne,NE11:CW,President,,,PETER SONSKI / LAUREN MICHELLE ONAK,0
Duchesne,NE11:CWNR,President,,,PETER SONSKI / LAUREN MICHELLE ONAK,0
Duchesne,NE11:NR,President,,,PETER SONSKI / LAUREN MICHELLE ONAK,0
Duchesne,NE11:NW,President,,,PETER SONSKI / LAUREN MICHELLE ONAK,0
Duchesne,NE11:NWNR,President,,,PETER SONSKI / LAUREN MICHELLE ONAK,0
Duchesne,NE11:UR,President,,,PETER SONSKI / LAUREN MICHELLE ONAK,0
Duchesne,RO11:S3J2,President,,,PETER SONSKI / LAUREN MICHELLE ONAK,0
Duchesne,RO11:SBD2,President,,,PETER SONSKI / LAUREN MICHELLE ONAK,0
Duchesne,RO11:SBD3,President,,,PETER SONSKI / LAUREN MICHELLE ONAK,0
Duchesne,RO12,President,,,PETER SONSKI / LAUREN MICHELLE ONAK,0
Duchesne,RO12:JW2,President,,,PETER SONSKI / LAUREN MICHELLE ONAK,0
Duchesne,RO21,President,,,PETER SONSKI / LAUREN MICHELLE ONAK,1
Duchesne,RO21:CW,President,,,PETER SONSKI / LAUREN MICHELLE ONAK,0
Duchesne,RO22,President,,,PETER SONSKI / LAUREN MICHELLE ONAK,0
Duchesne,RO31,President,,,PETER SONSKI / LAUREN MICHELLE ONAK,0
Duchesne,RO32,President,,,PETER SONSKI / LAUREN MICHELLE ONAK,0
Duchesne,RO32:JW1,President,,,PETER SONSKI / LAUREN MICHELLE ONAK,0
Duchesne,RO32:JW2,President,,,PETER SONSKI / LAUREN MICHELLE ONAK,0
Duchesne,RO41,President,,,PETER SONSKI / LAUREN MICHELLE ONAK,0
Duchesne,RO41:CW,President,,,PETER SONSKI / LAUREN MICHELLE ONAK,0
Duchesne,RO42,President,,,PETER SONSKI / LAUREN MICHELLE ONAK,0
Duchesne,RO51,President,,,PETER SONSKI / LAUREN MICHELLE ONAK,0
Duchesne,RO51:CW,President,,,PETER SONSKI / LAUREN MICHELLE ONAK,0
Duchesne,RO51:DWUR,President,,,PETER SONSKI / LAUREN MICHELLE ONAK,0
Duchesne,RO51:J1UR,President,,,PETER SONSKI / LAUREN MICHELLE ONAK,0
Duchesne,RO51:JW1,President,,,PETER SONSKI / LAUREN MICHELLE ONAK,0
Duchesne,RO51:JW2,President,,,PETER SONSKI / LAUREN MICHELLE ONAK,0
Duchesne,RO51:JW3,President,,,PETER SONSKI / LAUREN MICHELLE ONAK,0
Duchesne,RO51:UR,President,,,PETER SONSKI / LAUREN MICHELLE ONAK,0
Duchesne,TA11,President,,,PETER SONSKI / LAUREN MICHELLE ONAK,0
Duchesne,TA11:FWTR,President,,,PETER SONSKI / LAUREN MICHELLE ONAK,0
Duchesne,TA11:HWTR,President,,,PETER SONSKI / LAUREN MICHELLE ONAK,0
Duchesne,TA11:PWTR,President,,,PETER SONSKI / LAUREN MICHELLE ONAK,0
Duchesne,TA11:TR,President,,,PETER SONSKI / LAUREN MICHELLE ONAK,0
Duchesne,TA12:TR,President,,,PETER SONSKI / LAUREN MICHELLE ONAK,0
Duchesne,Federal,President,,,PETER SONSKI / LAUREN MICHELLE ONAK,0
Duchesne,AB11,President,,,JAY J BOWMAN / DE D. BOWMAN,0
Duchesne,AB11:CWNR,President,,,JAY J BOWMAN / DE D. BOWMAN,0
Duchesne,AB11:CWUR,President,,,JAY J BOWMAN / DE D. BOWMAN,0
Duchesne,AB11:UR,President,,,JAY J BOWMAN / DE D. BOWMAN,0
Duchesne,AB11:UWUR,President,,,JAY J BOWMAN / DE D. BOWMAN,0
Duchesne,AL12:UR,President,,,JAY J BOWMAN / DE D. BOWMAN,0
Duchesne,AM11,President,,,JAY J BOWMAN / DE D. BOWMAN,0
Duchesne,AM11:DW,President,,,JAY J BOWMAN / DE D. BOWMAN,0
Duchesne,AM11:DWUR,President,,,JAY J BOWMAN / DE D. BOWMAN,0
Duchesne,AM11:GR,President,,,JAY J BOWMAN / DE D. BOWMAN,0
Duchesne,AM11:JW1,President,,,JAY J BOWMAN / DE D. BOWMAN,0
Duchesne,AM11:JW3,President,,,JAY J BOWMAN / DE D. BOWMAN,0
Duchesne,AM11:JW4,President,,,JAY J BOWMAN / DE D. BOWMAN,0
Duchesne,AR11:CWUR,President,,,JAY J BOWMAN / DE D. BOWMAN,0
Duchesne,AR11:DWGR,President,,,JAY J BOWMAN / DE D. BOWMAN,0
Duchesne,AR11:DWUR,President,,,JAY J BOWMAN / DE D. BOWMAN,0
Duchesne,AR11:GR,President,,,JAY J BOWMAN / DE D. BOWMAN,0
Duchesne,AR11:J1UR,President,,,JAY J BOWMAN / DE D. BOWMAN,0
Duchesne,AR11:UR,President,,,JAY J BOWMAN / DE D. BOWMAN,0
Duchesne,AR11:UWUR,President,,,JAY J BOWMAN / DE D. BOWMAN,0
Duchesne,DU11,President,,,JAY J BOWMAN / DE D. BOWMAN,0
Duchesne,DU11:DW,President,,,JAY J BOWMAN / DE D. BOWMAN,0
Duchesne,DU11:DWGR,President,,,JAY J BOWMAN / DE D. BOWMAN,0
Duchesne,DU11:GR,President,,,JAY J BOWMAN / DE D. BOWMAN,0
Duchesne,DU11:PWGR,President,,,JAY J BOWMAN / DE D. BOWMAN,0
Duchesne,DU11:PWTR,President,,,JAY J BOWMAN / DE D. BOWMAN,0
Duchesne,DU11:TR,President,,,JAY J BOWMAN / DE D. BOWMAN,0
Duchesne,DU12:DWGR,President,,,JAY J BOWMAN / DE D. BOWMAN,0
Duchesne,DU12:GR,President,,,JAY J BOWMAN / DE D. BOWMAN,0
Duchesne,FR11:FWGR,President,,,JAY J BOWMAN / DE D. BOWMAN,0
Duchesne,FR11:GR,President,,,JAY J BOWMAN / DE D. BOWMAN,0
Duchesne,FR11:HWTR,President,,,JAY J BOWMAN / DE D. BOWMAN,0
Duchesne,FR11:PWGR,President,,,JAY J BOWMAN / DE D. BOWMAN,0
Duchesne,FR11:PWTR,President,,,JAY J BOWMAN / DE D. BOWMAN,0
Duchesne,FR11:TR,President,,,JAY J BOWMAN / DE D. BOWMAN,0
Duchesne,MH11,President,,,JAY J BOWMAN / DE D. BOWMAN,0
Duchesne,MH11:DWGR,President,,,JAY J BOWMAN / DE D. BOWMAN,0
Duchesne,MH11:GR,President,,,JAY J BOWMAN / DE D. BOWMAN,0
Duchesne,MH11:TR,President,,,JAY J BOWMAN / DE D. BOWMAN,0
Duchesne,MH11:UR,President,,,JAY J BOWMAN / DE D. BOWMAN,0
Duchesne,MH11:UWUR,President,,,JAY J BOWMAN / DE D. BOWMAN,0
Duchesne,MY12,President,,,JAY J BOWMAN / DE D. BOWMAN,0
Duchesne,MY12:JW1,President,,,JAY J BOWMAN / DE D. BOWMAN,0
Duchesne,MY12:JW4,President,,,JAY J BOWMAN / DE D. BOWMAN,0
Duchesne,NE11,President,,,JAY J BOWMAN / DE D. BOWMAN,0
Duchesne,NE11:CW,President,,,JAY J BOWMAN / DE D. BOWMAN,0
Duchesne,NE11:CWNR,President,,,JAY J BOWMAN / DE D. BOWMAN,0
Duchesne,NE11:NR,President,,,JAY J BOWMAN / DE D. BOWMAN,0
Duchesne,NE11:NW,President,,,JAY J BOWMAN / DE D. BOWMAN,0
Duchesne,NE11:NWNR,President,,,JAY J BOWMAN / DE D. BOWMAN,0
Duchesne,NE11:UR,President,,,JAY J BOWMAN / DE D. BOWMAN,0
Duchesne,RO11:S3J2,President,,,JAY J BOWMAN / DE D. BOWMAN,0
Duchesne,RO11:SBD2,President,,,JAY J BOWMAN / DE D. BOWMAN,0
Duchesne,RO11:SBD3,President,,,JAY J BOWMAN / DE D. BOWMAN,0
Duchesne,RO12,President,,,JAY J BOWMAN / DE D. BOWMAN,0
Duchesne,RO12:JW2,President,,,JAY J BOWMAN / DE D. BOWMAN,0
Duchesne,RO21,President,,,JAY J BOWMAN / DE D. BOWMAN,0
Duchesne,RO21:CW,President,,,JAY J BOWMAN / DE D. BOWMAN,0
Duchesne,RO22,President,,,JAY J BOWMAN / DE D. BOWMAN,0
Duchesne,RO31,President,,,JAY J BOWMAN / DE D. BOWMAN,0
Duchesne,RO32,President,,,JAY J BOWMAN / DE D. BOWMAN,0
Duchesne,RO32:JW1,President,,,JAY J BOWMAN / DE D. BOWMAN,0
Duchesne,RO32:JW2,President,,,JAY J BOWMAN / DE D. BOWMAN,0
Duchesne,RO41,President,,,JAY J BOWMAN / DE D. BOWMAN,0
Duchesne,RO41:CW,President,,,JAY J BOWMAN / DE D. BOWMAN,0
Duchesne,RO42,President,,,JAY J BOWMAN / DE D. BOWMAN,0
Duchesne,RO51,President,,,JAY J BOWMAN / DE D. BOWMAN,0
Duchesne,RO51:CW,President,,,JAY J BOWMAN / DE D. BOWMAN,0
Duchesne,RO51:DWUR,President,,,JAY J BOWMAN / DE D. BOWMAN,0
Duchesne,RO51:J1UR,President,,,JAY J BOWMAN / DE D. BOWMAN,0
Duchesne,RO51:JW1,President,,,JAY J BOWMAN / DE D. BOWMAN,0
Duchesne,RO51:JW2,President,,,JAY J BOWMAN / DE D. BOWMAN,0
Duchesne,RO51:JW3,President,,,JAY J BOWMAN / DE D. BOWMAN,0
Duchesne,RO51:UR,President,,,JAY J BOWMAN / DE D. BOWMAN,0
Duchesne,TA11,President,,,JAY J BOWMAN / DE D. BOWMAN,0
Duchesne,TA11:FWTR,President,,,JAY J BOWMAN / DE D. BOWMAN,0
Duchesne,TA11:HWTR,President,,,JAY J BOWMAN / DE D. BOWMAN,0
Duchesne,TA11:PWTR,President,,,JAY J BOWMAN / DE D. BOWMAN,0
Duchesne,TA11:TR,President,,,JAY J BOWMAN / DE D. BOWMAN,0
Duchesne,TA12:TR,President,,,JAY J BOWMAN / DE D. BOWMAN,0
Duchesne,Federal,President,,,JAY J BOWMAN / DE D. BOWMAN,0
Duchesne,AB11,President,,,STEVE M. JOHNSON,0
Duchesne,AB11:CWNR,President,,,STEVE M. JOHNSON,0
Duchesne,AB11:CWUR,President,,,STEVE M. JOHNSON,0
Duchesne,AB11:UR,President,,,STEVE M. JOHNSON,0
Duchesne,AB11:UWUR,President,,,STEVE M. JOHNSON,0
Duchesne,AL12:UR,President,,,STEVE M. JOHNSON,0
Duchesne,AM11,President,,,STEVE M. JOHNSON,0
Duchesne,AM11:DW,President,,,STEVE M. JOHNSON,0
Duchesne,AM11:DWUR,President,,,STEVE M. JOHNSON,0
Duchesne,AM11:GR,President,,,STEVE M. JOHNSON,0
Duchesne,AM11:JW1,President,,,STEVE M. JOHNSON,0
Duchesne,AM11:JW3,President,,,STEVE M. JOHNSON,0
Duchesne,AM11:JW4,President,,,STEVE M. JOHNSON,0
Duchesne,AR11:CWUR,President,,,STEVE M. JOHNSON,0
Duchesne,AR11:DWGR,President,,,STEVE M. JOHNSON,0
Duchesne,AR11:DWUR,President,,,STEVE M. JOHNSON,0
Duchesne,AR11:GR,President,,,STEVE M. JOHNSON,0
Duchesne,AR11:J1UR,President,,,STEVE M. JOHNSON,0
Duchesne,AR11:UR,President,,,STEVE M. JOHNSON,0
Duchesne,AR11:UWUR,President,,,STEVE M. JOHNSON,0
Duchesne,DU11,President,,,STEVE M. JOHNSON,0
Duchesne,DU11:DW,President,,,STEVE M. JOHNSON,0
Duchesne,DU11:DWGR,President,,,STEVE M. JOHNSON,0
Duchesne,DU11:GR,President,,,STEVE M. JOHNSON,0
Duchesne,DU11:PWGR,President,,,STEVE M. JOHNSON,0
Duchesne,DU11:PWTR,President,,,STEVE M. JOHNSON,0
Duchesne,DU11:TR,President,,,STEVE M. JOHNSON,0
Duchesne,DU12:DWGR,President,,,STEVE M. JOHNSON,0
Duchesne,DU12:GR,President,,,STEVE M. JOHNSON,0
Duchesne,FR11:FWGR,President,,,STEVE M. JOHNSON,0
Duchesne,FR11:GR,President,,,STEVE M. JOHNSON,0
Duchesne,FR11:HWTR,President,,,STEVE M. JOHNSON,0
Duchesne,FR11:PWGR,President,,,STEVE M. JOHNSON,0
Duchesne,FR11:PWTR,President,,,STEVE M. JOHNSON,0
Duchesne,FR11:TR,President,,,STEVE M. JOHNSON,0
Duchesne,MH11,President,,,STEVE M. JOHNSON,0
Duchesne,MH11:DWGR,President,,,STEVE M. JOHNSON,0
Duchesne,MH11:GR,President,,,STEVE M. JOHNSON,0
Duchesne,MH11:TR,President,,,STEVE M. JOHNSON,0
Duchesne,MH11:UR,President,,,STEVE M. JOHNSON,0
Duchesne,MH11:UWUR,President,,,STEVE M. JOHNSON,0
Duchesne,MY12,President,,,STEVE M. JOHNSON,0
Duchesne,MY12:JW1,President,,,STEVE M. JOHNSON,0
Duchesne,MY12:JW4,President,,,STEVE M. JOHNSON,0
Duchesne,NE11,President,,,STEVE M. JOHNSON,0
Duchesne,NE11:CW,President,,,STEVE M. JOHNSON,0
Duchesne,NE11:CWNR,President,,,STEVE M. JOHNSON,0
Duchesne,NE11:NR,President,,,STEVE M. JOHNSON,0
Duchesne,NE11:NW,President,,,STEVE M. JOHNSON,0
Duchesne,NE11:NWNR,President,,,STEVE M. JOHNSON,0
Duchesne,NE11:UR,President,,,STEVE M. JOHNSON,0
Duchesne,RO11:S3J2,President,,,STEVE M. JOHNSON,0
Duchesne,RO11:SBD2,President,,,STEVE M. JOHNSON,0
Duchesne,RO11:SBD3,President,,,STEVE M. JOHNSON,0
Duchesne,RO12,President,,,STEVE M. JOHNSON,0
Duchesne,RO12:JW2,President,,,STEVE M. JOHNSON,0
Duchesne,RO21,President,,,STEVE M. JOHNSON,0
Duchesne,RO21:CW,President,,,STEVE M. JOHNSON,0
Duchesne,RO22,President,,,STEVE M. JOHNSON,0
Duchesne,RO31,President,,,STEVE M. JOHNSON,0
Duchesne,RO32,President,,,STEVE M. JOHNSON,0
Duchesne,RO32:JW1,President,,,STEVE M. JOHNSON,0
Duchesne,RO32:JW2,President,,,STEVE M. JOHNSON,0
Duchesne,RO41,President,,,STEVE M. JOHNSON,0
Duchesne,RO41:CW,President,,,STEVE M. JOHNSON,0
Duchesne,RO42,President,,,STEVE M. JOHNSON,0
Duchesne,RO51,President,,,STEVE M. JOHNSON,0
Duchesne,RO51:CW,President,,,STEVE M. JOHNSON,0
Duchesne,RO51:DWUR,President,,,STEVE M. JOHNSON,0
Duchesne,RO51:J1UR,President,,,STEVE M. JOHNSON,0
Duchesne,RO51:JW1,President,,,STEVE M. JOHNSON,0
Duchesne,RO51:JW2,President,,,STEVE M. JOHNSON,0
Duchesne,RO51:JW3,President,,,STEVE M. JOHNSON,0
Duchesne,RO51:UR,President,,,STEVE M. JOHNSON,0
Duchesne,TA11,President,,,STEVE M. JOHNSON,0
Duchesne,TA11:FWTR,President,,,STEVE M. JOHNSON,0
Duchesne,TA11:HWTR,President,,,STEVE M. JOHNSON,0
Duchesne,TA11:PWTR,President,,,STEVE M. JOHNSON,0
Duchesne,TA11:TR,President,,,STEVE M. JOHNSON,0
Duchesne,TA12:TR,President,,,STEVE M. JOHNSON,0
Duchesne,Federal,President,,,STEVE M. JOHNSON,0
Duchesne,AB11,President,,,ANDRE RAMON MC NEIL,0
Duchesne,AB11:CWNR,President,,,ANDRE RAMON MC NEIL,0
Duchesne,AB11:CWUR,President,,,ANDRE RAMON MC NEIL,0
Duchesne,AB11:UR,President,,,ANDRE RAMON MC NEIL,0
Duchesne,AB11:UWUR,President,,,ANDRE RAMON MC NEIL,0
Duchesne,AL12:UR,President,,,ANDRE RAMON MC NEIL,0
Duchesne,AM11,President,,,ANDRE RAMON MC NEIL,0
Duchesne,AM11:DW,President,,,ANDRE RAMON MC NEIL,0
Duchesne,AM11:DWUR,President,,,ANDRE RAMON MC NEIL,0
Duchesne,AM11:GR,President,,,ANDRE RAMON MC NEIL,0
Duchesne,AM11:JW1,President,,,ANDRE RAMON MC NEIL,0
Duchesne,AM11:JW3,President,,,ANDRE RAMON MC NEIL,0
Duchesne,AM11:JW4,President,,,ANDRE RAMON MC NEIL,0
Duchesne,AR11:CWUR,President,,,ANDRE RAMON MC NEIL,0
Duchesne,AR11:DWGR,President,,,ANDRE RAMON MC NEIL,0
Duchesne,AR11:DWUR,President,,,ANDRE RAMON MC NEIL,0
Duchesne,AR11:GR,President,,,ANDRE RAMON MC NEIL,0
Duchesne,AR11:J1UR,President,,,ANDRE RAMON MC NEIL,0
Duchesne,AR11:UR,President,,,ANDRE RAMON MC NEIL,0
Duchesne,AR11:UWUR,President,,,ANDRE RAMON MC NEIL,0
Duchesne,DU11,President,,,ANDRE RAMON MC NEIL,0
Duchesne,DU11:DW,President,,,ANDRE RAMON MC NEIL,0
Duchesne,DU11:DWGR,President,,,ANDRE RAMON MC NEIL,0
Duchesne,DU11:GR,President,,,ANDRE RAMON MC NEIL,0
Duchesne,DU11:PWGR,President,,,ANDRE RAMON MC NEIL,0
Duchesne,DU11:PWTR,President,,,ANDRE RAMON MC NEIL,0
Duchesne,DU11:TR,President,,,ANDRE RAMON MC NEIL,0
Duchesne,DU12:DWGR,President,,,ANDRE RAMON MC NEIL,0
Duchesne,DU12:GR,President,,,ANDRE RAMON MC NEIL,0
Duchesne,FR11:FWGR,President,,,ANDRE RAMON MC NEIL,0
Duchesne,FR11:GR,President,,,ANDRE RAMON MC NEIL,0
Duchesne,FR11:HWTR,President,,,ANDRE RAMON MC NEIL,0
Duchesne,FR11:PWGR,President,,,ANDRE RAMON MC NEIL,0
Duchesne,FR11:PWTR,President,,,ANDRE RAMON MC NEIL,0
Duchesne,FR11:TR,President,,,ANDRE RAMON MC NEIL,0
Duchesne,MH11,President,,,ANDRE RAMON MC NEIL,0
Duchesne,MH11:DWGR,President,,,ANDRE RAMON MC NEIL,0
Duchesne,MH11:GR,President,,,ANDRE RAMON MC NEIL,0
Duchesne,MH11:TR,President,,,ANDRE RAMON MC NEIL,0
Duchesne,MH11:UR,President,,,ANDRE RAMON MC NEIL,0
Duchesne,MH11:UWUR,President,,,ANDRE RAMON MC NEIL,0
Duchesne,MY12,President,,,ANDRE RAMON MC NEIL,0
Duchesne,MY12:JW1,President,,,ANDRE RAMON MC NEIL,0
Duchesne,MY12:JW4,President,,,ANDRE RAMON MC NEIL,0
Duchesne,NE11,President,,,ANDRE RAMON MC NEIL,0
Duchesne,NE11:CW,President,,,ANDRE RAMON MC NEIL,0
Duchesne,NE11:CWNR,President,,,ANDRE RAMON MC NEIL,0
Duchesne,NE11:NR,President,,,ANDRE RAMON MC NEIL,0
Duchesne,NE11:NW,President,,,ANDRE RAMON MC NEIL,0
Duchesne,NE11:NWNR,President,,,ANDRE RAMON MC NEIL,0
Duchesne,NE11:UR,President,,,ANDRE RAMON MC NEIL,0
Duchesne,RO11:S3J2,President,,,ANDRE RAMON MC NEIL,0
Duchesne,RO11:SBD2,President,,,ANDRE RAMON MC NEIL,0
Duchesne,RO11:SBD3,President,,,ANDRE RAMON MC NEIL,0
Duchesne,RO12,President,,,ANDRE RAMON MC NEIL,0
Duchesne,RO12:JW2,President,,,ANDRE RAMON MC NEIL,0
Duchesne,RO21,President,,,ANDRE RAMON MC NEIL,0
Duchesne,RO21:CW,President,,,ANDRE RAMON MC NEIL,0
Duchesne,RO22,President,,,ANDRE RAMON MC NEIL,0
Duchesne,RO31,President,,,ANDRE RAMON MC NEIL,0
Duchesne,RO32,President,,,ANDRE RAMON MC NEIL,0
Duchesne,RO32:JW1,President,,,ANDRE RAMON MC NEIL,0
Duchesne,RO32:JW2,President,,,ANDRE RAMON MC NEIL,0
Duchesne,RO41,President,,,ANDRE RAMON MC NEIL,0
Duchesne,RO41:CW,President,,,ANDRE RAMON MC NEIL,0
Duchesne,RO42,President,,,ANDRE RAMON MC NEIL,0
Duchesne,RO51,President,,,ANDRE RAMON MC NEIL,0
Duchesne,RO51:CW,President,,,ANDRE RAMON MC NEIL,0
Duchesne,RO51:DWUR,President,,,ANDRE RAMON MC NEIL,0
Duchesne,RO51:J1UR,President,,,ANDRE RAMON MC NEIL,0
Duchesne,RO51:JW1,President,,,ANDRE RAMON MC NEIL,0
Duchesne,RO51:JW2,President,,,ANDRE RAMON MC NEIL,0
Duchesne,RO51:JW3,President,,,ANDRE RAMON MC NEIL,0
Duchesne,RO51:UR,President,,,ANDRE RAMON MC NEIL,0
Duchesne,TA11,President,,,ANDRE RAMON MC NEIL,0
Duchesne,TA11:FWTR,President,,,ANDRE RAMON MC NEIL,0
Duchesne,TA11:HWTR,President,,,ANDRE RAMON MC NEIL,0
Duchesne,TA11:PWTR,President,,,ANDRE RAMON MC NEIL,0
Duchesne,TA11:TR,President,,,ANDRE RAMON MC NEIL,0
Duchesne,TA12:TR,President,,,ANDRE RAMON MC NEIL,0
Duchesne,Federal,President,,,ANDRE RAMON MC NEIL,0
Duchesne,AB11,President,,,SHONDRA YEVETTE IRVING,0
Duchesne,AB11:CWNR,President,,,SHONDRA YEVETTE IRVING,0
Duchesne,AB11:CWUR,President,,,SHONDRA YEVETTE IRVING,0
Duchesne,AB11:UR,President,,,SHONDRA YEVETTE IRVING,0
Duchesne,AB11:UWUR,President,,,SHONDRA YEVETTE IRVING,0
Duchesne,AL12:UR,President,,,SHONDRA YEVETTE IRVING,0
Duchesne,AM11,President,,,SHONDRA YEVETTE IRVING,0
Duchesne,AM11:DW,President,,,SHONDRA YEVETTE IRVING,0
Duchesne,AM11:DWUR,President,,,SHONDRA YEVETTE IRVING,0
Duchesne,AM11:GR,President,,,SHONDRA YEVETTE IRVING,0
Duchesne,AM11:JW1,President,,,SHONDRA YEVETTE IRVING,0
Duchesne,AM11:JW3,President,,,SHONDRA YEVETTE IRVING,0
Duchesne,AM11:JW4,President,,,SHONDRA YEVETTE IRVING,0
Duchesne,AR11:CWUR,President,,,SHONDRA YEVETTE IRVING,0
Duchesne,AR11:DWGR,President,,,SHONDRA YEVETTE IRVING,0
Duchesne,AR11:DWUR,President,,,SHONDRA YEVETTE IRVING,0
Duchesne,AR11:GR,President,,,SHONDRA YEVETTE IRVING,0
Duchesne,AR11:J1UR,President,,,SHONDRA YEVETTE IRVING,0
Duchesne,AR11:UR,President,,,SHONDRA YEVETTE IRVING,0
Duchesne,AR11:UWUR,President,,,SHONDRA YEVETTE IRVING,0
Duchesne,DU11,President,,,SHONDRA YEVETTE IRVING,0
Duchesne,DU11:DW,President,,,SHONDRA YEVETTE IRVING,0
Duchesne,DU11:DWGR,President,,,SHONDRA YEVETTE IRVING,0
Duchesne,DU11:GR,President,,,SHONDRA YEVETTE IRVING,0
Duchesne,DU11:PWGR,President,,,SHONDRA YEVETTE IRVING,0
Duchesne,DU11:PWTR,President,,,SHONDRA YEVETTE IRVING,0
Duchesne,DU11:TR,President,,,SHONDRA YEVETTE IRVING,0
Duchesne,DU12:DWGR,President,,,SHONDRA YEVETTE IRVING,0
Duchesne,DU12:GR,President,,,SHONDRA YEVETTE IRVING,0
Duchesne,FR11:FWGR,President,,,SHONDRA YEVETTE IRVING,0
Duchesne,FR11:GR,President,,,SHONDRA YEVETTE IRVING,0
Duchesne,FR11:HWTR,President,,,SHONDRA YEVETTE IRVING,0
Duchesne,FR11:PWGR,President,,,SHONDRA YEVETTE IRVING,0
Duchesne,FR11:PWTR,President,,,SHONDRA YEVETTE IRVING,0
Duchesne,FR11:TR,President,,,SHONDRA YEVETTE IRVING,0
Duchesne,MH11,President,,,SHONDRA YEVETTE IRVING,0
Duchesne,MH11:DWGR,President,,,SHONDRA YEVETTE IRVING,0
Duchesne,MH11:GR,President,,,SHONDRA YEVETTE IRVING,0
Duchesne,MH11:TR,President,,,SHONDRA YEVETTE IRVING,0
Duchesne,MH11:UR,President,,,SHONDRA YEVETTE IRVING,0
Duchesne,MH11:UWUR,President,,,SHONDRA YEVETTE IRVING,0
Duchesne,MY12,President,,,SHONDRA YEVETTE IRVING,0
Duchesne,MY12:JW1,President,,,SHONDRA YEVETTE IRVING,0
Duchesne,MY12:JW4,President,,,SHONDRA YEVETTE IRVING,0
Duchesne,NE11,President,,,SHONDRA YEVETTE IRVING,0
Duchesne,NE11:CW,President,,,SHONDRA YEVETTE IRVING,0
Duchesne,NE11:CWNR,President,,,SHONDRA YEVETTE IRVING,0
Duchesne,NE11:NR,President,,,SHONDRA YEVETTE IRVING,0
Duchesne,NE11:NW,President,,,SHONDRA YEVETTE IRVING,0
Duchesne,NE11:NWNR,President,,,SHONDRA YEVETTE IRVING,0
Duchesne,NE11:UR,President,,,SHONDRA YEVETTE IRVING,0
Duchesne,RO11:S3J2,President,,,SHONDRA YEVETTE IRVING,0
Duchesne,RO11:SBD2,President,,,SHONDRA YEVETTE IRVING,0
Duchesne,RO11:SBD3,President,,,SHONDRA YEVETTE IRVING,0
Duchesne,RO12,President,,,SHONDRA YEVETTE IRVING,0
Duchesne,RO12:JW2,President,,,SHONDRA YEVETTE IRVING,0
Duchesne,RO21,President,,,SHONDRA YEVETTE IRVING,0
Duchesne,RO21:CW,President,,,SHONDRA YEVETTE IRVING,0
Duchesne,RO22,President,,,SHONDRA YEVETTE IRVING,0
Duchesne,RO31,President,,,SHONDRA YEVETTE IRVING,0
Duchesne,RO32,President,,,SHONDRA YEVETTE IRVING,0
Duchesne,RO32:JW1,President,,,SHONDRA YEVETTE IRVING,0
Duchesne,RO32:JW2,President,,,SHONDRA YEVETTE IRVING,0
Duchesne,RO41,President,,,SHONDRA YEVETTE IRVING,0
Duchesne,RO41:CW,President,,,SHONDRA YEVETTE IRVING,0
Duchesne,RO42,President,,,SHONDRA YEVETTE IRVING,0
Duchesne,RO51,President,,,SHONDRA YEVETTE IRVING,0
Duchesne,RO51:CW,President,,,SHONDRA YEVETTE IRVING,0
Duchesne,RO51:DWUR,President,,,SHONDRA YEVETTE IRVING,0
Duchesne,RO51:J1UR,President,,,SHONDRA YEVETTE IRVING,0
Duchesne,RO51:JW1,President,,,SHONDRA YEVETTE IRVING,0
Duchesne,RO51:JW2,President,,,SHONDRA YEVETTE IRVING,0
Duchesne,RO51:JW3,President,,,SHONDRA YEVETTE IRVING,0
Duchesne,RO51:UR,President,,,SHONDRA YEVETTE IRVING,0
Duchesne,TA11,President,,,SHONDRA YEVETTE IRVING,0
Duchesne,TA11:FWTR,President,,,SHONDRA YEVETTE IRVING,0
Duchesne,TA11:HWTR,President,,,SHONDRA YEVETTE IRVING,0
Duchesne,TA11:PWTR,President,,,SHONDRA YEVETTE IRVING,0
Duchesne,TA11:TR,President,,,SHONDRA YEVETTE IRVING,0
Duchesne,TA12:TR,President,,,SHONDRA YEVETTE IRVING,0
Duchesne,Federal,President,,,SHONDRA YEVETTE IRVING,0
Duchesne,AB11,President,,,BUDDIE ARDEN WILKERSON,0
Duchesne,AB11:CWNR,President,,,BUDDIE ARDEN WILKERSON,0
Duchesne,AB11:CWUR,President,,,BUDDIE ARDEN WILKERSON,0
Duchesne,AB11:UR,President,,,BUDDIE ARDEN WILKERSON,0
Duchesne,AB11:UWUR,President,,,BUDDIE ARDEN WILKERSON,0
Duchesne,AL12:UR,President,,,BUDDIE ARDEN WILKERSON,0
Duchesne,AM11,President,,,BUDDIE ARDEN WILKERSON,0
Duchesne,AM11:DW,President,,,BUDDIE ARDEN WILKERSON,0
Duchesne,AM11:DWUR,President,,,BUDDIE ARDEN WILKERSON,0
Duchesne,AM11:GR,President,,,BUDDIE ARDEN WILKERSON,0
Duchesne,AM11:JW1,President,,,BUDDIE ARDEN WILKERSON,0
Duchesne,AM11:JW3,President,,,BUDDIE ARDEN WILKERSON,0
Duchesne,AM11:JW4,President,,,BUDDIE ARDEN WILKERSON,0
Duchesne,AR11:CWUR,President,,,BUDDIE ARDEN WILKERSON,0
Duchesne,AR11:DWGR,President,,,BUDDIE ARDEN WILKERSON,0
Duchesne,AR11:DWUR,President,,,BUDDIE ARDEN WILKERSON,0
Duchesne,AR11:GR,President,,,BUDDIE ARDEN WILKERSON,0
Duchesne,AR11:J1UR,President,,,BUDDIE ARDEN WILKERSON,0
Duchesne,AR11:UR,President,,,BUDDIE ARDEN WILKERSON,0
Duchesne,AR11:UWUR,President,,,BUDDIE ARDEN WILKERSON,0
Duchesne,DU11,President,,,BUDDIE ARDEN WILKERSON,0
Duchesne,DU11:DW,President,,,BUDDIE ARDEN WILKERSON,0
Duchesne,DU11:DWGR,President,,,BUDDIE ARDEN WILKERSON,0
Duchesne,DU11:GR,President,,,BUDDIE ARDEN WILKERSON,0
Duchesne,DU11:PWGR,President,,,BUDDIE ARDEN WILKERSON,0
Duchesne,DU11:PWTR,President,,,BUDDIE ARDEN WILKERSON,0
Duchesne,DU11:TR,President,,,BUDDIE ARDEN WILKERSON,0
Duchesne,DU12:DWGR,President,,,BUDDIE ARDEN WILKERSON,0
Duchesne,DU12:GR,President,,,BUDDIE ARDEN WILKERSON,0
Duchesne,FR11:FWGR,President,,,BUDDIE ARDEN WILKERSON,0
Duchesne,FR11:GR,President,,,BUDDIE ARDEN WILKERSON,0
Duchesne,FR11:HWTR,President,,,BUDDIE ARDEN WILKERSON,0
Duchesne,FR11:PWGR,President,,,BUDDIE ARDEN WILKERSON,0
Duchesne,FR11:PWTR,President,,,BUDDIE ARDEN WILKERSON,0
Duchesne,FR11:TR,President,,,BUDDIE ARDEN WILKERSON,0
Duchesne,MH11,President,,,BUDDIE ARDEN WILKERSON,0
Duchesne,MH11:DWGR,President,,,BUDDIE ARDEN WILKERSON,0
Duchesne,MH11:GR,President,,,BUDDIE ARDEN WILKERSON,0
Duchesne,MH11:TR,President,,,BUDDIE ARDEN WILKERSON,0
Duchesne,MH11:UR,President,,,BUDDIE ARDEN WILKERSON,0
Duchesne,MH11:UWUR,President,,,BUDDIE ARDEN WILKERSON,0
Duchesne,MY12,President,,,BUDDIE ARDEN WILKERSON,0
Duchesne,MY12:JW1,President,,,BUDDIE ARDEN WILKERSON,0
Duchesne,MY12:JW4,President,,,BUDDIE ARDEN WILKERSON,0
Duchesne,NE11,President,,,BUDDIE ARDEN WILKERSON,0
Duchesne,NE11:CW,President,,,BUDDIE ARDEN WILKERSON,0
Duchesne,NE11:CWNR,President,,,BUDDIE ARDEN WILKERSON,0
Duchesne,NE11:NR,President,,,BUDDIE ARDEN WILKERSON,0
Duchesne,NE11:NW,President,,,BUDDIE ARDEN WILKERSON,0
Duchesne,NE11:NWNR,President,,,BUDDIE ARDEN WILKERSON,0
Duchesne,NE11:UR,President,,,BUDDIE ARDEN WILKERSON,0
Duchesne,RO11:S3J2,President,,,BUDDIE ARDEN WILKERSON,0
Duchesne,RO11:SBD2,President,,,BUDDIE ARDEN WILKERSON,0
Duchesne,RO11:SBD3,President,,,BUDDIE ARDEN WILKERSON,0
Duchesne,RO12,President,,,BUDDIE ARDEN WILKERSON,0
Duchesne,RO12:JW2,President,,,BUDDIE ARDEN WILKERSON,0
Duchesne,RO21,President,,,BUDDIE ARDEN WILKERSON,0
Duchesne,RO21:CW,President,,,BUDDIE ARDEN WILKERSON,0
Duchesne,RO22,President,,,BUDDIE ARDEN WILKERSON,0
Duchesne,RO31,President,,,BUDDIE ARDEN WILKERSON,0
Duchesne,RO32,President,,,BUDDIE ARDEN WILKERSON,0
Duchesne,RO32:JW1,President,,,BUDDIE ARDEN WILKERSON,0
Duchesne,RO32:JW2,President,,,BUDDIE ARDEN WILKERSON,0
Duchesne,RO41,President,,,BUDDIE ARDEN WILKERSON,0
Duchesne,RO41:CW,President,,,BUDDIE ARDEN WILKERSON,0
Duchesne,RO42,President,,,BUDDIE ARDEN WILKERSON,0
Duchesne,RO51,President,,,BUDDIE ARDEN WILKERSON,0
Duchesne,RO51:CW,President,,,BUDDIE ARDEN WILKERSON,0
Duchesne,RO51:DWUR,President,,,BUDDIE ARDEN WILKERSON,0
Duchesne,RO51:J1UR,President,,,BUDDIE ARDEN WILKERSON,0
Duchesne,RO51:JW1,President,,,BUDDIE ARDEN WILKERSON,0
Duchesne,RO51:JW2,President,,,BUDDIE ARDEN WILKERSON,0
Duchesne,RO51:JW3,President,,,BUDDIE ARDEN WILKERSON,0
Duchesne,RO51:UR,President,,,BUDDIE ARDEN WILKERSON,0
Duchesne,TA11,President,,,BUDDIE ARDEN WILKERSON,0
Duchesne,TA11:FWTR,President,,,BUDDIE ARDEN WILKERSON,0
Duchesne,TA11:HWTR,President,,,BUDDIE ARDEN WILKERSON,0
Duchesne,TA11:PWTR,President,,,BUDDIE ARDEN WILKERSON,0
Duchesne,TA11:TR,President,,,BUDDIE ARDEN WILKERSON,0
Duchesne,TA12:TR,President,,,BUDDIE ARDEN WILKERSON,0
Duchesne,Federal,President,,,BUDDIE ARDEN WILKERSON,0
Duchesne,AB11,U.S. Senate,,IAP,CARLTON E. BOWEN,0
Duchesne,AB11:CWNR,U.S. Senate,,IAP,CARLTON E. BOWEN,0
Duchesne,AB11:CWUR,U.S. Senate,,IAP,CARLTON E. BOWEN,0
Duchesne,AB11:UR,U.S. Senate,,IAP,CARLTON E. BOWEN,0
Duchesne,AB11:UWUR,U.S. Senate,,IAP,CARLTON E. BOWEN,19
Duchesne,AL12:UR,U.S. Senate,,IAP,CARLTON E. BOWEN,8
Duchesne,AM11,U.S. Senate,,IAP,CARLTON E. BOWEN,4
Duchesne,AM11:DW,U.S. Senate,,IAP,CARLTON E. BOWEN,1
Duchesne,AM11:DWUR,U.S. Senate,,IAP,CARLTON E. BOWEN,0
Duchesne,AM11:GR,U.S. Senate,,IAP,CARLTON E. BOWEN,0
Duchesne,AM11:JW1,U.S. Senate,,IAP,CARLTON E. BOWEN,6
Duchesne,AM11:JW3,U.S. Senate,,IAP,CARLTON E. BOWEN,14
Duchesne,AM11:JW4,U.S. Senate,,IAP,CARLTON E. BOWEN,6
Duchesne,AR11:CWUR,U.S. Senate,,IAP,CARLTON E. BOWEN,0
Duchesne,AR11:DWGR,U.S. Senate,,IAP,CARLTON E. BOWEN,0
Duchesne,AR11:DWUR,U.S. Senate,,IAP,CARLTON E. BOWEN,4
Duchesne,AR11:GR,U.S. Senate,,IAP,CARLTON E. BOWEN,0
Duchesne,AR11:J1UR,U.S. Senate,,IAP,CARLTON E. BOWEN,10
Duchesne,AR11:UR,U.S. Senate,,IAP,CARLTON E. BOWEN,4
Duchesne,AR11:UWUR,U.S. Senate,,IAP,CARLTON E. BOWEN,12
Duchesne,DU11,U.S. Senate,,IAP,CARLTON E. BOWEN,0
Duchesne,DU11:DW,U.S. Senate,,IAP,CARLTON E. BOWEN,0
Duchesne,DU11:DWGR,U.S. Senate,,IAP,CARLTON E. BOWEN,37
Duchesne,DU11:GR,U.S. Senate,,IAP,CARLTON E. BOWEN,7
Duchesne,DU11:PWGR,U.S. Senate,,IAP,CARLTON E. BOWEN,6
Duchesne,DU11:PWTR,U.S. Senate,,IAP,CARLTON E. BOWEN,0
Duchesne,DU11:TR,U.S. Senate,,IAP,CARLTON E. BOWEN,0
Duchesne,DU12:DWGR,U.S. Senate,,IAP,CARLTON E. BOWEN,0
Duchesne,DU12:GR,U.S. Senate,,IAP,CARLTON E. BOWEN,52
Duchesne,FR11:FWGR,U.S. Senate,,IAP,CARLTON E. BOWEN,25
Duchesne,FR11:GR,U.S. Senate,,IAP,CARLTON E. BOWEN,2
Duchesne,FR11:HWTR,U.S. Senate,,IAP,CARLTON E. BOWEN,0
Duchesne,FR11:PWGR,U.S. Senate,,IAP,CARLTON E. BOWEN,6
Duchesne,FR11:PWTR,U.S. Senate,,IAP,CARLTON E. BOWEN,0
Duchesne,FR11:TR,U.S. Senate,,IAP,CARLTON E. BOWEN,0
Duchesne,MH11,U.S. Senate,,IAP,CARLTON E. BOWEN,0
Duchesne,MH11:DWGR,U.S. Senate,,IAP,CARLTON E. BOWEN,1
Duchesne,MH11:GR,U.S. Senate,,IAP,CARLTON E. BOWEN,0
Duchesne,MH11:TR,U.S. Senate,,IAP,CARLTON E. BOWEN,0
Duchesne,MH11:UR,U.S. Senate,,IAP,CARLTON E. BOWEN,2
Duchesne,MH11:UWUR,U.S. Senate,,IAP,CARLTON E. BOWEN,8
Duchesne,MY12,U.S. Senate,,IAP,CARLTON E. BOWEN,15
Duchesne,MY12:JW1,U.S. Senate,,IAP,CARLTON E. BOWEN,0
Duchesne,MY12:JW4,U.S. Senate,,IAP,CARLTON E. BOWEN,0
Duchesne,NE11,U.S. Senate,,IAP,CARLTON E. BOWEN,5
Duchesne,NE11:CW,U.S. Senate,,IAP,CARLTON E. BOWEN,11
Duchesne,NE11:CWNR,U.S. Senate,,IAP,CARLTON E. BOWEN,32
Duchesne,NE11:NR,U.S. Senate,,IAP,CARLTON E. BOWEN,6
Duchesne,NE11:NW,U.S. Senate,,IAP,CARLTON E. BOWEN,6
Duchesne,NE11:NWNR,U.S. Senate,,IAP,CARLTON E. BOWEN,12
Duchesne,NE11:UR,U.S. Senate,,IAP,CARLTON E. BOWEN,0
Duchesne,RO11:S3J2,U.S. Senate,,IAP,CARLTON E. BOWEN,0
Duchesne,RO11:SBD2,U.S. Senate,,IAP,CARLTON E. BOWEN,1
Duchesne,RO11:SBD3,U.S. Senate,,IAP,CARLTON E. BOWEN,0
Duchesne,RO12,U.S. Senate,,IAP,CARLTON E. BOWEN,45
Duchesne,RO12:JW2,U.S. Senate,,IAP,CARLTON E. BOWEN,5
Duchesne,RO21,U.S. Senate,,IAP,CARLTON E. BOWEN,23
Duchesne,RO21:CW,U.S. Senate,,IAP,CARLTON E. BOWEN,3
Duchesne,RO22,U.S. Senate,,IAP,CARLTON E. BOWEN,39
Duchesne,RO31,U.S. Senate,,IAP,CARLTON E. BOWEN,8
Duchesne,RO32,U.S. Senate,,IAP,CARLTON E. BOWEN,32
Duchesne,RO32:JW1,U.S. Senate,,IAP,CARLTON E. BOWEN,0
Duchesne,RO32:JW2,U.S. Senate,,IAP,CARLTON E. BOWEN,0
Duchesne,RO41,U.S. Senate,,IAP,CARLTON E. BOWEN,14
Duchesne,RO41:CW,U.S. Senate,,IAP,CARLTON E. BOWEN,0
Duchesne,RO42,U.S. Senate,,IAP,CARLTON E. BOWEN,25
Duchesne,RO51,U.S. Senate,,IAP,CARLTON E. BOWEN,6
Duchesne,RO51:CW,U.S. Senate,,IAP,CARLTON E. BOWEN,0
Duchesne,RO51:DWUR,U.S. Senate,,IAP,CARLTON E. BOWEN,0
Duchesne,RO51:J1UR,U.S. Senate,,IAP,CARLTON E. BOWEN,0
Duchesne,RO51:JW1,U.S. Senate,,IAP,CARLTON E. BOWEN,10
Duchesne,RO51:JW2,U.S. Senate,,IAP,CARLTON E. BOWEN,12
Duchesne,RO51:JW3,U.S. Senate,,IAP,CARLTON E. BOWEN,3
Duchesne,RO51:UR,U.S. Senate,,IAP,CARLTON E. BOWEN,0
Duchesne,TA11,U.S. Senate,,IAP,CARLTON E. BOWEN,0
Duchesne,TA11:FWTR,U.S. Senate,,IAP,CARLTON E. BOWEN,0
Duchesne,TA11:HWTR,U.S. Senate,,IAP,CARLTON E. BOWEN,27
Duchesne,TA11:PWTR,U.S. Senate,,IAP,CARLTON E. BOWEN,0
Duchesne,TA11:TR,U.S. Senate,,IAP,CARLTON E. BOWEN,0
Duchesne,TA12:TR,U.S. Senate,,IAP,CARLTON E. BOWEN,16
Duchesne,Federal,U.S. Senate,,IAP,CARLTON E. BOWEN,0
Duchesne,AB11,U.S. Senate,,REP,JOHN CURTIS,23
Duchesne,AB11:CWNR,U.S. Senate,,REP,JOHN CURTIS,0
Duchesne,AB11:CWUR,U.S. Senate,,REP,JOHN CURTIS,0
Duchesne,AB11:UR,U.S. Senate,,REP,JOHN CURTIS,0
Duchesne,AB11:UWUR,U.S. Senate,,REP,JOHN CURTIS,333
Duchesne,AL12:UR,U.S. Senate,,REP,JOHN CURTIS,95
Duchesne,AM11,U.S. Senate,,REP,JOHN CURTIS,44
Duchesne,AM11:DW,U.S. Senate,,REP,JOHN CURTIS,33
Duchesne,AM11:DWUR,U.S. Senate,,REP,JOHN CURTIS,0
Duchesne,AM11:GR,U.S. Senate,,REP,JOHN CURTIS,0
Duchesne,AM11:JW1,U.S. Senate,,REP,JOHN CURTIS,10
Duchesne,AM11:JW3,U.S. Senate,,REP,JOHN CURTIS,76
Duchesne,AM11:JW4,U.S. Senate,,REP,JOHN CURTIS,102
Duchesne,AR11:CWUR,U.S. Senate,,REP,JOHN CURTIS,0
Duchesne,AR11:DWGR,U.S. Senate,,REP,JOHN CURTIS,37
Duchesne,AR11:DWUR,U.S. Senate,,REP,JOHN CURTIS,39
Duchesne,AR11:GR,U.S. Senate,,REP,JOHN CURTIS,0
Duchesne,AR11:J1UR,U.S. Senate,,REP,JOHN CURTIS,82
Duchesne,AR11:UR,U.S. Senate,,REP,JOHN CURTIS,26
Duchesne,AR11:UWUR,U.S. Senate,,REP,JOHN CURTIS,136
Duchesne,DU11,U.S. Senate,,REP,JOHN CURTIS,0
Duchesne,DU11:DW,U.S. Senate,,REP,JOHN CURTIS,0
Duchesne,DU11:DWGR,U.S. Senate,,REP,JOHN CURTIS,417
Duchesne,DU11:GR,U.S. Senate,,REP,JOHN CURTIS,141
Duchesne,DU11:PWGR,U.S. Senate,,REP,JOHN CURTIS,35
Duchesne,DU11:PWTR,U.S. Senate,,REP,JOHN CURTIS,0
Duchesne,DU11:TR,U.S. Senate,,REP,JOHN CURTIS,0
Duchesne,DU12:DWGR,U.S. Senate,,REP,JOHN CURTIS,16
Duchesne,DU12:GR,U.S. Senate,,REP,JOHN CURTIS,617
Duchesne,FR11:FWGR,U.S. Senate,,REP,JOHN CURTIS,180
Duchesne,FR11:GR,U.S. Senate,,REP,JOHN CURTIS,30
Duchesne,FR11:HWTR,U.S. Senate,,REP,JOHN CURTIS,0
Duchesne,FR11:PWGR,U.S. Senate,,REP,JOHN CURTIS,92
Duchesne,FR11:PWTR,U.S. Senate,,REP,JOHN CURTIS,0
Duchesne,FR11:TR,U.S. Senate,,REP,JOHN CURTIS,0
Duchesne,MH11,U.S. Senate,,REP,JOHN CURTIS,0
Duchesne,MH11:DWGR,U.S. Senate,,REP,JOHN CURTIS,17
Duchesne,MH11:GR,U.S. Senate,,REP,JOHN CURTIS,12
Duchesne,MH11:TR,U.S. Senate,,REP,JOHN CURTIS,0
Duchesne,MH11:UR,U.S. Senate,,REP,JOHN CURTIS,61
Duchesne,MH11:UWUR,U.S. Senate,,REP,JOHN CURTIS,335
Duchesne,MY12,U.S. Senate,,REP,JOHN CURTIS,128
Duchesne,MY12:JW1,U.S. Senate,,REP,JOHN CURTIS,0
Duchesne,MY12:JW4,U.S. Senate,,REP,JOHN CURTIS,0
Duchesne,NE11,U.S. Senate,,REP,JOHN CURTIS,30
Duchesne,NE11:CW,U.S. Senate,,REP,JOHN CURTIS,123
Duchesne,NE11:CWNR,U.S. Senate,,REP,JOHN CURTIS,371
Duchesne,NE11:NR,U.S. Senate,,REP,JOHN CURTIS,64
Duchesne,NE11:NW,U.S. Senate,,REP,JOHN CURTIS,25
Duchesne,NE11:NWNR,U.S. Senate,,REP,JOHN CURTIS,211
Duchesne,NE11:UR,U.S. Senate,,REP,JOHN CURTIS,0
Duchesne,RO11:S3J2,U.S. Senate,,REP,JOHN CURTIS,0
Duchesne,RO11:SBD2,U.S. Senate,,REP,JOHN CURTIS,46
Duchesne,RO11:SBD3,U.S. Senate,,REP,JOHN CURTIS,0
Duchesne,RO12,U.S. Senate,,REP,JOHN CURTIS,413
Duchesne,RO12:JW2,U.S. Senate,,REP,JOHN CURTIS,139
Duchesne,RO21,U.S. Senate,,REP,JOHN CURTIS,143
Duchesne,RO21:CW,U.S. Senate,,REP,JOHN CURTIS,24
Duchesne,RO22,U.S. Senate,,REP,JOHN CURTIS,601
Duchesne,RO31,U.S. Senate,,REP,JOHN CURTIS,111
Duchesne,RO32,U.S. Senate,,REP,JOHN CURTIS,445
Duchesne,RO32:JW1,U.S. Senate,,REP,JOHN CURTIS,0
Duchesne,RO32:JW2,U.S. Senate,,REP,JOHN CURTIS,0
Duchesne,RO41,U.S. Senate,,REP,JOHN CURTIS,331
Duchesne,RO41:CW,U.S. Senate,,REP,JOHN CURTIS,22
Duchesne,RO42,U.S. Senate,,REP,JOHN CURTIS,412
Duchesne,RO51,U.S. Senate,,REP,JOHN CURTIS,9
Duchesne,RO51:CW,U.S. Senate,,REP,JOHN CURTIS,0
Duchesne,RO51:DWUR,U.S. Senate,,REP,JOHN CURTIS,0
Duchesne,RO51:J1UR,U.S. Senate,,REP,JOHN CURTIS,0
Duchesne,RO51:JW1,U.S. Senate,,REP,JOHN CURTIS,151
Duchesne,RO51:JW2,U.S. Senate,,REP,JOHN CURTIS,171
Duchesne,RO51:JW3,U.S. Senate,,REP,JOHN CURTIS,92
Duchesne,RO51:UR,U.S. Senate,,REP,JOHN CURTIS,0
Duchesne,TA11,U.S. Senate,,REP,JOHN CURTIS,0
Duchesne,TA11:FWTR,U.S. Senate,,REP,JOHN CURTIS,0
Duchesne,TA11:HWTR,U.S. Senate,,REP,JOHN CURTIS,219
Duchesne,TA11:PWTR,U.S. Senate,,REP,JOHN CURTIS,0
Duchesne,TA11:TR,U.S. Senate,,REP,JOHN CURTIS,29
Duchesne,TA12:TR,U.S. Senate,,REP,JOHN CURTIS,61
Duchesne,Federal,U.S. Senate,,REP,JOHN CURTIS,0
Duchesne,AB11,U.S. Senate,,DEM,CAROLINE GLEICH,0
Duchesne,AB11:CWNR,U.S. Senate,,DEM,CAROLINE GLEICH,0
Duchesne,AB11:CWUR,U.S. Senate,,DEM,CAROLINE GLEICH,0
Duchesne,AB11:UR,U.S. Senate,,DEM,CAROLINE GLEICH,0
Duchesne,AB11:UWUR,U.S. Senate,,DEM,CAROLINE GLEICH,19
Duchesne,AL12:UR,U.S. Senate,,DEM,CAROLINE GLEICH,8
Duchesne,AM11,U.S. Senate,,DEM,CAROLINE GLEICH,6
Duchesne,AM11:DW,U.S. Senate,,DEM,CAROLINE GLEICH,1
Duchesne,AM11:DWUR,U.S. Senate,,DEM,CAROLINE GLEICH,0
Duchesne,AM11:GR,U.S. Senate,,DEM,CAROLINE GLEICH,0
Duchesne,AM11:JW1,U.S. Senate,,DEM,CAROLINE GLEICH,4
Duchesne,AM11:JW3,U.S. Senate,,DEM,CAROLINE GLEICH,1
Duchesne,AM11:JW4,U.S. Senate,,DEM,CAROLINE GLEICH,12
Duchesne,AR11:CWUR,U.S. Senate,,DEM,CAROLINE GLEICH,0
Duchesne,AR11:DWGR,U.S. Senate,,DEM,CAROLINE GLEICH,1
Duchesne,AR11:DWUR,U.S. Senate,,DEM,CAROLINE GLEICH,1
Duchesne,AR11:GR,U.S. Senate,,DEM,CAROLINE GLEICH,0
Duchesne,AR11:J1UR,U.S. Senate,,DEM,CAROLINE GLEICH,2
Duchesne,AR11:UR,U.S. Senate,,DEM,CAROLINE GLEICH,0
Duchesne,AR11:UWUR,U.S. Senate,,DEM,CAROLINE GLEICH,6
Duchesne,DU11,U.S. Senate,,DEM,CAROLINE GLEICH,0
Duchesne,DU11:DW,U.S. Senate,,DEM,CAROLINE GLEICH,0
Duchesne,DU11:DWGR,U.S. Senate,,DEM,CAROLINE GLEICH,27
Duchesne,DU11:GR,U.S. Senate,,DEM,CAROLINE GLEICH,13
Duchesne,DU11:PWGR,U.S. Senate,,DEM,CAROLINE GLEICH,18
Duchesne,DU11:PWTR,U.S. Senate,,DEM,CAROLINE GLEICH,0
Duchesne,DU11:TR,U.S. Senate,,DEM,CAROLINE GLEICH,0
Duchesne,DU12:DWGR,U.S. Senate,,DEM,CAROLINE GLEICH,0
Duchesne,DU12:GR,U.S. Senate,,DEM,CAROLINE GLEICH,52
Duchesne,FR11:FWGR,U.S. Senate,,DEM,CAROLINE GLEICH,40
Duchesne,FR11:GR,U.S. Senate,,DEM,CAROLINE GLEICH,9
Duchesne,FR11:HWTR,U.S. Senate,,DEM,CAROLINE GLEICH,0
Duchesne,FR11:PWGR,U.S. Senate,,DEM,CAROLINE GLEICH,28
Duchesne,FR11:PWTR,U.S. Senate,,DEM,CAROLINE GLEICH,0
Duchesne,FR11:TR,U.S. Senate,,DEM,CAROLINE GLEICH,0
Duchesne,MH11,U.S. Senate,,DEM,CAROLINE GLEICH,0
Duchesne,MH11:DWGR,U.S. Senate,,DEM,CAROLINE GLEICH,0
Duchesne,MH11:GR,U.S. Senate,,DEM,CAROLINE GLEICH,6
Duchesne,MH11:TR,U.S. Senate,,DEM,CAROLINE GLEICH,0
Duchesne,MH11:UR,U.S. Senate,,DEM,CAROLINE GLEICH,13
Duchesne,MH11:UWUR,U.S. Senate,,DEM,CAROLINE GLEICH,22
Duchesne,MY12,U.S. Senate,,DEM,CAROLINE GLEICH,30
Duchesne,MY12:JW1,U.S. Senate,,DEM,CAROLINE GLEICH,0
Duchesne,MY12:JW4,U.S. Senate,,DEM,CAROLINE GLEICH,0
Duchesne,NE11,U.S. Senate,,DEM,CAROLINE GLEICH,1
Duchesne,NE11:CW,U.S. Senate,,DEM,CAROLINE GLEICH,11
Duchesne,NE11:CWNR,U.S. Senate,,DEM,CAROLINE GLEICH,36
Duchesne,NE11:NR,U.S. Senate,,DEM,CAROLINE GLEICH,7
Duchesne,NE11:NW,U.S. Senate,,DEM,CAROLINE GLEICH,2
Duchesne,NE11:NWNR,U.S. Senate,,DEM,CAROLINE GLEICH,28
Duchesne,NE11:UR,U.S. Senate,,DEM,CAROLINE GLEICH,0
Duchesne,RO11:S3J2,U.S. Senate,,DEM,CAROLINE GLEICH,0
Duchesne,RO11:SBD2,U.S. Senate,,DEM,CAROLINE GLEICH,1
Duchesne,RO11:SBD3,U.S. Senate,,DEM,CAROLINE GLEICH,0
Duchesne,RO12,U.S. Senate,,DEM,CAROLINE GLEICH,59
Duchesne,RO12:JW2,U.S. Senate,,DEM,CAROLINE GLEICH,10
Duchesne,RO21,U.S. Senate,,DEM,CAROLINE GLEICH,9
Duchesne,RO21:CW,U.S. Senate,,DEM,CAROLINE GLEICH,1
Duchesne,RO22,U.S. Senate,,DEM,CAROLINE GLEICH,122
Duchesne,RO31,U.S. Senate,,DEM,CAROLINE GLEICH,12
Duchesne,RO32,U.S. Senate,,DEM,CAROLINE GLEICH,43
Duchesne,RO32:JW1,U.S. Senate,,DEM,CAROLINE GLEICH,0
Duchesne,RO32:JW2,U.S. Senate,,DEM,CAROLINE GLEICH,0
Duchesne,RO41,U.S. Senate,,DEM,CAROLINE GLEICH,18
Duchesne,RO41:CW,U.S. Senate,,DEM,CAROLINE GLEICH,0
Duchesne,RO42,U.S. Senate,,DEM,CAROLINE GLEICH,43
Duchesne,RO51,U.S. Senate,,DEM,CAROLINE GLEICH,0
Duchesne,RO51:CW,U.S. Senate,,DEM,CAROLINE GLEICH,0
Duchesne,RO51:DWUR,U.S. Senate,,DEM,CAROLINE GLEICH,0
Duchesne,RO51:J1UR,U.S. Senate,,DEM,CAROLINE GLEICH,0
Duchesne,RO51:JW1,U.S. Senate,,DEM,CAROLINE GLEICH,12
Duchesne,RO51:JW2,U.S. Senate,,DEM,CAROLINE GLEICH,12
Duchesne,RO51:JW3,U.S. Senate,,DEM,CAROLINE GLEICH,9
Duchesne,RO51:UR,U.S. Senate,,DEM,CAROLINE GLEICH,0
Duchesne,TA11,U.S. Senate,,DEM,CAROLINE GLEICH,0
Duchesne,TA11:FWTR,U.S. Senate,,DEM,CAROLINE GLEICH,0
Duchesne,TA11:HWTR,U.S. Senate,,DEM,CAROLINE GLEICH,15
Duchesne,TA11:PWTR,U.S. Senate,,DEM,CAROLINE GLEICH,0
Duchesne,TA11:TR,U.S. Senate,,DEM,CAROLINE GLEICH,8
Duchesne,TA12:TR,U.S. Senate,,DEM,CAROLINE GLEICH,2
Duchesne,Federal,U.S. Senate,,DEM,CAROLINE GLEICH,0
Duchesne,AB11,U.S. Senate,,,LAIRD FETZER HAMBLIN,0
Duchesne,AB11:CWNR,U.S. Senate,,,LAIRD FETZER HAMBLIN,0
Duchesne,AB11:CWUR,U.S. Senate,,,LAIRD FETZER HAMBLIN,0
Duchesne,AB11:UR,U.S. Senate,,,LAIRD FETZER HAMBLIN,0
Duchesne,AB11:UWUR,U.S. Senate,,,LAIRD FETZER HAMBLIN,0
Duchesne,AL12:UR,U.S. Senate,,,LAIRD FETZER HAMBLIN,0
Duchesne,AM11,U.S. Senate,,,LAIRD FETZER HAMBLIN,0
Duchesne,AM11:DW,U.S. Senate,,,LAIRD FETZER HAMBLIN,0
Duchesne,AM11:DWUR,U.S. Senate,,,LAIRD FETZER HAMBLIN,0
Duchesne,AM11:GR,U.S. Senate,,,LAIRD FETZER HAMBLIN,0
Duchesne,AM11:JW1,U.S. Senate,,,LAIRD FETZER HAMBLIN,0
Duchesne,AM11:JW3,U.S. Senate,,,LAIRD FETZER HAMBLIN,0
Duchesne,AM11:JW4,U.S. Senate,,,LAIRD FETZER HAMBLIN,0
Duchesne,AR11:CWUR,U.S. Senate,,,LAIRD FETZER HAMBLIN,0
Duchesne,AR11:DWGR,U.S. Senate,,,LAIRD FETZER HAMBLIN,0
Duchesne,AR11:DWUR,U.S. Senate,,,LAIRD FETZER HAMBLIN,0
Duchesne,AR11:GR,U.S. Senate,,,LAIRD FETZER HAMBLIN,0
Duchesne,AR11:J1UR,U.S. Senate,,,LAIRD FETZER HAMBLIN,0
Duchesne,AR11:UR,U.S. Senate,,,LAIRD FETZER HAMBLIN,0
Duchesne,AR11:UWUR,U.S. Senate,,,LAIRD FETZER HAMBLIN,0
Duchesne,DU11,U.S. Senate,,,LAIRD FETZER HAMBLIN,0
Duchesne,DU11:DW,U.S. Senate,,,LAIRD FETZER HAMBLIN,0
Duchesne,DU11:DWGR,U.S. Senate,,,LAIRD FETZER HAMBLIN,0
Duchesne,DU11:GR,U.S. Senate,,,LAIRD FETZER HAMBLIN,0
Duchesne,DU11:PWGR,U.S. Senate,,,LAIRD FETZER HAMBLIN,0
Duchesne,DU11:PWTR,U.S. Senate,,,LAIRD FETZER HAMBLIN,0
Duchesne,DU11:TR,U.S. Senate,,,LAIRD FETZER HAMBLIN,0
Duchesne,DU12:DWGR,U.S. Senate,,,LAIRD FETZER HAMBLIN,0
Duchesne,DU12:GR,U.S. Senate,,,LAIRD FETZER HAMBLIN,0
Duchesne,FR11:FWGR,U.S. Senate,,,LAIRD FETZER HAMBLIN,0
Duchesne,FR11:GR,U.S. Senate,,,LAIRD FETZER HAMBLIN,0
Duchesne,FR11:HWTR,U.S. Senate,,,LAIRD FETZER HAMBLIN,0
Duchesne,FR11:PWGR,U.S. Senate,,,LAIRD FETZER HAMBLIN,0
Duchesne,FR11:PWTR,U.S. Senate,,,LAIRD FETZER HAMBLIN,0
Duchesne,FR11:TR,U.S. Senate,,,LAIRD FETZER HAMBLIN,0
Duchesne,MH11,U.S. Senate,,,LAIRD FETZER HAMBLIN,0
Duchesne,MH11:DWGR,U.S. Senate,,,LAIRD FETZER HAMBLIN,0
Duchesne,MH11:GR,U.S. Senate,,,LAIRD FETZER HAMBLIN,0
Duchesne,MH11:TR,U.S. Senate,,,LAIRD FETZER HAMBLIN,0
Duchesne,MH11:UR,U.S. Senate,,,LAIRD FETZER HAMBLIN,0
Duchesne,MH11:UWUR,U.S. Senate,,,LAIRD FETZER HAMBLIN,0
Duchesne,MY12,U.S. Senate,,,LAIRD FETZER HAMBLIN,0
Duchesne,MY12:JW1,U.S. Senate,,,LAIRD FETZER HAMBLIN,0
Duchesne,MY12:JW4,U.S. Senate,,,LAIRD FETZER HAMBLIN,0
Duchesne,NE11,U.S. Senate,,,LAIRD FETZER HAMBLIN,0
Duchesne,NE11:CW,U.S. Senate,,,LAIRD FETZER HAMBLIN,0
Duchesne,NE11:CWNR,U.S. Senate,,,LAIRD FETZER HAMBLIN,4
Duchesne,NE11:NR,U.S. Senate,,,LAIRD FETZER HAMBLIN,0
Duchesne,NE11:NW,U.S. Senate,,,LAIRD FETZER HAMBLIN,0
Duchesne,NE11:NWNR,U.S. Senate,,,LAIRD FETZER HAMBLIN,0
Duchesne,NE11:UR,U.S. Senate,,,LAIRD FETZER HAMBLIN,0
Duchesne,RO11:S3J2,U.S. Senate,,,LAIRD FETZER HAMBLIN,0
Duchesne,RO11:SBD2,U.S. Senate,,,LAIRD FETZER HAMBLIN,0
Duchesne,RO11:SBD3,U.S. Senate,,,LAIRD FETZER HAMBLIN,0
Duchesne,RO12,U.S. Senate,,,LAIRD FETZER HAMBLIN,0
Duchesne,RO12:JW2,U.S. Senate,,,LAIRD FETZER HAMBLIN,0
Duchesne,RO21,U.S. Senate,,,LAIRD FETZER HAMBLIN,0
Duchesne,RO21:CW,U.S. Senate,,,LAIRD FETZER HAMBLIN,0
Duchesne,RO22,U.S. Senate,,,LAIRD FETZER HAMBLIN,3
Duchesne,RO31,U.S. Senate,,,LAIRD FETZER HAMBLIN,0
Duchesne,RO32,U.S. Senate,,,LAIRD FETZER HAMBLIN,0
Duchesne,RO32:JW1,U.S. Senate,,,LAIRD FETZER HAMBLIN,0
Duchesne,RO32:JW2,U.S. Senate,,,LAIRD FETZER HAMBLIN,0
Duchesne,RO41,U.S. Senate,,,LAIRD FETZER HAMBLIN,0
Duchesne,RO41:CW,U.S. Senate,,,LAIRD FETZER HAMBLIN,0
Duchesne,RO42,U.S. Senate,,,LAIRD FETZER HAMBLIN,0
Duchesne,RO51,U.S. Senate,,,LAIRD FETZER HAMBLIN,0
Duchesne,RO51:CW,U.S. Senate,,,LAIRD FETZER HAMBLIN,0
Duchesne,RO51:DWUR,U.S. Senate,,,LAIRD FETZER HAMBLIN,0
Duchesne,RO51:J1UR,U.S. Senate,,,LAIRD FETZER HAMBLIN,0
Duchesne,RO51:JW1,U.S. Senate,,,LAIRD FETZER HAMBLIN,0
Duchesne,RO51:JW2,U.S. Senate,,,LAIRD FETZER HAMBLIN,0
Duchesne,RO51:JW3,U.S. Senate,,,LAIRD FETZER HAMBLIN,0
Duchesne,RO51:UR,U.S. Senate,,,LAIRD FETZER HAMBLIN,0
Duchesne,TA11,U.S. Senate,,,LAIRD FETZER HAMBLIN,0
Duchesne,TA11:FWTR,U.S. Senate,,,LAIRD FETZER HAMBLIN,0
Duchesne,TA11:HWTR,U.S. Senate,,,LAIRD FETZER HAMBLIN,0
Duchesne,TA11:PWTR,U.S. Senate,,,LAIRD FETZER HAMBLIN,0
Duchesne,TA11:TR,U.S. Senate,,,LAIRD FETZER HAMBLIN,0
Duchesne,TA12:TR,U.S. Senate,,,LAIRD FETZER HAMBLIN,0
Duchesne,Federal,U.S. Senate,,,LAIRD FETZER HAMBLIN,0
Duchesne,AB11,U.S. House,3,DEM,GLENN J. WRIGHT,0
Duchesne,AB11:CWNR,U.S. House,3,DEM,GLENN J. WRIGHT,0
Duchesne,AB11:CWUR,U.S. House,3,DEM,GLENN J. WRIGHT,0
Duchesne,AB11:UR,U.S. House,3,DEM,GLENN J. WRIGHT,0
Duchesne,AB11:UWUR,U.S. House,3,DEM,GLENN J. WRIGHT,23
Duchesne,AL12:UR,U.S. House,3,DEM,GLENN J. WRIGHT,11
Duchesne,AM11,U.S. House,3,DEM,GLENN J. WRIGHT,8
Duchesne,AM11:DW,U.S. House,3,DEM,GLENN J. WRIGHT,2
Duchesne,AM11:DWUR,U.S. House,3,DEM,GLENN J. WRIGHT,0
Duchesne,AM11:GR,U.S. House,3,DEM,GLENN J. WRIGHT,0
Duchesne,AM11:JW1,U.S. House,3,DEM,GLENN J. WRIGHT,4
Duchesne,AM11:JW3,U.S. House,3,DEM,GLENN J. WRIGHT,1
Duchesne,AM11:JW4,U.S. House,3,DEM,GLENN J. WRIGHT,13
Duchesne,AR11:CWUR,U.S. House,3,DEM,GLENN J. WRIGHT,0
Duchesne,AR11:DWGR,U.S. House,3,DEM,GLENN J. WRIGHT,2
Duchesne,AR11:DWUR,U.S. House,3,DEM,GLENN J. WRIGHT,0
Duchesne,AR11:GR,U.S. House,3,DEM,GLENN J. WRIGHT,0
Duchesne,AR11:J1UR,U.S. House,3,DEM,GLENN J. WRIGHT,8
Duchesne,AR11:UR,U.S. House,3,DEM,GLENN J. WRIGHT,0
Duchesne,AR11:UWUR,U.S. House,3,DEM,GLENN J. WRIGHT,9
Duchesne,DU11,U.S. House,3,DEM,GLENN J. WRIGHT,0
Duchesne,DU11:DW,U.S. House,3,DEM,GLENN J. WRIGHT,0
Duchesne,DU11:DWGR,U.S. House,3,DEM,GLENN J. WRIGHT,33
Duchesne,DU11:GR,U.S. House,3,DEM,GLENN J. WRIGHT,17
Duchesne,DU11:PWGR,U.S. House,3,DEM,GLENN J. WRIGHT,20
Duchesne,DU11:PWTR,U.S. House,3,DEM,GLENN J. WRIGHT,0
Duchesne,DU11:TR,U.S. House,3,DEM,GLENN J. WRIGHT,0
Duchesne,DU12:DWGR,U.S. House,3,DEM,GLENN J. WRIGHT,0
Duchesne,DU12:GR,U.S. House,3,DEM,GLENN J. WRIGHT,54
Duchesne,FR11:FWGR,U.S. House,3,DEM,GLENN J. WRIGHT,47
Duchesne,FR11:GR,U.S. House,3,DEM,GLENN J. WRIGHT,6
Duchesne,FR11:HWTR,U.S. House,3,DEM,GLENN J. WRIGHT,0
Duchesne,FR11:PWGR,U.S. House,3,DEM,GLENN J. WRIGHT,28
Duchesne,FR11:PWTR,U.S. House,3,DEM,GLENN J. WRIGHT,0
Duchesne,FR11:TR,U.S. House,3,DEM,GLENN J. WRIGHT,0
Duchesne,MH11,U.S. House,3,DEM,GLENN J. WRIGHT,0
Duchesne,MH11:DWGR,U.S. House,3,DEM,GLENN J. WRIGHT,1
Duchesne,MH11:GR,U.S. House,3,DEM,GLENN J. WRIGHT,5
Duchesne,MH11:TR,U.S. House,3,DEM,GLENN J. WRIGHT,0
Duchesne,MH11:UR,U.S. House,3,DEM,GLENN J. WRIGHT,15
Duchesne,MH11:UWUR,U.S. House,3,DEM,GLENN J. WRIGHT,18
Duchesne,MY12,U.S. House,3,DEM,GLENN J. WRIGHT,37
Duchesne,MY12:JW1,U.S. House,3,DEM,GLENN J. WRIGHT,0
Duchesne,MY12:JW4,U.S. House,3,DEM,GLENN J. WRIGHT,0
Duchesne,NE11,U.S. House,3,DEM,GLENN J. WRIGHT,1
Duchesne,NE11:CW,U.S. House,3,DEM,GLENN J. WRIGHT,9
Duchesne,NE11:CWNR,U.S. House,3,DEM,GLENN J. WRIGHT,45
Duchesne,NE11:NR,U.S. House,3,DEM,GLENN J. WRIGHT,7
Duchesne,NE11:NW,U.S. House,3,DEM,GLENN J. WRIGHT,3
Duchesne,NE11:NWNR,U.S. House,3,DEM,GLENN J. WRIGHT,32
Duchesne,NE11:UR,U.S. House,3,DEM,GLENN J. WRIGHT,0
Duchesne,RO11:S3J2,U.S. House,3,DEM,GLENN J. WRIGHT,0
Duchesne,RO11:SBD2,U.S. House,3,DEM,GLENN J. WRIGHT,2
Duchesne,RO11:SBD3,U.S. House,3,DEM,GLENN J. WRIGHT,0
Duchesne,RO12,U.S. House,3,DEM,GLENN J. WRIGHT,67
Duchesne,RO12:JW2,U.S. House,3,DEM,GLENN J. WRIGHT,12
Duchesne,RO21,U.S. House,3,DEM,GLENN J. WRIGHT,9
Duchesne,RO21:CW,U.S. House,3,DEM,GLENN J. WRIGHT,1
Duchesne,RO22,U.S. House,3,DEM,GLENN J. WRIGHT,131
Duchesne,RO31,U.S. House,3,DEM,GLENN J. WRIGHT,12
Duchesne,RO32,U.S. House,3,DEM,GLENN J. WRIGHT,42
Duchesne,RO32:JW1,U.S. House,3,DEM,GLENN J. WRIGHT,0
Duchesne,RO32:JW2,U.S. House,3,DEM,GLENN J. WRIGHT,0
Duchesne,RO41,U.S. House,3,DEM,GLENN J. WRIGHT,18
Duchesne,RO41:CW,U.S. House,3,DEM,GLENN J. WRIGHT,0
Duchesne,RO42,U.S. House,3,DEM,GLENN J. WRIGHT,53
Duchesne,RO51,U.S. House,3,DEM,GLENN J. WRIGHT,0
Duchesne,RO51:CW,U.S. House,3,DEM,GLENN J. WRIGHT,0
Duchesne,RO51:DWUR,U.S. House,3,DEM,GLENN J. WRIGHT,0
Duchesne,RO51:J1UR,U.S. House,3,DEM,GLENN J. WRIGHT,0
Duchesne,RO51:JW1,U.S. House,3,DEM,GLENN J. WRIGHT,12
Duchesne,RO51:JW2,U.S. House,3,DEM,GLENN J. WRIGHT,18
Duchesne,RO51:JW3,U.S. House,3,DEM,GLENN J. WRIGHT,18
Duchesne,RO51:UR,U.S. House,3,DEM,GLENN J. WRIGHT,0
Duchesne,TA11,U.S. House,3,DEM,GLENN J. WRIGHT,0
Duchesne,TA11:FWTR,U.S. House,3,DEM,GLENN J. WRIGHT,0
Duchesne,TA11:HWTR,U.S. House,3,DEM,GLENN J. WRIGHT,19
Duchesne,TA11:PWTR,U.S. House,3,DEM,GLENN J. WRIGHT,0
Duchesne,TA11:TR,U.S. House,3,DEM,GLENN J. WRIGHT,7
Duchesne,TA12:TR,U.S. House,3,DEM,GLENN J. WRIGHT,2
Duchesne,Federal,U.S. House,3,DEM,GLENN J. WRIGHT,0
Duchesne,AB11,U.S. House,3,REP,MIKE KENNEDY,22
Duchesne,AB11:CWNR,U.S. House,3,REP,MIKE KENNEDY,0
Duchesne,AB11:CWUR,U.S. House,3,REP,MIKE KENNEDY,0
Duchesne,AB11:UR,U.S. House,3,REP,MIKE KENNEDY,0
Duchesne,AB11:UWUR,U.S. House,3,REP,MIKE KENNEDY,343
Duchesne,AL12:UR,U.S. House,3,REP,MIKE KENNEDY,98
Duchesne,AM11,U.S. House,3,REP,MIKE KENNEDY,43
Duchesne,AM11:DW,U.S. House,3,REP,MIKE KENNEDY,33
Duchesne,AM11:DWUR,U.S. House,3,REP,MIKE KENNEDY,0
Duchesne,AM11:GR,U.S. House,3,REP,MIKE KENNEDY,0
Duchesne,AM11:JW1,U.S. House,3,REP,MIKE KENNEDY,15
Duchesne,AM11:JW3,U.S. House,3,REP,MIKE KENNEDY,88
Duchesne,AM11:JW4,U.S. House,3,REP,MIKE KENNEDY,102
Duchesne,AR11:CWUR,U.S. House,3,REP,MIKE KENNEDY,0
Duchesne,AR11:DWGR,U.S. House,3,REP,MIKE KENNEDY,36
Duchesne,AR11:DWUR,U.S. House,3,REP,MIKE KENNEDY,43
Duchesne,AR11:GR,U.S. House,3,REP,MIKE KENNEDY,0
Duchesne,AR11:J1UR,U.S. House,3,REP,MIKE KENNEDY,85
Duchesne,AR11:UR,U.S. House,3,REP,MIKE KENNEDY,30
Duchesne,AR11:UWUR,U.S. House,3,REP,MIKE KENNEDY,142
Duchesne,DU11,U.S. House,3,REP,MIKE KENNEDY,0
Duchesne,DU11:DW,U.S. House,3,REP,MIKE KENNEDY,0
Duchesne,DU11:DWGR,U.S. House,3,REP,MIKE KENNEDY,440
Duchesne,DU11:GR,U.S. House,3,REP,MIKE KENNEDY,136
Duchesne,DU11:PWGR,U.S. House,3,REP,MIKE KENNEDY,40
Duchesne,DU11:PWTR,U.S. House,3,REP,MIKE KENNEDY,0
Duchesne,DU11:TR,U.S. House,3,REP,MIKE KENNEDY,0
Duchesne,DU12:DWGR,U.S. House,3,REP,MIKE KENNEDY,16
Duchesne,DU12:GR,U.S. House,3,REP,MIKE KENNEDY,649
Duchesne,FR11:FWGR,U.S. House,3,REP,MIKE KENNEDY,194
Duchesne,FR11:GR,U.S. House,3,REP,MIKE KENNEDY,31
Duchesne,FR11:HWTR,U.S. House,3,REP,MIKE KENNEDY,0
Duchesne,FR11:PWGR,U.S. House,3,REP,MIKE KENNEDY,102
Duchesne,FR11:PWTR,U.S. House,3,REP,MIKE KENNEDY,0
Duchesne,FR11:TR,U.S. House,3,REP,MIKE KENNEDY,0
Duchesne,MH11,U.S. House,3,REP,MIKE KENNEDY,0
Duchesne,MH11:DWGR,U.S. House,3,REP,MIKE KENNEDY,17
Duchesne,MH11:GR,U.S. House,3,REP,MIKE KENNEDY,13
Duchesne,MH11:TR,U.S. House,3,REP,MIKE KENNEDY,0
Duchesne,MH11:UR,U.S. House,3,REP,MIKE KENNEDY,68
Duchesne,MH11:UWUR,U.S. House,3,REP,MIKE KENNEDY,346
Duchesne,MY12,U.S. House,3,REP,MIKE KENNEDY,135
Duchesne,MY12:JW1,U.S. House,3,REP,MIKE KENNEDY,0
Duchesne,MY12:JW4,U.S. House,3,REP,MIKE KENNEDY,0
Duchesne,NE11,U.S. House,3,REP,MIKE KENNEDY,35
Duchesne,NE11:CW,U.S. House,3,REP,MIKE KENNEDY,134
Duchesne,NE11:CWNR,U.S. House,3,REP,MIKE KENNEDY,385
Duchesne,NE11:NR,U.S. House,3,REP,MIKE KENNEDY,68
Duchesne,NE11:NW,U.S. House,3,REP,MIKE KENNEDY,30
Duchesne,NE11:NWNR,U.S. House,3,REP,MIKE KENNEDY,212
Duchesne,NE11:UR,U.S. House,3,REP,MIKE KENNEDY,0
Duchesne,RO11:S3J2,U.S. House,3,REP,MIKE KENNEDY,0
Duchesne,RO11:SBD2,U.S. House,3,REP,MIKE KENNEDY,45
Duchesne,RO11:SBD3,U.S. House,3,REP,MIKE KENNEDY,0
Duchesne,RO12,U.S. House,3,REP,MIKE KENNEDY,437
Duchesne,RO12:JW2,U.S. House,3,REP,MIKE KENNEDY,138
Duchesne,RO21,U.S. House,3,REP,MIKE KENNEDY,167
Duchesne,RO21:CW,U.S. House,3,REP,MIKE KENNEDY,27
Duchesne,RO22,U.S. House,3,REP,MIKE KENNEDY,621
Duchesne,RO31,U.S. House,3,REP,MIKE KENNEDY,112
Duchesne,RO32,U.S. House,3,REP,MIKE KENNEDY,464
Duchesne,RO32:JW1,U.S. House,3,REP,MIKE KENNEDY,0
Duchesne,RO32:JW2,U.S. House,3,REP,MIKE KENNEDY,0
Duchesne,RO41,U.S. House,3,REP,MIKE KENNEDY,342
Duchesne,RO41:CW,U.S. House,3,REP,MIKE KENNEDY,22
Duchesne,RO42,U.S. House,3,REP,MIKE KENNEDY,419
Duchesne,RO51,U.S. House,3,REP,MIKE KENNEDY,14
Duchesne,RO51:CW,U.S. House,3,REP,MIKE KENNEDY,0
Duchesne,RO51:DWUR,U.S. House,3,REP,MIKE KENNEDY,0
Duchesne,RO51:J1UR,U.S. House,3,REP,MIKE KENNEDY,0
Duchesne,RO51:JW1,U.S. House,3,REP,MIKE KENNEDY,156
Duchesne,RO51:JW2,U.S. House,3,REP,MIKE KENNEDY,173
Duchesne,RO51:JW3,U.S. House,3,REP,MIKE KENNEDY,80
Duchesne,RO51:UR,U.S. House,3,REP,MIKE KENNEDY,0
Duchesne,TA11,U.S. House,3,REP,MIKE KENNEDY,0
Duchesne,TA11:FWTR,U.S. House,3,REP,MIKE KENNEDY,0
Duchesne,TA11:HWTR,U.S. House,3,REP,MIKE KENNEDY,234
Duchesne,TA11:PWTR,U.S. House,3,REP,MIKE KENNEDY,0
Duchesne,TA11:TR,U.S. House,3,REP,MIKE KENNEDY,32
Duchesne,TA12:TR,U.S. House,3,REP,MIKE KENNEDY,77
Duchesne,Federal,U.S. House,3,REP,MIKE KENNEDY,0
Duchesne,AB11,Governor,,REP,SPENCER J. COX DEIDRE M. HENDERSON,11
Duchesne,AB11:CWNR,Governor,,REP,SPENCER J. COX DEIDRE M. HENDERSON,0
Duchesne,AB11:CWUR,Governor,,REP,SPENCER J. COX DEIDRE M. HENDERSON,0
Duchesne,AB11:UR,Governor,,REP,SPENCER J. COX DEIDRE M. HENDERSON,0
Duchesne,AB11:UWUR,Governor,,REP,SPENCER J. COX DEIDRE M. HENDERSON,248
Duchesne,AL12:UR,Governor,,REP,SPENCER J. COX DEIDRE M. HENDERSON,77
Duchesne,AM11,Governor,,REP,SPENCER J. COX DEIDRE M. HENDERSON,30
Duchesne,AM11:DW,Governor,,REP,SPENCER J. COX DEIDRE M. HENDERSON,23
Duchesne,AM11:DWUR,Governor,,REP,SPENCER J. COX DEIDRE M. HENDERSON,0
Duchesne,AM11:GR,Governor,,REP,SPENCER J. COX DEIDRE M. HENDERSON,0
Duchesne,AM11:JW1,Governor,,REP,SPENCER J. COX DEIDRE M. HENDERSON,9
Duchesne,AM11:JW3,Governor,,REP,SPENCER J. COX DEIDRE M. HENDERSON,60
Duchesne,AM11:JW4,Governor,,REP,SPENCER J. COX DEIDRE M. HENDERSON,83
Duchesne,AR11:CWUR,Governor,,REP,SPENCER J. COX DEIDRE M. HENDERSON,0
Duchesne,AR11:DWGR,Governor,,REP,SPENCER J. COX DEIDRE M. HENDERSON,28
Duchesne,AR11:DWUR,Governor,,REP,SPENCER J. COX DEIDRE M. HENDERSON,34
Duchesne,AR11:GR,Governor,,REP,SPENCER J. COX DEIDRE M. HENDERSON,0
Duchesne,AR11:J1UR,Governor,,REP,SPENCER J. COX DEIDRE M. HENDERSON,60
Duchesne,AR11:UR,Governor,,REP,SPENCER J. COX DEIDRE M. HENDERSON,20
Duchesne,AR11:UWUR,Governor,,REP,SPENCER J. COX DEIDRE M. HENDERSON,101
Duchesne,DU11,Governor,,REP,SPENCER J. COX DEIDRE M. HENDERSON,0
Duchesne,DU11:DW,Governor,,REP,SPENCER J. COX DEIDRE M. HENDERSON,0
Duchesne,DU11:DWGR,Governor,,REP,SPENCER J. COX DEIDRE M. HENDERSON,327
Duchesne,DU11:GR,Governor,,REP,SPENCER J. COX DEIDRE M. HENDERSON,114
Duchesne,DU11:PWGR,Governor,,REP,SPENCER J. COX DEIDRE M. HENDERSON,28
Duchesne,DU11:PWTR,Governor,,REP,SPENCER J. COX DEIDRE M. HENDERSON,0
Duchesne,DU11:TR,Governor,,REP,SPENCER J. COX DEIDRE M. HENDERSON,0
Duchesne,DU12:DWGR,Governor,,REP,SPENCER J. COX DEIDRE M. HENDERSON,12
Duchesne,DU12:GR,Governor,,REP,SPENCER J. COX DEIDRE M. HENDERSON,470
Duchesne,FR11:FWGR,Governor,,REP,SPENCER J. COX DEIDRE M. HENDERSON,151
Duchesne,FR11:GR,Governor,,REP,SPENCER J. COX DEIDRE M. HENDERSON,21
Duchesne,FR11:HWTR,Governor,,REP,SPENCER J. COX DEIDRE M. HENDERSON,0
Duchesne,FR11:PWGR,Governor,,REP,SPENCER J. COX DEIDRE M. HENDERSON,68
Duchesne,FR11:PWTR,Governor,,REP,SPENCER J. COX DEIDRE M. HENDERSON,0
Duchesne,FR11:TR,Governor,,REP,SPENCER J. COX DEIDRE M. HENDERSON,0
Duchesne,MH11,Governor,,REP,SPENCER J. COX DEIDRE M. HENDERSON,0
Duchesne,MH11:DWGR,Governor,,REP,SPENCER J. COX DEIDRE M. HENDERSON,8
Duchesne,MH11:GR,Governor,,REP,SPENCER J. COX DEIDRE M. HENDERSON,13
Duchesne,MH11:TR,Governor,,REP,SPENCER J. COX DEIDRE M. HENDERSON,0
Duchesne,MH11:UR,Governor,,REP,SPENCER J. COX DEIDRE M. HENDERSON,37
Duchesne,MH11:UWUR,Governor,,REP,SPENCER J. COX DEIDRE M. HENDERSON,224
Duchesne,MY12,Governor,,REP,SPENCER J. COX DEIDRE M. HENDERSON,106
Duchesne,MY12:JW1,Governor,,REP,SPENCER J. COX DEIDRE M. HENDERSON,0
Duchesne,MY12:JW4,Governor,,REP,SPENCER J. COX DEIDRE M. HENDERSON,0
Duchesne,NE11,Governor,,REP,SPENCER J. COX DEIDRE M. HENDERSON,19
Duchesne,NE11:CW,Governor,,REP,SPENCER J. COX DEIDRE M. HENDERSON,109
Duchesne,NE11:CWNR,Governor,,REP,SPENCER J. COX DEIDRE M. HENDERSON,285
Duchesne,NE11:NR,Governor,,REP,SPENCER J. COX DEIDRE M. HENDERSON,49
Duchesne,NE11:NW,Governor,,REP,SPENCER J. COX DEIDRE M. HENDERSON,22
Duchesne,NE11:NWNR,Governor,,REP,SPENCER J. COX DEIDRE M. HENDERSON,164
Duchesne,NE11:UR,Governor,,REP,SPENCER J. COX DEIDRE M. HENDERSON,0
Duchesne,RO11:S3J2,Governor,,REP,SPENCER J. COX DEIDRE M. HENDERSON,0
Duchesne,RO11:SBD2,Governor,,REP,SPENCER J. COX DEIDRE M. HENDERSON,30
Duchesne,RO11:SBD3,Governor,,REP,SPENCER J. COX DEIDRE M. HENDERSON,0
Duchesne,RO12,Governor,,REP,SPENCER J. COX DEIDRE M. HENDERSON,338
Duchesne,RO12:JW2,Governor,,REP,SPENCER J. COX DEIDRE M. HENDERSON,100
Duchesne,RO21,Governor,,REP,SPENCER J. COX DEIDRE M. HENDERSON,107
Duchesne,RO21:CW,Governor,,REP,SPENCER J. COX DEIDRE M. HENDERSON,12
Duchesne,RO22,Governor,,REP,SPENCER J. COX DEIDRE M. HENDERSON,499
Duchesne,RO31,Governor,,REP,SPENCER J. COX DEIDRE M. HENDERSON,88
Duchesne,RO32,Governor,,REP,SPENCER J. COX DEIDRE M. HENDERSON,369
Duchesne,RO32:JW1,Governor,,REP,SPENCER J. COX DEIDRE M. HENDERSON,0
Duchesne,RO32:JW2,Governor,,REP,SPENCER J. COX DEIDRE M. HENDERSON,0
Duchesne,RO41,Governor,,REP,SPENCER J. COX DEIDRE M. HENDERSON,252
Duchesne,RO41:CW,Governor,,REP,SPENCER J. COX DEIDRE M. HENDERSON,19
Duchesne,RO42,Governor,,REP,SPENCER J. COX DEIDRE M. HENDERSON,317
Duchesne,RO51,Governor,,REP,SPENCER J. COX DEIDRE M. HENDERSON,5
Duchesne,RO51:CW,Governor,,REP,SPENCER J. COX DEIDRE M. HENDERSON,0
Duchesne,RO51:DWUR,Governor,,REP,SPENCER J. COX DEIDRE M. HENDERSON,0
Duchesne,RO51:J1UR,Governor,,REP,SPENCER J. COX DEIDRE M. HENDERSON,0
Duchesne,RO51:JW1,Governor,,REP,SPENCER J. COX DEIDRE M. HENDERSON,106
Duchesne,RO51:JW2,Governor,,REP,SPENCER J. COX DEIDRE M. HENDERSON,126
Duchesne,RO51:JW3,Governor,,REP,SPENCER J. COX DEIDRE M. HENDERSON,79
Duchesne,RO51:UR,Governor,,REP,SPENCER J. COX DEIDRE M. HENDERSON,0
Duchesne,TA11,Governor,,REP,SPENCER J. COX DEIDRE M. HENDERSON,0
Duchesne,TA11:FWTR,Governor,,REP,SPENCER J. COX DEIDRE M. HENDERSON,0
Duchesne,TA11:HWTR,Governor,,REP,SPENCER J. COX DEIDRE M. HENDERSON,149
Duchesne,TA11:PWTR,Governor,,REP,SPENCER J. COX DEIDRE M. HENDERSON,0
Duchesne,TA11:TR,Governor,,REP,SPENCER J. COX DEIDRE M. HENDERSON,22
Duchesne,TA12:TR,Governor,,REP,SPENCER J. COX DEIDRE M. HENDERSON,34
Duchesne,AB11,Governor,,IAP,TOMMY WILLIAMS ARCHIE A. WILLIAMS III,1
Duchesne,AB11:CWNR,Governor,,IAP,TOMMY WILLIAMS ARCHIE A. WILLIAMS III,0
Duchesne,AB11:CWUR,Governor,,IAP,TOMMY WILLIAMS ARCHIE A. WILLIAMS III,0
Duchesne,AB11:UR,Governor,,IAP,TOMMY WILLIAMS ARCHIE A. WILLIAMS III,0
Duchesne,AB11:UWUR,Governor,,IAP,TOMMY WILLIAMS ARCHIE A. WILLIAMS III,9
Duchesne,AL12:UR,Governor,,IAP,TOMMY WILLIAMS ARCHIE A. WILLIAMS III,8
Duchesne,AM11,Governor,,IAP,TOMMY WILLIAMS ARCHIE A. WILLIAMS III,0
Duchesne,AM11:DW,Governor,,IAP,TOMMY WILLIAMS ARCHIE A. WILLIAMS III,0
Duchesne,AM11:DWUR,Governor,,IAP,TOMMY WILLIAMS ARCHIE A. WILLIAMS III,0
Duchesne,AM11:GR,Governor,,IAP,TOMMY WILLIAMS ARCHIE A. WILLIAMS III,0
Duchesne,AM11:JW1,Governor,,IAP,TOMMY WILLIAMS ARCHIE A. WILLIAMS III,0
Duchesne,AM11:JW3,Governor,,IAP,TOMMY WILLIAMS ARCHIE A. WILLIAMS III,3
Duchesne,AM11:JW4,Governor,,IAP,TOMMY WILLIAMS ARCHIE A. WILLIAMS III,5
Duchesne,AR11:CWUR,Governor,,IAP,TOMMY WILLIAMS ARCHIE A. WILLIAMS III,0
Duchesne,AR11:DWGR,Governor,,IAP,TOMMY WILLIAMS ARCHIE A. WILLIAMS III,3
Duchesne,AR11:DWUR,Governor,,IAP,TOMMY WILLIAMS ARCHIE A. WILLIAMS III,4
Duchesne,AR11:GR,Governor,,IAP,TOMMY WILLIAMS ARCHIE A. WILLIAMS III,0
Duchesne,AR11:J1UR,Governor,,IAP,TOMMY WILLIAMS ARCHIE A. WILLIAMS III,5
Duchesne,AR11:UR,Governor,,IAP,TOMMY WILLIAMS ARCHIE A. WILLIAMS III,2
Duchesne,AR11:UWUR,Governor,,IAP,TOMMY WILLIAMS ARCHIE A. WILLIAMS III,12
Duchesne,DU11,Governor,,IAP,TOMMY WILLIAMS ARCHIE A. WILLIAMS III,0
Duchesne,DU11:DW,Governor,,IAP,TOMMY WILLIAMS ARCHIE A. WILLIAMS III,0
Duchesne,DU11:DWGR,Governor,,IAP,TOMMY WILLIAMS ARCHIE A. WILLIAMS III,15
Duchesne,DU11:GR,Governor,,IAP,TOMMY WILLIAMS ARCHIE A. WILLIAMS III,7
Duchesne,DU11:PWGR,Governor,,IAP,TOMMY WILLIAMS ARCHIE A. WILLIAMS III,4
Duchesne,DU11:PWTR,Governor,,IAP,TOMMY WILLIAMS ARCHIE A. WILLIAMS III,0
Duchesne,DU11:TR,Governor,,IAP,TOMMY WILLIAMS ARCHIE A. WILLIAMS III,0
Duchesne,DU12:DWGR,Governor,,IAP,TOMMY WILLIAMS ARCHIE A. WILLIAMS III,0
Duchesne,DU12:GR,Governor,,IAP,TOMMY WILLIAMS ARCHIE A. WILLIAMS III,35
Duchesne,FR11:FWGR,Governor,,IAP,TOMMY WILLIAMS ARCHIE A. WILLIAMS III,8
Duchesne,FR11:GR,Governor,,IAP,TOMMY WILLIAMS ARCHIE A. WILLIAMS III,3
Duchesne,FR11:HWTR,Governor,,IAP,TOMMY WILLIAMS ARCHIE A. WILLIAMS III,0
Duchesne,FR11:PWGR,Governor,,IAP,TOMMY WILLIAMS ARCHIE A. WILLIAMS III,2
Duchesne,FR11:PWTR,Governor,,IAP,TOMMY WILLIAMS ARCHIE A. WILLIAMS III,0
Duchesne,FR11:TR,Governor,,IAP,TOMMY WILLIAMS ARCHIE A. WILLIAMS III,0
Duchesne,MH11,Governor,,IAP,TOMMY WILLIAMS ARCHIE A. WILLIAMS III,0
Duchesne,MH11:DWGR,Governor,,IAP,TOMMY WILLIAMS ARCHIE A. WILLIAMS III,3
Duchesne,MH11:GR,Governor,,IAP,TOMMY WILLIAMS ARCHIE A. WILLIAMS III,0
Duchesne,MH11:TR,Governor,,IAP,TOMMY WILLIAMS ARCHIE A. WILLIAMS III,0
Duchesne,MH11:UR,Governor,,IAP,TOMMY WILLIAMS ARCHIE A. WILLIAMS III,4
Duchesne,MH11:UWUR,Governor,,IAP,TOMMY WILLIAMS ARCHIE A. WILLIAMS III,8
Duchesne,MY12,Governor,,IAP,TOMMY WILLIAMS ARCHIE A. WILLIAMS III,7
Duchesne,MY12:JW1,Governor,,IAP,TOMMY WILLIAMS ARCHIE A. WILLIAMS III,0
Duchesne,MY12:JW4,Governor,,IAP,TOMMY WILLIAMS ARCHIE A. WILLIAMS III,0
Duchesne,NE11,Governor,,IAP,TOMMY WILLIAMS ARCHIE A. WILLIAMS III,3
Duchesne,NE11:CW,Governor,,IAP,TOMMY WILLIAMS ARCHIE A. WILLIAMS III,1
Duchesne,NE11:CWNR,Governor,,IAP,TOMMY WILLIAMS ARCHIE A. WILLIAMS III,15
Duchesne,NE11:NR,Governor,,IAP,TOMMY WILLIAMS ARCHIE A. WILLIAMS III,4
Duchesne,NE11:NW,Governor,,IAP,TOMMY WILLIAMS ARCHIE A. WILLIAMS III,1
Duchesne,NE11:NWNR,Governor,,IAP,TOMMY WILLIAMS ARCHIE A. WILLIAMS III,4
Duchesne,NE11:UR,Governor,,IAP,TOMMY WILLIAMS ARCHIE A. WILLIAMS III,0
Duchesne,RO11:S3J2,Governor,,IAP,TOMMY WILLIAMS ARCHIE A. WILLIAMS III,0
Duchesne,RO11:SBD2,Governor,,IAP,TOMMY WILLIAMS ARCHIE A. WILLIAMS III,0
Duchesne,RO11:SBD3,Governor,,IAP,TOMMY WILLIAMS ARCHIE A. WILLIAMS III,0
Duchesne,RO12,Governor,,IAP,TOMMY WILLIAMS ARCHIE A. WILLIAMS III,17
Duchesne,RO12:JW2,Governor,,IAP,TOMMY WILLIAMS ARCHIE A. WILLIAMS III,6
Duchesne,RO21,Governor,,IAP,TOMMY WILLIAMS ARCHIE A. WILLIAMS III,4
Duchesne,RO21:CW,Governor,,IAP,TOMMY WILLIAMS ARCHIE A. WILLIAMS III,0
Duchesne,RO22,Governor,,IAP,TOMMY WILLIAMS ARCHIE A. WILLIAMS III,33
Duchesne,RO31,Governor,,IAP,TOMMY WILLIAMS ARCHIE A. WILLIAMS III,3
Duchesne,RO32,Governor,,IAP,TOMMY WILLIAMS ARCHIE A. WILLIAMS III,8
Duchesne,RO32:JW1,Governor,,IAP,TOMMY WILLIAMS ARCHIE A. WILLIAMS III,0
Duchesne,RO32:JW2,Governor,,IAP,TOMMY WILLIAMS ARCHIE A. WILLIAMS III,0
Duchesne,RO41,Governor,,IAP,TOMMY WILLIAMS ARCHIE A. WILLIAMS III,8
Duchesne,RO41:CW,Governor,,IAP,TOMMY WILLIAMS ARCHIE A. WILLIAMS III,0
Duchesne,RO42,Governor,,IAP,TOMMY WILLIAMS ARCHIE A. WILLIAMS III,14
Duchesne,RO51,Governor,,IAP,TOMMY WILLIAMS ARCHIE A. WILLIAMS III,0
Duchesne,RO51:CW,Governor,,IAP,TOMMY WILLIAMS ARCHIE A. WILLIAMS III,0
Duchesne,RO51:DWUR,Governor,,IAP,TOMMY WILLIAMS ARCHIE A. WILLIAMS III,0
Duchesne,RO51:J1UR,Governor,,IAP,TOMMY WILLIAMS ARCHIE A. WILLIAMS III,0
Duchesne,RO51:JW1,Governor,,IAP,TOMMY WILLIAMS ARCHIE A. WILLIAMS III,5
Duchesne,RO51:JW2,Governor,,IAP,TOMMY WILLIAMS ARCHIE A. WILLIAMS III,11
Duchesne,RO51:JW3,Governor,,IAP,TOMMY WILLIAMS ARCHIE A. WILLIAMS III,1
Duchesne,RO51:UR,Governor,,IAP,TOMMY WILLIAMS ARCHIE A. WILLIAMS III,0
Duchesne,TA11,Governor,,IAP,TOMMY WILLIAMS ARCHIE A. WILLIAMS III,0
Duchesne,TA11:FWTR,Governor,,IAP,TOMMY WILLIAMS ARCHIE A. WILLIAMS III,0
Duchesne,TA11:HWTR,Governor,,IAP,TOMMY WILLIAMS ARCHIE A. WILLIAMS III,5
Duchesne,TA11:PWTR,Governor,,IAP,TOMMY WILLIAMS ARCHIE A. WILLIAMS III,0
Duchesne,TA11:TR,Governor,,IAP,TOMMY WILLIAMS ARCHIE A. WILLIAMS III,0
Duchesne,TA12:TR,Governor,,IAP,TOMMY WILLIAMS ARCHIE A. WILLIAMS III,4
Duchesne,AB11,Governor,,DEM,BRIAN SMITH KING REBEKAH CUMMINGS,0
Duchesne,AB11:CWNR,Governor,,DEM,BRIAN SMITH KING REBEKAH CUMMINGS,0
Duchesne,AB11:CWUR,Governor,,DEM,BRIAN SMITH KING REBEKAH CUMMINGS,0
Duchesne,AB11:UR,Governor,,DEM,BRIAN SMITH KING REBEKAH CUMMINGS,0
Duchesne,AB11:UWUR,Governor,,DEM,BRIAN SMITH KING REBEKAH CUMMINGS,16
Duchesne,AL12:UR,Governor,,DEM,BRIAN SMITH KING REBEKAH CUMMINGS,8
Duchesne,AM11,Governor,,DEM,BRIAN SMITH KING REBEKAH CUMMINGS,5
Duchesne,AM11:DW,Governor,,DEM,BRIAN SMITH KING REBEKAH CUMMINGS,1
Duchesne,AM11:DWUR,Governor,,DEM,BRIAN SMITH KING REBEKAH CUMMINGS,0
Duchesne,AM11:GR,Governor,,DEM,BRIAN SMITH KING REBEKAH CUMMINGS,0
Duchesne,AM11:JW1,Governor,,DEM,BRIAN SMITH KING REBEKAH CUMMINGS,1
Duchesne,AM11:JW3,Governor,,DEM,BRIAN SMITH KING REBEKAH CUMMINGS,1
Duchesne,AM11:JW4,Governor,,DEM,BRIAN SMITH KING REBEKAH CUMMINGS,13
Duchesne,AR11:CWUR,Governor,,DEM,BRIAN SMITH KING REBEKAH CUMMINGS,0
Duchesne,AR11:DWGR,Governor,,DEM,BRIAN SMITH KING REBEKAH CUMMINGS,1
Duchesne,AR11:DWUR,Governor,,DEM,BRIAN SMITH KING REBEKAH CUMMINGS,0
Duchesne,AR11:GR,Governor,,DEM,BRIAN SMITH KING REBEKAH CUMMINGS,0
Duchesne,AR11:J1UR,Governor,,DEM,BRIAN SMITH KING REBEKAH CUMMINGS,5
Duchesne,AR11:UR,Governor,,DEM,BRIAN SMITH KING REBEKAH CUMMINGS,0
Duchesne,AR11:UWUR,Governor,,DEM,BRIAN SMITH KING REBEKAH CUMMINGS,5
Duchesne,DU11,Governor,,DEM,BRIAN SMITH KING REBEKAH CUMMINGS,0
Duchesne,DU11:DW,Governor,,DEM,BRIAN SMITH KING REBEKAH CUMMINGS,0
Duchesne,DU11:DWGR,Governor,,DEM,BRIAN SMITH KING REBEKAH CUMMINGS,28
Duchesne,DU11:GR,Governor,,DEM,BRIAN SMITH KING REBEKAH CUMMINGS,13
Duchesne,DU11:PWGR,Governor,,DEM,BRIAN SMITH KING REBEKAH CUMMINGS,17
Duchesne,DU11:PWTR,Governor,,DEM,BRIAN SMITH KING REBEKAH CUMMINGS,0
Duchesne,DU11:TR,Governor,,DEM,BRIAN SMITH KING REBEKAH CUMMINGS,0
Duchesne,DU12:DWGR,Governor,,DEM,BRIAN SMITH KING REBEKAH CUMMINGS,0
Duchesne,DU12:GR,Governor,,DEM,BRIAN SMITH KING REBEKAH CUMMINGS,48
Duchesne,FR11:FWGR,Governor,,DEM,BRIAN SMITH KING REBEKAH CUMMINGS,38
Duchesne,FR11:GR,Governor,,DEM,BRIAN SMITH KING REBEKAH CUMMINGS,4
Duchesne,FR11:HWTR,Governor,,DEM,BRIAN SMITH KING REBEKAH CUMMINGS,0
Duchesne,FR11:PWGR,Governor,,DEM,BRIAN SMITH KING REBEKAH CUMMINGS,23
Duchesne,FR11:PWTR,Governor,,DEM,BRIAN SMITH KING REBEKAH CUMMINGS,0
Duchesne,FR11:TR,Governor,,DEM,BRIAN SMITH KING REBEKAH CUMMINGS,0
Duchesne,MH11,Governor,,DEM,BRIAN SMITH KING REBEKAH CUMMINGS,0
Duchesne,MH11:DWGR,Governor,,DEM,BRIAN SMITH KING REBEKAH CUMMINGS,0
Duchesne,MH11:GR,Governor,,DEM,BRIAN SMITH KING REBEKAH CUMMINGS,4
Duchesne,MH11:TR,Governor,,DEM,BRIAN SMITH KING REBEKAH CUMMINGS,0
Duchesne,MH11:UR,Governor,,DEM,BRIAN SMITH KING REBEKAH CUMMINGS,13
Duchesne,MH11:UWUR,Governor,,DEM,BRIAN SMITH KING REBEKAH CUMMINGS,21
Duchesne,MY12,Governor,,DEM,BRIAN SMITH KING REBEKAH CUMMINGS,31
Duchesne,MY12:JW1,Governor,,DEM,BRIAN SMITH KING REBEKAH CUMMINGS,0
Duchesne,MY12:JW4,Governor,,DEM,BRIAN SMITH KING REBEKAH CUMMINGS,0
Duchesne,NE11,Governor,,DEM,BRIAN SMITH KING REBEKAH CUMMINGS,1
Duchesne,NE11:CW,Governor,,DEM,BRIAN SMITH KING REBEKAH CUMMINGS,7
Duchesne,NE11:CWNR,Governor,,DEM,BRIAN SMITH KING REBEKAH CUMMINGS,37
Duchesne,NE11:NR,Governor,,DEM,BRIAN SMITH KING REBEKAH CUMMINGS,4
Duchesne,NE11:NW,Governor,,DEM,BRIAN SMITH KING REBEKAH CUMMINGS,1
Duchesne,NE11:NWNR,Governor,,DEM,BRIAN SMITH KING REBEKAH CUMMINGS,26
Duchesne,NE11:UR,Governor,,DEM,BRIAN SMITH KING REBEKAH CUMMINGS,0
Duchesne,RO11:S3J2,Governor,,DEM,BRIAN SMITH KING REBEKAH CUMMINGS,0
Duchesne,RO11:SBD2,Governor,,DEM,BRIAN SMITH KING REBEKAH CUMMINGS,2
Duchesne,RO11:SBD3,Governor,,DEM,BRIAN SMITH KING REBEKAH CUMMINGS,0
Duchesne,RO12,Governor,,DEM,BRIAN SMITH KING REBEKAH CUMMINGS,59
Duchesne,RO12:JW2,Governor,,DEM,BRIAN SMITH KING REBEKAH CUMMINGS,9
Duchesne,RO21,Governor,,DEM,BRIAN SMITH KING REBEKAH CUMMINGS,10
Duchesne,RO21:CW,Governor,,DEM,BRIAN SMITH KING REBEKAH CUMMINGS,1
Duchesne,RO22,Governor,,DEM,BRIAN SMITH KING REBEKAH CUMMINGS,111
Duchesne,RO31,Governor,,DEM,BRIAN SMITH KING REBEKAH CUMMINGS,11
Duchesne,RO32,Governor,,DEM,BRIAN SMITH KING REBEKAH CUMMINGS,38
Duchesne,RO32:JW1,Governor,,DEM,BRIAN SMITH KING REBEKAH CUMMINGS,0
Duchesne,RO32:JW2,Governor,,DEM,BRIAN SMITH KING REBEKAH CUMMINGS,0
Duchesne,RO41,Governor,,DEM,BRIAN SMITH KING REBEKAH CUMMINGS,11
Duchesne,RO41:CW,Governor,,DEM,BRIAN SMITH KING REBEKAH CUMMINGS,0
Duchesne,RO42,Governor,,DEM,BRIAN SMITH KING REBEKAH CUMMINGS,43
Duchesne,RO51,Governor,,DEM,BRIAN SMITH KING REBEKAH CUMMINGS,0
Duchesne,RO51:CW,Governor,,DEM,BRIAN SMITH KING REBEKAH CUMMINGS,0
Duchesne,RO51:DWUR,Governor,,DEM,BRIAN SMITH KING REBEKAH CUMMINGS,0
Duchesne,RO51:J1UR,Governor,,DEM,BRIAN SMITH KING REBEKAH CUMMINGS,0
Duchesne,RO51:JW1,Governor,,DEM,BRIAN SMITH KING REBEKAH CUMMINGS,8
Duchesne,RO51:JW2,Governor,,DEM,BRIAN SMITH KING REBEKAH CUMMINGS,12
Duchesne,RO51:JW3,Governor,,DEM,BRIAN SMITH KING REBEKAH CUMMINGS,10
Duchesne,RO51:UR,Governor,,DEM,BRIAN SMITH KING REBEKAH CUMMINGS,0
Duchesne,TA11,Governor,,DEM,BRIAN SMITH KING REBEKAH CUMMINGS,0
Duchesne,TA11:FWTR,Governor,,DEM,BRIAN SMITH KING REBEKAH CUMMINGS,0
Duchesne,TA11:HWTR,Governor,,DEM,BRIAN SMITH KING REBEKAH CUMMINGS,10
Duchesne,TA11:PWTR,Governor,,DEM,BRIAN SMITH KING REBEKAH CUMMINGS,0
Duchesne,TA11:TR,Governor,,DEM,BRIAN SMITH KING REBEKAH CUMMINGS,8
Duchesne,TA12:TR,Governor,,DEM,BRIAN SMITH KING REBEKAH CUMMINGS,5
Duchesne,AB11,Governor,,LIB,J. ROBERT LATHAM BARRY EVAN SHORT,1
Duchesne,AB11:CWNR,Governor,,LIB,J. ROBERT LATHAM BARRY EVAN SHORT,0
Duchesne,AB11:CWUR,Governor,,LIB,J. ROBERT LATHAM BARRY EVAN SHORT,0
Duchesne,AB11:UR,Governor,,LIB,J. ROBERT LATHAM BARRY EVAN SHORT,0
Duchesne,AB11:UWUR,Governor,,LIB,J. ROBERT LATHAM BARRY EVAN SHORT,7
Duchesne,AL12:UR,Governor,,LIB,J. ROBERT LATHAM BARRY EVAN SHORT,2
Duchesne,AM11,Governor,,LIB,J. ROBERT LATHAM BARRY EVAN SHORT,4
Duchesne,AM11:DW,Governor,,LIB,J. ROBERT LATHAM BARRY EVAN SHORT,1
Duchesne,AM11:DWUR,Governor,,LIB,J. ROBERT LATHAM BARRY EVAN SHORT,0
Duchesne,AM11:GR,Governor,,LIB,J. ROBERT LATHAM BARRY EVAN SHORT,0
Duchesne,AM11:JW1,Governor,,LIB,J. ROBERT LATHAM BARRY EVAN SHORT,3
Duchesne,AM11:JW3,Governor,,LIB,J. ROBERT LATHAM BARRY EVAN SHORT,3
Duchesne,AM11:JW4,Governor,,LIB,J. ROBERT LATHAM BARRY EVAN SHORT,5
Duchesne,AR11:CWUR,Governor,,LIB,J. ROBERT LATHAM BARRY EVAN SHORT,0
Duchesne,AR11:DWGR,Governor,,LIB,J. ROBERT LATHAM BARRY EVAN SHORT,0
Duchesne,AR11:DWUR,Governor,,LIB,J. ROBERT LATHAM BARRY EVAN SHORT,1
Duchesne,AR11:GR,Governor,,LIB,J. ROBERT LATHAM BARRY EVAN SHORT,0
Duchesne,AR11:J1UR,Governor,,LIB,J. ROBERT LATHAM BARRY EVAN SHORT,5
Duchesne,AR11:UR,Governor,,LIB,J. ROBERT LATHAM BARRY EVAN SHORT,1
Duchesne,AR11:UWUR,Governor,,LIB,J. ROBERT LATHAM BARRY EVAN SHORT,4
Duchesne,DU11,Governor,,LIB,J. ROBERT LATHAM BARRY EVAN SHORT,0
Duchesne,DU11:DW,Governor,,LIB,J. ROBERT LATHAM BARRY EVAN SHORT,0
Duchesne,DU11:DWGR,Governor,,LIB,J. ROBERT LATHAM BARRY EVAN SHORT,15
Duchesne,DU11:GR,Governor,,LIB,J. ROBERT LATHAM BARRY EVAN SHORT,4
Duchesne,DU11:PWGR,Governor,,LIB,J. ROBERT LATHAM BARRY EVAN SHORT,3
Duchesne,DU11:PWTR,Governor,,LIB,J. ROBERT LATHAM BARRY EVAN SHORT,0
Duchesne,DU11:TR,Governor,,LIB,J. ROBERT LATHAM BARRY EVAN SHORT,0
Duchesne,DU12:DWGR,Governor,,LIB,J. ROBERT LATHAM BARRY EVAN SHORT,0
Duchesne,DU12:GR,Governor,,LIB,J. ROBERT LATHAM BARRY EVAN SHORT,25
Duchesne,FR11:FWGR,Governor,,LIB,J. ROBERT LATHAM BARRY EVAN SHORT,5
Duchesne,FR11:GR,Governor,,LIB,J. ROBERT LATHAM BARRY EVAN SHORT,1
Duchesne,FR11:HWTR,Governor,,LIB,J. ROBERT LATHAM BARRY EVAN SHORT,0
Duchesne,FR11:PWGR,Governor,,LIB,J. ROBERT LATHAM BARRY EVAN SHORT,10
Duchesne,FR11:PWTR,Governor,,LIB,J. ROBERT LATHAM BARRY EVAN SHORT,0
Duchesne,FR11:TR,Governor,,LIB,J. ROBERT LATHAM BARRY EVAN SHORT,0
Duchesne,MH11,Governor,,LIB,J. ROBERT LATHAM BARRY EVAN SHORT,0
Duchesne,MH11:DWGR,Governor,,LIB,J. ROBERT LATHAM BARRY EVAN SHORT,0
Duchesne,MH11:GR,Governor,,LIB,J. ROBERT LATHAM BARRY EVAN SHORT,0
Duchesne,MH11:TR,Governor,,LIB,J. ROBERT LATHAM BARRY EVAN SHORT,0
Duchesne,MH11:UR,Governor,,LIB,J. ROBERT LATHAM BARRY EVAN SHORT,5
Duchesne,MH11:UWUR,Governor,,LIB,J. ROBERT LATHAM BARRY EVAN SHORT,10
Duchesne,MY12,Governor,,LIB,J. ROBERT LATHAM BARRY EVAN SHORT,5
Duchesne,MY12:JW1,Governor,,LIB,J. ROBERT LATHAM BARRY EVAN SHORT,0
Duchesne,MY12:JW4,Governor,,LIB,J. ROBERT LATHAM BARRY EVAN SHORT,0
Duchesne,NE11,Governor,,LIB,J. ROBERT LATHAM BARRY EVAN SHORT,4
Duchesne,NE11:CW,Governor,,LIB,J. ROBERT LATHAM BARRY EVAN SHORT,1
Duchesne,NE11:CWNR,Governor,,LIB,J. ROBERT LATHAM BARRY EVAN SHORT,19
Duchesne,NE11:NR,Governor,,LIB,J. ROBERT LATHAM BARRY EVAN SHORT,1
Duchesne,NE11:NW,Governor,,LIB,J. ROBERT LATHAM BARRY EVAN SHORT,4
Duchesne,NE11:NWNR,Governor,,LIB,J. ROBERT LATHAM BARRY EVAN SHORT,10
Duchesne,NE11:UR,Governor,,LIB,J. ROBERT LATHAM BARRY EVAN SHORT,0
Duchesne,RO11:S3J2,Governor,,LIB,J. ROBERT LATHAM BARRY EVAN SHORT,0
Duchesne,RO11:SBD2,Governor,,LIB,J. ROBERT LATHAM BARRY EVAN SHORT,0
Duchesne,RO11:SBD3,Governor,,LIB,J. ROBERT LATHAM BARRY EVAN SHORT,0
Duchesne,RO12,Governor,,LIB,J. ROBERT LATHAM BARRY EVAN SHORT,20
Duchesne,RO12:JW2,Governor,,LIB,J. ROBERT LATHAM BARRY EVAN SHORT,3
Duchesne,RO21,Governor,,LIB,J. ROBERT LATHAM BARRY EVAN SHORT,9
Duchesne,RO21:CW,Governor,,LIB,J. ROBERT LATHAM BARRY EVAN SHORT,0
Duchesne,RO22,Governor,,LIB,J. ROBERT LATHAM BARRY EVAN SHORT,24
Duchesne,RO31,Governor,,LIB,J. ROBERT LATHAM BARRY EVAN SHORT,10
Duchesne,RO32,Governor,,LIB,J. ROBERT LATHAM BARRY EVAN SHORT,12
Duchesne,RO32:JW1,Governor,,LIB,J. ROBERT LATHAM BARRY EVAN SHORT,0
Duchesne,RO32:JW2,Governor,,LIB,J. ROBERT LATHAM BARRY EVAN SHORT,0
Duchesne,RO41,Governor,,LIB,J. ROBERT LATHAM BARRY EVAN SHORT,11
Duchesne,RO41:CW,Governor,,LIB,J. ROBERT LATHAM BARRY EVAN SHORT,0
Duchesne,RO42,Governor,,LIB,J. ROBERT LATHAM BARRY EVAN SHORT,17
Duchesne,RO51,Governor,,LIB,J. ROBERT LATHAM BARRY EVAN SHORT,2
Duchesne,RO51:CW,Governor,,LIB,J. ROBERT LATHAM BARRY EVAN SHORT,0
Duchesne,RO51:DWUR,Governor,,LIB,J. ROBERT LATHAM BARRY EVAN SHORT,0
Duchesne,RO51:J1UR,Governor,,LIB,J. ROBERT LATHAM BARRY EVAN SHORT,0
Duchesne,RO51:JW1,Governor,,LIB,J. ROBERT LATHAM BARRY EVAN SHORT,6
Duchesne,RO51:JW2,Governor,,LIB,J. ROBERT LATHAM BARRY EVAN SHORT,8
Duchesne,RO51:JW3,Governor,,LIB,J. ROBERT LATHAM BARRY EVAN SHORT,2
Duchesne,RO51:UR,Governor,,LIB,J. ROBERT LATHAM BARRY EVAN SHORT,0
Duchesne,TA11,Governor,,LIB,J. ROBERT LATHAM BARRY EVAN SHORT,0
Duchesne,TA11:FWTR,Governor,,LIB,J. ROBERT LATHAM BARRY EVAN SHORT,0
Duchesne,TA11:HWTR,Governor,,LIB,J. ROBERT LATHAM BARRY EVAN SHORT,6
Duchesne,TA11:PWTR,Governor,,LIB,J. ROBERT LATHAM BARRY EVAN SHORT,0
Duchesne,TA11:TR,Governor,,LIB,J. ROBERT LATHAM BARRY EVAN SHORT,3
Duchesne,TA12:TR,Governor,,LIB,J. ROBERT LATHAM BARRY EVAN SHORT,0
Duchesne,AB11,Governor,,,TOM TOMENY WILLIAM LANSING TAYLOR,0
Duchesne,AB11:CWNR,Governor,,,TOM TOMENY WILLIAM LANSING TAYLOR,0
Duchesne,AB11:CWUR,Governor,,,TOM TOMENY WILLIAM LANSING TAYLOR,0
Duchesne,AB11:UR,Governor,,,TOM TOMENY WILLIAM LANSING TAYLOR,0
Duchesne,AB11:UWUR,Governor,,,TOM TOMENY WILLIAM LANSING TAYLOR,2
Duchesne,AL12:UR,Governor,,,TOM TOMENY WILLIAM LANSING TAYLOR,0
Duchesne,AM11,Governor,,,TOM TOMENY WILLIAM LANSING TAYLOR,1
Duchesne,AM11:DW,Governor,,,TOM TOMENY WILLIAM LANSING TAYLOR,0
Duchesne,AM11:DWUR,Governor,,,TOM TOMENY WILLIAM LANSING TAYLOR,0
Duchesne,AM11:GR,Governor,,,TOM TOMENY WILLIAM LANSING TAYLOR,0
Duchesne,AM11:JW1,Governor,,,TOM TOMENY WILLIAM LANSING TAYLOR,0
Duchesne,AM11:JW3,Governor,,,TOM TOMENY WILLIAM LANSING TAYLOR,1
Duchesne,AM11:JW4,Governor,,,TOM TOMENY WILLIAM LANSING TAYLOR,1
Duchesne,AR11:CWUR,Governor,,,TOM TOMENY WILLIAM LANSING TAYLOR,0
Duchesne,AR11:DWGR,Governor,,,TOM TOMENY WILLIAM LANSING TAYLOR,0
Duchesne,AR11:DWUR,Governor,,,TOM TOMENY WILLIAM LANSING TAYLOR,2
Duchesne,AR11:GR,Governor,,,TOM TOMENY WILLIAM LANSING TAYLOR,0
Duchesne,AR11:J1UR,Governor,,,TOM TOMENY WILLIAM LANSING TAYLOR,0
Duchesne,AR11:UR,Governor,,,TOM TOMENY WILLIAM LANSING TAYLOR,0
Duchesne,AR11:UWUR,Governor,,,TOM TOMENY WILLIAM LANSING TAYLOR,0
Duchesne,DU11,Governor,,,TOM TOMENY WILLIAM LANSING TAYLOR,0
Duchesne,DU11:DW,Governor,,,TOM TOMENY WILLIAM LANSING TAYLOR,0
Duchesne,DU11:DWGR,Governor,,,TOM TOMENY WILLIAM LANSING TAYLOR,1
Duchesne,DU11:GR,Governor,,,TOM TOMENY WILLIAM LANSING TAYLOR,2
Duchesne,DU11:PWGR,Governor,,,TOM TOMENY WILLIAM LANSING TAYLOR,1
Duchesne,DU11:PWTR,Governor,,,TOM TOMENY WILLIAM LANSING TAYLOR,0
Duchesne,DU11:TR,Governor,,,TOM TOMENY WILLIAM LANSING TAYLOR,0
Duchesne,DU12:DWGR,Governor,,,TOM TOMENY WILLIAM LANSING TAYLOR,0
Duchesne,DU12:GR,Governor,,,TOM TOMENY WILLIAM LANSING TAYLOR,5
Duchesne,FR11:FWGR,Governor,,,TOM TOMENY WILLIAM LANSING TAYLOR,2
Duchesne,FR11:GR,Governor,,,TOM TOMENY WILLIAM LANSING TAYLOR,0
Duchesne,FR11:HWTR,Governor,,,TOM TOMENY WILLIAM LANSING TAYLOR,0
Duchesne,FR11:PWGR,Governor,,,TOM TOMENY WILLIAM LANSING TAYLOR,0
Duchesne,FR11:PWTR,Governor,,,TOM TOMENY WILLIAM LANSING TAYLOR,0
Duchesne,FR11:TR,Governor,,,TOM TOMENY WILLIAM LANSING TAYLOR,0
Duchesne,MH11,Governor,,,TOM TOMENY WILLIAM LANSING TAYLOR,0
Duchesne,MH11:DWGR,Governor,,,TOM TOMENY WILLIAM LANSING TAYLOR,0
Duchesne,MH11:GR,Governor,,,TOM TOMENY WILLIAM LANSING TAYLOR,0
Duchesne,MH11:TR,Governor,,,TOM TOMENY WILLIAM LANSING TAYLOR,0
Duchesne,MH11:UR,Governor,,,TOM TOMENY WILLIAM LANSING TAYLOR,1
Duchesne,MH11:UWUR,Governor,,,TOM TOMENY WILLIAM LANSING TAYLOR,1
Duchesne,MY12,Governor,,,TOM TOMENY WILLIAM LANSING TAYLOR,7
Duchesne,MY12:JW1,Governor,,,TOM TOMENY WILLIAM LANSING TAYLOR,0
Duchesne,MY12:JW4,Governor,,,TOM TOMENY WILLIAM LANSING TAYLOR,0
Duchesne,NE11,Governor,,,TOM TOMENY WILLIAM LANSING TAYLOR,0
Duchesne,NE11:CW,Governor,,,TOM TOMENY WILLIAM LANSING TAYLOR,0
Duchesne,NE11:CWNR,Governor,,,TOM TOMENY WILLIAM LANSING TAYLOR,3
Duchesne,NE11:NR,Governor,,,TOM TOMENY WILLIAM LANSING TAYLOR,0
Duchesne,NE11:NW,Governor,,,TOM TOMENY WILLIAM LANSING TAYLOR,0
Duchesne,NE11:NWNR,Governor,,,TOM TOMENY WILLIAM LANSING TAYLOR,0
Duchesne,NE11:UR,Governor,,,TOM TOMENY WILLIAM LANSING TAYLOR,0
Duchesne,RO11:S3J2,Governor,,,TOM TOMENY WILLIAM LANSING TAYLOR,0
Duchesne,RO11:SBD2,Governor,,,TOM TOMENY WILLIAM LANSING TAYLOR,0
Duchesne,RO11:SBD3,Governor,,,TOM TOMENY WILLIAM LANSING TAYLOR,0
Duchesne,RO12,Governor,,,TOM TOMENY WILLIAM LANSING TAYLOR,4
Duchesne,RO12:JW2,Governor,,,TOM TOMENY WILLIAM LANSING TAYLOR,1
Duchesne,RO21,Governor,,,TOM TOMENY WILLIAM LANSING TAYLOR,0
Duchesne,RO21:CW,Governor,,,TOM TOMENY WILLIAM LANSING TAYLOR,0
Duchesne,RO22,Governor,,,TOM TOMENY WILLIAM LANSING TAYLOR,3
Duchesne,RO31,Governor,,,TOM TOMENY WILLIAM LANSING TAYLOR,0
Duchesne,RO32,Governor,,,TOM TOMENY WILLIAM LANSING TAYLOR,4
Duchesne,RO32:JW1,Governor,,,TOM TOMENY WILLIAM LANSING TAYLOR,0
Duchesne,RO32:JW2,Governor,,,TOM TOMENY WILLIAM LANSING TAYLOR,0
Duchesne,RO41,Governor,,,TOM TOMENY WILLIAM LANSING TAYLOR,2
Duchesne,RO41:CW,Governor,,,TOM TOMENY WILLIAM LANSING TAYLOR,0
Duchesne,RO42,Governor,,,TOM TOMENY WILLIAM LANSING TAYLOR,4
Duchesne,RO51,Governor,,,TOM TOMENY WILLIAM LANSING TAYLOR,0
Duchesne,RO51:CW,Governor,,,TOM TOMENY WILLIAM LANSING TAYLOR,0
Duchesne,RO51:DWUR,Governor,,,TOM TOMENY WILLIAM LANSING TAYLOR,0
Duchesne,RO51:J1UR,Governor,,,TOM TOMENY WILLIAM LANSING TAYLOR,0
Duchesne,RO51:JW1,Governor,,,TOM TOMENY WILLIAM LANSING TAYLOR,4
Duchesne,RO51:JW2,Governor,,,TOM TOMENY WILLIAM LANSING TAYLOR,2
Duchesne,RO51:JW3,Governor,,,TOM TOMENY WILLIAM LANSING TAYLOR,0
Duchesne,RO51:UR,Governor,,,TOM TOMENY WILLIAM LANSING TAYLOR,0
Duchesne,TA11,Governor,,,TOM TOMENY WILLIAM LANSING TAYLOR,0
Duchesne,TA11:FWTR,Governor,,,TOM TOMENY WILLIAM LANSING TAYLOR,0
Duchesne,TA11:HWTR,Governor,,,TOM TOMENY WILLIAM LANSING TAYLOR,1
Duchesne,TA11:PWTR,Governor,,,TOM TOMENY WILLIAM LANSING TAYLOR,0
Duchesne,TA11:TR,Governor,,,TOM TOMENY WILLIAM LANSING TAYLOR,0
Duchesne,TA12:TR,Governor,,,TOM TOMENY WILLIAM LANSING TAYLOR,0
Duchesne,AB11,Governor,,,PHIL LYMAN NATALIE CLAWSON,8
Duchesne,AB11:CWNR,Governor,,,PHIL LYMAN NATALIE CLAWSON,0
Duchesne,AB11:CWUR,Governor,,,PHIL LYMAN NATALIE CLAWSON,0
Duchesne,AB11:UR,Governor,,,PHIL LYMAN NATALIE CLAWSON,0
Duchesne,AB11:UWUR,Governor,,,PHIL LYMAN NATALIE CLAWSON,86
Duchesne,AL12:UR,Governor,,,PHIL LYMAN NATALIE CLAWSON,15
Duchesne,AM11,Governor,,,PHIL LYMAN NATALIE CLAWSON,14
Duchesne,AM11:DW,Governor,,,PHIL LYMAN NATALIE CLAWSON,9
Duchesne,AM11:DWUR,Governor,,,PHIL LYMAN NATALIE CLAWSON,0
Duchesne,AM11:GR,Governor,,,PHIL LYMAN NATALIE CLAWSON,0
Duchesne,AM11:JW1,Governor,,,PHIL LYMAN NATALIE CLAWSON,6
Duchesne,AM11:JW3,Governor,,,PHIL LYMAN NATALIE CLAWSON,18
Duchesne,AM11:JW4,Governor,,,PHIL LYMAN NATALIE CLAWSON,13
Duchesne,AR11:CWUR,Governor,,,PHIL LYMAN NATALIE CLAWSON,0
Duchesne,AR11:DWGR,Governor,,,PHIL LYMAN NATALIE CLAWSON,5
Duchesne,AR11:DWUR,Governor,,,PHIL LYMAN NATALIE CLAWSON,3
Duchesne,AR11:GR,Governor,,,PHIL LYMAN NATALIE CLAWSON,0
Duchesne,AR11:J1UR,Governor,,,PHIL LYMAN NATALIE CLAWSON,20
Duchesne,AR11:UR,Governor,,,PHIL LYMAN NATALIE CLAWSON,7
Duchesne,AR11:UWUR,Governor,,,PHIL LYMAN NATALIE CLAWSON,26
Duchesne,DU11,Governor,,,PHIL LYMAN NATALIE CLAWSON,0
Duchesne,DU11:DW,Governor,,,PHIL LYMAN NATALIE CLAWSON,0
Duchesne,DU11:DWGR,Governor,,,PHIL LYMAN NATALIE CLAWSON,92
Duchesne,DU11:GR,Governor,,,PHIL LYMAN NATALIE CLAWSON,18
Duchesne,DU11:PWGR,Governor,,,PHIL LYMAN NATALIE CLAWSON,7
Duchesne,DU11:PWTR,Governor,,,PHIL LYMAN NATALIE CLAWSON,0
Duchesne,DU11:TR,Governor,,,PHIL LYMAN NATALIE CLAWSON,0
Duchesne,DU12:DWGR,Governor,,,PHIL LYMAN NATALIE CLAWSON,4
Duchesne,DU12:GR,Governor,,,PHIL LYMAN NATALIE CLAWSON,130
Duchesne,FR11:FWGR,Governor,,,PHIL LYMAN NATALIE CLAWSON,42
Duchesne,FR11:GR,Governor,,,PHIL LYMAN NATALIE CLAWSON,12
Duchesne,FR11:HWTR,Governor,,,PHIL LYMAN NATALIE CLAWSON,0
Duchesne,FR11:PWGR,Governor,,,PHIL LYMAN NATALIE CLAWSON,21
Duchesne,FR11:PWTR,Governor,,,PHIL LYMAN NATALIE CLAWSON,0
Duchesne,FR11:TR,Governor,,,PHIL LYMAN NATALIE CLAWSON,0
Duchesne,MH11,Governor,,,PHIL LYMAN NATALIE CLAWSON,0
Duchesne,MH11:DWGR,Governor,,,PHIL LYMAN NATALIE CLAWSON,7
Duchesne,MH11:GR,Governor,,,PHIL LYMAN NATALIE CLAWSON,1
Duchesne,MH11:TR,Governor,,,PHIL LYMAN NATALIE CLAWSON,0
Duchesne,MH11:UR,Governor,,,PHIL LYMAN NATALIE CLAWSON,26
Duchesne,MH11:UWUR,Governor,,,PHIL LYMAN NATALIE CLAWSON,96
Duchesne,MY12,Governor,,,PHIL LYMAN NATALIE CLAWSON,16
Duchesne,MY12:JW1,Governor,,,PHIL LYMAN NATALIE CLAWSON,0
Duchesne,MY12:JW4,Governor,,,PHIL LYMAN NATALIE CLAWSON,0
Duchesne,NE11,Governor,,,PHIL LYMAN NATALIE CLAWSON,9
Duchesne,NE11:CW,Governor,,,PHIL LYMAN NATALIE CLAWSON,25
Duchesne,NE11:CWNR,Governor,,,PHIL LYMAN NATALIE CLAWSON,83
Duchesne,NE11:NR,Governor,,,PHIL LYMAN NATALIE CLAWSON,19
Duchesne,NE11:NW,Governor,,,PHIL LYMAN NATALIE CLAWSON,4
Duchesne,NE11:NWNR,Governor,,,PHIL LYMAN NATALIE CLAWSON,47
Duchesne,NE11:UR,Governor,,,PHIL LYMAN NATALIE CLAWSON,0
Duchesne,RO11:S3J2,Governor,,,PHIL LYMAN NATALIE CLAWSON,0
Duchesne,RO11:SBD2,Governor,,,PHIL LYMAN NATALIE CLAWSON,14
Duchesne,RO11:SBD3,Governor,,,PHIL LYMAN NATALIE CLAWSON,0
Duchesne,RO12,Governor,,,PHIL LYMAN NATALIE CLAWSON,78
Duchesne,RO12:JW2,Governor,,,PHIL LYMAN NATALIE CLAWSON,36
Duchesne,RO21,Governor,,,PHIL LYMAN NATALIE CLAWSON,48
Duchesne,RO21:CW,Governor,,,PHIL LYMAN NATALIE CLAWSON,13
Duchesne,RO22,Governor,,,PHIL LYMAN NATALIE CLAWSON,96
Duchesne,RO31,Governor,,,PHIL LYMAN NATALIE CLAWSON,17
Duchesne,RO32,Governor,,,PHIL LYMAN NATALIE CLAWSON,77
Duchesne,RO32:JW1,Governor,,,PHIL LYMAN NATALIE CLAWSON,0
Duchesne,RO32:JW2,Governor,,,PHIL LYMAN NATALIE CLAWSON,0
Duchesne,RO41,Governor,,,PHIL LYMAN NATALIE CLAWSON,74
Duchesne,RO41:CW,Governor,,,PHIL LYMAN NATALIE CLAWSON,3
Duchesne,RO42,Governor,,,PHIL LYMAN NATALIE CLAWSON,75
Duchesne,RO51,Governor,,,PHIL LYMAN NATALIE CLAWSON,8
Duchesne,RO51:CW,Governor,,,PHIL LYMAN NATALIE CLAWSON,0
Duchesne,RO51:DWUR,Governor,,,PHIL LYMAN NATALIE CLAWSON,0
Duchesne,RO51:J1UR,Governor,,,PHIL LYMAN NATALIE CLAWSON,0
Duchesne,RO51:JW1,Governor,,,PHIL LYMAN NATALIE CLAWSON,38
Duchesne,RO51:JW2,Governor,,,PHIL LYMAN NATALIE CLAWSON,33
Duchesne,RO51:JW3,Governor,,,PHIL LYMAN NATALIE CLAWSON,9
Duchesne,RO51:UR,Governor,,,PHIL LYMAN NATALIE CLAWSON,0
Duchesne,TA11,Governor,,,PHIL LYMAN NATALIE CLAWSON,0
Duchesne,TA11:FWTR,Governor,,,PHIL LYMAN NATALIE CLAWSON,0
Duchesne,TA11:HWTR,Governor,,,PHIL LYMAN NATALIE CLAWSON,90
Duchesne,TA11:PWTR,Governor,,,PHIL LYMAN NATALIE CLAWSON,0
Duchesne,TA11:TR,Governor,,,PHIL LYMAN NATALIE CLAWSON,5
Duchesne,TA12:TR,Governor,,,PHIL LYMAN NATALIE CLAWSON,35
Duchesne,AB11,Governor,,,CHARLIE TAUTUAA SYLVIA MIERA FISK,0
Duchesne,AB11:CWNR,Governor,,,CHARLIE TAUTUAA SYLVIA MIERA FISK,0
Duchesne,AB11:CWUR,Governor,,,CHARLIE TAUTUAA SYLVIA MIERA FISK,0
Duchesne,AB11:UR,Governor,,,CHARLIE TAUTUAA SYLVIA MIERA FISK,0
Duchesne,AB11:UWUR,Governor,,,CHARLIE TAUTUAA SYLVIA MIERA FISK,0
Duchesne,AL12:UR,Governor,,,CHARLIE TAUTUAA SYLVIA MIERA FISK,0
Duchesne,AM11,Governor,,,CHARLIE TAUTUAA SYLVIA MIERA FISK,0
Duchesne,AM11:DW,Governor,,,CHARLIE TAUTUAA SYLVIA MIERA FISK,0
Duchesne,AM11:DWUR,Governor,,,CHARLIE TAUTUAA SYLVIA MIERA FISK,0
Duchesne,AM11:GR,Governor,,,CHARLIE TAUTUAA SYLVIA MIERA FISK,0
Duchesne,AM11:JW1,Governor,,,CHARLIE TAUTUAA SYLVIA MIERA FISK,0
Duchesne,AM11:JW3,Governor,,,CHARLIE TAUTUAA SYLVIA MIERA FISK,0
Duchesne,AM11:JW4,Governor,,,CHARLIE TAUTUAA SYLVIA MIERA FISK,0
Duchesne,AR11:CWUR,Governor,,,CHARLIE TAUTUAA SYLVIA MIERA FISK,0
Duchesne,AR11:DWGR,Governor,,,CHARLIE TAUTUAA SYLVIA MIERA FISK,0
Duchesne,AR11:DWUR,Governor,,,CHARLIE TAUTUAA SYLVIA MIERA FISK,0
Duchesne,AR11:GR,Governor,,,CHARLIE TAUTUAA SYLVIA MIERA FISK,0
Duchesne,AR11:J1UR,Governor,,,CHARLIE TAUTUAA SYLVIA MIERA FISK,0
Duchesne,AR11:UR,Governor,,,CHARLIE TAUTUAA SYLVIA MIERA FISK,0
Duchesne,AR11:UWUR,Governor,,,CHARLIE TAUTUAA SYLVIA MIERA FISK,0
Duchesne,DU11,Governor,,,CHARLIE TAUTUAA SYLVIA MIERA FISK,0
Duchesne,DU11:DW,Governor,,,CHARLIE TAUTUAA SYLVIA MIERA FISK,0
Duchesne,DU11:DWGR,Governor,,,CHARLIE TAUTUAA SYLVIA MIERA FISK,1
Duchesne,DU11:GR,Governor,,,CHARLIE TAUTUAA SYLVIA MIERA FISK,0
Duchesne,DU11:PWGR,Governor,,,CHARLIE TAUTUAA SYLVIA MIERA FISK,0
Duchesne,DU11:PWTR,Governor,,,CHARLIE TAUTUAA SYLVIA MIERA FISK,0
Duchesne,DU11:TR,Governor,,,CHARLIE TAUTUAA SYLVIA MIERA FISK,0
Duchesne,DU12:DWGR,Governor,,,CHARLIE TAUTUAA SYLVIA MIERA FISK,0
Duchesne,DU12:GR,Governor,,,CHARLIE TAUTUAA SYLVIA MIERA FISK,0
Duchesne,FR11:FWGR,Governor,,,CHARLIE TAUTUAA SYLVIA MIERA FISK,0
Duchesne,FR11:GR,Governor,,,CHARLIE TAUTUAA SYLVIA MIERA FISK,0
Duchesne,FR11:HWTR,Governor,,,CHARLIE TAUTUAA SYLVIA MIERA FISK,0
Duchesne,FR11:PWGR,Governor,,,CHARLIE TAUTUAA SYLVIA MIERA FISK,0
Duchesne,FR11:PWTR,Governor,,,CHARLIE TAUTUAA SYLVIA MIERA FISK,0
Duchesne,FR11:TR,Governor,,,CHARLIE TAUTUAA SYLVIA MIERA FISK,0
Duchesne,MH11,Governor,,,CHARLIE TAUTUAA SYLVIA MIERA FISK,0
Duchesne,MH11:DWGR,Governor,,,CHARLIE TAUTUAA SYLVIA MIERA FISK,0
Duchesne,MH11:GR,Governor,,,CHARLIE TAUTUAA SYLVIA MIERA FISK,0
Duchesne,MH11:TR,Governor,,,CHARLIE TAUTUAA SYLVIA MIERA FISK,0
Duchesne,MH11:UR,Governor,,,CHARLIE TAUTUAA SYLVIA MIERA FISK,0
Duchesne,MH11:UWUR,Governor,,,CHARLIE TAUTUAA SYLVIA MIERA FISK,0
Duchesne,MY12,Governor,,,CHARLIE TAUTUAA SYLVIA MIERA FISK,0
Duchesne,MY12:JW1,Governor,,,CHARLIE TAUTUAA SYLVIA MIERA FISK,0
Duchesne,MY12:JW4,Governor,,,CHARLIE TAUTUAA SYLVIA MIERA FISK,0
Duchesne,NE11,Governor,,,CHARLIE TAUTUAA SYLVIA MIERA FISK,0
Duchesne,NE11:CW,Governor,,,CHARLIE TAUTUAA SYLVIA MIERA FISK,0
Duchesne,NE11:CWNR,Governor,,,CHARLIE TAUTUAA SYLVIA MIERA FISK,0
Duchesne,NE11:NR,Governor,,,CHARLIE TAUTUAA SYLVIA MIERA FISK,0
Duchesne,NE11:NW,Governor,,,CHARLIE TAUTUAA SYLVIA MIERA FISK,0
Duchesne,NE11:NWNR,Governor,,,CHARLIE TAUTUAA SYLVIA MIERA FISK,0
Duchesne,NE11:UR,Governor,,,CHARLIE TAUTUAA SYLVIA MIERA FISK,0
Duchesne,RO11:S3J2,Governor,,,CHARLIE TAUTUAA SYLVIA MIERA FISK,0
Duchesne,RO11:SBD2,Governor,,,CHARLIE TAUTUAA SYLVIA MIERA FISK,0
Duchesne,RO11:SBD3,Governor,,,CHARLIE TAUTUAA SYLVIA MIERA FISK,0
Duchesne,RO12,Governor,,,CHARLIE TAUTUAA SYLVIA MIERA FISK,0
Duchesne,RO12:JW2,Governor,,,CHARLIE TAUTUAA SYLVIA MIERA FISK,0
Duchesne,RO21,Governor,,,CHARLIE TAUTUAA SYLVIA MIERA FISK,0
Duchesne,RO21:CW,Governor,,,CHARLIE TAUTUAA SYLVIA MIERA FISK,0
Duchesne,RO22,Governor,,,CHARLIE TAUTUAA SYLVIA MIERA FISK,0
Duchesne,RO31,Governor,,,CHARLIE TAUTUAA SYLVIA MIERA FISK,0
Duchesne,RO32,Governor,,,CHARLIE TAUTUAA SYLVIA MIERA FISK,0
Duchesne,RO32:JW1,Governor,,,CHARLIE TAUTUAA SYLVIA MIERA FISK,0
Duchesne,RO32:JW2,Governor,,,CHARLIE TAUTUAA SYLVIA MIERA FISK,0
Duchesne,RO41,Governor,,,CHARLIE TAUTUAA SYLVIA MIERA FISK,0
Duchesne,RO41:CW,Governor,,,CHARLIE TAUTUAA SYLVIA MIERA FISK,0
Duchesne,RO42,Governor,,,CHARLIE TAUTUAA SYLVIA MIERA FISK,2
Duchesne,RO51,Governor,,,CHARLIE TAUTUAA SYLVIA MIERA FISK,0
Duchesne,RO51:CW,Governor,,,CHARLIE TAUTUAA SYLVIA MIERA FISK,0
Duchesne,RO51:DWUR,Governor,,,CHARLIE TAUTUAA SYLVIA MIERA FISK,0
Duchesne,RO51:J1UR,Governor,,,CHARLIE TAUTUAA SYLVIA MIERA FISK,0
Duchesne,RO51:JW1,Governor,,,CHARLIE TAUTUAA SYLVIA MIERA FISK,0
Duchesne,RO51:JW2,Governor,,,CHARLIE TAUTUAA SYLVIA MIERA FISK,0
Duchesne,RO51:JW3,Governor,,,CHARLIE TAUTUAA SYLVIA MIERA FISK,0
Duchesne,RO51:UR,Governor,,,CHARLIE TAUTUAA SYLVIA MIERA FISK,0
Duchesne,TA11,Governor,,,CHARLIE TAUTUAA SYLVIA MIERA FISK,0
Duchesne,TA11:FWTR,Governor,,,CHARLIE TAUTUAA SYLVIA MIERA FISK,0
Duchesne,TA11:HWTR,Governor,,,CHARLIE TAUTUAA SYLVIA MIERA FISK,0
Duchesne,TA11:PWTR,Governor,,,CHARLIE TAUTUAA SYLVIA MIERA FISK,0
Duchesne,TA11:TR,Governor,,,CHARLIE TAUTUAA SYLVIA MIERA FISK,0
Duchesne,TA12:TR,Governor,,,CHARLIE TAUTUAA SYLVIA MIERA FISK,2
Duchesne,AB11,Attorney General,,REP,DEREK BROWN,16
Duchesne,AB11:CWNR,Attorney General,,REP,DEREK BROWN,0
Duchesne,AB11:CWUR,Attorney General,,REP,DEREK BROWN,0
Duchesne,AB11:UR,Attorney General,,REP,DEREK BROWN,0
Duchesne,AB11:UWUR,Attorney General,,REP,DEREK BROWN,322
Duchesne,AL12:UR,Attorney General,,REP,DEREK BROWN,97
Duchesne,AM11,Attorney General,,REP,DEREK BROWN,44
Duchesne,AM11:DW,Attorney General,,REP,DEREK BROWN,33
Duchesne,AM11:DWUR,Attorney General,,REP,DEREK BROWN,0
Duchesne,AM11:GR,Attorney General,,REP,DEREK BROWN,0
Duchesne,AM11:JW1,Attorney General,,REP,DEREK BROWN,10
Duchesne,AM11:JW3,Attorney General,,REP,DEREK BROWN,75
Duchesne,AM11:JW4,Attorney General,,REP,DEREK BROWN,96
Duchesne,AR11:CWUR,Attorney General,,REP,DEREK BROWN,0
Duchesne,AR11:DWGR,Attorney General,,REP,DEREK BROWN,35
Duchesne,AR11:DWUR,Attorney General,,REP,DEREK BROWN,41
Duchesne,AR11:GR,Attorney General,,REP,DEREK BROWN,0
Duchesne,AR11:J1UR,Attorney General,,REP,DEREK BROWN,75
Duchesne,AR11:UR,Attorney General,,REP,DEREK BROWN,27
Duchesne,AR11:UWUR,Attorney General,,REP,DEREK BROWN,132
Duchesne,DU11,Attorney General,,REP,DEREK BROWN,0
Duchesne,DU11:DW,Attorney General,,REP,DEREK BROWN,0
Duchesne,DU11:DWGR,Attorney General,,REP,DEREK BROWN,414
Duchesne,DU11:GR,Attorney General,,REP,DEREK BROWN,131
Duchesne,DU11:PWGR,Attorney General,,REP,DEREK BROWN,34
Duchesne,DU11:PWTR,Attorney General,,REP,DEREK BROWN,0
Duchesne,DU11:TR,Attorney General,,REP,DEREK BROWN,0
Duchesne,DU12:DWGR,Attorney General,,REP,DEREK BROWN,15
Duchesne,DU12:GR,Attorney General,,REP,DEREK BROWN,614
Duchesne,FR11:FWGR,Attorney General,,REP,DEREK BROWN,174
Duchesne,FR11:GR,Attorney General,,REP,DEREK BROWN,33
Duchesne,FR11:HWTR,Attorney General,,REP,DEREK BROWN,0
Duchesne,FR11:PWGR,Attorney General,,REP,DEREK BROWN,87
Duchesne,FR11:PWTR,Attorney General,,REP,DEREK BROWN,0
Duchesne,FR11:TR,Attorney General,,REP,DEREK BROWN,0
Duchesne,MH11,Attorney General,,REP,DEREK BROWN,0
Duchesne,MH11:DWGR,Attorney General,,REP,DEREK BROWN,15
Duchesne,MH11:GR,Attorney General,,REP,DEREK BROWN,13
Duchesne,MH11:TR,Attorney General,,REP,DEREK BROWN,0
Duchesne,MH11:UR,Attorney General,,REP,DEREK BROWN,62
Duchesne,MH11:UWUR,Attorney General,,REP,DEREK BROWN,315
Duchesne,MY12,Attorney General,,REP,DEREK BROWN,129
Duchesne,MY12:JW1,Attorney General,,REP,DEREK BROWN,0
Duchesne,MY12:JW4,Attorney General,,REP,DEREK BROWN,0
Duchesne,NE11,Attorney General,,REP,DEREK BROWN,31
Duchesne,NE11:CW,Attorney General,,REP,DEREK BROWN,126
Duchesne,NE11:CWNR,Attorney General,,REP,DEREK BROWN,357
Duchesne,NE11:NR,Attorney General,,REP,DEREK BROWN,58
Duchesne,NE11:NW,Attorney General,,REP,DEREK BROWN,25
Duchesne,NE11:NWNR,Attorney General,,REP,DEREK BROWN,202
Duchesne,NE11:UR,Attorney General,,REP,DEREK BROWN,0
Duchesne,RO11:S3J2,Attorney General,,REP,DEREK BROWN,0
Duchesne,RO11:SBD2,Attorney General,,REP,DEREK BROWN,43
Duchesne,RO11:SBD3,Attorney General,,REP,DEREK BROWN,0
Duchesne,RO12,Attorney General,,REP,DEREK BROWN,386
Duchesne,RO12:JW2,Attorney General,,REP,DEREK BROWN,129
Duchesne,RO21,Attorney General,,REP,DEREK BROWN,138
Duchesne,RO21:CW,Attorney General,,REP,DEREK BROWN,24
Duchesne,RO22,Attorney General,,REP,DEREK BROWN,587
Duchesne,RO31,Attorney General,,REP,DEREK BROWN,108
Duchesne,RO32,Attorney General,,REP,DEREK BROWN,422
Duchesne,RO32:JW1,Attorney General,,REP,DEREK BROWN,0
Duchesne,RO32:JW2,Attorney General,,REP,DEREK BROWN,0
Duchesne,RO41,Attorney General,,REP,DEREK BROWN,321
Duchesne,RO41:CW,Attorney General,,REP,DEREK BROWN,21
Duchesne,RO42,Attorney General,,REP,DEREK BROWN,372
Duchesne,RO51,Attorney General,,REP,DEREK BROWN,8
Duchesne,RO51:CW,Attorney General,,REP,DEREK BROWN,0
Duchesne,RO51:DWUR,Attorney General,,REP,DEREK BROWN,0
Duchesne,RO51:J1UR,Attorney General,,REP,DEREK BROWN,0
Duchesne,RO51:JW1,Attorney General,,REP,DEREK BROWN,149
Duchesne,RO51:JW2,Attorney General,,REP,DEREK BROWN,166
Duchesne,RO51:JW3,Attorney General,,REP,DEREK BROWN,83
Duchesne,RO51:UR,Attorney General,,REP,DEREK BROWN,0
Duchesne,TA11,Attorney General,,REP,DEREK BROWN,0
Duchesne,TA11:FWTR,Attorney General,,REP,DEREK BROWN,0
Duchesne,TA11:HWTR,Attorney General,,REP,DEREK BROWN,208
Duchesne,TA11:PWTR,Attorney General,,REP,DEREK BROWN,0
Duchesne,TA11:TR,Attorney General,,REP,DEREK BROWN,28
Duchesne,TA12:TR,Attorney General,,REP,DEREK BROWN,64
Duchesne,AB11,Attorney General,,DEM,RUDY J BAUTISTA,0
Duchesne,AB11:CWNR,Attorney General,,DEM,RUDY J BAUTISTA,0
Duchesne,AB11:CWUR,Attorney General,,DEM,RUDY J BAUTISTA,0
Duchesne,AB11:UR,Attorney General,,DEM,RUDY J BAUTISTA,0
Duchesne,AB11:UWUR,Attorney General,,DEM,RUDY J BAUTISTA,19
Duchesne,AL12:UR,Attorney General,,DEM,RUDY J BAUTISTA,6
Duchesne,AM11,Attorney General,,DEM,RUDY J BAUTISTA,4
Duchesne,AM11:DW,Attorney General,,DEM,RUDY J BAUTISTA,0
Duchesne,AM11:DWUR,Attorney General,,DEM,RUDY J BAUTISTA,0
Duchesne,AM11:GR,Attorney General,,DEM,RUDY J BAUTISTA,0
Duchesne,AM11:JW1,Attorney General,,DEM,RUDY J BAUTISTA,2
Duchesne,AM11:JW3,Attorney General,,DEM,RUDY J BAUTISTA,1
Duchesne,AM11:JW4,Attorney General,,DEM,RUDY J BAUTISTA,14
Duchesne,AR11:CWUR,Attorney General,,DEM,RUDY J BAUTISTA,0
Duchesne,AR11:DWGR,Attorney General,,DEM,RUDY J BAUTISTA,1
Duchesne,AR11:DWUR,Attorney General,,DEM,RUDY J BAUTISTA,1
Duchesne,AR11:GR,Attorney General,,DEM,RUDY J BAUTISTA,0
Duchesne,AR11:J1UR,Attorney General,,DEM,RUDY J BAUTISTA,4
Duchesne,AR11:UR,Attorney General,,DEM,RUDY J BAUTISTA,0
Duchesne,AR11:UWUR,Attorney General,,DEM,RUDY J BAUTISTA,11
Duchesne,DU11,Attorney General,,DEM,RUDY J BAUTISTA,0
Duchesne,DU11:DW,Attorney General,,DEM,RUDY J BAUTISTA,0
Duchesne,DU11:DWGR,Attorney General,,DEM,RUDY J BAUTISTA,25
Duchesne,DU11:GR,Attorney General,,DEM,RUDY J BAUTISTA,16
Duchesne,DU11:PWGR,Attorney General,,DEM,RUDY J BAUTISTA,17
Duchesne,DU11:PWTR,Attorney General,,DEM,RUDY J BAUTISTA,0
Duchesne,DU11:TR,Attorney General,,DEM,RUDY J BAUTISTA,0
Duchesne,DU12:DWGR,Attorney General,,DEM,RUDY J BAUTISTA,0
Duchesne,DU12:GR,Attorney General,,DEM,RUDY J BAUTISTA,42
Duchesne,FR11:FWGR,Attorney General,,DEM,RUDY J BAUTISTA,42
Duchesne,FR11:GR,Attorney General,,DEM,RUDY J BAUTISTA,7
Duchesne,FR11:HWTR,Attorney General,,DEM,RUDY J BAUTISTA,0
Duchesne,FR11:PWGR,Attorney General,,DEM,RUDY J BAUTISTA,23
Duchesne,FR11:PWTR,Attorney General,,DEM,RUDY J BAUTISTA,0
Duchesne,FR11:TR,Attorney General,,DEM,RUDY J BAUTISTA,0
Duchesne,MH11,Attorney General,,DEM,RUDY J BAUTISTA,0
Duchesne,MH11:DWGR,Attorney General,,DEM,RUDY J BAUTISTA,1
Duchesne,MH11:GR,Attorney General,,DEM,RUDY J BAUTISTA,5
Duchesne,MH11:TR,Attorney General,,DEM,RUDY J BAUTISTA,0
Duchesne,MH11:UR,Attorney General,,DEM,RUDY J BAUTISTA,12
Duchesne,MH11:UWUR,Attorney General,,DEM,RUDY J BAUTISTA,24
Duchesne,MY12,Attorney General,,DEM,RUDY J BAUTISTA,25
Duchesne,MY12:JW1,Attorney General,,DEM,RUDY J BAUTISTA,0
Duchesne,MY12:JW4,Attorney General,,DEM,RUDY J BAUTISTA,0
Duchesne,NE11,Attorney General,,DEM,RUDY J BAUTISTA,1
Duchesne,NE11:CW,Attorney General,,DEM,RUDY J BAUTISTA,11
Duchesne,NE11:CWNR,Attorney General,,DEM,RUDY J BAUTISTA,38
Duchesne,NE11:NR,Attorney General,,DEM,RUDY J BAUTISTA,8
Duchesne,NE11:NW,Attorney General,,DEM,RUDY J BAUTISTA,0
Duchesne,NE11:NWNR,Attorney General,,DEM,RUDY J BAUTISTA,32
Duchesne,NE11:UR,Attorney General,,DEM,RUDY J BAUTISTA,0
Duchesne,RO11:S3J2,Attorney General,,DEM,RUDY J BAUTISTA,0
Duchesne,RO11:SBD2,Attorney General,,DEM,RUDY J BAUTISTA,2
Duchesne,RO11:SBD3,Attorney General,,DEM,RUDY J BAUTISTA,0
Duchesne,RO12,Attorney General,,DEM,RUDY J BAUTISTA,62
Duchesne,RO12:JW2,Attorney General,,DEM,RUDY J BAUTISTA,8
Duchesne,RO21,Attorney General,,DEM,RUDY J BAUTISTA,12
Duchesne,RO21:CW,Attorney General,,DEM,RUDY J BAUTISTA,1
Duchesne,RO22,Attorney General,,DEM,RUDY J BAUTISTA,108
Duchesne,RO31,Attorney General,,DEM,RUDY J BAUTISTA,6
Duchesne,RO32,Attorney General,,DEM,RUDY J BAUTISTA,44
Duchesne,RO32:JW1,Attorney General,,DEM,RUDY J BAUTISTA,0
Duchesne,RO32:JW2,Attorney General,,DEM,RUDY J BAUTISTA,0
Duchesne,RO41,Attorney General,,DEM,RUDY J BAUTISTA,16
Duchesne,RO41:CW,Attorney General,,DEM,RUDY J BAUTISTA,0
Duchesne,RO42,Attorney General,,DEM,RUDY J BAUTISTA,42
Duchesne,RO51,Attorney General,,DEM,RUDY J BAUTISTA,0
Duchesne,RO51:CW,Attorney General,,DEM,RUDY J BAUTISTA,0
Duchesne,RO51:DWUR,Attorney General,,DEM,RUDY J BAUTISTA,0
Duchesne,RO51:J1UR,Attorney General,,DEM,RUDY J BAUTISTA,0
Duchesne,RO51:JW1,Attorney General,,DEM,RUDY J BAUTISTA,12
Duchesne,RO51:JW2,Attorney General,,DEM,RUDY J BAUTISTA,12
Duchesne,RO51:JW3,Attorney General,,DEM,RUDY J BAUTISTA,12
Duchesne,RO51:UR,Attorney General,,DEM,RUDY J BAUTISTA,0
Duchesne,TA11,Attorney General,,DEM,RUDY J BAUTISTA,0
Duchesne,TA11:FWTR,Attorney General,,DEM,RUDY J BAUTISTA,0
Duchesne,TA11:HWTR,Attorney General,,DEM,RUDY J BAUTISTA,19
Duchesne,TA11:PWTR,Attorney General,,DEM,RUDY J BAUTISTA,0
Duchesne,TA11:TR,Attorney General,,DEM,RUDY J BAUTISTA,7
Duchesne,TA12:TR,Attorney General,,DEM,RUDY J BAUTISTA,3
Duchesne,AB11,Attorney General,,LIB,W. ANDREW MCCULLOUGH,0
Duchesne,AB11:CWNR,Attorney General,,LIB,W. ANDREW MCCULLOUGH,0
Duchesne,AB11:CWUR,Attorney General,,LIB,W. ANDREW MCCULLOUGH,0
Duchesne,AB11:UR,Attorney General,,LIB,W. ANDREW MCCULLOUGH,0
Duchesne,AB11:UWUR,Attorney General,,LIB,W. ANDREW MCCULLOUGH,7
Duchesne,AL12:UR,Attorney General,,LIB,W. ANDREW MCCULLOUGH,3
Duchesne,AM11,Attorney General,,LIB,W. ANDREW MCCULLOUGH,3
Duchesne,AM11:DW,Attorney General,,LIB,W. ANDREW MCCULLOUGH,1
Duchesne,AM11:DWUR,Attorney General,,LIB,W. ANDREW MCCULLOUGH,0
Duchesne,AM11:GR,Attorney General,,LIB,W. ANDREW MCCULLOUGH,0
Duchesne,AM11:JW1,Attorney General,,LIB,W. ANDREW MCCULLOUGH,2
Duchesne,AM11:JW3,Attorney General,,LIB,W. ANDREW MCCULLOUGH,1
Duchesne,AM11:JW4,Attorney General,,LIB,W. ANDREW MCCULLOUGH,3
Duchesne,AR11:CWUR,Attorney General,,LIB,W. ANDREW MCCULLOUGH,0
Duchesne,AR11:DWGR,Attorney General,,LIB,W. ANDREW MCCULLOUGH,1
Duchesne,AR11:DWUR,Attorney General,,LIB,W. ANDREW MCCULLOUGH,0
Duchesne,AR11:GR,Attorney General,,LIB,W. ANDREW MCCULLOUGH,0
Duchesne,AR11:J1UR,Attorney General,,LIB,W. ANDREW MCCULLOUGH,3
Duchesne,AR11:UR,Attorney General,,LIB,W. ANDREW MCCULLOUGH,0
Duchesne,AR11:UWUR,Attorney General,,LIB,W. ANDREW MCCULLOUGH,2
Duchesne,DU11,Attorney General,,LIB,W. ANDREW MCCULLOUGH,0
Duchesne,DU11:DW,Attorney General,,LIB,W. ANDREW MCCULLOUGH,0
Duchesne,DU11:DWGR,Attorney General,,LIB,W. ANDREW MCCULLOUGH,18
Duchesne,DU11:GR,Attorney General,,LIB,W. ANDREW MCCULLOUGH,5
Duchesne,DU11:PWGR,Attorney General,,LIB,W. ANDREW MCCULLOUGH,4
Duchesne,DU11:PWTR,Attorney General,,LIB,W. ANDREW MCCULLOUGH,0
Duchesne,DU11:TR,Attorney General,,LIB,W. ANDREW MCCULLOUGH,0
Duchesne,DU12:DWGR,Attorney General,,LIB,W. ANDREW MCCULLOUGH,0
Duchesne,DU12:GR,Attorney General,,LIB,W. ANDREW MCCULLOUGH,38
Duchesne,FR11:FWGR,Attorney General,,LIB,W. ANDREW MCCULLOUGH,11
Duchesne,FR11:GR,Attorney General,,LIB,W. ANDREW MCCULLOUGH,1
Duchesne,FR11:HWTR,Attorney General,,LIB,W. ANDREW MCCULLOUGH,0
Duchesne,FR11:PWGR,Attorney General,,LIB,W. ANDREW MCCULLOUGH,9
Duchesne,FR11:PWTR,Attorney General,,LIB,W. ANDREW MCCULLOUGH,0
Duchesne,FR11:TR,Attorney General,,LIB,W. ANDREW MCCULLOUGH,0
Duchesne,MH11,Attorney General,,LIB,W. ANDREW MCCULLOUGH,0
Duchesne,MH11:DWGR,Attorney General,,LIB,W. ANDREW MCCULLOUGH,0
Duchesne,MH11:GR,Attorney General,,LIB,W. ANDREW MCCULLOUGH,0
Duchesne,MH11:TR,Attorney General,,LIB,W. ANDREW MCCULLOUGH,0
Duchesne,MH11:UR,Attorney General,,LIB,W. ANDREW MCCULLOUGH,4
Duchesne,MH11:UWUR,Attorney General,,LIB,W. ANDREW MCCULLOUGH,2
Duchesne,MY12,Attorney General,,LIB,W. ANDREW MCCULLOUGH,9
Duchesne,MY12:JW1,Attorney General,,LIB,W. ANDREW MCCULLOUGH,0
Duchesne,MY12:JW4,Attorney General,,LIB,W. ANDREW MCCULLOUGH,0
Duchesne,NE11,Attorney General,,LIB,W. ANDREW MCCULLOUGH,4
Duchesne,NE11:CW,Attorney General,,LIB,W. ANDREW MCCULLOUGH,5
Duchesne,NE11:CWNR,Attorney General,,LIB,W. ANDREW MCCULLOUGH,16
Duchesne,NE11:NR,Attorney General,,LIB,W. ANDREW MCCULLOUGH,3
Duchesne,NE11:NW,Attorney General,,LIB,W. ANDREW MCCULLOUGH,3
Duchesne,NE11:NWNR,Attorney General,,LIB,W. ANDREW MCCULLOUGH,5
Duchesne,NE11:UR,Attorney General,,LIB,W. ANDREW MCCULLOUGH,0
Duchesne,RO11:S3J2,Attorney General,,LIB,W. ANDREW MCCULLOUGH,0
Duchesne,RO11:SBD2,Attorney General,,LIB,W. ANDREW MCCULLOUGH,0
Duchesne,RO11:SBD3,Attorney General,,LIB,W. ANDREW MCCULLOUGH,0
Duchesne,RO12,Attorney General,,LIB,W. ANDREW MCCULLOUGH,22
Duchesne,RO12:JW2,Attorney General,,LIB,W. ANDREW MCCULLOUGH,2
Duchesne,RO21,Attorney General,,LIB,W. ANDREW MCCULLOUGH,11
Duchesne,RO21:CW,Attorney General,,LIB,W. ANDREW MCCULLOUGH,2
Duchesne,RO22,Attorney General,,LIB,W. ANDREW MCCULLOUGH,30
Duchesne,RO31,Attorney General,,LIB,W. ANDREW MCCULLOUGH,5
Duchesne,RO32,Attorney General,,LIB,W. ANDREW MCCULLOUGH,17
Duchesne,RO32:JW1,Attorney General,,LIB,W. ANDREW MCCULLOUGH,0
Duchesne,RO32:JW2,Attorney General,,LIB,W. ANDREW MCCULLOUGH,0
Duchesne,RO41,Attorney General,,LIB,W. ANDREW MCCULLOUGH,6
Duchesne,RO41:CW,Attorney General,,LIB,W. ANDREW MCCULLOUGH,0
Duchesne,RO42,Attorney General,,LIB,W. ANDREW MCCULLOUGH,16
Duchesne,RO51,Attorney General,,LIB,W. ANDREW MCCULLOUGH,7
Duchesne,RO51:CW,Attorney General,,LIB,W. ANDREW MCCULLOUGH,0
Duchesne,RO51:DWUR,Attorney General,,LIB,W. ANDREW MCCULLOUGH,0
Duchesne,RO51:J1UR,Attorney General,,LIB,W. ANDREW MCCULLOUGH,0
Duchesne,RO51:JW1,Attorney General,,LIB,W. ANDREW MCCULLOUGH,6
Duchesne,RO51:JW2,Attorney General,,LIB,W. ANDREW MCCULLOUGH,6
Duchesne,RO51:JW3,Attorney General,,LIB,W. ANDREW MCCULLOUGH,1
Duchesne,RO51:UR,Attorney General,,LIB,W. ANDREW MCCULLOUGH,0
Duchesne,TA11,Attorney General,,LIB,W. ANDREW MCCULLOUGH,0
Duchesne,TA11:FWTR,Attorney General,,LIB,W. ANDREW MCCULLOUGH,0
Duchesne,TA11:HWTR,Attorney General,,LIB,W. ANDREW MCCULLOUGH,2
Duchesne,TA11:PWTR,Attorney General,,LIB,W. ANDREW MCCULLOUGH,0
Duchesne,TA11:TR,Attorney General,,LIB,W. ANDREW MCCULLOUGH,1
Duchesne,TA12:TR,Attorney General,,LIB,W. ANDREW MCCULLOUGH,1
Duchesne,AB11,Attorney General,,,AUSTIN HEPWORTH,3
Duchesne,AB11:CWNR,Attorney General,,,AUSTIN HEPWORTH,0
Duchesne,AB11:CWUR,Attorney General,,,AUSTIN HEPWORTH,0
Duchesne,AB11:UR,Attorney General,,,AUSTIN HEPWORTH,0
Duchesne,AB11:UWUR,Attorney General,,,AUSTIN HEPWORTH,16
Duchesne,AL12:UR,Attorney General,,,AUSTIN HEPWORTH,1
Duchesne,AM11,Attorney General,,,AUSTIN HEPWORTH,1
Duchesne,AM11:DW,Attorney General,,,AUSTIN HEPWORTH,0
Duchesne,AM11:DWUR,Attorney General,,,AUSTIN HEPWORTH,0
Duchesne,AM11:GR,Attorney General,,,AUSTIN HEPWORTH,0
Duchesne,AM11:JW1,Attorney General,,,AUSTIN HEPWORTH,5
Duchesne,AM11:JW3,Attorney General,,,AUSTIN HEPWORTH,12
Duchesne,AM11:JW4,Attorney General,,,AUSTIN HEPWORTH,3
Duchesne,AR11:CWUR,Attorney General,,,AUSTIN HEPWORTH,0
Duchesne,AR11:DWGR,Attorney General,,,AUSTIN HEPWORTH,0
Duchesne,AR11:DWUR,Attorney General,,,AUSTIN HEPWORTH,2
Duchesne,AR11:GR,Attorney General,,,AUSTIN HEPWORTH,0
Duchesne,AR11:J1UR,Attorney General,,,AUSTIN HEPWORTH,6
Duchesne,AR11:UR,Attorney General,,,AUSTIN HEPWORTH,3
Duchesne,AR11:UWUR,Attorney General,,,AUSTIN HEPWORTH,5
Duchesne,DU11,Attorney General,,,AUSTIN HEPWORTH,0
Duchesne,DU11:DW,Attorney General,,,AUSTIN HEPWORTH,0
Duchesne,DU11:DWGR,Attorney General,,,AUSTIN HEPWORTH,18
Duchesne,DU11:GR,Attorney General,,,AUSTIN HEPWORTH,4
Duchesne,DU11:PWGR,Attorney General,,,AUSTIN HEPWORTH,2
Duchesne,DU11:PWTR,Attorney General,,,AUSTIN HEPWORTH,0
Duchesne,DU11:TR,Attorney General,,,AUSTIN HEPWORTH,0
Duchesne,DU12:DWGR,Attorney General,,,AUSTIN HEPWORTH,0
Duchesne,DU12:GR,Attorney General,,,AUSTIN HEPWORTH,6
Duchesne,FR11:FWGR,Attorney General,,,AUSTIN HEPWORTH,7
Duchesne,FR11:GR,Attorney General,,,AUSTIN HEPWORTH,0
Duchesne,FR11:HWTR,Attorney General,,,AUSTIN HEPWORTH,0
Duchesne,FR11:PWGR,Attorney General,,,AUSTIN HEPWORTH,3
Duchesne,FR11:PWTR,Attorney General,,,AUSTIN HEPWORTH,0
Duchesne,FR11:TR,Attorney General,,,AUSTIN HEPWORTH,0
Duchesne,MH11,Attorney General,,,AUSTIN HEPWORTH,0
Duchesne,MH11:DWGR,Attorney General,,,AUSTIN HEPWORTH,0
Duchesne,MH11:GR,Attorney General,,,AUSTIN HEPWORTH,0
Duchesne,MH11:TR,Attorney General,,,AUSTIN HEPWORTH,0
Duchesne,MH11:UR,Attorney General,,,AUSTIN HEPWORTH,4
Duchesne,MH11:UWUR,Attorney General,,,AUSTIN HEPWORTH,12
Duchesne,MY12,Attorney General,,,AUSTIN HEPWORTH,5
Duchesne,MY12:JW1,Attorney General,,,AUSTIN HEPWORTH,0
Duchesne,MY12:JW4,Attorney General,,,AUSTIN HEPWORTH,0
Duchesne,NE11,Attorney General,,,AUSTIN HEPWORTH,0
Duchesne,NE11:CW,Attorney General,,,AUSTIN HEPWORTH,0
Duchesne,NE11:CWNR,Attorney General,,,AUSTIN HEPWORTH,18
Duchesne,NE11:NR,Attorney General,,,AUSTIN HEPWORTH,7
Duchesne,NE11:NW,Attorney General,,,AUSTIN HEPWORTH,2
Duchesne,NE11:NWNR,Attorney General,,,AUSTIN HEPWORTH,4
Duchesne,NE11:UR,Attorney General,,,AUSTIN HEPWORTH,0
Duchesne,RO11:S3J2,Attorney General,,,AUSTIN HEPWORTH,0
Duchesne,RO11:SBD2,Attorney General,,,AUSTIN HEPWORTH,0
Duchesne,RO11:SBD3,Attorney General,,,AUSTIN HEPWORTH,0
Duchesne,RO12,Attorney General,,,AUSTIN HEPWORTH,26
Duchesne,RO12:JW2,Attorney General,,,AUSTIN HEPWORTH,1
Duchesne,RO21,Attorney General,,,AUSTIN HEPWORTH,11
Duchesne,RO21:CW,Attorney General,,,AUSTIN HEPWORTH,0
Duchesne,RO22,Attorney General,,,AUSTIN HEPWORTH,14
Duchesne,RO31,Attorney General,,,AUSTIN HEPWORTH,5
Duchesne,RO32,Attorney General,,,AUSTIN HEPWORTH,17
Duchesne,RO32:JW1,Attorney General,,,AUSTIN HEPWORTH,0
Duchesne,RO32:JW2,Attorney General,,,AUSTIN HEPWORTH,0
Duchesne,RO41,Attorney General,,,AUSTIN HEPWORTH,11
Duchesne,RO41:CW,Attorney General,,,AUSTIN HEPWORTH,1
Duchesne,RO42,Attorney General,,,AUSTIN HEPWORTH,13
Duchesne,RO51,Attorney General,,,AUSTIN HEPWORTH,0
Duchesne,RO51:CW,Attorney General,,,AUSTIN HEPWORTH,0
Duchesne,RO51:DWUR,Attorney General,,,AUSTIN HEPWORTH,0
Duchesne,RO51:J1UR,Attorney General,,,AUSTIN HEPWORTH,0
Duchesne,RO51:JW1,Attorney General,,,AUSTIN HEPWORTH,1
Duchesne,RO51:JW2,Attorney General,,,AUSTIN HEPWORTH,5
Duchesne,RO51:JW3,Attorney General,,,AUSTIN HEPWORTH,3
Duchesne,RO51:UR,Attorney General,,,AUSTIN HEPWORTH,0
Duchesne,TA11,Attorney General,,,AUSTIN HEPWORTH,0
Duchesne,TA11:FWTR,Attorney General,,,AUSTIN HEPWORTH,0
Duchesne,TA11:HWTR,Attorney General,,,AUSTIN HEPWORTH,22
Duchesne,TA11:PWTR,Attorney General,,,AUSTIN HEPWORTH,0
Duchesne,TA11:TR,Attorney General,,,AUSTIN HEPWORTH,0
Duchesne,TA12:TR,Attorney General,,,AUSTIN HEPWORTH,11
Duchesne,AB11,Attorney General,,UUP,MICHELLE QUIST,3
Duchesne,AB11:CWNR,Attorney General,,UUP,MICHELLE QUIST,0
Duchesne,AB11:CWUR,Attorney General,,UUP,MICHELLE QUIST,0
Duchesne,AB11:UR,Attorney General,,UUP,MICHELLE QUIST,0
Duchesne,AB11:UWUR,Attorney General,,UUP,MICHELLE QUIST,10
Duchesne,AL12:UR,Attorney General,,UUP,MICHELLE QUIST,3
Duchesne,AM11,Attorney General,,UUP,MICHELLE QUIST,2
Duchesne,AM11:DW,Attorney General,,UUP,MICHELLE QUIST,1
Duchesne,AM11:DWUR,Attorney General,,UUP,MICHELLE QUIST,0
Duchesne,AM11:GR,Attorney General,,UUP,MICHELLE QUIST,0
Duchesne,AM11:JW1,Attorney General,,UUP,MICHELLE QUIST,1
Duchesne,AM11:JW3,Attorney General,,UUP,MICHELLE QUIST,2
Duchesne,AM11:JW4,Attorney General,,UUP,MICHELLE QUIST,3
Duchesne,AR11:CWUR,Attorney General,,UUP,MICHELLE QUIST,0
Duchesne,AR11:DWGR,Attorney General,,UUP,MICHELLE QUIST,0
Duchesne,AR11:DWUR,Attorney General,,UUP,MICHELLE QUIST,0
Duchesne,AR11:GR,Attorney General,,UUP,MICHELLE QUIST,0
Duchesne,AR11:J1UR,Attorney General,,UUP,MICHELLE QUIST,5
Duchesne,AR11:UR,Attorney General,,UUP,MICHELLE QUIST,0
Duchesne,AR11:UWUR,Attorney General,,UUP,MICHELLE QUIST,3
Duchesne,DU11,Attorney General,,UUP,MICHELLE QUIST,0
Duchesne,DU11:DW,Attorney General,,UUP,MICHELLE QUIST,0
Duchesne,DU11:DWGR,Attorney General,,UUP,MICHELLE QUIST,6
Duchesne,DU11:GR,Attorney General,,UUP,MICHELLE QUIST,2
Duchesne,DU11:PWGR,Attorney General,,UUP,MICHELLE QUIST,1
Duchesne,DU11:PWTR,Attorney General,,UUP,MICHELLE QUIST,0
Duchesne,DU11:TR,Attorney General,,UUP,MICHELLE QUIST,0
Duchesne,DU12:DWGR,Attorney General,,UUP,MICHELLE QUIST,0
Duchesne,DU12:GR,Attorney General,,UUP,MICHELLE QUIST,19
Duchesne,FR11:FWGR,Attorney General,,UUP,MICHELLE QUIST,12
Duchesne,FR11:GR,Attorney General,,UUP,MICHELLE QUIST,1
Duchesne,FR11:HWTR,Attorney General,,UUP,MICHELLE QUIST,0
Duchesne,FR11:PWGR,Attorney General,,UUP,MICHELLE QUIST,6
Duchesne,FR11:PWTR,Attorney General,,UUP,MICHELLE QUIST,0
Duchesne,FR11:TR,Attorney General,,UUP,MICHELLE QUIST,0
Duchesne,MH11,Attorney General,,UUP,MICHELLE QUIST,0
Duchesne,MH11:DWGR,Attorney General,,UUP,MICHELLE QUIST,2
Duchesne,MH11:GR,Attorney General,,UUP,MICHELLE QUIST,0
Duchesne,MH11:TR,Attorney General,,UUP,MICHELLE QUIST,0
Duchesne,MH11:UR,Attorney General,,UUP,MICHELLE QUIST,2
Duchesne,MH11:UWUR,Attorney General,,UUP,MICHELLE QUIST,10
Duchesne,MY12,Attorney General,,UUP,MICHELLE QUIST,6
Duchesne,MY12:JW1,Attorney General,,UUP,MICHELLE QUIST,0
Duchesne,MY12:JW4,Attorney General,,UUP,MICHELLE QUIST,0
Duchesne,NE11,Attorney General,,UUP,MICHELLE QUIST,0
Duchesne,NE11:CW,Attorney General,,UUP,MICHELLE QUIST,3
Duchesne,NE11:CWNR,Attorney General,,UUP,MICHELLE QUIST,16
Duchesne,NE11:NR,Attorney General,,UUP,MICHELLE QUIST,1
Duchesne,NE11:NW,Attorney General,,UUP,MICHELLE QUIST,3
Duchesne,NE11:NWNR,Attorney General,,UUP,MICHELLE QUIST,6
Duchesne,NE11:UR,Attorney General,,UUP,MICHELLE QUIST,0
Duchesne,RO11:S3J2,Attorney General,,UUP,MICHELLE QUIST,0
Duchesne,RO11:SBD2,Attorney General,,UUP,MICHELLE QUIST,1
Duchesne,RO11:SBD3,Attorney General,,UUP,MICHELLE QUIST,0
Duchesne,RO12,Attorney General,,UUP,MICHELLE QUIST,19
Duchesne,RO12:JW2,Attorney General,,UUP,MICHELLE QUIST,9
Duchesne,RO21,Attorney General,,UUP,MICHELLE QUIST,5
Duchesne,RO21:CW,Attorney General,,UUP,MICHELLE QUIST,1
Duchesne,RO22,Attorney General,,UUP,MICHELLE QUIST,24
Duchesne,RO31,Attorney General,,UUP,MICHELLE QUIST,5
Duchesne,RO32,Attorney General,,UUP,MICHELLE QUIST,11
Duchesne,RO32:JW1,Attorney General,,UUP,MICHELLE QUIST,0
Duchesne,RO32:JW2,Attorney General,,UUP,MICHELLE QUIST,0
Duchesne,RO41,Attorney General,,UUP,MICHELLE QUIST,11
Duchesne,RO41:CW,Attorney General,,UUP,MICHELLE QUIST,0
Duchesne,RO42,Attorney General,,UUP,MICHELLE QUIST,33
Duchesne,RO51,Attorney General,,UUP,MICHELLE QUIST,0
Duchesne,RO51:CW,Attorney General,,UUP,MICHELLE QUIST,0
Duchesne,RO51:DWUR,Attorney General,,UUP,MICHELLE QUIST,0
Duchesne,RO51:J1UR,Attorney General,,UUP,MICHELLE QUIST,0
Duchesne,RO51:JW1,Attorney General,,UUP,MICHELLE QUIST,2
Duchesne,RO51:JW2,Attorney General,,UUP,MICHELLE QUIST,6
Duchesne,RO51:JW3,Attorney General,,UUP,MICHELLE QUIST,4
Duchesne,RO51:UR,Attorney General,,UUP,MICHELLE QUIST,0
Duchesne,TA11,Attorney General,,UUP,MICHELLE QUIST,0
Duchesne,TA11:FWTR,Attorney General,,UUP,MICHELLE QUIST,0
Duchesne,TA11:HWTR,Attorney General,,UUP,MICHELLE QUIST,4
Duchesne,TA11:PWTR,Attorney General,,UUP,MICHELLE QUIST,0
Duchesne,TA11:TR,Attorney General,,UUP,MICHELLE QUIST,1
Duchesne,TA12:TR,Attorney General,,UUP,MICHELLE QUIST,0
Duchesne,AB11,State Auditor,,REP,TINA CANNON,21
Duchesne,AB11:CWNR,State Auditor,,REP,TINA CANNON,0
Duchesne,AB11:CWUR,State Auditor,,REP,TINA CANNON,0
Duchesne,AB11:UR,State Auditor,,REP,TINA CANNON,0
Duchesne,AB11:UWUR,State Auditor,,REP,TINA CANNON,323
Duchesne,AL12:UR,State Auditor,,REP,TINA CANNON,95
Duchesne,AM11,State Auditor,,REP,TINA CANNON,43
Duchesne,AM11:DW,State Auditor,,REP,TINA CANNON,34
Duchesne,AM11:DWUR,State Auditor,,REP,TINA CANNON,0
Duchesne,AM11:GR,State Auditor,,REP,TINA CANNON,0
Duchesne,AM11:JW1,State Auditor,,REP,TINA CANNON,15
Duchesne,AM11:JW3,State Auditor,,REP,TINA CANNON,78
Duchesne,AM11:JW4,State Auditor,,REP,TINA CANNON,100
Duchesne,AR11:CWUR,State Auditor,,REP,TINA CANNON,0
Duchesne,AR11:DWGR,State Auditor,,REP,TINA CANNON,35
Duchesne,AR11:DWUR,State Auditor,,REP,TINA CANNON,40
Duchesne,AR11:GR,State Auditor,,REP,TINA CANNON,0
Duchesne,AR11:J1UR,State Auditor,,REP,TINA CANNON,80
Duchesne,AR11:UR,State Auditor,,REP,TINA CANNON,30
Duchesne,AR11:UWUR,State Auditor,,REP,TINA CANNON,136
Duchesne,DU11,State Auditor,,REP,TINA CANNON,0
Duchesne,DU11:DW,State Auditor,,REP,TINA CANNON,0
Duchesne,DU11:DWGR,State Auditor,,REP,TINA CANNON,418
Duchesne,DU11:GR,State Auditor,,REP,TINA CANNON,133
Duchesne,DU11:PWGR,State Auditor,,REP,TINA CANNON,38
Duchesne,DU11:PWTR,State Auditor,,REP,TINA CANNON,0
Duchesne,DU11:TR,State Auditor,,REP,TINA CANNON,0
Duchesne,DU12:DWGR,State Auditor,,REP,TINA CANNON,14
Duchesne,DU12:GR,State Auditor,,REP,TINA CANNON,591
Duchesne,FR11:FWGR,State Auditor,,REP,TINA CANNON,178
Duchesne,FR11:GR,State Auditor,,REP,TINA CANNON,32
Duchesne,FR11:HWTR,State Auditor,,REP,TINA CANNON,0
Duchesne,FR11:PWGR,State Auditor,,REP,TINA CANNON,87
Duchesne,FR11:PWTR,State Auditor,,REP,TINA CANNON,0
Duchesne,FR11:TR,State Auditor,,REP,TINA CANNON,0
Duchesne,MH11,State Auditor,,REP,TINA CANNON,0
Duchesne,MH11:DWGR,State Auditor,,REP,TINA CANNON,16
Duchesne,MH11:GR,State Auditor,,REP,TINA CANNON,14
Duchesne,MH11:TR,State Auditor,,REP,TINA CANNON,0
Duchesne,MH11:UR,State Auditor,,REP,TINA CANNON,61
Duchesne,MH11:UWUR,State Auditor,,REP,TINA CANNON,324
Duchesne,MY12,State Auditor,,REP,TINA CANNON,130
Duchesne,MY12:JW1,State Auditor,,REP,TINA CANNON,0
Duchesne,MY12:JW4,State Auditor,,REP,TINA CANNON,0
Duchesne,NE11,State Auditor,,REP,TINA CANNON,30
Duchesne,NE11:CW,State Auditor,,REP,TINA CANNON,127
Duchesne,NE11:CWNR,State Auditor,,REP,TINA CANNON,367
Duchesne,NE11:NR,State Auditor,,REP,TINA CANNON,60
Duchesne,NE11:NW,State Auditor,,REP,TINA CANNON,27
Duchesne,NE11:NWNR,State Auditor,,REP,TINA CANNON,200
Duchesne,NE11:UR,State Auditor,,REP,TINA CANNON,0
Duchesne,RO11:S3J2,State Auditor,,REP,TINA CANNON,0
Duchesne,RO11:SBD2,State Auditor,,REP,TINA CANNON,40
Duchesne,RO11:SBD3,State Auditor,,REP,TINA CANNON,0
Duchesne,RO12,State Auditor,,REP,TINA CANNON,409
Duchesne,RO12:JW2,State Auditor,,REP,TINA CANNON,128
Duchesne,RO21,State Auditor,,REP,TINA CANNON,151
Duchesne,RO21:CW,State Auditor,,REP,TINA CANNON,25
Duchesne,RO22,State Auditor,,REP,TINA CANNON,585
Duchesne,RO31,State Auditor,,REP,TINA CANNON,111
Duchesne,RO32,State Auditor,,REP,TINA CANNON,436
Duchesne,RO32:JW1,State Auditor,,REP,TINA CANNON,0
Duchesne,RO32:JW2,State Auditor,,REP,TINA CANNON,0
Duchesne,RO41,State Auditor,,REP,TINA CANNON,331
Duchesne,RO41:CW,State Auditor,,REP,TINA CANNON,19
Duchesne,RO42,State Auditor,,REP,TINA CANNON,394
Duchesne,RO51,State Auditor,,REP,TINA CANNON,15
Duchesne,RO51:CW,State Auditor,,REP,TINA CANNON,0
Duchesne,RO51:DWUR,State Auditor,,REP,TINA CANNON,0
Duchesne,RO51:J1UR,State Auditor,,REP,TINA CANNON,0
Duchesne,RO51:JW1,State Auditor,,REP,TINA CANNON,148
Duchesne,RO51:JW2,State Auditor,,REP,TINA CANNON,161
Duchesne,RO51:JW3,State Auditor,,REP,TINA CANNON,85
Duchesne,RO51:UR,State Auditor,,REP,TINA CANNON,0
Duchesne,TA11,State Auditor,,REP,TINA CANNON,0
Duchesne,TA11:FWTR,State Auditor,,REP,TINA CANNON,0
Duchesne,TA11:HWTR,State Auditor,,REP,TINA CANNON,220
Duchesne,TA11:PWTR,State Auditor,,REP,TINA CANNON,0
Duchesne,TA11:TR,State Auditor,,REP,TINA CANNON,28
Duchesne,TA12:TR,State Auditor,,REP,TINA CANNON,67
Duchesne,AB11,State Auditor,,CON,JEFFREY L. OSTLER,1
Duchesne,AB11:CWNR,State Auditor,,CON,JEFFREY L. OSTLER,0
Duchesne,AB11:CWUR,State Auditor,,CON,JEFFREY L. OSTLER,0
Duchesne,AB11:UR,State Auditor,,CON,JEFFREY L. OSTLER,0
Duchesne,AB11:UWUR,State Auditor,,CON,JEFFREY L. OSTLER,26
Duchesne,AL12:UR,State Auditor,,CON,JEFFREY L. OSTLER,8
Duchesne,AM11,State Auditor,,CON,JEFFREY L. OSTLER,6
Duchesne,AM11:DW,State Auditor,,CON,JEFFREY L. OSTLER,0
Duchesne,AM11:DWUR,State Auditor,,CON,JEFFREY L. OSTLER,0
Duchesne,AM11:GR,State Auditor,,CON,JEFFREY L. OSTLER,0
Duchesne,AM11:JW1,State Auditor,,CON,JEFFREY L. OSTLER,2
Duchesne,AM11:JW3,State Auditor,,CON,JEFFREY L. OSTLER,13
Duchesne,AM11:JW4,State Auditor,,CON,JEFFREY L. OSTLER,8
Duchesne,AR11:CWUR,State Auditor,,CON,JEFFREY L. OSTLER,0
Duchesne,AR11:DWGR,State Auditor,,CON,JEFFREY L. OSTLER,1
Duchesne,AR11:DWUR,State Auditor,,CON,JEFFREY L. OSTLER,2
Duchesne,AR11:GR,State Auditor,,CON,JEFFREY L. OSTLER,0
Duchesne,AR11:J1UR,State Auditor,,CON,JEFFREY L. OSTLER,3
Duchesne,AR11:UR,State Auditor,,CON,JEFFREY L. OSTLER,0
Duchesne,AR11:UWUR,State Auditor,,CON,JEFFREY L. OSTLER,8
Duchesne,DU11,State Auditor,,CON,JEFFREY L. OSTLER,0
Duchesne,DU11:DW,State Auditor,,CON,JEFFREY L. OSTLER,0
Duchesne,DU11:DWGR,State Auditor,,CON,JEFFREY L. OSTLER,26
Duchesne,DU11:GR,State Auditor,,CON,JEFFREY L. OSTLER,9
Duchesne,DU11:PWGR,State Auditor,,CON,JEFFREY L. OSTLER,4
Duchesne,DU11:PWTR,State Auditor,,CON,JEFFREY L. OSTLER,0
Duchesne,DU11:TR,State Auditor,,CON,JEFFREY L. OSTLER,0
Duchesne,DU12:DWGR,State Auditor,,CON,JEFFREY L. OSTLER,1
Duchesne,DU12:GR,State Auditor,,CON,JEFFREY L. OSTLER,68
Duchesne,FR11:FWGR,State Auditor,,CON,JEFFREY L. OSTLER,25
Duchesne,FR11:GR,State Auditor,,CON,JEFFREY L. OSTLER,1
Duchesne,FR11:HWTR,State Auditor,,CON,JEFFREY L. OSTLER,0
Duchesne,FR11:PWGR,State Auditor,,CON,JEFFREY L. OSTLER,15
Duchesne,FR11:PWTR,State Auditor,,CON,JEFFREY L. OSTLER,0
Duchesne,FR11:TR,State Auditor,,CON,JEFFREY L. OSTLER,0
Duchesne,MH11,State Auditor,,CON,JEFFREY L. OSTLER,0
Duchesne,MH11:DWGR,State Auditor,,CON,JEFFREY L. OSTLER,1
Duchesne,MH11:GR,State Auditor,,CON,JEFFREY L. OSTLER,0
Duchesne,MH11:TR,State Auditor,,CON,JEFFREY L. OSTLER,0
Duchesne,MH11:UR,State Auditor,,CON,JEFFREY L. OSTLER,7
Duchesne,MH11:UWUR,State Auditor,,CON,JEFFREY L. OSTLER,17
Duchesne,MY12,State Auditor,,CON,JEFFREY L. OSTLER,10
Duchesne,MY12:JW1,State Auditor,,CON,JEFFREY L. OSTLER,0
Duchesne,MY12:JW4,State Auditor,,CON,JEFFREY L. OSTLER,0
Duchesne,NE11,State Auditor,,CON,JEFFREY L. OSTLER,5
Duchesne,NE11:CW,State Auditor,,CON,JEFFREY L. OSTLER,6
Duchesne,NE11:CWNR,State Auditor,,CON,JEFFREY L. OSTLER,37
Duchesne,NE11:NR,State Auditor,,CON,JEFFREY L. OSTLER,8
Duchesne,NE11:NW,State Auditor,,CON,JEFFREY L. OSTLER,5
Duchesne,NE11:NWNR,State Auditor,,CON,JEFFREY L. OSTLER,15
Duchesne,NE11:UR,State Auditor,,CON,JEFFREY L. OSTLER,0
Duchesne,RO11:S3J2,State Auditor,,CON,JEFFREY L. OSTLER,0
Duchesne,RO11:SBD2,State Auditor,,CON,JEFFREY L. OSTLER,3
Duchesne,RO11:SBD3,State Auditor,,CON,JEFFREY L. OSTLER,0
Duchesne,RO12,State Auditor,,CON,JEFFREY L. OSTLER,42
Duchesne,RO12:JW2,State Auditor,,CON,JEFFREY L. OSTLER,7
Duchesne,RO21,State Auditor,,CON,JEFFREY L. OSTLER,17
Duchesne,RO21:CW,State Auditor,,CON,JEFFREY L. OSTLER,2
Duchesne,RO22,State Auditor,,CON,JEFFREY L. OSTLER,56
Duchesne,RO31,State Auditor,,CON,JEFFREY L. OSTLER,8
Duchesne,RO32,State Auditor,,CON,JEFFREY L. OSTLER,28
Duchesne,RO32:JW1,State Auditor,,CON,JEFFREY L. OSTLER,0
Duchesne,RO32:JW2,State Auditor,,CON,JEFFREY L. OSTLER,0
Duchesne,RO41,State Auditor,,CON,JEFFREY L. OSTLER,18
Duchesne,RO41:CW,State Auditor,,CON,JEFFREY L. OSTLER,3
Duchesne,RO42,State Auditor,,CON,JEFFREY L. OSTLER,28
Duchesne,RO51,State Auditor,,CON,JEFFREY L. OSTLER,0
Duchesne,RO51:CW,State Auditor,,CON,JEFFREY L. OSTLER,0
Duchesne,RO51:DWUR,State Auditor,,CON,JEFFREY L. OSTLER,0
Duchesne,RO51:J1UR,State Auditor,,CON,JEFFREY L. OSTLER,0
Duchesne,RO51:JW1,State Auditor,,CON,JEFFREY L. OSTLER,12
Duchesne,RO51:JW2,State Auditor,,CON,JEFFREY L. OSTLER,17
Duchesne,RO51:JW3,State Auditor,,CON,JEFFREY L. OSTLER,7
Duchesne,RO51:UR,State Auditor,,CON,JEFFREY L. OSTLER,0
Duchesne,TA11,State Auditor,,CON,JEFFREY L. OSTLER,0
Duchesne,TA11:FWTR,State Auditor,,CON,JEFFREY L. OSTLER,0
Duchesne,TA11:HWTR,State Auditor,,CON,JEFFREY L. OSTLER,16
Duchesne,TA11:PWTR,State Auditor,,CON,JEFFREY L. OSTLER,0
Duchesne,TA11:TR,State Auditor,,CON,JEFFREY L. OSTLER,2
Duchesne,TA12:TR,State Auditor,,CON,JEFFREY L. OSTLER,11
Duchesne,AB11,State Auditor,,DEM,CATHERINE VOUTAZ,0
Duchesne,AB11:CWNR,State Auditor,,DEM,CATHERINE VOUTAZ,0
Duchesne,AB11:CWUR,State Auditor,,DEM,CATHERINE VOUTAZ,0
Duchesne,AB11:UR,State Auditor,,DEM,CATHERINE VOUTAZ,0
Duchesne,AB11:UWUR,State Auditor,,DEM,CATHERINE VOUTAZ,20
Duchesne,AL12:UR,State Auditor,,DEM,CATHERINE VOUTAZ,7
Duchesne,AM11,State Auditor,,DEM,CATHERINE VOUTAZ,5
Duchesne,AM11:DW,State Auditor,,DEM,CATHERINE VOUTAZ,0
Duchesne,AM11:DWUR,State Auditor,,DEM,CATHERINE VOUTAZ,0
Duchesne,AM11:GR,State Auditor,,DEM,CATHERINE VOUTAZ,0
Duchesne,AM11:JW1,State Auditor,,DEM,CATHERINE VOUTAZ,3
Duchesne,AM11:JW3,State Auditor,,DEM,CATHERINE VOUTAZ,1
Duchesne,AM11:JW4,State Auditor,,DEM,CATHERINE VOUTAZ,12
Duchesne,AR11:CWUR,State Auditor,,DEM,CATHERINE VOUTAZ,0
Duchesne,AR11:DWGR,State Auditor,,DEM,CATHERINE VOUTAZ,1
Duchesne,AR11:DWUR,State Auditor,,DEM,CATHERINE VOUTAZ,1
Duchesne,AR11:GR,State Auditor,,DEM,CATHERINE VOUTAZ,0
Duchesne,AR11:J1UR,State Auditor,,DEM,CATHERINE VOUTAZ,9
Duchesne,AR11:UR,State Auditor,,DEM,CATHERINE VOUTAZ,0
Duchesne,AR11:UWUR,State Auditor,,DEM,CATHERINE VOUTAZ,8
Duchesne,DU11,State Auditor,,DEM,CATHERINE VOUTAZ,0
Duchesne,DU11:DW,State Auditor,,DEM,CATHERINE VOUTAZ,0
Duchesne,DU11:DWGR,State Auditor,,DEM,CATHERINE VOUTAZ,28
Duchesne,DU11:GR,State Auditor,,DEM,CATHERINE VOUTAZ,16
Duchesne,DU11:PWGR,State Auditor,,DEM,CATHERINE VOUTAZ,17
Duchesne,DU11:PWTR,State Auditor,,DEM,CATHERINE VOUTAZ,0
Duchesne,DU11:TR,State Auditor,,DEM,CATHERINE VOUTAZ,0
Duchesne,DU12:DWGR,State Auditor,,DEM,CATHERINE VOUTAZ,0
Duchesne,DU12:GR,State Auditor,,DEM,CATHERINE VOUTAZ,54
Duchesne,FR11:FWGR,State Auditor,,DEM,CATHERINE VOUTAZ,42
Duchesne,FR11:GR,State Auditor,,DEM,CATHERINE VOUTAZ,8
Duchesne,FR11:HWTR,State Auditor,,DEM,CATHERINE VOUTAZ,0
Duchesne,FR11:PWGR,State Auditor,,DEM,CATHERINE VOUTAZ,25
Duchesne,FR11:PWTR,State Auditor,,DEM,CATHERINE VOUTAZ,0
Duchesne,FR11:TR,State Auditor,,DEM,CATHERINE VOUTAZ,0
Duchesne,MH11,State Auditor,,DEM,CATHERINE VOUTAZ,0
Duchesne,MH11:DWGR,State Auditor,,DEM,CATHERINE VOUTAZ,1
Duchesne,MH11:GR,State Auditor,,DEM,CATHERINE VOUTAZ,4
Duchesne,MH11:TR,State Auditor,,DEM,CATHERINE VOUTAZ,0
Duchesne,MH11:UR,State Auditor,,DEM,CATHERINE VOUTAZ,14
Duchesne,MH11:UWUR,State Auditor,,DEM,CATHERINE VOUTAZ,19
Duchesne,MY12,State Auditor,,DEM,CATHERINE VOUTAZ,33
Duchesne,MY12:JW1,State Auditor,,DEM,CATHERINE VOUTAZ,0
Duchesne,MY12:JW4,State Auditor,,DEM,CATHERINE VOUTAZ,0
Duchesne,NE11,State Auditor,,DEM,CATHERINE VOUTAZ,1
Duchesne,NE11:CW,State Auditor,,DEM,CATHERINE VOUTAZ,12
Duchesne,NE11:CWNR,State Auditor,,DEM,CATHERINE VOUTAZ,35
Duchesne,NE11:NR,State Auditor,,DEM,CATHERINE VOUTAZ,6
Duchesne,NE11:NW,State Auditor,,DEM,CATHERINE VOUTAZ,1
Duchesne,NE11:NWNR,State Auditor,,DEM,CATHERINE VOUTAZ,31
Duchesne,NE11:UR,State Auditor,,DEM,CATHERINE VOUTAZ,0
Duchesne,RO11:S3J2,State Auditor,,DEM,CATHERINE VOUTAZ,0
Duchesne,RO11:SBD2,State Auditor,,DEM,CATHERINE VOUTAZ,2
Duchesne,RO11:SBD3,State Auditor,,DEM,CATHERINE VOUTAZ,0
Duchesne,RO12,State Auditor,,DEM,CATHERINE VOUTAZ,59
Duchesne,RO12:JW2,State Auditor,,DEM,CATHERINE VOUTAZ,13
Duchesne,RO21,State Auditor,,DEM,CATHERINE VOUTAZ,9
Duchesne,RO21:CW,State Auditor,,DEM,CATHERINE VOUTAZ,1
Duchesne,RO22,State Auditor,,DEM,CATHERINE VOUTAZ,117
Duchesne,RO31,State Auditor,,DEM,CATHERINE VOUTAZ,10
Duchesne,RO32,State Auditor,,DEM,CATHERINE VOUTAZ,43
Duchesne,RO32:JW1,State Auditor,,DEM,CATHERINE VOUTAZ,0
Duchesne,RO32:JW2,State Auditor,,DEM,CATHERINE VOUTAZ,0
Duchesne,RO41,State Auditor,,DEM,CATHERINE VOUTAZ,12
Duchesne,RO41:CW,State Auditor,,DEM,CATHERINE VOUTAZ,0
Duchesne,RO42,State Auditor,,DEM,CATHERINE VOUTAZ,47
Duchesne,RO51,State Auditor,,DEM,CATHERINE VOUTAZ,0
Duchesne,RO51:CW,State Auditor,,DEM,CATHERINE VOUTAZ,0
Duchesne,RO51:DWUR,State Auditor,,DEM,CATHERINE VOUTAZ,0
Duchesne,RO51:J1UR,State Auditor,,DEM,CATHERINE VOUTAZ,0
Duchesne,RO51:JW1,State Auditor,,DEM,CATHERINE VOUTAZ,11
Duchesne,RO51:JW2,State Auditor,,DEM,CATHERINE VOUTAZ,14
Duchesne,RO51:JW3,State Auditor,,DEM,CATHERINE VOUTAZ,9
Duchesne,RO51:UR,State Auditor,,DEM,CATHERINE VOUTAZ,0
Duchesne,TA11,State Auditor,,DEM,CATHERINE VOUTAZ,0
Duchesne,TA11:FWTR,State Auditor,,DEM,CATHERINE VOUTAZ,0
Duchesne,TA11:HWTR,State Auditor,,DEM,CATHERINE VOUTAZ,14
Duchesne,TA11:PWTR,State Auditor,,DEM,CATHERINE VOUTAZ,0
Duchesne,TA11:TR,State Auditor,,DEM,CATHERINE VOUTAZ,7
Duchesne,TA12:TR,State Auditor,,DEM,CATHERINE VOUTAZ,2
Duchesne,AB11,State Treasurer,,Utah Forward,MILES POMEROY,0
Duchesne,AB11:CWNR,State Treasurer,,Utah Forward,MILES POMEROY,0
Duchesne,AB11:CWUR,State Treasurer,,Utah Forward,MILES POMEROY,0
Duchesne,AB11:UR,State Treasurer,,Utah Forward,MILES POMEROY,0
Duchesne,AB11:UWUR,State Treasurer,,Utah Forward,MILES POMEROY,9
Duchesne,AL12:UR,State Treasurer,,Utah Forward,MILES POMEROY,4
Duchesne,AM11,State Treasurer,,Utah Forward,MILES POMEROY,2
Duchesne,AM11:DW,State Treasurer,,Utah Forward,MILES POMEROY,0
Duchesne,AM11:DWUR,State Treasurer,,Utah Forward,MILES POMEROY,0
Duchesne,AM11:GR,State Treasurer,,Utah Forward,MILES POMEROY,0
Duchesne,AM11:JW1,State Treasurer,,Utah Forward,MILES POMEROY,0
Duchesne,AM11:JW3,State Treasurer,,Utah Forward,MILES POMEROY,2
Duchesne,AM11:JW4,State Treasurer,,Utah Forward,MILES POMEROY,4
Duchesne,AR11:CWUR,State Treasurer,,Utah Forward,MILES POMEROY,0
Duchesne,AR11:DWGR,State Treasurer,,Utah Forward,MILES POMEROY,0
Duchesne,AR11:DWUR,State Treasurer,,Utah Forward,MILES POMEROY,0
Duchesne,AR11:GR,State Treasurer,,Utah Forward,MILES POMEROY,0
Duchesne,AR11:J1UR,State Treasurer,,Utah Forward,MILES POMEROY,2
Duchesne,AR11:UR,State Treasurer,,Utah Forward,MILES POMEROY,0
Duchesne,AR11:UWUR,State Treasurer,,Utah Forward,MILES POMEROY,8
Duchesne,DU11,State Treasurer,,Utah Forward,MILES POMEROY,0
Duchesne,DU11:DW,State Treasurer,,Utah Forward,MILES POMEROY,0
Duchesne,DU11:DWGR,State Treasurer,,Utah Forward,MILES POMEROY,12
Duchesne,DU11:GR,State Treasurer,,Utah Forward,MILES POMEROY,0
Duchesne,DU11:PWGR,State Treasurer,,Utah Forward,MILES POMEROY,1
Duchesne,DU11:PWTR,State Treasurer,,Utah Forward,MILES POMEROY,0
Duchesne,DU11:TR,State Treasurer,,Utah Forward,MILES POMEROY,0
Duchesne,DU12:DWGR,State Treasurer,,Utah Forward,MILES POMEROY,0
Duchesne,DU12:GR,State Treasurer,,Utah Forward,MILES POMEROY,18
Duchesne,FR11:FWGR,State Treasurer,,Utah Forward,MILES POMEROY,9
Duchesne,FR11:GR,State Treasurer,,Utah Forward,MILES POMEROY,1
Duchesne,FR11:HWTR,State Treasurer,,Utah Forward,MILES POMEROY,0
Duchesne,FR11:PWGR,State Treasurer,,Utah Forward,MILES POMEROY,5
Duchesne,FR11:PWTR,State Treasurer,,Utah Forward,MILES POMEROY,0
Duchesne,FR11:TR,State Treasurer,,Utah Forward,MILES POMEROY,0
Duchesne,MH11,State Treasurer,,Utah Forward,MILES POMEROY,0
Duchesne,MH11:DWGR,State Treasurer,,Utah Forward,MILES POMEROY,2
Duchesne,MH11:GR,State Treasurer,,Utah Forward,MILES POMEROY,0
Duchesne,MH11:TR,State Treasurer,,Utah Forward,MILES POMEROY,0
Duchesne,MH11:UR,State Treasurer,,Utah Forward,MILES POMEROY,4
Duchesne,MH11:UWUR,State Treasurer,,Utah Forward,MILES POMEROY,4
Duchesne,MY12,State Treasurer,,Utah Forward,MILES POMEROY,9
Duchesne,MY12:JW1,State Treasurer,,Utah Forward,MILES POMEROY,0
Duchesne,MY12:JW4,State Treasurer,,Utah Forward,MILES POMEROY,0
Duchesne,NE11,State Treasurer,,Utah Forward,MILES POMEROY,0
Duchesne,NE11:CW,State Treasurer,,Utah Forward,MILES POMEROY,4
Duchesne,NE11:CWNR,State Treasurer,,Utah Forward,MILES POMEROY,15
Duchesne,NE11:NR,State Treasurer,,Utah Forward,MILES POMEROY,1
Duchesne,NE11:NW,State Treasurer,,Utah Forward,MILES POMEROY,5
Duchesne,NE11:NWNR,State Treasurer,,Utah Forward,MILES POMEROY,5
Duchesne,NE11:UR,State Treasurer,,Utah Forward,MILES POMEROY,0
Duchesne,RO11:S3J2,State Treasurer,,Utah Forward,MILES POMEROY,0
Duchesne,RO11:SBD2,State Treasurer,,Utah Forward,MILES POMEROY,1
Duchesne,RO11:SBD3,State Treasurer,,Utah Forward,MILES POMEROY,0
Duchesne,RO12,State Treasurer,,Utah Forward,MILES POMEROY,17
Duchesne,RO12:JW2,State Treasurer,,Utah Forward,MILES POMEROY,3
Duchesne,RO21,State Treasurer,,Utah Forward,MILES POMEROY,6
Duchesne,RO21:CW,State Treasurer,,Utah Forward,MILES POMEROY,1
Duchesne,RO22,State Treasurer,,Utah Forward,MILES POMEROY,30
Duchesne,RO31,State Treasurer,,Utah Forward,MILES POMEROY,5
Duchesne,RO32,State Treasurer,,Utah Forward,MILES POMEROY,21
Duchesne,RO32:JW1,State Treasurer,,Utah Forward,MILES POMEROY,0
Duchesne,RO32:JW2,State Treasurer,,Utah Forward,MILES POMEROY,0
Duchesne,RO41,State Treasurer,,Utah Forward,MILES POMEROY,3
Duchesne,RO41:CW,State Treasurer,,Utah Forward,MILES POMEROY,0
Duchesne,RO42,State Treasurer,,Utah Forward,MILES POMEROY,20
Duchesne,RO51,State Treasurer,,Utah Forward,MILES POMEROY,0
Duchesne,RO51:CW,State Treasurer,,Utah Forward,MILES POMEROY,0
Duchesne,RO51:DWUR,State Treasurer,,Utah Forward,MILES POMEROY,0
Duchesne,RO51:J1UR,State Treasurer,,Utah Forward,MILES POMEROY,0
Duchesne,RO51:JW1,State Treasurer,,Utah Forward,MILES POMEROY,2
Duchesne,RO51:JW2,State Treasurer,,Utah Forward,MILES POMEROY,9
Duchesne,RO51:JW3,State Treasurer,,Utah Forward,MILES POMEROY,6
Duchesne,RO51:UR,State Treasurer,,Utah Forward,MILES POMEROY,0
Duchesne,TA11,State Treasurer,,Utah Forward,MILES POMEROY,0
Duchesne,TA11:FWTR,State Treasurer,,Utah Forward,MILES POMEROY,0
Duchesne,TA11:HWTR,State Treasurer,,Utah Forward,MILES POMEROY,8
Duchesne,TA11:PWTR,State Treasurer,,Utah Forward,MILES POMEROY,0
Duchesne,TA11:TR,State Treasurer,,Utah Forward,MILES POMEROY,0
Duchesne,TA12:TR,State Treasurer,,Utah Forward,MILES POMEROY,0
Duchesne,AB11,State Treasurer,,REP,MARLO M. OAKS,21
Duchesne,AB11:CWNR,State Treasurer,,REP,MARLO M. OAKS,0
Duchesne,AB11:CWUR,State Treasurer,,REP,MARLO M. OAKS,0
Duchesne,AB11:UR,State Treasurer,,REP,MARLO M. OAKS,0
Duchesne,AB11:UWUR,State Treasurer,,REP,MARLO M. OAKS,343
Duchesne,AL12:UR,State Treasurer,,REP,MARLO M. OAKS,96
Duchesne,AM11,State Treasurer,,REP,MARLO M. OAKS,46
Duchesne,AM11:DW,State Treasurer,,REP,MARLO M. OAKS,33
Duchesne,AM11:DWUR,State Treasurer,,REP,MARLO M. OAKS,0
Duchesne,AM11:GR,State Treasurer,,REP,MARLO M. OAKS,0
Duchesne,AM11:JW1,State Treasurer,,REP,MARLO M. OAKS,15
Duchesne,AM11:JW3,State Treasurer,,REP,MARLO M. OAKS,88
Duchesne,AM11:JW4,State Treasurer,,REP,MARLO M. OAKS,100
Duchesne,AR11:CWUR,State Treasurer,,REP,MARLO M. OAKS,0
Duchesne,AR11:DWGR,State Treasurer,,REP,MARLO M. OAKS,35
Duchesne,AR11:DWUR,State Treasurer,,REP,MARLO M. OAKS,42
Duchesne,AR11:GR,State Treasurer,,REP,MARLO M. OAKS,0
Duchesne,AR11:J1UR,State Treasurer,,REP,MARLO M. OAKS,83
Duchesne,AR11:UR,State Treasurer,,REP,MARLO M. OAKS,30
Duchesne,AR11:UWUR,State Treasurer,,REP,MARLO M. OAKS,137
Duchesne,DU11,State Treasurer,,REP,MARLO M. OAKS,0
Duchesne,DU11:DW,State Treasurer,,REP,MARLO M. OAKS,0
Duchesne,DU11:DWGR,State Treasurer,,REP,MARLO M. OAKS,434
Duchesne,DU11:GR,State Treasurer,,REP,MARLO M. OAKS,136
Duchesne,DU11:PWGR,State Treasurer,,REP,MARLO M. OAKS,42
Duchesne,DU11:PWTR,State Treasurer,,REP,MARLO M. OAKS,0
Duchesne,DU11:TR,State Treasurer,,REP,MARLO M. OAKS,0
Duchesne,DU12:DWGR,State Treasurer,,REP,MARLO M. OAKS,15
Duchesne,DU12:GR,State Treasurer,,REP,MARLO M. OAKS,641
Duchesne,FR11:FWGR,State Treasurer,,REP,MARLO M. OAKS,188
Duchesne,FR11:GR,State Treasurer,,REP,MARLO M. OAKS,31
Duchesne,FR11:HWTR,State Treasurer,,REP,MARLO M. OAKS,0
Duchesne,FR11:PWGR,State Treasurer,,REP,MARLO M. OAKS,92
Duchesne,FR11:PWTR,State Treasurer,,REP,MARLO M. OAKS,0
Duchesne,FR11:TR,State Treasurer,,REP,MARLO M. OAKS,0
Duchesne,MH11,State Treasurer,,REP,MARLO M. OAKS,0
Duchesne,MH11:DWGR,State Treasurer,,REP,MARLO M. OAKS,16
Duchesne,MH11:GR,State Treasurer,,REP,MARLO M. OAKS,14
Duchesne,MH11:TR,State Treasurer,,REP,MARLO M. OAKS,0
Duchesne,MH11:UR,State Treasurer,,REP,MARLO M. OAKS,66
Duchesne,MH11:UWUR,State Treasurer,,REP,MARLO M. OAKS,336
Duchesne,MY12,State Treasurer,,REP,MARLO M. OAKS,130
Duchesne,MY12:JW1,State Treasurer,,REP,MARLO M. OAKS,0
Duchesne,MY12:JW4,State Treasurer,,REP,MARLO M. OAKS,0
Duchesne,NE11,State Treasurer,,REP,MARLO M. OAKS,35
Duchesne,NE11:CW,State Treasurer,,REP,MARLO M. OAKS,129
Duchesne,NE11:CWNR,State Treasurer,,REP,MARLO M. OAKS,385
Duchesne,NE11:NR,State Treasurer,,REP,MARLO M. OAKS,69
Duchesne,NE11:NW,State Treasurer,,REP,MARLO M. OAKS,26
Duchesne,NE11:NWNR,State Treasurer,,REP,MARLO M. OAKS,211
Duchesne,NE11:UR,State Treasurer,,REP,MARLO M. OAKS,0
Duchesne,RO11:S3J2,State Treasurer,,REP,MARLO M. OAKS,0
Duchesne,RO11:SBD2,State Treasurer,,REP,MARLO M. OAKS,42
Duchesne,RO11:SBD3,State Treasurer,,REP,MARLO M. OAKS,0
Duchesne,RO12,State Treasurer,,REP,MARLO M. OAKS,429
Duchesne,RO12:JW2,State Treasurer,,REP,MARLO M. OAKS,137
Duchesne,RO21,State Treasurer,,REP,MARLO M. OAKS,164
Duchesne,RO21:CW,State Treasurer,,REP,MARLO M. OAKS,26
Duchesne,RO22,State Treasurer,,REP,MARLO M. OAKS,623
Duchesne,RO31,State Treasurer,,REP,MARLO M. OAKS,116
Duchesne,RO32,State Treasurer,,REP,MARLO M. OAKS,441
Duchesne,RO32:JW1,State Treasurer,,REP,MARLO M. OAKS,0
Duchesne,RO32:JW2,State Treasurer,,REP,MARLO M. OAKS,0
Duchesne,RO41,State Treasurer,,REP,MARLO M. OAKS,340
Duchesne,RO41:CW,State Treasurer,,REP,MARLO M. OAKS,22
Duchesne,RO42,State Treasurer,,REP,MARLO M. OAKS,406
Duchesne,RO51,State Treasurer,,REP,MARLO M. OAKS,15
Duchesne,RO51:CW,State Treasurer,,REP,MARLO M. OAKS,0
Duchesne,RO51:DWUR,State Treasurer,,REP,MARLO M. OAKS,0
Duchesne,RO51:J1UR,State Treasurer,,REP,MARLO M. OAKS,0
Duchesne,RO51:JW1,State Treasurer,,REP,MARLO M. OAKS,161
Duchesne,RO51:JW2,State Treasurer,,REP,MARLO M. OAKS,169
Duchesne,RO51:JW3,State Treasurer,,REP,MARLO M. OAKS,88
Duchesne,RO51:UR,State Treasurer,,REP,MARLO M. OAKS,0
Duchesne,TA11,State Treasurer,,REP,MARLO M. OAKS,0
Duchesne,TA11:FWTR,State Treasurer,,REP,MARLO M. OAKS,0
Duchesne,TA11:HWTR,State Treasurer,,REP,MARLO M. OAKS,227
Duchesne,TA11:PWTR,State Treasurer,,REP,MARLO M. OAKS,0
Duchesne,TA11:TR,State Treasurer,,REP,MARLO M. OAKS,28
Duchesne,TA12:TR,State Treasurer,,REP,MARLO M. OAKS,77
Duchesne,AB11,State Treasurer,,DEM,NEIL A HANSEN,2
Duchesne,AB11:CWNR,State Treasurer,,DEM,NEIL A HANSEN,0
Duchesne,AB11:CWUR,State Treasurer,,DEM,NEIL A HANSEN,0
Duchesne,AB11:UR,State Treasurer,,DEM,NEIL A HANSEN,0
Duchesne,AB11:UWUR,State Treasurer,,DEM,NEIL A HANSEN,19
Duchesne,AL12:UR,State Treasurer,,DEM,NEIL A HANSEN,9
Duchesne,AM11,State Treasurer,,DEM,NEIL A HANSEN,5
Duchesne,AM11:DW,State Treasurer,,DEM,NEIL A HANSEN,1
Duchesne,AM11:DWUR,State Treasurer,,DEM,NEIL A HANSEN,0
Duchesne,AM11:GR,State Treasurer,,DEM,NEIL A HANSEN,0
Duchesne,AM11:JW1,State Treasurer,,DEM,NEIL A HANSEN,4
Duchesne,AM11:JW3,State Treasurer,,DEM,NEIL A HANSEN,1
Duchesne,AM11:JW4,State Treasurer,,DEM,NEIL A HANSEN,14
Duchesne,AR11:CWUR,State Treasurer,,DEM,NEIL A HANSEN,0
Duchesne,AR11:DWGR,State Treasurer,,DEM,NEIL A HANSEN,1
Duchesne,AR11:DWUR,State Treasurer,,DEM,NEIL A HANSEN,2
Duchesne,AR11:GR,State Treasurer,,DEM,NEIL A HANSEN,0
Duchesne,AR11:J1UR,State Treasurer,,DEM,NEIL A HANSEN,8
Duchesne,AR11:UR,State Treasurer,,DEM,NEIL A HANSEN,0
Duchesne,AR11:UWUR,State Treasurer,,DEM,NEIL A HANSEN,7
Duchesne,DU11,State Treasurer,,DEM,NEIL A HANSEN,0
Duchesne,DU11:DW,State Treasurer,,DEM,NEIL A HANSEN,0
Duchesne,DU11:DWGR,State Treasurer,,DEM,NEIL A HANSEN,30
Duchesne,DU11:GR,State Treasurer,,DEM,NEIL A HANSEN,21
Duchesne,DU11:PWGR,State Treasurer,,DEM,NEIL A HANSEN,16
Duchesne,DU11:PWTR,State Treasurer,,DEM,NEIL A HANSEN,0
Duchesne,DU11:TR,State Treasurer,,DEM,NEIL A HANSEN,0
Duchesne,DU12:DWGR,State Treasurer,,DEM,NEIL A HANSEN,0
Duchesne,DU12:GR,State Treasurer,,DEM,NEIL A HANSEN,51
Duchesne,FR11:FWGR,State Treasurer,,DEM,NEIL A HANSEN,46
Duchesne,FR11:GR,State Treasurer,,DEM,NEIL A HANSEN,8
Duchesne,FR11:HWTR,State Treasurer,,DEM,NEIL A HANSEN,0
Duchesne,FR11:PWGR,State Treasurer,,DEM,NEIL A HANSEN,30
Duchesne,FR11:PWTR,State Treasurer,,DEM,NEIL A HANSEN,0
Duchesne,FR11:TR,State Treasurer,,DEM,NEIL A HANSEN,0
Duchesne,MH11,State Treasurer,,DEM,NEIL A HANSEN,0
Duchesne,MH11:DWGR,State Treasurer,,DEM,NEIL A HANSEN,0
Duchesne,MH11:GR,State Treasurer,,DEM,NEIL A HANSEN,3
Duchesne,MH11:TR,State Treasurer,,DEM,NEIL A HANSEN,0
Duchesne,MH11:UR,State Treasurer,,DEM,NEIL A HANSEN,13
Duchesne,MH11:UWUR,State Treasurer,,DEM,NEIL A HANSEN,22
Duchesne,MY12,State Treasurer,,DEM,NEIL A HANSEN,35
Duchesne,MY12:JW1,State Treasurer,,DEM,NEIL A HANSEN,0
Duchesne,MY12:JW4,State Treasurer,,DEM,NEIL A HANSEN,0
Duchesne,NE11,State Treasurer,,DEM,NEIL A HANSEN,1
Duchesne,NE11:CW,State Treasurer,,DEM,NEIL A HANSEN,11
Duchesne,NE11:CWNR,State Treasurer,,DEM,NEIL A HANSEN,41
Duchesne,NE11:NR,State Treasurer,,DEM,NEIL A HANSEN,5
Duchesne,NE11:NW,State Treasurer,,DEM,NEIL A HANSEN,2
Duchesne,NE11:NWNR,State Treasurer,,DEM,NEIL A HANSEN,29
Duchesne,NE11:UR,State Treasurer,,DEM,NEIL A HANSEN,0
Duchesne,RO11:S3J2,State Treasurer,,DEM,NEIL A HANSEN,0
Duchesne,RO11:SBD2,State Treasurer,,DEM,NEIL A HANSEN,4
Duchesne,RO11:SBD3,State Treasurer,,DEM,NEIL A HANSEN,0
Duchesne,RO12,State Treasurer,,DEM,NEIL A HANSEN,60
Duchesne,RO12:JW2,State Treasurer,,DEM,NEIL A HANSEN,9
Duchesne,RO21,State Treasurer,,DEM,NEIL A HANSEN,9
Duchesne,RO21:CW,State Treasurer,,DEM,NEIL A HANSEN,1
Duchesne,RO22,State Treasurer,,DEM,NEIL A HANSEN,106
Duchesne,RO31,State Treasurer,,DEM,NEIL A HANSEN,9
Duchesne,RO32,State Treasurer,,DEM,NEIL A HANSEN,45
Duchesne,RO32:JW1,State Treasurer,,DEM,NEIL A HANSEN,0
Duchesne,RO32:JW2,State Treasurer,,DEM,NEIL A HANSEN,0
Duchesne,RO41,State Treasurer,,DEM,NEIL A HANSEN,15
Duchesne,RO41:CW,State Treasurer,,DEM,NEIL A HANSEN,0
Duchesne,RO42,State Treasurer,,DEM,NEIL A HANSEN,46
Duchesne,RO51,State Treasurer,,DEM,NEIL A HANSEN,0
Duchesne,RO51:CW,State Treasurer,,DEM,NEIL A HANSEN,0
Duchesne,RO51:DWUR,State Treasurer,,DEM,NEIL A HANSEN,0
Duchesne,RO51:J1UR,State Treasurer,,DEM,NEIL A HANSEN,0
Duchesne,RO51:JW1,State Treasurer,,DEM,NEIL A HANSEN,9
Duchesne,RO51:JW2,State Treasurer,,DEM,NEIL A HANSEN,14
Duchesne,RO51:JW3,State Treasurer,,DEM,NEIL A HANSEN,8
Duchesne,RO51:UR,State Treasurer,,DEM,NEIL A HANSEN,0
Duchesne,TA11,State Treasurer,,DEM,NEIL A HANSEN,0
Duchesne,TA11:FWTR,State Treasurer,,DEM,NEIL A HANSEN,0
Duchesne,TA11:HWTR,State Treasurer,,DEM,NEIL A HANSEN,17
Duchesne,TA11:PWTR,State Treasurer,,DEM,NEIL A HANSEN,0
Duchesne,TA11:TR,State Treasurer,,DEM,NEIL A HANSEN,9
Duchesne,TA12:TR,State Treasurer,,DEM,NEIL A HANSEN,3
Duchesne,AM11,State House,67,DEM,JOE CHRISTMAN,9
Duchesne,AM11:DW,State House,67,DEM,JOE CHRISTMAN,0
Duchesne,AM11:DWUR,State House,67,DEM,JOE CHRISTMAN,0
Duchesne,AM11:GR,State House,67,DEM,JOE CHRISTMAN,0
Duchesne,AM11:JW1,State House,67,DEM,JOE CHRISTMAN,4
Duchesne,AM11:JW3,State House,67,DEM,JOE CHRISTMAN,3
Duchesne,AM11:JW4,State House,67,DEM,JOE CHRISTMAN,12
Duchesne,AR11:CWUR,State House,67,DEM,JOE CHRISTMAN,0
Duchesne,AR11:DWGR,State House,67,DEM,JOE CHRISTMAN,3
Duchesne,AR11:DWUR,State House,67,DEM,JOE CHRISTMAN,2
Duchesne,AR11:GR,State House,67,DEM,JOE CHRISTMAN,0
Duchesne,AR11:J1UR,State House,67,DEM,JOE CHRISTMAN,10
Duchesne,AR11:UR,State House,67,DEM,JOE CHRISTMAN,1
Duchesne,AR11:UWUR,State House,67,DEM,JOE CHRISTMAN,10
Duchesne,DU11,State House,67,DEM,JOE CHRISTMAN,0
Duchesne,DU11:DW,State House,67,DEM,JOE CHRISTMAN,0
Duchesne,DU11:DWGR,State House,67,DEM,JOE CHRISTMAN,41
Duchesne,DU11:GR,State House,67,DEM,JOE CHRISTMAN,20
Duchesne,DU11:PWGR,State House,67,DEM,JOE CHRISTMAN,22
Duchesne,DU11:PWTR,State House,67,DEM,JOE CHRISTMAN,0
Duchesne,DU11:TR,State House,67,DEM,JOE CHRISTMAN,0
Duchesne,DU12:DWGR,State House,67,DEM,JOE CHRISTMAN,0
Duchesne,DU12:GR,State House,67,DEM,JOE CHRISTMAN,56
Duchesne,FR11:FWGR,State House,67,DEM,JOE CHRISTMAN,50
Duchesne,FR11:GR,State House,67,DEM,JOE CHRISTMAN,7
Duchesne,FR11:HWTR,State House,67,DEM,JOE CHRISTMAN,0
Duchesne,FR11:PWGR,State House,67,DEM,JOE CHRISTMAN,31
Duchesne,FR11:PWTR,State House,67,DEM,JOE CHRISTMAN,0
Duchesne,FR11:TR,State House,67,DEM,JOE CHRISTMAN,0
Duchesne,MY12,State House,67,DEM,JOE CHRISTMAN,34
Duchesne,MY12:JW1,State House,67,DEM,JOE CHRISTMAN,0
Duchesne,MY12:JW4,State House,67,DEM,JOE CHRISTMAN,0
Duchesne,RO11:S3J2,State House,67,DEM,JOE CHRISTMAN,0
Duchesne,RO11:SBD2,State House,67,DEM,JOE CHRISTMAN,4
Duchesne,RO11:SBD3,State House,67,DEM,JOE CHRISTMAN,0
Duchesne,RO12,State House,67,DEM,JOE CHRISTMAN,68
Duchesne,RO12:JW2,State House,67,DEM,JOE CHRISTMAN,14
Duchesne,RO21,State House,67,DEM,JOE CHRISTMAN,11
Duchesne,RO21:CW,State House,67,DEM,JOE CHRISTMAN,1
Duchesne,RO22,State House,67,DEM,JOE CHRISTMAN,127
Duchesne,RO31,State House,67,DEM,JOE CHRISTMAN,11
Duchesne,RO32,State House,67,DEM,JOE CHRISTMAN,52
Duchesne,RO32:JW1,State House,67,DEM,JOE CHRISTMAN,0
Duchesne,RO32:JW2,State House,67,DEM,JOE CHRISTMAN,0
Duchesne,RO42,State House,67,DEM,JOE CHRISTMAN,50
Duchesne,RO51,State House,67,DEM,JOE CHRISTMAN,0
Duchesne,RO51:CW,State House,67,DEM,JOE CHRISTMAN,0
Duchesne,RO51:DWUR,State House,67,DEM,JOE CHRISTMAN,0
Duchesne,RO51:J1UR,State House,67,DEM,JOE CHRISTMAN,0
Duchesne,RO51:JW1,State House,67,DEM,JOE CHRISTMAN,12
Duchesne,RO51:JW2,State House,67,DEM,JOE CHRISTMAN,16
Duchesne,RO51:JW3,State House,67,DEM,JOE CHRISTMAN,11
Duchesne,RO51:UR,State House,67,DEM,JOE CHRISTMAN,0
Duchesne,AM11,State House,67,REP,CHRISTINE FACER WATKINS,44
Duchesne,AM11:DW,State House,67,REP,CHRISTINE FACER WATKINS,34
Duchesne,AM11:DWUR,State House,67,REP,CHRISTINE FACER WATKINS,0
Duchesne,AM11:GR,State House,67,REP,CHRISTINE FACER WATKINS,0
Duchesne,AM11:JW1,State House,67,REP,CHRISTINE FACER WATKINS,14
Duchesne,AM11:JW3,State House,67,REP,CHRISTINE FACER WATKINS,87
Duchesne,AM11:JW4,State House,67,REP,CHRISTINE FACER WATKINS,108
Duchesne,AR11:CWUR,State House,67,REP,CHRISTINE FACER WATKINS,0
Duchesne,AR11:DWGR,State House,67,REP,CHRISTINE FACER WATKINS,33
Duchesne,AR11:DWUR,State House,67,REP,CHRISTINE FACER WATKINS,40
Duchesne,AR11:GR,State House,67,REP,CHRISTINE FACER WATKINS,0
Duchesne,AR11:J1UR,State House,67,REP,CHRISTINE FACER WATKINS,81
Duchesne,AR11:UR,State House,67,REP,CHRISTINE FACER WATKINS,29
Duchesne,AR11:UWUR,State House,67,REP,CHRISTINE FACER WATKINS,140
Duchesne,DU11,State House,67,REP,CHRISTINE FACER WATKINS,0
Duchesne,DU11:DW,State House,67,REP,CHRISTINE FACER WATKINS,0
Duchesne,DU11:DWGR,State House,67,REP,CHRISTINE FACER WATKINS,430
Duchesne,DU11:GR,State House,67,REP,CHRISTINE FACER WATKINS,138
Duchesne,DU11:PWGR,State House,67,REP,CHRISTINE FACER WATKINS,35
Duchesne,DU11:PWTR,State House,67,REP,CHRISTINE FACER WATKINS,0
Duchesne,DU11:TR,State House,67,REP,CHRISTINE FACER WATKINS,0
Duchesne,DU12:DWGR,State House,67,REP,CHRISTINE FACER WATKINS,15
Duchesne,DU12:GR,State House,67,REP,CHRISTINE FACER WATKINS,652
Duchesne,FR11:FWGR,State House,67,REP,CHRISTINE FACER WATKINS,194
Duchesne,FR11:GR,State House,67,REP,CHRISTINE FACER WATKINS,33
Duchesne,FR11:HWTR,State House,67,REP,CHRISTINE FACER WATKINS,0
Duchesne,FR11:PWGR,State House,67,REP,CHRISTINE FACER WATKINS,95
Duchesne,FR11:PWTR,State House,67,REP,CHRISTINE FACER WATKINS,0
Duchesne,FR11:TR,State House,67,REP,CHRISTINE FACER WATKINS,0
Duchesne,MY12,State House,67,REP,CHRISTINE FACER WATKINS,137
Duchesne,MY12:JW1,State House,67,REP,CHRISTINE FACER WATKINS,0
Duchesne,MY12:JW4,State House,67,REP,CHRISTINE FACER WATKINS,0
Duchesne,RO11:S3J2,State House,67,REP,CHRISTINE FACER WATKINS,0
Duchesne,RO11:SBD2,State House,67,REP,CHRISTINE FACER WATKINS,42
Duchesne,RO11:SBD3,State House,67,REP,CHRISTINE FACER WATKINS,0
Duchesne,RO12,State House,67,REP,CHRISTINE FACER WATKINS,437
Duchesne,RO12:JW2,State House,67,REP,CHRISTINE FACER WATKINS,139
Duchesne,RO21,State House,67,REP,CHRISTINE FACER WATKINS,168
Duchesne,RO21:CW,State House,67,REP,CHRISTINE FACER WATKINS,24
Duchesne,RO22,State House,67,REP,CHRISTINE FACER WATKINS,627
Duchesne,RO31,State House,67,REP,CHRISTINE FACER WATKINS,118
Duchesne,RO32,State House,67,REP,CHRISTINE FACER WATKINS,454
Duchesne,RO32:JW1,State House,67,REP,CHRISTINE FACER WATKINS,0
Duchesne,RO32:JW2,State House,67,REP,CHRISTINE FACER WATKINS,0
Duchesne,RO42,State House,67,REP,CHRISTINE FACER WATKINS,415
Duchesne,RO51,State House,67,REP,CHRISTINE FACER WATKINS,13
Duchesne,RO51:CW,State House,67,REP,CHRISTINE FACER WATKINS,0
Duchesne,RO51:DWUR,State House,67,REP,CHRISTINE FACER WATKINS,0
Duchesne,RO51:J1UR,State House,67,REP,CHRISTINE FACER WATKINS,0
Duchesne,RO51:JW1,State House,67,REP,CHRISTINE FACER WATKINS,156
Duchesne,RO51:JW2,State House,67,REP,CHRISTINE FACER WATKINS,175
Duchesne,RO51:JW3,State House,67,REP,CHRISTINE FACER WATKINS,92
Duchesne,RO51:UR,State House,67,REP,CHRISTINE FACER WATKINS,0
Duchesne,AB11,State House,68,REP,SCOTT H CHEW,22
Duchesne,AB11:CWNR,State House,68,REP,SCOTT H CHEW,0
Duchesne,AB11:CWUR,State House,68,REP,SCOTT H CHEW,0
Duchesne,AB11:UR,State House,68,REP,SCOTT H CHEW,0
Duchesne,AB11:UWUR,State House,68,REP,SCOTT H CHEW,349
Duchesne,AL12:UR,State House,68,REP,SCOTT H CHEW,101
Duchesne,MH11,State House,68,REP,SCOTT H CHEW,0
Duchesne,MH11:DWGR,State House,68,REP,SCOTT H CHEW,18
Duchesne,MH11:GR,State House,68,REP,SCOTT H CHEW,14
Duchesne,MH11:TR,State House,68,REP,SCOTT H CHEW,0
Duchesne,MH11:UR,State House,68,REP,SCOTT H CHEW,67
Duchesne,MH11:UWUR,State House,68,REP,SCOTT H CHEW,345
Duchesne,NE11,State House,68,REP,SCOTT H CHEW,36
Duchesne,NE11:CW,State House,68,REP,SCOTT H CHEW,138
Duchesne,NE11:CWNR,State House,68,REP,SCOTT H CHEW,411
Duchesne,NE11:NR,State House,68,REP,SCOTT H CHEW,74
Duchesne,NE11:NW,State House,68,REP,SCOTT H CHEW,30
Duchesne,NE11:NWNR,State House,68,REP,SCOTT H CHEW,239
Duchesne,NE11:UR,State House,68,REP,SCOTT H CHEW,0
Duchesne,RO41,State House,68,REP,SCOTT H CHEW,356
Duchesne,RO41:CW,State House,68,REP,SCOTT H CHEW,21
Duchesne,TA11,State House,68,REP,SCOTT H CHEW,0
Duchesne,TA11:FWTR,State House,68,REP,SCOTT H CHEW,0
Duchesne,TA11:HWTR,State House,68,REP,SCOTT H CHEW,244
Duchesne,TA11:PWTR,State House,68,REP,SCOTT H CHEW,0
Duchesne,TA11:TR,State House,68,REP,SCOTT H CHEW,30
Duchesne,TA12:TR,State House,68,REP,SCOTT H CHEW,73
Duchesne,AB11,State School Board (Multi-County),12,,JASON L ALLEN,2
Duchesne,AB11:CWNR,State School Board (Multi-County),12,,JASON L ALLEN,0
Duchesne,AB11:CWUR,State School Board (Multi-County),12,,JASON L ALLEN,0
Duchesne,AB11:UR,State School Board (Multi-County),12,,JASON L ALLEN,0
Duchesne,AB11:UWUR,State School Board (Multi-County),12,,JASON L ALLEN,40
Duchesne,AL12:UR,State School Board (Multi-County),12,,JASON L ALLEN,18
Duchesne,AM11,State School Board (Multi-County),12,,JASON L ALLEN,6
Duchesne,AM11:DW,State School Board (Multi-County),12,,JASON L ALLEN,0
Duchesne,AM11:DWUR,State School Board (Multi-County),12,,JASON L ALLEN,0
Duchesne,AM11:GR,State School Board (Multi-County),12,,JASON L ALLEN,0
Duchesne,AM11:JW1,State School Board (Multi-County),12,,JASON L ALLEN,4
Duchesne,AM11:JW3,State School Board (Multi-County),12,,JASON L ALLEN,4
Duchesne,AM11:JW4,State School Board (Multi-County),12,,JASON L ALLEN,19
Duchesne,AR11:CWUR,State School Board (Multi-County),12,,JASON L ALLEN,0
Duchesne,AR11:DWGR,State School Board (Multi-County),12,,JASON L ALLEN,4
Duchesne,AR11:DWUR,State School Board (Multi-County),12,,JASON L ALLEN,3
Duchesne,AR11:GR,State School Board (Multi-County),12,,JASON L ALLEN,0
Duchesne,AR11:J1UR,State School Board (Multi-County),12,,JASON L ALLEN,13
Duchesne,AR11:UR,State School Board (Multi-County),12,,JASON L ALLEN,0
Duchesne,AR11:UWUR,State School Board (Multi-County),12,,JASON L ALLEN,13
Duchesne,DU11,State School Board (Multi-County),12,,JASON L ALLEN,0
Duchesne,DU11:DW,State School Board (Multi-County),12,,JASON L ALLEN,0
Duchesne,DU11:DWGR,State School Board (Multi-County),12,,JASON L ALLEN,55
Duchesne,DU11:GR,State School Board (Multi-County),12,,JASON L ALLEN,26
Duchesne,DU11:PWGR,State School Board (Multi-County),12,,JASON L ALLEN,19
Duchesne,DU11:PWTR,State School Board (Multi-County),12,,JASON L ALLEN,0
Duchesne,DU11:TR,State School Board (Multi-County),12,,JASON L ALLEN,0
Duchesne,DU12:DWGR,State School Board (Multi-County),12,,JASON L ALLEN,0
Duchesne,DU12:GR,State School Board (Multi-County),12,,JASON L ALLEN,76
Duchesne,FR11:FWGR,State School Board (Multi-County),12,,JASON L ALLEN,51
Duchesne,FR11:GR,State School Board (Multi-County),12,,JASON L ALLEN,6
Duchesne,FR11:HWTR,State School Board (Multi-County),12,,JASON L ALLEN,0
Duchesne,FR11:PWGR,State School Board (Multi-County),12,,JASON L ALLEN,36
Duchesne,FR11:PWTR,State School Board (Multi-County),12,,JASON L ALLEN,0
Duchesne,FR11:TR,State School Board (Multi-County),12,,JASON L ALLEN,0
Duchesne,MH11,State School Board (Multi-County),12,,JASON L ALLEN,0
Duchesne,MH11:DWGR,State School Board (Multi-County),12,,JASON L ALLEN,2
Duchesne,MH11:GR,State School Board (Multi-County),12,,JASON L ALLEN,3
Duchesne,MH11:TR,State School Board (Multi-County),12,,JASON L ALLEN,0
Duchesne,MH11:UR,State School Board (Multi-County),12,,JASON L ALLEN,13
Duchesne,MH11:UWUR,State School Board (Multi-County),12,,JASON L ALLEN,35
Duchesne,MY12,State School Board (Multi-County),12,,JASON L ALLEN,41
Duchesne,MY12:JW1,State School Board (Multi-County),12,,JASON L ALLEN,0
Duchesne,MY12:JW4,State School Board (Multi-County),12,,JASON L ALLEN,0
Duchesne,NE11,State School Board (Multi-County),12,,JASON L ALLEN,3
Duchesne,NE11:CW,State School Board (Multi-County),12,,JASON L ALLEN,18
Duchesne,NE11:CWNR,State School Board (Multi-County),12,,JASON L ALLEN,58
Duchesne,NE11:NR,State School Board (Multi-County),12,,JASON L ALLEN,6
Duchesne,NE11:NW,State School Board (Multi-County),12,,JASON L ALLEN,4
Duchesne,NE11:NWNR,State School Board (Multi-County),12,,JASON L ALLEN,43
Duchesne,NE11:UR,State School Board (Multi-County),12,,JASON L ALLEN,0
Duchesne,RO11:S3J2,State School Board (Multi-County),12,,JASON L ALLEN,0
Duchesne,RO11:SBD2,State School Board (Multi-County),12,,JASON L ALLEN,4
Duchesne,RO11:SBD3,State School Board (Multi-County),12,,JASON L ALLEN,0
Duchesne,RO12,State School Board (Multi-County),12,,JASON L ALLEN,77
Duchesne,RO12:JW2,State School Board (Multi-County),12,,JASON L ALLEN,15
Duchesne,RO21,State School Board (Multi-County),12,,JASON L ALLEN,17
Duchesne,RO21:CW,State School Board (Multi-County),12,,JASON L ALLEN,1
Duchesne,RO22,State School Board (Multi-County),12,,JASON L ALLEN,148
Duchesne,RO31,State School Board (Multi-County),12,,JASON L ALLEN,19
Duchesne,RO32,State School Board (Multi-County),12,,JASON L ALLEN,58
Duchesne,RO32:JW1,State School Board (Multi-County),12,,JASON L ALLEN,0
Duchesne,RO32:JW2,State School Board (Multi-County),12,,JASON L ALLEN,0
Duchesne,RO41,State School Board (Multi-County),12,,JASON L ALLEN,32
Duchesne,RO41:CW,State School Board (Multi-County),12,,JASON L ALLEN,2
Duchesne,RO42,State School Board (Multi-County),12,,JASON L ALLEN,64
Duchesne,RO51,State School Board (Multi-County),12,,JASON L ALLEN,0
Duchesne,RO51:CW,State School Board (Multi-County),12,,JASON L ALLEN,0
Duchesne,RO51:DWUR,State School Board (Multi-County),12,,JASON L ALLEN,0
Duchesne,RO51:J1UR,State School Board (Multi-County),12,,JASON L ALLEN,0
Duchesne,RO51:JW1,State School Board (Multi-County),12,,JASON L ALLEN,13
Duchesne,RO51:JW2,State School Board (Multi-County),12,,JASON L ALLEN,18
Duchesne,RO51:JW3,State School Board (Multi-County),12,,JASON L ALLEN,22
Duchesne,RO51:UR,State School Board (Multi-County),12,,JASON L ALLEN,0
Duchesne,TA11,State School Board (Multi-County),12,,JASON L ALLEN,0
Duchesne,TA11:FWTR,State School Board (Multi-County),12,,JASON L ALLEN,0
Duchesne,TA11:HWTR,State School Board (Multi-County),12,,JASON L ALLEN,20
Duchesne,TA11:PWTR,State School Board (Multi-County),12,,JASON L ALLEN,0
Duchesne,TA11:TR,State School Board (Multi-County),12,,JASON L ALLEN,9
Duchesne,TA12:TR,State School Board (Multi-County),12,,JASON L ALLEN,9
Duchesne,AB11,State School Board (Multi-County),12,REP,COLE J. KELLEY,19
Duchesne,AB11:CWNR,State School Board (Multi-County),12,REP,COLE J. KELLEY,0
Duchesne,AB11:CWUR,State School Board (Multi-County),12,REP,COLE J. KELLEY,0
Duchesne,AB11:UR,State School Board (Multi-County),12,REP,COLE J. KELLEY,0
Duchesne,AB11:UWUR,State School Board (Multi-County),12,REP,COLE J. KELLEY,318
Duchesne,AL12:UR,State School Board (Multi-County),12,REP,COLE J. KELLEY,88
Duchesne,AM11,State School Board (Multi-County),12,REP,COLE J. KELLEY,45
Duchesne,AM11:DW,State School Board (Multi-County),12,REP,COLE J. KELLEY,33
Duchesne,AM11:DWUR,State School Board (Multi-County),12,REP,COLE J. KELLEY,0
Duchesne,AM11:GR,State School Board (Multi-County),12,REP,COLE J. KELLEY,0
Duchesne,AM11:JW1,State School Board (Multi-County),12,REP,COLE J. KELLEY,15
Duchesne,AM11:JW3,State School Board (Multi-County),12,REP,COLE J. KELLEY,83
Duchesne,AM11:JW4,State School Board (Multi-County),12,REP,COLE J. KELLEY,94
Duchesne,AR11:CWUR,State School Board (Multi-County),12,REP,COLE J. KELLEY,0
Duchesne,AR11:DWGR,State School Board (Multi-County),12,REP,COLE J. KELLEY,33
Duchesne,AR11:DWUR,State School Board (Multi-County),12,REP,COLE J. KELLEY,41
Duchesne,AR11:GR,State School Board (Multi-County),12,REP,COLE J. KELLEY,0
Duchesne,AR11:J1UR,State School Board (Multi-County),12,REP,COLE J. KELLEY,79
Duchesne,AR11:UR,State School Board (Multi-County),12,REP,COLE J. KELLEY,29
Duchesne,AR11:UWUR,State School Board (Multi-County),12,REP,COLE J. KELLEY,136
Duchesne,DU11,State School Board (Multi-County),12,REP,COLE J. KELLEY,0
Duchesne,DU11:DW,State School Board (Multi-County),12,REP,COLE J. KELLEY,0
Duchesne,DU11:DWGR,State School Board (Multi-County),12,REP,COLE J. KELLEY,404
Duchesne,DU11:GR,State School Board (Multi-County),12,REP,COLE J. KELLEY,128
Duchesne,DU11:PWGR,State School Board (Multi-County),12,REP,COLE J. KELLEY,37
Duchesne,DU11:PWTR,State School Board (Multi-County),12,REP,COLE J. KELLEY,0
Duchesne,DU11:TR,State School Board (Multi-County),12,REP,COLE J. KELLEY,0
Duchesne,DU12:DWGR,State School Board (Multi-County),12,REP,COLE J. KELLEY,14
Duchesne,DU12:GR,State School Board (Multi-County),12,REP,COLE J. KELLEY,614
Duchesne,FR11:FWGR,State School Board (Multi-County),12,REP,COLE J. KELLEY,185
Duchesne,FR11:GR,State School Board (Multi-County),12,REP,COLE J. KELLEY,33
Duchesne,FR11:HWTR,State School Board (Multi-County),12,REP,COLE J. KELLEY,0
Duchesne,FR11:PWGR,State School Board (Multi-County),12,REP,COLE J. KELLEY,91
Duchesne,FR11:PWTR,State School Board (Multi-County),12,REP,COLE J. KELLEY,0
Duchesne,FR11:TR,State School Board (Multi-County),12,REP,COLE J. KELLEY,0
Duchesne,MH11,State School Board (Multi-County),12,REP,COLE J. KELLEY,0
Duchesne,MH11:DWGR,State School Board (Multi-County),12,REP,COLE J. KELLEY,16
Duchesne,MH11:GR,State School Board (Multi-County),12,REP,COLE J. KELLEY,14
Duchesne,MH11:TR,State School Board (Multi-County),12,REP,COLE J. KELLEY,0
Duchesne,MH11:UR,State School Board (Multi-County),12,REP,COLE J. KELLEY,64
Duchesne,MH11:UWUR,State School Board (Multi-County),12,REP,COLE J. KELLEY,311
Duchesne,MY12,State School Board (Multi-County),12,REP,COLE J. KELLEY,131
Duchesne,MY12:JW1,State School Board (Multi-County),12,REP,COLE J. KELLEY,0
Duchesne,MY12:JW4,State School Board (Multi-County),12,REP,COLE J. KELLEY,0
Duchesne,NE11,State School Board (Multi-County),12,REP,COLE J. KELLEY,33
Duchesne,NE11:CW,State School Board (Multi-County),12,REP,COLE J. KELLEY,123
Duchesne,NE11:CWNR,State School Board (Multi-County),12,REP,COLE J. KELLEY,367
Duchesne,NE11:NR,State School Board (Multi-County),12,REP,COLE J. KELLEY,69
Duchesne,NE11:NW,State School Board (Multi-County),12,REP,COLE J. KELLEY,28
Duchesne,NE11:NWNR,State School Board (Multi-County),12,REP,COLE J. KELLEY,199
Duchesne,NE11:UR,State School Board (Multi-County),12,REP,COLE J. KELLEY,0
Duchesne,RO11:S3J2,State School Board (Multi-County),12,REP,COLE J. KELLEY,0
Duchesne,RO11:SBD2,State School Board (Multi-County),12,REP,COLE J. KELLEY,42
Duchesne,RO11:SBD3,State School Board (Multi-County),12,REP,COLE J. KELLEY,0
Duchesne,RO12,State School Board (Multi-County),12,REP,COLE J. KELLEY,426
Duchesne,RO12:JW2,State School Board (Multi-County),12,REP,COLE J. KELLEY,134
Duchesne,RO21,State School Board (Multi-County),12,REP,COLE J. KELLEY,158
Duchesne,RO21:CW,State School Board (Multi-County),12,REP,COLE J. KELLEY,27
Duchesne,RO22,State School Board (Multi-County),12,REP,COLE J. KELLEY,597
Duchesne,RO31,State School Board (Multi-County),12,REP,COLE J. KELLEY,108
Duchesne,RO32,State School Board (Multi-County),12,REP,COLE J. KELLEY,441
Duchesne,RO32:JW1,State School Board (Multi-County),12,REP,COLE J. KELLEY,0
Duchesne,RO32:JW2,State School Board (Multi-County),12,REP,COLE J. KELLEY,0
Duchesne,RO41,State School Board (Multi-County),12,REP,COLE J. KELLEY,320
Duchesne,RO41:CW,State School Board (Multi-County),12,REP,COLE J. KELLEY,20
Duchesne,RO42,State School Board (Multi-County),12,REP,COLE J. KELLEY,401
Duchesne,RO51,State School Board (Multi-County),12,REP,COLE J. KELLEY,15
Duchesne,RO51:CW,State School Board (Multi-County),12,REP,COLE J. KELLEY,0
Duchesne,RO51:DWUR,State School Board (Multi-County),12,REP,COLE J. KELLEY,0
Duchesne,RO51:J1UR,State School Board (Multi-County),12,REP,COLE J. KELLEY,0
Duchesne,RO51:JW1,State School Board (Multi-County),12,REP,COLE J. KELLEY,156
Duchesne,RO51:JW2,State School Board (Multi-County),12,REP,COLE J. KELLEY,171
Duchesne,RO51:JW3,State School Board (Multi-County),12,REP,COLE J. KELLEY,78
Duchesne,RO51:UR,State School Board (Multi-County),12,REP,COLE J. KELLEY,0
Duchesne,TA11,State School Board (Multi-County),12,REP,COLE J. KELLEY,0
Duchesne,TA11:FWTR,State School Board (Multi-County),12,REP,COLE J. KELLEY,0
Duchesne,TA11:HWTR,State School Board (Multi-County),12,REP,COLE J. KELLEY,223
Duchesne,TA11:PWTR,State School Board (Multi-County),12,REP,COLE J. KELLEY,0
Duchesne,TA11:TR,State School Board (Multi-County),12,REP,COLE J. KELLEY,27
Duchesne,TA12:TR,State School Board (Multi-County),12,REP,COLE J. KELLEY,69
Duchesne,AB11,County Commission Seat C,,REP,REP JEFFREY BRENT CHUGG,19
Duchesne,AB11:CWNR,County Commission Seat C,,REP,REP JEFFREY BRENT CHUGG,0
Duchesne,AB11:CWUR,County Commission Seat C,,REP,REP JEFFREY BRENT CHUGG,0
Duchesne,AB11:UR,County Commission Seat C,,REP,REP JEFFREY BRENT CHUGG,0
Duchesne,AB11:UWUR,County Commission Seat C,,REP,REP JEFFREY BRENT CHUGG,334
Duchesne,AL12:UR,County Commission Seat C,,REP,REP JEFFREY BRENT CHUGG,100
Duchesne,AM11,County Commission Seat C,,REP,REP JEFFREY BRENT CHUGG,40
Duchesne,AM11:DW,County Commission Seat C,,REP,REP JEFFREY BRENT CHUGG,31
Duchesne,AM11:DWUR,County Commission Seat C,,REP,REP JEFFREY BRENT CHUGG,0
Duchesne,AM11:GR,County Commission Seat C,,REP,REP JEFFREY BRENT CHUGG,0
Duchesne,AM11:JW1,County Commission Seat C,,REP,REP JEFFREY BRENT CHUGG,17
Duchesne,AM11:JW3,County Commission Seat C,,REP,REP JEFFREY BRENT CHUGG,80
Duchesne,AM11:JW4,County Commission Seat C,,REP,REP JEFFREY BRENT CHUGG,103
Duchesne,AR11:CWUR,County Commission Seat C,,REP,REP JEFFREY BRENT CHUGG,0
Duchesne,AR11:DWGR,County Commission Seat C,,REP,REP JEFFREY BRENT CHUGG,35
Duchesne,AR11:DWUR,County Commission Seat C,,REP,REP JEFFREY BRENT CHUGG,37
Duchesne,AR11:GR,County Commission Seat C,,REP,REP JEFFREY BRENT CHUGG,0
Duchesne,AR11:J1UR,County Commission Seat C,,REP,REP JEFFREY BRENT CHUGG,82
Duchesne,AR11:UR,County Commission Seat C,,REP,REP JEFFREY BRENT CHUGG,29
Duchesne,AR11:UWUR,County Commission Seat C,,REP,REP JEFFREY BRENT CHUGG,140
Duchesne,DU11,County Commission Seat C,,REP,REP JEFFREY BRENT CHUGG,0
Duchesne,DU11:DW,County Commission Seat C,,REP,REP JEFFREY BRENT CHUGG,0
Duchesne,DU11:DWGR,County Commission Seat C,,REP,REP JEFFREY BRENT CHUGG,419
Duchesne,DU11:GR,County Commission Seat C,,REP,REP JEFFREY BRENT CHUGG,142
Duchesne,DU11:PWGR,County Commission Seat C,,REP,REP JEFFREY BRENT CHUGG,42
Duchesne,DU11:PWTR,County Commission Seat C,,REP,REP JEFFREY BRENT CHUGG,0
Duchesne,DU11:TR,County Commission Seat C,,REP,REP JEFFREY BRENT CHUGG,0
Duchesne,DU12:DWGR,County Commission Seat C,,REP,REP JEFFREY BRENT CHUGG,15
Duchesne,DU12:GR,County Commission Seat C,,REP,REP JEFFREY BRENT CHUGG,661
Duchesne,FR11:FWGR,County Commission Seat C,,REP,REP JEFFREY BRENT CHUGG,195
Duchesne,FR11:GR,County Commission Seat C,,REP,REP JEFFREY BRENT CHUGG,37
Duchesne,FR11:HWTR,County Commission Seat C,,REP,REP JEFFREY BRENT CHUGG,0
Duchesne,FR11:PWGR,County Commission Seat C,,REP,REP JEFFREY BRENT CHUGG,100
Duchesne,FR11:PWTR,County Commission Seat C,,REP,REP JEFFREY BRENT CHUGG,0
Duchesne,FR11:TR,County Commission Seat C,,REP,REP JEFFREY BRENT CHUGG,0
Duchesne,MH11,County Commission Seat C,,REP,REP JEFFREY BRENT CHUGG,0
Duchesne,MH11:DWGR,County Commission Seat C,,REP,REP JEFFREY BRENT CHUGG,18
Duchesne,MH11:GR,County Commission Seat C,,REP,REP JEFFREY BRENT CHUGG,17
Duchesne,MH11:TR,County Commission Seat C,,REP,REP JEFFREY BRENT CHUGG,0
Duchesne,MH11:UR,County Commission Seat C,,REP,REP JEFFREY BRENT CHUGG,66
Duchesne,MH11:UWUR,County Commission Seat C,,REP,REP JEFFREY BRENT CHUGG,330
Duchesne,MY12,County Commission Seat C,,REP,REP JEFFREY BRENT CHUGG,142
Duchesne,MY12:JW1,County Commission Seat C,,REP,REP JEFFREY BRENT CHUGG,0
Duchesne,MY12:JW4,County Commission Seat C,,REP,REP JEFFREY BRENT CHUGG,0
Duchesne,NE11,County Commission Seat C,,REP,REP JEFFREY BRENT CHUGG,34
Duchesne,NE11:CW,County Commission Seat C,,REP,REP JEFFREY BRENT CHUGG,126
Duchesne,NE11:CWNR,County Commission Seat C,,REP,REP JEFFREY BRENT CHUGG,374
Duchesne,NE11:NR,County Commission Seat C,,REP,REP JEFFREY BRENT CHUGG,66
Duchesne,NE11:NW,County Commission Seat C,,REP,REP JEFFREY BRENT CHUGG,29
Duchesne,NE11:NWNR,County Commission Seat C,,REP,REP JEFFREY BRENT CHUGG,225
Duchesne,NE11:UR,County Commission Seat C,,REP,REP JEFFREY BRENT CHUGG,0
Duchesne,RO11:S3J2,County Commission Seat C,,REP,REP JEFFREY BRENT CHUGG,0
Duchesne,RO11:SBD2,County Commission Seat C,,REP,REP JEFFREY BRENT CHUGG,43
Duchesne,RO11:SBD3,County Commission Seat C,,REP,REP JEFFREY BRENT CHUGG,0
Duchesne,RO12,County Commission Seat C,,REP,REP JEFFREY BRENT CHUGG,419
Duchesne,RO12:JW2,County Commission Seat C,,REP,REP JEFFREY BRENT CHUGG,131
Duchesne,RO21,County Commission Seat C,,REP,REP JEFFREY BRENT CHUGG,162
Duchesne,RO21:CW,County Commission Seat C,,REP,REP JEFFREY BRENT CHUGG,24
Duchesne,RO22,County Commission Seat C,,REP,REP JEFFREY BRENT CHUGG,646
Duchesne,RO31,County Commission Seat C,,REP,REP JEFFREY BRENT CHUGG,121
Duchesne,RO32,County Commission Seat C,,REP,REP JEFFREY BRENT CHUGG,437
Duchesne,RO32:JW1,County Commission Seat C,,REP,REP JEFFREY BRENT CHUGG,0
Duchesne,RO32:JW2,County Commission Seat C,,REP,REP JEFFREY BRENT CHUGG,0
Duchesne,RO41,County Commission Seat C,,REP,REP JEFFREY BRENT CHUGG,334
Duchesne,RO41:CW,County Commission Seat C,,REP,REP JEFFREY BRENT CHUGG,18
Duchesne,RO42,County Commission Seat C,,REP,REP JEFFREY BRENT CHUGG,414
Duchesne,RO51,County Commission Seat C,,REP,REP JEFFREY BRENT CHUGG,14
Duchesne,RO51:CW,County Commission Seat C,,REP,REP JEFFREY BRENT CHUGG,0
Duchesne,RO51:DWUR,County Commission Seat C,,REP,REP JEFFREY BRENT CHUGG,0
Duchesne,RO51:J1UR,County Commission Seat C,,REP,REP JEFFREY BRENT CHUGG,0
Duchesne,RO51:JW1,County Commission Seat C,,REP,REP JEFFREY BRENT CHUGG,136
Duchesne,RO51:JW2,County Commission Seat C,,REP,REP JEFFREY BRENT CHUGG,164
Duchesne,RO51:JW3,County Commission Seat C,,REP,REP JEFFREY BRENT CHUGG,81
Duchesne,RO51:UR,County Commission Seat C,,REP,REP JEFFREY BRENT CHUGG,0
Duchesne,TA11,County Commission Seat C,,REP,REP JEFFREY BRENT CHUGG,0
Duchesne,TA11:FWTR,County Commission Seat C,,REP,REP JEFFREY BRENT CHUGG,0
Duchesne,TA11:HWTR,County Commission Seat C,,REP,REP JEFFREY BRENT CHUGG,228
Duchesne,TA11:PWTR,County Commission Seat C,,REP,REP JEFFREY BRENT CHUGG,0
Duchesne,TA11:TR,County Commission Seat C,,REP,REP JEFFREY BRENT CHUGG,29
Duchesne,TA12:TR,County Commission Seat C,,REP,REP JEFFREY BRENT CHUGG,72
Duchesne,AB11,County Assessor,,REP,REP TRACI K. HERRERA,19
Duchesne,AB11:CWNR,County Assessor,,REP,REP TRACI K. HERRERA,0
Duchesne,AB11:CWUR,County Assessor,,REP,REP TRACI K. HERRERA,0
Duchesne,AB11:UR,County Assessor,,REP,REP TRACI K. HERRERA,0
Duchesne,AB11:UWUR,County Assessor,,REP,REP TRACI K. HERRERA,340
Duchesne,AL12:UR,County Assessor,,REP,REP TRACI K. HERRERA,97
Duchesne,AM11,County Assessor,,REP,REP TRACI K. HERRERA,42
Duchesne,AM11:DW,County Assessor,,REP,REP TRACI K. HERRERA,32
Duchesne,AM11:DWUR,County Assessor,,REP,REP TRACI K. HERRERA,0
Duchesne,AM11:GR,County Assessor,,REP,REP TRACI K. HERRERA,0
Duchesne,AM11:JW1,County Assessor,,REP,REP TRACI K. HERRERA,15
Duchesne,AM11:JW3,County Assessor,,REP,REP TRACI K. HERRERA,85
Duchesne,AM11:JW4,County Assessor,,REP,REP TRACI K. HERRERA,104
Duchesne,AR11:CWUR,County Assessor,,REP,REP TRACI K. HERRERA,0
Duchesne,AR11:DWGR,County Assessor,,REP,REP TRACI K. HERRERA,35
Duchesne,AR11:DWUR,County Assessor,,REP,REP TRACI K. HERRERA,37
Duchesne,AR11:GR,County Assessor,,REP,REP TRACI K. HERRERA,0
Duchesne,AR11:J1UR,County Assessor,,REP,REP TRACI K. HERRERA,81
Duchesne,AR11:UR,County Assessor,,REP,REP TRACI K. HERRERA,29
Duchesne,AR11:UWUR,County Assessor,,REP,REP TRACI K. HERRERA,138
Duchesne,DU11,County Assessor,,REP,REP TRACI K. HERRERA,0
Duchesne,DU11:DW,County Assessor,,REP,REP TRACI K. HERRERA,0
Duchesne,DU11:DWGR,County Assessor,,REP,REP TRACI K. HERRERA,419
Duchesne,DU11:GR,County Assessor,,REP,REP TRACI K. HERRERA,138
Duchesne,DU11:PWGR,County Assessor,,REP,REP TRACI K. HERRERA,41
Duchesne,DU11:PWTR,County Assessor,,REP,REP TRACI K. HERRERA,0
Duchesne,DU11:TR,County Assessor,,REP,REP TRACI K. HERRERA,0
Duchesne,DU12:DWGR,County Assessor,,REP,REP TRACI K. HERRERA,15
Duchesne,DU12:GR,County Assessor,,REP,REP TRACI K. HERRERA,656
Duchesne,FR11:FWGR,County Assessor,,REP,REP TRACI K. HERRERA,196
Duchesne,FR11:GR,County Assessor,,REP,REP TRACI K. HERRERA,34
Duchesne,FR11:HWTR,County Assessor,,REP,REP TRACI K. HERRERA,0
Duchesne,FR11:PWGR,County Assessor,,REP,REP TRACI K. HERRERA,101
Duchesne,FR11:PWTR,County Assessor,,REP,REP TRACI K. HERRERA,0
Duchesne,FR11:TR,County Assessor,,REP,REP TRACI K. HERRERA,0
Duchesne,MH11,County Assessor,,REP,REP TRACI K. HERRERA,0
Duchesne,MH11:DWGR,County Assessor,,REP,REP TRACI K. HERRERA,18
Duchesne,MH11:GR,County Assessor,,REP,REP TRACI K. HERRERA,17
Duchesne,MH11:TR,County Assessor,,REP,REP TRACI K. HERRERA,0
Duchesne,MH11:UR,County Assessor,,REP,REP TRACI K. HERRERA,68
Duchesne,MH11:UWUR,County Assessor,,REP,REP TRACI K. HERRERA,334
Duchesne,MY12,County Assessor,,REP,REP TRACI K. HERRERA,144
Duchesne,MY12:JW1,County Assessor,,REP,REP TRACI K. HERRERA,0
Duchesne,MY12:JW4,County Assessor,,REP,REP TRACI K. HERRERA,0
Duchesne,NE11,County Assessor,,REP,REP TRACI K. HERRERA,34
Duchesne,NE11:CW,County Assessor,,REP,REP TRACI K. HERRERA,126
Duchesne,NE11:CWNR,County Assessor,,REP,REP TRACI K. HERRERA,380
Duchesne,NE11:NR,County Assessor,,REP,REP TRACI K. HERRERA,68
Duchesne,NE11:NW,County Assessor,,REP,REP TRACI K. HERRERA,26
Duchesne,NE11:NWNR,County Assessor,,REP,REP TRACI K. HERRERA,231
Duchesne,NE11:UR,County Assessor,,REP,REP TRACI K. HERRERA,0
Duchesne,RO11:S3J2,County Assessor,,REP,REP TRACI K. HERRERA,0
Duchesne,RO11:SBD2,County Assessor,,REP,REP TRACI K. HERRERA,42
Duchesne,RO11:SBD3,County Assessor,,REP,REP TRACI K. HERRERA,0
Duchesne,RO12,County Assessor,,REP,REP TRACI K. HERRERA,419
Duchesne,RO12:JW2,County Assessor,,REP,REP TRACI K. HERRERA,129
Duchesne,RO21,County Assessor,,REP,REP TRACI K. HERRERA,160
Duchesne,RO21:CW,County Assessor,,REP,REP TRACI K. HERRERA,24
Duchesne,RO22,County Assessor,,REP,REP TRACI K. HERRERA,650
Duchesne,RO31,County Assessor,,REP,REP TRACI K. HERRERA,115
Duchesne,RO32,County Assessor,,REP,REP TRACI K. HERRERA,441
Duchesne,RO32:JW1,County Assessor,,REP,REP TRACI K. HERRERA,0
Duchesne,RO32:JW2,County Assessor,,REP,REP TRACI K. HERRERA,0
Duchesne,RO41,County Assessor,,REP,REP TRACI K. HERRERA,329
Duchesne,RO41:CW,County Assessor,,REP,REP TRACI K. HERRERA,19
Duchesne,RO42,County Assessor,,REP,REP TRACI K. HERRERA,410
Duchesne,RO51,County Assessor,,REP,REP TRACI K. HERRERA,8
Duchesne,RO51:CW,County Assessor,,REP,REP TRACI K. HERRERA,0
Duchesne,RO51:DWUR,County Assessor,,REP,REP TRACI K. HERRERA,0
Duchesne,RO51:J1UR,County Assessor,,REP,REP TRACI K. HERRERA,0
Duchesne,RO51:JW1,County Assessor,,REP,REP TRACI K. HERRERA,133
Duchesne,RO51:JW2,County Assessor,,REP,REP TRACI K. HERRERA,163
Duchesne,RO51:JW3,County Assessor,,REP,REP TRACI K. HERRERA,88
Duchesne,RO51:UR,County Assessor,,REP,REP TRACI K. HERRERA,0
Duchesne,TA11,County Assessor,,REP,REP TRACI K. HERRERA,0
Duchesne,TA11:FWTR,County Assessor,,REP,REP TRACI K. HERRERA,0
Duchesne,TA11:HWTR,County Assessor,,REP,REP TRACI K. HERRERA,220
Duchesne,TA11:PWTR,County Assessor,,REP,REP TRACI K. HERRERA,0
Duchesne,TA11:TR,County Assessor,,REP,REP TRACI K. HERRERA,29
Duchesne,TA12:TR,County Assessor,,REP,REP TRACI K. HERRERA,71
Duchesne,AB11,County Recorder,,REP,REP SHELLEY BRENNAN,19
Duchesne,AB11:CWNR,County Recorder,,REP,REP SHELLEY BRENNAN,0
Duchesne,AB11:CWUR,County Recorder,,REP,REP SHELLEY BRENNAN,0
Duchesne,AB11:UR,County Recorder,,REP,REP SHELLEY BRENNAN,0
Duchesne,AB11:UWUR,County Recorder,,REP,REP SHELLEY BRENNAN,335
Duchesne,AL12:UR,County Recorder,,REP,REP SHELLEY BRENNAN,95
Duchesne,AM11,County Recorder,,REP,REP SHELLEY BRENNAN,41
Duchesne,AM11:DW,County Recorder,,REP,REP SHELLEY BRENNAN,32
Duchesne,AM11:DWUR,County Recorder,,REP,REP SHELLEY BRENNAN,0
Duchesne,AM11:GR,County Recorder,,REP,REP SHELLEY BRENNAN,0
Duchesne,AM11:JW1,County Recorder,,REP,REP SHELLEY BRENNAN,15
Duchesne,AM11:JW3,County Recorder,,REP,REP SHELLEY BRENNAN,85
Duchesne,AM11:JW4,County Recorder,,REP,REP SHELLEY BRENNAN,103
Duchesne,AR11:CWUR,County Recorder,,REP,REP SHELLEY BRENNAN,0
Duchesne,AR11:DWGR,County Recorder,,REP,REP SHELLEY BRENNAN,35
Duchesne,AR11:DWUR,County Recorder,,REP,REP SHELLEY BRENNAN,36
Duchesne,AR11:GR,County Recorder,,REP,REP SHELLEY BRENNAN,0
Duchesne,AR11:J1UR,County Recorder,,REP,REP SHELLEY BRENNAN,80
Duchesne,AR11:UR,County Recorder,,REP,REP SHELLEY BRENNAN,29
Duchesne,AR11:UWUR,County Recorder,,REP,REP SHELLEY BRENNAN,140
Duchesne,DU11,County Recorder,,REP,REP SHELLEY BRENNAN,0
Duchesne,DU11:DW,County Recorder,,REP,REP SHELLEY BRENNAN,0
Duchesne,DU11:DWGR,County Recorder,,REP,REP SHELLEY BRENNAN,412
Duchesne,DU11:GR,County Recorder,,REP,REP SHELLEY BRENNAN,139
Duchesne,DU11:PWGR,County Recorder,,REP,REP SHELLEY BRENNAN,43
Duchesne,DU11:PWTR,County Recorder,,REP,REP SHELLEY BRENNAN,0
Duchesne,DU11:TR,County Recorder,,REP,REP SHELLEY BRENNAN,0
Duchesne,DU12:DWGR,County Recorder,,REP,REP SHELLEY BRENNAN,15
Duchesne,DU12:GR,County Recorder,,REP,REP SHELLEY BRENNAN,635
Duchesne,FR11:FWGR,County Recorder,,REP,REP SHELLEY BRENNAN,195
Duchesne,FR11:GR,County Recorder,,REP,REP SHELLEY BRENNAN,34
Duchesne,FR11:HWTR,County Recorder,,REP,REP SHELLEY BRENNAN,0
Duchesne,FR11:PWGR,County Recorder,,REP,REP SHELLEY BRENNAN,104
Duchesne,FR11:PWTR,County Recorder,,REP,REP SHELLEY BRENNAN,0
Duchesne,FR11:TR,County Recorder,,REP,REP SHELLEY BRENNAN,0
Duchesne,MH11,County Recorder,,REP,REP SHELLEY BRENNAN,0
Duchesne,MH11:DWGR,County Recorder,,REP,REP SHELLEY BRENNAN,18
Duchesne,MH11:GR,County Recorder,,REP,REP SHELLEY BRENNAN,17
Duchesne,MH11:TR,County Recorder,,REP,REP SHELLEY BRENNAN,0
Duchesne,MH11:UR,County Recorder,,REP,REP SHELLEY BRENNAN,67
Duchesne,MH11:UWUR,County Recorder,,REP,REP SHELLEY BRENNAN,332
Duchesne,MY12,County Recorder,,REP,REP SHELLEY BRENNAN,144
Duchesne,MY12:JW1,County Recorder,,REP,REP SHELLEY BRENNAN,0
Duchesne,MY12:JW4,County Recorder,,REP,REP SHELLEY BRENNAN,0
Duchesne,NE11,County Recorder,,REP,REP SHELLEY BRENNAN,35
Duchesne,NE11:CW,County Recorder,,REP,REP SHELLEY BRENNAN,128
Duchesne,NE11:CWNR,County Recorder,,REP,REP SHELLEY BRENNAN,380
Duchesne,NE11:NR,County Recorder,,REP,REP SHELLEY BRENNAN,69
Duchesne,NE11:NW,County Recorder,,REP,REP SHELLEY BRENNAN,28
Duchesne,NE11:NWNR,County Recorder,,REP,REP SHELLEY BRENNAN,229
Duchesne,NE11:UR,County Recorder,,REP,REP SHELLEY BRENNAN,0
Duchesne,RO11:S3J2,County Recorder,,REP,REP SHELLEY BRENNAN,0
Duchesne,RO11:SBD2,County Recorder,,REP,REP SHELLEY BRENNAN,42
Duchesne,RO11:SBD3,County Recorder,,REP,REP SHELLEY BRENNAN,0
Duchesne,RO12,County Recorder,,REP,REP SHELLEY BRENNAN,418
Duchesne,RO12:JW2,County Recorder,,REP,REP SHELLEY BRENNAN,129
Duchesne,RO21,County Recorder,,REP,REP SHELLEY BRENNAN,161
Duchesne,RO21:CW,County Recorder,,REP,REP SHELLEY BRENNAN,24
Duchesne,RO22,County Recorder,,REP,REP SHELLEY BRENNAN,643
Duchesne,RO31,County Recorder,,REP,REP SHELLEY BRENNAN,115
Duchesne,RO32,County Recorder,,REP,REP SHELLEY BRENNAN,439
Duchesne,RO32:JW1,County Recorder,,REP,REP SHELLEY BRENNAN,0
Duchesne,RO32:JW2,County Recorder,,REP,REP SHELLEY BRENNAN,0
Duchesne,RO41,County Recorder,,REP,REP SHELLEY BRENNAN,328
Duchesne,RO41:CW,County Recorder,,REP,REP SHELLEY BRENNAN,19
Duchesne,RO42,County Recorder,,REP,REP SHELLEY BRENNAN,408
Duchesne,RO51,County Recorder,,REP,REP SHELLEY BRENNAN,7
Duchesne,RO51:CW,County Recorder,,REP,REP SHELLEY BRENNAN,0
Duchesne,RO51:DWUR,County Recorder,,REP,REP SHELLEY BRENNAN,0
Duchesne,RO51:J1UR,County Recorder,,REP,REP SHELLEY BRENNAN,0
Duchesne,RO51:JW1,County Recorder,,REP,REP SHELLEY BRENNAN,132
Duchesne,RO51:JW2,County Recorder,,REP,REP SHELLEY BRENNAN,164
Duchesne,RO51:JW3,County Recorder,,REP,REP SHELLEY BRENNAN,83
Duchesne,RO51:UR,County Recorder,,REP,REP SHELLEY BRENNAN,0
Duchesne,TA11,County Recorder,,REP,REP SHELLEY BRENNAN,0
Duchesne,TA11:FWTR,County Recorder,,REP,REP SHELLEY BRENNAN,0
Duchesne,TA11:HWTR,County Recorder,,REP,REP SHELLEY BRENNAN,226
Duchesne,TA11:PWTR,County Recorder,,REP,REP SHELLEY BRENNAN,0
Duchesne,TA11:TR,County Recorder,,REP,REP SHELLEY BRENNAN,29
Duchesne,TA12:TR,County Recorder,,REP,REP SHELLEY BRENNAN,69
Duchesne,AB11,County Surveyor,,REP,REP D. RYAN ALLRED,19
Duchesne,AB11:CWNR,County Surveyor,,REP,REP D. RYAN ALLRED,0
Duchesne,AB11:CWUR,County Surveyor,,REP,REP D. RYAN ALLRED,0
Duchesne,AB11:UR,County Surveyor,,REP,REP D. RYAN ALLRED,0
Duchesne,AB11:UWUR,County Surveyor,,REP,REP D. RYAN ALLRED,341
Duchesne,AL12:UR,County Surveyor,,REP,REP D. RYAN ALLRED,99
Duchesne,AM11,County Surveyor,,REP,REP D. RYAN ALLRED,40
Duchesne,AM11:DW,County Surveyor,,REP,REP D. RYAN ALLRED,33
Duchesne,AM11:DWUR,County Surveyor,,REP,REP D. RYAN ALLRED,0
Duchesne,AM11:GR,County Surveyor,,REP,REP D. RYAN ALLRED,0
Duchesne,AM11:JW1,County Surveyor,,REP,REP D. RYAN ALLRED,16
Duchesne,AM11:JW3,County Surveyor,,REP,REP D. RYAN ALLRED,84
Duchesne,AM11:JW4,County Surveyor,,REP,REP D. RYAN ALLRED,104
Duchesne,AR11:CWUR,County Surveyor,,REP,REP D. RYAN ALLRED,0
Duchesne,AR11:DWGR,County Surveyor,,REP,REP D. RYAN ALLRED,35
Duchesne,AR11:DWUR,County Surveyor,,REP,REP D. RYAN ALLRED,41
Duchesne,AR11:GR,County Surveyor,,REP,REP D. RYAN ALLRED,0
Duchesne,AR11:J1UR,County Surveyor,,REP,REP D. RYAN ALLRED,83
Duchesne,AR11:UR,County Surveyor,,REP,REP D. RYAN ALLRED,30
Duchesne,AR11:UWUR,County Surveyor,,REP,REP D. RYAN ALLRED,139
Duchesne,DU11,County Surveyor,,REP,REP D. RYAN ALLRED,0
Duchesne,DU11:DW,County Surveyor,,REP,REP D. RYAN ALLRED,0
Duchesne,DU11:DWGR,County Surveyor,,REP,REP D. RYAN ALLRED,416
Duchesne,DU11:GR,County Surveyor,,REP,REP D. RYAN ALLRED,141
Duchesne,DU11:PWGR,County Surveyor,,REP,REP D. RYAN ALLRED,41
Duchesne,DU11:PWTR,County Surveyor,,REP,REP D. RYAN ALLRED,0
Duchesne,DU11:TR,County Surveyor,,REP,REP D. RYAN ALLRED,0
Duchesne,DU12:DWGR,County Surveyor,,REP,REP D. RYAN ALLRED,15
Duchesne,DU12:GR,County Surveyor,,REP,REP D. RYAN ALLRED,653
Duchesne,FR11:FWGR,County Surveyor,,REP,REP D. RYAN ALLRED,196
Duchesne,FR11:GR,County Surveyor,,REP,REP D. RYAN ALLRED,34
Duchesne,FR11:HWTR,County Surveyor,,REP,REP D. RYAN ALLRED,0
Duchesne,FR11:PWGR,County Surveyor,,REP,REP D. RYAN ALLRED,101
Duchesne,FR11:PWTR,County Surveyor,,REP,REP D. RYAN ALLRED,0
Duchesne,FR11:TR,County Surveyor,,REP,REP D. RYAN ALLRED,0
Duchesne,MH11,County Surveyor,,REP,REP D. RYAN ALLRED,0
Duchesne,MH11:DWGR,County Surveyor,,REP,REP D. RYAN ALLRED,18
Duchesne,MH11:GR,County Surveyor,,REP,REP D. RYAN ALLRED,17
Duchesne,MH11:TR,County Surveyor,,REP,REP D. RYAN ALLRED,0
Duchesne,MH11:UR,County Surveyor,,REP,REP D. RYAN ALLRED,67
Duchesne,MH11:UWUR,County Surveyor,,REP,REP D. RYAN ALLRED,333
Duchesne,MY12,County Surveyor,,REP,REP D. RYAN ALLRED,143
Duchesne,MY12:JW1,County Surveyor,,REP,REP D. RYAN ALLRED,0
Duchesne,MY12:JW4,County Surveyor,,REP,REP D. RYAN ALLRED,0
Duchesne,NE11,County Surveyor,,REP,REP D. RYAN ALLRED,34
Duchesne,NE11:CW,County Surveyor,,REP,REP D. RYAN ALLRED,129
Duchesne,NE11:CWNR,County Surveyor,,REP,REP D. RYAN ALLRED,384
Duchesne,NE11:NR,County Surveyor,,REP,REP D. RYAN ALLRED,67
Duchesne,NE11:NW,County Surveyor,,REP,REP D. RYAN ALLRED,29
Duchesne,NE11:NWNR,County Surveyor,,REP,REP D. RYAN ALLRED,231
Duchesne,NE11:UR,County Surveyor,,REP,REP D. RYAN ALLRED,0
Duchesne,RO11:S3J2,County Surveyor,,REP,REP D. RYAN ALLRED,0
Duchesne,RO11:SBD2,County Surveyor,,REP,REP D. RYAN ALLRED,45
Duchesne,RO11:SBD3,County Surveyor,,REP,REP D. RYAN ALLRED,0
Duchesne,RO12,County Surveyor,,REP,REP D. RYAN ALLRED,421
Duchesne,RO12:JW2,County Surveyor,,REP,REP D. RYAN ALLRED,129
Duchesne,RO21,County Surveyor,,REP,REP D. RYAN ALLRED,161
Duchesne,RO21:CW,County Surveyor,,REP,REP D. RYAN ALLRED,24
Duchesne,RO22,County Surveyor,,REP,REP D. RYAN ALLRED,648
Duchesne,RO31,County Surveyor,,REP,REP D. RYAN ALLRED,114
Duchesne,RO32,County Surveyor,,REP,REP D. RYAN ALLRED,442
Duchesne,RO32:JW1,County Surveyor,,REP,REP D. RYAN ALLRED,0
Duchesne,RO32:JW2,County Surveyor,,REP,REP D. RYAN ALLRED,0
Duchesne,RO41,County Surveyor,,REP,REP D. RYAN ALLRED,329
Duchesne,RO41:CW,County Surveyor,,REP,REP D. RYAN ALLRED,19
Duchesne,RO42,County Surveyor,,REP,REP D. RYAN ALLRED,414
Duchesne,RO51,County Surveyor,,REP,REP D. RYAN ALLRED,8
Duchesne,RO51:CW,County Surveyor,,REP,REP D. RYAN ALLRED,0
Duchesne,RO51:DWUR,County Surveyor,,REP,REP D. RYAN ALLRED,0
Duchesne,RO51:J1UR,County Surveyor,,REP,REP D. RYAN ALLRED,0
Duchesne,RO51:JW1,County Surveyor,,REP,REP D. RYAN ALLRED,134
Duchesne,RO51:JW2,County Surveyor,,REP,REP D. RYAN ALLRED,162
Duchesne,RO51:JW3,County Surveyor,,REP,REP D. RYAN ALLRED,86
Duchesne,RO51:UR,County Surveyor,,REP,REP D. RYAN ALLRED,0
Duchesne,TA11,County Surveyor,,REP,REP D. RYAN ALLRED,0
Duchesne,TA11:FWTR,County Surveyor,,REP,REP D. RYAN ALLRED,0
Duchesne,TA11:HWTR,County Surveyor,,REP,REP D. RYAN ALLRED,227
Duchesne,TA11:PWTR,County Surveyor,,REP,REP D. RYAN ALLRED,0
Duchesne,TA11:TR,County Surveyor,,REP,REP D. RYAN ALLRED,30
Duchesne,TA12:TR,County Surveyor,,REP,REP D. RYAN ALLRED,69
Duchesne,AB11,County Treasurer,,REP,REP STEPHEN POTTER,19
Duchesne,AB11:CWNR,County Treasurer,,REP,REP STEPHEN POTTER,0
Duchesne,AB11:CWUR,County Treasurer,,REP,REP STEPHEN POTTER,0
Duchesne,AB11:UR,County Treasurer,,REP,REP STEPHEN POTTER,0
Duchesne,AB11:UWUR,County Treasurer,,REP,REP STEPHEN POTTER,334
Duchesne,AL12:UR,County Treasurer,,REP,REP STEPHEN POTTER,98
Duchesne,AM11,County Treasurer,,REP,REP STEPHEN POTTER,40
Duchesne,AM11:DW,County Treasurer,,REP,REP STEPHEN POTTER,32
Duchesne,AM11:DWUR,County Treasurer,,REP,REP STEPHEN POTTER,0
Duchesne,AM11:GR,County Treasurer,,REP,REP STEPHEN POTTER,0
Duchesne,AM11:JW1,County Treasurer,,REP,REP STEPHEN POTTER,16
Duchesne,AM11:JW3,County Treasurer,,REP,REP STEPHEN POTTER,81
Duchesne,AM11:JW4,County Treasurer,,REP,REP STEPHEN POTTER,102
Duchesne,AR11:CWUR,County Treasurer,,REP,REP STEPHEN POTTER,0
Duchesne,AR11:DWGR,County Treasurer,,REP,REP STEPHEN POTTER,35
Duchesne,AR11:DWUR,County Treasurer,,REP,REP STEPHEN POTTER,37
Duchesne,AR11:GR,County Treasurer,,REP,REP STEPHEN POTTER,0
Duchesne,AR11:J1UR,County Treasurer,,REP,REP STEPHEN POTTER,80
Duchesne,AR11:UR,County Treasurer,,REP,REP STEPHEN POTTER,29
Duchesne,AR11:UWUR,County Treasurer,,REP,REP STEPHEN POTTER,138
Duchesne,DU11,County Treasurer,,REP,REP STEPHEN POTTER,0
Duchesne,DU11:DW,County Treasurer,,REP,REP STEPHEN POTTER,0
Duchesne,DU11:DWGR,County Treasurer,,REP,REP STEPHEN POTTER,411
Duchesne,DU11:GR,County Treasurer,,REP,REP STEPHEN POTTER,139
Duchesne,DU11:PWGR,County Treasurer,,REP,REP STEPHEN POTTER,42
Duchesne,DU11:PWTR,County Treasurer,,REP,REP STEPHEN POTTER,0
Duchesne,DU11:TR,County Treasurer,,REP,REP STEPHEN POTTER,0
Duchesne,DU12:DWGR,County Treasurer,,REP,REP STEPHEN POTTER,15
Duchesne,DU12:GR,County Treasurer,,REP,REP STEPHEN POTTER,631
Duchesne,FR11:FWGR,County Treasurer,,REP,REP STEPHEN POTTER,190
Duchesne,FR11:GR,County Treasurer,,REP,REP STEPHEN POTTER,34
Duchesne,FR11:HWTR,County Treasurer,,REP,REP STEPHEN POTTER,0
Duchesne,FR11:PWGR,County Treasurer,,REP,REP STEPHEN POTTER,100
Duchesne,FR11:PWTR,County Treasurer,,REP,REP STEPHEN POTTER,0
Duchesne,FR11:TR,County Treasurer,,REP,REP STEPHEN POTTER,0
Duchesne,MH11,County Treasurer,,REP,REP STEPHEN POTTER,0
Duchesne,MH11:DWGR,County Treasurer,,REP,REP STEPHEN POTTER,18
Duchesne,MH11:GR,County Treasurer,,REP,REP STEPHEN POTTER,17
Duchesne,MH11:TR,County Treasurer,,REP,REP STEPHEN POTTER,0
Duchesne,MH11:UR,County Treasurer,,REP,REP STEPHEN POTTER,67
Duchesne,MH11:UWUR,County Treasurer,,REP,REP STEPHEN POTTER,330
Duchesne,MY12,County Treasurer,,REP,REP STEPHEN POTTER,144
Duchesne,MY12:JW1,County Treasurer,,REP,REP STEPHEN POTTER,0
Duchesne,MY12:JW4,County Treasurer,,REP,REP STEPHEN POTTER,0
Duchesne,NE11,County Treasurer,,REP,REP STEPHEN POTTER,33
Duchesne,NE11:CW,County Treasurer,,REP,REP STEPHEN POTTER,129
Duchesne,NE11:CWNR,County Treasurer,,REP,REP STEPHEN POTTER,380
Duchesne,NE11:NR,County Treasurer,,REP,REP STEPHEN POTTER,65
Duchesne,NE11:NW,County Treasurer,,REP,REP STEPHEN POTTER,29
Duchesne,NE11:NWNR,County Treasurer,,REP,REP STEPHEN POTTER,231
Duchesne,NE11:UR,County Treasurer,,REP,REP STEPHEN POTTER,0
Duchesne,RO11:S3J2,County Treasurer,,REP,REP STEPHEN POTTER,0
Duchesne,RO11:SBD2,County Treasurer,,REP,REP STEPHEN POTTER,43
Duchesne,RO11:SBD3,County Treasurer,,REP,REP STEPHEN POTTER,0
Duchesne,RO12,County Treasurer,,REP,REP STEPHEN POTTER,416
Duchesne,RO12:JW2,County Treasurer,,REP,REP STEPHEN POTTER,129
Duchesne,RO21,County Treasurer,,REP,REP STEPHEN POTTER,161
Duchesne,RO21:CW,County Treasurer,,REP,REP STEPHEN POTTER,24
Duchesne,RO22,County Treasurer,,REP,REP STEPHEN POTTER,646
Duchesne,RO31,County Treasurer,,REP,REP STEPHEN POTTER,116
Duchesne,RO32,County Treasurer,,REP,REP STEPHEN POTTER,437
Duchesne,RO32:JW1,County Treasurer,,REP,REP STEPHEN POTTER,0
Duchesne,RO32:JW2,County Treasurer,,REP,REP STEPHEN POTTER,0
Duchesne,RO41,County Treasurer,,REP,REP STEPHEN POTTER,326
Duchesne,RO41:CW,County Treasurer,,REP,REP STEPHEN POTTER,19
Duchesne,RO42,County Treasurer,,REP,REP STEPHEN POTTER,410
Duchesne,RO51,County Treasurer,,REP,REP STEPHEN POTTER,8
Duchesne,RO51:CW,County Treasurer,,REP,REP STEPHEN POTTER,0
Duchesne,RO51:DWUR,County Treasurer,,REP,REP STEPHEN POTTER,0
Duchesne,RO51:J1UR,County Treasurer,,REP,REP STEPHEN POTTER,0
Duchesne,RO51:JW1,County Treasurer,,REP,REP STEPHEN POTTER,133
Duchesne,RO51:JW2,County Treasurer,,REP,REP STEPHEN POTTER,161
Duchesne,RO51:JW3,County Treasurer,,REP,REP STEPHEN POTTER,81
Duchesne,RO51:UR,County Treasurer,,REP,REP STEPHEN POTTER,0
Duchesne,TA11,County Treasurer,,REP,REP STEPHEN POTTER,0
Duchesne,TA11:FWTR,County Treasurer,,REP,REP STEPHEN POTTER,0
Duchesne,TA11:HWTR,County Treasurer,,REP,REP STEPHEN POTTER,229
Duchesne,TA11:PWTR,County Treasurer,,REP,REP STEPHEN POTTER,0
Duchesne,TA11:TR,County Treasurer,,REP,REP STEPHEN POTTER,29
Duchesne,TA12:TR,County Treasurer,,REP,REP STEPHEN POTTER,70
Duchesne,DU11,School Board District #,4,,BRANDON EDMUND BENCH,0
Duchesne,DU11:DW,School Board District #,4,,BRANDON EDMUND BENCH,0
Duchesne,DU11:DWGR,School Board District #,4,,BRANDON EDMUND BENCH,408
Duchesne,DU11:GR,School Board District #,4,,BRANDON EDMUND BENCH,131
Duchesne,DU11:PWGR,School Board District #,4,,BRANDON EDMUND BENCH,40
Duchesne,DU11:PWTR,School Board District #,4,,BRANDON EDMUND BENCH,0
Duchesne,DU11:TR,School Board District #,4,,BRANDON EDMUND BENCH,0
Duchesne,DU12:DWGR,School Board District #,4,,BRANDON EDMUND BENCH,12
Duchesne,DU12:GR,School Board District #,4,,BRANDON EDMUND BENCH,630
Duchesne,FR11:FWGR,School Board District #,4,,BRANDON EDMUND BENCH,180
Duchesne,FR11:GR,School Board District #,4,,BRANDON EDMUND BENCH,31
Duchesne,FR11:HWTR,School Board District #,4,,BRANDON EDMUND BENCH,0
Duchesne,FR11:PWGR,School Board District #,4,,BRANDON EDMUND BENCH,91
Duchesne,FR11:PWTR,School Board District #,4,,BRANDON EDMUND BENCH,0
Duchesne,FR11:TR,School Board District #,4,,BRANDON EDMUND BENCH,0
Duchesne,AB11,School Board District #,5,,MARK E THACKER,15
Duchesne,AB11:CWNR,School Board District #,5,,MARK E THACKER,0
Duchesne,AB11:CWUR,School Board District #,5,,MARK E THACKER,0
Duchesne,AB11:UR,School Board District #,5,,MARK E THACKER,0
Duchesne,AB11:UWUR,School Board District #,5,,MARK E THACKER,261
Duchesne,AL12:UR,School Board District #,5,,MARK E THACKER,74
Duchesne,AR11:CWUR,School Board District #,5,,MARK E THACKER,0
Duchesne,AR11:DWGR,School Board District #,5,,MARK E THACKER,33
Duchesne,AR11:DWUR,School Board District #,5,,MARK E THACKER,35
Duchesne,AR11:GR,School Board District #,5,,MARK E THACKER,0
Duchesne,AR11:J1UR,School Board District #,5,,MARK E THACKER,73
Duchesne,AR11:UR,School Board District #,5,,MARK E THACKER,22
Duchesne,AR11:UWUR,School Board District #,5,,MARK E THACKER,99
Duchesne,MH11,School Board District #,5,,MARK E THACKER,0
Duchesne,MH11:DWGR,School Board District #,5,,MARK E THACKER,16
Duchesne,MH11:GR,School Board District #,5,,MARK E THACKER,16
Duchesne,MH11:TR,School Board District #,5,,MARK E THACKER,0
Duchesne,MH11:UR,School Board District #,5,,MARK E THACKER,55
Duchesne,MH11:UWUR,School Board District #,5,,MARK E THACKER,285
Duchesne,TA11,School Board District #,5,,MARK E THACKER,0
Duchesne,TA11:FWTR,School Board District #,5,,MARK E THACKER,0
Duchesne,TA11:HWTR,School Board District #,5,,MARK E THACKER,168
Duchesne,TA11:PWTR,School Board District #,5,,MARK E THACKER,0
Duchesne,TA11:TR,School Board District #,5,,MARK E THACKER,24
Duchesne,TA12:TR,School Board District #,5,,MARK E THACKER,40
Duchesne,AB11,School Board District #,5,,Write-ins,0
Duchesne,AB11:CWNR,School Board District #,5,,Write-ins,0
Duchesne,AB11:CWUR,School Board District #,5,,Write-ins,0
Duchesne,AB11:UR,School Board District #,5,,Write-ins,0
Duchesne,AB11:UWUR,School Board District #,5,,Write-ins,0
Duchesne,AL12:UR,School Board District #,5,,Write-ins,0
Duchesne,AR11:CWUR,School Board District #,5,,Write-ins,0
Duchesne,AR11:DWGR,School Board District #,5,,Write-ins,0
Duchesne,AR11:DWUR,School Board District #,5,,Write-ins,0
Duchesne,AR11:GR,School Board District #,5,,Write-ins,0
Duchesne,AR11:J1UR,School Board District #,5,,Write-ins,0
Duchesne,AR11:UR,School Board District #,5,,Write-ins,0
Duchesne,AR11:UWUR,School Board District #,5,,Write-ins,0
Duchesne,MH11,School Board District #,5,,Write-ins,0
Duchesne,MH11:DWGR,School Board District #,5,,Write-ins,0
Duchesne,MH11:GR,School Board District #,5,,Write-ins,0
Duchesne,MH11:TR,School Board District #,5,,Write-ins,0
Duchesne,MH11:UR,School Board District #,5,,Write-ins,0
Duchesne,MH11:UWUR,School Board District #,5,,Write-ins,0
Duchesne,TA11,School Board District #,5,,Write-ins,0
Duchesne,TA11:FWTR,School Board District #,5,,Write-ins,0
Duchesne,TA11:HWTR,School Board District #,5,,Write-ins,0
Duchesne,TA11:PWTR,School Board District #,5,,Write-ins,0
Duchesne,TA11:TR,School Board District #,5,,Write-ins,0
Duchesne,TA12:TR,School Board District #,5,,Write-ins,0
Duchesne,AB11,School Board District #,5,,Write-ins,5
Duchesne,AB11:CWNR,School Board District #,5,,Write-ins,0
Duchesne,AB11:CWUR,School Board District #,5,,Write-ins,0
Duchesne,AB11:UR,School Board District #,5,,Write-ins,0
Duchesne,AB11:UWUR,School Board District #,5,,Write-ins,99
Duchesne,AL12:UR,School Board District #,5,,Write-ins,33
Duchesne,AR11:CWUR,School Board District #,5,,Write-ins,0
Duchesne,AR11:DWGR,School Board District #,5,,Write-ins,4
Duchesne,AR11:DWUR,School Board District #,5,,Write-ins,7
Duchesne,AR11:GR,School Board District #,5,,Write-ins,0
Duchesne,AR11:J1UR,School Board District #,5,,Write-ins,16
Duchesne,AR11:UR,School Board District #,5,,Write-ins,5
Duchesne,AR11:UWUR,School Board District #,5,,Write-ins,51
Duchesne,MH11,School Board District #,5,,Write-ins,0
Duchesne,MH11:DWGR,School Board District #,5,,Write-ins,0
Duchesne,MH11:GR,School Board District #,5,,Write-ins,1
Duchesne,MH11:TR,School Board District #,5,,Write-ins,0
Duchesne,MH11:UR,School Board District #,5,,Write-ins,10
Duchesne,MH11:UWUR,School Board District #,5,,Write-ins,69
Duchesne,TA11,School Board District #,5,,Write-ins,0
Duchesne,TA11:FWTR,School Board District #,5,,Write-ins,0
Duchesne,TA11:HWTR,School Board District #,5,,Write-ins,55
Duchesne,TA11:PWTR,School Board District #,5,,Write-ins,0
Duchesne,TA11:TR,School Board District #,5,,Write-ins,3
Duchesne,TA12:TR,School Board District #,5,,Write-ins,24
Duchesne,AB11,Shall MATTHEW B. DURRANT be retained in the office of Justice of the Supreme Court of Utah?,,,YES,16
Duchesne,AB11:CWNR,Shall MATTHEW B. DURRANT be retained in the office of Justice of the Supreme Court of Utah?,,,YES,0
Duchesne,AB11:CWUR,Shall MATTHEW B. DURRANT be retained in the office of Justice of the Supreme Court of Utah?,,,YES,0
Duchesne,AB11:UR,Shall MATTHEW B. DURRANT be retained in the office of Justice of the Supreme Court of Utah?,,,YES,0
Duchesne,AB11:UWUR,Shall MATTHEW B. DURRANT be retained in the office of Justice of the Supreme Court of Utah?,,,YES,286
Duchesne,AL12:UR,Shall MATTHEW B. DURRANT be retained in the office of Justice of the Supreme Court of Utah?,,,YES,96
Duchesne,AM11,Shall MATTHEW B. DURRANT be retained in the office of Justice of the Supreme Court of Utah?,,,YES,29
Duchesne,AM11:DW,Shall MATTHEW B. DURRANT be retained in the office of Justice of the Supreme Court of Utah?,,,YES,26
Duchesne,AM11:DWUR,Shall MATTHEW B. DURRANT be retained in the office of Justice of the Supreme Court of Utah?,,,YES,0
Duchesne,AM11:GR,Shall MATTHEW B. DURRANT be retained in the office of Justice of the Supreme Court of Utah?,,,YES,0
Duchesne,AM11:JW1,Shall MATTHEW B. DURRANT be retained in the office of Justice of the Supreme Court of Utah?,,,YES,9
Duchesne,AM11:JW3,Shall MATTHEW B. DURRANT be retained in the office of Justice of the Supreme Court of Utah?,,,YES,69
Duchesne,AM11:JW4,Shall MATTHEW B. DURRANT be retained in the office of Justice of the Supreme Court of Utah?,,,YES,91
Duchesne,AR11:CWUR,Shall MATTHEW B. DURRANT be retained in the office of Justice of the Supreme Court of Utah?,,,YES,0
Duchesne,AR11:DWGR,Shall MATTHEW B. DURRANT be retained in the office of Justice of the Supreme Court of Utah?,,,YES,28
Duchesne,AR11:DWUR,Shall MATTHEW B. DURRANT be retained in the office of Justice of the Supreme Court of Utah?,,,YES,31
Duchesne,AR11:GR,Shall MATTHEW B. DURRANT be retained in the office of Justice of the Supreme Court of Utah?,,,YES,0
Duchesne,AR11:J1UR,Shall MATTHEW B. DURRANT be retained in the office of Justice of the Supreme Court of Utah?,,,YES,69
Duchesne,AR11:UR,Shall MATTHEW B. DURRANT be retained in the office of Justice of the Supreme Court of Utah?,,,YES,20
Duchesne,AR11:UWUR,Shall MATTHEW B. DURRANT be retained in the office of Justice of the Supreme Court of Utah?,,,YES,106
Duchesne,DU11,Shall MATTHEW B. DURRANT be retained in the office of Justice of the Supreme Court of Utah?,,,YES,0
Duchesne,DU11:DW,Shall MATTHEW B. DURRANT be retained in the office of Justice of the Supreme Court of Utah?,,,YES,0
Duchesne,DU11:DWGR,Shall MATTHEW B. DURRANT be retained in the office of Justice of the Supreme Court of Utah?,,,YES,318
Duchesne,DU11:GR,Shall MATTHEW B. DURRANT be retained in the office of Justice of the Supreme Court of Utah?,,,YES,110
Duchesne,DU11:PWGR,Shall MATTHEW B. DURRANT be retained in the office of Justice of the Supreme Court of Utah?,,,YES,35
Duchesne,DU11:PWTR,Shall MATTHEW B. DURRANT be retained in the office of Justice of the Supreme Court of Utah?,,,YES,0
Duchesne,DU11:TR,Shall MATTHEW B. DURRANT be retained in the office of Justice of the Supreme Court of Utah?,,,YES,0
Duchesne,DU12:DWGR,Shall MATTHEW B. DURRANT be retained in the office of Justice of the Supreme Court of Utah?,,,YES,13
Duchesne,DU12:GR,Shall MATTHEW B. DURRANT be retained in the office of Justice of the Supreme Court of Utah?,,,YES,531
Duchesne,FR11:FWGR,Shall MATTHEW B. DURRANT be retained in the office of Justice of the Supreme Court of Utah?,,,YES,149
Duchesne,FR11:GR,Shall MATTHEW B. DURRANT be retained in the office of Justice of the Supreme Court of Utah?,,,YES,27
Duchesne,FR11:HWTR,Shall MATTHEW B. DURRANT be retained in the office of Justice of the Supreme Court of Utah?,,,YES,0
Duchesne,FR11:PWGR,Shall MATTHEW B. DURRANT be retained in the office of Justice of the Supreme Court of Utah?,,,YES,77
Duchesne,FR11:PWTR,Shall MATTHEW B. DURRANT be retained in the office of Justice of the Supreme Court of Utah?,,,YES,0
Duchesne,FR11:TR,Shall MATTHEW B. DURRANT be retained in the office of Justice of the Supreme Court of Utah?,,,YES,0
Duchesne,MH11,Shall MATTHEW B. DURRANT be retained in the office of Justice of the Supreme Court of Utah?,,,YES,0
Duchesne,MH11:DWGR,Shall MATTHEW B. DURRANT be retained in the office of Justice of the Supreme Court of Utah?,,,YES,13
Duchesne,MH11:GR,Shall MATTHEW B. DURRANT be retained in the office of Justice of the Supreme Court of Utah?,,,YES,15
Duchesne,MH11:TR,Shall MATTHEW B. DURRANT be retained in the office of Justice of the Supreme Court of Utah?,,,YES,0
Duchesne,MH11:UR,Shall MATTHEW B. DURRANT be retained in the office of Justice of the Supreme Court of Utah?,,,YES,58
Duchesne,MH11:UWUR,Shall MATTHEW B. DURRANT be retained in the office of Justice of the Supreme Court of Utah?,,,YES,280
Duchesne,MY12,Shall MATTHEW B. DURRANT be retained in the office of Justice of the Supreme Court of Utah?,,,YES,122
Duchesne,MY12:JW1,Shall MATTHEW B. DURRANT be retained in the office of Justice of the Supreme Court of Utah?,,,YES,0
Duchesne,MY12:JW4,Shall MATTHEW B. DURRANT be retained in the office of Justice of the Supreme Court of Utah?,,,YES,0
Duchesne,NE11,Shall MATTHEW B. DURRANT be retained in the office of Justice of the Supreme Court of Utah?,,,YES,23
Duchesne,NE11:CW,Shall MATTHEW B. DURRANT be retained in the office of Justice of the Supreme Court of Utah?,,,YES,102
Duchesne,NE11:CWNR,Shall MATTHEW B. DURRANT be retained in the office of Justice of the Supreme Court of Utah?,,,YES,330
Duchesne,NE11:NR,Shall MATTHEW B. DURRANT be retained in the office of Justice of the Supreme Court of Utah?,,,YES,53
Duchesne,NE11:NW,Shall MATTHEW B. DURRANT be retained in the office of Justice of the Supreme Court of Utah?,,,YES,21
Duchesne,NE11:NWNR,Shall MATTHEW B. DURRANT be retained in the office of Justice of the Supreme Court of Utah?,,,YES,181
Duchesne,NE11:UR,Shall MATTHEW B. DURRANT be retained in the office of Justice of the Supreme Court of Utah?,,,YES,0
Duchesne,RO11:S3J2,Shall MATTHEW B. DURRANT be retained in the office of Justice of the Supreme Court of Utah?,,,YES,0
Duchesne,RO11:SBD2,Shall MATTHEW B. DURRANT be retained in the office of Justice of the Supreme Court of Utah?,,,YES,42
Duchesne,RO11:SBD3,Shall MATTHEW B. DURRANT be retained in the office of Justice of the Supreme Court of Utah?,,,YES,0
Duchesne,RO12,Shall MATTHEW B. DURRANT be retained in the office of Justice of the Supreme Court of Utah?,,,YES,339
Duchesne,RO12:JW2,Shall MATTHEW B. DURRANT be retained in the office of Justice of the Supreme Court of Utah?,,,YES,113
Duchesne,RO21,Shall MATTHEW B. DURRANT be retained in the office of Justice of the Supreme Court of Utah?,,,YES,129
Duchesne,RO21:CW,Shall MATTHEW B. DURRANT be retained in the office of Justice of the Supreme Court of Utah?,,,YES,23
Duchesne,RO22,Shall MATTHEW B. DURRANT be retained in the office of Justice of the Supreme Court of Utah?,,,YES,559
Duchesne,RO31,Shall MATTHEW B. DURRANT be retained in the office of Justice of the Supreme Court of Utah?,,,YES,87
Duchesne,RO32,Shall MATTHEW B. DURRANT be retained in the office of Justice of the Supreme Court of Utah?,,,YES,374
Duchesne,RO32:JW1,Shall MATTHEW B. DURRANT be retained in the office of Justice of the Supreme Court of Utah?,,,YES,0
Duchesne,RO32:JW2,Shall MATTHEW B. DURRANT be retained in the office of Justice of the Supreme Court of Utah?,,,YES,0
Duchesne,RO41,Shall MATTHEW B. DURRANT be retained in the office of Justice of the Supreme Court of Utah?,,,YES,278
Duchesne,RO41:CW,Shall MATTHEW B. DURRANT be retained in the office of Justice of the Supreme Court of Utah?,,,YES,16
Duchesne,RO42,Shall MATTHEW B. DURRANT be retained in the office of Justice of the Supreme Court of Utah?,,,YES,349
Duchesne,RO51,Shall MATTHEW B. DURRANT be retained in the office of Justice of the Supreme Court of Utah?,,,YES,7
Duchesne,RO51:CW,Shall MATTHEW B. DURRANT be retained in the office of Justice of the Supreme Court of Utah?,,,YES,0
Duchesne,RO51:DWUR,Shall MATTHEW B. DURRANT be retained in the office of Justice of the Supreme Court of Utah?,,,YES,0
Duchesne,RO51:J1UR,Shall MATTHEW B. DURRANT be retained in the office of Justice of the Supreme Court of Utah?,,,YES,0
Duchesne,RO51:JW1,Shall MATTHEW B. DURRANT be retained in the office of Justice of the Supreme Court of Utah?,,,YES,120
Duchesne,RO51:JW2,Shall MATTHEW B. DURRANT be retained in the office of Justice of the Supreme Court of Utah?,,,YES,133
Duchesne,RO51:JW3,Shall MATTHEW B. DURRANT be retained in the office of Justice of the Supreme Court of Utah?,,,YES,76
Duchesne,RO51:UR,Shall MATTHEW B. DURRANT be retained in the office of Justice of the Supreme Court of Utah?,,,YES,0
Duchesne,TA11,Shall MATTHEW B. DURRANT be retained in the office of Justice of the Supreme Court of Utah?,,,YES,0
Duchesne,TA11:FWTR,Shall MATTHEW B. DURRANT be retained in the office of Justice of the Supreme Court of Utah?,,,YES,0
Duchesne,TA11:HWTR,Shall MATTHEW B. DURRANT be retained in the office of Justice of the Supreme Court of Utah?,,,YES,179
Duchesne,TA11:PWTR,Shall MATTHEW B. DURRANT be retained in the office of Justice of the Supreme Court of Utah?,,,YES,0
Duchesne,TA11:TR,Shall MATTHEW B. DURRANT be retained in the office of Justice of the Supreme Court of Utah?,,,YES,25
Duchesne,TA12:TR,Shall MATTHEW B. DURRANT be retained in the office of Justice of the Supreme Court of Utah?,,,YES,52
Duchesne,AB11,Shall MATTHEW B. DURRANT be retained in the office of Justice of the Supreme Court of Utah?,,,NO,2
Duchesne,AB11:CWNR,Shall MATTHEW B. DURRANT be retained in the office of Justice of the Supreme Court of Utah?,,,NO,0
Duchesne,AB11:CWUR,Shall MATTHEW B. DURRANT be retained in the office of Justice of the Supreme Court of Utah?,,,NO,0
Duchesne,AB11:UR,Shall MATTHEW B. DURRANT be retained in the office of Justice of the Supreme Court of Utah?,,,NO,0
Duchesne,AB11:UWUR,Shall MATTHEW B. DURRANT be retained in the office of Justice of the Supreme Court of Utah?,,,NO,49
Duchesne,AL12:UR,Shall MATTHEW B. DURRANT be retained in the office of Justice of the Supreme Court of Utah?,,,NO,5
Duchesne,AM11,Shall MATTHEW B. DURRANT be retained in the office of Justice of the Supreme Court of Utah?,,,NO,10
Duchesne,AM11:DW,Shall MATTHEW B. DURRANT be retained in the office of Justice of the Supreme Court of Utah?,,,NO,5
Duchesne,AM11:DWUR,Shall MATTHEW B. DURRANT be retained in the office of Justice of the Supreme Court of Utah?,,,NO,0
Duchesne,AM11:GR,Shall MATTHEW B. DURRANT be retained in the office of Justice of the Supreme Court of Utah?,,,NO,0
Duchesne,AM11:JW1,Shall MATTHEW B. DURRANT be retained in the office of Justice of the Supreme Court of Utah?,,,NO,8
Duchesne,AM11:JW3,Shall MATTHEW B. DURRANT be retained in the office of Justice of the Supreme Court of Utah?,,,NO,18
Duchesne,AM11:JW4,Shall MATTHEW B. DURRANT be retained in the office of Justice of the Supreme Court of Utah?,,,NO,19
Duchesne,AR11:CWUR,Shall MATTHEW B. DURRANT be retained in the office of Justice of the Supreme Court of Utah?,,,NO,0
Duchesne,AR11:DWGR,Shall MATTHEW B. DURRANT be retained in the office of Justice of the Supreme Court of Utah?,,,NO,3
Duchesne,AR11:DWUR,Shall MATTHEW B. DURRANT be retained in the office of Justice of the Supreme Court of Utah?,,,NO,6
Duchesne,AR11:GR,Shall MATTHEW B. DURRANT be retained in the office of Justice of the Supreme Court of Utah?,,,NO,0
Duchesne,AR11:J1UR,Shall MATTHEW B. DURRANT be retained in the office of Justice of the Supreme Court of Utah?,,,NO,11
Duchesne,AR11:UR,Shall MATTHEW B. DURRANT be retained in the office of Justice of the Supreme Court of Utah?,,,NO,7
Duchesne,AR11:UWUR,Shall MATTHEW B. DURRANT be retained in the office of Justice of the Supreme Court of Utah?,,,NO,23
Duchesne,DU11,Shall MATTHEW B. DURRANT be retained in the office of Justice of the Supreme Court of Utah?,,,NO,0
Duchesne,DU11:DW,Shall MATTHEW B. DURRANT be retained in the office of Justice of the Supreme Court of Utah?,,,NO,0
Duchesne,DU11:DWGR,Shall MATTHEW B. DURRANT be retained in the office of Justice of the Supreme Court of Utah?,,,NO,72
Duchesne,DU11:GR,Shall MATTHEW B. DURRANT be retained in the office of Justice of the Supreme Court of Utah?,,,NO,18
Duchesne,DU11:PWGR,Shall MATTHEW B. DURRANT be retained in the office of Justice of the Supreme Court of Utah?,,,NO,16
Duchesne,DU11:PWTR,Shall MATTHEW B. DURRANT be retained in the office of Justice of the Supreme Court of Utah?,,,NO,0
Duchesne,DU11:TR,Shall MATTHEW B. DURRANT be retained in the office of Justice of the Supreme Court of Utah?,,,NO,0
Duchesne,DU12:DWGR,Shall MATTHEW B. DURRANT be retained in the office of Justice of the Supreme Court of Utah?,,,NO,1
Duchesne,DU12:GR,Shall MATTHEW B. DURRANT be retained in the office of Justice of the Supreme Court of Utah?,,,NO,98
Duchesne,FR11:FWGR,Shall MATTHEW B. DURRANT be retained in the office of Justice of the Supreme Court of Utah?,,,NO,59
Duchesne,FR11:GR,Shall MATTHEW B. DURRANT be retained in the office of Justice of the Supreme Court of Utah?,,,NO,8
Duchesne,FR11:HWTR,Shall MATTHEW B. DURRANT be retained in the office of Justice of the Supreme Court of Utah?,,,NO,0
Duchesne,FR11:PWGR,Shall MATTHEW B. DURRANT be retained in the office of Justice of the Supreme Court of Utah?,,,NO,28
Duchesne,FR11:PWTR,Shall MATTHEW B. DURRANT be retained in the office of Justice of the Supreme Court of Utah?,,,NO,0
Duchesne,FR11:TR,Shall MATTHEW B. DURRANT be retained in the office of Justice of the Supreme Court of Utah?,,,NO,0
Duchesne,MH11,Shall MATTHEW B. DURRANT be retained in the office of Justice of the Supreme Court of Utah?,,,NO,0
Duchesne,MH11:DWGR,Shall MATTHEW B. DURRANT be retained in the office of Justice of the Supreme Court of Utah?,,,NO,2
Duchesne,MH11:GR,Shall MATTHEW B. DURRANT be retained in the office of Justice of the Supreme Court of Utah?,,,NO,3
Duchesne,MH11:TR,Shall MATTHEW B. DURRANT be retained in the office of Justice of the Supreme Court of Utah?,,,NO,0
Duchesne,MH11:UR,Shall MATTHEW B. DURRANT be retained in the office of Justice of the Supreme Court of Utah?,,,NO,21
Duchesne,MH11:UWUR,Shall MATTHEW B. DURRANT be retained in the office of Justice of the Supreme Court of Utah?,,,NO,46
Duchesne,MY12,Shall MATTHEW B. DURRANT be retained in the office of Justice of the Supreme Court of Utah?,,,NO,32
Duchesne,MY12:JW1,Shall MATTHEW B. DURRANT be retained in the office of Justice of the Supreme Court of Utah?,,,NO,0
Duchesne,MY12:JW4,Shall MATTHEW B. DURRANT be retained in the office of Justice of the Supreme Court of Utah?,,,NO,0
Duchesne,NE11,Shall MATTHEW B. DURRANT be retained in the office of Justice of the Supreme Court of Utah?,,,NO,8
Duchesne,NE11:CW,Shall MATTHEW B. DURRANT be retained in the office of Justice of the Supreme Court of Utah?,,,NO,18
Duchesne,NE11:CWNR,Shall MATTHEW B. DURRANT be retained in the office of Justice of the Supreme Court of Utah?,,,NO,63
Duchesne,NE11:NR,Shall MATTHEW B. DURRANT be retained in the office of Justice of the Supreme Court of Utah?,,,NO,14
Duchesne,NE11:NW,Shall MATTHEW B. DURRANT be retained in the office of Justice of the Supreme Court of Utah?,,,NO,11
Duchesne,NE11:NWNR,Shall MATTHEW B. DURRANT be retained in the office of Justice of the Supreme Court of Utah?,,,NO,38
Duchesne,NE11:UR,Shall MATTHEW B. DURRANT be retained in the office of Justice of the Supreme Court of Utah?,,,NO,0
Duchesne,RO11:S3J2,Shall MATTHEW B. DURRANT be retained in the office of Justice of the Supreme Court of Utah?,,,NO,0
Duchesne,RO11:SBD2,Shall MATTHEW B. DURRANT be retained in the office of Justice of the Supreme Court of Utah?,,,NO,4
Duchesne,RO11:SBD3,Shall MATTHEW B. DURRANT be retained in the office of Justice of the Supreme Court of Utah?,,,NO,0
Duchesne,RO12,Shall MATTHEW B. DURRANT be retained in the office of Justice of the Supreme Court of Utah?,,,NO,101
Duchesne,RO12:JW2,Shall MATTHEW B. DURRANT be retained in the office of Justice of the Supreme Court of Utah?,,,NO,18
Duchesne,RO21,Shall MATTHEW B. DURRANT be retained in the office of Justice of the Supreme Court of Utah?,,,NO,35
Duchesne,RO21:CW,Shall MATTHEW B. DURRANT be retained in the office of Justice of the Supreme Court of Utah?,,,NO,1
Duchesne,RO22,Shall MATTHEW B. DURRANT be retained in the office of Justice of the Supreme Court of Utah?,,,NO,116
Duchesne,RO31,Shall MATTHEW B. DURRANT be retained in the office of Justice of the Supreme Court of Utah?,,,NO,26
Duchesne,RO32,Shall MATTHEW B. DURRANT be retained in the office of Justice of the Supreme Court of Utah?,,,NO,69
Duchesne,RO32:JW1,Shall MATTHEW B. DURRANT be retained in the office of Justice of the Supreme Court of Utah?,,,NO,0
Duchesne,RO32:JW2,Shall MATTHEW B. DURRANT be retained in the office of Justice of the Supreme Court of Utah?,,,NO,0
Duchesne,RO41,Shall MATTHEW B. DURRANT be retained in the office of Justice of the Supreme Court of Utah?,,,NO,37
Duchesne,RO41:CW,Shall MATTHEW B. DURRANT be retained in the office of Justice of the Supreme Court of Utah?,,,NO,2
Duchesne,RO42,Shall MATTHEW B. DURRANT be retained in the office of Justice of the Supreme Court of Utah?,,,NO,65
Duchesne,RO51,Shall MATTHEW B. DURRANT be retained in the office of Justice of the Supreme Court of Utah?,,,NO,7
Duchesne,RO51:CW,Shall MATTHEW B. DURRANT be retained in the office of Justice of the Supreme Court of Utah?,,,NO,0
Duchesne,RO51:DWUR,Shall MATTHEW B. DURRANT be retained in the office of Justice of the Supreme Court of Utah?,,,NO,0
Duchesne,RO51:J1UR,Shall MATTHEW B. DURRANT be retained in the office of Justice of the Supreme Court of Utah?,,,NO,0
Duchesne,RO51:JW1,Shall MATTHEW B. DURRANT be retained in the office of Justice of the Supreme Court of Utah?,,,NO,18
Duchesne,RO51:JW2,Shall MATTHEW B. DURRANT be retained in the office of Justice of the Supreme Court of Utah?,,,NO,29
Duchesne,RO51:JW3,Shall MATTHEW B. DURRANT be retained in the office of Justice of the Supreme Court of Utah?,,,NO,17
Duchesne,RO51:UR,Shall MATTHEW B. DURRANT be retained in the office of Justice of the Supreme Court of Utah?,,,NO,0
Duchesne,TA11,Shall MATTHEW B. DURRANT be retained in the office of Justice of the Supreme Court of Utah?,,,NO,0
Duchesne,TA11:FWTR,Shall MATTHEW B. DURRANT be retained in the office of Justice of the Supreme Court of Utah?,,,NO,0
Duchesne,TA11:HWTR,Shall MATTHEW B. DURRANT be retained in the office of Justice of the Supreme Court of Utah?,,,NO,42
Duchesne,TA11:PWTR,Shall MATTHEW B. DURRANT be retained in the office of Justice of the Supreme Court of Utah?,,,NO,0
Duchesne,TA11:TR,Shall MATTHEW B. DURRANT be retained in the office of Justice of the Supreme Court of Utah?,,,NO,6
Duchesne,TA12:TR,Shall MATTHEW B. DURRANT be retained in the office of Justice of the Supreme Court of Utah?,,,NO,17
Duchesne,AB11,Shall RYAN D. TENNEY be retained in the office of Judge of the Court of Appeals of Utah?,,,YES,15
Duchesne,AB11:CWNR,Shall RYAN D. TENNEY be retained in the office of Judge of the Court of Appeals of Utah?,,,YES,0
Duchesne,AB11:CWUR,Shall RYAN D. TENNEY be retained in the office of Judge of the Court of Appeals of Utah?,,,YES,0
Duchesne,AB11:UR,Shall RYAN D. TENNEY be retained in the office of Judge of the Court of Appeals of Utah?,,,YES,0
Duchesne,AB11:UWUR,Shall RYAN D. TENNEY be retained in the office of Judge of the Court of Appeals of Utah?,,,YES,289
Duchesne,AL12:UR,Shall RYAN D. TENNEY be retained in the office of Judge of the Court of Appeals of Utah?,,,YES,95
Duchesne,AM11,Shall RYAN D. TENNEY be retained in the office of Judge of the Court of Appeals of Utah?,,,YES,28
Duchesne,AM11:DW,Shall RYAN D. TENNEY be retained in the office of Judge of the Court of Appeals of Utah?,,,YES,26
Duchesne,AM11:DWUR,Shall RYAN D. TENNEY be retained in the office of Judge of the Court of Appeals of Utah?,,,YES,0
Duchesne,AM11:GR,Shall RYAN D. TENNEY be retained in the office of Judge of the Court of Appeals of Utah?,,,YES,0
Duchesne,AM11:JW1,Shall RYAN D. TENNEY be retained in the office of Judge of the Court of Appeals of Utah?,,,YES,8
Duchesne,AM11:JW3,Shall RYAN D. TENNEY be retained in the office of Judge of the Court of Appeals of Utah?,,,YES,70
Duchesne,AM11:JW4,Shall RYAN D. TENNEY be retained in the office of Judge of the Court of Appeals of Utah?,,,YES,91
Duchesne,AR11:CWUR,Shall RYAN D. TENNEY be retained in the office of Judge of the Court of Appeals of Utah?,,,YES,0
Duchesne,AR11:DWGR,Shall RYAN D. TENNEY be retained in the office of Judge of the Court of Appeals of Utah?,,,YES,28
Duchesne,AR11:DWUR,Shall RYAN D. TENNEY be retained in the office of Judge of the Court of Appeals of Utah?,,,YES,32
Duchesne,AR11:GR,Shall RYAN D. TENNEY be retained in the office of Judge of the Court of Appeals of Utah?,,,YES,0
Duchesne,AR11:J1UR,Shall RYAN D. TENNEY be retained in the office of Judge of the Court of Appeals of Utah?,,,YES,68
Duchesne,AR11:UR,Shall RYAN D. TENNEY be retained in the office of Judge of the Court of Appeals of Utah?,,,YES,17
Duchesne,AR11:UWUR,Shall RYAN D. TENNEY be retained in the office of Judge of the Court of Appeals of Utah?,,,YES,108
Duchesne,DU11,Shall RYAN D. TENNEY be retained in the office of Judge of the Court of Appeals of Utah?,,,YES,0
Duchesne,DU11:DW,Shall RYAN D. TENNEY be retained in the office of Judge of the Court of Appeals of Utah?,,,YES,0
Duchesne,DU11:DWGR,Shall RYAN D. TENNEY be retained in the office of Judge of the Court of Appeals of Utah?,,,YES,319
Duchesne,DU11:GR,Shall RYAN D. TENNEY be retained in the office of Judge of the Court of Appeals of Utah?,,,YES,113
Duchesne,DU11:PWGR,Shall RYAN D. TENNEY be retained in the office of Judge of the Court of Appeals of Utah?,,,YES,41
Duchesne,DU11:PWTR,Shall RYAN D. TENNEY be retained in the office of Judge of the Court of Appeals of Utah?,,,YES,0
Duchesne,DU11:TR,Shall RYAN D. TENNEY be retained in the office of Judge of the Court of Appeals of Utah?,,,YES,0
Duchesne,DU12:DWGR,Shall RYAN D. TENNEY be retained in the office of Judge of the Court of Appeals of Utah?,,,YES,13
Duchesne,DU12:GR,Shall RYAN D. TENNEY be retained in the office of Judge of the Court of Appeals of Utah?,,,YES,521
Duchesne,FR11:FWGR,Shall RYAN D. TENNEY be retained in the office of Judge of the Court of Appeals of Utah?,,,YES,146
Duchesne,FR11:GR,Shall RYAN D. TENNEY be retained in the office of Judge of the Court of Appeals of Utah?,,,YES,27
Duchesne,FR11:HWTR,Shall RYAN D. TENNEY be retained in the office of Judge of the Court of Appeals of Utah?,,,YES,0
Duchesne,FR11:PWGR,Shall RYAN D. TENNEY be retained in the office of Judge of the Court of Appeals of Utah?,,,YES,75
Duchesne,FR11:PWTR,Shall RYAN D. TENNEY be retained in the office of Judge of the Court of Appeals of Utah?,,,YES,0
Duchesne,FR11:TR,Shall RYAN D. TENNEY be retained in the office of Judge of the Court of Appeals of Utah?,,,YES,0
Duchesne,MH11,Shall RYAN D. TENNEY be retained in the office of Judge of the Court of Appeals of Utah?,,,YES,0
Duchesne,MH11:DWGR,Shall RYAN D. TENNEY be retained in the office of Judge of the Court of Appeals of Utah?,,,YES,13
Duchesne,MH11:GR,Shall RYAN D. TENNEY be retained in the office of Judge of the Court of Appeals of Utah?,,,YES,15
Duchesne,MH11:TR,Shall RYAN D. TENNEY be retained in the office of Judge of the Court of Appeals of Utah?,,,YES,0
Duchesne,MH11:UR,Shall RYAN D. TENNEY be retained in the office of Judge of the Court of Appeals of Utah?,,,YES,57
Duchesne,MH11:UWUR,Shall RYAN D. TENNEY be retained in the office of Judge of the Court of Appeals of Utah?,,,YES,280
Duchesne,MY12,Shall RYAN D. TENNEY be retained in the office of Judge of the Court of Appeals of Utah?,,,YES,122
Duchesne,MY12:JW1,Shall RYAN D. TENNEY be retained in the office of Judge of the Court of Appeals of Utah?,,,YES,0
Duchesne,MY12:JW4,Shall RYAN D. TENNEY be retained in the office of Judge of the Court of Appeals of Utah?,,,YES,0
Duchesne,NE11,Shall RYAN D. TENNEY be retained in the office of Judge of the Court of Appeals of Utah?,,,YES,23
Duchesne,NE11:CW,Shall RYAN D. TENNEY be retained in the office of Judge of the Court of Appeals of Utah?,,,YES,103
Duchesne,NE11:CWNR,Shall RYAN D. TENNEY be retained in the office of Judge of the Court of Appeals of Utah?,,,YES,336
Duchesne,NE11:NR,Shall RYAN D. TENNEY be retained in the office of Judge of the Court of Appeals of Utah?,,,YES,54
Duchesne,NE11:NW,Shall RYAN D. TENNEY be retained in the office of Judge of the Court of Appeals of Utah?,,,YES,21
Duchesne,NE11:NWNR,Shall RYAN D. TENNEY be retained in the office of Judge of the Court of Appeals of Utah?,,,YES,176
Duchesne,NE11:UR,Shall RYAN D. TENNEY be retained in the office of Judge of the Court of Appeals of Utah?,,,YES,0
Duchesne,RO11:S3J2,Shall RYAN D. TENNEY be retained in the office of Judge of the Court of Appeals of Utah?,,,YES,0
Duchesne,RO11:SBD2,Shall RYAN D. TENNEY be retained in the office of Judge of the Court of Appeals of Utah?,,,YES,42
Duchesne,RO11:SBD3,Shall RYAN D. TENNEY be retained in the office of Judge of the Court of Appeals of Utah?,,,YES,0
Duchesne,RO12,Shall RYAN D. TENNEY be retained in the office of Judge of the Court of Appeals of Utah?,,,YES,327
Duchesne,RO12:JW2,Shall RYAN D. TENNEY be retained in the office of Judge of the Court of Appeals of Utah?,,,YES,109
Duchesne,RO21,Shall RYAN D. TENNEY be retained in the office of Judge of the Court of Appeals of Utah?,,,YES,127
Duchesne,RO21:CW,Shall RYAN D. TENNEY be retained in the office of Judge of the Court of Appeals of Utah?,,,YES,23
Duchesne,RO22,Shall RYAN D. TENNEY be retained in the office of Judge of the Court of Appeals of Utah?,,,YES,558
Duchesne,RO31,Shall RYAN D. TENNEY be retained in the office of Judge of the Court of Appeals of Utah?,,,YES,90
Duchesne,RO32,Shall RYAN D. TENNEY be retained in the office of Judge of the Court of Appeals of Utah?,,,YES,370
Duchesne,RO32:JW1,Shall RYAN D. TENNEY be retained in the office of Judge of the Court of Appeals of Utah?,,,YES,0
Duchesne,RO32:JW2,Shall RYAN D. TENNEY be retained in the office of Judge of the Court of Appeals of Utah?,,,YES,0
Duchesne,RO41,Shall RYAN D. TENNEY be retained in the office of Judge of the Court of Appeals of Utah?,,,YES,275
Duchesne,RO41:CW,Shall RYAN D. TENNEY be retained in the office of Judge of the Court of Appeals of Utah?,,,YES,16
Duchesne,RO42,Shall RYAN D. TENNEY be retained in the office of Judge of the Court of Appeals of Utah?,,,YES,354
Duchesne,RO51,Shall RYAN D. TENNEY be retained in the office of Judge of the Court of Appeals of Utah?,,,YES,7
Duchesne,RO51:CW,Shall RYAN D. TENNEY be retained in the office of Judge of the Court of Appeals of Utah?,,,YES,0
Duchesne,RO51:DWUR,Shall RYAN D. TENNEY be retained in the office of Judge of the Court of Appeals of Utah?,,,YES,0
Duchesne,RO51:J1UR,Shall RYAN D. TENNEY be retained in the office of Judge of the Court of Appeals of Utah?,,,YES,0
Duchesne,RO51:JW1,Shall RYAN D. TENNEY be retained in the office of Judge of the Court of Appeals of Utah?,,,YES,114
Duchesne,RO51:JW2,Shall RYAN D. TENNEY be retained in the office of Judge of the Court of Appeals of Utah?,,,YES,138
Duchesne,RO51:JW3,Shall RYAN D. TENNEY be retained in the office of Judge of the Court of Appeals of Utah?,,,YES,75
Duchesne,RO51:UR,Shall RYAN D. TENNEY be retained in the office of Judge of the Court of Appeals of Utah?,,,YES,0
Duchesne,TA11,Shall RYAN D. TENNEY be retained in the office of Judge of the Court of Appeals of Utah?,,,YES,0
Duchesne,TA11:FWTR,Shall RYAN D. TENNEY be retained in the office of Judge of the Court of Appeals of Utah?,,,YES,0
Duchesne,TA11:HWTR,Shall RYAN D. TENNEY be retained in the office of Judge of the Court of Appeals of Utah?,,,YES,177
Duchesne,TA11:PWTR,Shall RYAN D. TENNEY be retained in the office of Judge of the Court of Appeals of Utah?,,,YES,0
Duchesne,TA11:TR,Shall RYAN D. TENNEY be retained in the office of Judge of the Court of Appeals of Utah?,,,YES,25
Duchesne,TA12:TR,Shall RYAN D. TENNEY be retained in the office of Judge of the Court of Appeals of Utah?,,,YES,51
Duchesne,AB11,Shall RYAN D. TENNEY be retained in the office of Judge of the Court of Appeals of Utah?,,,NO,3
Duchesne,AB11:CWNR,Shall RYAN D. TENNEY be retained in the office of Judge of the Court of Appeals of Utah?,,,NO,0
Duchesne,AB11:CWUR,Shall RYAN D. TENNEY be retained in the office of Judge of the Court of Appeals of Utah?,,,NO,0
Duchesne,AB11:UR,Shall RYAN D. TENNEY be retained in the office of Judge of the Court of Appeals of Utah?,,,NO,0
Duchesne,AB11:UWUR,Shall RYAN D. TENNEY be retained in the office of Judge of the Court of Appeals of Utah?,,,NO,46
Duchesne,AL12:UR,Shall RYAN D. TENNEY be retained in the office of Judge of the Court of Appeals of Utah?,,,NO,7
Duchesne,AM11,Shall RYAN D. TENNEY be retained in the office of Judge of the Court of Appeals of Utah?,,,NO,11
Duchesne,AM11:DW,Shall RYAN D. TENNEY be retained in the office of Judge of the Court of Appeals of Utah?,,,NO,5
Duchesne,AM11:DWUR,Shall RYAN D. TENNEY be retained in the office of Judge of the Court of Appeals of Utah?,,,NO,0
Duchesne,AM11:GR,Shall RYAN D. TENNEY be retained in the office of Judge of the Court of Appeals of Utah?,,,NO,0
Duchesne,AM11:JW1,Shall RYAN D. TENNEY be retained in the office of Judge of the Court of Appeals of Utah?,,,NO,9
Duchesne,AM11:JW3,Shall RYAN D. TENNEY be retained in the office of Judge of the Court of Appeals of Utah?,,,NO,17
Duchesne,AM11:JW4,Shall RYAN D. TENNEY be retained in the office of Judge of the Court of Appeals of Utah?,,,NO,19
Duchesne,AR11:CWUR,Shall RYAN D. TENNEY be retained in the office of Judge of the Court of Appeals of Utah?,,,NO,0
Duchesne,AR11:DWGR,Shall RYAN D. TENNEY be retained in the office of Judge of the Court of Appeals of Utah?,,,NO,3
Duchesne,AR11:DWUR,Shall RYAN D. TENNEY be retained in the office of Judge of the Court of Appeals of Utah?,,,NO,5
Duchesne,AR11:GR,Shall RYAN D. TENNEY be retained in the office of Judge of the Court of Appeals of Utah?,,,NO,0
Duchesne,AR11:J1UR,Shall RYAN D. TENNEY be retained in the office of Judge of the Court of Appeals of Utah?,,,NO,11
Duchesne,AR11:UR,Shall RYAN D. TENNEY be retained in the office of Judge of the Court of Appeals of Utah?,,,NO,6
Duchesne,AR11:UWUR,Shall RYAN D. TENNEY be retained in the office of Judge of the Court of Appeals of Utah?,,,NO,20
Duchesne,DU11,Shall RYAN D. TENNEY be retained in the office of Judge of the Court of Appeals of Utah?,,,NO,0
Duchesne,DU11:DW,Shall RYAN D. TENNEY be retained in the office of Judge of the Court of Appeals of Utah?,,,NO,0
Duchesne,DU11:DWGR,Shall RYAN D. TENNEY be retained in the office of Judge of the Court of Appeals of Utah?,,,NO,71
Duchesne,DU11:GR,Shall RYAN D. TENNEY be retained in the office of Judge of the Court of Appeals of Utah?,,,NO,17
Duchesne,DU11:PWGR,Shall RYAN D. TENNEY be retained in the office of Judge of the Court of Appeals of Utah?,,,NO,9
Duchesne,DU11:PWTR,Shall RYAN D. TENNEY be retained in the office of Judge of the Court of Appeals of Utah?,,,NO,0
Duchesne,DU11:TR,Shall RYAN D. TENNEY be retained in the office of Judge of the Court of Appeals of Utah?,,,NO,0
Duchesne,DU12:DWGR,Shall RYAN D. TENNEY be retained in the office of Judge of the Court of Appeals of Utah?,,,NO,1
Duchesne,DU12:GR,Shall RYAN D. TENNEY be retained in the office of Judge of the Court of Appeals of Utah?,,,NO,100
Duchesne,FR11:FWGR,Shall RYAN D. TENNEY be retained in the office of Judge of the Court of Appeals of Utah?,,,NO,60
Duchesne,FR11:GR,Shall RYAN D. TENNEY be retained in the office of Judge of the Court of Appeals of Utah?,,,NO,8
Duchesne,FR11:HWTR,Shall RYAN D. TENNEY be retained in the office of Judge of the Court of Appeals of Utah?,,,NO,0
Duchesne,FR11:PWGR,Shall RYAN D. TENNEY be retained in the office of Judge of the Court of Appeals of Utah?,,,NO,29
Duchesne,FR11:PWTR,Shall RYAN D. TENNEY be retained in the office of Judge of the Court of Appeals of Utah?,,,NO,0
Duchesne,FR11:TR,Shall RYAN D. TENNEY be retained in the office of Judge of the Court of Appeals of Utah?,,,NO,0
Duchesne,MH11,Shall RYAN D. TENNEY be retained in the office of Judge of the Court of Appeals of Utah?,,,NO,0
Duchesne,MH11:DWGR,Shall RYAN D. TENNEY be retained in the office of Judge of the Court of Appeals of Utah?,,,NO,2
Duchesne,MH11:GR,Shall RYAN D. TENNEY be retained in the office of Judge of the Court of Appeals of Utah?,,,NO,3
Duchesne,MH11:TR,Shall RYAN D. TENNEY be retained in the office of Judge of the Court of Appeals of Utah?,,,NO,0
Duchesne,MH11:UR,Shall RYAN D. TENNEY be retained in the office of Judge of the Court of Appeals of Utah?,,,NO,22
Duchesne,MH11:UWUR,Shall RYAN D. TENNEY be retained in the office of Judge of the Court of Appeals of Utah?,,,NO,47
Duchesne,MY12,Shall RYAN D. TENNEY be retained in the office of Judge of the Court of Appeals of Utah?,,,NO,32
Duchesne,MY12:JW1,Shall RYAN D. TENNEY be retained in the office of Judge of the Court of Appeals of Utah?,,,NO,0
Duchesne,MY12:JW4,Shall RYAN D. TENNEY be retained in the office of Judge of the Court of Appeals of Utah?,,,NO,0
Duchesne,NE11,Shall RYAN D. TENNEY be retained in the office of Judge of the Court of Appeals of Utah?,,,NO,8
Duchesne,NE11:CW,Shall RYAN D. TENNEY be retained in the office of Judge of the Court of Appeals of Utah?,,,NO,17
Duchesne,NE11:CWNR,Shall RYAN D. TENNEY be retained in the office of Judge of the Court of Appeals of Utah?,,,NO,57
Duchesne,NE11:NR,Shall RYAN D. TENNEY be retained in the office of Judge of the Court of Appeals of Utah?,,,NO,13
Duchesne,NE11:NW,Shall RYAN D. TENNEY be retained in the office of Judge of the Court of Appeals of Utah?,,,NO,11
Duchesne,NE11:NWNR,Shall RYAN D. TENNEY be retained in the office of Judge of the Court of Appeals of Utah?,,,NO,42
Duchesne,NE11:UR,Shall RYAN D. TENNEY be retained in the office of Judge of the Court of Appeals of Utah?,,,NO,0
Duchesne,RO11:S3J2,Shall RYAN D. TENNEY be retained in the office of Judge of the Court of Appeals of Utah?,,,NO,0
Duchesne,RO11:SBD2,Shall RYAN D. TENNEY be retained in the office of Judge of the Court of Appeals of Utah?,,,NO,3
Duchesne,RO11:SBD3,Shall RYAN D. TENNEY be retained in the office of Judge of the Court of Appeals of Utah?,,,NO,0
Duchesne,RO12,Shall RYAN D. TENNEY be retained in the office of Judge of the Court of Appeals of Utah?,,,NO,109
Duchesne,RO12:JW2,Shall RYAN D. TENNEY be retained in the office of Judge of the Court of Appeals of Utah?,,,NO,22
Duchesne,RO21,Shall RYAN D. TENNEY be retained in the office of Judge of the Court of Appeals of Utah?,,,NO,36
Duchesne,RO21:CW,Shall RYAN D. TENNEY be retained in the office of Judge of the Court of Appeals of Utah?,,,NO,1
Duchesne,RO22,Shall RYAN D. TENNEY be retained in the office of Judge of the Court of Appeals of Utah?,,,NO,108
Duchesne,RO31,Shall RYAN D. TENNEY be retained in the office of Judge of the Court of Appeals of Utah?,,,NO,24
Duchesne,RO32,Shall RYAN D. TENNEY be retained in the office of Judge of the Court of Appeals of Utah?,,,NO,75
Duchesne,RO32:JW1,Shall RYAN D. TENNEY be retained in the office of Judge of the Court of Appeals of Utah?,,,NO,0
Duchesne,RO32:JW2,Shall RYAN D. TENNEY be retained in the office of Judge of the Court of Appeals of Utah?,,,NO,0
Duchesne,RO41,Shall RYAN D. TENNEY be retained in the office of Judge of the Court of Appeals of Utah?,,,NO,35
Duchesne,RO41:CW,Shall RYAN D. TENNEY be retained in the office of Judge of the Court of Appeals of Utah?,,,NO,2
Duchesne,RO42,Shall RYAN D. TENNEY be retained in the office of Judge of the Court of Appeals of Utah?,,,NO,57
Duchesne,RO51,Shall RYAN D. TENNEY be retained in the office of Judge of the Court of Appeals of Utah?,,,NO,8
Duchesne,RO51:CW,Shall RYAN D. TENNEY be retained in the office of Judge of the Court of Appeals of Utah?,,,NO,0
Duchesne,RO51:DWUR,Shall RYAN D. TENNEY be retained in the office of Judge of the Court of Appeals of Utah?,,,NO,0
Duchesne,RO51:J1UR,Shall RYAN D. TENNEY be retained in the office of Judge of the Court of Appeals of Utah?,,,NO,0
Duchesne,RO51:JW1,Shall RYAN D. TENNEY be retained in the office of Judge of the Court of Appeals of Utah?,,,NO,23
Duchesne,RO51:JW2,Shall RYAN D. TENNEY be retained in the office of Judge of the Court of Appeals of Utah?,,,NO,25
Duchesne,RO51:JW3,Shall RYAN D. TENNEY be retained in the office of Judge of the Court of Appeals of Utah?,,,NO,16
Duchesne,RO51:UR,Shall RYAN D. TENNEY be retained in the office of Judge of the Court of Appeals of Utah?,,,NO,0
Duchesne,TA11,Shall RYAN D. TENNEY be retained in the office of Judge of the Court of Appeals of Utah?,,,NO,0
Duchesne,TA11:FWTR,Shall RYAN D. TENNEY be retained in the office of Judge of the Court of Appeals of Utah?,,,NO,0
Duchesne,TA11:HWTR,Shall RYAN D. TENNEY be retained in the office of Judge of the Court of Appeals of Utah?,,,NO,44
Duchesne,TA11:PWTR,Shall RYAN D. TENNEY be retained in the office of Judge of the Court of Appeals of Utah?,,,NO,0
Duchesne,TA11:TR,Shall RYAN D. TENNEY be retained in the office of Judge of the Court of Appeals of Utah?,,,NO,5
Duchesne,TA12:TR,Shall RYAN D. TENNEY be retained in the office of Judge of the Court of Appeals of Utah?,,,NO,17
Duchesne,AB11,Shall GREG LAMB be retained in the office of Judge of the District Court of the Eighth Judicial District?,,,YES,17
Duchesne,AB11:CWNR,Shall GREG LAMB be retained in the office of Judge of the District Court of the Eighth Judicial District?,,,YES,0
Duchesne,AB11:CWUR,Shall GREG LAMB be retained in the office of Judge of the District Court of the Eighth Judicial District?,,,YES,0
Duchesne,AB11:UR,Shall GREG LAMB be retained in the office of Judge of the District Court of the Eighth Judicial District?,,,YES,0
Duchesne,AB11:UWUR,Shall GREG LAMB be retained in the office of Judge of the District Court of the Eighth Judicial District?,,,YES,303
Duchesne,AL12:UR,Shall GREG LAMB be retained in the office of Judge of the District Court of the Eighth Judicial District?,,,YES,93
Duchesne,AM11,Shall GREG LAMB be retained in the office of Judge of the District Court of the Eighth Judicial District?,,,YES,33
Duchesne,AM11:DW,Shall GREG LAMB be retained in the office of Judge of the District Court of the Eighth Judicial District?,,,YES,27
Duchesne,AM11:DWUR,Shall GREG LAMB be retained in the office of Judge of the District Court of the Eighth Judicial District?,,,YES,0
Duchesne,AM11:GR,Shall GREG LAMB be retained in the office of Judge of the District Court of the Eighth Judicial District?,,,YES,0
Duchesne,AM11:JW1,Shall GREG LAMB be retained in the office of Judge of the District Court of the Eighth Judicial District?,,,YES,9
Duchesne,AM11:JW3,Shall GREG LAMB be retained in the office of Judge of the District Court of the Eighth Judicial District?,,,YES,71
Duchesne,AM11:JW4,Shall GREG LAMB be retained in the office of Judge of the District Court of the Eighth Judicial District?,,,YES,90
Duchesne,AR11:CWUR,Shall GREG LAMB be retained in the office of Judge of the District Court of the Eighth Judicial District?,,,YES,0
Duchesne,AR11:DWGR,Shall GREG LAMB be retained in the office of Judge of the District Court of the Eighth Judicial District?,,,YES,28
Duchesne,AR11:DWUR,Shall GREG LAMB be retained in the office of Judge of the District Court of the Eighth Judicial District?,,,YES,32
Duchesne,AR11:GR,Shall GREG LAMB be retained in the office of Judge of the District Court of the Eighth Judicial District?,,,YES,0
Duchesne,AR11:J1UR,Shall GREG LAMB be retained in the office of Judge of the District Court of the Eighth Judicial District?,,,YES,67
Duchesne,AR11:UR,Shall GREG LAMB be retained in the office of Judge of the District Court of the Eighth Judicial District?,,,YES,16
Duchesne,AR11:UWUR,Shall GREG LAMB be retained in the office of Judge of the District Court of the Eighth Judicial District?,,,YES,117
Duchesne,DU11,Shall GREG LAMB be retained in the office of Judge of the District Court of the Eighth Judicial District?,,,YES,0
Duchesne,DU11:DW,Shall GREG LAMB be retained in the office of Judge of the District Court of the Eighth Judicial District?,,,YES,0
Duchesne,DU11:DWGR,Shall GREG LAMB be retained in the office of Judge of the District Court of the Eighth Judicial District?,,,YES,305
Duchesne,DU11:GR,Shall GREG LAMB be retained in the office of Judge of the District Court of the Eighth Judicial District?,,,YES,111
Duchesne,DU11:PWGR,Shall GREG LAMB be retained in the office of Judge of the District Court of the Eighth Judicial District?,,,YES,41
Duchesne,DU11:PWTR,Shall GREG LAMB be retained in the office of Judge of the District Court of the Eighth Judicial District?,,,YES,0
Duchesne,DU11:TR,Shall GREG LAMB be retained in the office of Judge of the District Court of the Eighth Judicial District?,,,YES,0
Duchesne,DU12:DWGR,Shall GREG LAMB be retained in the office of Judge of the District Court of the Eighth Judicial District?,,,YES,13
Duchesne,DU12:GR,Shall GREG LAMB be retained in the office of Judge of the District Court of the Eighth Judicial District?,,,YES,534
Duchesne,FR11:FWGR,Shall GREG LAMB be retained in the office of Judge of the District Court of the Eighth Judicial District?,,,YES,154
Duchesne,FR11:GR,Shall GREG LAMB be retained in the office of Judge of the District Court of the Eighth Judicial District?,,,YES,23
Duchesne,FR11:HWTR,Shall GREG LAMB be retained in the office of Judge of the District Court of the Eighth Judicial District?,,,YES,0
Duchesne,FR11:PWGR,Shall GREG LAMB be retained in the office of Judge of the District Court of the Eighth Judicial District?,,,YES,72
Duchesne,FR11:PWTR,Shall GREG LAMB be retained in the office of Judge of the District Court of the Eighth Judicial District?,,,YES,0
Duchesne,FR11:TR,Shall GREG LAMB be retained in the office of Judge of the District Court of the Eighth Judicial District?,,,YES,0
Duchesne,MH11,Shall GREG LAMB be retained in the office of Judge of the District Court of the Eighth Judicial District?,,,YES,0
Duchesne,MH11:DWGR,Shall GREG LAMB be retained in the office of Judge of the District Court of the Eighth Judicial District?,,,YES,13
Duchesne,MH11:GR,Shall GREG LAMB be retained in the office of Judge of the District Court of the Eighth Judicial District?,,,YES,17
Duchesne,MH11:TR,Shall GREG LAMB be retained in the office of Judge of the District Court of the Eighth Judicial District?,,,YES,0
Duchesne,MH11:UR,Shall GREG LAMB be retained in the office of Judge of the District Court of the Eighth Judicial District?,,,YES,59
Duchesne,MH11:UWUR,Shall GREG LAMB be retained in the office of Judge of the District Court of the Eighth Judicial District?,,,YES,304
Duchesne,MY12,Shall GREG LAMB be retained in the office of Judge of the District Court of the Eighth Judicial District?,,,YES,120
Duchesne,MY12:JW1,Shall GREG LAMB be retained in the office of Judge of the District Court of the Eighth Judicial District?,,,YES,0
Duchesne,MY12:JW4,Shall GREG LAMB be retained in the office of Judge of the District Court of the Eighth Judicial District?,,,YES,0
Duchesne,NE11,Shall GREG LAMB be retained in the office of Judge of the District Court of the Eighth Judicial District?,,,YES,24
Duchesne,NE11:CW,Shall GREG LAMB be retained in the office of Judge of the District Court of the Eighth Judicial District?,,,YES,102
Duchesne,NE11:CWNR,Shall GREG LAMB be retained in the office of Judge of the District Court of the Eighth Judicial District?,,,YES,334
Duchesne,NE11:NR,Shall GREG LAMB be retained in the office of Judge of the District Court of the Eighth Judicial District?,,,YES,54
Duchesne,NE11:NW,Shall GREG LAMB be retained in the office of Judge of the District Court of the Eighth Judicial District?,,,YES,22
Duchesne,NE11:NWNR,Shall GREG LAMB be retained in the office of Judge of the District Court of the Eighth Judicial District?,,,YES,174
Duchesne,NE11:UR,Shall GREG LAMB be retained in the office of Judge of the District Court of the Eighth Judicial District?,,,YES,0
Duchesne,RO11:S3J2,Shall GREG LAMB be retained in the office of Judge of the District Court of the Eighth Judicial District?,,,YES,0
Duchesne,RO11:SBD2,Shall GREG LAMB be retained in the office of Judge of the District Court of the Eighth Judicial District?,,,YES,44
Duchesne,RO11:SBD3,Shall GREG LAMB be retained in the office of Judge of the District Court of the Eighth Judicial District?,,,YES,0
Duchesne,RO12,Shall GREG LAMB be retained in the office of Judge of the District Court of the Eighth Judicial District?,,,YES,316
Duchesne,RO12:JW2,Shall GREG LAMB be retained in the office of Judge of the District Court of the Eighth Judicial District?,,,YES,102
Duchesne,RO21,Shall GREG LAMB be retained in the office of Judge of the District Court of the Eighth Judicial District?,,,YES,127
Duchesne,RO21:CW,Shall GREG LAMB be retained in the office of Judge of the District Court of the Eighth Judicial District?,,,YES,23
Duchesne,RO22,Shall GREG LAMB be retained in the office of Judge of the District Court of the Eighth Judicial District?,,,YES,557
Duchesne,RO31,Shall GREG LAMB be retained in the office of Judge of the District Court of the Eighth Judicial District?,,,YES,91
Duchesne,RO32,Shall GREG LAMB be retained in the office of Judge of the District Court of the Eighth Judicial District?,,,YES,365
Duchesne,RO32:JW1,Shall GREG LAMB be retained in the office of Judge of the District Court of the Eighth Judicial District?,,,YES,0
Duchesne,RO32:JW2,Shall GREG LAMB be retained in the office of Judge of the District Court of the Eighth Judicial District?,,,YES,0
Duchesne,RO41,Shall GREG LAMB be retained in the office of Judge of the District Court of the Eighth Judicial District?,,,YES,287
Duchesne,RO41:CW,Shall GREG LAMB be retained in the office of Judge of the District Court of the Eighth Judicial District?,,,YES,16
Duchesne,RO42,Shall GREG LAMB be retained in the office of Judge of the District Court of the Eighth Judicial District?,,,YES,348
Duchesne,RO51,Shall GREG LAMB be retained in the office of Judge of the District Court of the Eighth Judicial District?,,,YES,7
Duchesne,RO51:CW,Shall GREG LAMB be retained in the office of Judge of the District Court of the Eighth Judicial District?,,,YES,0
Duchesne,RO51:DWUR,Shall GREG LAMB be retained in the office of Judge of the District Court of the Eighth Judicial District?,,,YES,0
Duchesne,RO51:J1UR,Shall GREG LAMB be retained in the office of Judge of the District Court of the Eighth Judicial District?,,,YES,0
Duchesne,RO51:JW1,Shall GREG LAMB be retained in the office of Judge of the District Court of the Eighth Judicial District?,,,YES,118
Duchesne,RO51:JW2,Shall GREG LAMB be retained in the office of Judge of the District Court of the Eighth Judicial District?,,,YES,145
Duchesne,RO51:JW3,Shall GREG LAMB be retained in the office of Judge of the District Court of the Eighth Judicial District?,,,YES,71
Duchesne,RO51:UR,Shall GREG LAMB be retained in the office of Judge of the District Court of the Eighth Judicial District?,,,YES,0
Duchesne,TA11,Shall GREG LAMB be retained in the office of Judge of the District Court of the Eighth Judicial District?,,,YES,0
Duchesne,TA11:FWTR,Shall GREG LAMB be retained in the office of Judge of the District Court of the Eighth Judicial District?,,,YES,0
Duchesne,TA11:HWTR,Shall GREG LAMB be retained in the office of Judge of the District Court of the Eighth Judicial District?,,,YES,192
Duchesne,TA11:PWTR,Shall GREG LAMB be retained in the office of Judge of the District Court of the Eighth Judicial District?,,,YES,0
Duchesne,TA11:TR,Shall GREG LAMB be retained in the office of Judge of the District Court of the Eighth Judicial District?,,,YES,24
Duchesne,TA12:TR,Shall GREG LAMB be retained in the office of Judge of the District Court of the Eighth Judicial District?,,,YES,55
Duchesne,AB11,Shall GREG LAMB be retained in the office of Judge of the District Court of the Eighth Judicial District?,,,NO,2
Duchesne,AB11:CWNR,Shall GREG LAMB be retained in the office of Judge of the District Court of the Eighth Judicial District?,,,NO,0
Duchesne,AB11:CWUR,Shall GREG LAMB be retained in the office of Judge of the District Court of the Eighth Judicial District?,,,NO,0
Duchesne,AB11:UR,Shall GREG LAMB be retained in the office of Judge of the District Court of the Eighth Judicial District?,,,NO,0
Duchesne,AB11:UWUR,Shall GREG LAMB be retained in the office of Judge of the District Court of the Eighth Judicial District?,,,NO,38
Duchesne,AL12:UR,Shall GREG LAMB be retained in the office of Judge of the District Court of the Eighth Judicial District?,,,NO,10
Duchesne,AM11,Shall GREG LAMB be retained in the office of Judge of the District Court of the Eighth Judicial District?,,,NO,6
Duchesne,AM11:DW,Shall GREG LAMB be retained in the office of Judge of the District Court of the Eighth Judicial District?,,,NO,5
Duchesne,AM11:DWUR,Shall GREG LAMB be retained in the office of Judge of the District Court of the Eighth Judicial District?,,,NO,0
Duchesne,AM11:GR,Shall GREG LAMB be retained in the office of Judge of the District Court of the Eighth Judicial District?,,,NO,0
Duchesne,AM11:JW1,Shall GREG LAMB be retained in the office of Judge of the District Court of the Eighth Judicial District?,,,NO,8
Duchesne,AM11:JW3,Shall GREG LAMB be retained in the office of Judge of the District Court of the Eighth Judicial District?,,,NO,17
Duchesne,AM11:JW4,Shall GREG LAMB be retained in the office of Judge of the District Court of the Eighth Judicial District?,,,NO,20
Duchesne,AR11:CWUR,Shall GREG LAMB be retained in the office of Judge of the District Court of the Eighth Judicial District?,,,NO,0
Duchesne,AR11:DWGR,Shall GREG LAMB be retained in the office of Judge of the District Court of the Eighth Judicial District?,,,NO,3
Duchesne,AR11:DWUR,Shall GREG LAMB be retained in the office of Judge of the District Court of the Eighth Judicial District?,,,NO,6
Duchesne,AR11:GR,Shall GREG LAMB be retained in the office of Judge of the District Court of the Eighth Judicial District?,,,NO,0
Duchesne,AR11:J1UR,Shall GREG LAMB be retained in the office of Judge of the District Court of the Eighth Judicial District?,,,NO,18
Duchesne,AR11:UR,Shall GREG LAMB be retained in the office of Judge of the District Court of the Eighth Judicial District?,,,NO,7
Duchesne,AR11:UWUR,Shall GREG LAMB be retained in the office of Judge of the District Court of the Eighth Judicial District?,,,NO,16
Duchesne,DU11,Shall GREG LAMB be retained in the office of Judge of the District Court of the Eighth Judicial District?,,,NO,0
Duchesne,DU11:DW,Shall GREG LAMB be retained in the office of Judge of the District Court of the Eighth Judicial District?,,,NO,0
Duchesne,DU11:DWGR,Shall GREG LAMB be retained in the office of Judge of the District Court of the Eighth Judicial District?,,,NO,90
Duchesne,DU11:GR,Shall GREG LAMB be retained in the office of Judge of the District Court of the Eighth Judicial District?,,,NO,18
Duchesne,DU11:PWGR,Shall GREG LAMB be retained in the office of Judge of the District Court of the Eighth Judicial District?,,,NO,10
Duchesne,DU11:PWTR,Shall GREG LAMB be retained in the office of Judge of the District Court of the Eighth Judicial District?,,,NO,0
Duchesne,DU11:TR,Shall GREG LAMB be retained in the office of Judge of the District Court of the Eighth Judicial District?,,,NO,0
Duchesne,DU12:DWGR,Shall GREG LAMB be retained in the office of Judge of the District Court of the Eighth Judicial District?,,,NO,1
Duchesne,DU12:GR,Shall GREG LAMB be retained in the office of Judge of the District Court of the Eighth Judicial District?,,,NO,95
Duchesne,FR11:FWGR,Shall GREG LAMB be retained in the office of Judge of the District Court of the Eighth Judicial District?,,,NO,51
Duchesne,FR11:GR,Shall GREG LAMB be retained in the office of Judge of the District Court of the Eighth Judicial District?,,,NO,12
Duchesne,FR11:HWTR,Shall GREG LAMB be retained in the office of Judge of the District Court of the Eighth Judicial District?,,,NO,0
Duchesne,FR11:PWGR,Shall GREG LAMB be retained in the office of Judge of the District Court of the Eighth Judicial District?,,,NO,32
Duchesne,FR11:PWTR,Shall GREG LAMB be retained in the office of Judge of the District Court of the Eighth Judicial District?,,,NO,0
Duchesne,FR11:TR,Shall GREG LAMB be retained in the office of Judge of the District Court of the Eighth Judicial District?,,,NO,0
Duchesne,MH11,Shall GREG LAMB be retained in the office of Judge of the District Court of the Eighth Judicial District?,,,NO,0
Duchesne,MH11:DWGR,Shall GREG LAMB be retained in the office of Judge of the District Court of the Eighth Judicial District?,,,NO,2
Duchesne,MH11:GR,Shall GREG LAMB be retained in the office of Judge of the District Court of the Eighth Judicial District?,,,NO,1
Duchesne,MH11:TR,Shall GREG LAMB be retained in the office of Judge of the District Court of the Eighth Judicial District?,,,NO,0
Duchesne,MH11:UR,Shall GREG LAMB be retained in the office of Judge of the District Court of the Eighth Judicial District?,,,NO,23
Duchesne,MH11:UWUR,Shall GREG LAMB be retained in the office of Judge of the District Court of the Eighth Judicial District?,,,NO,36
Duchesne,MY12,Shall GREG LAMB be retained in the office of Judge of the District Court of the Eighth Judicial District?,,,NO,33
Duchesne,MY12:JW1,Shall GREG LAMB be retained in the office of Judge of the District Court of the Eighth Judicial District?,,,NO,0
Duchesne,MY12:JW4,Shall GREG LAMB be retained in the office of Judge of the District Court of the Eighth Judicial District?,,,NO,0
Duchesne,NE11,Shall GREG LAMB be retained in the office of Judge of the District Court of the Eighth Judicial District?,,,NO,7
Duchesne,NE11:CW,Shall GREG LAMB be retained in the office of Judge of the District Court of the Eighth Judicial District?,,,NO,19
Duchesne,NE11:CWNR,Shall GREG LAMB be retained in the office of Judge of the District Court of the Eighth Judicial District?,,,NO,62
Duchesne,NE11:NR,Shall GREG LAMB be retained in the office of Judge of the District Court of the Eighth Judicial District?,,,NO,13
Duchesne,NE11:NW,Shall GREG LAMB be retained in the office of Judge of the District Court of the Eighth Judicial District?,,,NO,9
Duchesne,NE11:NWNR,Shall GREG LAMB be retained in the office of Judge of the District Court of the Eighth Judicial District?,,,NO,47
Duchesne,NE11:UR,Shall GREG LAMB be retained in the office of Judge of the District Court of the Eighth Judicial District?,,,NO,0
Duchesne,RO11:S3J2,Shall GREG LAMB be retained in the office of Judge of the District Court of the Eighth Judicial District?,,,NO,0
Duchesne,RO11:SBD2,Shall GREG LAMB be retained in the office of Judge of the District Court of the Eighth Judicial District?,,,NO,3
Duchesne,RO11:SBD3,Shall GREG LAMB be retained in the office of Judge of the District Court of the Eighth Judicial District?,,,NO,0
Duchesne,RO12,Shall GREG LAMB be retained in the office of Judge of the District Court of the Eighth Judicial District?,,,NO,120
Duchesne,RO12:JW2,Shall GREG LAMB be retained in the office of Judge of the District Court of the Eighth Judicial District?,,,NO,29
Duchesne,RO21,Shall GREG LAMB be retained in the office of Judge of the District Court of the Eighth Judicial District?,,,NO,38
Duchesne,RO21:CW,Shall GREG LAMB be retained in the office of Judge of the District Court of the Eighth Judicial District?,,,NO,1
Duchesne,RO22,Shall GREG LAMB be retained in the office of Judge of the District Court of the Eighth Judicial District?,,,NO,121
Duchesne,RO31,Shall GREG LAMB be retained in the office of Judge of the District Court of the Eighth Judicial District?,,,NO,23
Duchesne,RO32,Shall GREG LAMB be retained in the office of Judge of the District Court of the Eighth Judicial District?,,,NO,83
Duchesne,RO32:JW1,Shall GREG LAMB be retained in the office of Judge of the District Court of the Eighth Judicial District?,,,NO,0
Duchesne,RO32:JW2,Shall GREG LAMB be retained in the office of Judge of the District Court of the Eighth Judicial District?,,,NO,0
Duchesne,RO41,Shall GREG LAMB be retained in the office of Judge of the District Court of the Eighth Judicial District?,,,NO,34
Duchesne,RO41:CW,Shall GREG LAMB be retained in the office of Judge of the District Court of the Eighth Judicial District?,,,NO,2
Duchesne,RO42,Shall GREG LAMB be retained in the office of Judge of the District Court of the Eighth Judicial District?,,,NO,66
Duchesne,RO51,Shall GREG LAMB be retained in the office of Judge of the District Court of the Eighth Judicial District?,,,NO,8
Duchesne,RO51:CW,Shall GREG LAMB be retained in the office of Judge of the District Court of the Eighth Judicial District?,,,NO,0
Duchesne,RO51:DWUR,Shall GREG LAMB be retained in the office of Judge of the District Court of the Eighth Judicial District?,,,NO,0
Duchesne,RO51:J1UR,Shall GREG LAMB be retained in the office of Judge of the District Court of the Eighth Judicial District?,,,NO,0
Duchesne,RO51:JW1,Shall GREG LAMB be retained in the office of Judge of the District Court of the Eighth Judicial District?,,,NO,21
Duchesne,RO51:JW2,Shall GREG LAMB be retained in the office of Judge of the District Court of the Eighth Judicial District?,,,NO,24
Duchesne,RO51:JW3,Shall GREG LAMB be retained in the office of Judge of the District Court of the Eighth Judicial District?,,,NO,22
Duchesne,RO51:UR,Shall GREG LAMB be retained in the office of Judge of the District Court of the Eighth Judicial District?,,,NO,0
Duchesne,TA11,Shall GREG LAMB be retained in the office of Judge of the District Court of the Eighth Judicial District?,,,NO,0
Duchesne,TA11:FWTR,Shall GREG LAMB be retained in the office of Judge of the District Court of the Eighth Judicial District?,,,NO,0
Duchesne,TA11:HWTR,Shall GREG LAMB be retained in the office of Judge of the District Court of the Eighth Judicial District?,,,NO,35
Duchesne,TA11:PWTR,Shall GREG LAMB be retained in the office of Judge of the District Court of the Eighth Judicial District?,,,NO,0
Duchesne,TA11:TR,Shall GREG LAMB be retained in the office of Judge of the District Court of the Eighth Judicial District?,,,NO,5
Duchesne,TA12:TR,Shall GREG LAMB be retained in the office of Judge of the District Court of the Eighth Judicial District?,,,NO,14
Duchesne,AB11,Shall JEFFRY K. ROSS be retained in the office of Judge of the Juvenile Court of the Eighth Juvenile Court District?,,,YES,15
Duchesne,AB11:CWNR,Shall JEFFRY K. ROSS be retained in the office of Judge of the Juvenile Court of the Eighth Juvenile Court District?,,,YES,0
Duchesne,AB11:CWUR,Shall JEFFRY K. ROSS be retained in the office of Judge of the Juvenile Court of the Eighth Juvenile Court District?,,,YES,0
Duchesne,AB11:UR,Shall JEFFRY K. ROSS be retained in the office of Judge of the Juvenile Court of the Eighth Juvenile Court District?,,,YES,0
Duchesne,AB11:UWUR,Shall JEFFRY K. ROSS be retained in the office of Judge of the Juvenile Court of the Eighth Juvenile Court District?,,,YES,290
Duchesne,AL12:UR,Shall JEFFRY K. ROSS be retained in the office of Judge of the Juvenile Court of the Eighth Juvenile Court District?,,,YES,96
Duchesne,AM11,Shall JEFFRY K. ROSS be retained in the office of Judge of the Juvenile Court of the Eighth Juvenile Court District?,,,YES,30
Duchesne,AM11:DW,Shall JEFFRY K. ROSS be retained in the office of Judge of the Juvenile Court of the Eighth Juvenile Court District?,,,YES,29
Duchesne,AM11:DWUR,Shall JEFFRY K. ROSS be retained in the office of Judge of the Juvenile Court of the Eighth Juvenile Court District?,,,YES,0
Duchesne,AM11:GR,Shall JEFFRY K. ROSS be retained in the office of Judge of the Juvenile Court of the Eighth Juvenile Court District?,,,YES,0
Duchesne,AM11:JW1,Shall JEFFRY K. ROSS be retained in the office of Judge of the Juvenile Court of the Eighth Juvenile Court District?,,,YES,10
Duchesne,AM11:JW3,Shall JEFFRY K. ROSS be retained in the office of Judge of the Juvenile Court of the Eighth Juvenile Court District?,,,YES,72
Duchesne,AM11:JW4,Shall JEFFRY K. ROSS be retained in the office of Judge of the Juvenile Court of the Eighth Juvenile Court District?,,,YES,91
Duchesne,AR11:CWUR,Shall JEFFRY K. ROSS be retained in the office of Judge of the Juvenile Court of the Eighth Juvenile Court District?,,,YES,0
Duchesne,AR11:DWGR,Shall JEFFRY K. ROSS be retained in the office of Judge of the Juvenile Court of the Eighth Juvenile Court District?,,,YES,27
Duchesne,AR11:DWUR,Shall JEFFRY K. ROSS be retained in the office of Judge of the Juvenile Court of the Eighth Juvenile Court District?,,,YES,35
Duchesne,AR11:GR,Shall JEFFRY K. ROSS be retained in the office of Judge of the Juvenile Court of the Eighth Juvenile Court District?,,,YES,0
Duchesne,AR11:J1UR,Shall JEFFRY K. ROSS be retained in the office of Judge of the Juvenile Court of the Eighth Juvenile Court District?,,,YES,70
Duchesne,AR11:UR,Shall JEFFRY K. ROSS be retained in the office of Judge of the Juvenile Court of the Eighth Juvenile Court District?,,,YES,18
Duchesne,AR11:UWUR,Shall JEFFRY K. ROSS be retained in the office of Judge of the Juvenile Court of the Eighth Juvenile Court District?,,,YES,112
Duchesne,DU11,Shall JEFFRY K. ROSS be retained in the office of Judge of the Juvenile Court of the Eighth Juvenile Court District?,,,YES,0
Duchesne,DU11:DW,Shall JEFFRY K. ROSS be retained in the office of Judge of the Juvenile Court of the Eighth Juvenile Court District?,,,YES,0
Duchesne,DU11:DWGR,Shall JEFFRY K. ROSS be retained in the office of Judge of the Juvenile Court of the Eighth Juvenile Court District?,,,YES,317
Duchesne,DU11:GR,Shall JEFFRY K. ROSS be retained in the office of Judge of the Juvenile Court of the Eighth Juvenile Court District?,,,YES,114
Duchesne,DU11:PWGR,Shall JEFFRY K. ROSS be retained in the office of Judge of the Juvenile Court of the Eighth Juvenile Court District?,,,YES,41
Duchesne,DU11:PWTR,Shall JEFFRY K. ROSS be retained in the office of Judge of the Juvenile Court of the Eighth Juvenile Court District?,,,YES,0
Duchesne,DU11:TR,Shall JEFFRY K. ROSS be retained in the office of Judge of the Juvenile Court of the Eighth Juvenile Court District?,,,YES,0
Duchesne,DU12:DWGR,Shall JEFFRY K. ROSS be retained in the office of Judge of the Juvenile Court of the Eighth Juvenile Court District?,,,YES,13
Duchesne,DU12:GR,Shall JEFFRY K. ROSS be retained in the office of Judge of the Juvenile Court of the Eighth Juvenile Court District?,,,YES,532
Duchesne,FR11:FWGR,Shall JEFFRY K. ROSS be retained in the office of Judge of the Juvenile Court of the Eighth Juvenile Court District?,,,YES,155
Duchesne,FR11:GR,Shall JEFFRY K. ROSS be retained in the office of Judge of the Juvenile Court of the Eighth Juvenile Court District?,,,YES,26
Duchesne,FR11:HWTR,Shall JEFFRY K. ROSS be retained in the office of Judge of the Juvenile Court of the Eighth Juvenile Court District?,,,YES,0
Duchesne,FR11:PWGR,Shall JEFFRY K. ROSS be retained in the office of Judge of the Juvenile Court of the Eighth Juvenile Court District?,,,YES,75
Duchesne,FR11:PWTR,Shall JEFFRY K. ROSS be retained in the office of Judge of the Juvenile Court of the Eighth Juvenile Court District?,,,YES,0
Duchesne,FR11:TR,Shall JEFFRY K. ROSS be retained in the office of Judge of the Juvenile Court of the Eighth Juvenile Court District?,,,YES,0
Duchesne,MH11,Shall JEFFRY K. ROSS be retained in the office of Judge of the Juvenile Court of the Eighth Juvenile Court District?,,,YES,0
Duchesne,MH11:DWGR,Shall JEFFRY K. ROSS be retained in the office of Judge of the Juvenile Court of the Eighth Juvenile Court District?,,,YES,12
Duchesne,MH11:GR,Shall JEFFRY K. ROSS be retained in the office of Judge of the Juvenile Court of the Eighth Juvenile Court District?,,,YES,16
Duchesne,MH11:TR,Shall JEFFRY K. ROSS be retained in the office of Judge of the Juvenile Court of the Eighth Juvenile Court District?,,,YES,0
Duchesne,MH11:UR,Shall JEFFRY K. ROSS be retained in the office of Judge of the Juvenile Court of the Eighth Juvenile Court District?,,,YES,56
Duchesne,MH11:UWUR,Shall JEFFRY K. ROSS be retained in the office of Judge of the Juvenile Court of the Eighth Juvenile Court District?,,,YES,289
Duchesne,MY12,Shall JEFFRY K. ROSS be retained in the office of Judge of the Juvenile Court of the Eighth Juvenile Court District?,,,YES,130
Duchesne,MY12:JW1,Shall JEFFRY K. ROSS be retained in the office of Judge of the Juvenile Court of the Eighth Juvenile Court District?,,,YES,0
Duchesne,MY12:JW4,Shall JEFFRY K. ROSS be retained in the office of Judge of the Juvenile Court of the Eighth Juvenile Court District?,,,YES,0
Duchesne,NE11,Shall JEFFRY K. ROSS be retained in the office of Judge of the Juvenile Court of the Eighth Juvenile Court District?,,,YES,23
Duchesne,NE11:CW,Shall JEFFRY K. ROSS be retained in the office of Judge of the Juvenile Court of the Eighth Juvenile Court District?,,,YES,107
Duchesne,NE11:CWNR,Shall JEFFRY K. ROSS be retained in the office of Judge of the Juvenile Court of the Eighth Juvenile Court District?,,,YES,345
Duchesne,NE11:NR,Shall JEFFRY K. ROSS be retained in the office of Judge of the Juvenile Court of the Eighth Juvenile Court District?,,,YES,54
Duchesne,NE11:NW,Shall JEFFRY K. ROSS be retained in the office of Judge of the Juvenile Court of the Eighth Juvenile Court District?,,,YES,24
Duchesne,NE11:NWNR,Shall JEFFRY K. ROSS be retained in the office of Judge of the Juvenile Court of the Eighth Juvenile Court District?,,,YES,183
Duchesne,NE11:UR,Shall JEFFRY K. ROSS be retained in the office of Judge of the Juvenile Court of the Eighth Juvenile Court District?,,,YES,0
Duchesne,RO11:S3J2,Shall JEFFRY K. ROSS be retained in the office of Judge of the Juvenile Court of the Eighth Juvenile Court District?,,,YES,0
Duchesne,RO11:SBD2,Shall JEFFRY K. ROSS be retained in the office of Judge of the Juvenile Court of the Eighth Juvenile Court District?,,,YES,42
Duchesne,RO11:SBD3,Shall JEFFRY K. ROSS be retained in the office of Judge of the Juvenile Court of the Eighth Juvenile Court District?,,,YES,0
Duchesne,RO12,Shall JEFFRY K. ROSS be retained in the office of Judge of the Juvenile Court of the Eighth Juvenile Court District?,,,YES,336
Duchesne,RO12:JW2,Shall JEFFRY K. ROSS be retained in the office of Judge of the Juvenile Court of the Eighth Juvenile Court District?,,,YES,108
Duchesne,RO21,Shall JEFFRY K. ROSS be retained in the office of Judge of the Juvenile Court of the Eighth Juvenile Court District?,,,YES,133
Duchesne,RO21:CW,Shall JEFFRY K. ROSS be retained in the office of Judge of the Juvenile Court of the Eighth Juvenile Court District?,,,YES,23
Duchesne,RO22,Shall JEFFRY K. ROSS be retained in the office of Judge of the Juvenile Court of the Eighth Juvenile Court District?,,,YES,571
Duchesne,RO31,Shall JEFFRY K. ROSS be retained in the office of Judge of the Juvenile Court of the Eighth Juvenile Court District?,,,YES,91
Duchesne,RO32,Shall JEFFRY K. ROSS be retained in the office of Judge of the Juvenile Court of the Eighth Juvenile Court District?,,,YES,368
Duchesne,RO32:JW1,Shall JEFFRY K. ROSS be retained in the office of Judge of the Juvenile Court of the Eighth Juvenile Court District?,,,YES,0
Duchesne,RO32:JW2,Shall JEFFRY K. ROSS be retained in the office of Judge of the Juvenile Court of the Eighth Juvenile Court District?,,,YES,0
Duchesne,RO41,Shall JEFFRY K. ROSS be retained in the office of Judge of the Juvenile Court of the Eighth Juvenile Court District?,,,YES,286
Duchesne,RO41:CW,Shall JEFFRY K. ROSS be retained in the office of Judge of the Juvenile Court of the Eighth Juvenile Court District?,,,YES,15
Duchesne,RO42,Shall JEFFRY K. ROSS be retained in the office of Judge of the Juvenile Court of the Eighth Juvenile Court District?,,,YES,365
Duchesne,RO51,Shall JEFFRY K. ROSS be retained in the office of Judge of the Juvenile Court of the Eighth Juvenile Court District?,,,YES,7
Duchesne,RO51:CW,Shall JEFFRY K. ROSS be retained in the office of Judge of the Juvenile Court of the Eighth Juvenile Court District?,,,YES,0
Duchesne,RO51:DWUR,Shall JEFFRY K. ROSS be retained in the office of Judge of the Juvenile Court of the Eighth Juvenile Court District?,,,YES,0
Duchesne,RO51:J1UR,Shall JEFFRY K. ROSS be retained in the office of Judge of the Juvenile Court of the Eighth Juvenile Court District?,,,YES,0
Duchesne,RO51:JW1,Shall JEFFRY K. ROSS be retained in the office of Judge of the Juvenile Court of the Eighth Juvenile Court District?,,,YES,118
Duchesne,RO51:JW2,Shall JEFFRY K. ROSS be retained in the office of Judge of the Juvenile Court of the Eighth Juvenile Court District?,,,YES,142
Duchesne,RO51:JW3,Shall JEFFRY K. ROSS be retained in the office of Judge of the Juvenile Court of the Eighth Juvenile Court District?,,,YES,73
Duchesne,RO51:UR,Shall JEFFRY K. ROSS be retained in the office of Judge of the Juvenile Court of the Eighth Juvenile Court District?,,,YES,0
Duchesne,TA11,Shall JEFFRY K. ROSS be retained in the office of Judge of the Juvenile Court of the Eighth Juvenile Court District?,,,YES,0
Duchesne,TA11:FWTR,Shall JEFFRY K. ROSS be retained in the office of Judge of the Juvenile Court of the Eighth Juvenile Court District?,,,YES,0
Duchesne,TA11:HWTR,Shall JEFFRY K. ROSS be retained in the office of Judge of the Juvenile Court of the Eighth Juvenile Court District?,,,YES,184
Duchesne,TA11:PWTR,Shall JEFFRY K. ROSS be retained in the office of Judge of the Juvenile Court of the Eighth Juvenile Court District?,,,YES,0
Duchesne,TA11:TR,Shall JEFFRY K. ROSS be retained in the office of Judge of the Juvenile Court of the Eighth Juvenile Court District?,,,YES,23
Duchesne,TA12:TR,Shall JEFFRY K. ROSS be retained in the office of Judge of the Juvenile Court of the Eighth Juvenile Court District?,,,YES,57
Duchesne,AB11,Shall JEFFRY K. ROSS be retained in the office of Judge of the Juvenile Court of the Eighth Juvenile Court District?,,,NO,3
Duchesne,AB11:CWNR,Shall JEFFRY K. ROSS be retained in the office of Judge of the Juvenile Court of the Eighth Juvenile Court District?,,,NO,0
Duchesne,AB11:CWUR,Shall JEFFRY K. ROSS be retained in the office of Judge of the Juvenile Court of the Eighth Juvenile Court District?,,,NO,0
Duchesne,AB11:UR,Shall JEFFRY K. ROSS be retained in the office of Judge of the Juvenile Court of the Eighth Juvenile Court District?,,,NO,0
Duchesne,AB11:UWUR,Shall JEFFRY K. ROSS be retained in the office of Judge of the Juvenile Court of the Eighth Juvenile Court District?,,,NO,48
Duchesne,AL12:UR,Shall JEFFRY K. ROSS be retained in the office of Judge of the Juvenile Court of the Eighth Juvenile Court District?,,,NO,6
Duchesne,AM11,Shall JEFFRY K. ROSS be retained in the office of Judge of the Juvenile Court of the Eighth Juvenile Court District?,,,NO,9
Duchesne,AM11:DW,Shall JEFFRY K. ROSS be retained in the office of Judge of the Juvenile Court of the Eighth Juvenile Court District?,,,NO,4
Duchesne,AM11:DWUR,Shall JEFFRY K. ROSS be retained in the office of Judge of the Juvenile Court of the Eighth Juvenile Court District?,,,NO,0
Duchesne,AM11:GR,Shall JEFFRY K. ROSS be retained in the office of Judge of the Juvenile Court of the Eighth Juvenile Court District?,,,NO,0
Duchesne,AM11:JW1,Shall JEFFRY K. ROSS be retained in the office of Judge of the Juvenile Court of the Eighth Juvenile Court District?,,,NO,7
Duchesne,AM11:JW3,Shall JEFFRY K. ROSS be retained in the office of Judge of the Juvenile Court of the Eighth Juvenile Court District?,,,NO,16
Duchesne,AM11:JW4,Shall JEFFRY K. ROSS be retained in the office of Judge of the Juvenile Court of the Eighth Juvenile Court District?,,,NO,18
Duchesne,AR11:CWUR,Shall JEFFRY K. ROSS be retained in the office of Judge of the Juvenile Court of the Eighth Juvenile Court District?,,,NO,0
Duchesne,AR11:DWGR,Shall JEFFRY K. ROSS be retained in the office of Judge of the Juvenile Court of the Eighth Juvenile Court District?,,,NO,4
Duchesne,AR11:DWUR,Shall JEFFRY K. ROSS be retained in the office of Judge of the Juvenile Court of the Eighth Juvenile Court District?,,,NO,4
Duchesne,AR11:GR,Shall JEFFRY K. ROSS be retained in the office of Judge of the Juvenile Court of the Eighth Juvenile Court District?,,,NO,0
Duchesne,AR11:J1UR,Shall JEFFRY K. ROSS be retained in the office of Judge of the Juvenile Court of the Eighth Juvenile Court District?,,,NO,10
Duchesne,AR11:UR,Shall JEFFRY K. ROSS be retained in the office of Judge of the Juvenile Court of the Eighth Juvenile Court District?,,,NO,6
Duchesne,AR11:UWUR,Shall JEFFRY K. ROSS be retained in the office of Judge of the Juvenile Court of the Eighth Juvenile Court District?,,,NO,16
Duchesne,DU11,Shall JEFFRY K. ROSS be retained in the office of Judge of the Juvenile Court of the Eighth Juvenile Court District?,,,NO,0
Duchesne,DU11:DW,Shall JEFFRY K. ROSS be retained in the office of Judge of the Juvenile Court of the Eighth Juvenile Court District?,,,NO,0
Duchesne,DU11:DWGR,Shall JEFFRY K. ROSS be retained in the office of Judge of the Juvenile Court of the Eighth Juvenile Court District?,,,NO,77
Duchesne,DU11:GR,Shall JEFFRY K. ROSS be retained in the office of Judge of the Juvenile Court of the Eighth Juvenile Court District?,,,NO,15
Duchesne,DU11:PWGR,Shall JEFFRY K. ROSS be retained in the office of Judge of the Juvenile Court of the Eighth Juvenile Court District?,,,NO,10
Duchesne,DU11:PWTR,Shall JEFFRY K. ROSS be retained in the office of Judge of the Juvenile Court of the Eighth Juvenile Court District?,,,NO,0
Duchesne,DU11:TR,Shall JEFFRY K. ROSS be retained in the office of Judge of the Juvenile Court of the Eighth Juvenile Court District?,,,NO,0
Duchesne,DU12:DWGR,Shall JEFFRY K. ROSS be retained in the office of Judge of the Juvenile Court of the Eighth Juvenile Court District?,,,NO,1
Duchesne,DU12:GR,Shall JEFFRY K. ROSS be retained in the office of Judge of the Juvenile Court of the Eighth Juvenile Court District?,,,NO,99
Duchesne,FR11:FWGR,Shall JEFFRY K. ROSS be retained in the office of Judge of the Juvenile Court of the Eighth Juvenile Court District?,,,NO,52
Duchesne,FR11:GR,Shall JEFFRY K. ROSS be retained in the office of Judge of the Juvenile Court of the Eighth Juvenile Court District?,,,NO,8
Duchesne,FR11:HWTR,Shall JEFFRY K. ROSS be retained in the office of Judge of the Juvenile Court of the Eighth Juvenile Court District?,,,NO,0
Duchesne,FR11:PWGR,Shall JEFFRY K. ROSS be retained in the office of Judge of the Juvenile Court of the Eighth Juvenile Court District?,,,NO,29
Duchesne,FR11:PWTR,Shall JEFFRY K. ROSS be retained in the office of Judge of the Juvenile Court of the Eighth Juvenile Court District?,,,NO,0
Duchesne,FR11:TR,Shall JEFFRY K. ROSS be retained in the office of Judge of the Juvenile Court of the Eighth Juvenile Court District?,,,NO,0
Duchesne,MH11,Shall JEFFRY K. ROSS be retained in the office of Judge of the Juvenile Court of the Eighth Juvenile Court District?,,,NO,0
Duchesne,MH11:DWGR,Shall JEFFRY K. ROSS be retained in the office of Judge of the Juvenile Court of the Eighth Juvenile Court District?,,,NO,2
Duchesne,MH11:GR,Shall JEFFRY K. ROSS be retained in the office of Judge of the Juvenile Court of the Eighth Juvenile Court District?,,,NO,2
Duchesne,MH11:TR,Shall JEFFRY K. ROSS be retained in the office of Judge of the Juvenile Court of the Eighth Juvenile Court District?,,,NO,0
Duchesne,MH11:UR,Shall JEFFRY K. ROSS be retained in the office of Judge of the Juvenile Court of the Eighth Juvenile Court District?,,,NO,23
Duchesne,MH11:UWUR,Shall JEFFRY K. ROSS be retained in the office of Judge of the Juvenile Court of the Eighth Juvenile Court District?,,,NO,43
Duchesne,MY12,Shall JEFFRY K. ROSS be retained in the office of Judge of the Juvenile Court of the Eighth Juvenile Court District?,,,NO,29
Duchesne,MY12:JW1,Shall JEFFRY K. ROSS be retained in the office of Judge of the Juvenile Court of the Eighth Juvenile Court District?,,,NO,0
Duchesne,MY12:JW4,Shall JEFFRY K. ROSS be retained in the office of Judge of the Juvenile Court of the Eighth Juvenile Court District?,,,NO,0
Duchesne,NE11,Shall JEFFRY K. ROSS be retained in the office of Judge of the Juvenile Court of the Eighth Juvenile Court District?,,,NO,8
Duchesne,NE11:CW,Shall JEFFRY K. ROSS be retained in the office of Judge of the Juvenile Court of the Eighth Juvenile Court District?,,,NO,16
Duchesne,NE11:CWNR,Shall JEFFRY K. ROSS be retained in the office of Judge of the Juvenile Court of the Eighth Juvenile Court District?,,,NO,52
Duchesne,NE11:NR,Shall JEFFRY K. ROSS be retained in the office of Judge of the Juvenile Court of the Eighth Juvenile Court District?,,,NO,13
Duchesne,NE11:NW,Shall JEFFRY K. ROSS be retained in the office of Judge of the Juvenile Court of the Eighth Juvenile Court District?,,,NO,8
Duchesne,NE11:NWNR,Shall JEFFRY K. ROSS be retained in the office of Judge of the Juvenile Court of the Eighth Juvenile Court District?,,,NO,39
Duchesne,NE11:UR,Shall JEFFRY K. ROSS be retained in the office of Judge of the Juvenile Court of the Eighth Juvenile Court District?,,,NO,0
Duchesne,RO11:S3J2,Shall JEFFRY K. ROSS be retained in the office of Judge of the Juvenile Court of the Eighth Juvenile Court District?,,,NO,0
Duchesne,RO11:SBD2,Shall JEFFRY K. ROSS be retained in the office of Judge of the Juvenile Court of the Eighth Juvenile Court District?,,,NO,4
Duchesne,RO11:SBD3,Shall JEFFRY K. ROSS be retained in the office of Judge of the Juvenile Court of the Eighth Juvenile Court District?,,,NO,0
Duchesne,RO12,Shall JEFFRY K. ROSS be retained in the office of Judge of the Juvenile Court of the Eighth Juvenile Court District?,,,NO,103
Duchesne,RO12:JW2,Shall JEFFRY K. ROSS be retained in the office of Judge of the Juvenile Court of the Eighth Juvenile Court District?,,,NO,23
Duchesne,RO21,Shall JEFFRY K. ROSS be retained in the office of Judge of the Juvenile Court of the Eighth Juvenile Court District?,,,NO,33
Duchesne,RO21:CW,Shall JEFFRY K. ROSS be retained in the office of Judge of the Juvenile Court of the Eighth Juvenile Court District?,,,NO,1
Duchesne,RO22,Shall JEFFRY K. ROSS be retained in the office of Judge of the Juvenile Court of the Eighth Juvenile Court District?,,,NO,113
Duchesne,RO31,Shall JEFFRY K. ROSS be retained in the office of Judge of the Juvenile Court of the Eighth Juvenile Court District?,,,NO,24
Duchesne,RO32,Shall JEFFRY K. ROSS be retained in the office of Judge of the Juvenile Court of the Eighth Juvenile Court District?,,,NO,81
Duchesne,RO32:JW1,Shall JEFFRY K. ROSS be retained in the office of Judge of the Juvenile Court of the Eighth Juvenile Court District?,,,NO,0
Duchesne,RO32:JW2,Shall JEFFRY K. ROSS be retained in the office of Judge of the Juvenile Court of the Eighth Juvenile Court District?,,,NO,0
Duchesne,RO41,Shall JEFFRY K. ROSS be retained in the office of Judge of the Juvenile Court of the Eighth Juvenile Court District?,,,NO,30
Duchesne,RO41:CW,Shall JEFFRY K. ROSS be retained in the office of Judge of the Juvenile Court of the Eighth Juvenile Court District?,,,NO,3
Duchesne,RO42,Shall JEFFRY K. ROSS be retained in the office of Judge of the Juvenile Court of the Eighth Juvenile Court District?,,,NO,53
Duchesne,RO51,Shall JEFFRY K. ROSS be retained in the office of Judge of the Juvenile Court of the Eighth Juvenile Court District?,,,NO,8
Duchesne,RO51:CW,Shall JEFFRY K. ROSS be retained in the office of Judge of the Juvenile Court of the Eighth Juvenile Court District?,,,NO,0
Duchesne,RO51:DWUR,Shall JEFFRY K. ROSS be retained in the office of Judge of the Juvenile Court of the Eighth Juvenile Court District?,,,NO,0
Duchesne,RO51:J1UR,Shall JEFFRY K. ROSS be retained in the office of Judge of the Juvenile Court of the Eighth Juvenile Court District?,,,NO,0
Duchesne,RO51:JW1,Shall JEFFRY K. ROSS be retained in the office of Judge of the Juvenile Court of the Eighth Juvenile Court District?,,,NO,23
Duchesne,RO51:JW2,Shall JEFFRY K. ROSS be retained in the office of Judge of the Juvenile Court of the Eighth Juvenile Court District?,,,NO,28
Duchesne,RO51:JW3,Shall JEFFRY K. ROSS be retained in the office of Judge of the Juvenile Court of the Eighth Juvenile Court District?,,,NO,18
Duchesne,RO51:UR,Shall JEFFRY K. ROSS be retained in the office of Judge of the Juvenile Court of the Eighth Juvenile Court District?,,,NO,0
Duchesne,TA11,Shall JEFFRY K. ROSS be retained in the office of Judge of the Juvenile Court of the Eighth Juvenile Court District?,,,NO,0
Duchesne,TA11:FWTR,Shall JEFFRY K. ROSS be retained in the office of Judge of the Juvenile Court of the Eighth Juvenile Court District?,,,NO,0
Duchesne,TA11:HWTR,Shall JEFFRY K. ROSS be retained in the office of Judge of the Juvenile Court of the Eighth Juvenile Court District?,,,NO,42
Duchesne,TA11:PWTR,Shall JEFFRY K. ROSS be retained in the office of Judge of the Juvenile Court of the Eighth Juvenile Court District?,,,NO,0
Duchesne,TA11:TR,Shall JEFFRY K. ROSS be retained in the office of Judge of the Juvenile Court of the Eighth Juvenile Court District?,,,NO,5
Duchesne,TA12:TR,Shall JEFFRY K. ROSS be retained in the office of Judge of the Juvenile Court of the Eighth Juvenile Court District?,,,NO,12
Duchesne,AB11,Constitutional Amendment B,,,FOR,14
Duchesne,AB11:CWNR,Constitutional Amendment B,,,FOR,0
Duchesne,AB11:CWUR,Constitutional Amendment B,,,FOR,0
Duchesne,AB11:UR,Constitutional Amendment B,,,FOR,0
Duchesne,AB11:UWUR,Constitutional Amendment B,,,FOR,233
Duchesne,AL12:UR,Constitutional Amendment B,,,FOR,77
Duchesne,AM11,Constitutional Amendment B,,,FOR,29
Duchesne,AM11:DW,Constitutional Amendment B,,,FOR,14
Duchesne,AM11:DWUR,Constitutional Amendment B,,,FOR,0
Duchesne,AM11:GR,Constitutional Amendment B,,,FOR,0
Duchesne,AM11:JW1,Constitutional Amendment B,,,FOR,8
Duchesne,AM11:JW3,Constitutional Amendment B,,,FOR,49
Duchesne,AM11:JW4,Constitutional Amendment B,,,FOR,77
Duchesne,AR11:CWUR,Constitutional Amendment B,,,FOR,0
Duchesne,AR11:DWGR,Constitutional Amendment B,,,FOR,24
Duchesne,AR11:DWUR,Constitutional Amendment B,,,FOR,21
Duchesne,AR11:GR,Constitutional Amendment B,,,FOR,0
Duchesne,AR11:J1UR,Constitutional Amendment B,,,FOR,51
Duchesne,AR11:UR,Constitutional Amendment B,,,FOR,20
Duchesne,AR11:UWUR,Constitutional Amendment B,,,FOR,85
Duchesne,DU11,Constitutional Amendment B,,,FOR,0
Duchesne,DU11:DW,Constitutional Amendment B,,,FOR,0
Duchesne,DU11:DWGR,Constitutional Amendment B,,,FOR,281
Duchesne,DU11:GR,Constitutional Amendment B,,,FOR,80
Duchesne,DU11:PWGR,Constitutional Amendment B,,,FOR,29
Duchesne,DU11:PWTR,Constitutional Amendment B,,,FOR,0
Duchesne,DU11:TR,Constitutional Amendment B,,,FOR,0
Duchesne,DU12:DWGR,Constitutional Amendment B,,,FOR,13
Duchesne,DU12:GR,Constitutional Amendment B,,,FOR,396
Duchesne,FR11:FWGR,Constitutional Amendment B,,,FOR,126
Duchesne,FR11:GR,Constitutional Amendment B,,,FOR,15
Duchesne,FR11:HWTR,Constitutional Amendment B,,,FOR,0
Duchesne,FR11:PWGR,Constitutional Amendment B,,,FOR,64
Duchesne,FR11:PWTR,Constitutional Amendment B,,,FOR,0
Duchesne,FR11:TR,Constitutional Amendment B,,,FOR,0
Duchesne,MH11,Constitutional Amendment B,,,FOR,0
Duchesne,MH11:DWGR,Constitutional Amendment B,,,FOR,12
Duchesne,MH11:GR,Constitutional Amendment B,,,FOR,7
Duchesne,MH11:TR,Constitutional Amendment B,,,FOR,0
Duchesne,MH11:UR,Constitutional Amendment B,,,FOR,47
Duchesne,MH11:UWUR,Constitutional Amendment B,,,FOR,220
Duchesne,MY12,Constitutional Amendment B,,,FOR,106
Duchesne,MY12:JW1,Constitutional Amendment B,,,FOR,0
Duchesne,MY12:JW4,Constitutional Amendment B,,,FOR,0
Duchesne,NE11,Constitutional Amendment B,,,FOR,24
Duchesne,NE11:CW,Constitutional Amendment B,,,FOR,81
Duchesne,NE11:CWNR,Constitutional Amendment B,,,FOR,252
Duchesne,NE11:NR,Constitutional Amendment B,,,FOR,46
Duchesne,NE11:NW,Constitutional Amendment B,,,FOR,15
Duchesne,NE11:NWNR,Constitutional Amendment B,,,FOR,134
Duchesne,NE11:UR,Constitutional Amendment B,,,FOR,0
Duchesne,RO11:S3J2,Constitutional Amendment B,,,FOR,0
Duchesne,RO11:SBD2,Constitutional Amendment B,,,FOR,31
Duchesne,RO11:SBD3,Constitutional Amendment B,,,FOR,0
Duchesne,RO12,Constitutional Amendment B,,,FOR,311
Duchesne,RO12:JW2,Constitutional Amendment B,,,FOR,90
Duchesne,RO21,Constitutional Amendment B,,,FOR,117
Duchesne,RO21:CW,Constitutional Amendment B,,,FOR,17
Duchesne,RO22,Constitutional Amendment B,,,FOR,476
Duchesne,RO31,Constitutional Amendment B,,,FOR,82
Duchesne,RO32,Constitutional Amendment B,,,FOR,338
Duchesne,RO32:JW1,Constitutional Amendment B,,,FOR,0
Duchesne,RO32:JW2,Constitutional Amendment B,,,FOR,0
Duchesne,RO41,Constitutional Amendment B,,,FOR,214
Duchesne,RO41:CW,Constitutional Amendment B,,,FOR,17
Duchesne,RO42,Constitutional Amendment B,,,FOR,304
Duchesne,RO51,Constitutional Amendment B,,,FOR,12
Duchesne,RO51:CW,Constitutional Amendment B,,,FOR,0
Duchesne,RO51:DWUR,Constitutional Amendment B,,,FOR,0
Duchesne,RO51:J1UR,Constitutional Amendment B,,,FOR,0
Duchesne,RO51:JW1,Constitutional Amendment B,,,FOR,100
Duchesne,RO51:JW2,Constitutional Amendment B,,,FOR,108
Duchesne,RO51:JW3,Constitutional Amendment B,,,FOR,65
Duchesne,RO51:UR,Constitutional Amendment B,,,FOR,0
Duchesne,TA11,Constitutional Amendment B,,,FOR,0
Duchesne,TA11:FWTR,Constitutional Amendment B,,,FOR,0
Duchesne,TA11:HWTR,Constitutional Amendment B,,,FOR,139
Duchesne,TA11:PWTR,Constitutional Amendment B,,,FOR,0
Duchesne,TA11:TR,Constitutional Amendment B,,,FOR,17
Duchesne,TA12:TR,Constitutional Amendment B,,,FOR,42
Duchesne,AB11,Constitutional Amendment B,,,AGAINST,8
Duchesne,AB11:CWNR,Constitutional Amendment B,,,AGAINST,0
Duchesne,AB11:CWUR,Constitutional Amendment B,,,AGAINST,0
Duchesne,AB11:UR,Constitutional Amendment B,,,AGAINST,0
Duchesne,AB11:UWUR,Constitutional Amendment B,,,AGAINST,129
Duchesne,AL12:UR,Constitutional Amendment B,,,AGAINST,32
Duchesne,AM11,Constitutional Amendment B,,,AGAINST,20
Duchesne,AM11:DW,Constitutional Amendment B,,,AGAINST,19
Duchesne,AM11:DWUR,Constitutional Amendment B,,,AGAINST,0
Duchesne,AM11:GR,Constitutional Amendment B,,,AGAINST,0
Duchesne,AM11:JW1,Constitutional Amendment B,,,AGAINST,11
Duchesne,AM11:JW3,Constitutional Amendment B,,,AGAINST,41
Duchesne,AM11:JW4,Constitutional Amendment B,,,AGAINST,37
Duchesne,AR11:CWUR,Constitutional Amendment B,,,AGAINST,0
Duchesne,AR11:DWGR,Constitutional Amendment B,,,AGAINST,10
Duchesne,AR11:DWUR,Constitutional Amendment B,,,AGAINST,20
Duchesne,AR11:GR,Constitutional Amendment B,,,AGAINST,0
Duchesne,AR11:J1UR,Constitutional Amendment B,,,AGAINST,33
Duchesne,AR11:UR,Constitutional Amendment B,,,AGAINST,10
Duchesne,AR11:UWUR,Constitutional Amendment B,,,AGAINST,66
Duchesne,DU11,Constitutional Amendment B,,,AGAINST,0
Duchesne,DU11:DW,Constitutional Amendment B,,,AGAINST,0
Duchesne,DU11:DWGR,Constitutional Amendment B,,,AGAINST,178
Duchesne,DU11:GR,Constitutional Amendment B,,,AGAINST,71
Duchesne,DU11:PWGR,Constitutional Amendment B,,,AGAINST,29
Duchesne,DU11:PWTR,Constitutional Amendment B,,,AGAINST,0
Duchesne,DU11:TR,Constitutional Amendment B,,,AGAINST,0
Duchesne,DU12:DWGR,Constitutional Amendment B,,,AGAINST,1
Duchesne,DU12:GR,Constitutional Amendment B,,,AGAINST,289
Duchesne,FR11:FWGR,Constitutional Amendment B,,,AGAINST,110
Duchesne,FR11:GR,Constitutional Amendment B,,,AGAINST,24
Duchesne,FR11:HWTR,Constitutional Amendment B,,,AGAINST,0
Duchesne,FR11:PWGR,Constitutional Amendment B,,,AGAINST,60
Duchesne,FR11:PWTR,Constitutional Amendment B,,,AGAINST,0
Duchesne,FR11:TR,Constitutional Amendment B,,,AGAINST,0
Duchesne,MH11,Constitutional Amendment B,,,AGAINST,0
Duchesne,MH11:DWGR,Constitutional Amendment B,,,AGAINST,5
Duchesne,MH11:GR,Constitutional Amendment B,,,AGAINST,11
Duchesne,MH11:TR,Constitutional Amendment B,,,AGAINST,0
Duchesne,MH11:UR,Constitutional Amendment B,,,AGAINST,34
Duchesne,MH11:UWUR,Constitutional Amendment B,,,AGAINST,131
Duchesne,MY12,Constitutional Amendment B,,,AGAINST,63
Duchesne,MY12:JW1,Constitutional Amendment B,,,AGAINST,0
Duchesne,MY12:JW4,Constitutional Amendment B,,,AGAINST,0
Duchesne,NE11,Constitutional Amendment B,,,AGAINST,12
Duchesne,NE11:CW,Constitutional Amendment B,,,AGAINST,54
Duchesne,NE11:CWNR,Constitutional Amendment B,,,AGAINST,178
Duchesne,NE11:NR,Constitutional Amendment B,,,AGAINST,27
Duchesne,NE11:NW,Constitutional Amendment B,,,AGAINST,17
Duchesne,NE11:NWNR,Constitutional Amendment B,,,AGAINST,104
Duchesne,NE11:UR,Constitutional Amendment B,,,AGAINST,0
Duchesne,RO11:S3J2,Constitutional Amendment B,,,AGAINST,0
Duchesne,RO11:SBD2,Constitutional Amendment B,,,AGAINST,16
Duchesne,RO11:SBD3,Constitutional Amendment B,,,AGAINST,0
Duchesne,RO12,Constitutional Amendment B,,,AGAINST,179
Duchesne,RO12:JW2,Constitutional Amendment B,,,AGAINST,52
Duchesne,RO21,Constitutional Amendment B,,,AGAINST,59
Duchesne,RO21:CW,Constitutional Amendment B,,,AGAINST,9
Duchesne,RO22,Constitutional Amendment B,,,AGAINST,255
Duchesne,RO31,Constitutional Amendment B,,,AGAINST,38
Duchesne,RO32,Constitutional Amendment B,,,AGAINST,153
Duchesne,RO32:JW1,Constitutional Amendment B,,,AGAINST,0
Duchesne,RO32:JW2,Constitutional Amendment B,,,AGAINST,0
Duchesne,RO41,Constitutional Amendment B,,,AGAINST,132
Duchesne,RO41:CW,Constitutional Amendment B,,,AGAINST,1
Duchesne,RO42,Constitutional Amendment B,,,AGAINST,153
Duchesne,RO51,Constitutional Amendment B,,,AGAINST,3
Duchesne,RO51:CW,Constitutional Amendment B,,,AGAINST,0
Duchesne,RO51:DWUR,Constitutional Amendment B,,,AGAINST,0
Duchesne,RO51:J1UR,Constitutional Amendment B,,,AGAINST,0
Duchesne,RO51:JW1,Constitutional Amendment B,,,AGAINST,60
Duchesne,RO51:JW2,Constitutional Amendment B,,,AGAINST,80
Duchesne,RO51:JW3,Constitutional Amendment B,,,AGAINST,35
Duchesne,RO51:UR,Constitutional Amendment B,,,AGAINST,0
Duchesne,TA11,Constitutional Amendment B,,,AGAINST,0
Duchesne,TA11:FWTR,Constitutional Amendment B,,,AGAINST,0
Duchesne,TA11:HWTR,Constitutional Amendment B,,,AGAINST,108
Duchesne,TA11:PWTR,Constitutional Amendment B,,,AGAINST,0
Duchesne,TA11:TR,Constitutional Amendment B,,,AGAINST,19
Duchesne,TA12:TR,Constitutional Amendment B,,,AGAINST,36
Duchesne,AB11,Constitutional Amendment C,,,FOR,21
Duchesne,AB11:CWNR,Constitutional Amendment C,,,FOR,0
Duchesne,AB11:CWUR,Constitutional Amendment C,,,FOR,0
Duchesne,AB11:UR,Constitutional Amendment C,,,FOR,0
Duchesne,AB11:UWUR,Constitutional Amendment C,,,FOR,319
Duchesne,AL12:UR,Constitutional Amendment C,,,FOR,99
Duchesne,AM11,Constitutional Amendment C,,,FOR,45
Duchesne,AM11:DW,Constitutional Amendment C,,,FOR,27
Duchesne,AM11:DWUR,Constitutional Amendment C,,,FOR,0
Duchesne,AM11:GR,Constitutional Amendment C,,,FOR,0
Duchesne,AM11:JW1,Constitutional Amendment C,,,FOR,18
Duchesne,AM11:JW3,Constitutional Amendment C,,,FOR,81
Duchesne,AM11:JW4,Constitutional Amendment C,,,FOR,108
Duchesne,AR11:CWUR,Constitutional Amendment C,,,FOR,0
Duchesne,AR11:DWGR,Constitutional Amendment C,,,FOR,37
Duchesne,AR11:DWUR,Constitutional Amendment C,,,FOR,39
Duchesne,AR11:GR,Constitutional Amendment C,,,FOR,0
Duchesne,AR11:J1UR,Constitutional Amendment C,,,FOR,78
Duchesne,AR11:UR,Constitutional Amendment C,,,FOR,28
Duchesne,AR11:UWUR,Constitutional Amendment C,,,FOR,126
Duchesne,DU11,Constitutional Amendment C,,,FOR,0
Duchesne,DU11:DW,Constitutional Amendment C,,,FOR,0
Duchesne,DU11:DWGR,Constitutional Amendment C,,,FOR,413
Duchesne,DU11:GR,Constitutional Amendment C,,,FOR,135
Duchesne,DU11:PWGR,Constitutional Amendment C,,,FOR,54
Duchesne,DU11:PWTR,Constitutional Amendment C,,,FOR,0
Duchesne,DU11:TR,Constitutional Amendment C,,,FOR,0
Duchesne,DU12:DWGR,Constitutional Amendment C,,,FOR,14
Duchesne,DU12:GR,Constitutional Amendment C,,,FOR,607
Duchesne,FR11:FWGR,Constitutional Amendment C,,,FOR,213
Duchesne,FR11:GR,Constitutional Amendment C,,,FOR,34
Duchesne,FR11:HWTR,Constitutional Amendment C,,,FOR,0
Duchesne,FR11:PWGR,Constitutional Amendment C,,,FOR,116
Duchesne,FR11:PWTR,Constitutional Amendment C,,,FOR,0
Duchesne,FR11:TR,Constitutional Amendment C,,,FOR,0
Duchesne,MH11,Constitutional Amendment C,,,FOR,0
Duchesne,MH11:DWGR,Constitutional Amendment C,,,FOR,18
Duchesne,MH11:GR,Constitutional Amendment C,,,FOR,16
Duchesne,MH11:TR,Constitutional Amendment C,,,FOR,0
Duchesne,MH11:UR,Constitutional Amendment C,,,FOR,76
Duchesne,MH11:UWUR,Constitutional Amendment C,,,FOR,308
Duchesne,MY12,Constitutional Amendment C,,,FOR,153
Duchesne,MY12:JW1,Constitutional Amendment C,,,FOR,0
Duchesne,MY12:JW4,Constitutional Amendment C,,,FOR,0
Duchesne,NE11,Constitutional Amendment C,,,FOR,32
Duchesne,NE11:CW,Constitutional Amendment C,,,FOR,126
Duchesne,NE11:CWNR,Constitutional Amendment C,,,FOR,374
Duchesne,NE11:NR,Constitutional Amendment C,,,FOR,65
Duchesne,NE11:NW,Constitutional Amendment C,,,FOR,28
Duchesne,NE11:NWNR,Constitutional Amendment C,,,FOR,215
Duchesne,NE11:UR,Constitutional Amendment C,,,FOR,0
Duchesne,RO11:S3J2,Constitutional Amendment C,,,FOR,0
Duchesne,RO11:SBD2,Constitutional Amendment C,,,FOR,42
Duchesne,RO11:SBD3,Constitutional Amendment C,,,FOR,0
Duchesne,RO12,Constitutional Amendment C,,,FOR,447
Duchesne,RO12:JW2,Constitutional Amendment C,,,FOR,128
Duchesne,RO21,Constitutional Amendment C,,,FOR,151
Duchesne,RO21:CW,Constitutional Amendment C,,,FOR,24
Duchesne,RO22,Constitutional Amendment C,,,FOR,652
Duchesne,RO31,Constitutional Amendment C,,,FOR,110
Duchesne,RO32,Constitutional Amendment C,,,FOR,435
Duchesne,RO32:JW1,Constitutional Amendment C,,,FOR,0
Duchesne,RO32:JW2,Constitutional Amendment C,,,FOR,0
Duchesne,RO41,Constitutional Amendment C,,,FOR,314
Duchesne,RO41:CW,Constitutional Amendment C,,,FOR,19
Duchesne,RO42,Constitutional Amendment C,,,FOR,401
Duchesne,RO51,Constitutional Amendment C,,,FOR,13
Duchesne,RO51:CW,Constitutional Amendment C,,,FOR,0
Duchesne,RO51:DWUR,Constitutional Amendment C,,,FOR,0
Duchesne,RO51:J1UR,Constitutional Amendment C,,,FOR,0
Duchesne,RO51:JW1,Constitutional Amendment C,,,FOR,149
Duchesne,RO51:JW2,Constitutional Amendment C,,,FOR,166
Duchesne,RO51:JW3,Constitutional Amendment C,,,FOR,96
Duchesne,RO51:UR,Constitutional Amendment C,,,FOR,0
Duchesne,TA11,Constitutional Amendment C,,,FOR,0
Duchesne,TA11:FWTR,Constitutional Amendment C,,,FOR,0
Duchesne,TA11:HWTR,Constitutional Amendment C,,,FOR,214
Duchesne,TA11:PWTR,Constitutional Amendment C,,,FOR,0
Duchesne,TA11:TR,Constitutional Amendment C,,,FOR,27
Duchesne,TA12:TR,Constitutional Amendment C,,,FOR,71
Duchesne,AB11,Constitutional Amendment C,,,AGAINST,1
Duchesne,AB11:CWNR,Constitutional Amendment C,,,AGAINST,0
Duchesne,AB11:CWUR,Constitutional Amendment C,,,AGAINST,0
Duchesne,AB11:UR,Constitutional Amendment C,,,AGAINST,0
Duchesne,AB11:UWUR,Constitutional Amendment C,,,AGAINST,43
Duchesne,AL12:UR,Constitutional Amendment C,,,AGAINST,10
Duchesne,AM11,Constitutional Amendment C,,,AGAINST,4
Duchesne,AM11:DW,Constitutional Amendment C,,,AGAINST,7
Duchesne,AM11:DWUR,Constitutional Amendment C,,,AGAINST,0
Duchesne,AM11:GR,Constitutional Amendment C,,,AGAINST,0
Duchesne,AM11:JW1,Constitutional Amendment C,,,AGAINST,1
Duchesne,AM11:JW3,Constitutional Amendment C,,,AGAINST,9
Duchesne,AM11:JW4,Constitutional Amendment C,,,AGAINST,10
Duchesne,AR11:CWUR,Constitutional Amendment C,,,AGAINST,0
Duchesne,AR11:DWGR,Constitutional Amendment C,,,AGAINST,0
Duchesne,AR11:DWUR,Constitutional Amendment C,,,AGAINST,3
Duchesne,AR11:GR,Constitutional Amendment C,,,AGAINST,0
Duchesne,AR11:J1UR,Constitutional Amendment C,,,AGAINST,13
Duchesne,AR11:UR,Constitutional Amendment C,,,AGAINST,2
Duchesne,AR11:UWUR,Constitutional Amendment C,,,AGAINST,26
Duchesne,DU11,Constitutional Amendment C,,,AGAINST,0
Duchesne,DU11:DW,Constitutional Amendment C,,,AGAINST,0
Duchesne,DU11:DWGR,Constitutional Amendment C,,,AGAINST,58
Duchesne,DU11:GR,Constitutional Amendment C,,,AGAINST,16
Duchesne,DU11:PWGR,Constitutional Amendment C,,,AGAINST,3
Duchesne,DU11:PWTR,Constitutional Amendment C,,,AGAINST,0
Duchesne,DU11:TR,Constitutional Amendment C,,,AGAINST,0
Duchesne,DU12:DWGR,Constitutional Amendment C,,,AGAINST,0
Duchesne,DU12:GR,Constitutional Amendment C,,,AGAINST,90
Duchesne,FR11:FWGR,Constitutional Amendment C,,,AGAINST,26
Duchesne,FR11:GR,Constitutional Amendment C,,,AGAINST,7
Duchesne,FR11:HWTR,Constitutional Amendment C,,,AGAINST,0
Duchesne,FR11:PWGR,Constitutional Amendment C,,,AGAINST,10
Duchesne,FR11:PWTR,Constitutional Amendment C,,,AGAINST,0
Duchesne,FR11:TR,Constitutional Amendment C,,,AGAINST,0
Duchesne,MH11,Constitutional Amendment C,,,AGAINST,0
Duchesne,MH11:DWGR,Constitutional Amendment C,,,AGAINST,0
Duchesne,MH11:GR,Constitutional Amendment C,,,AGAINST,2
Duchesne,MH11:TR,Constitutional Amendment C,,,AGAINST,0
Duchesne,MH11:UR,Constitutional Amendment C,,,AGAINST,8
Duchesne,MH11:UWUR,Constitutional Amendment C,,,AGAINST,42
Duchesne,MY12,Constitutional Amendment C,,,AGAINST,18
Duchesne,MY12:JW1,Constitutional Amendment C,,,AGAINST,0
Duchesne,MY12:JW4,Constitutional Amendment C,,,AGAINST,0
Duchesne,NE11,Constitutional Amendment C,,,AGAINST,4
Duchesne,NE11:CW,Constitutional Amendment C,,,AGAINST,10
Duchesne,NE11:CWNR,Constitutional Amendment C,,,AGAINST,57
Duchesne,NE11:NR,Constitutional Amendment C,,,AGAINST,10
Duchesne,NE11:NW,Constitutional Amendment C,,,AGAINST,4
Duchesne,NE11:NWNR,Constitutional Amendment C,,,AGAINST,25
Duchesne,NE11:UR,Constitutional Amendment C,,,AGAINST,0
Duchesne,RO11:S3J2,Constitutional Amendment C,,,AGAINST,0
Duchesne,RO11:SBD2,Constitutional Amendment C,,,AGAINST,4
Duchesne,RO11:SBD3,Constitutional Amendment C,,,AGAINST,0
Duchesne,RO12,Constitutional Amendment C,,,AGAINST,46
Duchesne,RO12:JW2,Constitutional Amendment C,,,AGAINST,21
Duchesne,RO21,Constitutional Amendment C,,,AGAINST,25
Duchesne,RO21:CW,Constitutional Amendment C,,,AGAINST,2
Duchesne,RO22,Constitutional Amendment C,,,AGAINST,88
Duchesne,RO31,Constitutional Amendment C,,,AGAINST,14
Duchesne,RO32,Constitutional Amendment C,,,AGAINST,58
Duchesne,RO32:JW1,Constitutional Amendment C,,,AGAINST,0
Duchesne,RO32:JW2,Constitutional Amendment C,,,AGAINST,0
Duchesne,RO41,Constitutional Amendment C,,,AGAINST,42
Duchesne,RO41:CW,Constitutional Amendment C,,,AGAINST,3
Duchesne,RO42,Constitutional Amendment C,,,AGAINST,62
Duchesne,RO51,Constitutional Amendment C,,,AGAINST,2
Duchesne,RO51:CW,Constitutional Amendment C,,,AGAINST,0
Duchesne,RO51:DWUR,Constitutional Amendment C,,,AGAINST,0
Duchesne,RO51:J1UR,Constitutional Amendment C,,,AGAINST,0
Duchesne,RO51:JW1,Constitutional Amendment C,,,AGAINST,14
Duchesne,RO51:JW2,Constitutional Amendment C,,,AGAINST,24
Duchesne,RO51:JW3,Constitutional Amendment C,,,AGAINST,7
Duchesne,RO51:UR,Constitutional Amendment C,,,AGAINST,0
Duchesne,TA11,Constitutional Amendment C,,,AGAINST,0
Duchesne,TA11:FWTR,Constitutional Amendment C,,,AGAINST,0
Duchesne,TA11:HWTR,Constitutional Amendment C,,,AGAINST,30
Duchesne,TA11:PWTR,Constitutional Amendment C,,,AGAINST,0
Duchesne,TA11:TR,Constitutional Amendment C,,,AGAINST,9
Duchesne,TA12:TR,Constitutional Amendment C,,,AGAINST,7
