county,precinct,office,district,candidate,party,election_day,absentee,mail,votes
Box Elder,Beaver Dam/Collinston,STRAIGHT PARTY,,Registered Voters,NP,206,,,
Box Elder,Beaver Dam/Collinston,STRAIGHT PARTY,,CONSTITUTION,CON,0,0,,0
Box Elder,Beaver Dam/Collinston,STRAIGHT PARTY,,LIBERTARIAN,LIB,0,0,,0
Box Elder,Beaver Dam/Collinston,STRAIGHT PARTY,,DEMOCRATIC,DEM,4,0,,4
Box Elder,Beaver Dam/Collinston,STRAIGHT PARTY,,REPUBLICAN,REP,34,1,,35
Box Elder,Beaver Dam/Collinston,STRAIGHT PARTY,,JUSTICE,JUS,0,0,,0
Box Elder,Beaver Dam/Collinston,STRAIGHT PARTY,,GREEN,GRN,0,0,,0
Box Elder,Beaver Dam/Collinston,U.S. PRESIDENT,,Registered Voters,NP,206,,,
Box Elder,Beaver Dam/Collinston,U.S. PRESIDENT,,JILL STEIN,GRN,1,0,,1
Box Elder,Beaver Dam/Collinston,U.S. PRESIDENT,,GLORIA LA RIVA,PSL,0,0,,0
Box Elder,Beaver Dam/Collinston,U.S. PRESIDENT,,MITT ROMNEY,REP,167,3,,170
Box Elder,Beaver Dam/Collinston,U.S. PRESIDENT,,BARACK OBAMA,DEM,11,0,,11
Box Elder,Beaver Dam/Collinston,U.S. PRESIDENT,,GARY JOHNSON,LIB,0,0,,0
Box Elder,Beaver Dam/Collinston,U.S. PRESIDENT,,VIRGIL GOODE,CON,1,0,,1
Box Elder,Beaver Dam/Collinston,U.S. PRESIDENT,,"ROSS C. \ROCKY\"" ANDE""",JUS,1,0,,1
Box Elder,Beaver Dam/Collinston,U.S. PRESIDENT,,ROSEANNE BARR,NP,0,0,,0
Box Elder,Beaver Dam/Collinston,U.S. PRESIDENT,,STEPHEN DURHAM,NP,0,0,,0
Box Elder,Beaver Dam/Collinston,U.S. PRESIDENT,,JILL REED,NP,0,0,,0
Box Elder,Beaver Dam/Collinston,U.S. PRESIDENT,,ANDRE BARNETT,NP,0,0,,0
Box Elder,Beaver Dam/Collinston,U.S. PRESIDENT,,WILL CHRISTENSEN,NP,0,0,,0
Box Elder,Beaver Dam/Collinston,U.S. PRESIDENT,,JUSTIN MEYERS,NP,0,0,,0
Box Elder,Beaver Dam/Collinston,U.S. PRESIDENT,,SHEILA SAM TITTLE,NP,0,0,,0
Box Elder,Beaver Dam/Collinston,U.S. PRESIDENT,,ERIN KENT MAGEE,NP,0,0,,0
Box Elder,Beaver Dam/Collinston,U.S. PRESIDENT,,DEAN MORSTAD,NP,0,0,,0
Box Elder,Beaver Dam/Collinston,U.S. PRESIDENT,,NELSON MORSTAD,NP,0,0,,0
Box Elder,Beaver Dam/Collinston,U.S. PRESIDENT,,DARRELL HYKES,NP,0,0,,0
Box Elder,Beaver Dam/Collinston,U.S. PRESIDENT,,Write-in 80,NP,0,0,,0
Box Elder,Beaver Dam/Collinston,U. S. SENATE,,Registered Voters,NP,206,,,
Box Elder,Beaver Dam/Collinston,U. S. SENATE,,SHAUN LYNN McCAUSLAN,CON,7,0,,7
Box Elder,Beaver Dam/Collinston,U. S. SENATE,,SCOTT HOWELL,DEM,22,0,,22
Box Elder,Beaver Dam/Collinston,U. S. SENATE,,ORRIN G. HATCH,REP,149,3,,152
Box Elder,Beaver Dam/Collinston,U. S. SENATE,,DANIEL GEERY,JUS,3,0,,3
Box Elder,Beaver Dam/Collinston,U. S. SENATE,,BILL BARRON,UNA,0,0,,0
Box Elder,Beaver Dam/Collinston,U. S. SENATE,,JoANN S. SECRIST,NP,0,0,,0
Box Elder,Beaver Dam/Collinston,U. S. SENATE,,Write-in 60,NP,0,0,,0
Box Elder,Beaver Dam/Collinston,U. S. HOUSE OF REPRESENTATIVE,,Registered Voters,NP,206,,,
Box Elder,Beaver Dam/Collinston,U. S. HOUSE OF REPRESENTATIVE,,SHERRY PHIPPS,CON,17,0,,17
Box Elder,Beaver Dam/Collinston,U. S. HOUSE OF REPRESENTATIVE,,DONNA M. McALEER,DEM,19,0,,19
Box Elder,Beaver Dam/Collinston,U. S. HOUSE OF REPRESENTATIVE,,ROB BISHOP,REP,142,2,,144
Box Elder,Beaver Dam/Collinston,U. S. HOUSE OF REPRESENTATIVE,,Write-in 40,NP,0,0,,0
Box Elder,Beaver Dam/Collinston,GOVERNOR,,Registered Voters,NP,206,,,
Box Elder,Beaver Dam/Collinston,GOVERNOR,,PETER S COOKE,DEM,15,0,,15
Box Elder,Beaver Dam/Collinston,GOVERNOR,,KEN LARSEN,LIB,3,0,,3
Box Elder,Beaver Dam/Collinston,GOVERNOR,,KIRK D PEARSON,CON,5,0,,5
Box Elder,Beaver Dam/Collinston,GOVERNOR,,GARY R. HERBERT,REP,152,3,,155
Box Elder,Beaver Dam/Collinston,GOVERNOR,,DAVID J CANNON,NP,0,0,,0
Box Elder,Beaver Dam/Collinston,GOVERNOR,,DENNIS C. OWEN,NP,0,0,,0
Box Elder,Beaver Dam/Collinston,GOVERNOR,,Write-in 50,NP,0,0,,0
Box Elder,Beaver Dam/Collinston,ATTY GENERAL,,Registered Voters,NP,206,,,
Box Elder,Beaver Dam/Collinston,ATTY GENERAL,,DEE W. SMITH,DEM,24,1,,25
Box Elder,Beaver Dam/Collinston,ATTY GENERAL,,JOHN SWALLOW,REP,141,2,,143
Box Elder,Beaver Dam/Collinston,ATTY GENERAL,,W. ANDREW McCULLOUGH,LIB,9,0,,9
Box Elder,Beaver Dam/Collinston,ATTY GENERAL,,Write-in 40,NP,0,0,,0
Box Elder,Beaver Dam/Collinston,STATE AUDITOR,,Registered Voters,NP,206,,,
Box Elder,Beaver Dam/Collinston,STATE AUDITOR,,MARK SAGE,DEM,24,0,,24
Box Elder,Beaver Dam/Collinston,STATE AUDITOR,,JOHN DOUGALL,REP,128,2,,130
Box Elder,Beaver Dam/Collinston,STATE AUDITOR,,RICHARD PROCTOR,CON,15,0,,15
Box Elder,Beaver Dam/Collinston,STATE AUDITOR,,Write-in 40,NP,2,0,,2
Box Elder,Beaver Dam/Collinston,STATE TREASURER,,Registered Voters,NP,206,,,
Box Elder,Beaver Dam/Collinston,STATE TREASURER,,CHRISTOPHER STOUT,DEM,21,0,,21
Box Elder,Beaver Dam/Collinston,STATE TREASURER,,VINCENT C. MARCUS,LIB,11,0,,11
Box Elder,Beaver Dam/Collinston,STATE TREASURER,,RICHARD K. ELLIS,REP,136,2,,138
Box Elder,Beaver Dam/Collinston,STATE TREASURER,,WARREN ROGERS,NP,0,0,,0
Box Elder,Beaver Dam/Collinston,STATE TREASURER,,Write-in 40,NP,0,0,,0
Box Elder,Beaver Dam/Collinston,UTAH STATE HOUSE OF REPRESENTATIVES1,,Registered Voters,NP,206,,,
Box Elder,Beaver Dam/Collinston,UTAH STATE HOUSE OF REPRESENTATIVES1,,DeLOY W MECHAM,DEM,12,0,,12
Box Elder,Beaver Dam/Collinston,UTAH STATE HOUSE OF REPRESENTATIVES1,,RONDA RUDD MENLOVE,REP,154,3,,157
Box Elder,Beaver Dam/Collinston,UTAH STATE HOUSE OF REPRESENTATIVES1,,BECKY MADDOX,CON,12,0,,12
Box Elder,Beaver Dam/Collinston,UTAH STATE HOUSE OF REPRESENTATIVES1,,Write-in 40,NP,0,0,,0
Box Elder,Beaver Dam/Collinston,UTAH STATE SCHOOL BOARD OF EDUCATION,,Registered Voters,NP,206,,,
Box Elder,Beaver Dam/Collinston,UTAH STATE SCHOOL BOARD OF EDUCATION,,D. ALAN SHAKESPEAR,NP,100,2,,102
Box Elder,Beaver Dam/Collinston,UTAH STATE SCHOOL BOARD OF EDUCATION,,TAMI W. PYFER,NP,55,0,,55
Box Elder,Beaver Dam/Collinston,UTAH STATE SCHOOL BOARD OF EDUCATION,,Write-in 30,NP,1,0,,1
Box Elder,Beaver Dam/Collinston,BOX ELDER COUNTY COMMISSION SEAT C,,Registered Voters,NP,206,,,
Box Elder,Beaver Dam/Collinston,BOX ELDER COUNTY COMMISSION SEAT C,,STAN SUMMERS,REP,163,2,,165
Box Elder,Beaver Dam/Collinston,BOX ELDER COUNTY COMMISSION SEAT C,,Write-in 20,NP,5,0,,5
Box Elder,Beaver Dam/Collinston,Judge KEVIN K. ALLEN,,Registered Voters,NP,206,,,
Box Elder,Beaver Dam/Collinston,Judge KEVIN K. ALLEN,,YES,NP,118,2,,120
Box Elder,Beaver Dam/Collinston,Judge KEVIN K. ALLEN,,NO,NP,40,0,,40
Box Elder,Beaver Dam/Collinston,Judge JEFFREY R. BURBANK,,Registered Voters,NP,206,,,
Box Elder,Beaver Dam/Collinston,Judge JEFFREY R. BURBANK,,YES,NP,126,2,,128
Box Elder,Beaver Dam/Collinston,Judge JEFFREY R. BURBANK,,NO,NP,33,0,,33
Box Elder,Beaver Dam/Collinston,BOX ELDER COUNTY SCHOOL BOARD DIST 1,,Registered Voters,NP,206,,,
Box Elder,Beaver Dam/Collinston,BOX ELDER COUNTY SCHOOL BOARD DIST 1,,LYNN A. CAPENER,NP,164,2,,166
Box Elder,Beaver Dam/Collinston,BOX ELDER COUNTY SCHOOL BOARD DIST 1,,Write-in 20,NP,2,0,,2
Box Elder,Beaver Dam/Collinston,Constitutional Amendment A,,Registered Voters,NP,206,,,
Box Elder,Beaver Dam/Collinston,Constitutional Amendment A,,FOR,NP,65,1,,66
Box Elder,Beaver Dam/Collinston,Constitutional Amendment A,,AGAINST,NP,96,1,,97
Box Elder,Beaver Dam/Collinston,Constitutional Amendment B,,Registered Voters,NP,206,,,
Box Elder,Beaver Dam/Collinston,Constitutional Amendment B,,FOR,NP,104,3,,107
Box Elder,Beaver Dam/Collinston,Constitutional Amendment B,,AGAINST,NP,66,0,,66
Box Elder,Bear River,STRAIGHT PARTY,,Registered Voters,NP,547,,,
Box Elder,Bear River,STRAIGHT PARTY,,CONSTITUTION,CON,6,0,0,6
Box Elder,Bear River,STRAIGHT PARTY,,LIBERTARIAN,LIB,2,0,0,2
Box Elder,Bear River,STRAIGHT PARTY,,DEMOCRATIC,DEM,10,4,0,14
Box Elder,Bear River,STRAIGHT PARTY,,REPUBLICAN,REP,116,12,5,133
Box Elder,Bear River,STRAIGHT PARTY,,JUSTICE,JUS,0,0,0,0
Box Elder,Bear River,STRAIGHT PARTY,,GREEN,GRN,0,0,0,0
Box Elder,Bear River,U.S. PRESIDENT,,Registered Voters,NP,547,,,
Box Elder,Bear River,U.S. PRESIDENT,,JILL STEIN,GRN,0,0,0,0
Box Elder,Bear River,U.S. PRESIDENT,,GLORIA LA RIVA,PSL,0,0,0,0
Box Elder,Bear River,U.S. PRESIDENT,,MITT ROMNEY,REP,366,33,24,423
Box Elder,Bear River,U.S. PRESIDENT,,BARACK OBAMA,DEM,30,5,1,36
Box Elder,Bear River,U.S. PRESIDENT,,GARY JOHNSON,LIB,3,0,0,3
Box Elder,Bear River,U.S. PRESIDENT,,VIRGIL GOODE,CON,4,0,0,4
Box Elder,Bear River,U.S. PRESIDENT,,"ROSS C. \ROCKY\"" ANDE""",JUS,3,0,0,3
Box Elder,Bear River,U.S. PRESIDENT,,ROSEANNE BARR,NP,0,0,0,0
Box Elder,Bear River,U.S. PRESIDENT,,STEPHEN DURHAM,NP,0,0,0,0
Box Elder,Bear River,U.S. PRESIDENT,,JILL REED,NP,0,0,0,0
Box Elder,Bear River,U.S. PRESIDENT,,ANDRE BARNETT,NP,0,0,0,0
Box Elder,Bear River,U.S. PRESIDENT,,WILL CHRISTENSEN,NP,0,0,0,0
Box Elder,Bear River,U.S. PRESIDENT,,JUSTIN MEYERS,NP,0,0,0,0
Box Elder,Bear River,U.S. PRESIDENT,,SHEILA SAM TITTLE,NP,0,0,0,0
Box Elder,Bear River,U.S. PRESIDENT,,ERIN KENT MAGEE,NP,0,0,0,0
Box Elder,Bear River,U.S. PRESIDENT,,DEAN MORSTAD,NP,0,0,0,0
Box Elder,Bear River,U.S. PRESIDENT,,NELSON MORSTAD,NP,0,0,0,0
Box Elder,Bear River,U.S. PRESIDENT,,DARRELL HYKES,NP,0,0,0,0
Box Elder,Bear River,U.S. PRESIDENT,,Write-in 80,NP,1,0,0,1
Box Elder,Bear River,U. S. SENATE,,Registered Voters,NP,547,,,
Box Elder,Bear River,U. S. SENATE,,SHAUN LYNN McCAUSLAN,CON,15,0,1,16
Box Elder,Bear River,U. S. SENATE,,SCOTT HOWELL,DEM,77,7,0,84
Box Elder,Bear River,U. S. SENATE,,ORRIN G. HATCH,REP,306,29,24,359
Box Elder,Bear River,U. S. SENATE,,DANIEL GEERY,JUS,5,0,0,5
Box Elder,Bear River,U. S. SENATE,,BILL BARRON,UNA,1,0,0,1
Box Elder,Bear River,U. S. SENATE,,JoANN S. SECRIST,NP,0,0,0,0
Box Elder,Bear River,U. S. SENATE,,Write-in 60,NP,0,0,0,0
Box Elder,Bear River,U. S. HOUSE OF REPRESENTATIVE,,Registered Voters,NP,547,,,
Box Elder,Bear River,U. S. HOUSE OF REPRESENTATIVE,,SHERRY PHIPPS,CON,22,0,0,22
Box Elder,Bear River,U. S. HOUSE OF REPRESENTATIVE,,DONNA M. McALEER,DEM,68,6,1,75
Box Elder,Bear River,U. S. HOUSE OF REPRESENTATIVE,,ROB BISHOP,REP,313,30,23,366
Box Elder,Bear River,U. S. HOUSE OF REPRESENTATIVE,,Write-in 40,NP,0,0,0,0
Box Elder,Bear River,GOVERNOR,,Registered Voters,NP,547,,,
Box Elder,Bear River,GOVERNOR,,PETER S COOKE,DEM,61,6,0,67
Box Elder,Bear River,GOVERNOR,,KEN LARSEN,LIB,6,0,0,6
Box Elder,Bear River,GOVERNOR,,KIRK D PEARSON,CON,13,1,0,14
Box Elder,Bear River,GOVERNOR,,GARY R. HERBERT,REP,323,29,25,377
Box Elder,Bear River,GOVERNOR,,DAVID J CANNON,NP,0,0,0,0
Box Elder,Bear River,GOVERNOR,,DENNIS C. OWEN,NP,0,0,0,0
Box Elder,Bear River,GOVERNOR,,Write-in 50,NP,0,0,0,0
Box Elder,Bear River,ATTY GENERAL,,Registered Voters,NP,547,,,
Box Elder,Bear River,ATTY GENERAL,,DEE W. SMITH,DEM,66,10,2,78
Box Elder,Bear River,ATTY GENERAL,,JOHN SWALLOW,REP,313,27,22,362
Box Elder,Bear River,ATTY GENERAL,,W. ANDREW McCULLOUGH,LIB,14,0,0,14
Box Elder,Bear River,ATTY GENERAL,,Write-in 40,NP,0,0,0,0
Box Elder,Bear River,STATE AUDITOR,,Registered Voters,NP,547,,,
Box Elder,Bear River,STATE AUDITOR,,MARK SAGE,DEM,60,6,1,67
Box Elder,Bear River,STATE AUDITOR,,JOHN DOUGALL,REP,310,31,23,364
Box Elder,Bear River,STATE AUDITOR,,RICHARD PROCTOR,CON,21,0,0,21
Box Elder,Bear River,STATE AUDITOR,,Write-in 40,NP,0,0,0,0
Box Elder,Bear River,STATE TREASURER,,Registered Voters,NP,547,,,
Box Elder,Bear River,STATE TREASURER,,CHRISTOPHER STOUT,DEM,56,6,0,62
Box Elder,Bear River,STATE TREASURER,,VINCENT C. MARCUS,LIB,22,0,0,22
Box Elder,Bear River,STATE TREASURER,,RICHARD K. ELLIS,REP,311,31,24,366
Box Elder,Bear River,STATE TREASURER,,WARREN ROGERS,NP,0,0,0,0
Box Elder,Bear River,STATE TREASURER,,Write-in 40,NP,0,0,0,0
Box Elder,Bear River,UTAH STATE HOUSE OF REPRESENTATIVES1,,Registered Voters,NP,547,,,
Box Elder,Bear River,UTAH STATE HOUSE OF REPRESENTATIVES1,,DeLOY W MECHAM,DEM,63,5,3,71
Box Elder,Bear River,UTAH STATE HOUSE OF REPRESENTATIVES1,,RONDA RUDD MENLOVE,REP,294,31,18,343
Box Elder,Bear River,UTAH STATE HOUSE OF REPRESENTATIVES1,,BECKY MADDOX,CON,47,1,3,51
Box Elder,Bear River,UTAH STATE HOUSE OF REPRESENTATIVES1,,Write-in 40,NP,1,0,0,1
Box Elder,Bear River,UTAH STATE SCHOOL BOARD OF EDUCATION,,Registered Voters,NP,547,,,
Box Elder,Bear River,UTAH STATE SCHOOL BOARD OF EDUCATION,,D. ALAN SHAKESPEAR,NP,303,31,17,351
Box Elder,Bear River,UTAH STATE SCHOOL BOARD OF EDUCATION,,TAMI W. PYFER,NP,70,4,4,78
Box Elder,Bear River,UTAH STATE SCHOOL BOARD OF EDUCATION,,Write-in 30,NP,0,0,0,0
Box Elder,Bear River,BOX ELDER COUNTY COMMISSION SEAT C,,Registered Voters,NP,547,,,
Box Elder,Bear River,BOX ELDER COUNTY COMMISSION SEAT C,,STAN SUMMERS,REP,378,35,24,437
Box Elder,Bear River,BOX ELDER COUNTY COMMISSION SEAT C,,Write-in 20,NP,4,0,0,4
Box Elder,Bear River,Judge KEVIN K. ALLEN,,Registered Voters,NP,547,,,
Box Elder,Bear River,Judge KEVIN K. ALLEN,,YES,NP,306,26,20,352
Box Elder,Bear River,Judge KEVIN K. ALLEN,,NO,NP,64,6,2,72
Box Elder,Bear River,Judge JEFFREY R. BURBANK,,Registered Voters,NP,547,,,
Box Elder,Bear River,Judge JEFFREY R. BURBANK,,YES,NP,314,27,20,361
Box Elder,Bear River,Judge JEFFREY R. BURBANK,,NO,NP,57,5,2,64
Box Elder,Bear River,Constitutional Amendment A,,Registered Voters,NP,547,,,
Box Elder,Bear River,Constitutional Amendment A,,FOR,NP,187,23,17,227
Box Elder,Bear River,Constitutional Amendment A,,AGAINST,NP,189,11,6,206
Box Elder,Bear River,Constitutional Amendment B,,Registered Voters,NP,547,,,
Box Elder,Bear River,Constitutional Amendment B,,FOR,NP,247,26,22,295
Box Elder,Bear River,Constitutional Amendment B,,AGAINST,NP,135,9,1,145
Box Elder,Bear River East,STRAIGHT PARTY,,Registered Voters,NP,286,,,
Box Elder,Bear River East,STRAIGHT PARTY,,CONSTITUTION,CON,0,0,0,0
Box Elder,Bear River East,STRAIGHT PARTY,,LIBERTARIAN,LIB,0,0,0,0
Box Elder,Bear River East,STRAIGHT PARTY,,DEMOCRATIC,DEM,1,3,2,6
Box Elder,Bear River East,STRAIGHT PARTY,,REPUBLICAN,REP,44,7,0,51
Box Elder,Bear River East,STRAIGHT PARTY,,JUSTICE,JUS,0,0,0,0
Box Elder,Bear River East,STRAIGHT PARTY,,GREEN,GRN,0,0,0,0
Box Elder,Bear River East,U.S. PRESIDENT,,Registered Voters,NP,286,,,
Box Elder,Bear River East,U.S. PRESIDENT,,JILL STEIN,GRN,0,0,0,0
Box Elder,Bear River East,U.S. PRESIDENT,,GLORIA LA RIVA,PSL,0,0,0,0
Box Elder,Bear River East,U.S. PRESIDENT,,MITT ROMNEY,REP,163,30,10,203
Box Elder,Bear River East,U.S. PRESIDENT,,BARACK OBAMA,DEM,9,5,4,18
Box Elder,Bear River East,U.S. PRESIDENT,,GARY JOHNSON,LIB,0,0,0,0
Box Elder,Bear River East,U.S. PRESIDENT,,VIRGIL GOODE,CON,1,0,0,1
Box Elder,Bear River East,U.S. PRESIDENT,,"ROSS C. \ROCKY\"" ANDE""",JUS,0,0,1,1
Box Elder,Bear River East,U.S. PRESIDENT,,ROSEANNE BARR,NP,0,0,0,0
Box Elder,Bear River East,U.S. PRESIDENT,,STEPHEN DURHAM,NP,0,0,0,0
Box Elder,Bear River East,U.S. PRESIDENT,,JILL REED,NP,0,0,0,0
Box Elder,Bear River East,U.S. PRESIDENT,,ANDRE BARNETT,NP,0,0,0,0
Box Elder,Bear River East,U.S. PRESIDENT,,WILL CHRISTENSEN,NP,0,0,0,0
Box Elder,Bear River East,U.S. PRESIDENT,,JUSTIN MEYERS,NP,0,0,0,0
Box Elder,Bear River East,U.S. PRESIDENT,,SHEILA SAM TITTLE,NP,0,0,0,0
Box Elder,Bear River East,U.S. PRESIDENT,,ERIN KENT MAGEE,NP,0,0,0,0
Box Elder,Bear River East,U.S. PRESIDENT,,DEAN MORSTAD,NP,0,0,0,0
Box Elder,Bear River East,U.S. PRESIDENT,,NELSON MORSTAD,NP,0,0,0,0
Box Elder,Bear River East,U.S. PRESIDENT,,DARRELL HYKES,NP,0,0,0,0
Box Elder,Bear River East,U.S. PRESIDENT,,Write-in 80,NP,1,0,0,1
Box Elder,Bear River East,U. S. SENATE,,Registered Voters,NP,286,,,
Box Elder,Bear River East,U. S. SENATE,,SHAUN LYNN McCAUSLAN,CON,9,0,1,10
Box Elder,Bear River East,U. S. SENATE,,SCOTT HOWELL,DEM,30,7,5,42
Box Elder,Bear River East,U. S. SENATE,,ORRIN G. HATCH,REP,131,27,9,167
Box Elder,Bear River East,U. S. SENATE,,DANIEL GEERY,JUS,2,0,0,2
Box Elder,Bear River East,U. S. SENATE,,BILL BARRON,UNA,0,0,0,0
Box Elder,Bear River East,U. S. SENATE,,JoANN S. SECRIST,NP,0,0,0,0
Box Elder,Bear River East,U. S. SENATE,,Write-in 60,NP,0,0,0,0
Box Elder,Bear River East,U. S. HOUSE OF REPRESENTATIVE,,Registered Voters,NP,286,,,
Box Elder,Bear River East,U. S. HOUSE OF REPRESENTATIVE,,SHERRY PHIPPS,CON,9,0,0,9
Box Elder,Bear River East,U. S. HOUSE OF REPRESENTATIVE,,DONNA M. McALEER,DEM,16,9,5,30
Box Elder,Bear River East,U. S. HOUSE OF REPRESENTATIVE,,ROB BISHOP,REP,146,24,10,180
Box Elder,Bear River East,U. S. HOUSE OF REPRESENTATIVE,,Write-in 40,NP,0,0,0,0
Box Elder,Bear River East,GOVERNOR,,Registered Voters,NP,286,,,
Box Elder,Bear River East,GOVERNOR,,PETER S COOKE,DEM,25,8,5,38
Box Elder,Bear River East,GOVERNOR,,KEN LARSEN,LIB,1,0,0,1
Box Elder,Bear River East,GOVERNOR,,KIRK D PEARSON,CON,7,0,0,7
Box Elder,Bear River East,GOVERNOR,,GARY R. HERBERT,REP,140,27,10,177
Box Elder,Bear River East,GOVERNOR,,DAVID J CANNON,NP,0,0,0,0
Box Elder,Bear River East,GOVERNOR,,DENNIS C. OWEN,NP,0,0,0,0
Box Elder,Bear River East,GOVERNOR,,Write-in 50,NP,0,0,0,0
Box Elder,Bear River East,ATTY GENERAL,,Registered Voters,NP,286,,,
Box Elder,Bear River East,ATTY GENERAL,,DEE W. SMITH,DEM,26,10,5,41
Box Elder,Bear River East,ATTY GENERAL,,JOHN SWALLOW,REP,137,25,9,171
Box Elder,Bear River East,ATTY GENERAL,,W. ANDREW McCULLOUGH,LIB,7,0,0,7
Box Elder,Bear River East,ATTY GENERAL,,Write-in 40,NP,0,0,0,0
Box Elder,Bear River East,STATE AUDITOR,,Registered Voters,NP,286,,,
Box Elder,Bear River East,STATE AUDITOR,,MARK SAGE,DEM,14,5,6,25
Box Elder,Bear River East,STATE AUDITOR,,JOHN DOUGALL,REP,143,29,7,179
Box Elder,Bear River East,STATE AUDITOR,,RICHARD PROCTOR,CON,12,0,1,13
Box Elder,Bear River East,STATE AUDITOR,,Write-in 40,NP,0,0,0,0
Box Elder,Bear River East,STATE TREASURER,,Registered Voters,NP,286,,,
Box Elder,Bear River East,STATE TREASURER,,CHRISTOPHER STOUT,DEM,16,7,5,28
Box Elder,Bear River East,STATE TREASURER,,VINCENT C. MARCUS,LIB,6,0,2,8
Box Elder,Bear River East,STATE TREASURER,,RICHARD K. ELLIS,REP,145,27,7,179
Box Elder,Bear River East,STATE TREASURER,,WARREN ROGERS,NP,0,0,0,0
Box Elder,Bear River East,STATE TREASURER,,Write-in 40,NP,0,0,0,0
Box Elder,Bear River East,UTAH STATE HOUSE OF REPRESENTATIVES1,,Registered Voters,NP,286,,,
Box Elder,Bear River East,UTAH STATE HOUSE OF REPRESENTATIVES1,,DeLOY W MECHAM,DEM,37,14,4,55
Box Elder,Bear River East,UTAH STATE HOUSE OF REPRESENTATIVES1,,RONDA RUDD MENLOVE,REP,105,17,10,132
Box Elder,Bear River East,UTAH STATE HOUSE OF REPRESENTATIVES1,,BECKY MADDOX,CON,30,4,1,35
Box Elder,Bear River East,UTAH STATE HOUSE OF REPRESENTATIVES1,,Write-in 40,NP,0,0,0,0
Box Elder,Bear River East,UTAH STATE SCHOOL BOARD OF EDUCATION,,Registered Voters,NP,286,,,
Box Elder,Bear River East,UTAH STATE SCHOOL BOARD OF EDUCATION,,D. ALAN SHAKESPEAR,NP,114,20,8,142
Box Elder,Bear River East,UTAH STATE SCHOOL BOARD OF EDUCATION,,TAMI W. PYFER,NP,42,13,6,61
Box Elder,Bear River East,UTAH STATE SCHOOL BOARD OF EDUCATION,,Write-in 30,NP,0,0,0,0
Box Elder,Bear River East,BOX ELDER COUNTY COMMISSION SEAT C,,Registered Voters,NP,286,,,
Box Elder,Bear River East,BOX ELDER COUNTY COMMISSION SEAT C,,STAN SUMMERS,REP,158,31,12,201
Box Elder,Bear River East,BOX ELDER COUNTY COMMISSION SEAT C,,Write-in 20,NP,6,1,0,7
Box Elder,Bear River East,Judge KEVIN K. ALLEN,,Registered Voters,NP,286,,,
Box Elder,Bear River East,Judge KEVIN K. ALLEN,,YES,NP,140,22,11,173
Box Elder,Bear River East,Judge KEVIN K. ALLEN,,NO,NP,17,8,2,27
Box Elder,Bear River East,Judge JEFFREY R. BURBANK,,Registered Voters,NP,286,,,
Box Elder,Bear River East,Judge JEFFREY R. BURBANK,,YES,NP,134,24,10,168
Box Elder,Bear River East,Judge JEFFREY R. BURBANK,,NO,NP,23,7,3,33
Box Elder,Bear River East,BOX ELDER COUNTY SCHOOL BOARD DIST 5,,Registered Voters,NP,286,,,
Box Elder,Bear River East,BOX ELDER COUNTY SCHOOL BOARD DIST 5,,NANCY S. KENNEDY,NP,85,29,7,121
Box Elder,Bear River East,BOX ELDER COUNTY SCHOOL BOARD DIST 5,,STEVE BROOKS,NP,71,3,7,81
Box Elder,Bear River East,BOX ELDER COUNTY SCHOOL BOARD DIST 5,,Write-in 30,NP,1,0,0,1
Box Elder,Bear River East,Constitutional Amendment A,,Registered Voters,NP,286,,,
Box Elder,Bear River East,Constitutional Amendment A,,FOR,NP,70,13,4,87
Box Elder,Bear River East,Constitutional Amendment A,,AGAINST,NP,87,17,10,114
Box Elder,Bear River East,Constitutional Amendment B,,Registered Voters,NP,286,,,
Box Elder,Bear River East,Constitutional Amendment B,,FOR,NP,109,13,9,131
Box Elder,Bear River East,Constitutional Amendment B,,AGAINST,NP,56,20,6,82
Box Elder,Brigham City 01,STRAIGHT PARTY,,Registered Voters,NP,848,,,
Box Elder,Brigham City 01,STRAIGHT PARTY,,CONSTITUTION,CON,1,1,0,2
Box Elder,Brigham City 01,STRAIGHT PARTY,,LIBERTARIAN,LIB,1,1,0,2
Box Elder,Brigham City 01,STRAIGHT PARTY,,DEMOCRATIC,DEM,19,8,4,31
Box Elder,Brigham City 01,STRAIGHT PARTY,,REPUBLICAN,REP,88,59,17,164
Box Elder,Brigham City 01,STRAIGHT PARTY,,JUSTICE,JUS,0,0,0,0
Box Elder,Brigham City 01,STRAIGHT PARTY,,GREEN,GRN,1,0,0,1
Box Elder,Brigham City 01,U.S. PRESIDENT,,Registered Voters,NP,848,,,
Box Elder,Brigham City 01,U.S. PRESIDENT,,JILL STEIN,GRN,6,0,0,6
Box Elder,Brigham City 01,U.S. PRESIDENT,,GLORIA LA RIVA,PSL,2,0,0,2
Box Elder,Brigham City 01,U.S. PRESIDENT,,MITT ROMNEY,REP,273,169,47,489
Box Elder,Brigham City 01,U.S. PRESIDENT,,BARACK OBAMA,DEM,56,26,9,91
Box Elder,Brigham City 01,U.S. PRESIDENT,,GARY JOHNSON,LIB,3,3,0,6
Box Elder,Brigham City 01,U.S. PRESIDENT,,VIRGIL GOODE,CON,5,2,0,7
Box Elder,Brigham City 01,U.S. PRESIDENT,,"ROSS C. \ROCKY\"" ANDE""",JUS,1,0,0,1
Box Elder,Brigham City 01,U.S. PRESIDENT,,ROSEANNE BARR,NP,0,0,0,0
Box Elder,Brigham City 01,U.S. PRESIDENT,,STEPHEN DURHAM,NP,0,0,0,0
Box Elder,Brigham City 01,U.S. PRESIDENT,,JILL REED,NP,0,0,0,0
Box Elder,Brigham City 01,U.S. PRESIDENT,,ANDRE BARNETT,NP,0,0,0,0
Box Elder,Brigham City 01,U.S. PRESIDENT,,WILL CHRISTENSEN,NP,0,0,0,0
Box Elder,Brigham City 01,U.S. PRESIDENT,,JUSTIN MEYERS,NP,0,0,0,0
Box Elder,Brigham City 01,U.S. PRESIDENT,,SHEILA SAM TITTLE,NP,0,0,0,0
Box Elder,Brigham City 01,U.S. PRESIDENT,,ERIN KENT MAGEE,NP,0,0,0,0
Box Elder,Brigham City 01,U.S. PRESIDENT,,DEAN MORSTAD,NP,0,0,0,0
Box Elder,Brigham City 01,U.S. PRESIDENT,,NELSON MORSTAD,NP,0,0,0,0
Box Elder,Brigham City 01,U.S. PRESIDENT,,DARRELL HYKES,NP,0,0,0,0
Box Elder,Brigham City 01,U.S. PRESIDENT,,Write-in 80,NP,2,1,0,3
Box Elder,Brigham City 01,U. S. SENATE,,Registered Voters,NP,848,,,
Box Elder,Brigham City 01,U. S. SENATE,,SHAUN LYNN McCAUSLAN,CON,24,11,1,36
Box Elder,Brigham City 01,U. S. SENATE,,SCOTT HOWELL,DEM,74,38,12,124
Box Elder,Brigham City 01,U. S. SENATE,,ORRIN G. HATCH,REP,239,148,40,427
Box Elder,Brigham City 01,U. S. SENATE,,DANIEL GEERY,JUS,0,3,0,3
Box Elder,Brigham City 01,U. S. SENATE,,BILL BARRON,UNA,2,0,2,4
Box Elder,Brigham City 01,U. S. SENATE,,JoANN S. SECRIST,NP,0,0,0,0
Box Elder,Brigham City 01,U. S. SENATE,,Write-in 60,NP,2,0,0,2
Box Elder,Brigham City 01,U. S. HOUSE OF REPRESENTATIVE,,Registered Voters,NP,848,,,
Box Elder,Brigham City 01,U. S. HOUSE OF REPRESENTATIVE,,SHERRY PHIPPS,CON,14,14,1,29
Box Elder,Brigham City 01,U. S. HOUSE OF REPRESENTATIVE,,DONNA M. McALEER,DEM,66,39,13,118
Box Elder,Brigham City 01,U. S. HOUSE OF REPRESENTATIVE,,ROB BISHOP,REP,263,146,39,448
Box Elder,Brigham City 01,U. S. HOUSE OF REPRESENTATIVE,,Write-in 40,NP,2,0,0,2
Box Elder,Brigham City 01,GOVERNOR,,Registered Voters,NP,848,,,
Box Elder,Brigham City 01,GOVERNOR,,PETER S COOKE,DEM,58,34,13,105
Box Elder,Brigham City 01,GOVERNOR,,KEN LARSEN,LIB,5,5,1,11
Box Elder,Brigham City 01,GOVERNOR,,KIRK D PEARSON,CON,12,7,0,19
Box Elder,Brigham City 01,GOVERNOR,,GARY R. HERBERT,REP,270,153,40,463
Box Elder,Brigham City 01,GOVERNOR,,DAVID J CANNON,NP,0,0,0,0
Box Elder,Brigham City 01,GOVERNOR,,DENNIS C. OWEN,NP,0,0,0,0
Box Elder,Brigham City 01,GOVERNOR,,Write-in 50,NP,1,0,0,1
Box Elder,Brigham City 01,ATTY GENERAL,,Registered Voters,NP,848,,,
Box Elder,Brigham City 01,ATTY GENERAL,,DEE W. SMITH,DEM,83,45,11,139
Box Elder,Brigham City 01,ATTY GENERAL,,JOHN SWALLOW,REP,234,139,42,415
Box Elder,Brigham City 01,ATTY GENERAL,,W. ANDREW McCULLOUGH,LIB,18,13,0,31
Box Elder,Brigham City 01,ATTY GENERAL,,Write-in 40,NP,2,0,0,2
Box Elder,Brigham City 01,STATE AUDITOR,,Registered Voters,NP,848,,,
Box Elder,Brigham City 01,STATE AUDITOR,,MARK SAGE,DEM,80,39,9,128
Box Elder,Brigham City 01,STATE AUDITOR,,JOHN DOUGALL,REP,227,143,42,412
Box Elder,Brigham City 01,STATE AUDITOR,,RICHARD PROCTOR,CON,24,11,2,37
Box Elder,Brigham City 01,STATE AUDITOR,,Write-in 40,NP,1,0,0,1
Box Elder,Brigham City 01,STATE TREASURER,,Registered Voters,NP,848,,,
Box Elder,Brigham City 01,STATE TREASURER,,CHRISTOPHER STOUT,DEM,66,31,10,107
Box Elder,Brigham City 01,STATE TREASURER,,VINCENT C. MARCUS,LIB,21,14,1,36
Box Elder,Brigham City 01,STATE TREASURER,,RICHARD K. ELLIS,REP,244,147,43,434
Box Elder,Brigham City 01,STATE TREASURER,,WARREN ROGERS,NP,0,0,0,0
Box Elder,Brigham City 01,STATE TREASURER,,Write-in 40,NP,2,0,0,2
Box Elder,Brigham City 01,UTAH STATE HOUSE OF REPRESENTATIVES1,,Registered Voters,NP,848,,,
Box Elder,Brigham City 01,UTAH STATE HOUSE OF REPRESENTATIVES1,,DeLOY W MECHAM,DEM,63,24,8,95
Box Elder,Brigham City 01,UTAH STATE HOUSE OF REPRESENTATIVES1,,RONDA RUDD MENLOVE,REP,222,141,47,410
Box Elder,Brigham City 01,UTAH STATE HOUSE OF REPRESENTATIVES1,,BECKY MADDOX,CON,52,31,0,83
Box Elder,Brigham City 01,UTAH STATE HOUSE OF REPRESENTATIVES1,,Write-in 40,NP,1,0,0,1
Box Elder,Brigham City 01,UTAH STATE SCHOOL BOARD OF EDUCATION,,Registered Voters,NP,848,,,
Box Elder,Brigham City 01,UTAH STATE SCHOOL BOARD OF EDUCATION,,D. ALAN SHAKESPEAR,NP,159,101,28,288
Box Elder,Brigham City 01,UTAH STATE SCHOOL BOARD OF EDUCATION,,TAMI W. PYFER,NP,113,57,18,188
Box Elder,Brigham City 01,UTAH STATE SCHOOL BOARD OF EDUCATION,,Write-in 30,NP,2,0,1,3
Box Elder,Brigham City 01,BOX ELDER COUNTY COMMISSION SEAT C,,Registered Voters,NP,848,,,
Box Elder,Brigham City 01,BOX ELDER COUNTY COMMISSION SEAT C,,STAN SUMMERS,REP,302,183,48,533
Box Elder,Brigham City 01,BOX ELDER COUNTY COMMISSION SEAT C,,Write-in 20,NP,4,0,1,5
Box Elder,Brigham City 01,Judge KEVIN K. ALLEN,,Registered Voters,NP,848,,,
Box Elder,Brigham City 01,Judge KEVIN K. ALLEN,,YES,NP,247,153,42,442
Box Elder,Brigham City 01,Judge KEVIN K. ALLEN,,NO,NP,49,26,4,79
Box Elder,Brigham City 01,Judge JEFFREY R. BURBANK,,Registered Voters,NP,848,,,
Box Elder,Brigham City 01,Judge JEFFREY R. BURBANK,,YES,NP,252,154,46,452
Box Elder,Brigham City 01,Judge JEFFREY R. BURBANK,,NO,NP,43,25,1,69
Box Elder,Brigham City 01,Constitutional Amendment A,,Registered Voters,NP,848,,,
Box Elder,Brigham City 01,Constitutional Amendment A,,FOR,NP,145,93,28,266
Box Elder,Brigham City 01,Constitutional Amendment A,,AGAINST,NP,160,88,24,272
Box Elder,Brigham City 01,Constitutional Amendment B,,Registered Voters,NP,848,,,
Box Elder,Brigham City 01,Constitutional Amendment B,,FOR,NP,208,144,25,377
Box Elder,Brigham City 01,Constitutional Amendment B,,AGAINST,NP,108,45,26,179
Box Elder,Brigham City 02,STRAIGHT PARTY,,Registered Voters,NP,570,,,
Box Elder,Brigham City 02,STRAIGHT PARTY,,CONSTITUTION,CON,1,0,0,1
Box Elder,Brigham City 02,STRAIGHT PARTY,,LIBERTARIAN,LIB,0,0,0,0
Box Elder,Brigham City 02,STRAIGHT PARTY,,DEMOCRATIC,DEM,12,3,2,17
Box Elder,Brigham City 02,STRAIGHT PARTY,,REPUBLICAN,REP,71,50,8,129
Box Elder,Brigham City 02,STRAIGHT PARTY,,JUSTICE,JUS,0,0,0,0
Box Elder,Brigham City 02,STRAIGHT PARTY,,GREEN,GRN,1,0,0,1
Box Elder,Brigham City 02,U.S. PRESIDENT,,Registered Voters,NP,570,,,
Box Elder,Brigham City 02,U.S. PRESIDENT,,JILL STEIN,GRN,1,1,0,2
Box Elder,Brigham City 02,U.S. PRESIDENT,,GLORIA LA RIVA,PSL,0,0,0,0
Box Elder,Brigham City 02,U.S. PRESIDENT,,MITT ROMNEY,REP,233,118,27,378
Box Elder,Brigham City 02,U.S. PRESIDENT,,BARACK OBAMA,DEM,40,8,6,54
Box Elder,Brigham City 02,U.S. PRESIDENT,,GARY JOHNSON,LIB,1,0,0,1
Box Elder,Brigham City 02,U.S. PRESIDENT,,VIRGIL GOODE,CON,1,1,0,2
Box Elder,Brigham City 02,U.S. PRESIDENT,,"ROSS C. \ROCKY\"" ANDE""",JUS,1,1,0,2
Box Elder,Brigham City 02,U.S. PRESIDENT,,ROSEANNE BARR,NP,0,0,0,0
Box Elder,Brigham City 02,U.S. PRESIDENT,,STEPHEN DURHAM,NP,0,0,0,0
Box Elder,Brigham City 02,U.S. PRESIDENT,,JILL REED,NP,0,0,0,0
Box Elder,Brigham City 02,U.S. PRESIDENT,,ANDRE BARNETT,NP,0,0,0,0
Box Elder,Brigham City 02,U.S. PRESIDENT,,WILL CHRISTENSEN,NP,0,0,0,0
Box Elder,Brigham City 02,U.S. PRESIDENT,,JUSTIN MEYERS,NP,0,0,0,0
Box Elder,Brigham City 02,U.S. PRESIDENT,,SHEILA SAM TITTLE,NP,0,0,0,0
Box Elder,Brigham City 02,U.S. PRESIDENT,,ERIN KENT MAGEE,NP,0,0,0,0
Box Elder,Brigham City 02,U.S. PRESIDENT,,DEAN MORSTAD,NP,0,0,0,0
Box Elder,Brigham City 02,U.S. PRESIDENT,,NELSON MORSTAD,NP,0,0,0,0
Box Elder,Brigham City 02,U.S. PRESIDENT,,DARRELL HYKES,NP,0,0,0,0
Box Elder,Brigham City 02,U.S. PRESIDENT,,Write-in 80,NP,0,0,0,0
Box Elder,Brigham City 02,U. S. SENATE,,Registered Voters,NP,570,,,
Box Elder,Brigham City 02,U. S. SENATE,,SHAUN LYNN McCAUSLAN,CON,8,2,2,12
Box Elder,Brigham City 02,U. S. SENATE,,SCOTT HOWELL,DEM,65,27,8,100
Box Elder,Brigham City 02,U. S. SENATE,,ORRIN G. HATCH,REP,196,97,22,315
Box Elder,Brigham City 02,U. S. SENATE,,DANIEL GEERY,JUS,2,0,0,2
Box Elder,Brigham City 02,U. S. SENATE,,BILL BARRON,UNA,0,0,0,0
Box Elder,Brigham City 02,U. S. SENATE,,JoANN S. SECRIST,NP,0,0,0,0
Box Elder,Brigham City 02,U. S. SENATE,,Write-in 60,NP,1,0,0,1
Box Elder,Brigham City 02,U. S. HOUSE OF REPRESENTATIVE,,Registered Voters,NP,570,,,
Box Elder,Brigham City 02,U. S. HOUSE OF REPRESENTATIVE,,SHERRY PHIPPS,CON,13,8,3,24
Box Elder,Brigham City 02,U. S. HOUSE OF REPRESENTATIVE,,DONNA M. McALEER,DEM,51,12,6,69
Box Elder,Brigham City 02,U. S. HOUSE OF REPRESENTATIVE,,ROB BISHOP,REP,205,108,23,336
Box Elder,Brigham City 02,U. S. HOUSE OF REPRESENTATIVE,,Write-in 40,NP,2,0,0,2
Box Elder,Brigham City 02,GOVERNOR,,Registered Voters,NP,570,,,
Box Elder,Brigham City 02,GOVERNOR,,PETER S COOKE,DEM,52,18,4,74
Box Elder,Brigham City 02,GOVERNOR,,KEN LARSEN,LIB,4,3,0,7
Box Elder,Brigham City 02,GOVERNOR,,KIRK D PEARSON,CON,8,3,0,11
Box Elder,Brigham City 02,GOVERNOR,,GARY R. HERBERT,REP,209,105,28,342
Box Elder,Brigham City 02,GOVERNOR,,DAVID J CANNON,NP,0,0,0,0
Box Elder,Brigham City 02,GOVERNOR,,DENNIS C. OWEN,NP,0,0,0,0
Box Elder,Brigham City 02,GOVERNOR,,Write-in 50,NP,0,0,0,0
Box Elder,Brigham City 02,ATTY GENERAL,,Registered Voters,NP,570,,,
Box Elder,Brigham City 02,ATTY GENERAL,,DEE W. SMITH,DEM,58,24,7,89
Box Elder,Brigham City 02,ATTY GENERAL,,JOHN SWALLOW,REP,190,99,22,311
Box Elder,Brigham City 02,ATTY GENERAL,,W. ANDREW McCULLOUGH,LIB,19,3,2,24
Box Elder,Brigham City 02,ATTY GENERAL,,Write-in 40,NP,0,0,0,0
Box Elder,Brigham City 02,STATE AUDITOR,,Registered Voters,NP,570,,,
Box Elder,Brigham City 02,STATE AUDITOR,,MARK SAGE,DEM,44,13,7,64
Box Elder,Brigham City 02,STATE AUDITOR,,JOHN DOUGALL,REP,194,108,21,323
Box Elder,Brigham City 02,STATE AUDITOR,,RICHARD PROCTOR,CON,28,4,3,35
Box Elder,Brigham City 02,STATE AUDITOR,,Write-in 40,NP,1,0,0,1
Box Elder,Brigham City 02,STATE TREASURER,,Registered Voters,NP,570,,,
Box Elder,Brigham City 02,STATE TREASURER,,CHRISTOPHER STOUT,DEM,42,17,7,66
Box Elder,Brigham City 02,STATE TREASURER,,VINCENT C. MARCUS,LIB,19,5,1,25
Box Elder,Brigham City 02,STATE TREASURER,,RICHARD K. ELLIS,REP,201,102,23,326
Box Elder,Brigham City 02,STATE TREASURER,,WARREN ROGERS,NP,0,0,0,0
Box Elder,Brigham City 02,STATE TREASURER,,Write-in 40,NP,1,0,0,1
Box Elder,Brigham City 02,UTAH STATE HOUSE OF REPRESENTATIVES1,,Registered Voters,NP,570,,,
Box Elder,Brigham City 02,UTAH STATE HOUSE OF REPRESENTATIVES1,,DeLOY W MECHAM,DEM,42,8,7,57
Box Elder,Brigham City 02,UTAH STATE HOUSE OF REPRESENTATIVES1,,RONDA RUDD MENLOVE,REP,194,110,20,324
Box Elder,Brigham City 02,UTAH STATE HOUSE OF REPRESENTATIVES1,,BECKY MADDOX,CON,35,10,5,50
Box Elder,Brigham City 02,UTAH STATE HOUSE OF REPRESENTATIVES1,,Write-in 40,NP,2,0,0,2
Box Elder,Brigham City 02,UTAH STATE SCHOOL BOARD OF EDUCATION,,Registered Voters,NP,570,,,
Box Elder,Brigham City 02,UTAH STATE SCHOOL BOARD OF EDUCATION,,D. ALAN SHAKESPEAR,NP,154,62,15,231
Box Elder,Brigham City 02,UTAH STATE SCHOOL BOARD OF EDUCATION,,TAMI W. PYFER,NP,72,44,11,127
Box Elder,Brigham City 02,UTAH STATE SCHOOL BOARD OF EDUCATION,,Write-in 30,NP,2,1,0,3
Box Elder,Brigham City 02,BOX ELDER COUNTY COMMISSION SEAT C,,Registered Voters,NP,570,,,
Box Elder,Brigham City 02,BOX ELDER COUNTY COMMISSION SEAT C,,STAN SUMMERS,REP,245,117,29,391
Box Elder,Brigham City 02,BOX ELDER COUNTY COMMISSION SEAT C,,Write-in 20,NP,4,1,0,5
Box Elder,Brigham City 02,Judge KEVIN K. ALLEN,,Registered Voters,NP,570,,,
Box Elder,Brigham City 02,Judge KEVIN K. ALLEN,,YES,NP,203,98,28,329
Box Elder,Brigham City 02,Judge KEVIN K. ALLEN,,NO,NP,41,16,2,59
Box Elder,Brigham City 02,Judge JEFFREY R. BURBANK,,Registered Voters,NP,570,,,
Box Elder,Brigham City 02,Judge JEFFREY R. BURBANK,,YES,NP,213,100,29,342
Box Elder,Brigham City 02,Judge JEFFREY R. BURBANK,,NO,NP,34,15,1,50
Box Elder,Brigham City 02,Constitutional Amendment A,,Registered Voters,NP,570,,,
Box Elder,Brigham City 02,Constitutional Amendment A,,FOR,NP,125,69,15,209
Box Elder,Brigham City 02,Constitutional Amendment A,,AGAINST,NP,123,48,16,187
Box Elder,Brigham City 02,Constitutional Amendment B,,Registered Voters,NP,570,,,
Box Elder,Brigham City 02,Constitutional Amendment B,,FOR,NP,163,82,20,265
Box Elder,Brigham City 02,Constitutional Amendment B,,AGAINST,NP,92,41,12,145
Box Elder,Brigham City 03,STRAIGHT PARTY,,Registered Voters,NP,712,,,
Box Elder,Brigham City 03,STRAIGHT PARTY,,CONSTITUTION,CON,1,1,0,2
Box Elder,Brigham City 03,STRAIGHT PARTY,,LIBERTARIAN,LIB,2,1,0,3
Box Elder,Brigham City 03,STRAIGHT PARTY,,DEMOCRATIC,DEM,21,11,3,35
Box Elder,Brigham City 03,STRAIGHT PARTY,,REPUBLICAN,REP,70,32,7,109
Box Elder,Brigham City 03,STRAIGHT PARTY,,JUSTICE,JUS,0,0,0,0
Box Elder,Brigham City 03,STRAIGHT PARTY,,GREEN,GRN,1,0,0,1
Box Elder,Brigham City 03,U.S. PRESIDENT,,Registered Voters,NP,712,,,
Box Elder,Brigham City 03,U.S. PRESIDENT,,JILL STEIN,GRN,1,1,0,2
Box Elder,Brigham City 03,U.S. PRESIDENT,,GLORIA LA RIVA,PSL,0,0,0,0
Box Elder,Brigham City 03,U.S. PRESIDENT,,MITT ROMNEY,REP,223,115,18,356
Box Elder,Brigham City 03,U.S. PRESIDENT,,BARACK OBAMA,DEM,40,23,11,74
Box Elder,Brigham City 03,U.S. PRESIDENT,,GARY JOHNSON,LIB,7,2,0,9
Box Elder,Brigham City 03,U.S. PRESIDENT,,VIRGIL GOODE,CON,2,1,0,3
Box Elder,Brigham City 03,U.S. PRESIDENT,,"ROSS C. \ROCKY\"" ANDE""",JUS,2,1,0,3
Box Elder,Brigham City 03,U.S. PRESIDENT,,ROSEANNE BARR,NP,0,0,0,0
Box Elder,Brigham City 03,U.S. PRESIDENT,,STEPHEN DURHAM,NP,0,0,0,0
Box Elder,Brigham City 03,U.S. PRESIDENT,,JILL REED,NP,0,0,0,0
Box Elder,Brigham City 03,U.S. PRESIDENT,,ANDRE BARNETT,NP,0,0,0,0
Box Elder,Brigham City 03,U.S. PRESIDENT,,WILL CHRISTENSEN,NP,0,0,1,1
Box Elder,Brigham City 03,U.S. PRESIDENT,,JUSTIN MEYERS,NP,0,0,0,0
Box Elder,Brigham City 03,U.S. PRESIDENT,,SHEILA SAM TITTLE,NP,0,0,0,0
Box Elder,Brigham City 03,U.S. PRESIDENT,,ERIN KENT MAGEE,NP,0,0,0,0
Box Elder,Brigham City 03,U.S. PRESIDENT,,DEAN MORSTAD,NP,0,0,0,0
Box Elder,Brigham City 03,U.S. PRESIDENT,,NELSON MORSTAD,NP,0,0,0,0
Box Elder,Brigham City 03,U.S. PRESIDENT,,DARRELL HYKES,NP,0,0,0,0
Box Elder,Brigham City 03,U.S. PRESIDENT,,Write-in 80,NP,3,2,1,6
Box Elder,Brigham City 03,U. S. SENATE,,Registered Voters,NP,712,,,
Box Elder,Brigham City 03,U. S. SENATE,,SHAUN LYNN McCAUSLAN,CON,19,7,0,26
Box Elder,Brigham City 03,U. S. SENATE,,SCOTT HOWELL,DEM,59,40,10,109
Box Elder,Brigham City 03,U. S. SENATE,,ORRIN G. HATCH,REP,190,96,19,305
Box Elder,Brigham City 03,U. S. SENATE,,DANIEL GEERY,JUS,2,2,0,4
Box Elder,Brigham City 03,U. S. SENATE,,BILL BARRON,UNA,4,0,2,6
Box Elder,Brigham City 03,U. S. SENATE,,JoANN S. SECRIST,NP,0,0,0,0
Box Elder,Brigham City 03,U. S. SENATE,,Write-in 60,NP,0,0,0,0
Box Elder,Brigham City 03,U. S. HOUSE OF REPRESENTATIVE,,Registered Voters,NP,712,,,
Box Elder,Brigham City 03,U. S. HOUSE OF REPRESENTATIVE,,SHERRY PHIPPS,CON,36,14,2,52
Box Elder,Brigham City 03,U. S. HOUSE OF REPRESENTATIVE,,DONNA M. McALEER,DEM,51,37,10,98
Box Elder,Brigham City 03,U. S. HOUSE OF REPRESENTATIVE,,ROB BISHOP,REP,187,94,18,299
Box Elder,Brigham City 03,U. S. HOUSE OF REPRESENTATIVE,,Write-in 40,NP,1,0,0,1
Box Elder,Brigham City 03,GOVERNOR,,Registered Voters,NP,712,,,
Box Elder,Brigham City 03,GOVERNOR,,PETER S COOKE,DEM,57,26,9,92
Box Elder,Brigham City 03,GOVERNOR,,KEN LARSEN,LIB,11,2,0,13
Box Elder,Brigham City 03,GOVERNOR,,KIRK D PEARSON,CON,12,6,1,19
Box Elder,Brigham City 03,GOVERNOR,,GARY R. HERBERT,REP,191,112,21,324
Box Elder,Brigham City 03,GOVERNOR,,DAVID J CANNON,NP,0,0,0,0
Box Elder,Brigham City 03,GOVERNOR,,DENNIS C. OWEN,NP,0,0,0,0
Box Elder,Brigham City 03,GOVERNOR,,Write-in 50,NP,2,0,0,2
Box Elder,Brigham City 03,ATTY GENERAL,,Registered Voters,NP,712,,,
Box Elder,Brigham City 03,ATTY GENERAL,,DEE W. SMITH,DEM,59,42,12,113
Box Elder,Brigham City 03,ATTY GENERAL,,JOHN SWALLOW,REP,183,97,16,296
Box Elder,Brigham City 03,ATTY GENERAL,,W. ANDREW McCULLOUGH,LIB,25,7,2,34
Box Elder,Brigham City 03,ATTY GENERAL,,Write-in 40,NP,0,0,0,0
Box Elder,Brigham City 03,STATE AUDITOR,,Registered Voters,NP,712,,,
Box Elder,Brigham City 03,STATE AUDITOR,,MARK SAGE,DEM,59,35,12,106
Box Elder,Brigham City 03,STATE AUDITOR,,JOHN DOUGALL,REP,168,87,16,271
Box Elder,Brigham City 03,STATE AUDITOR,,RICHARD PROCTOR,CON,39,18,2,59
Box Elder,Brigham City 03,STATE AUDITOR,,Write-in 40,NP,1,0,0,1
Box Elder,Brigham City 03,STATE TREASURER,,Registered Voters,NP,712,,,
Box Elder,Brigham City 03,STATE TREASURER,,CHRISTOPHER STOUT,DEM,53,27,13,93
Box Elder,Brigham City 03,STATE TREASURER,,VINCENT C. MARCUS,LIB,29,11,1,41
Box Elder,Brigham City 03,STATE TREASURER,,RICHARD K. ELLIS,REP,182,101,16,299
Box Elder,Brigham City 03,STATE TREASURER,,WARREN ROGERS,NP,0,0,0,0
Box Elder,Brigham City 03,STATE TREASURER,,Write-in 40,NP,0,0,0,0
Box Elder,Brigham City 03,UTAH STATE HOUSE OF REPRESENTATIVES1,,Registered Voters,NP,712,,,
Box Elder,Brigham City 03,UTAH STATE HOUSE OF REPRESENTATIVES1,,DeLOY W MECHAM,DEM,49,24,9,82
Box Elder,Brigham City 03,UTAH STATE HOUSE OF REPRESENTATIVES1,,RONDA RUDD MENLOVE,REP,169,95,17,281
Box Elder,Brigham City 03,UTAH STATE HOUSE OF REPRESENTATIVES1,,BECKY MADDOX,CON,51,23,5,79
Box Elder,Brigham City 03,UTAH STATE HOUSE OF REPRESENTATIVES1,,Write-in 40,NP,0,0,0,0
Box Elder,Brigham City 03,UTAH STATE SCHOOL BOARD OF EDUCATION,,Registered Voters,NP,712,,,
Box Elder,Brigham City 03,UTAH STATE SCHOOL BOARD OF EDUCATION,,D. ALAN SHAKESPEAR,NP,115,74,12,201
Box Elder,Brigham City 03,UTAH STATE SCHOOL BOARD OF EDUCATION,,TAMI W. PYFER,NP,98,46,14,158
Box Elder,Brigham City 03,UTAH STATE SCHOOL BOARD OF EDUCATION,,Write-in 30,NP,3,1,0,4
Box Elder,Brigham City 03,BOX ELDER COUNTY COMMISSION SEAT C,,Registered Voters,NP,712,,,
Box Elder,Brigham City 03,BOX ELDER COUNTY COMMISSION SEAT C,,STAN SUMMERS,REP,245,133,27,405
Box Elder,Brigham City 03,BOX ELDER COUNTY COMMISSION SEAT C,,Write-in 20,NP,5,2,1,8
Box Elder,Brigham City 03,Judge KEVIN K. ALLEN,,Registered Voters,NP,712,,,
Box Elder,Brigham City 03,Judge KEVIN K. ALLEN,,YES,NP,195,108,25,328
Box Elder,Brigham City 03,Judge KEVIN K. ALLEN,,NO,NP,46,19,4,69
Box Elder,Brigham City 03,Judge JEFFREY R. BURBANK,,Registered Voters,NP,712,,,
Box Elder,Brigham City 03,Judge JEFFREY R. BURBANK,,YES,NP,206,109,24,339
Box Elder,Brigham City 03,Judge JEFFREY R. BURBANK,,NO,NP,40,19,5,64
Box Elder,Brigham City 03,Constitutional Amendment A,,Registered Voters,NP,712,,,
Box Elder,Brigham City 03,Constitutional Amendment A,,FOR,NP,129,73,19,221
Box Elder,Brigham City 03,Constitutional Amendment A,,AGAINST,NP,126,58,10,194
Box Elder,Brigham City 03,Constitutional Amendment B,,Registered Voters,NP,712,,,
Box Elder,Brigham City 03,Constitutional Amendment B,,FOR,NP,163,87,18,268
Box Elder,Brigham City 03,Constitutional Amendment B,,AGAINST,NP,97,51,11,159
Box Elder,Brigham City 04,STRAIGHT PARTY,,Registered Voters,NP,605,,,
Box Elder,Brigham City 04,STRAIGHT PARTY,,CONSTITUTION,CON,1,0,0,1
Box Elder,Brigham City 04,STRAIGHT PARTY,,LIBERTARIAN,LIB,2,0,0,2
Box Elder,Brigham City 04,STRAIGHT PARTY,,DEMOCRATIC,DEM,15,9,0,24
Box Elder,Brigham City 04,STRAIGHT PARTY,,REPUBLICAN,REP,57,33,14,104
Box Elder,Brigham City 04,STRAIGHT PARTY,,JUSTICE,JUS,0,0,0,0
Box Elder,Brigham City 04,STRAIGHT PARTY,,GREEN,GRN,0,1,0,1
Box Elder,Brigham City 04,U.S. PRESIDENT,,Registered Voters,NP,605,,,
Box Elder,Brigham City 04,U.S. PRESIDENT,,JILL STEIN,GRN,0,0,0,0
Box Elder,Brigham City 04,U.S. PRESIDENT,,GLORIA LA RIVA,PSL,0,0,0,0
Box Elder,Brigham City 04,U.S. PRESIDENT,,MITT ROMNEY,REP,186,103,45,334
Box Elder,Brigham City 04,U.S. PRESIDENT,,BARACK OBAMA,DEM,37,21,0,58
Box Elder,Brigham City 04,U.S. PRESIDENT,,GARY JOHNSON,LIB,5,1,0,6
Box Elder,Brigham City 04,U.S. PRESIDENT,,VIRGIL GOODE,CON,4,0,0,4
Box Elder,Brigham City 04,U.S. PRESIDENT,,"ROSS C. \ROCKY\"" ANDE""",JUS,1,3,0,4
Box Elder,Brigham City 04,U.S. PRESIDENT,,ROSEANNE BARR,NP,0,0,0,0
Box Elder,Brigham City 04,U.S. PRESIDENT,,STEPHEN DURHAM,NP,0,0,0,0
Box Elder,Brigham City 04,U.S. PRESIDENT,,JILL REED,NP,0,0,0,0
Box Elder,Brigham City 04,U.S. PRESIDENT,,ANDRE BARNETT,NP,0,0,0,0
Box Elder,Brigham City 04,U.S. PRESIDENT,,WILL CHRISTENSEN,NP,0,0,0,0
Box Elder,Brigham City 04,U.S. PRESIDENT,,JUSTIN MEYERS,NP,0,0,0,0
Box Elder,Brigham City 04,U.S. PRESIDENT,,SHEILA SAM TITTLE,NP,0,0,0,0
Box Elder,Brigham City 04,U.S. PRESIDENT,,ERIN KENT MAGEE,NP,0,0,0,0
Box Elder,Brigham City 04,U.S. PRESIDENT,,DEAN MORSTAD,NP,0,0,0,0
Box Elder,Brigham City 04,U.S. PRESIDENT,,NELSON MORSTAD,NP,0,0,0,0
Box Elder,Brigham City 04,U.S. PRESIDENT,,DARRELL HYKES,NP,0,0,0,0
Box Elder,Brigham City 04,U.S. PRESIDENT,,Write-in 80,NP,1,1,0,2
Box Elder,Brigham City 04,U. S. SENATE,,Registered Voters,NP,605,,,
Box Elder,Brigham City 04,U. S. SENATE,,SHAUN LYNN McCAUSLAN,CON,10,2,2,14
Box Elder,Brigham City 04,U. S. SENATE,,SCOTT HOWELL,DEM,47,33,2,82
Box Elder,Brigham City 04,U. S. SENATE,,ORRIN G. HATCH,REP,167,90,38,295
Box Elder,Brigham City 04,U. S. SENATE,,DANIEL GEERY,JUS,2,1,2,5
Box Elder,Brigham City 04,U. S. SENATE,,BILL BARRON,UNA,3,2,0,5
Box Elder,Brigham City 04,U. S. SENATE,,JoANN S. SECRIST,NP,0,0,0,0
Box Elder,Brigham City 04,U. S. SENATE,,Write-in 60,NP,1,0,0,1
Box Elder,Brigham City 04,U. S. HOUSE OF REPRESENTATIVE,,Registered Voters,NP,605,,,
Box Elder,Brigham City 04,U. S. HOUSE OF REPRESENTATIVE,,SHERRY PHIPPS,CON,11,8,0,19
Box Elder,Brigham City 04,U. S. HOUSE OF REPRESENTATIVE,,DONNA M. McALEER,DEM,35,30,0,65
Box Elder,Brigham City 04,U. S. HOUSE OF REPRESENTATIVE,,ROB BISHOP,REP,184,89,45,318
Box Elder,Brigham City 04,U. S. HOUSE OF REPRESENTATIVE,,Write-in 40,NP,0,0,0,0
Box Elder,Brigham City 04,GOVERNOR,,Registered Voters,NP,605,,,
Box Elder,Brigham City 04,GOVERNOR,,PETER S COOKE,DEM,51,31,5,87
Box Elder,Brigham City 04,GOVERNOR,,KEN LARSEN,LIB,8,2,0,10
Box Elder,Brigham City 04,GOVERNOR,,KIRK D PEARSON,CON,5,1,0,6
Box Elder,Brigham City 04,GOVERNOR,,GARY R. HERBERT,REP,163,94,40,297
Box Elder,Brigham City 04,GOVERNOR,,DAVID J CANNON,NP,0,0,0,0
Box Elder,Brigham City 04,GOVERNOR,,DENNIS C. OWEN,NP,0,0,0,0
Box Elder,Brigham City 04,GOVERNOR,,Write-in 50,NP,0,0,0,0
Box Elder,Brigham City 04,ATTY GENERAL,,Registered Voters,NP,605,,,
Box Elder,Brigham City 04,ATTY GENERAL,,DEE W. SMITH,DEM,65,37,3,105
Box Elder,Brigham City 04,ATTY GENERAL,,JOHN SWALLOW,REP,140,83,39,262
Box Elder,Brigham City 04,ATTY GENERAL,,W. ANDREW McCULLOUGH,LIB,16,6,0,22
Box Elder,Brigham City 04,ATTY GENERAL,,Write-in 40,NP,0,0,0,0
Box Elder,Brigham City 04,STATE AUDITOR,,Registered Voters,NP,605,,,
Box Elder,Brigham City 04,STATE AUDITOR,,MARK SAGE,DEM,53,32,2,87
Box Elder,Brigham City 04,STATE AUDITOR,,JOHN DOUGALL,REP,145,82,39,266
Box Elder,Brigham City 04,STATE AUDITOR,,RICHARD PROCTOR,CON,20,11,1,32
Box Elder,Brigham City 04,STATE AUDITOR,,Write-in 40,NP,0,0,0,0
Box Elder,Brigham City 04,STATE TREASURER,,Registered Voters,NP,605,,,
Box Elder,Brigham City 04,STATE TREASURER,,CHRISTOPHER STOUT,DEM,45,27,2,74
Box Elder,Brigham City 04,STATE TREASURER,,VINCENT C. MARCUS,LIB,24,13,0,37
Box Elder,Brigham City 04,STATE TREASURER,,RICHARD K. ELLIS,REP,150,85,39,274
Box Elder,Brigham City 04,STATE TREASURER,,WARREN ROGERS,NP,0,0,0,0
Box Elder,Brigham City 04,STATE TREASURER,,Write-in 40,NP,0,0,0,0
Box Elder,Brigham City 04,UTAH STATE HOUSE OF REPRESENTATIVES1,,Registered Voters,NP,605,,,
Box Elder,Brigham City 04,UTAH STATE HOUSE OF REPRESENTATIVES1,,DeLOY W MECHAM,DEM,44,26,0,70
Box Elder,Brigham City 04,UTAH STATE HOUSE OF REPRESENTATIVES1,,RONDA RUDD MENLOVE,REP,146,86,36,268
Box Elder,Brigham City 04,UTAH STATE HOUSE OF REPRESENTATIVES1,,BECKY MADDOX,CON,33,14,5,52
Box Elder,Brigham City 04,UTAH STATE HOUSE OF REPRESENTATIVES1,,Write-in 40,NP,1,0,0,1
Box Elder,Brigham City 04,UTAH STATE SCHOOL BOARD OF EDUCATION,,Registered Voters,NP,605,,,
Box Elder,Brigham City 04,UTAH STATE SCHOOL BOARD OF EDUCATION,,D. ALAN SHAKESPEAR,NP,111,64,19,194
Box Elder,Brigham City 04,UTAH STATE SCHOOL BOARD OF EDUCATION,,TAMI W. PYFER,NP,70,38,19,127
Box Elder,Brigham City 04,UTAH STATE SCHOOL BOARD OF EDUCATION,,Write-in 30,NP,4,0,0,4
Box Elder,Brigham City 04,BOX ELDER COUNTY COMMISSION SEAT C,,Registered Voters,NP,605,,,
Box Elder,Brigham City 04,BOX ELDER COUNTY COMMISSION SEAT C,,STAN SUMMERS,REP,200,116,39,355
Box Elder,Brigham City 04,BOX ELDER COUNTY COMMISSION SEAT C,,Write-in 20,NP,3,1,0,4
Box Elder,Brigham City 04,Judge KEVIN K. ALLEN,,Registered Voters,NP,605,,,
Box Elder,Brigham City 04,Judge KEVIN K. ALLEN,,YES,NP,160,89,32,281
Box Elder,Brigham City 04,Judge KEVIN K. ALLEN,,NO,NP,28,19,8,55
Box Elder,Brigham City 04,Judge JEFFREY R. BURBANK,,Registered Voters,NP,605,,,
Box Elder,Brigham City 04,Judge JEFFREY R. BURBANK,,YES,NP,161,93,32,286
Box Elder,Brigham City 04,Judge JEFFREY R. BURBANK,,NO,NP,29,15,7,51
Box Elder,Brigham City 04,BOX ELDER COUNTY SCHOOL BOARD DIST 5,,Registered Voters,NP,605,,,
Box Elder,Brigham City 04,BOX ELDER COUNTY SCHOOL BOARD DIST 5,,NANCY S. KENNEDY,NP,129,90,31,250
Box Elder,Brigham City 04,BOX ELDER COUNTY SCHOOL BOARD DIST 5,,STEVE BROOKS,NP,63,24,10,97
Box Elder,Brigham City 04,BOX ELDER COUNTY SCHOOL BOARD DIST 5,,Write-in 30,NP,4,0,0,4
Box Elder,Brigham City 04,Constitutional Amendment A,,Registered Voters,NP,605,,,
Box Elder,Brigham City 04,Constitutional Amendment A,,FOR,NP,92,57,21,170
Box Elder,Brigham City 04,Constitutional Amendment A,,AGAINST,NP,106,56,19,181
Box Elder,Brigham City 04,Constitutional Amendment B,,Registered Voters,NP,605,,,
Box Elder,Brigham City 04,Constitutional Amendment B,,FOR,NP,155,76,32,263
Box Elder,Brigham City 04,Constitutional Amendment B,,AGAINST,NP,59,44,11,114
Box Elder,Brigham City 05,STRAIGHT PARTY,,Registered Voters,NP,503,,,
Box Elder,Brigham City 05,STRAIGHT PARTY,,CONSTITUTION,CON,1,0,0,1
Box Elder,Brigham City 05,STRAIGHT PARTY,,LIBERTARIAN,LIB,0,0,0,0
Box Elder,Brigham City 05,STRAIGHT PARTY,,DEMOCRATIC,DEM,11,6,0,17
Box Elder,Brigham City 05,STRAIGHT PARTY,,REPUBLICAN,REP,53,34,6,93
Box Elder,Brigham City 05,STRAIGHT PARTY,,JUSTICE,JUS,0,0,0,0
Box Elder,Brigham City 05,STRAIGHT PARTY,,GREEN,GRN,1,0,0,1
Box Elder,Brigham City 05,U.S. PRESIDENT,,Registered Voters,NP,503,,,
Box Elder,Brigham City 05,U.S. PRESIDENT,,JILL STEIN,GRN,1,0,0,1
Box Elder,Brigham City 05,U.S. PRESIDENT,,GLORIA LA RIVA,PSL,0,0,0,0
Box Elder,Brigham City 05,U.S. PRESIDENT,,MITT ROMNEY,REP,174,84,14,272
Box Elder,Brigham City 05,U.S. PRESIDENT,,BARACK OBAMA,DEM,29,16,3,48
Box Elder,Brigham City 05,U.S. PRESIDENT,,GARY JOHNSON,LIB,0,0,0,0
Box Elder,Brigham City 05,U.S. PRESIDENT,,VIRGIL GOODE,CON,3,0,0,3
Box Elder,Brigham City 05,U.S. PRESIDENT,,"ROSS C. \ROCKY\"" ANDE""",JUS,0,0,0,0
Box Elder,Brigham City 05,U.S. PRESIDENT,,ROSEANNE BARR,NP,0,0,0,0
Box Elder,Brigham City 05,U.S. PRESIDENT,,STEPHEN DURHAM,NP,0,0,0,0
Box Elder,Brigham City 05,U.S. PRESIDENT,,JILL REED,NP,0,0,0,0
Box Elder,Brigham City 05,U.S. PRESIDENT,,ANDRE BARNETT,NP,0,0,0,0
Box Elder,Brigham City 05,U.S. PRESIDENT,,WILL CHRISTENSEN,NP,0,0,0,0
Box Elder,Brigham City 05,U.S. PRESIDENT,,JUSTIN MEYERS,NP,0,0,0,0
Box Elder,Brigham City 05,U.S. PRESIDENT,,SHEILA SAM TITTLE,NP,0,0,0,0
Box Elder,Brigham City 05,U.S. PRESIDENT,,ERIN KENT MAGEE,NP,0,0,0,0
Box Elder,Brigham City 05,U.S. PRESIDENT,,DEAN MORSTAD,NP,0,0,0,0
Box Elder,Brigham City 05,U.S. PRESIDENT,,NELSON MORSTAD,NP,0,0,0,0
Box Elder,Brigham City 05,U.S. PRESIDENT,,DARRELL HYKES,NP,0,0,0,0
Box Elder,Brigham City 05,U.S. PRESIDENT,,Write-in 80,NP,0,1,0,1
Box Elder,Brigham City 05,U. S. SENATE,,Registered Voters,NP,503,,,
Box Elder,Brigham City 05,U. S. SENATE,,SHAUN LYNN McCAUSLAN,CON,9,4,0,13
Box Elder,Brigham City 05,U. S. SENATE,,SCOTT HOWELL,DEM,31,23,3,57
Box Elder,Brigham City 05,U. S. SENATE,,ORRIN G. HATCH,REP,157,73,13,243
Box Elder,Brigham City 05,U. S. SENATE,,DANIEL GEERY,JUS,1,0,1,2
Box Elder,Brigham City 05,U. S. SENATE,,BILL BARRON,UNA,2,0,0,2
Box Elder,Brigham City 05,U. S. SENATE,,JoANN S. SECRIST,NP,0,0,0,0
Box Elder,Brigham City 05,U. S. SENATE,,Write-in 60,NP,2,0,0,2
Box Elder,Brigham City 05,U. S. HOUSE OF REPRESENTATIVE,,Registered Voters,NP,503,,,
Box Elder,Brigham City 05,U. S. HOUSE OF REPRESENTATIVE,,SHERRY PHIPPS,CON,9,3,0,12
Box Elder,Brigham City 05,U. S. HOUSE OF REPRESENTATIVE,,DONNA M. McALEER,DEM,31,20,3,54
Box Elder,Brigham City 05,U. S. HOUSE OF REPRESENTATIVE,,ROB BISHOP,REP,162,77,14,253
Box Elder,Brigham City 05,U. S. HOUSE OF REPRESENTATIVE,,Write-in 40,NP,0,0,0,0
Box Elder,Brigham City 05,GOVERNOR,,Registered Voters,NP,503,,,
Box Elder,Brigham City 05,GOVERNOR,,PETER S COOKE,DEM,35,19,3,57
Box Elder,Brigham City 05,GOVERNOR,,KEN LARSEN,LIB,4,3,0,7
Box Elder,Brigham City 05,GOVERNOR,,KIRK D PEARSON,CON,4,1,0,5
Box Elder,Brigham City 05,GOVERNOR,,GARY R. HERBERT,REP,160,78,14,252
Box Elder,Brigham City 05,GOVERNOR,,DAVID J CANNON,NP,0,0,0,0
Box Elder,Brigham City 05,GOVERNOR,,DENNIS C. OWEN,NP,0,0,0,0
Box Elder,Brigham City 05,GOVERNOR,,Write-in 50,NP,0,0,0,0
Box Elder,Brigham City 05,ATTY GENERAL,,Registered Voters,NP,503,,,
Box Elder,Brigham City 05,ATTY GENERAL,,DEE W. SMITH,DEM,36,24,6,66
Box Elder,Brigham City 05,ATTY GENERAL,,JOHN SWALLOW,REP,157,72,10,239
Box Elder,Brigham City 05,ATTY GENERAL,,W. ANDREW McCULLOUGH,LIB,8,5,1,14
Box Elder,Brigham City 05,ATTY GENERAL,,Write-in 40,NP,1,0,0,1
Box Elder,Brigham City 05,STATE AUDITOR,,Registered Voters,NP,503,,,
Box Elder,Brigham City 05,STATE AUDITOR,,MARK SAGE,DEM,36,23,2,61
Box Elder,Brigham City 05,STATE AUDITOR,,JOHN DOUGALL,REP,152,68,14,234
Box Elder,Brigham City 05,STATE AUDITOR,,RICHARD PROCTOR,CON,12,9,1,22
Box Elder,Brigham City 05,STATE AUDITOR,,Write-in 40,NP,0,0,0,0
Box Elder,Brigham City 05,STATE TREASURER,,Registered Voters,NP,503,,,
Box Elder,Brigham City 05,STATE TREASURER,,CHRISTOPHER STOUT,DEM,34,20,3,57
Box Elder,Brigham City 05,STATE TREASURER,,VINCENT C. MARCUS,LIB,10,5,2,17
Box Elder,Brigham City 05,STATE TREASURER,,RICHARD K. ELLIS,REP,153,75,12,240
Box Elder,Brigham City 05,STATE TREASURER,,WARREN ROGERS,NP,0,0,0,0
Box Elder,Brigham City 05,STATE TREASURER,,Write-in 40,NP,1,0,0,1
Box Elder,Brigham City 05,UTAH STATE HOUSE OF REPRESENTATIVES1,,Registered Voters,NP,503,,,
Box Elder,Brigham City 05,UTAH STATE HOUSE OF REPRESENTATIVES1,,DeLOY W MECHAM,DEM,23,16,4,43
Box Elder,Brigham City 05,UTAH STATE HOUSE OF REPRESENTATIVES1,,RONDA RUDD MENLOVE,REP,117,57,9,183
Box Elder,Brigham City 05,UTAH STATE HOUSE OF REPRESENTATIVES1,,BECKY MADDOX,CON,63,27,4,94
Box Elder,Brigham City 05,UTAH STATE HOUSE OF REPRESENTATIVES1,,Write-in 40,NP,0,0,0,0
Box Elder,Brigham City 05,UTAH STATE SCHOOL BOARD OF EDUCATION,,Registered Voters,NP,503,,,
Box Elder,Brigham City 05,UTAH STATE SCHOOL BOARD OF EDUCATION,,D. ALAN SHAKESPEAR,NP,92,62,10,164
Box Elder,Brigham City 05,UTAH STATE SCHOOL BOARD OF EDUCATION,,TAMI W. PYFER,NP,73,27,4,104
Box Elder,Brigham City 05,UTAH STATE SCHOOL BOARD OF EDUCATION,,Write-in 30,NP,2,0,0,2
Box Elder,Brigham City 05,BOX ELDER COUNTY COMMISSION SEAT C,,Registered Voters,NP,503,,,
Box Elder,Brigham City 05,BOX ELDER COUNTY COMMISSION SEAT C,,STAN SUMMERS,REP,186,91,14,291
Box Elder,Brigham City 05,BOX ELDER COUNTY COMMISSION SEAT C,,Write-in 20,NP,2,0,2,4
Box Elder,Brigham City 05,Judge KEVIN K. ALLEN,,Registered Voters,NP,503,,,
Box Elder,Brigham City 05,Judge KEVIN K. ALLEN,,YES,NP,161,80,9,250
Box Elder,Brigham City 05,Judge KEVIN K. ALLEN,,NO,NP,22,9,5,36
Box Elder,Brigham City 05,Judge JEFFREY R. BURBANK,,Registered Voters,NP,503,,,
Box Elder,Brigham City 05,Judge JEFFREY R. BURBANK,,YES,NP,170,79,8,257
Box Elder,Brigham City 05,Judge JEFFREY R. BURBANK,,NO,NP,15,10,6,31
Box Elder,Brigham City 05,BOX ELDER COUNTY SCHOOL BOARD DIST 5,,Registered Voters,NP,503,,,
Box Elder,Brigham City 05,BOX ELDER COUNTY SCHOOL BOARD DIST 5,,NANCY S. KENNEDY,NP,135,67,8,210
Box Elder,Brigham City 05,BOX ELDER COUNTY SCHOOL BOARD DIST 5,,STEVE BROOKS,NP,47,20,4,71
Box Elder,Brigham City 05,BOX ELDER COUNTY SCHOOL BOARD DIST 5,,Write-in 30,NP,1,0,0,1
Box Elder,Brigham City 05,Constitutional Amendment A,,Registered Voters,NP,503,,,
Box Elder,Brigham City 05,Constitutional Amendment A,,FOR,NP,93,45,9,147
Box Elder,Brigham City 05,Constitutional Amendment A,,AGAINST,NP,89,45,7,141
Box Elder,Brigham City 05,Constitutional Amendment B,,Registered Voters,NP,503,,,
Box Elder,Brigham City 05,Constitutional Amendment B,,FOR,NP,135,61,13,209
Box Elder,Brigham City 05,Constitutional Amendment B,,AGAINST,NP,60,35,4,99
Box Elder,Brigham City 06,STRAIGHT PARTY,,Registered Voters,NP,707,,,
Box Elder,Brigham City 06,STRAIGHT PARTY,,CONSTITUTION,CON,0,0,0,0
Box Elder,Brigham City 06,STRAIGHT PARTY,,LIBERTARIAN,LIB,1,0,0,1
Box Elder,Brigham City 06,STRAIGHT PARTY,,DEMOCRATIC,DEM,7,5,2,14
Box Elder,Brigham City 06,STRAIGHT PARTY,,REPUBLICAN,REP,83,68,7,158
Box Elder,Brigham City 06,STRAIGHT PARTY,,JUSTICE,JUS,0,0,0,0
Box Elder,Brigham City 06,STRAIGHT PARTY,,GREEN,GRN,0,0,0,0
Box Elder,Brigham City 06,U.S. PRESIDENT,,Registered Voters,NP,707,,,
Box Elder,Brigham City 06,U.S. PRESIDENT,,JILL STEIN,GRN,0,0,0,0
Box Elder,Brigham City 06,U.S. PRESIDENT,,GLORIA LA RIVA,PSL,1,0,0,1
Box Elder,Brigham City 06,U.S. PRESIDENT,,MITT ROMNEY,REP,290,180,27,497
Box Elder,Brigham City 06,U.S. PRESIDENT,,BARACK OBAMA,DEM,28,10,3,41
Box Elder,Brigham City 06,U.S. PRESIDENT,,GARY JOHNSON,LIB,2,0,0,2
Box Elder,Brigham City 06,U.S. PRESIDENT,,VIRGIL GOODE,CON,0,0,0,0
Box Elder,Brigham City 06,U.S. PRESIDENT,,"ROSS C. \ROCKY\"" ANDE""",JUS,1,0,0,1
Box Elder,Brigham City 06,U.S. PRESIDENT,,ROSEANNE BARR,NP,0,0,0,0
Box Elder,Brigham City 06,U.S. PRESIDENT,,STEPHEN DURHAM,NP,0,0,0,0
Box Elder,Brigham City 06,U.S. PRESIDENT,,JILL REED,NP,0,0,0,0
Box Elder,Brigham City 06,U.S. PRESIDENT,,ANDRE BARNETT,NP,0,0,0,0
Box Elder,Brigham City 06,U.S. PRESIDENT,,WILL CHRISTENSEN,NP,0,0,0,0
Box Elder,Brigham City 06,U.S. PRESIDENT,,JUSTIN MEYERS,NP,0,0,0,0
Box Elder,Brigham City 06,U.S. PRESIDENT,,SHEILA SAM TITTLE,NP,0,0,0,0
Box Elder,Brigham City 06,U.S. PRESIDENT,,ERIN KENT MAGEE,NP,0,0,0,0
Box Elder,Brigham City 06,U.S. PRESIDENT,,DEAN MORSTAD,NP,0,0,0,0
Box Elder,Brigham City 06,U.S. PRESIDENT,,NELSON MORSTAD,NP,0,0,0,0
Box Elder,Brigham City 06,U.S. PRESIDENT,,DARRELL HYKES,NP,0,0,0,0
Box Elder,Brigham City 06,U.S. PRESIDENT,,Write-in 80,NP,0,0,0,0
Box Elder,Brigham City 06,U. S. SENATE,,Registered Voters,NP,707,,,
Box Elder,Brigham City 06,U. S. SENATE,,SHAUN LYNN McCAUSLAN,CON,9,1,0,10
Box Elder,Brigham City 06,U. S. SENATE,,SCOTT HOWELL,DEM,40,28,5,73
Box Elder,Brigham City 06,U. S. SENATE,,ORRIN G. HATCH,REP,266,154,25,445
Box Elder,Brigham City 06,U. S. SENATE,,DANIEL GEERY,JUS,2,1,0,3
Box Elder,Brigham City 06,U. S. SENATE,,BILL BARRON,UNA,2,0,0,2
Box Elder,Brigham City 06,U. S. SENATE,,JoANN S. SECRIST,NP,0,0,0,0
Box Elder,Brigham City 06,U. S. SENATE,,Write-in 60,NP,1,0,0,1
Box Elder,Brigham City 06,U. S. HOUSE OF REPRESENTATIVE,,Registered Voters,NP,707,,,
Box Elder,Brigham City 06,U. S. HOUSE OF REPRESENTATIVE,,SHERRY PHIPPS,CON,10,2,1,13
Box Elder,Brigham City 06,U. S. HOUSE OF REPRESENTATIVE,,DONNA M. McALEER,DEM,34,22,2,58
Box Elder,Brigham City 06,U. S. HOUSE OF REPRESENTATIVE,,ROB BISHOP,REP,272,160,27,459
Box Elder,Brigham City 06,U. S. HOUSE OF REPRESENTATIVE,,Write-in 40,NP,1,0,0,1
Box Elder,Brigham City 06,GOVERNOR,,Registered Voters,NP,707,,,
Box Elder,Brigham City 06,GOVERNOR,,PETER S COOKE,DEM,36,25,3,64
Box Elder,Brigham City 06,GOVERNOR,,KEN LARSEN,LIB,4,2,0,6
Box Elder,Brigham City 06,GOVERNOR,,KIRK D PEARSON,CON,3,2,0,5
Box Elder,Brigham City 06,GOVERNOR,,GARY R. HERBERT,REP,278,160,27,465
Box Elder,Brigham City 06,GOVERNOR,,DAVID J CANNON,NP,0,0,0,0
Box Elder,Brigham City 06,GOVERNOR,,DENNIS C. OWEN,NP,0,0,0,0
Box Elder,Brigham City 06,GOVERNOR,,Write-in 50,NP,0,0,0,0
Box Elder,Brigham City 06,ATTY GENERAL,,Registered Voters,NP,707,,,
Box Elder,Brigham City 06,ATTY GENERAL,,DEE W. SMITH,DEM,51,37,8,96
Box Elder,Brigham City 06,ATTY GENERAL,,JOHN SWALLOW,REP,247,150,22,419
Box Elder,Brigham City 06,ATTY GENERAL,,W. ANDREW McCULLOUGH,LIB,14,1,0,15
Box Elder,Brigham City 06,ATTY GENERAL,,Write-in 40,NP,0,0,0,0
Box Elder,Brigham City 06,STATE AUDITOR,,Registered Voters,NP,707,,,
Box Elder,Brigham City 06,STATE AUDITOR,,MARK SAGE,DEM,46,30,3,79
Box Elder,Brigham City 06,STATE AUDITOR,,JOHN DOUGALL,REP,242,151,27,420
Box Elder,Brigham City 06,STATE AUDITOR,,RICHARD PROCTOR,CON,23,5,0,28
Box Elder,Brigham City 06,STATE AUDITOR,,Write-in 40,NP,1,0,0,1
Box Elder,Brigham City 06,STATE TREASURER,,Registered Voters,NP,707,,,
Box Elder,Brigham City 06,STATE TREASURER,,CHRISTOPHER STOUT,DEM,42,25,5,72
Box Elder,Brigham City 06,STATE TREASURER,,VINCENT C. MARCUS,LIB,16,13,0,29
Box Elder,Brigham City 06,STATE TREASURER,,RICHARD K. ELLIS,REP,250,148,23,421
Box Elder,Brigham City 06,STATE TREASURER,,WARREN ROGERS,NP,0,0,0,0
Box Elder,Brigham City 06,STATE TREASURER,,Write-in 40,NP,0,0,0,0
Box Elder,Brigham City 06,UTAH STATE HOUSE OF REPRESENTATIVES1,,Registered Voters,NP,707,,,
Box Elder,Brigham City 06,UTAH STATE HOUSE OF REPRESENTATIVES1,,DeLOY W MECHAM,DEM,46,29,6,81
Box Elder,Brigham City 06,UTAH STATE HOUSE OF REPRESENTATIVES1,,RONDA RUDD MENLOVE,REP,217,137,21,375
Box Elder,Brigham City 06,UTAH STATE HOUSE OF REPRESENTATIVES1,,BECKY MADDOX,CON,54,23,3,80
Box Elder,Brigham City 06,UTAH STATE HOUSE OF REPRESENTATIVES1,,Write-in 40,NP,0,0,0,0
Box Elder,Brigham City 06,UTAH STATE SCHOOL BOARD OF EDUCATION,,Registered Voters,NP,707,,,
Box Elder,Brigham City 06,UTAH STATE SCHOOL BOARD OF EDUCATION,,D. ALAN SHAKESPEAR,NP,205,133,16,354
Box Elder,Brigham City 06,UTAH STATE SCHOOL BOARD OF EDUCATION,,TAMI W. PYFER,NP,73,28,13,114
Box Elder,Brigham City 06,UTAH STATE SCHOOL BOARD OF EDUCATION,,Write-in 30,NP,1,0,0,1
Box Elder,Brigham City 06,BOX ELDER COUNTY COMMISSION SEAT C,,Registered Voters,NP,707,,,
Box Elder,Brigham City 06,BOX ELDER COUNTY COMMISSION SEAT C,,STAN SUMMERS,REP,291,174,26,491
Box Elder,Brigham City 06,BOX ELDER COUNTY COMMISSION SEAT C,,Write-in 20,NP,2,0,0,2
Box Elder,Brigham City 06,Judge KEVIN K. ALLEN,,Registered Voters,NP,707,,,
Box Elder,Brigham City 06,Judge KEVIN K. ALLEN,,YES,NP,246,135,21,402
Box Elder,Brigham City 06,Judge KEVIN K. ALLEN,,NO,NP,45,32,4,81
Box Elder,Brigham City 06,Judge JEFFREY R. BURBANK,,Registered Voters,NP,707,,,
Box Elder,Brigham City 06,Judge JEFFREY R. BURBANK,,YES,NP,260,135,22,417
Box Elder,Brigham City 06,Judge JEFFREY R. BURBANK,,NO,NP,32,30,3,65
Box Elder,Brigham City 06,BOX ELDER COUNTY SCHOOL BOARD DIST 5,,Registered Voters,NP,707,,,
Box Elder,Brigham City 06,BOX ELDER COUNTY SCHOOL BOARD DIST 5,,NANCY S. KENNEDY,NP,217,135,22,374
Box Elder,Brigham City 06,BOX ELDER COUNTY SCHOOL BOARD DIST 5,,STEVE BROOKS,NP,74,37,6,117
Box Elder,Brigham City 06,BOX ELDER COUNTY SCHOOL BOARD DIST 5,,Write-in 30,NP,2,0,0,2
Box Elder,Brigham City 06,Constitutional Amendment A,,Registered Voters,NP,707,,,
Box Elder,Brigham City 06,Constitutional Amendment A,,FOR,NP,143,85,14,242
Box Elder,Brigham City 06,Constitutional Amendment A,,AGAINST,NP,144,84,12,240
Box Elder,Brigham City 06,Constitutional Amendment B,,Registered Voters,NP,707,,,
Box Elder,Brigham City 06,Constitutional Amendment B,,FOR,NP,204,131,15,350
Box Elder,Brigham City 06,Constitutional Amendment B,,AGAINST,NP,104,48,14,166
Box Elder,Brigham City 07,STRAIGHT PARTY,,Registered Voters,NP,694,,,
Box Elder,Brigham City 07,STRAIGHT PARTY,,CONSTITUTION,CON,0,0,0,0
Box Elder,Brigham City 07,STRAIGHT PARTY,,LIBERTARIAN,LIB,2,0,1,3
Box Elder,Brigham City 07,STRAIGHT PARTY,,DEMOCRATIC,DEM,17,5,1,23
Box Elder,Brigham City 07,STRAIGHT PARTY,,REPUBLICAN,REP,73,45,9,127
Box Elder,Brigham City 07,STRAIGHT PARTY,,JUSTICE,JUS,0,0,0,0
Box Elder,Brigham City 07,STRAIGHT PARTY,,GREEN,GRN,0,0,0,0
Box Elder,Brigham City 07,U.S. PRESIDENT,,Registered Voters,NP,694,,,
Box Elder,Brigham City 07,U.S. PRESIDENT,,JILL STEIN,GRN,0,1,0,1
Box Elder,Brigham City 07,U.S. PRESIDENT,,GLORIA LA RIVA,PSL,0,0,0,0
Box Elder,Brigham City 07,U.S. PRESIDENT,,MITT ROMNEY,REP,231,133,24,388
Box Elder,Brigham City 07,U.S. PRESIDENT,,BARACK OBAMA,DEM,44,13,4,61
Box Elder,Brigham City 07,U.S. PRESIDENT,,GARY JOHNSON,LIB,4,0,0,4
Box Elder,Brigham City 07,U.S. PRESIDENT,,VIRGIL GOODE,CON,0,0,0,0
Box Elder,Brigham City 07,U.S. PRESIDENT,,"ROSS C. \ROCKY\"" ANDE""",JUS,1,2,0,3
Box Elder,Brigham City 07,U.S. PRESIDENT,,ROSEANNE BARR,NP,0,0,0,0
Box Elder,Brigham City 07,U.S. PRESIDENT,,STEPHEN DURHAM,NP,0,0,0,0
Box Elder,Brigham City 07,U.S. PRESIDENT,,JILL REED,NP,0,0,0,0
Box Elder,Brigham City 07,U.S. PRESIDENT,,ANDRE BARNETT,NP,0,0,0,0
Box Elder,Brigham City 07,U.S. PRESIDENT,,WILL CHRISTENSEN,NP,0,0,0,0
Box Elder,Brigham City 07,U.S. PRESIDENT,,JUSTIN MEYERS,NP,0,0,0,0
Box Elder,Brigham City 07,U.S. PRESIDENT,,SHEILA SAM TITTLE,NP,0,0,0,0
Box Elder,Brigham City 07,U.S. PRESIDENT,,ERIN KENT MAGEE,NP,0,0,0,0
Box Elder,Brigham City 07,U.S. PRESIDENT,,DEAN MORSTAD,NP,0,0,0,0
Box Elder,Brigham City 07,U.S. PRESIDENT,,NELSON MORSTAD,NP,0,0,0,0
Box Elder,Brigham City 07,U.S. PRESIDENT,,DARRELL HYKES,NP,0,0,0,0
Box Elder,Brigham City 07,U.S. PRESIDENT,,Write-in 80,NP,1,1,0,2
Box Elder,Brigham City 07,U. S. SENATE,,Registered Voters,NP,694,,,
Box Elder,Brigham City 07,U. S. SENATE,,SHAUN LYNN McCAUSLAN,CON,8,2,1,11
Box Elder,Brigham City 07,U. S. SENATE,,SCOTT HOWELL,DEM,62,18,6,86
Box Elder,Brigham City 07,U. S. SENATE,,ORRIN G. HATCH,REP,203,128,20,351
Box Elder,Brigham City 07,U. S. SENATE,,DANIEL GEERY,JUS,1,1,0,2
Box Elder,Brigham City 07,U. S. SENATE,,BILL BARRON,UNA,1,0,0,1
Box Elder,Brigham City 07,U. S. SENATE,,JoANN S. SECRIST,NP,0,0,0,0
Box Elder,Brigham City 07,U. S. SENATE,,Write-in 60,NP,0,0,0,0
Box Elder,Brigham City 07,U. S. HOUSE OF REPRESENTATIVE,,Registered Voters,NP,694,,,
Box Elder,Brigham City 07,U. S. HOUSE OF REPRESENTATIVE,,SHERRY PHIPPS,CON,11,6,2,19
Box Elder,Brigham City 07,U. S. HOUSE OF REPRESENTATIVE,,DONNA M. McALEER,DEM,45,21,3,69
Box Elder,Brigham City 07,U. S. HOUSE OF REPRESENTATIVE,,ROB BISHOP,REP,221,120,23,364
Box Elder,Brigham City 07,U. S. HOUSE OF REPRESENTATIVE,,Write-in 40,NP,0,1,0,1
Box Elder,Brigham City 07,GOVERNOR,,Registered Voters,NP,694,,,
Box Elder,Brigham City 07,GOVERNOR,,PETER S COOKE,DEM,59,17,4,80
Box Elder,Brigham City 07,GOVERNOR,,KEN LARSEN,LIB,4,0,1,5
Box Elder,Brigham City 07,GOVERNOR,,KIRK D PEARSON,CON,7,3,0,10
Box Elder,Brigham City 07,GOVERNOR,,GARY R. HERBERT,REP,205,129,22,356
Box Elder,Brigham City 07,GOVERNOR,,DAVID J CANNON,NP,0,0,0,0
Box Elder,Brigham City 07,GOVERNOR,,DENNIS C. OWEN,NP,0,0,0,0
Box Elder,Brigham City 07,GOVERNOR,,Write-in 50,NP,0,0,0,0
Box Elder,Brigham City 07,ATTY GENERAL,,Registered Voters,NP,694,,,
Box Elder,Brigham City 07,ATTY GENERAL,,DEE W. SMITH,DEM,64,29,6,99
Box Elder,Brigham City 07,ATTY GENERAL,,JOHN SWALLOW,REP,193,114,21,328
Box Elder,Brigham City 07,ATTY GENERAL,,W. ANDREW McCULLOUGH,LIB,13,4,1,18
Box Elder,Brigham City 07,ATTY GENERAL,,Write-in 40,NP,0,0,0,0
Box Elder,Brigham City 07,STATE AUDITOR,,Registered Voters,NP,694,,,
Box Elder,Brigham City 07,STATE AUDITOR,,MARK SAGE,DEM,54,25,6,85
Box Elder,Brigham City 07,STATE AUDITOR,,JOHN DOUGALL,REP,190,112,21,323
Box Elder,Brigham City 07,STATE AUDITOR,,RICHARD PROCTOR,CON,16,8,1,25
Box Elder,Brigham City 07,STATE AUDITOR,,Write-in 40,NP,0,0,0,0
Box Elder,Brigham City 07,STATE TREASURER,,Registered Voters,NP,694,,,
Box Elder,Brigham City 07,STATE TREASURER,,CHRISTOPHER STOUT,DEM,56,22,4,82
Box Elder,Brigham City 07,STATE TREASURER,,VINCENT C. MARCUS,LIB,14,9,1,24
Box Elder,Brigham City 07,STATE TREASURER,,RICHARD K. ELLIS,REP,192,114,22,328
Box Elder,Brigham City 07,STATE TREASURER,,WARREN ROGERS,NP,0,0,0,0
Box Elder,Brigham City 07,STATE TREASURER,,Write-in 40,NP,0,0,0,0
Box Elder,Brigham City 07,UTAH STATE HOUSE OF REPRESENTATIVES1,,Registered Voters,NP,694,,,
Box Elder,Brigham City 07,UTAH STATE HOUSE OF REPRESENTATIVES1,,DeLOY W MECHAM,DEM,44,11,5,60
Box Elder,Brigham City 07,UTAH STATE HOUSE OF REPRESENTATIVES1,,RONDA RUDD MENLOVE,REP,195,116,20,331
Box Elder,Brigham City 07,UTAH STATE HOUSE OF REPRESENTATIVES1,,BECKY MADDOX,CON,34,20,2,56
Box Elder,Brigham City 07,UTAH STATE HOUSE OF REPRESENTATIVES1,,Write-in 40,NP,0,0,0,0
Box Elder,Brigham City 07,UTAH STATE SCHOOL BOARD OF EDUCATION,,Registered Voters,NP,694,,,
Box Elder,Brigham City 07,UTAH STATE SCHOOL BOARD OF EDUCATION,,D. ALAN SHAKESPEAR,NP,148,87,14,249
Box Elder,Brigham City 07,UTAH STATE SCHOOL BOARD OF EDUCATION,,TAMI W. PYFER,NP,79,34,9,122
Box Elder,Brigham City 07,UTAH STATE SCHOOL BOARD OF EDUCATION,,Write-in 30,NP,0,1,0,1
Box Elder,Brigham City 07,BOX ELDER COUNTY COMMISSION SEAT C,,Registered Voters,NP,694,,,
Box Elder,Brigham City 07,BOX ELDER COUNTY COMMISSION SEAT C,,STAN SUMMERS,REP,245,135,27,407
Box Elder,Brigham City 07,BOX ELDER COUNTY COMMISSION SEAT C,,Write-in 20,NP,1,3,0,4
Box Elder,Brigham City 07,Judge KEVIN K. ALLEN,,Registered Voters,NP,694,,,
Box Elder,Brigham City 07,Judge KEVIN K. ALLEN,,YES,NP,202,110,22,334
Box Elder,Brigham City 07,Judge KEVIN K. ALLEN,,NO,NP,38,23,3,64
Box Elder,Brigham City 07,Judge JEFFREY R. BURBANK,,Registered Voters,NP,694,,,
Box Elder,Brigham City 07,Judge JEFFREY R. BURBANK,,YES,NP,203,116,22,341
Box Elder,Brigham City 07,Judge JEFFREY R. BURBANK,,NO,NP,37,17,3,57
Box Elder,Brigham City 07,BOX ELDER COUNTY SCHOOL BOARD DIST 5,,Registered Voters,NP,694,,,
Box Elder,Brigham City 07,BOX ELDER COUNTY SCHOOL BOARD DIST 5,,NANCY S. KENNEDY,NP,194,103,18,315
Box Elder,Brigham City 07,BOX ELDER COUNTY SCHOOL BOARD DIST 5,,STEVE BROOKS,NP,53,29,7,89
Box Elder,Brigham City 07,BOX ELDER COUNTY SCHOOL BOARD DIST 5,,Write-in 30,NP,0,0,0,0
Box Elder,Brigham City 07,Constitutional Amendment A,,Registered Voters,NP,694,,,
Box Elder,Brigham City 07,Constitutional Amendment A,,FOR,NP,115,68,13,196
Box Elder,Brigham City 07,Constitutional Amendment A,,AGAINST,NP,132,69,12,213
Box Elder,Brigham City 07,Constitutional Amendment B,,Registered Voters,NP,694,,,
Box Elder,Brigham City 07,Constitutional Amendment B,,FOR,NP,166,96,23,285
Box Elder,Brigham City 07,Constitutional Amendment B,,AGAINST,NP,97,49,3,149
Box Elder,Brigham City 08,STRAIGHT PARTY,,Registered Voters,NP,384,,,
Box Elder,Brigham City 08,STRAIGHT PARTY,,CONSTITUTION,CON,1,0,0,1
Box Elder,Brigham City 08,STRAIGHT PARTY,,LIBERTARIAN,LIB,1,0,0,1
Box Elder,Brigham City 08,STRAIGHT PARTY,,DEMOCRATIC,DEM,14,7,0,21
Box Elder,Brigham City 08,STRAIGHT PARTY,,REPUBLICAN,REP,51,31,9,91
Box Elder,Brigham City 08,STRAIGHT PARTY,,JUSTICE,JUS,0,0,0,0
Box Elder,Brigham City 08,STRAIGHT PARTY,,GREEN,GRN,0,0,0,0
Box Elder,Brigham City 08,U.S. PRESIDENT,,Registered Voters,NP,384,,,
Box Elder,Brigham City 08,U.S. PRESIDENT,,JILL STEIN,GRN,0,0,0,0
Box Elder,Brigham City 08,U.S. PRESIDENT,,GLORIA LA RIVA,PSL,0,0,0,0
Box Elder,Brigham City 08,U.S. PRESIDENT,,MITT ROMNEY,REP,128,69,23,220
Box Elder,Brigham City 08,U.S. PRESIDENT,,BARACK OBAMA,DEM,32,16,0,48
Box Elder,Brigham City 08,U.S. PRESIDENT,,GARY JOHNSON,LIB,1,0,0,1
Box Elder,Brigham City 08,U.S. PRESIDENT,,VIRGIL GOODE,CON,1,0,0,1
Box Elder,Brigham City 08,U.S. PRESIDENT,,"ROSS C. \ROCKY\"" ANDE""",JUS,0,0,0,0
Box Elder,Brigham City 08,U.S. PRESIDENT,,ROSEANNE BARR,NP,0,0,0,0
Box Elder,Brigham City 08,U.S. PRESIDENT,,STEPHEN DURHAM,NP,0,0,0,0
Box Elder,Brigham City 08,U.S. PRESIDENT,,JILL REED,NP,0,0,0,0
Box Elder,Brigham City 08,U.S. PRESIDENT,,ANDRE BARNETT,NP,0,0,0,0
Box Elder,Brigham City 08,U.S. PRESIDENT,,WILL CHRISTENSEN,NP,0,0,0,0
Box Elder,Brigham City 08,U.S. PRESIDENT,,JUSTIN MEYERS,NP,0,0,0,0
Box Elder,Brigham City 08,U.S. PRESIDENT,,SHEILA SAM TITTLE,NP,0,0,0,0
Box Elder,Brigham City 08,U.S. PRESIDENT,,ERIN KENT MAGEE,NP,0,0,0,0
Box Elder,Brigham City 08,U.S. PRESIDENT,,DEAN MORSTAD,NP,0,0,0,0
Box Elder,Brigham City 08,U.S. PRESIDENT,,NELSON MORSTAD,NP,0,0,0,0
Box Elder,Brigham City 08,U.S. PRESIDENT,,DARRELL HYKES,NP,0,0,0,0
Box Elder,Brigham City 08,U.S. PRESIDENT,,Write-in 80,NP,0,0,0,0
Box Elder,Brigham City 08,U. S. SENATE,,Registered Voters,NP,384,,,
Box Elder,Brigham City 08,U. S. SENATE,,SHAUN LYNN McCAUSLAN,CON,8,0,0,8
Box Elder,Brigham City 08,U. S. SENATE,,SCOTT HOWELL,DEM,41,22,0,63
Box Elder,Brigham City 08,U. S. SENATE,,ORRIN G. HATCH,REP,110,61,19,190
Box Elder,Brigham City 08,U. S. SENATE,,DANIEL GEERY,JUS,0,0,2,2
Box Elder,Brigham City 08,U. S. SENATE,,BILL BARRON,UNA,0,1,0,1
Box Elder,Brigham City 08,U. S. SENATE,,JoANN S. SECRIST,NP,0,0,0,0
Box Elder,Brigham City 08,U. S. SENATE,,Write-in 60,NP,0,0,0,0
Box Elder,Brigham City 08,U. S. HOUSE OF REPRESENTATIVE,,Registered Voters,NP,384,,,
Box Elder,Brigham City 08,U. S. HOUSE OF REPRESENTATIVE,,SHERRY PHIPPS,CON,5,4,0,9
Box Elder,Brigham City 08,U. S. HOUSE OF REPRESENTATIVE,,DONNA M. McALEER,DEM,28,15,1,44
Box Elder,Brigham City 08,U. S. HOUSE OF REPRESENTATIVE,,ROB BISHOP,REP,126,66,21,213
Box Elder,Brigham City 08,U. S. HOUSE OF REPRESENTATIVE,,Write-in 40,NP,0,0,0,0
Box Elder,Brigham City 08,GOVERNOR,,Registered Voters,NP,384,,,
Box Elder,Brigham City 08,GOVERNOR,,PETER S COOKE,DEM,30,13,1,44
Box Elder,Brigham City 08,GOVERNOR,,KEN LARSEN,LIB,3,0,1,4
Box Elder,Brigham City 08,GOVERNOR,,KIRK D PEARSON,CON,2,0,0,2
Box Elder,Brigham City 08,GOVERNOR,,GARY R. HERBERT,REP,124,72,21,217
Box Elder,Brigham City 08,GOVERNOR,,DAVID J CANNON,NP,0,0,0,0
Box Elder,Brigham City 08,GOVERNOR,,DENNIS C. OWEN,NP,0,0,0,0
Box Elder,Brigham City 08,GOVERNOR,,Write-in 50,NP,0,0,0,0
Box Elder,Brigham City 08,ATTY GENERAL,,Registered Voters,NP,384,,,
Box Elder,Brigham City 08,ATTY GENERAL,,DEE W. SMITH,DEM,43,17,2,62
Box Elder,Brigham City 08,ATTY GENERAL,,JOHN SWALLOW,REP,105,65,19,189
Box Elder,Brigham City 08,ATTY GENERAL,,W. ANDREW McCULLOUGH,LIB,9,2,1,12
Box Elder,Brigham City 08,ATTY GENERAL,,Write-in 40,NP,0,0,0,0
Box Elder,Brigham City 08,STATE AUDITOR,,Registered Voters,NP,384,,,
Box Elder,Brigham City 08,STATE AUDITOR,,MARK SAGE,DEM,37,20,0,57
Box Elder,Brigham City 08,STATE AUDITOR,,JOHN DOUGALL,REP,109,60,20,189
Box Elder,Brigham City 08,STATE AUDITOR,,RICHARD PROCTOR,CON,9,1,1,11
Box Elder,Brigham City 08,STATE AUDITOR,,Write-in 40,NP,0,0,0,0
Box Elder,Brigham City 08,STATE TREASURER,,Registered Voters,NP,384,,,
Box Elder,Brigham City 08,STATE TREASURER,,CHRISTOPHER STOUT,DEM,35,16,2,53
Box Elder,Brigham City 08,STATE TREASURER,,VINCENT C. MARCUS,LIB,13,1,0,14
Box Elder,Brigham City 08,STATE TREASURER,,RICHARD K. ELLIS,REP,108,65,18,191
Box Elder,Brigham City 08,STATE TREASURER,,WARREN ROGERS,NP,0,0,0,0
Box Elder,Brigham City 08,STATE TREASURER,,Write-in 40,NP,0,0,0,0
Box Elder,Brigham City 08,UTAH STATE HOUSE OF REPRESENTATIVES29,,Registered Voters,NP,384,,,
Box Elder,Brigham City 08,UTAH STATE HOUSE OF REPRESENTATIVES29,,LEE B PERRY,REP,129,66,19,214
Box Elder,Brigham City 08,UTAH STATE HOUSE OF REPRESENTATIVES29,,HEIDI BITTON,DEM,28,17,1,46
Box Elder,Brigham City 08,UTAH STATE HOUSE OF REPRESENTATIVES29,,Write-in 30,NP,0,0,0,0
Box Elder,Brigham City 08,UTAH STATE SCHOOL BOARD OF EDUCATION,,Registered Voters,NP,384,,,
Box Elder,Brigham City 08,UTAH STATE SCHOOL BOARD OF EDUCATION,,D. ALAN SHAKESPEAR,NP,97,53,15,165
Box Elder,Brigham City 08,UTAH STATE SCHOOL BOARD OF EDUCATION,,TAMI W. PYFER,NP,40,16,3,59
Box Elder,Brigham City 08,UTAH STATE SCHOOL BOARD OF EDUCATION,,Write-in 30,NP,0,0,0,0
Box Elder,Brigham City 08,BOX ELDER COUNTY COMMISSION SEAT C,,Registered Voters,NP,384,,,
Box Elder,Brigham City 08,BOX ELDER COUNTY COMMISSION SEAT C,,STAN SUMMERS,REP,140,73,20,233
Box Elder,Brigham City 08,BOX ELDER COUNTY COMMISSION SEAT C,,Write-in 20,NP,2,0,0,2
Box Elder,Brigham City 08,Judge KEVIN K. ALLEN,,Registered Voters,NP,384,,,
Box Elder,Brigham City 08,Judge KEVIN K. ALLEN,,YES,NP,117,68,16,201
Box Elder,Brigham City 08,Judge KEVIN K. ALLEN,,NO,NP,25,10,3,38
Box Elder,Brigham City 08,Judge JEFFREY R. BURBANK,,Registered Voters,NP,384,,,
Box Elder,Brigham City 08,Judge JEFFREY R. BURBANK,,YES,NP,123,68,16,207
Box Elder,Brigham City 08,Judge JEFFREY R. BURBANK,,NO,NP,18,10,3,31
Box Elder,Brigham City 08,BOX ELDER COUNTY SCHOOL BOARD DIST 6,,Registered Voters,NP,384,,,
Box Elder,Brigham City 08,BOX ELDER COUNTY SCHOOL BOARD DIST 6,,BRYAN D. SMITH,NP,131,65,15,211
Box Elder,Brigham City 08,BOX ELDER COUNTY SCHOOL BOARD DIST 6,,Write-in 20,NP,1,0,0,1
Box Elder,Brigham City 08,Constitutional Amendment A,,Registered Voters,NP,384,,,
Box Elder,Brigham City 08,Constitutional Amendment A,,FOR,NP,66,40,10,116
Box Elder,Brigham City 08,Constitutional Amendment A,,AGAINST,NP,75,37,9,121
Box Elder,Brigham City 08,Constitutional Amendment B,,Registered Voters,NP,384,,,
Box Elder,Brigham City 08,Constitutional Amendment B,,FOR,NP,98,58,17,173
Box Elder,Brigham City 08,Constitutional Amendment B,,AGAINST,NP,52,26,4,82
Box Elder,Brigham City 09,STRAIGHT PARTY,,Registered Voters,NP,399,,,
Box Elder,Brigham City 09,STRAIGHT PARTY,,CONSTITUTION,CON,0,1,0,1
Box Elder,Brigham City 09,STRAIGHT PARTY,,LIBERTARIAN,LIB,0,1,1,2
Box Elder,Brigham City 09,STRAIGHT PARTY,,DEMOCRATIC,DEM,9,5,1,15
Box Elder,Brigham City 09,STRAIGHT PARTY,,REPUBLICAN,REP,57,29,6,92
Box Elder,Brigham City 09,STRAIGHT PARTY,,JUSTICE,JUS,0,0,0,0
Box Elder,Brigham City 09,STRAIGHT PARTY,,GREEN,GRN,0,0,0,0
Box Elder,Brigham City 09,U.S. PRESIDENT,,Registered Voters,NP,399,,,
Box Elder,Brigham City 09,U.S. PRESIDENT,,JILL STEIN,GRN,0,0,0,0
Box Elder,Brigham City 09,U.S. PRESIDENT,,GLORIA LA RIVA,PSL,0,0,0,0
Box Elder,Brigham City 09,U.S. PRESIDENT,,MITT ROMNEY,REP,134,116,16,266
Box Elder,Brigham City 09,U.S. PRESIDENT,,BARACK OBAMA,DEM,22,14,2,38
Box Elder,Brigham City 09,U.S. PRESIDENT,,GARY JOHNSON,LIB,2,0,0,2
Box Elder,Brigham City 09,U.S. PRESIDENT,,VIRGIL GOODE,CON,0,0,0,0
Box Elder,Brigham City 09,U.S. PRESIDENT,,"ROSS C. \ROCKY\"" ANDE""",JUS,0,0,0,0
Box Elder,Brigham City 09,U.S. PRESIDENT,,ROSEANNE BARR,NP,0,0,0,0
Box Elder,Brigham City 09,U.S. PRESIDENT,,STEPHEN DURHAM,NP,0,0,0,0
Box Elder,Brigham City 09,U.S. PRESIDENT,,JILL REED,NP,0,0,0,0
Box Elder,Brigham City 09,U.S. PRESIDENT,,ANDRE BARNETT,NP,0,0,0,0
Box Elder,Brigham City 09,U.S. PRESIDENT,,WILL CHRISTENSEN,NP,0,0,0,0
Box Elder,Brigham City 09,U.S. PRESIDENT,,JUSTIN MEYERS,NP,0,0,0,0
Box Elder,Brigham City 09,U.S. PRESIDENT,,SHEILA SAM TITTLE,NP,0,0,0,0
Box Elder,Brigham City 09,U.S. PRESIDENT,,ERIN KENT MAGEE,NP,0,0,0,0
Box Elder,Brigham City 09,U.S. PRESIDENT,,DEAN MORSTAD,NP,0,0,0,0
Box Elder,Brigham City 09,U.S. PRESIDENT,,NELSON MORSTAD,NP,0,0,0,0
Box Elder,Brigham City 09,U.S. PRESIDENT,,DARRELL HYKES,NP,0,0,0,0
Box Elder,Brigham City 09,U.S. PRESIDENT,,Write-in 80,NP,1,0,0,1
Box Elder,Brigham City 09,U. S. SENATE,,Registered Voters,NP,399,,,
Box Elder,Brigham City 09,U. S. SENATE,,SHAUN LYNN McCAUSLAN,CON,6,3,0,9
Box Elder,Brigham City 09,U. S. SENATE,,SCOTT HOWELL,DEM,31,26,2,59
Box Elder,Brigham City 09,U. S. SENATE,,ORRIN G. HATCH,REP,120,97,16,233
Box Elder,Brigham City 09,U. S. SENATE,,DANIEL GEERY,JUS,0,1,0,1
Box Elder,Brigham City 09,U. S. SENATE,,BILL BARRON,UNA,2,1,0,3
Box Elder,Brigham City 09,U. S. SENATE,,JoANN S. SECRIST,NP,0,0,0,0
Box Elder,Brigham City 09,U. S. SENATE,,Write-in 60,NP,0,0,0,0
Box Elder,Brigham City 09,U. S. HOUSE OF REPRESENTATIVE,,Registered Voters,NP,399,,,
Box Elder,Brigham City 09,U. S. HOUSE OF REPRESENTATIVE,,SHERRY PHIPPS,CON,3,4,1,8
Box Elder,Brigham City 09,U. S. HOUSE OF REPRESENTATIVE,,DONNA M. McALEER,DEM,27,28,4,59
Box Elder,Brigham City 09,U. S. HOUSE OF REPRESENTATIVE,,ROB BISHOP,REP,129,94,13,236
Box Elder,Brigham City 09,U. S. HOUSE OF REPRESENTATIVE,,Write-in 40,NP,0,0,0,0
Box Elder,Brigham City 09,GOVERNOR,,Registered Voters,NP,399,,,
Box Elder,Brigham City 09,GOVERNOR,,PETER S COOKE,DEM,26,18,2,46
Box Elder,Brigham City 09,GOVERNOR,,KEN LARSEN,LIB,5,1,1,7
Box Elder,Brigham City 09,GOVERNOR,,KIRK D PEARSON,CON,2,1,0,3
Box Elder,Brigham City 09,GOVERNOR,,GARY R. HERBERT,REP,126,110,15,251
Box Elder,Brigham City 09,GOVERNOR,,DAVID J CANNON,NP,0,0,0,0
Box Elder,Brigham City 09,GOVERNOR,,DENNIS C. OWEN,NP,0,0,0,0
Box Elder,Brigham City 09,GOVERNOR,,Write-in 50,NP,0,0,0,0
Box Elder,Brigham City 09,ATTY GENERAL,,Registered Voters,NP,399,,,
Box Elder,Brigham City 09,ATTY GENERAL,,DEE W. SMITH,DEM,38,30,4,72
Box Elder,Brigham City 09,ATTY GENERAL,,JOHN SWALLOW,REP,110,90,14,214
Box Elder,Brigham City 09,ATTY GENERAL,,W. ANDREW McCULLOUGH,LIB,8,5,0,13
Box Elder,Brigham City 09,ATTY GENERAL,,Write-in 40,NP,0,0,0,0
Box Elder,Brigham City 09,STATE AUDITOR,,Registered Voters,NP,399,,,
Box Elder,Brigham City 09,STATE AUDITOR,,MARK SAGE,DEM,28,23,3,54
Box Elder,Brigham City 09,STATE AUDITOR,,JOHN DOUGALL,REP,116,91,14,221
Box Elder,Brigham City 09,STATE AUDITOR,,RICHARD PROCTOR,CON,9,6,0,15
Box Elder,Brigham City 09,STATE AUDITOR,,Write-in 40,NP,0,0,0,0
Box Elder,Brigham City 09,STATE TREASURER,,Registered Voters,NP,399,,,
Box Elder,Brigham City 09,STATE TREASURER,,CHRISTOPHER STOUT,DEM,22,23,1,46
Box Elder,Brigham City 09,STATE TREASURER,,VINCENT C. MARCUS,LIB,10,5,1,16
Box Elder,Brigham City 09,STATE TREASURER,,RICHARD K. ELLIS,REP,123,93,15,231
Box Elder,Brigham City 09,STATE TREASURER,,WARREN ROGERS,NP,0,0,0,0
Box Elder,Brigham City 09,STATE TREASURER,,Write-in 40,NP,0,0,0,0
Box Elder,Brigham City 09,UTAH STATE HOUSE OF REPRESENTATIVES29,,Registered Voters,NP,399,,,
Box Elder,Brigham City 09,UTAH STATE HOUSE OF REPRESENTATIVES29,,LEE B PERRY,REP,128,108,15,251
Box Elder,Brigham City 09,UTAH STATE HOUSE OF REPRESENTATIVES29,,HEIDI BITTON,DEM,28,20,3,51
Box Elder,Brigham City 09,UTAH STATE HOUSE OF REPRESENTATIVES29,,Write-in 30,NP,0,0,0,0
Box Elder,Brigham City 09,UTAH STATE SCHOOL BOARD OF EDUCATION,,Registered Voters,NP,399,,,
Box Elder,Brigham City 09,UTAH STATE SCHOOL BOARD OF EDUCATION,,D. ALAN SHAKESPEAR,NP,88,77,10,175
Box Elder,Brigham City 09,UTAH STATE SCHOOL BOARD OF EDUCATION,,TAMI W. PYFER,NP,48,37,5,90
Box Elder,Brigham City 09,UTAH STATE SCHOOL BOARD OF EDUCATION,,Write-in 30,NP,0,0,0,0
Box Elder,Brigham City 09,BOX ELDER COUNTY COMMISSION SEAT C,,Registered Voters,NP,399,,,
Box Elder,Brigham City 09,BOX ELDER COUNTY COMMISSION SEAT C,,STAN SUMMERS,REP,147,115,15,277
Box Elder,Brigham City 09,BOX ELDER COUNTY COMMISSION SEAT C,,Write-in 20,NP,2,0,0,2
Box Elder,Brigham City 09,Judge KEVIN K. ALLEN,,Registered Voters,NP,399,,,
Box Elder,Brigham City 09,Judge KEVIN K. ALLEN,,YES,NP,128,98,14,240
Box Elder,Brigham City 09,Judge KEVIN K. ALLEN,,NO,NP,10,14,3,27
Box Elder,Brigham City 09,Judge JEFFREY R. BURBANK,,Registered Voters,NP,399,,,
Box Elder,Brigham City 09,Judge JEFFREY R. BURBANK,,YES,NP,127,102,14,243
Box Elder,Brigham City 09,Judge JEFFREY R. BURBANK,,NO,NP,13,11,3,27
Box Elder,Brigham City 09,BOX ELDER COUNTY SCHOOL BOARD DIST 6,,Registered Voters,NP,399,,,
Box Elder,Brigham City 09,BOX ELDER COUNTY SCHOOL BOARD DIST 6,,BRYAN D. SMITH,NP,133,109,15,257
Box Elder,Brigham City 09,BOX ELDER COUNTY SCHOOL BOARD DIST 6,,Write-in 20,NP,1,0,0,1
Box Elder,Brigham City 09,Constitutional Amendment A,,Registered Voters,NP,399,,,
Box Elder,Brigham City 09,Constitutional Amendment A,,FOR,NP,81,72,10,163
Box Elder,Brigham City 09,Constitutional Amendment A,,AGAINST,NP,63,49,6,118
Box Elder,Brigham City 09,Constitutional Amendment B,,Registered Voters,NP,399,,,
Box Elder,Brigham City 09,Constitutional Amendment B,,FOR,NP,103,85,13,201
Box Elder,Brigham City 09,Constitutional Amendment B,,AGAINST,NP,46,42,3,91
Box Elder,Brigham City 10,STRAIGHT PARTY,,Registered Voters,NP,644,,,
Box Elder,Brigham City 10,STRAIGHT PARTY,,CONSTITUTION,CON,2,0,0,2
Box Elder,Brigham City 10,STRAIGHT PARTY,,LIBERTARIAN,LIB,0,0,0,0
Box Elder,Brigham City 10,STRAIGHT PARTY,,DEMOCRATIC,DEM,11,6,0,17
Box Elder,Brigham City 10,STRAIGHT PARTY,,REPUBLICAN,REP,76,82,10,168
Box Elder,Brigham City 10,STRAIGHT PARTY,,JUSTICE,JUS,0,0,0,0
Box Elder,Brigham City 10,STRAIGHT PARTY,,GREEN,GRN,0,0,0,0
Box Elder,Brigham City 10,U.S. PRESIDENT,,Registered Voters,NP,644,,,
Box Elder,Brigham City 10,U.S. PRESIDENT,,JILL STEIN,GRN,0,0,0,0
Box Elder,Brigham City 10,U.S. PRESIDENT,,GLORIA LA RIVA,PSL,0,0,0,0
Box Elder,Brigham City 10,U.S. PRESIDENT,,MITT ROMNEY,REP,210,202,18,430
Box Elder,Brigham City 10,U.S. PRESIDENT,,BARACK OBAMA,DEM,34,25,3,62
Box Elder,Brigham City 10,U.S. PRESIDENT,,GARY JOHNSON,LIB,2,0,0,2
Box Elder,Brigham City 10,U.S. PRESIDENT,,VIRGIL GOODE,CON,3,1,1,5
Box Elder,Brigham City 10,U.S. PRESIDENT,,"ROSS C. \ROCKY\"" ANDE""",JUS,0,0,0,0
Box Elder,Brigham City 10,U.S. PRESIDENT,,ROSEANNE BARR,NP,0,0,0,0
Box Elder,Brigham City 10,U.S. PRESIDENT,,STEPHEN DURHAM,NP,0,0,0,0
Box Elder,Brigham City 10,U.S. PRESIDENT,,JILL REED,NP,0,0,0,0
Box Elder,Brigham City 10,U.S. PRESIDENT,,ANDRE BARNETT,NP,0,0,0,0
Box Elder,Brigham City 10,U.S. PRESIDENT,,WILL CHRISTENSEN,NP,0,0,0,0
Box Elder,Brigham City 10,U.S. PRESIDENT,,JUSTIN MEYERS,NP,0,0,0,0
Box Elder,Brigham City 10,U.S. PRESIDENT,,SHEILA SAM TITTLE,NP,0,0,0,0
Box Elder,Brigham City 10,U.S. PRESIDENT,,ERIN KENT MAGEE,NP,0,0,0,0
Box Elder,Brigham City 10,U.S. PRESIDENT,,DEAN MORSTAD,NP,0,0,0,0
Box Elder,Brigham City 10,U.S. PRESIDENT,,NELSON MORSTAD,NP,0,0,0,0
Box Elder,Brigham City 10,U.S. PRESIDENT,,DARRELL HYKES,NP,0,0,0,0
Box Elder,Brigham City 10,U.S. PRESIDENT,,Write-in 80,NP,1,0,0,1
Box Elder,Brigham City 10,U. S. SENATE,,Registered Voters,NP,644,,,
Box Elder,Brigham City 10,U. S. SENATE,,SHAUN LYNN McCAUSLAN,CON,14,4,0,18
Box Elder,Brigham City 10,U. S. SENATE,,SCOTT HOWELL,DEM,49,30,4,83
Box Elder,Brigham City 10,U. S. SENATE,,ORRIN G. HATCH,REP,178,190,18,386
Box Elder,Brigham City 10,U. S. SENATE,,DANIEL GEERY,JUS,0,0,0,0
Box Elder,Brigham City 10,U. S. SENATE,,BILL BARRON,UNA,1,0,0,1
Box Elder,Brigham City 10,U. S. SENATE,,JoANN S. SECRIST,NP,0,0,0,0
Box Elder,Brigham City 10,U. S. SENATE,,Write-in 60,NP,0,1,0,1
Box Elder,Brigham City 10,U. S. HOUSE OF REPRESENTATIVE,,Registered Voters,NP,644,,,
Box Elder,Brigham City 10,U. S. HOUSE OF REPRESENTATIVE,,SHERRY PHIPPS,CON,16,4,0,20
Box Elder,Brigham City 10,U. S. HOUSE OF REPRESENTATIVE,,DONNA M. McALEER,DEM,36,27,3,66
Box Elder,Brigham City 10,U. S. HOUSE OF REPRESENTATIVE,,ROB BISHOP,REP,191,193,19,403
Box Elder,Brigham City 10,U. S. HOUSE OF REPRESENTATIVE,,Write-in 40,NP,0,0,0,0
Box Elder,Brigham City 10,GOVERNOR,,Registered Voters,NP,644,,,
Box Elder,Brigham City 10,GOVERNOR,,PETER S COOKE,DEM,34,22,1,57
Box Elder,Brigham City 10,GOVERNOR,,KEN LARSEN,LIB,4,0,1,5
Box Elder,Brigham City 10,GOVERNOR,,KIRK D PEARSON,CON,3,2,0,5
Box Elder,Brigham City 10,GOVERNOR,,GARY R. HERBERT,REP,207,203,19,429
Box Elder,Brigham City 10,GOVERNOR,,DAVID J CANNON,NP,0,0,0,0
Box Elder,Brigham City 10,GOVERNOR,,DENNIS C. OWEN,NP,0,0,0,0
Box Elder,Brigham City 10,GOVERNOR,,Write-in 50,NP,0,0,0,0
Box Elder,Brigham City 10,ATTY GENERAL,,Registered Voters,NP,644,,,
Box Elder,Brigham City 10,ATTY GENERAL,,DEE W. SMITH,DEM,47,39,5,91
Box Elder,Brigham City 10,ATTY GENERAL,,JOHN SWALLOW,REP,179,182,15,376
Box Elder,Brigham City 10,ATTY GENERAL,,W. ANDREW McCULLOUGH,LIB,11,1,0,12
Box Elder,Brigham City 10,ATTY GENERAL,,Write-in 40,NP,0,0,0,0
Box Elder,Brigham City 10,STATE AUDITOR,,Registered Voters,NP,644,,,
Box Elder,Brigham City 10,STATE AUDITOR,,MARK SAGE,DEM,39,27,2,68
Box Elder,Brigham City 10,STATE AUDITOR,,JOHN DOUGALL,REP,182,181,18,381
Box Elder,Brigham City 10,STATE AUDITOR,,RICHARD PROCTOR,CON,12,9,0,21
Box Elder,Brigham City 10,STATE AUDITOR,,Write-in 40,NP,0,0,0,0
Box Elder,Brigham City 10,STATE TREASURER,,Registered Voters,NP,644,,,
Box Elder,Brigham City 10,STATE TREASURER,,CHRISTOPHER STOUT,DEM,36,32,4,72
Box Elder,Brigham City 10,STATE TREASURER,,VINCENT C. MARCUS,LIB,23,8,1,32
Box Elder,Brigham City 10,STATE TREASURER,,RICHARD K. ELLIS,REP,171,176,15,362
Box Elder,Brigham City 10,STATE TREASURER,,WARREN ROGERS,NP,0,0,0,0
Box Elder,Brigham City 10,STATE TREASURER,,Write-in 40,NP,0,1,0,1
Box Elder,Brigham City 10,UTAH STATE HOUSE OF REPRESENTATIVES29,,Registered Voters,NP,644,,,
Box Elder,Brigham City 10,UTAH STATE HOUSE OF REPRESENTATIVES29,,LEE B PERRY,REP,211,198,19,428
Box Elder,Brigham City 10,UTAH STATE HOUSE OF REPRESENTATIVES29,,HEIDI BITTON,DEM,28,27,2,57
Box Elder,Brigham City 10,UTAH STATE HOUSE OF REPRESENTATIVES29,,Write-in 30,NP,2,0,0,2
Box Elder,Brigham City 10,UTAH STATE SCHOOL BOARD OF EDUCATION,,Registered Voters,NP,644,,,
Box Elder,Brigham City 10,UTAH STATE SCHOOL BOARD OF EDUCATION,,D. ALAN SHAKESPEAR,NP,115,122,9,246
Box Elder,Brigham City 10,UTAH STATE SCHOOL BOARD OF EDUCATION,,TAMI W. PYFER,NP,77,57,7,141
Box Elder,Brigham City 10,UTAH STATE SCHOOL BOARD OF EDUCATION,,Write-in 30,NP,0,1,0,1
Box Elder,Brigham City 10,BOX ELDER COUNTY COMMISSION SEAT C,,Registered Voters,NP,644,,,
Box Elder,Brigham City 10,BOX ELDER COUNTY COMMISSION SEAT C,,STAN SUMMERS,REP,219,212,21,452
Box Elder,Brigham City 10,BOX ELDER COUNTY COMMISSION SEAT C,,Write-in 20,NP,1,1,0,2
Box Elder,Brigham City 10,Judge KEVIN K. ALLEN,,Registered Voters,NP,644,,,
Box Elder,Brigham City 10,Judge KEVIN K. ALLEN,,YES,NP,180,168,19,367
Box Elder,Brigham City 10,Judge KEVIN K. ALLEN,,NO,NP,34,30,0,64
Box Elder,Brigham City 10,Judge JEFFREY R. BURBANK,,Registered Voters,NP,644,,,
Box Elder,Brigham City 10,Judge JEFFREY R. BURBANK,,YES,NP,175,170,18,363
Box Elder,Brigham City 10,Judge JEFFREY R. BURBANK,,NO,NP,36,29,0,65
Box Elder,Brigham City 10,BOX ELDER COUNTY SCHOOL BOARD DIST 6,,Registered Voters,NP,644,,,
Box Elder,Brigham City 10,BOX ELDER COUNTY SCHOOL BOARD DIST 6,,BRYAN D. SMITH,NP,198,198,19,415
Box Elder,Brigham City 10,BOX ELDER COUNTY SCHOOL BOARD DIST 6,,Write-in 20,NP,1,2,0,3
Box Elder,Brigham City 10,Constitutional Amendment A,,Registered Voters,NP,644,,,
Box Elder,Brigham City 10,Constitutional Amendment A,,FOR,NP,108,118,12,238
Box Elder,Brigham City 10,Constitutional Amendment A,,AGAINST,NP,104,85,7,196
Box Elder,Brigham City 10,Constitutional Amendment B,,Registered Voters,NP,644,,,
Box Elder,Brigham City 10,Constitutional Amendment B,,FOR,NP,167,156,18,341
Box Elder,Brigham City 10,Constitutional Amendment B,,AGAINST,NP,70,63,4,137
Box Elder,Brigham City 11,STRAIGHT PARTY,,Registered Voters,NP,496,,,
Box Elder,Brigham City 11,STRAIGHT PARTY,,CONSTITUTION,CON,0,0,0,0
Box Elder,Brigham City 11,STRAIGHT PARTY,,LIBERTARIAN,LIB,0,1,0,1
Box Elder,Brigham City 11,STRAIGHT PARTY,,DEMOCRATIC,DEM,11,3,0,14
Box Elder,Brigham City 11,STRAIGHT PARTY,,REPUBLICAN,REP,45,52,12,109
Box Elder,Brigham City 11,STRAIGHT PARTY,,JUSTICE,JUS,0,0,0,0
Box Elder,Brigham City 11,STRAIGHT PARTY,,GREEN,GRN,2,0,1,3
Box Elder,Brigham City 11,U.S. PRESIDENT,,Registered Voters,NP,496,,,
Box Elder,Brigham City 11,U.S. PRESIDENT,,JILL STEIN,GRN,2,0,1,3
Box Elder,Brigham City 11,U.S. PRESIDENT,,GLORIA LA RIVA,PSL,0,0,0,0
Box Elder,Brigham City 11,U.S. PRESIDENT,,MITT ROMNEY,REP,140,142,28,310
Box Elder,Brigham City 11,U.S. PRESIDENT,,BARACK OBAMA,DEM,31,26,2,59
Box Elder,Brigham City 11,U.S. PRESIDENT,,GARY JOHNSON,LIB,1,1,0,2
Box Elder,Brigham City 11,U.S. PRESIDENT,,VIRGIL GOODE,CON,0,1,0,1
Box Elder,Brigham City 11,U.S. PRESIDENT,,"ROSS C. \ROCKY\"" ANDE""",JUS,0,0,0,0
Box Elder,Brigham City 11,U.S. PRESIDENT,,ROSEANNE BARR,NP,0,0,0,0
Box Elder,Brigham City 11,U.S. PRESIDENT,,STEPHEN DURHAM,NP,0,0,0,0
Box Elder,Brigham City 11,U.S. PRESIDENT,,JILL REED,NP,0,0,0,0
Box Elder,Brigham City 11,U.S. PRESIDENT,,ANDRE BARNETT,NP,0,0,0,0
Box Elder,Brigham City 11,U.S. PRESIDENT,,WILL CHRISTENSEN,NP,0,0,0,0
Box Elder,Brigham City 11,U.S. PRESIDENT,,JUSTIN MEYERS,NP,0,0,0,0
Box Elder,Brigham City 11,U.S. PRESIDENT,,SHEILA SAM TITTLE,NP,0,0,0,0
Box Elder,Brigham City 11,U.S. PRESIDENT,,ERIN KENT MAGEE,NP,0,0,0,0
Box Elder,Brigham City 11,U.S. PRESIDENT,,DEAN MORSTAD,NP,0,0,0,0
Box Elder,Brigham City 11,U.S. PRESIDENT,,NELSON MORSTAD,NP,0,0,0,0
Box Elder,Brigham City 11,U.S. PRESIDENT,,DARRELL HYKES,NP,0,0,0,0
Box Elder,Brigham City 11,U.S. PRESIDENT,,Write-in 80,NP,0,0,0,0
Box Elder,Brigham City 11,U. S. SENATE,,Registered Voters,NP,496,,,
Box Elder,Brigham City 11,U. S. SENATE,,SHAUN LYNN McCAUSLAN,CON,4,2,0,6
Box Elder,Brigham City 11,U. S. SENATE,,SCOTT HOWELL,DEM,42,35,5,82
Box Elder,Brigham City 11,U. S. SENATE,,ORRIN G. HATCH,REP,125,131,25,281
Box Elder,Brigham City 11,U. S. SENATE,,DANIEL GEERY,JUS,1,0,1,2
Box Elder,Brigham City 11,U. S. SENATE,,BILL BARRON,UNA,1,0,0,1
Box Elder,Brigham City 11,U. S. SENATE,,JoANN S. SECRIST,NP,0,0,0,0
Box Elder,Brigham City 11,U. S. SENATE,,Write-in 60,NP,0,0,0,0
Box Elder,Brigham City 11,U. S. HOUSE OF REPRESENTATIVE,,Registered Voters,NP,496,,,
Box Elder,Brigham City 11,U. S. HOUSE OF REPRESENTATIVE,,SHERRY PHIPPS,CON,1,6,0,7
Box Elder,Brigham City 11,U. S. HOUSE OF REPRESENTATIVE,,DONNA M. McALEER,DEM,36,28,5,69
Box Elder,Brigham City 11,U. S. HOUSE OF REPRESENTATIVE,,ROB BISHOP,REP,135,132,26,293
Box Elder,Brigham City 11,U. S. HOUSE OF REPRESENTATIVE,,Write-in 40,NP,0,0,0,0
Box Elder,Brigham City 11,GOVERNOR,,Registered Voters,NP,496,,,
Box Elder,Brigham City 11,GOVERNOR,,PETER S COOKE,DEM,38,29,5,72
Box Elder,Brigham City 11,GOVERNOR,,KEN LARSEN,LIB,6,3,0,9
Box Elder,Brigham City 11,GOVERNOR,,KIRK D PEARSON,CON,1,3,0,4
Box Elder,Brigham City 11,GOVERNOR,,GARY R. HERBERT,REP,130,131,26,287
Box Elder,Brigham City 11,GOVERNOR,,DAVID J CANNON,NP,0,0,0,0
Box Elder,Brigham City 11,GOVERNOR,,DENNIS C. OWEN,NP,0,0,0,0
Box Elder,Brigham City 11,GOVERNOR,,Write-in 50,NP,0,0,0,0
Box Elder,Brigham City 11,ATTY GENERAL,,Registered Voters,NP,496,,,
Box Elder,Brigham City 11,ATTY GENERAL,,DEE W. SMITH,DEM,52,36,4,92
Box Elder,Brigham City 11,ATTY GENERAL,,JOHN SWALLOW,REP,115,121,27,263
Box Elder,Brigham City 11,ATTY GENERAL,,W. ANDREW McCULLOUGH,LIB,6,7,0,13
Box Elder,Brigham City 11,ATTY GENERAL,,Write-in 40,NP,0,0,0,0
Box Elder,Brigham City 11,STATE AUDITOR,,Registered Voters,NP,496,,,
Box Elder,Brigham City 11,STATE AUDITOR,,MARK SAGE,DEM,37,28,4,69
Box Elder,Brigham City 11,STATE AUDITOR,,JOHN DOUGALL,REP,119,127,25,271
Box Elder,Brigham City 11,STATE AUDITOR,,RICHARD PROCTOR,CON,12,7,1,20
Box Elder,Brigham City 11,STATE AUDITOR,,Write-in 40,NP,0,0,0,0
Box Elder,Brigham City 11,STATE TREASURER,,Registered Voters,NP,496,,,
Box Elder,Brigham City 11,STATE TREASURER,,CHRISTOPHER STOUT,DEM,34,27,7,68
Box Elder,Brigham City 11,STATE TREASURER,,VINCENT C. MARCUS,LIB,10,7,0,17
Box Elder,Brigham City 11,STATE TREASURER,,RICHARD K. ELLIS,REP,124,128,23,275
Box Elder,Brigham City 11,STATE TREASURER,,WARREN ROGERS,NP,0,0,0,0
Box Elder,Brigham City 11,STATE TREASURER,,Write-in 40,NP,0,0,0,0
Box Elder,Brigham City 11,UTAH STATE HOUSE OF REPRESENTATIVES29,,Registered Voters,NP,496,,,
Box Elder,Brigham City 11,UTAH STATE HOUSE OF REPRESENTATIVES29,,LEE B PERRY,REP,136,147,25,308
Box Elder,Brigham City 11,UTAH STATE HOUSE OF REPRESENTATIVES29,,HEIDI BITTON,DEM,36,20,5,61
Box Elder,Brigham City 11,UTAH STATE HOUSE OF REPRESENTATIVES29,,Write-in 30,NP,0,0,0,0
Box Elder,Brigham City 11,UTAH STATE SCHOOL BOARD OF EDUCATION,,Registered Voters,NP,496,,,
Box Elder,Brigham City 11,UTAH STATE SCHOOL BOARD OF EDUCATION,,D. ALAN SHAKESPEAR,NP,82,99,12,193
Box Elder,Brigham City 11,UTAH STATE SCHOOL BOARD OF EDUCATION,,TAMI W. PYFER,NP,55,40,14,109
Box Elder,Brigham City 11,UTAH STATE SCHOOL BOARD OF EDUCATION,,Write-in 30,NP,2,0,0,2
Box Elder,Brigham City 11,BOX ELDER COUNTY COMMISSION SEAT C,,Registered Voters,NP,496,,,
Box Elder,Brigham City 11,BOX ELDER COUNTY COMMISSION SEAT C,,STAN SUMMERS,REP,153,155,29,337
Box Elder,Brigham City 11,BOX ELDER COUNTY COMMISSION SEAT C,,Write-in 20,NP,3,2,0,5
Box Elder,Brigham City 11,Judge KEVIN K. ALLEN,,Registered Voters,NP,496,,,
Box Elder,Brigham City 11,Judge KEVIN K. ALLEN,,YES,NP,126,133,22,281
Box Elder,Brigham City 11,Judge KEVIN K. ALLEN,,NO,NP,21,15,5,41
Box Elder,Brigham City 11,Judge JEFFREY R. BURBANK,,Registered Voters,NP,496,,,
Box Elder,Brigham City 11,Judge JEFFREY R. BURBANK,,YES,NP,129,131,22,282
Box Elder,Brigham City 11,Judge JEFFREY R. BURBANK,,NO,NP,20,19,5,44
Box Elder,Brigham City 11,BOX ELDER COUNTY SCHOOL BOARD DIST 6,,Registered Voters,NP,496,,,
Box Elder,Brigham City 11,BOX ELDER COUNTY SCHOOL BOARD DIST 6,,BRYAN D. SMITH,NP,140,138,25,303
Box Elder,Brigham City 11,BOX ELDER COUNTY SCHOOL BOARD DIST 6,,Write-in 20,NP,2,1,0,3
Box Elder,Brigham City 11,Constitutional Amendment A,,Registered Voters,NP,496,,,
Box Elder,Brigham City 11,Constitutional Amendment A,,FOR,NP,61,69,13,143
Box Elder,Brigham City 11,Constitutional Amendment A,,AGAINST,NP,91,81,14,186
Box Elder,Brigham City 11,Constitutional Amendment B,,Registered Voters,NP,496,,,
Box Elder,Brigham City 11,Constitutional Amendment B,,FOR,NP,115,112,18,245
Box Elder,Brigham City 11,Constitutional Amendment B,,AGAINST,NP,53,51,10,114
Box Elder,Brigham City 12,STRAIGHT PARTY,,Registered Voters,NP,880,,,
Box Elder,Brigham City 12,STRAIGHT PARTY,,CONSTITUTION,CON,0,1,0,1
Box Elder,Brigham City 12,STRAIGHT PARTY,,LIBERTARIAN,LIB,1,0,0,1
Box Elder,Brigham City 12,STRAIGHT PARTY,,DEMOCRATIC,DEM,16,12,0,28
Box Elder,Brigham City 12,STRAIGHT PARTY,,REPUBLICAN,REP,81,56,32,169
Box Elder,Brigham City 12,STRAIGHT PARTY,,JUSTICE,JUS,0,0,0,0
Box Elder,Brigham City 12,STRAIGHT PARTY,,GREEN,GRN,0,0,0,0
Box Elder,Brigham City 12,U.S. PRESIDENT,,Registered Voters,NP,880,,,
Box Elder,Brigham City 12,U.S. PRESIDENT,,JILL STEIN,GRN,0,0,1,1
Box Elder,Brigham City 12,U.S. PRESIDENT,,GLORIA LA RIVA,PSL,0,0,0,0
Box Elder,Brigham City 12,U.S. PRESIDENT,,MITT ROMNEY,REP,283,162,86,531
Box Elder,Brigham City 12,U.S. PRESIDENT,,BARACK OBAMA,DEM,52,35,6,93
Box Elder,Brigham City 12,U.S. PRESIDENT,,GARY JOHNSON,LIB,4,2,0,6
Box Elder,Brigham City 12,U.S. PRESIDENT,,VIRGIL GOODE,CON,0,1,0,1
Box Elder,Brigham City 12,U.S. PRESIDENT,,"ROSS C. \ROCKY\"" ANDE""",JUS,1,0,0,1
Box Elder,Brigham City 12,U.S. PRESIDENT,,ROSEANNE BARR,NP,0,0,0,0
Box Elder,Brigham City 12,U.S. PRESIDENT,,STEPHEN DURHAM,NP,0,0,0,0
Box Elder,Brigham City 12,U.S. PRESIDENT,,JILL REED,NP,0,0,0,0
Box Elder,Brigham City 12,U.S. PRESIDENT,,ANDRE BARNETT,NP,0,0,0,0
Box Elder,Brigham City 12,U.S. PRESIDENT,,WILL CHRISTENSEN,NP,0,0,0,0
Box Elder,Brigham City 12,U.S. PRESIDENT,,JUSTIN MEYERS,NP,0,0,0,0
Box Elder,Brigham City 12,U.S. PRESIDENT,,SHEILA SAM TITTLE,NP,0,0,0,0
Box Elder,Brigham City 12,U.S. PRESIDENT,,ERIN KENT MAGEE,NP,0,0,0,0
Box Elder,Brigham City 12,U.S. PRESIDENT,,DEAN MORSTAD,NP,0,0,0,0
Box Elder,Brigham City 12,U.S. PRESIDENT,,NELSON MORSTAD,NP,0,0,0,0
Box Elder,Brigham City 12,U.S. PRESIDENT,,DARRELL HYKES,NP,0,0,0,0
Box Elder,Brigham City 12,U.S. PRESIDENT,,Write-in 80,NP,1,1,1,3
Box Elder,Brigham City 12,U. S. SENATE,,Registered Voters,NP,880,,,
Box Elder,Brigham City 12,U. S. SENATE,,SHAUN LYNN McCAUSLAN,CON,17,3,4,24
Box Elder,Brigham City 12,U. S. SENATE,,SCOTT HOWELL,DEM,65,48,11,124
Box Elder,Brigham City 12,U. S. SENATE,,ORRIN G. HATCH,REP,244,143,78,465
Box Elder,Brigham City 12,U. S. SENATE,,DANIEL GEERY,JUS,4,1,0,5
Box Elder,Brigham City 12,U. S. SENATE,,BILL BARRON,UNA,2,1,1,4
Box Elder,Brigham City 12,U. S. SENATE,,JoANN S. SECRIST,NP,0,0,0,0
Box Elder,Brigham City 12,U. S. SENATE,,Write-in 60,NP,1,0,0,1
Box Elder,Brigham City 12,U. S. HOUSE OF REPRESENTATIVE,,Registered Voters,NP,880,,,
Box Elder,Brigham City 12,U. S. HOUSE OF REPRESENTATIVE,,SHERRY PHIPPS,CON,22,4,5,31
Box Elder,Brigham City 12,U. S. HOUSE OF REPRESENTATIVE,,DONNA M. McALEER,DEM,50,32,5,87
Box Elder,Brigham City 12,U. S. HOUSE OF REPRESENTATIVE,,ROB BISHOP,REP,264,162,84,510
Box Elder,Brigham City 12,U. S. HOUSE OF REPRESENTATIVE,,Write-in 40,NP,0,0,0,0
Box Elder,Brigham City 12,GOVERNOR,,Registered Voters,NP,880,,,
Box Elder,Brigham City 12,GOVERNOR,,PETER S COOKE,DEM,68,36,9,113
Box Elder,Brigham City 12,GOVERNOR,,KEN LARSEN,LIB,9,2,2,13
Box Elder,Brigham City 12,GOVERNOR,,KIRK D PEARSON,CON,9,4,3,16
Box Elder,Brigham City 12,GOVERNOR,,GARY R. HERBERT,REP,254,158,79,491
Box Elder,Brigham City 12,GOVERNOR,,DAVID J CANNON,NP,0,0,0,0
Box Elder,Brigham City 12,GOVERNOR,,DENNIS C. OWEN,NP,0,0,0,0
Box Elder,Brigham City 12,GOVERNOR,,Write-in 50,NP,0,0,0,0
Box Elder,Brigham City 12,ATTY GENERAL,,Registered Voters,NP,880,,,
Box Elder,Brigham City 12,ATTY GENERAL,,DEE W. SMITH,DEM,67,54,18,139
Box Elder,Brigham City 12,ATTY GENERAL,,JOHN SWALLOW,REP,236,131,69,436
Box Elder,Brigham City 12,ATTY GENERAL,,W. ANDREW McCULLOUGH,LIB,23,2,3,28
Box Elder,Brigham City 12,ATTY GENERAL,,Write-in 40,NP,1,0,0,1
Box Elder,Brigham City 12,STATE AUDITOR,,Registered Voters,NP,880,,,
Box Elder,Brigham City 12,STATE AUDITOR,,MARK SAGE,DEM,67,44,9,120
Box Elder,Brigham City 12,STATE AUDITOR,,JOHN DOUGALL,REP,230,134,77,441
Box Elder,Brigham City 12,STATE AUDITOR,,RICHARD PROCTOR,CON,25,7,3,35
Box Elder,Brigham City 12,STATE AUDITOR,,Write-in 40,NP,0,0,0,0
Box Elder,Brigham City 12,STATE TREASURER,,Registered Voters,NP,880,,,
Box Elder,Brigham City 12,STATE TREASURER,,CHRISTOPHER STOUT,DEM,56,34,10,100
Box Elder,Brigham City 12,STATE TREASURER,,VINCENT C. MARCUS,LIB,26,11,2,39
Box Elder,Brigham City 12,STATE TREASURER,,RICHARD K. ELLIS,REP,241,134,75,450
Box Elder,Brigham City 12,STATE TREASURER,,WARREN ROGERS,NP,0,0,0,0
Box Elder,Brigham City 12,STATE TREASURER,,Write-in 40,NP,1,0,0,1
Box Elder,Brigham City 12,UTAH STATE HOUSE OF REPRESENTATIVES29,,Registered Voters,NP,880,,,
Box Elder,Brigham City 12,UTAH STATE HOUSE OF REPRESENTATIVES29,,LEE B PERRY,REP,274,151,83,508
Box Elder,Brigham City 12,UTAH STATE HOUSE OF REPRESENTATIVES29,,HEIDI BITTON,DEM,60,39,7,106
Box Elder,Brigham City 12,UTAH STATE HOUSE OF REPRESENTATIVES29,,Write-in 30,NP,1,0,1,2
Box Elder,Brigham City 12,UTAH STATE SCHOOL BOARD OF EDUCATION,,Registered Voters,NP,880,,,
Box Elder,Brigham City 12,UTAH STATE SCHOOL BOARD OF EDUCATION,,D. ALAN SHAKESPEAR,NP,184,100,55,339
Box Elder,Brigham City 12,UTAH STATE SCHOOL BOARD OF EDUCATION,,TAMI W. PYFER,NP,95,60,26,181
Box Elder,Brigham City 12,UTAH STATE SCHOOL BOARD OF EDUCATION,,Write-in 30,NP,1,0,0,1
Box Elder,Brigham City 12,BOX ELDER COUNTY COMMISSION SEAT C,,Registered Voters,NP,880,,,
Box Elder,Brigham City 12,BOX ELDER COUNTY COMMISSION SEAT C,,STAN SUMMERS,REP,300,179,84,563
Box Elder,Brigham City 12,BOX ELDER COUNTY COMMISSION SEAT C,,Write-in 20,NP,5,2,2,9
Box Elder,Brigham City 12,Judge KEVIN K. ALLEN,,Registered Voters,NP,880,,,
Box Elder,Brigham City 12,Judge KEVIN K. ALLEN,,YES,NP,230,147,67,444
Box Elder,Brigham City 12,Judge KEVIN K. ALLEN,,NO,NP,64,29,15,108
Box Elder,Brigham City 12,Judge JEFFREY R. BURBANK,,Registered Voters,NP,880,,,
Box Elder,Brigham City 12,Judge JEFFREY R. BURBANK,,YES,NP,242,147,65,454
Box Elder,Brigham City 12,Judge JEFFREY R. BURBANK,,NO,NP,51,29,16,96
Box Elder,Brigham City 12,BOX ELDER COUNTY SCHOOL BOARD DIST 6,,Registered Voters,NP,880,,,
Box Elder,Brigham City 12,BOX ELDER COUNTY SCHOOL BOARD DIST 6,,BRYAN D. SMITH,NP,279,164,75,518
Box Elder,Brigham City 12,BOX ELDER COUNTY SCHOOL BOARD DIST 6,,Write-in 20,NP,3,1,3,7
Box Elder,Brigham City 12,Constitutional Amendment A,,Registered Voters,NP,880,,,
Box Elder,Brigham City 12,Constitutional Amendment A,,FOR,NP,155,94,42,291
Box Elder,Brigham City 12,Constitutional Amendment A,,AGAINST,NP,151,82,38,271
Box Elder,Brigham City 12,Constitutional Amendment B,,Registered Voters,NP,880,,,
Box Elder,Brigham City 12,Constitutional Amendment B,,FOR,NP,230,130,68,428
Box Elder,Brigham City 12,Constitutional Amendment B,,AGAINST,NP,102,61,19,182
Box Elder,Brigham City 13,STRAIGHT PARTY,,Registered Voters,NP,544,,,
Box Elder,Brigham City 13,STRAIGHT PARTY,,CONSTITUTION,CON,0,0,0,0
Box Elder,Brigham City 13,STRAIGHT PARTY,,LIBERTARIAN,LIB,2,0,0,2
Box Elder,Brigham City 13,STRAIGHT PARTY,,DEMOCRATIC,DEM,10,4,2,16
Box Elder,Brigham City 13,STRAIGHT PARTY,,REPUBLICAN,REP,49,33,17,99
Box Elder,Brigham City 13,STRAIGHT PARTY,,JUSTICE,JUS,0,0,0,0
Box Elder,Brigham City 13,STRAIGHT PARTY,,GREEN,GRN,0,0,0,0
Box Elder,Brigham City 13,U.S. PRESIDENT,,Registered Voters,NP,544,,,
Box Elder,Brigham City 13,U.S. PRESIDENT,,JILL STEIN,GRN,0,0,0,0
Box Elder,Brigham City 13,U.S. PRESIDENT,,GLORIA LA RIVA,PSL,0,0,0,0
Box Elder,Brigham City 13,U.S. PRESIDENT,,MITT ROMNEY,REP,178,80,59,317
Box Elder,Brigham City 13,U.S. PRESIDENT,,BARACK OBAMA,DEM,29,11,7,47
Box Elder,Brigham City 13,U.S. PRESIDENT,,GARY JOHNSON,LIB,3,1,0,4
Box Elder,Brigham City 13,U.S. PRESIDENT,,VIRGIL GOODE,CON,2,0,0,2
Box Elder,Brigham City 13,U.S. PRESIDENT,,"ROSS C. \ROCKY\"" ANDE""",JUS,2,1,0,3
Box Elder,Brigham City 13,U.S. PRESIDENT,,ROSEANNE BARR,NP,0,0,0,0
Box Elder,Brigham City 13,U.S. PRESIDENT,,STEPHEN DURHAM,NP,0,0,0,0
Box Elder,Brigham City 13,U.S. PRESIDENT,,JILL REED,NP,0,0,0,0
Box Elder,Brigham City 13,U.S. PRESIDENT,,ANDRE BARNETT,NP,0,0,0,0
Box Elder,Brigham City 13,U.S. PRESIDENT,,WILL CHRISTENSEN,NP,0,0,0,0
Box Elder,Brigham City 13,U.S. PRESIDENT,,JUSTIN MEYERS,NP,0,0,0,0
Box Elder,Brigham City 13,U.S. PRESIDENT,,SHEILA SAM TITTLE,NP,0,0,0,0
Box Elder,Brigham City 13,U.S. PRESIDENT,,ERIN KENT MAGEE,NP,0,0,0,0
Box Elder,Brigham City 13,U.S. PRESIDENT,,DEAN MORSTAD,NP,0,0,0,0
Box Elder,Brigham City 13,U.S. PRESIDENT,,NELSON MORSTAD,NP,0,0,0,0
Box Elder,Brigham City 13,U.S. PRESIDENT,,DARRELL HYKES,NP,0,0,0,0
Box Elder,Brigham City 13,U.S. PRESIDENT,,Write-in 80,NP,5,2,0,7
Box Elder,Brigham City 13,U. S. SENATE,,Registered Voters,NP,544,,,
Box Elder,Brigham City 13,U. S. SENATE,,SHAUN LYNN McCAUSLAN,CON,14,3,0,17
Box Elder,Brigham City 13,U. S. SENATE,,SCOTT HOWELL,DEM,41,25,10,76
Box Elder,Brigham City 13,U. S. SENATE,,ORRIN G. HATCH,REP,154,66,50,270
Box Elder,Brigham City 13,U. S. SENATE,,DANIEL GEERY,JUS,3,2,2,7
Box Elder,Brigham City 13,U. S. SENATE,,BILL BARRON,UNA,1,0,3,4
Box Elder,Brigham City 13,U. S. SENATE,,JoANN S. SECRIST,NP,0,0,0,0
Box Elder,Brigham City 13,U. S. SENATE,,Write-in 60,NP,0,0,0,0
Box Elder,Brigham City 13,U. S. HOUSE OF REPRESENTATIVE,,Registered Voters,NP,544,,,
Box Elder,Brigham City 13,U. S. HOUSE OF REPRESENTATIVE,,SHERRY PHIPPS,CON,12,3,3,18
Box Elder,Brigham City 13,U. S. HOUSE OF REPRESENTATIVE,,DONNA M. McALEER,DEM,34,23,10,67
Box Elder,Brigham City 13,U. S. HOUSE OF REPRESENTATIVE,,ROB BISHOP,REP,170,69,52,291
Box Elder,Brigham City 13,U. S. HOUSE OF REPRESENTATIVE,,Write-in 40,NP,0,0,0,0
Box Elder,Brigham City 13,GOVERNOR,,Registered Voters,NP,544,,,
Box Elder,Brigham City 13,GOVERNOR,,PETER S COOKE,DEM,32,21,6,59
Box Elder,Brigham City 13,GOVERNOR,,KEN LARSEN,LIB,4,1,1,6
Box Elder,Brigham City 13,GOVERNOR,,KIRK D PEARSON,CON,7,3,2,12
Box Elder,Brigham City 13,GOVERNOR,,GARY R. HERBERT,REP,171,71,57,299
Box Elder,Brigham City 13,GOVERNOR,,DAVID J CANNON,NP,0,0,0,0
Box Elder,Brigham City 13,GOVERNOR,,DENNIS C. OWEN,NP,0,0,0,0
Box Elder,Brigham City 13,GOVERNOR,,Write-in 50,NP,0,0,0,0
Box Elder,Brigham City 13,ATTY GENERAL,,Registered Voters,NP,544,,,
Box Elder,Brigham City 13,ATTY GENERAL,,DEE W. SMITH,DEM,51,26,17,94
Box Elder,Brigham City 13,ATTY GENERAL,,JOHN SWALLOW,REP,143,65,49,257
Box Elder,Brigham City 13,ATTY GENERAL,,W. ANDREW McCULLOUGH,LIB,12,3,0,15
Box Elder,Brigham City 13,ATTY GENERAL,,Write-in 40,NP,0,0,0,0
Box Elder,Brigham City 13,STATE AUDITOR,,Registered Voters,NP,544,,,
Box Elder,Brigham City 13,STATE AUDITOR,,MARK SAGE,DEM,42,18,10,70
Box Elder,Brigham City 13,STATE AUDITOR,,JOHN DOUGALL,REP,146,75,54,275
Box Elder,Brigham City 13,STATE AUDITOR,,RICHARD PROCTOR,CON,15,3,0,18
Box Elder,Brigham City 13,STATE AUDITOR,,Write-in 40,NP,0,0,0,0
Box Elder,Brigham City 13,STATE TREASURER,,Registered Voters,NP,544,,,
Box Elder,Brigham City 13,STATE TREASURER,,CHRISTOPHER STOUT,DEM,39,14,12,65
Box Elder,Brigham City 13,STATE TREASURER,,VINCENT C. MARCUS,LIB,17,8,1,26
Box Elder,Brigham City 13,STATE TREASURER,,RICHARD K. ELLIS,REP,150,73,51,274
Box Elder,Brigham City 13,STATE TREASURER,,WARREN ROGERS,NP,0,0,0,0
Box Elder,Brigham City 13,STATE TREASURER,,Write-in 40,NP,0,0,0,0
Box Elder,Brigham City 13,UTAH STATE HOUSE OF REPRESENTATIVES29,,Registered Voters,NP,544,,,
Box Elder,Brigham City 13,UTAH STATE HOUSE OF REPRESENTATIVES29,,LEE B PERRY,REP,177,83,57,317
Box Elder,Brigham City 13,UTAH STATE HOUSE OF REPRESENTATIVES29,,HEIDI BITTON,DEM,32,12,8,52
Box Elder,Brigham City 13,UTAH STATE HOUSE OF REPRESENTATIVES29,,Write-in 30,NP,0,0,0,0
Box Elder,Brigham City 13,UTAH STATE SCHOOL BOARD OF EDUCATION,,Registered Voters,NP,544,,,
Box Elder,Brigham City 13,UTAH STATE SCHOOL BOARD OF EDUCATION,,D. ALAN SHAKESPEAR,NP,108,48,46,202
Box Elder,Brigham City 13,UTAH STATE SCHOOL BOARD OF EDUCATION,,TAMI W. PYFER,NP,67,30,15,112
Box Elder,Brigham City 13,UTAH STATE SCHOOL BOARD OF EDUCATION,,Write-in 30,NP,0,0,0,0
Box Elder,Brigham City 13,BOX ELDER COUNTY COMMISSION SEAT C,,Registered Voters,NP,544,,,
Box Elder,Brigham City 13,BOX ELDER COUNTY COMMISSION SEAT C,,STAN SUMMERS,REP,197,87,61,345
Box Elder,Brigham City 13,BOX ELDER COUNTY COMMISSION SEAT C,,Write-in 20,NP,0,0,1,1
Box Elder,Brigham City 13,Judge KEVIN K. ALLEN,,Registered Voters,NP,544,,,
Box Elder,Brigham City 13,Judge KEVIN K. ALLEN,,YES,NP,158,67,47,272
Box Elder,Brigham City 13,Judge KEVIN K. ALLEN,,NO,NP,30,18,14,62
Box Elder,Brigham City 13,Judge JEFFREY R. BURBANK,,Registered Voters,NP,544,,,
Box Elder,Brigham City 13,Judge JEFFREY R. BURBANK,,YES,NP,164,71,48,283
Box Elder,Brigham City 13,Judge JEFFREY R. BURBANK,,NO,NP,23,12,13,48
Box Elder,Brigham City 13,BOX ELDER COUNTY SCHOOL BOARD DIST 6,,Registered Voters,NP,544,,,
Box Elder,Brigham City 13,BOX ELDER COUNTY SCHOOL BOARD DIST 6,,BRYAN D. SMITH,NP,175,74,58,307
Box Elder,Brigham City 13,BOX ELDER COUNTY SCHOOL BOARD DIST 6,,Write-in 20,NP,2,2,0,4
Box Elder,Brigham City 13,Constitutional Amendment A,,Registered Voters,NP,544,,,
Box Elder,Brigham City 13,Constitutional Amendment A,,FOR,NP,98,31,34,163
Box Elder,Brigham City 13,Constitutional Amendment A,,AGAINST,NP,96,53,26,175
Box Elder,Brigham City 13,Constitutional Amendment B,,Registered Voters,NP,544,,,
Box Elder,Brigham City 13,Constitutional Amendment B,,FOR,NP,156,61,50,267
Box Elder,Brigham City 13,Constitutional Amendment B,,AGAINST,NP,56,29,11,96
Box Elder,Brigham City 14,STRAIGHT PARTY,,Registered Voters,NP,600,,,
Box Elder,Brigham City 14,STRAIGHT PARTY,,CONSTITUTION,CON,2,1,0,3
Box Elder,Brigham City 14,STRAIGHT PARTY,,LIBERTARIAN,LIB,3,0,0,3
Box Elder,Brigham City 14,STRAIGHT PARTY,,DEMOCRATIC,DEM,14,8,1,23
Box Elder,Brigham City 14,STRAIGHT PARTY,,REPUBLICAN,REP,62,44,13,119
Box Elder,Brigham City 14,STRAIGHT PARTY,,JUSTICE,JUS,1,0,0,1
Box Elder,Brigham City 14,STRAIGHT PARTY,,GREEN,GRN,0,0,0,0
Box Elder,Brigham City 14,U.S. PRESIDENT,,Registered Voters,NP,600,,,
Box Elder,Brigham City 14,U.S. PRESIDENT,,JILL STEIN,GRN,1,0,0,1
Box Elder,Brigham City 14,U.S. PRESIDENT,,GLORIA LA RIVA,PSL,0,0,0,0
Box Elder,Brigham City 14,U.S. PRESIDENT,,MITT ROMNEY,REP,189,110,33,332
Box Elder,Brigham City 14,U.S. PRESIDENT,,BARACK OBAMA,DEM,41,23,8,72
Box Elder,Brigham City 14,U.S. PRESIDENT,,GARY JOHNSON,LIB,4,0,0,4
Box Elder,Brigham City 14,U.S. PRESIDENT,,VIRGIL GOODE,CON,3,1,0,4
Box Elder,Brigham City 14,U.S. PRESIDENT,,"ROSS C. \ROCKY\"" ANDE""",JUS,2,1,0,3
Box Elder,Brigham City 14,U.S. PRESIDENT,,ROSEANNE BARR,NP,0,0,0,0
Box Elder,Brigham City 14,U.S. PRESIDENT,,STEPHEN DURHAM,NP,0,0,0,0
Box Elder,Brigham City 14,U.S. PRESIDENT,,JILL REED,NP,0,0,0,0
Box Elder,Brigham City 14,U.S. PRESIDENT,,ANDRE BARNETT,NP,0,0,0,0
Box Elder,Brigham City 14,U.S. PRESIDENT,,WILL CHRISTENSEN,NP,0,0,0,0
Box Elder,Brigham City 14,U.S. PRESIDENT,,JUSTIN MEYERS,NP,0,0,0,0
Box Elder,Brigham City 14,U.S. PRESIDENT,,SHEILA SAM TITTLE,NP,0,0,0,0
Box Elder,Brigham City 14,U.S. PRESIDENT,,ERIN KENT MAGEE,NP,0,0,0,0
Box Elder,Brigham City 14,U.S. PRESIDENT,,DEAN MORSTAD,NP,0,0,0,0
Box Elder,Brigham City 14,U.S. PRESIDENT,,NELSON MORSTAD,NP,0,0,0,0
Box Elder,Brigham City 14,U.S. PRESIDENT,,DARRELL HYKES,NP,0,0,0,0
Box Elder,Brigham City 14,U.S. PRESIDENT,,Write-in 80,NP,0,1,0,1
Box Elder,Brigham City 14,U. S. SENATE,,Registered Voters,NP,600,,,
Box Elder,Brigham City 14,U. S. SENATE,,SHAUN LYNN McCAUSLAN,CON,8,1,1,10
Box Elder,Brigham City 14,U. S. SENATE,,SCOTT HOWELL,DEM,53,34,7,94
Box Elder,Brigham City 14,U. S. SENATE,,ORRIN G. HATCH,REP,170,99,28,297
Box Elder,Brigham City 14,U. S. SENATE,,DANIEL GEERY,JUS,2,1,1,4
Box Elder,Brigham City 14,U. S. SENATE,,BILL BARRON,UNA,1,0,1,2
Box Elder,Brigham City 14,U. S. SENATE,,JoANN S. SECRIST,NP,0,0,0,0
Box Elder,Brigham City 14,U. S. SENATE,,Write-in 60,NP,0,0,0,0
Box Elder,Brigham City 14,U. S. HOUSE OF REPRESENTATIVE,,Registered Voters,NP,600,,,
Box Elder,Brigham City 14,U. S. HOUSE OF REPRESENTATIVE,,SHERRY PHIPPS,CON,12,7,1,20
Box Elder,Brigham City 14,U. S. HOUSE OF REPRESENTATIVE,,DONNA M. McALEER,DEM,39,31,6,76
Box Elder,Brigham City 14,U. S. HOUSE OF REPRESENTATIVE,,ROB BISHOP,REP,182,94,32,308
Box Elder,Brigham City 14,U. S. HOUSE OF REPRESENTATIVE,,Write-in 40,NP,0,0,0,0
Box Elder,Brigham City 14,GOVERNOR,,Registered Voters,NP,600,,,
Box Elder,Brigham City 14,GOVERNOR,,PETER S COOKE,DEM,46,30,5,81
Box Elder,Brigham City 14,GOVERNOR,,KEN LARSEN,LIB,5,0,1,6
Box Elder,Brigham City 14,GOVERNOR,,KIRK D PEARSON,CON,2,2,1,5
Box Elder,Brigham City 14,GOVERNOR,,GARY R. HERBERT,REP,185,103,31,319
Box Elder,Brigham City 14,GOVERNOR,,DAVID J CANNON,NP,0,0,0,0
Box Elder,Brigham City 14,GOVERNOR,,DENNIS C. OWEN,NP,0,0,0,0
Box Elder,Brigham City 14,GOVERNOR,,Write-in 50,NP,0,0,0,0
Box Elder,Brigham City 14,ATTY GENERAL,,Registered Voters,NP,600,,,
Box Elder,Brigham City 14,ATTY GENERAL,,DEE W. SMITH,DEM,52,35,8,95
Box Elder,Brigham City 14,ATTY GENERAL,,JOHN SWALLOW,REP,162,94,27,283
Box Elder,Brigham City 14,ATTY GENERAL,,W. ANDREW McCULLOUGH,LIB,13,3,4,20
Box Elder,Brigham City 14,ATTY GENERAL,,Write-in 40,NP,0,0,0,0
Box Elder,Brigham City 14,STATE AUDITOR,,Registered Voters,NP,600,,,
Box Elder,Brigham City 14,STATE AUDITOR,,MARK SAGE,DEM,50,30,9,89
Box Elder,Brigham City 14,STATE AUDITOR,,JOHN DOUGALL,REP,163,93,27,283
Box Elder,Brigham City 14,STATE AUDITOR,,RICHARD PROCTOR,CON,11,7,3,21
Box Elder,Brigham City 14,STATE AUDITOR,,Write-in 40,NP,0,0,0,0
Box Elder,Brigham City 14,STATE TREASURER,,Registered Voters,NP,600,,,
Box Elder,Brigham City 14,STATE TREASURER,,CHRISTOPHER STOUT,DEM,46,26,8,80
Box Elder,Brigham City 14,STATE TREASURER,,VINCENT C. MARCUS,LIB,15,4,2,21
Box Elder,Brigham City 14,STATE TREASURER,,RICHARD K. ELLIS,REP,166,100,29,295
Box Elder,Brigham City 14,STATE TREASURER,,WARREN ROGERS,NP,0,0,0,0
Box Elder,Brigham City 14,STATE TREASURER,,Write-in 40,NP,0,0,0,0
Box Elder,Brigham City 14,UTAH STATE HOUSE OF REPRESENTATIVES29,,Registered Voters,NP,600,,,
Box Elder,Brigham City 14,UTAH STATE HOUSE OF REPRESENTATIVES29,,LEE B PERRY,REP,188,108,34,330
Box Elder,Brigham City 14,UTAH STATE HOUSE OF REPRESENTATIVES29,,HEIDI BITTON,DEM,43,27,4,74
Box Elder,Brigham City 14,UTAH STATE HOUSE OF REPRESENTATIVES29,,Write-in 30,NP,0,0,1,1
Box Elder,Brigham City 14,UTAH STATE SCHOOL BOARD OF EDUCATION,,Registered Voters,NP,600,,,
Box Elder,Brigham City 14,UTAH STATE SCHOOL BOARD OF EDUCATION,,D. ALAN SHAKESPEAR,NP,109,64,20,193
Box Elder,Brigham City 14,UTAH STATE SCHOOL BOARD OF EDUCATION,,TAMI W. PYFER,NP,90,42,17,149
Box Elder,Brigham City 14,UTAH STATE SCHOOL BOARD OF EDUCATION,,Write-in 30,NP,2,0,0,2
Box Elder,Brigham City 14,BOX ELDER COUNTY COMMISSION SEAT C,,Registered Voters,NP,600,,,
Box Elder,Brigham City 14,BOX ELDER COUNTY COMMISSION SEAT C,,STAN SUMMERS,REP,216,121,37,374
Box Elder,Brigham City 14,BOX ELDER COUNTY COMMISSION SEAT C,,Write-in 20,NP,0,2,0,2
Box Elder,Brigham City 14,Judge KEVIN K. ALLEN,,Registered Voters,NP,600,,,
Box Elder,Brigham City 14,Judge KEVIN K. ALLEN,,YES,NP,175,94,28,297
Box Elder,Brigham City 14,Judge KEVIN K. ALLEN,,NO,NP,38,21,5,64
Box Elder,Brigham City 14,Judge JEFFREY R. BURBANK,,Registered Voters,NP,600,,,
Box Elder,Brigham City 14,Judge JEFFREY R. BURBANK,,YES,NP,177,100,28,305
Box Elder,Brigham City 14,Judge JEFFREY R. BURBANK,,NO,NP,35,14,7,56
Box Elder,Brigham City 14,BOX ELDER COUNTY SCHOOL BOARD DIST 6,,Registered Voters,NP,600,,,
Box Elder,Brigham City 14,BOX ELDER COUNTY SCHOOL BOARD DIST 6,,BRYAN D. SMITH,NP,199,109,32,340
Box Elder,Brigham City 14,BOX ELDER COUNTY SCHOOL BOARD DIST 6,,Write-in 20,NP,0,0,0,0
Box Elder,Brigham City 14,Constitutional Amendment A,,Registered Voters,NP,600,,,
Box Elder,Brigham City 14,Constitutional Amendment A,,FOR,NP,116,63,15,194
Box Elder,Brigham City 14,Constitutional Amendment A,,AGAINST,NP,97,58,20,175
Box Elder,Brigham City 14,Constitutional Amendment B,,Registered Voters,NP,600,,,
Box Elder,Brigham City 14,Constitutional Amendment B,,FOR,NP,151,92,22,265
Box Elder,Brigham City 14,Constitutional Amendment B,,AGAINST,NP,79,37,16,132
Box Elder,Brigham City 15,STRAIGHT PARTY,,Registered Voters,NP,603,,,
Box Elder,Brigham City 15,STRAIGHT PARTY,,CONSTITUTION,CON,0,0,0,0
Box Elder,Brigham City 15,STRAIGHT PARTY,,LIBERTARIAN,LIB,1,1,0,2
Box Elder,Brigham City 15,STRAIGHT PARTY,,DEMOCRATIC,DEM,6,12,2,20
Box Elder,Brigham City 15,STRAIGHT PARTY,,REPUBLICAN,REP,57,61,6,124
Box Elder,Brigham City 15,STRAIGHT PARTY,,JUSTICE,JUS,0,0,0,0
Box Elder,Brigham City 15,STRAIGHT PARTY,,GREEN,GRN,1,0,0,1
Box Elder,Brigham City 15,U.S. PRESIDENT,,Registered Voters,NP,603,,,
Box Elder,Brigham City 15,U.S. PRESIDENT,,JILL STEIN,GRN,0,0,0,0
Box Elder,Brigham City 15,U.S. PRESIDENT,,GLORIA LA RIVA,PSL,0,0,0,0
Box Elder,Brigham City 15,U.S. PRESIDENT,,MITT ROMNEY,REP,181,152,34,367
Box Elder,Brigham City 15,U.S. PRESIDENT,,BARACK OBAMA,DEM,26,31,11,68
Box Elder,Brigham City 15,U.S. PRESIDENT,,GARY JOHNSON,LIB,1,1,1,3
Box Elder,Brigham City 15,U.S. PRESIDENT,,VIRGIL GOODE,CON,1,1,0,2
Box Elder,Brigham City 15,U.S. PRESIDENT,,"ROSS C. \ROCKY\"" ANDE""",JUS,2,1,0,3
Box Elder,Brigham City 15,U.S. PRESIDENT,,ROSEANNE BARR,NP,0,0,0,0
Box Elder,Brigham City 15,U.S. PRESIDENT,,STEPHEN DURHAM,NP,0,0,0,0
Box Elder,Brigham City 15,U.S. PRESIDENT,,JILL REED,NP,0,0,0,0
Box Elder,Brigham City 15,U.S. PRESIDENT,,ANDRE BARNETT,NP,0,0,0,0
Box Elder,Brigham City 15,U.S. PRESIDENT,,WILL CHRISTENSEN,NP,0,0,0,0
Box Elder,Brigham City 15,U.S. PRESIDENT,,JUSTIN MEYERS,NP,0,0,0,0
Box Elder,Brigham City 15,U.S. PRESIDENT,,SHEILA SAM TITTLE,NP,0,0,0,0
Box Elder,Brigham City 15,U.S. PRESIDENT,,ERIN KENT MAGEE,NP,0,0,0,0
Box Elder,Brigham City 15,U.S. PRESIDENT,,DEAN MORSTAD,NP,0,0,0,0
Box Elder,Brigham City 15,U.S. PRESIDENT,,NELSON MORSTAD,NP,0,0,0,0
Box Elder,Brigham City 15,U.S. PRESIDENT,,DARRELL HYKES,NP,0,0,0,0
Box Elder,Brigham City 15,U.S. PRESIDENT,,Write-in 80,NP,2,0,0,2
Box Elder,Brigham City 15,U. S. SENATE,,Registered Voters,NP,603,,,
Box Elder,Brigham City 15,U. S. SENATE,,SHAUN LYNN McCAUSLAN,CON,6,3,0,9
Box Elder,Brigham City 15,U. S. SENATE,,SCOTT HOWELL,DEM,44,39,13,96
Box Elder,Brigham City 15,U. S. SENATE,,ORRIN G. HATCH,REP,154,141,32,327
Box Elder,Brigham City 15,U. S. SENATE,,DANIEL GEERY,JUS,2,0,1,3
Box Elder,Brigham City 15,U. S. SENATE,,BILL BARRON,UNA,2,0,0,2
Box Elder,Brigham City 15,U. S. SENATE,,JoANN S. SECRIST,NP,0,0,0,0
Box Elder,Brigham City 15,U. S. SENATE,,Write-in 60,NP,0,0,0,0
Box Elder,Brigham City 15,U. S. HOUSE OF REPRESENTATIVE,,Registered Voters,NP,603,,,
Box Elder,Brigham City 15,U. S. HOUSE OF REPRESENTATIVE,,SHERRY PHIPPS,CON,11,5,6,22
Box Elder,Brigham City 15,U. S. HOUSE OF REPRESENTATIVE,,DONNA M. McALEER,DEM,31,35,9,75
Box Elder,Brigham City 15,U. S. HOUSE OF REPRESENTATIVE,,ROB BISHOP,REP,165,147,31,343
Box Elder,Brigham City 15,U. S. HOUSE OF REPRESENTATIVE,,Write-in 40,NP,2,0,0,2
Box Elder,Brigham City 15,GOVERNOR,,Registered Voters,NP,603,,,
Box Elder,Brigham City 15,GOVERNOR,,PETER S COOKE,DEM,31,31,13,75
Box Elder,Brigham City 15,GOVERNOR,,KEN LARSEN,LIB,2,4,2,8
Box Elder,Brigham City 15,GOVERNOR,,KIRK D PEARSON,CON,5,0,0,5
Box Elder,Brigham City 15,GOVERNOR,,GARY R. HERBERT,REP,173,152,31,356
Box Elder,Brigham City 15,GOVERNOR,,DAVID J CANNON,NP,0,0,0,0
Box Elder,Brigham City 15,GOVERNOR,,DENNIS C. OWEN,NP,0,0,0,0
Box Elder,Brigham City 15,GOVERNOR,,Write-in 50,NP,0,0,0,0
Box Elder,Brigham City 15,ATTY GENERAL,,Registered Voters,NP,603,,,
Box Elder,Brigham City 15,ATTY GENERAL,,DEE W. SMITH,DEM,37,38,13,88
Box Elder,Brigham City 15,ATTY GENERAL,,JOHN SWALLOW,REP,154,135,27,316
Box Elder,Brigham City 15,ATTY GENERAL,,W. ANDREW McCULLOUGH,LIB,14,6,5,25
Box Elder,Brigham City 15,ATTY GENERAL,,Write-in 40,NP,0,0,0,0
Box Elder,Brigham City 15,STATE AUDITOR,,Registered Voters,NP,603,,,
Box Elder,Brigham City 15,STATE AUDITOR,,MARK SAGE,DEM,41,34,13,88
Box Elder,Brigham City 15,STATE AUDITOR,,JOHN DOUGALL,REP,142,137,31,310
Box Elder,Brigham City 15,STATE AUDITOR,,RICHARD PROCTOR,CON,18,5,1,24
Box Elder,Brigham City 15,STATE AUDITOR,,Write-in 40,NP,0,1,0,1
Box Elder,Brigham City 15,STATE TREASURER,,Registered Voters,NP,603,,,
Box Elder,Brigham City 15,STATE TREASURER,,CHRISTOPHER STOUT,DEM,32,34,8,74
Box Elder,Brigham City 15,STATE TREASURER,,VINCENT C. MARCUS,LIB,13,10,3,26
Box Elder,Brigham City 15,STATE TREASURER,,RICHARD K. ELLIS,REP,156,132,34,322
Box Elder,Brigham City 15,STATE TREASURER,,WARREN ROGERS,NP,0,0,0,0
Box Elder,Brigham City 15,STATE TREASURER,,Write-in 40,NP,0,0,0,0
Box Elder,Brigham City 15,UTAH STATE HOUSE OF REPRESENTATIVES1,,Registered Voters,NP,603,,,
Box Elder,Brigham City 15,UTAH STATE HOUSE OF REPRESENTATIVES1,,DeLOY W MECHAM,DEM,29,29,12,70
Box Elder,Brigham City 15,UTAH STATE HOUSE OF REPRESENTATIVES1,,RONDA RUDD MENLOVE,REP,153,134,31,318
Box Elder,Brigham City 15,UTAH STATE HOUSE OF REPRESENTATIVES1,,BECKY MADDOX,CON,24,20,2,46
Box Elder,Brigham City 15,UTAH STATE HOUSE OF REPRESENTATIVES1,,Write-in 40,NP,0,0,0,0
Box Elder,Brigham City 15,UTAH STATE SCHOOL BOARD OF EDUCATION,,Registered Voters,NP,603,,,
Box Elder,Brigham City 15,UTAH STATE SCHOOL BOARD OF EDUCATION,,D. ALAN SHAKESPEAR,NP,124,102,26,252
Box Elder,Brigham City 15,UTAH STATE SCHOOL BOARD OF EDUCATION,,TAMI W. PYFER,NP,54,49,14,117
Box Elder,Brigham City 15,UTAH STATE SCHOOL BOARD OF EDUCATION,,Write-in 30,NP,0,0,0,0
Box Elder,Brigham City 15,BOX ELDER COUNTY COMMISSION SEAT C,,Registered Voters,NP,603,,,
Box Elder,Brigham City 15,BOX ELDER COUNTY COMMISSION SEAT C,,STAN SUMMERS,REP,183,169,39,391
Box Elder,Brigham City 15,BOX ELDER COUNTY COMMISSION SEAT C,,Write-in 20,NP,4,3,0,7
Box Elder,Brigham City 15,Judge KEVIN K. ALLEN,,Registered Voters,NP,603,,,
Box Elder,Brigham City 15,Judge KEVIN K. ALLEN,,YES,NP,160,133,36,329
Box Elder,Brigham City 15,Judge KEVIN K. ALLEN,,NO,NP,21,32,5,58
Box Elder,Brigham City 15,Judge JEFFREY R. BURBANK,,Registered Voters,NP,603,,,
Box Elder,Brigham City 15,Judge JEFFREY R. BURBANK,,YES,NP,167,141,37,345
Box Elder,Brigham City 15,Judge JEFFREY R. BURBANK,,NO,NP,13,25,5,43
Box Elder,Brigham City 15,BOX ELDER COUNTY SCHOOL BOARD DIST 5,,Registered Voters,NP,603,,,
Box Elder,Brigham City 15,BOX ELDER COUNTY SCHOOL BOARD DIST 5,,NANCY S. KENNEDY,NP,131,102,29,262
Box Elder,Brigham City 15,BOX ELDER COUNTY SCHOOL BOARD DIST 5,,STEVE BROOKS,NP,59,57,12,128
Box Elder,Brigham City 15,BOX ELDER COUNTY SCHOOL BOARD DIST 5,,Write-in 30,NP,0,0,0,0
Box Elder,Brigham City 15,Constitutional Amendment A,,Registered Voters,NP,603,,,
Box Elder,Brigham City 15,Constitutional Amendment A,,FOR,NP,93,93,25,211
Box Elder,Brigham City 15,Constitutional Amendment A,,AGAINST,NP,90,73,18,181
Box Elder,Brigham City 15,Constitutional Amendment B,,Registered Voters,NP,603,,,
Box Elder,Brigham City 15,Constitutional Amendment B,,FOR,NP,141,133,29,303
Box Elder,Brigham City 15,Constitutional Amendment B,,AGAINST,NP,61,47,17,125
Box Elder,Brigham City North,STRAIGHT PARTY,,Registered Voters,NP,258,,,
Box Elder,Brigham City North,STRAIGHT PARTY,,CONSTITUTION,CON,0,0,,0
Box Elder,Brigham City North,STRAIGHT PARTY,,LIBERTARIAN,LIB,2,0,,2
Box Elder,Brigham City North,STRAIGHT PARTY,,DEMOCRATIC,DEM,2,0,,2
Box Elder,Brigham City North,STRAIGHT PARTY,,REPUBLICAN,REP,43,1,,44
Box Elder,Brigham City North,STRAIGHT PARTY,,JUSTICE,JUS,0,0,,0
Box Elder,Brigham City North,STRAIGHT PARTY,,GREEN,GRN,0,0,,0
Box Elder,Brigham City North,U.S. PRESIDENT,,Registered Voters,NP,258,,,
Box Elder,Brigham City North,U.S. PRESIDENT,,JILL STEIN,GRN,0,0,,0
Box Elder,Brigham City North,U.S. PRESIDENT,,GLORIA LA RIVA,PSL,0,0,,0
Box Elder,Brigham City North,U.S. PRESIDENT,,MITT ROMNEY,REP,191,2,,193
Box Elder,Brigham City North,U.S. PRESIDENT,,BARACK OBAMA,DEM,16,0,,16
Box Elder,Brigham City North,U.S. PRESIDENT,,GARY JOHNSON,LIB,0,0,,0
Box Elder,Brigham City North,U.S. PRESIDENT,,VIRGIL GOODE,CON,1,0,,1
Box Elder,Brigham City North,U.S. PRESIDENT,,"ROSS C. \ROCKY\"" ANDE""",JUS,1,0,,1
Box Elder,Brigham City North,U.S. PRESIDENT,,ROSEANNE BARR,NP,0,0,,0
Box Elder,Brigham City North,U.S. PRESIDENT,,STEPHEN DURHAM,NP,0,0,,0
Box Elder,Brigham City North,U.S. PRESIDENT,,JILL REED,NP,0,0,,0
Box Elder,Brigham City North,U.S. PRESIDENT,,ANDRE BARNETT,NP,0,0,,0
Box Elder,Brigham City North,U.S. PRESIDENT,,WILL CHRISTENSEN,NP,0,0,,0
Box Elder,Brigham City North,U.S. PRESIDENT,,JUSTIN MEYERS,NP,0,0,,0
Box Elder,Brigham City North,U.S. PRESIDENT,,SHEILA SAM TITTLE,NP,0,0,,0
Box Elder,Brigham City North,U.S. PRESIDENT,,ERIN KENT MAGEE,NP,0,0,,0
Box Elder,Brigham City North,U.S. PRESIDENT,,DEAN MORSTAD,NP,0,0,,0
Box Elder,Brigham City North,U.S. PRESIDENT,,NELSON MORSTAD,NP,0,0,,0
Box Elder,Brigham City North,U.S. PRESIDENT,,DARRELL HYKES,NP,0,0,,0
Box Elder,Brigham City North,U.S. PRESIDENT,,Write-in 80,NP,0,0,,0
Box Elder,Brigham City North,U. S. SENATE,,Registered Voters,NP,258,,,
Box Elder,Brigham City North,U. S. SENATE,,SHAUN LYNN McCAUSLAN,CON,14,0,,14
Box Elder,Brigham City North,U. S. SENATE,,SCOTT HOWELL,DEM,27,0,,27
Box Elder,Brigham City North,U. S. SENATE,,ORRIN G. HATCH,REP,163,2,,165
Box Elder,Brigham City North,U. S. SENATE,,DANIEL GEERY,JUS,1,0,,1
Box Elder,Brigham City North,U. S. SENATE,,BILL BARRON,UNA,3,0,,3
Box Elder,Brigham City North,U. S. SENATE,,JoANN S. SECRIST,NP,0,0,,0
Box Elder,Brigham City North,U. S. SENATE,,Write-in 60,NP,0,0,,0
Box Elder,Brigham City North,U. S. HOUSE OF REPRESENTATIVE,,Registered Voters,NP,258,,,
Box Elder,Brigham City North,U. S. HOUSE OF REPRESENTATIVE,,SHERRY PHIPPS,CON,15,0,,15
Box Elder,Brigham City North,U. S. HOUSE OF REPRESENTATIVE,,DONNA M. McALEER,DEM,27,0,,27
Box Elder,Brigham City North,U. S. HOUSE OF REPRESENTATIVE,,ROB BISHOP,REP,165,2,,167
Box Elder,Brigham City North,U. S. HOUSE OF REPRESENTATIVE,,Write-in 40,NP,0,0,,0
Box Elder,Brigham City North,GOVERNOR,,Registered Voters,NP,258,,,
Box Elder,Brigham City North,GOVERNOR,,PETER S COOKE,DEM,20,0,,20
Box Elder,Brigham City North,GOVERNOR,,KEN LARSEN,LIB,3,0,,3
Box Elder,Brigham City North,GOVERNOR,,KIRK D PEARSON,CON,9,0,,9
Box Elder,Brigham City North,GOVERNOR,,GARY R. HERBERT,REP,175,2,,177
Box Elder,Brigham City North,GOVERNOR,,DAVID J CANNON,NP,0,0,,0
Box Elder,Brigham City North,GOVERNOR,,DENNIS C. OWEN,NP,0,0,,0
Box Elder,Brigham City North,GOVERNOR,,Write-in 50,NP,0,0,,0
Box Elder,Brigham City North,ATTY GENERAL,,Registered Voters,NP,258,,,
Box Elder,Brigham City North,ATTY GENERAL,,DEE W. SMITH,DEM,46,0,,46
Box Elder,Brigham City North,ATTY GENERAL,,JOHN SWALLOW,REP,156,2,,158
Box Elder,Brigham City North,ATTY GENERAL,,W. ANDREW McCULLOUGH,LIB,2,0,,2
Box Elder,Brigham City North,ATTY GENERAL,,Write-in 40,NP,0,0,,0
Box Elder,Brigham City North,STATE AUDITOR,,Registered Voters,NP,258,,,
Box Elder,Brigham City North,STATE AUDITOR,,MARK SAGE,DEM,35,0,,35
Box Elder,Brigham City North,STATE AUDITOR,,JOHN DOUGALL,REP,145,2,,147
Box Elder,Brigham City North,STATE AUDITOR,,RICHARD PROCTOR,CON,16,0,,16
Box Elder,Brigham City North,STATE AUDITOR,,Write-in 40,NP,0,0,,0
Box Elder,Brigham City North,STATE TREASURER,,Registered Voters,NP,258,,,
Box Elder,Brigham City North,STATE TREASURER,,CHRISTOPHER STOUT,DEM,27,1,,28
Box Elder,Brigham City North,STATE TREASURER,,VINCENT C. MARCUS,LIB,6,0,,6
Box Elder,Brigham City North,STATE TREASURER,,RICHARD K. ELLIS,REP,162,1,,163
Box Elder,Brigham City North,STATE TREASURER,,WARREN ROGERS,NP,0,0,,0
Box Elder,Brigham City North,STATE TREASURER,,Write-in 40,NP,0,0,,0
Box Elder,Brigham City North,UTAH STATE HOUSE OF REPRESENTATIVES1,,Registered Voters,NP,258,,,
Box Elder,Brigham City North,UTAH STATE HOUSE OF REPRESENTATIVES1,,DeLOY W MECHAM,DEM,29,0,,29
Box Elder,Brigham City North,UTAH STATE HOUSE OF REPRESENTATIVES1,,RONDA RUDD MENLOVE,REP,139,2,,141
Box Elder,Brigham City North,UTAH STATE HOUSE OF REPRESENTATIVES1,,BECKY MADDOX,CON,32,0,,32
Box Elder,Brigham City North,UTAH STATE HOUSE OF REPRESENTATIVES1,,Write-in 40,NP,0,0,,0
Box Elder,Brigham City North,UTAH STATE SCHOOL BOARD OF EDUCATION,,Registered Voters,NP,258,,,
Box Elder,Brigham City North,UTAH STATE SCHOOL BOARD OF EDUCATION,,D. ALAN SHAKESPEAR,NP,160,2,,162
Box Elder,Brigham City North,UTAH STATE SCHOOL BOARD OF EDUCATION,,TAMI W. PYFER,NP,27,0,,27
Box Elder,Brigham City North,UTAH STATE SCHOOL BOARD OF EDUCATION,,Write-in 30,NP,0,0,,0
Box Elder,Brigham City North,BOX ELDER COUNTY COMMISSION SEAT C,,Registered Voters,NP,258,,,
Box Elder,Brigham City North,BOX ELDER COUNTY COMMISSION SEAT C,,STAN SUMMERS,REP,176,2,,178
Box Elder,Brigham City North,BOX ELDER COUNTY COMMISSION SEAT C,,Write-in 20,NP,6,0,,6
Box Elder,Brigham City North,Judge KEVIN K. ALLEN,,Registered Voters,NP,258,,,
Box Elder,Brigham City North,Judge KEVIN K. ALLEN,,YES,NP,148,2,,150
Box Elder,Brigham City North,Judge KEVIN K. ALLEN,,NO,NP,36,0,,36
Box Elder,Brigham City North,Judge JEFFREY R. BURBANK,,Registered Voters,NP,258,,,
Box Elder,Brigham City North,Judge JEFFREY R. BURBANK,,YES,NP,151,2,,153
Box Elder,Brigham City North,Judge JEFFREY R. BURBANK,,NO,NP,33,0,,33
Box Elder,Brigham City North,Constitutional Amendment A,,Registered Voters,NP,258,,,
Box Elder,Brigham City North,Constitutional Amendment A,,FOR,NP,81,2,,83
Box Elder,Brigham City North,Constitutional Amendment A,,AGAINST,NP,104,0,,104
Box Elder,Brigham City North,Constitutional Amendment B,,Registered Voters,NP,258,,,
Box Elder,Brigham City North,Constitutional Amendment B,,FOR,NP,114,2,,116
Box Elder,Brigham City North,Constitutional Amendment B,,AGAINST,NP,78,0,,78
Box Elder,Clear Creek,STRAIGHT PARTY,,Registered Voters,NP,13,,,
Box Elder,Clear Creek,STRAIGHT PARTY,,CONSTITUTION,CON,0,0,,0
Box Elder,Clear Creek,STRAIGHT PARTY,,LIBERTARIAN,LIB,0,0,,0
Box Elder,Clear Creek,STRAIGHT PARTY,,DEMOCRATIC,DEM,0,0,,0
Box Elder,Clear Creek,STRAIGHT PARTY,,REPUBLICAN,REP,6,0,,6
Box Elder,Clear Creek,STRAIGHT PARTY,,JUSTICE,JUS,0,0,,0
Box Elder,Clear Creek,STRAIGHT PARTY,,GREEN,GRN,0,0,,0
Box Elder,Clear Creek,U.S. PRESIDENT,,Registered Voters,NP,13,,,
Box Elder,Clear Creek,U.S. PRESIDENT,,JILL STEIN,GRN,0,0,,0
Box Elder,Clear Creek,U.S. PRESIDENT,,GLORIA LA RIVA,PSL,0,0,,0
Box Elder,Clear Creek,U.S. PRESIDENT,,MITT ROMNEY,REP,13,1,,14
Box Elder,Clear Creek,U.S. PRESIDENT,,BARACK OBAMA,DEM,0,0,,0
Box Elder,Clear Creek,U.S. PRESIDENT,,GARY JOHNSON,LIB,0,0,,0
Box Elder,Clear Creek,U.S. PRESIDENT,,VIRGIL GOODE,CON,0,0,,0
Box Elder,Clear Creek,U.S. PRESIDENT,,"ROSS C. \ROCKY\"" ANDE""",JUS,0,0,,0
Box Elder,Clear Creek,U.S. PRESIDENT,,ROSEANNE BARR,NP,0,0,,0
Box Elder,Clear Creek,U.S. PRESIDENT,,STEPHEN DURHAM,NP,0,0,,0
Box Elder,Clear Creek,U.S. PRESIDENT,,JILL REED,NP,0,0,,0
Box Elder,Clear Creek,U.S. PRESIDENT,,ANDRE BARNETT,NP,0,0,,0
Box Elder,Clear Creek,U.S. PRESIDENT,,WILL CHRISTENSEN,NP,0,0,,0
Box Elder,Clear Creek,U.S. PRESIDENT,,JUSTIN MEYERS,NP,0,0,,0
Box Elder,Clear Creek,U.S. PRESIDENT,,SHEILA SAM TITTLE,NP,0,0,,0
Box Elder,Clear Creek,U.S. PRESIDENT,,ERIN KENT MAGEE,NP,0,0,,0
Box Elder,Clear Creek,U.S. PRESIDENT,,DEAN MORSTAD,NP,0,0,,0
Box Elder,Clear Creek,U.S. PRESIDENT,,NELSON MORSTAD,NP,0,0,,0
Box Elder,Clear Creek,U.S. PRESIDENT,,DARRELL HYKES,NP,0,0,,0
Box Elder,Clear Creek,U.S. PRESIDENT,,Write-in 80,NP,0,0,,0
Box Elder,Clear Creek,U. S. SENATE,,Registered Voters,NP,13,,,
Box Elder,Clear Creek,U. S. SENATE,,SHAUN LYNN McCAUSLAN,CON,1,0,,1
Box Elder,Clear Creek,U. S. SENATE,,SCOTT HOWELL,DEM,2,0,,2
Box Elder,Clear Creek,U. S. SENATE,,ORRIN G. HATCH,REP,10,1,,11
Box Elder,Clear Creek,U. S. SENATE,,DANIEL GEERY,JUS,0,0,,0
Box Elder,Clear Creek,U. S. SENATE,,BILL BARRON,UNA,0,0,,0
Box Elder,Clear Creek,U. S. SENATE,,JoANN S. SECRIST,NP,0,0,,0
Box Elder,Clear Creek,U. S. SENATE,,Write-in 60,NP,0,0,,0
Box Elder,Clear Creek,U. S. HOUSE OF REPRESENTATIVE,,Registered Voters,NP,13,,,
Box Elder,Clear Creek,U. S. HOUSE OF REPRESENTATIVE,,SHERRY PHIPPS,CON,0,0,,0
Box Elder,Clear Creek,U. S. HOUSE OF REPRESENTATIVE,,DONNA M. McALEER,DEM,0,0,,0
Box Elder,Clear Creek,U. S. HOUSE OF REPRESENTATIVE,,ROB BISHOP,REP,13,1,,14
Box Elder,Clear Creek,U. S. HOUSE OF REPRESENTATIVE,,Write-in 40,NP,0,0,,0
Box Elder,Clear Creek,GOVERNOR,,Registered Voters,NP,13,,,
Box Elder,Clear Creek,GOVERNOR,,PETER S COOKE,DEM,0,0,,0
Box Elder,Clear Creek,GOVERNOR,,KEN LARSEN,LIB,0,0,,0
Box Elder,Clear Creek,GOVERNOR,,KIRK D PEARSON,CON,0,0,,0
Box Elder,Clear Creek,GOVERNOR,,GARY R. HERBERT,REP,13,1,,14
Box Elder,Clear Creek,GOVERNOR,,DAVID J CANNON,NP,0,0,,0
Box Elder,Clear Creek,GOVERNOR,,DENNIS C. OWEN,NP,0,0,,0
Box Elder,Clear Creek,GOVERNOR,,Write-in 50,NP,0,0,,0
Box Elder,Clear Creek,ATTY GENERAL,,Registered Voters,NP,13,,,
Box Elder,Clear Creek,ATTY GENERAL,,DEE W. SMITH,DEM,0,0,,0
Box Elder,Clear Creek,ATTY GENERAL,,JOHN SWALLOW,REP,13,1,,14
Box Elder,Clear Creek,ATTY GENERAL,,W. ANDREW McCULLOUGH,LIB,0,0,,0
Box Elder,Clear Creek,ATTY GENERAL,,Write-in 40,NP,0,0,,0
Box Elder,Clear Creek,STATE AUDITOR,,Registered Voters,NP,13,,,
Box Elder,Clear Creek,STATE AUDITOR,,MARK SAGE,DEM,2,0,,2
Box Elder,Clear Creek,STATE AUDITOR,,JOHN DOUGALL,REP,9,1,,10
Box Elder,Clear Creek,STATE AUDITOR,,RICHARD PROCTOR,CON,1,0,,1
Box Elder,Clear Creek,STATE AUDITOR,,Write-in 40,NP,0,0,,0
Box Elder,Clear Creek,STATE TREASURER,,Registered Voters,NP,13,,,
Box Elder,Clear Creek,STATE TREASURER,,CHRISTOPHER STOUT,DEM,1,0,,1
Box Elder,Clear Creek,STATE TREASURER,,VINCENT C. MARCUS,LIB,0,0,,0
Box Elder,Clear Creek,STATE TREASURER,,RICHARD K. ELLIS,REP,11,1,,12
Box Elder,Clear Creek,STATE TREASURER,,WARREN ROGERS,NP,0,0,,0
Box Elder,Clear Creek,STATE TREASURER,,Write-in 40,NP,0,0,,0
Box Elder,Clear Creek,UTAH STATE HOUSE OF REPRESENTATIVES1,,Registered Voters,NP,13,,,
Box Elder,Clear Creek,UTAH STATE HOUSE OF REPRESENTATIVES1,,DeLOY W MECHAM,DEM,0,0,,0
Box Elder,Clear Creek,UTAH STATE HOUSE OF REPRESENTATIVES1,,RONDA RUDD MENLOVE,REP,11,1,,12
Box Elder,Clear Creek,UTAH STATE HOUSE OF REPRESENTATIVES1,,BECKY MADDOX,CON,1,0,,1
Box Elder,Clear Creek,UTAH STATE HOUSE OF REPRESENTATIVES1,,Write-in 40,NP,0,0,,0
Box Elder,Clear Creek,UTAH STATE SCHOOL BOARD OF EDUCATION,,Registered Voters,NP,13,,,
Box Elder,Clear Creek,UTAH STATE SCHOOL BOARD OF EDUCATION,,D. ALAN SHAKESPEAR,NP,6,1,,7
Box Elder,Clear Creek,UTAH STATE SCHOOL BOARD OF EDUCATION,,TAMI W. PYFER,NP,6,0,,6
Box Elder,Clear Creek,UTAH STATE SCHOOL BOARD OF EDUCATION,,Write-in 30,NP,0,0,,0
Box Elder,Clear Creek,BOX ELDER COUNTY COMMISSION SEAT C,,Registered Voters,NP,13,,,
Box Elder,Clear Creek,BOX ELDER COUNTY COMMISSION SEAT C,,STAN SUMMERS,REP,13,1,,14
Box Elder,Clear Creek,BOX ELDER COUNTY COMMISSION SEAT C,,Write-in 20,NP,0,0,,0
Box Elder,Clear Creek,Judge KEVIN K. ALLEN,,Registered Voters,NP,13,,,
Box Elder,Clear Creek,Judge KEVIN K. ALLEN,,YES,NP,13,1,,14
Box Elder,Clear Creek,Judge KEVIN K. ALLEN,,NO,NP,0,0,,0
Box Elder,Clear Creek,Judge JEFFREY R. BURBANK,,Registered Voters,NP,13,,,
Box Elder,Clear Creek,Judge JEFFREY R. BURBANK,,YES,NP,13,1,,14
Box Elder,Clear Creek,Judge JEFFREY R. BURBANK,,NO,NP,0,0,,0
Box Elder,Clear Creek,BOX ELDER COUNTY SCHOOL BOARD DIST 1,,Registered Voters,NP,13,,,
Box Elder,Clear Creek,BOX ELDER COUNTY SCHOOL BOARD DIST 1,,LYNN A. CAPENER,NP,13,1,,14
Box Elder,Clear Creek,BOX ELDER COUNTY SCHOOL BOARD DIST 1,,Write-in 20,NP,0,0,,0
Box Elder,Clear Creek,Constitutional Amendment A,,Registered Voters,NP,13,,,
Box Elder,Clear Creek,Constitutional Amendment A,,FOR,NP,8,0,,8
Box Elder,Clear Creek,Constitutional Amendment A,,AGAINST,NP,4,1,,5
Box Elder,Clear Creek,Constitutional Amendment B,,Registered Voters,NP,13,,,
Box Elder,Clear Creek,Constitutional Amendment B,,FOR,NP,10,0,,10
Box Elder,Clear Creek,Constitutional Amendment B,,AGAINST,NP,3,1,,4
Box Elder,Corinne 1,STRAIGHT PARTY,,Registered Voters,NP,606,,,
Box Elder,Corinne 1,STRAIGHT PARTY,,CONSTITUTION,CON,2,0,0,2
Box Elder,Corinne 1,STRAIGHT PARTY,,LIBERTARIAN,LIB,2,0,0,2
Box Elder,Corinne 1,STRAIGHT PARTY,,DEMOCRATIC,DEM,22,0,2,24
Box Elder,Corinne 1,STRAIGHT PARTY,,REPUBLICAN,REP,134,4,5,143
Box Elder,Corinne 1,STRAIGHT PARTY,,JUSTICE,JUS,0,0,0,0
Box Elder,Corinne 1,STRAIGHT PARTY,,GREEN,GRN,0,0,0,0
Box Elder,Corinne 1,U.S. PRESIDENT,,Registered Voters,NP,606,,,
Box Elder,Corinne 1,U.S. PRESIDENT,,JILL STEIN,GRN,1,0,0,1
Box Elder,Corinne 1,U.S. PRESIDENT,,GLORIA LA RIVA,PSL,0,0,1,1
Box Elder,Corinne 1,U.S. PRESIDENT,,MITT ROMNEY,REP,333,23,13,369
Box Elder,Corinne 1,U.S. PRESIDENT,,BARACK OBAMA,DEM,53,1,5,59
Box Elder,Corinne 1,U.S. PRESIDENT,,GARY JOHNSON,LIB,1,0,0,1
Box Elder,Corinne 1,U.S. PRESIDENT,,VIRGIL GOODE,CON,2,1,0,3
Box Elder,Corinne 1,U.S. PRESIDENT,,"ROSS C. \ROCKY\"" ANDE""",JUS,0,0,0,0
Box Elder,Corinne 1,U.S. PRESIDENT,,ROSEANNE BARR,NP,0,0,0,0
Box Elder,Corinne 1,U.S. PRESIDENT,,STEPHEN DURHAM,NP,0,0,0,0
Box Elder,Corinne 1,U.S. PRESIDENT,,JILL REED,NP,0,0,0,0
Box Elder,Corinne 1,U.S. PRESIDENT,,ANDRE BARNETT,NP,0,0,0,0
Box Elder,Corinne 1,U.S. PRESIDENT,,WILL CHRISTENSEN,NP,0,0,0,0
Box Elder,Corinne 1,U.S. PRESIDENT,,JUSTIN MEYERS,NP,0,0,0,0
Box Elder,Corinne 1,U.S. PRESIDENT,,SHEILA SAM TITTLE,NP,0,0,0,0
Box Elder,Corinne 1,U.S. PRESIDENT,,ERIN KENT MAGEE,NP,0,0,0,0
Box Elder,Corinne 1,U.S. PRESIDENT,,DEAN MORSTAD,NP,0,0,0,0
Box Elder,Corinne 1,U.S. PRESIDENT,,NELSON MORSTAD,NP,0,0,0,0
Box Elder,Corinne 1,U.S. PRESIDENT,,DARRELL HYKES,NP,0,0,0,0
Box Elder,Corinne 1,U.S. PRESIDENT,,Write-in 80,NP,0,1,0,1
Box Elder,Corinne 1,U. S. SENATE,,Registered Voters,NP,606,,,
Box Elder,Corinne 1,U. S. SENATE,,SHAUN LYNN McCAUSLAN,CON,7,3,0,10
Box Elder,Corinne 1,U. S. SENATE,,SCOTT HOWELL,DEM,71,8,5,84
Box Elder,Corinne 1,U. S. SENATE,,ORRIN G. HATCH,REP,298,13,11,322
Box Elder,Corinne 1,U. S. SENATE,,DANIEL GEERY,JUS,1,0,1,2
Box Elder,Corinne 1,U. S. SENATE,,BILL BARRON,UNA,2,1,2,5
Box Elder,Corinne 1,U. S. SENATE,,JoANN S. SECRIST,NP,0,0,0,0
Box Elder,Corinne 1,U. S. SENATE,,Write-in 60,NP,6,0,0,6
Box Elder,Corinne 1,U. S. HOUSE OF REPRESENTATIVE,,Registered Voters,NP,606,,,
Box Elder,Corinne 1,U. S. HOUSE OF REPRESENTATIVE,,SHERRY PHIPPS,CON,12,1,2,15
Box Elder,Corinne 1,U. S. HOUSE OF REPRESENTATIVE,,DONNA M. McALEER,DEM,60,8,6,74
Box Elder,Corinne 1,U. S. HOUSE OF REPRESENTATIVE,,ROB BISHOP,REP,311,14,11,336
Box Elder,Corinne 1,U. S. HOUSE OF REPRESENTATIVE,,Write-in 40,NP,0,0,0,0
Box Elder,Corinne 1,GOVERNOR,,Registered Voters,NP,606,,,
Box Elder,Corinne 1,GOVERNOR,,PETER S COOKE,DEM,65,12,5,82
Box Elder,Corinne 1,GOVERNOR,,KEN LARSEN,LIB,5,0,0,5
Box Elder,Corinne 1,GOVERNOR,,KIRK D PEARSON,CON,3,3,1,7
Box Elder,Corinne 1,GOVERNOR,,GARY R. HERBERT,REP,315,11,13,339
Box Elder,Corinne 1,GOVERNOR,,DAVID J CANNON,NP,0,0,0,0
Box Elder,Corinne 1,GOVERNOR,,DENNIS C. OWEN,NP,0,0,0,0
Box Elder,Corinne 1,GOVERNOR,,Write-in 50,NP,0,0,0,0
Box Elder,Corinne 1,ATTY GENERAL,,Registered Voters,NP,606,,,
Box Elder,Corinne 1,ATTY GENERAL,,DEE W. SMITH,DEM,79,7,4,90
Box Elder,Corinne 1,ATTY GENERAL,,JOHN SWALLOW,REP,291,15,11,317
Box Elder,Corinne 1,ATTY GENERAL,,W. ANDREW McCULLOUGH,LIB,12,4,3,19
Box Elder,Corinne 1,ATTY GENERAL,,Write-in 40,NP,0,0,0,0
Box Elder,Corinne 1,STATE AUDITOR,,Registered Voters,NP,606,,,
Box Elder,Corinne 1,STATE AUDITOR,,MARK SAGE,DEM,62,7,5,74
Box Elder,Corinne 1,STATE AUDITOR,,JOHN DOUGALL,REP,293,12,11,316
Box Elder,Corinne 1,STATE AUDITOR,,RICHARD PROCTOR,CON,22,5,3,30
Box Elder,Corinne 1,STATE AUDITOR,,Write-in 40,NP,0,0,0,0
Box Elder,Corinne 1,STATE TREASURER,,Registered Voters,NP,606,,,
Box Elder,Corinne 1,STATE TREASURER,,CHRISTOPHER STOUT,DEM,65,8,3,76
Box Elder,Corinne 1,STATE TREASURER,,VINCENT C. MARCUS,LIB,20,3,2,25
Box Elder,Corinne 1,STATE TREASURER,,RICHARD K. ELLIS,REP,287,13,14,314
Box Elder,Corinne 1,STATE TREASURER,,WARREN ROGERS,NP,0,0,0,0
Box Elder,Corinne 1,STATE TREASURER,,Write-in 40,NP,0,0,0,0
Box Elder,Corinne 1,UTAH STATE HOUSE OF REPRESENTATIVES1,,Registered Voters,NP,606,,,
Box Elder,Corinne 1,UTAH STATE HOUSE OF REPRESENTATIVES1,,DeLOY W MECHAM,DEM,68,7,4,79
Box Elder,Corinne 1,UTAH STATE HOUSE OF REPRESENTATIVES1,,RONDA RUDD MENLOVE,REP,261,15,13,289
Box Elder,Corinne 1,UTAH STATE HOUSE OF REPRESENTATIVES1,,BECKY MADDOX,CON,56,4,2,62
Box Elder,Corinne 1,UTAH STATE HOUSE OF REPRESENTATIVES1,,Write-in 40,NP,0,0,0,0
Box Elder,Corinne 1,UTAH STATE SCHOOL BOARD OF EDUCATION,,Registered Voters,NP,606,,,
Box Elder,Corinne 1,UTAH STATE SCHOOL BOARD OF EDUCATION,,D. ALAN SHAKESPEAR,NP,189,14,8,211
Box Elder,Corinne 1,UTAH STATE SCHOOL BOARD OF EDUCATION,,TAMI W. PYFER,NP,132,9,11,152
Box Elder,Corinne 1,UTAH STATE SCHOOL BOARD OF EDUCATION,,Write-in 30,NP,0,0,0,0
Box Elder,Corinne 1,BOX ELDER COUNTY COMMISSION SEAT C,,Registered Voters,NP,606,,,
Box Elder,Corinne 1,BOX ELDER COUNTY COMMISSION SEAT C,,STAN SUMMERS,REP,364,25,16,405
Box Elder,Corinne 1,BOX ELDER COUNTY COMMISSION SEAT C,,Write-in 20,NP,1,0,0,1
Box Elder,Corinne 1,Judge KEVIN K. ALLEN,,Registered Voters,NP,606,,,
Box Elder,Corinne 1,Judge KEVIN K. ALLEN,,YES,NP,285,21,14,320
Box Elder,Corinne 1,Judge KEVIN K. ALLEN,,NO,NP,56,4,4,64
Box Elder,Corinne 1,Judge JEFFREY R. BURBANK,,Registered Voters,NP,606,,,
Box Elder,Corinne 1,Judge JEFFREY R. BURBANK,,YES,NP,287,21,18,326
Box Elder,Corinne 1,Judge JEFFREY R. BURBANK,,NO,NP,56,4,1,61
Box Elder,Corinne 1,Constitutional Amendment A,,Registered Voters,NP,606,,,
Box Elder,Corinne 1,Constitutional Amendment A,,FOR,NP,162,10,10,182
Box Elder,Corinne 1,Constitutional Amendment A,,AGAINST,NP,193,13,7,213
Box Elder,Corinne 1,Constitutional Amendment B,,Registered Voters,NP,606,,,
Box Elder,Corinne 1,Constitutional Amendment B,,FOR,NP,229,15,9,253
Box Elder,Corinne 1,Constitutional Amendment B,,AGAINST,NP,130,9,8,147
Box Elder,Corinne 2,STRAIGHT PARTY,,Registered Voters,NP,124,,,
Box Elder,Corinne 2,STRAIGHT PARTY,,CONSTITUTION,CON,0,0,,0
Box Elder,Corinne 2,STRAIGHT PARTY,,LIBERTARIAN,LIB,3,0,,3
Box Elder,Corinne 2,STRAIGHT PARTY,,DEMOCRATIC,DEM,3,0,,3
Box Elder,Corinne 2,STRAIGHT PARTY,,REPUBLICAN,REP,28,0,,28
Box Elder,Corinne 2,STRAIGHT PARTY,,JUSTICE,JUS,0,0,,0
Box Elder,Corinne 2,STRAIGHT PARTY,,GREEN,GRN,0,0,,0
Box Elder,Corinne 2,U.S. PRESIDENT,,Registered Voters,NP,124,,,
Box Elder,Corinne 2,U.S. PRESIDENT,,JILL STEIN,GRN,0,0,,0
Box Elder,Corinne 2,U.S. PRESIDENT,,GLORIA LA RIVA,PSL,0,0,,0
Box Elder,Corinne 2,U.S. PRESIDENT,,MITT ROMNEY,REP,93,0,,93
Box Elder,Corinne 2,U.S. PRESIDENT,,BARACK OBAMA,DEM,8,0,,8
Box Elder,Corinne 2,U.S. PRESIDENT,,GARY JOHNSON,LIB,0,0,,0
Box Elder,Corinne 2,U.S. PRESIDENT,,VIRGIL GOODE,CON,0,0,,0
Box Elder,Corinne 2,U.S. PRESIDENT,,"ROSS C. \ROCKY\"" ANDE""",JUS,0,0,,0
Box Elder,Corinne 2,U.S. PRESIDENT,,ROSEANNE BARR,NP,0,0,,0
Box Elder,Corinne 2,U.S. PRESIDENT,,STEPHEN DURHAM,NP,0,0,,0
Box Elder,Corinne 2,U.S. PRESIDENT,,JILL REED,NP,0,0,,0
Box Elder,Corinne 2,U.S. PRESIDENT,,ANDRE BARNETT,NP,0,0,,0
Box Elder,Corinne 2,U.S. PRESIDENT,,WILL CHRISTENSEN,NP,0,0,,0
Box Elder,Corinne 2,U.S. PRESIDENT,,JUSTIN MEYERS,NP,0,0,,0
Box Elder,Corinne 2,U.S. PRESIDENT,,SHEILA SAM TITTLE,NP,0,0,,0
Box Elder,Corinne 2,U.S. PRESIDENT,,ERIN KENT MAGEE,NP,0,0,,0
Box Elder,Corinne 2,U.S. PRESIDENT,,DEAN MORSTAD,NP,0,0,,0
Box Elder,Corinne 2,U.S. PRESIDENT,,NELSON MORSTAD,NP,0,0,,0
Box Elder,Corinne 2,U.S. PRESIDENT,,DARRELL HYKES,NP,0,0,,0
Box Elder,Corinne 2,U.S. PRESIDENT,,Write-in 80,NP,0,0,,0
Box Elder,Corinne 2,U. S. SENATE,,Registered Voters,NP,124,,,
Box Elder,Corinne 2,U. S. SENATE,,SHAUN LYNN McCAUSLAN,CON,4,0,,4
Box Elder,Corinne 2,U. S. SENATE,,SCOTT HOWELL,DEM,16,0,,16
Box Elder,Corinne 2,U. S. SENATE,,ORRIN G. HATCH,REP,79,0,,79
Box Elder,Corinne 2,U. S. SENATE,,DANIEL GEERY,JUS,1,0,,1
Box Elder,Corinne 2,U. S. SENATE,,BILL BARRON,UNA,0,0,,0
Box Elder,Corinne 2,U. S. SENATE,,JoANN S. SECRIST,NP,0,0,,0
Box Elder,Corinne 2,U. S. SENATE,,Write-in 60,NP,1,0,,1
Box Elder,Corinne 2,U. S. HOUSE OF REPRESENTATIVE,,Registered Voters,NP,124,,,
Box Elder,Corinne 2,U. S. HOUSE OF REPRESENTATIVE,,SHERRY PHIPPS,CON,5,0,,5
Box Elder,Corinne 2,U. S. HOUSE OF REPRESENTATIVE,,DONNA M. McALEER,DEM,11,0,,11
Box Elder,Corinne 2,U. S. HOUSE OF REPRESENTATIVE,,ROB BISHOP,REP,85,0,,85
Box Elder,Corinne 2,U. S. HOUSE OF REPRESENTATIVE,,Write-in 40,NP,0,0,,0
Box Elder,Corinne 2,GOVERNOR,,Registered Voters,NP,124,,,
Box Elder,Corinne 2,GOVERNOR,,PETER S COOKE,DEM,7,0,,7
Box Elder,Corinne 2,GOVERNOR,,KEN LARSEN,LIB,3,0,,3
Box Elder,Corinne 2,GOVERNOR,,KIRK D PEARSON,CON,2,0,,2
Box Elder,Corinne 2,GOVERNOR,,GARY R. HERBERT,REP,89,0,,89
Box Elder,Corinne 2,GOVERNOR,,DAVID J CANNON,NP,0,0,,0
Box Elder,Corinne 2,GOVERNOR,,DENNIS C. OWEN,NP,0,0,,0
Box Elder,Corinne 2,GOVERNOR,,Write-in 50,NP,0,0,,0
Box Elder,Corinne 2,ATTY GENERAL,,Registered Voters,NP,124,,,
Box Elder,Corinne 2,ATTY GENERAL,,DEE W. SMITH,DEM,15,0,,15
Box Elder,Corinne 2,ATTY GENERAL,,JOHN SWALLOW,REP,79,0,,79
Box Elder,Corinne 2,ATTY GENERAL,,W. ANDREW McCULLOUGH,LIB,5,0,,5
Box Elder,Corinne 2,ATTY GENERAL,,Write-in 40,NP,0,0,,0
Box Elder,Corinne 2,STATE AUDITOR,,Registered Voters,NP,124,,,
Box Elder,Corinne 2,STATE AUDITOR,,MARK SAGE,DEM,16,0,,16
Box Elder,Corinne 2,STATE AUDITOR,,JOHN DOUGALL,REP,72,0,,72
Box Elder,Corinne 2,STATE AUDITOR,,RICHARD PROCTOR,CON,7,0,,7
Box Elder,Corinne 2,STATE AUDITOR,,Write-in 40,NP,0,0,,0
Box Elder,Corinne 2,STATE TREASURER,,Registered Voters,NP,124,,,
Box Elder,Corinne 2,STATE TREASURER,,CHRISTOPHER STOUT,DEM,14,0,,14
Box Elder,Corinne 2,STATE TREASURER,,VINCENT C. MARCUS,LIB,5,0,,5
Box Elder,Corinne 2,STATE TREASURER,,RICHARD K. ELLIS,REP,76,0,,76
Box Elder,Corinne 2,STATE TREASURER,,WARREN ROGERS,NP,0,0,,0
Box Elder,Corinne 2,STATE TREASURER,,Write-in 40,NP,0,0,,0
Box Elder,Corinne 2,UTAH STATE HOUSE OF REPRESENTATIVES1,,Registered Voters,NP,124,,,
Box Elder,Corinne 2,UTAH STATE HOUSE OF REPRESENTATIVES1,,DeLOY W MECHAM,DEM,22,0,,22
Box Elder,Corinne 2,UTAH STATE HOUSE OF REPRESENTATIVES1,,RONDA RUDD MENLOVE,REP,63,0,,63
Box Elder,Corinne 2,UTAH STATE HOUSE OF REPRESENTATIVES1,,BECKY MADDOX,CON,15,0,,15
Box Elder,Corinne 2,UTAH STATE HOUSE OF REPRESENTATIVES1,,Write-in 40,NP,0,0,,0
Box Elder,Corinne 2,UTAH STATE SCHOOL BOARD OF EDUCATION,,Registered Voters,NP,124,,,
Box Elder,Corinne 2,UTAH STATE SCHOOL BOARD OF EDUCATION,,D. ALAN SHAKESPEAR,NP,43,0,,43
Box Elder,Corinne 2,UTAH STATE SCHOOL BOARD OF EDUCATION,,TAMI W. PYFER,NP,42,0,,42
Box Elder,Corinne 2,UTAH STATE SCHOOL BOARD OF EDUCATION,,Write-in 30,NP,0,0,,0
Box Elder,Corinne 2,BOX ELDER COUNTY COMMISSION SEAT C,,Registered Voters,NP,124,,,
Box Elder,Corinne 2,BOX ELDER COUNTY COMMISSION SEAT C,,STAN SUMMERS,REP,90,0,,90
Box Elder,Corinne 2,BOX ELDER COUNTY COMMISSION SEAT C,,Write-in 20,NP,1,0,,1
Box Elder,Corinne 2,Judge KEVIN K. ALLEN,,Registered Voters,NP,124,,,
Box Elder,Corinne 2,Judge KEVIN K. ALLEN,,YES,NP,68,0,,68
Box Elder,Corinne 2,Judge KEVIN K. ALLEN,,NO,NP,17,0,,17
Box Elder,Corinne 2,Judge JEFFREY R. BURBANK,,Registered Voters,NP,124,,,
Box Elder,Corinne 2,Judge JEFFREY R. BURBANK,,YES,NP,71,0,,71
Box Elder,Corinne 2,Judge JEFFREY R. BURBANK,,NO,NP,15,0,,15
Box Elder,Corinne 2,Constitutional Amendment A,,Registered Voters,NP,124,,,
Box Elder,Corinne 2,Constitutional Amendment A,,FOR,NP,29,0,,29
Box Elder,Corinne 2,Constitutional Amendment A,,AGAINST,NP,62,0,,62
Box Elder,Corinne 2,Constitutional Amendment B,,Registered Voters,NP,124,,,
Box Elder,Corinne 2,Constitutional Amendment B,,FOR,NP,48,0,,48
Box Elder,Corinne 2,Constitutional Amendment B,,AGAINST,NP,45,0,,45
Box Elder,Deweyville,STRAIGHT PARTY,,Registered Voters,NP,327,,,
Box Elder,Deweyville,STRAIGHT PARTY,,CONSTITUTION,CON,0,0,0,0
Box Elder,Deweyville,STRAIGHT PARTY,,LIBERTARIAN,LIB,0,0,0,0
Box Elder,Deweyville,STRAIGHT PARTY,,DEMOCRATIC,DEM,4,2,0,6
Box Elder,Deweyville,STRAIGHT PARTY,,REPUBLICAN,REP,84,2,8,94
Box Elder,Deweyville,STRAIGHT PARTY,,JUSTICE,JUS,0,0,0,0
Box Elder,Deweyville,STRAIGHT PARTY,,GREEN,GRN,0,0,0,0
Box Elder,Deweyville,U.S. PRESIDENT,,Registered Voters,NP,327,,,
Box Elder,Deweyville,U.S. PRESIDENT,,JILL STEIN,GRN,0,0,0,0
Box Elder,Deweyville,U.S. PRESIDENT,,GLORIA LA RIVA,PSL,0,0,0,0
Box Elder,Deweyville,U.S. PRESIDENT,,MITT ROMNEY,REP,214,14,21,249
Box Elder,Deweyville,U.S. PRESIDENT,,BARACK OBAMA,DEM,14,2,0,16
Box Elder,Deweyville,U.S. PRESIDENT,,GARY JOHNSON,LIB,1,0,0,1
Box Elder,Deweyville,U.S. PRESIDENT,,VIRGIL GOODE,CON,0,0,0,0
Box Elder,Deweyville,U.S. PRESIDENT,,"ROSS C. \ROCKY\"" ANDE""",JUS,0,0,0,0
Box Elder,Deweyville,U.S. PRESIDENT,,ROSEANNE BARR,NP,0,0,0,0
Box Elder,Deweyville,U.S. PRESIDENT,,STEPHEN DURHAM,NP,0,0,0,0
Box Elder,Deweyville,U.S. PRESIDENT,,JILL REED,NP,0,0,0,0
Box Elder,Deweyville,U.S. PRESIDENT,,ANDRE BARNETT,NP,0,0,0,0
Box Elder,Deweyville,U.S. PRESIDENT,,WILL CHRISTENSEN,NP,0,0,0,0
Box Elder,Deweyville,U.S. PRESIDENT,,JUSTIN MEYERS,NP,0,0,0,0
Box Elder,Deweyville,U.S. PRESIDENT,,SHEILA SAM TITTLE,NP,0,0,0,0
Box Elder,Deweyville,U.S. PRESIDENT,,ERIN KENT MAGEE,NP,0,0,0,0
Box Elder,Deweyville,U.S. PRESIDENT,,DEAN MORSTAD,NP,0,0,0,0
Box Elder,Deweyville,U.S. PRESIDENT,,NELSON MORSTAD,NP,0,0,0,0
Box Elder,Deweyville,U.S. PRESIDENT,,DARRELL HYKES,NP,0,0,0,0
Box Elder,Deweyville,U.S. PRESIDENT,,Write-in 80,NP,1,0,0,1
Box Elder,Deweyville,U. S. SENATE,,Registered Voters,NP,327,,,
Box Elder,Deweyville,U. S. SENATE,,SHAUN LYNN McCAUSLAN,CON,3,1,0,4
Box Elder,Deweyville,U. S. SENATE,,SCOTT HOWELL,DEM,30,2,2,34
Box Elder,Deweyville,U. S. SENATE,,ORRIN G. HATCH,REP,194,13,19,226
Box Elder,Deweyville,U. S. SENATE,,DANIEL GEERY,JUS,1,0,0,1
Box Elder,Deweyville,U. S. SENATE,,BILL BARRON,UNA,0,0,0,0
Box Elder,Deweyville,U. S. SENATE,,JoANN S. SECRIST,NP,0,0,0,0
Box Elder,Deweyville,U. S. SENATE,,Write-in 60,NP,1,0,0,1
Box Elder,Deweyville,U. S. HOUSE OF REPRESENTATIVE,,Registered Voters,NP,327,,,
Box Elder,Deweyville,U. S. HOUSE OF REPRESENTATIVE,,SHERRY PHIPPS,CON,6,1,0,7
Box Elder,Deweyville,U. S. HOUSE OF REPRESENTATIVE,,DONNA M. McALEER,DEM,26,2,3,31
Box Elder,Deweyville,U. S. HOUSE OF REPRESENTATIVE,,ROB BISHOP,REP,197,12,18,227
Box Elder,Deweyville,U. S. HOUSE OF REPRESENTATIVE,,Write-in 40,NP,0,0,0,0
Box Elder,Deweyville,GOVERNOR,,Registered Voters,NP,327,,,
Box Elder,Deweyville,GOVERNOR,,PETER S COOKE,DEM,25,2,2,29
Box Elder,Deweyville,GOVERNOR,,KEN LARSEN,LIB,3,0,0,3
Box Elder,Deweyville,GOVERNOR,,KIRK D PEARSON,CON,3,1,0,4
Box Elder,Deweyville,GOVERNOR,,GARY R. HERBERT,REP,196,12,19,227
Box Elder,Deweyville,GOVERNOR,,DAVID J CANNON,NP,0,0,0,0
Box Elder,Deweyville,GOVERNOR,,DENNIS C. OWEN,NP,0,0,0,0
Box Elder,Deweyville,GOVERNOR,,Write-in 50,NP,0,0,0,0
Box Elder,Deweyville,ATTY GENERAL,,Registered Voters,NP,327,,,
Box Elder,Deweyville,ATTY GENERAL,,DEE W. SMITH,DEM,31,3,5,39
Box Elder,Deweyville,ATTY GENERAL,,JOHN SWALLOW,REP,187,11,16,214
Box Elder,Deweyville,ATTY GENERAL,,W. ANDREW McCULLOUGH,LIB,6,1,0,7
Box Elder,Deweyville,ATTY GENERAL,,Write-in 40,NP,0,0,0,0
Box Elder,Deweyville,STATE AUDITOR,,Registered Voters,NP,327,,,
Box Elder,Deweyville,STATE AUDITOR,,MARK SAGE,DEM,30,5,2,37
Box Elder,Deweyville,STATE AUDITOR,,JOHN DOUGALL,REP,177,9,18,204
Box Elder,Deweyville,STATE AUDITOR,,RICHARD PROCTOR,CON,15,1,0,16
Box Elder,Deweyville,STATE AUDITOR,,Write-in 40,NP,0,0,0,0
Box Elder,Deweyville,STATE TREASURER,,Registered Voters,NP,327,,,
Box Elder,Deweyville,STATE TREASURER,,CHRISTOPHER STOUT,DEM,29,6,2,37
Box Elder,Deweyville,STATE TREASURER,,VINCENT C. MARCUS,LIB,13,0,1,14
Box Elder,Deweyville,STATE TREASURER,,RICHARD K. ELLIS,REP,178,9,18,205
Box Elder,Deweyville,STATE TREASURER,,WARREN ROGERS,NP,0,0,0,0
Box Elder,Deweyville,STATE TREASURER,,Write-in 40,NP,0,0,0,0
Box Elder,Deweyville,UTAH STATE HOUSE OF REPRESENTATIVES1,,Registered Voters,NP,327,,,
Box Elder,Deweyville,UTAH STATE HOUSE OF REPRESENTATIVES1,,DeLOY W MECHAM,DEM,28,4,2,34
Box Elder,Deweyville,UTAH STATE HOUSE OF REPRESENTATIVES1,,RONDA RUDD MENLOVE,REP,176,11,19,206
Box Elder,Deweyville,UTAH STATE HOUSE OF REPRESENTATIVES1,,BECKY MADDOX,CON,25,1,0,26
Box Elder,Deweyville,UTAH STATE HOUSE OF REPRESENTATIVES1,,Write-in 40,NP,0,0,0,0
Box Elder,Deweyville,UTAH STATE SCHOOL BOARD OF EDUCATION,,Registered Voters,NP,327,,,
Box Elder,Deweyville,UTAH STATE SCHOOL BOARD OF EDUCATION,,D. ALAN SHAKESPEAR,NP,135,9,12,156
Box Elder,Deweyville,UTAH STATE SCHOOL BOARD OF EDUCATION,,TAMI W. PYFER,NP,61,4,9,74
Box Elder,Deweyville,UTAH STATE SCHOOL BOARD OF EDUCATION,,Write-in 30,NP,0,0,0,0
Box Elder,Deweyville,BOX ELDER COUNTY COMMISSION SEAT C,,Registered Voters,NP,327,,,
Box Elder,Deweyville,BOX ELDER COUNTY COMMISSION SEAT C,,STAN SUMMERS,REP,214,14,21,249
Box Elder,Deweyville,BOX ELDER COUNTY COMMISSION SEAT C,,Write-in 20,NP,2,0,0,2
Box Elder,Deweyville,Judge KEVIN K. ALLEN,,Registered Voters,NP,327,,,
Box Elder,Deweyville,Judge KEVIN K. ALLEN,,YES,NP,168,12,17,197
Box Elder,Deweyville,Judge KEVIN K. ALLEN,,NO,NP,32,1,1,34
Box Elder,Deweyville,Judge JEFFREY R. BURBANK,,Registered Voters,NP,327,,,
Box Elder,Deweyville,Judge JEFFREY R. BURBANK,,YES,NP,188,13,17,218
Box Elder,Deweyville,Judge JEFFREY R. BURBANK,,NO,NP,20,0,1,21
Box Elder,Deweyville,Constitutional Amendment A,,Registered Voters,NP,327,,,
Box Elder,Deweyville,Constitutional Amendment A,,FOR,NP,115,6,7,128
Box Elder,Deweyville,Constitutional Amendment A,,AGAINST,NP,95,5,12,112
Box Elder,Deweyville,Constitutional Amendment B,,Registered Voters,NP,327,,,
Box Elder,Deweyville,Constitutional Amendment B,,FOR,NP,140,6,16,162
Box Elder,Deweyville,Constitutional Amendment B,,AGAINST,NP,75,7,4,86
Box Elder,Elwood,STRAIGHT PARTY,,Registered Voters,NP,760,,,
Box Elder,Elwood,STRAIGHT PARTY,,CONSTITUTION,CON,1,0,0,1
Box Elder,Elwood,STRAIGHT PARTY,,LIBERTARIAN,LIB,2,0,0,2
Box Elder,Elwood,STRAIGHT PARTY,,DEMOCRATIC,DEM,12,0,1,13
Box Elder,Elwood,STRAIGHT PARTY,,REPUBLICAN,REP,128,10,7,145
Box Elder,Elwood,STRAIGHT PARTY,,JUSTICE,JUS,0,0,0,0
Box Elder,Elwood,STRAIGHT PARTY,,GREEN,GRN,0,0,0,0
Box Elder,Elwood,U.S. PRESIDENT,,Registered Voters,NP,760,,,
Box Elder,Elwood,U.S. PRESIDENT,,JILL STEIN,GRN,2,0,0,2
Box Elder,Elwood,U.S. PRESIDENT,,GLORIA LA RIVA,PSL,0,0,0,0
Box Elder,Elwood,U.S. PRESIDENT,,MITT ROMNEY,REP,452,57,23,532
Box Elder,Elwood,U.S. PRESIDENT,,BARACK OBAMA,DEM,36,6,4,46
Box Elder,Elwood,U.S. PRESIDENT,,GARY JOHNSON,LIB,2,0,0,2
Box Elder,Elwood,U.S. PRESIDENT,,VIRGIL GOODE,CON,1,0,0,1
Box Elder,Elwood,U.S. PRESIDENT,,"ROSS C. \ROCKY\"" ANDE""",JUS,2,1,0,3
Box Elder,Elwood,U.S. PRESIDENT,,ROSEANNE BARR,NP,0,0,0,0
Box Elder,Elwood,U.S. PRESIDENT,,STEPHEN DURHAM,NP,0,0,0,0
Box Elder,Elwood,U.S. PRESIDENT,,JILL REED,NP,0,0,0,0
Box Elder,Elwood,U.S. PRESIDENT,,ANDRE BARNETT,NP,0,0,0,0
Box Elder,Elwood,U.S. PRESIDENT,,WILL CHRISTENSEN,NP,0,0,0,0
Box Elder,Elwood,U.S. PRESIDENT,,JUSTIN MEYERS,NP,0,0,0,0
Box Elder,Elwood,U.S. PRESIDENT,,SHEILA SAM TITTLE,NP,0,0,0,0
Box Elder,Elwood,U.S. PRESIDENT,,ERIN KENT MAGEE,NP,0,0,0,0
Box Elder,Elwood,U.S. PRESIDENT,,DEAN MORSTAD,NP,0,0,0,0
Box Elder,Elwood,U.S. PRESIDENT,,NELSON MORSTAD,NP,0,0,0,0
Box Elder,Elwood,U.S. PRESIDENT,,DARRELL HYKES,NP,0,0,0,0
Box Elder,Elwood,U.S. PRESIDENT,,Write-in 80,NP,1,0,0,1
Box Elder,Elwood,U. S. SENATE,,Registered Voters,NP,760,,,
Box Elder,Elwood,U. S. SENATE,,SHAUN LYNN McCAUSLAN,CON,20,2,2,24
Box Elder,Elwood,U. S. SENATE,,SCOTT HOWELL,DEM,86,12,4,102
Box Elder,Elwood,U. S. SENATE,,ORRIN G. HATCH,REP,384,45,21,450
Box Elder,Elwood,U. S. SENATE,,DANIEL GEERY,JUS,0,2,0,2
Box Elder,Elwood,U. S. SENATE,,BILL BARRON,UNA,2,1,0,3
Box Elder,Elwood,U. S. SENATE,,JoANN S. SECRIST,NP,0,0,0,0
Box Elder,Elwood,U. S. SENATE,,Write-in 60,NP,0,0,0,0
Box Elder,Elwood,U. S. HOUSE OF REPRESENTATIVE,,Registered Voters,NP,760,,,
Box Elder,Elwood,U. S. HOUSE OF REPRESENTATIVE,,SHERRY PHIPPS,CON,17,1,0,18
Box Elder,Elwood,U. S. HOUSE OF REPRESENTATIVE,,DONNA M. McALEER,DEM,60,10,5,75
Box Elder,Elwood,U. S. HOUSE OF REPRESENTATIVE,,ROB BISHOP,REP,411,52,22,485
Box Elder,Elwood,U. S. HOUSE OF REPRESENTATIVE,,Write-in 40,NP,0,0,0,0
Box Elder,Elwood,GOVERNOR,,Registered Voters,NP,760,,,
Box Elder,Elwood,GOVERNOR,,PETER S COOKE,DEM,58,10,6,74
Box Elder,Elwood,GOVERNOR,,KEN LARSEN,LIB,8,0,0,8
Box Elder,Elwood,GOVERNOR,,KIRK D PEARSON,CON,8,0,0,8
Box Elder,Elwood,GOVERNOR,,GARY R. HERBERT,REP,419,54,21,494
Box Elder,Elwood,GOVERNOR,,DAVID J CANNON,NP,0,0,0,0
Box Elder,Elwood,GOVERNOR,,DENNIS C. OWEN,NP,0,0,0,0
Box Elder,Elwood,GOVERNOR,,Write-in 50,NP,0,0,0,0
Box Elder,Elwood,ATTY GENERAL,,Registered Voters,NP,760,,,
Box Elder,Elwood,ATTY GENERAL,,DEE W. SMITH,DEM,75,14,8,97
Box Elder,Elwood,ATTY GENERAL,,JOHN SWALLOW,REP,391,46,17,454
Box Elder,Elwood,ATTY GENERAL,,W. ANDREW McCULLOUGH,LIB,20,3,0,23
Box Elder,Elwood,ATTY GENERAL,,Write-in 40,NP,0,0,0,0
Box Elder,Elwood,STATE AUDITOR,,Registered Voters,NP,760,,,
Box Elder,Elwood,STATE AUDITOR,,MARK SAGE,DEM,58,7,4,69
Box Elder,Elwood,STATE AUDITOR,,JOHN DOUGALL,REP,384,52,20,456
Box Elder,Elwood,STATE AUDITOR,,RICHARD PROCTOR,CON,32,4,1,37
Box Elder,Elwood,STATE AUDITOR,,Write-in 40,NP,0,0,0,0
Box Elder,Elwood,STATE TREASURER,,Registered Voters,NP,760,,,
Box Elder,Elwood,STATE TREASURER,,CHRISTOPHER STOUT,DEM,56,7,5,68
Box Elder,Elwood,STATE TREASURER,,VINCENT C. MARCUS,LIB,33,2,0,35
Box Elder,Elwood,STATE TREASURER,,RICHARD K. ELLIS,REP,382,54,20,456
Box Elder,Elwood,STATE TREASURER,,WARREN ROGERS,NP,0,0,0,0
Box Elder,Elwood,STATE TREASURER,,Write-in 40,NP,0,0,0,0
Box Elder,Elwood,UTAH STATE HOUSE OF REPRESENTATIVES1,,Registered Voters,NP,760,,,
Box Elder,Elwood,UTAH STATE HOUSE OF REPRESENTATIVES1,,DeLOY W MECHAM,DEM,71,8,4,83
Box Elder,Elwood,UTAH STATE HOUSE OF REPRESENTATIVES1,,RONDA RUDD MENLOVE,REP,380,50,18,448
Box Elder,Elwood,UTAH STATE HOUSE OF REPRESENTATIVES1,,BECKY MADDOX,CON,39,6,3,48
Box Elder,Elwood,UTAH STATE HOUSE OF REPRESENTATIVES1,,Write-in 40,NP,0,0,0,0
Box Elder,Elwood,UTAH STATE SCHOOL BOARD OF EDUCATION,,Registered Voters,NP,760,,,
Box Elder,Elwood,UTAH STATE SCHOOL BOARD OF EDUCATION,,D. ALAN SHAKESPEAR,NP,293,41,11,345
Box Elder,Elwood,UTAH STATE SCHOOL BOARD OF EDUCATION,,TAMI W. PYFER,NP,133,18,12,163
Box Elder,Elwood,UTAH STATE SCHOOL BOARD OF EDUCATION,,Write-in 30,NP,0,0,0,0
Box Elder,Elwood,BOX ELDER COUNTY COMMISSION SEAT C,,Registered Voters,NP,760,,,
Box Elder,Elwood,BOX ELDER COUNTY COMMISSION SEAT C,,STAN SUMMERS,REP,470,61,21,552
Box Elder,Elwood,BOX ELDER COUNTY COMMISSION SEAT C,,Write-in 20,NP,5,2,2,9
Box Elder,Elwood,Judge KEVIN K. ALLEN,,Registered Voters,NP,760,,,
Box Elder,Elwood,Judge KEVIN K. ALLEN,,YES,NP,379,50,19,448
Box Elder,Elwood,Judge KEVIN K. ALLEN,,NO,NP,63,11,5,79
Box Elder,Elwood,Judge JEFFREY R. BURBANK,,Registered Voters,NP,760,,,
Box Elder,Elwood,Judge JEFFREY R. BURBANK,,YES,NP,380,53,23,456
Box Elder,Elwood,Judge JEFFREY R. BURBANK,,NO,NP,62,8,1,71
Box Elder,Elwood,Constitutional Amendment A,,Registered Voters,NP,760,,,
Box Elder,Elwood,Constitutional Amendment A,,FOR,NP,205,32,12,249
Box Elder,Elwood,Constitutional Amendment A,,AGAINST,NP,240,28,15,283
Box Elder,Elwood,Constitutional Amendment B,,Registered Voters,NP,760,,,
Box Elder,Elwood,Constitutional Amendment B,,FOR,NP,296,44,23,363
Box Elder,Elwood,Constitutional Amendment B,,AGAINST,NP,169,18,4,191
Box Elder,Fielding 01,STRAIGHT PARTY,,Registered Voters,NP,261,,,
Box Elder,Fielding 01,STRAIGHT PARTY,,CONSTITUTION,CON,0,0,0,0
Box Elder,Fielding 01,STRAIGHT PARTY,,LIBERTARIAN,LIB,2,0,0,2
Box Elder,Fielding 01,STRAIGHT PARTY,,DEMOCRATIC,DEM,3,0,0,3
Box Elder,Fielding 01,STRAIGHT PARTY,,REPUBLICAN,REP,54,2,4,60
Box Elder,Fielding 01,STRAIGHT PARTY,,JUSTICE,JUS,0,0,0,0
Box Elder,Fielding 01,STRAIGHT PARTY,,GREEN,GRN,0,0,0,0
Box Elder,Fielding 01,U.S. PRESIDENT,,Registered Voters,NP,261,,,
Box Elder,Fielding 01,U.S. PRESIDENT,,JILL STEIN,GRN,0,0,0,0
Box Elder,Fielding 01,U.S. PRESIDENT,,GLORIA LA RIVA,PSL,0,0,0,0
Box Elder,Fielding 01,U.S. PRESIDENT,,MITT ROMNEY,REP,165,3,21,189
Box Elder,Fielding 01,U.S. PRESIDENT,,BARACK OBAMA,DEM,9,1,2,12
Box Elder,Fielding 01,U.S. PRESIDENT,,GARY JOHNSON,LIB,2,0,0,2
Box Elder,Fielding 01,U.S. PRESIDENT,,VIRGIL GOODE,CON,0,0,0,0
Box Elder,Fielding 01,U.S. PRESIDENT,,"ROSS C. \ROCKY\"" ANDE""",JUS,0,0,0,0
Box Elder,Fielding 01,U.S. PRESIDENT,,ROSEANNE BARR,NP,0,0,0,0
Box Elder,Fielding 01,U.S. PRESIDENT,,STEPHEN DURHAM,NP,0,0,0,0
Box Elder,Fielding 01,U.S. PRESIDENT,,JILL REED,NP,0,0,0,0
Box Elder,Fielding 01,U.S. PRESIDENT,,ANDRE BARNETT,NP,0,0,0,0
Box Elder,Fielding 01,U.S. PRESIDENT,,WILL CHRISTENSEN,NP,0,0,0,0
Box Elder,Fielding 01,U.S. PRESIDENT,,JUSTIN MEYERS,NP,0,0,0,0
Box Elder,Fielding 01,U.S. PRESIDENT,,SHEILA SAM TITTLE,NP,0,0,0,0
Box Elder,Fielding 01,U.S. PRESIDENT,,ERIN KENT MAGEE,NP,0,0,0,0
Box Elder,Fielding 01,U.S. PRESIDENT,,DEAN MORSTAD,NP,0,0,0,0
Box Elder,Fielding 01,U.S. PRESIDENT,,NELSON MORSTAD,NP,0,0,0,0
Box Elder,Fielding 01,U.S. PRESIDENT,,DARRELL HYKES,NP,0,0,0,0
Box Elder,Fielding 01,U.S. PRESIDENT,,Write-in 80,NP,3,0,0,3
Box Elder,Fielding 01,U. S. SENATE,,Registered Voters,NP,261,,,
Box Elder,Fielding 01,U. S. SENATE,,SHAUN LYNN McCAUSLAN,CON,7,0,1,8
Box Elder,Fielding 01,U. S. SENATE,,SCOTT HOWELL,DEM,36,1,5,42
Box Elder,Fielding 01,U. S. SENATE,,ORRIN G. HATCH,REP,130,3,17,150
Box Elder,Fielding 01,U. S. SENATE,,DANIEL GEERY,JUS,3,0,0,3
Box Elder,Fielding 01,U. S. SENATE,,BILL BARRON,UNA,0,0,0,0
Box Elder,Fielding 01,U. S. SENATE,,JoANN S. SECRIST,NP,0,0,0,0
Box Elder,Fielding 01,U. S. SENATE,,Write-in 60,NP,0,0,0,0
Box Elder,Fielding 01,U. S. HOUSE OF REPRESENTATIVE,,Registered Voters,NP,261,,,
Box Elder,Fielding 01,U. S. HOUSE OF REPRESENTATIVE,,SHERRY PHIPPS,CON,6,0,1,7
Box Elder,Fielding 01,U. S. HOUSE OF REPRESENTATIVE,,DONNA M. McALEER,DEM,19,1,2,22
Box Elder,Fielding 01,U. S. HOUSE OF REPRESENTATIVE,,ROB BISHOP,REP,152,3,19,174
Box Elder,Fielding 01,U. S. HOUSE OF REPRESENTATIVE,,Write-in 40,NP,1,0,0,1
Box Elder,Fielding 01,GOVERNOR,,Registered Voters,NP,261,,,
Box Elder,Fielding 01,GOVERNOR,,PETER S COOKE,DEM,22,1,4,27
Box Elder,Fielding 01,GOVERNOR,,KEN LARSEN,LIB,4,0,0,4
Box Elder,Fielding 01,GOVERNOR,,KIRK D PEARSON,CON,3,0,1,4
Box Elder,Fielding 01,GOVERNOR,,GARY R. HERBERT,REP,149,3,18,170
Box Elder,Fielding 01,GOVERNOR,,DAVID J CANNON,NP,0,0,0,0
Box Elder,Fielding 01,GOVERNOR,,DENNIS C. OWEN,NP,0,0,0,0
Box Elder,Fielding 01,GOVERNOR,,Write-in 50,NP,0,0,0,0
Box Elder,Fielding 01,ATTY GENERAL,,Registered Voters,NP,261,,,
Box Elder,Fielding 01,ATTY GENERAL,,DEE W. SMITH,DEM,26,1,4,31
Box Elder,Fielding 01,ATTY GENERAL,,JOHN SWALLOW,REP,140,3,17,160
Box Elder,Fielding 01,ATTY GENERAL,,W. ANDREW McCULLOUGH,LIB,10,0,1,11
Box Elder,Fielding 01,ATTY GENERAL,,Write-in 40,NP,0,0,0,0
Box Elder,Fielding 01,STATE AUDITOR,,Registered Voters,NP,261,,,
Box Elder,Fielding 01,STATE AUDITOR,,MARK SAGE,DEM,25,1,3,29
Box Elder,Fielding 01,STATE AUDITOR,,JOHN DOUGALL,REP,133,3,18,154
Box Elder,Fielding 01,STATE AUDITOR,,RICHARD PROCTOR,CON,12,0,1,13
Box Elder,Fielding 01,STATE AUDITOR,,Write-in 40,NP,0,0,0,0
Box Elder,Fielding 01,STATE TREASURER,,Registered Voters,NP,261,,,
Box Elder,Fielding 01,STATE TREASURER,,CHRISTOPHER STOUT,DEM,15,1,3,19
Box Elder,Fielding 01,STATE TREASURER,,VINCENT C. MARCUS,LIB,15,0,1,16
Box Elder,Fielding 01,STATE TREASURER,,RICHARD K. ELLIS,REP,138,3,18,159
Box Elder,Fielding 01,STATE TREASURER,,WARREN ROGERS,NP,0,0,0,0
Box Elder,Fielding 01,STATE TREASURER,,Write-in 40,NP,0,0,0,0
Box Elder,Fielding 01,UTAH STATE HOUSE OF REPRESENTATIVES1,,Registered Voters,NP,261,,,
Box Elder,Fielding 01,UTAH STATE HOUSE OF REPRESENTATIVES1,,DeLOY W MECHAM,DEM,20,1,2,23
Box Elder,Fielding 01,UTAH STATE HOUSE OF REPRESENTATIVES1,,RONDA RUDD MENLOVE,REP,150,3,18,171
Box Elder,Fielding 01,UTAH STATE HOUSE OF REPRESENTATIVES1,,BECKY MADDOX,CON,8,0,3,11
Box Elder,Fielding 01,UTAH STATE HOUSE OF REPRESENTATIVES1,,Write-in 40,NP,0,0,0,0
Box Elder,Fielding 01,UTAH STATE SCHOOL BOARD OF EDUCATION,,Registered Voters,NP,261,,,
Box Elder,Fielding 01,UTAH STATE SCHOOL BOARD OF EDUCATION,,D. ALAN SHAKESPEAR,NP,88,3,17,108
Box Elder,Fielding 01,UTAH STATE SCHOOL BOARD OF EDUCATION,,TAMI W. PYFER,NP,59,0,3,62
Box Elder,Fielding 01,UTAH STATE SCHOOL BOARD OF EDUCATION,,Write-in 30,NP,1,0,0,1
Box Elder,Fielding 01,BOX ELDER COUNTY COMMISSION SEAT C,,Registered Voters,NP,261,,,
Box Elder,Fielding 01,BOX ELDER COUNTY COMMISSION SEAT C,,STAN SUMMERS,REP,169,4,21,194
Box Elder,Fielding 01,BOX ELDER COUNTY COMMISSION SEAT C,,Write-in 20,NP,1,0,0,1
Box Elder,Fielding 01,Judge KEVIN K. ALLEN,,Registered Voters,NP,261,,,
Box Elder,Fielding 01,Judge KEVIN K. ALLEN,,YES,NP,143,3,16,162
Box Elder,Fielding 01,Judge KEVIN K. ALLEN,,NO,NP,17,0,3,20
Box Elder,Fielding 01,Judge JEFFREY R. BURBANK,,Registered Voters,NP,261,,,
Box Elder,Fielding 01,Judge JEFFREY R. BURBANK,,YES,NP,147,2,16,165
Box Elder,Fielding 01,Judge JEFFREY R. BURBANK,,NO,NP,14,1,4,19
Box Elder,Fielding 01,BOX ELDER COUNTY SCHOOL BOARD DIST 1,,Registered Voters,NP,261,,,
Box Elder,Fielding 01,BOX ELDER COUNTY SCHOOL BOARD DIST 1,,LYNN A. CAPENER,NP,163,3,19,185
Box Elder,Fielding 01,BOX ELDER COUNTY SCHOOL BOARD DIST 1,,Write-in 20,NP,0,0,1,1
Box Elder,Fielding 01,Constitutional Amendment A,,Registered Voters,NP,261,,,
Box Elder,Fielding 01,Constitutional Amendment A,,FOR,NP,72,3,11,86
Box Elder,Fielding 01,Constitutional Amendment A,,AGAINST,NP,92,0,9,101
Box Elder,Fielding 01,Constitutional Amendment B,,Registered Voters,NP,261,,,
Box Elder,Fielding 01,Constitutional Amendment B,,FOR,NP,119,4,13,136
Box Elder,Fielding 01,Constitutional Amendment B,,AGAINST,NP,51,0,10,61
Box Elder,Fielding 02,STRAIGHT PARTY,,Registered Voters,NP,294,,,
Box Elder,Fielding 02,STRAIGHT PARTY,,CONSTITUTION,CON,0,0,0,0
Box Elder,Fielding 02,STRAIGHT PARTY,,LIBERTARIAN,LIB,0,0,0,0
Box Elder,Fielding 02,STRAIGHT PARTY,,DEMOCRATIC,DEM,1,0,1,2
Box Elder,Fielding 02,STRAIGHT PARTY,,REPUBLICAN,REP,64,3,7,74
Box Elder,Fielding 02,STRAIGHT PARTY,,JUSTICE,JUS,0,0,0,0
Box Elder,Fielding 02,STRAIGHT PARTY,,GREEN,GRN,0,0,0,0
Box Elder,Fielding 02,U.S. PRESIDENT,,Registered Voters,NP,294,,,
Box Elder,Fielding 02,U.S. PRESIDENT,,JILL STEIN,GRN,0,0,0,0
Box Elder,Fielding 02,U.S. PRESIDENT,,GLORIA LA RIVA,PSL,0,0,0,0
Box Elder,Fielding 02,U.S. PRESIDENT,,MITT ROMNEY,REP,164,7,31,202
Box Elder,Fielding 02,U.S. PRESIDENT,,BARACK OBAMA,DEM,7,2,1,10
Box Elder,Fielding 02,U.S. PRESIDENT,,GARY JOHNSON,LIB,1,0,0,1
Box Elder,Fielding 02,U.S. PRESIDENT,,VIRGIL GOODE,CON,1,0,0,1
Box Elder,Fielding 02,U.S. PRESIDENT,,"ROSS C. \ROCKY\"" ANDE""",JUS,1,0,0,1
Box Elder,Fielding 02,U.S. PRESIDENT,,ROSEANNE BARR,NP,0,0,0,0
Box Elder,Fielding 02,U.S. PRESIDENT,,STEPHEN DURHAM,NP,0,0,0,0
Box Elder,Fielding 02,U.S. PRESIDENT,,JILL REED,NP,0,0,0,0
Box Elder,Fielding 02,U.S. PRESIDENT,,ANDRE BARNETT,NP,0,0,0,0
Box Elder,Fielding 02,U.S. PRESIDENT,,WILL CHRISTENSEN,NP,0,0,0,0
Box Elder,Fielding 02,U.S. PRESIDENT,,JUSTIN MEYERS,NP,0,0,0,0
Box Elder,Fielding 02,U.S. PRESIDENT,,SHEILA SAM TITTLE,NP,0,0,0,0
Box Elder,Fielding 02,U.S. PRESIDENT,,ERIN KENT MAGEE,NP,0,0,0,0
Box Elder,Fielding 02,U.S. PRESIDENT,,DEAN MORSTAD,NP,0,0,0,0
Box Elder,Fielding 02,U.S. PRESIDENT,,NELSON MORSTAD,NP,0,0,0,0
Box Elder,Fielding 02,U.S. PRESIDENT,,DARRELL HYKES,NP,0,0,0,0
Box Elder,Fielding 02,U.S. PRESIDENT,,Write-in 80,NP,0,0,0,0
Box Elder,Fielding 02,U. S. SENATE,,Registered Voters,NP,294,,,
Box Elder,Fielding 02,U. S. SENATE,,SHAUN LYNN McCAUSLAN,CON,6,0,2,8
Box Elder,Fielding 02,U. S. SENATE,,SCOTT HOWELL,DEM,23,2,2,27
Box Elder,Fielding 02,U. S. SENATE,,ORRIN G. HATCH,REP,143,7,28,178
Box Elder,Fielding 02,U. S. SENATE,,DANIEL GEERY,JUS,1,0,0,1
Box Elder,Fielding 02,U. S. SENATE,,BILL BARRON,UNA,0,0,0,0
Box Elder,Fielding 02,U. S. SENATE,,JoANN S. SECRIST,NP,0,0,0,0
Box Elder,Fielding 02,U. S. SENATE,,Write-in 60,NP,0,0,0,0
Box Elder,Fielding 02,U. S. HOUSE OF REPRESENTATIVE,,Registered Voters,NP,294,,,
Box Elder,Fielding 02,U. S. HOUSE OF REPRESENTATIVE,,SHERRY PHIPPS,CON,10,0,2,12
Box Elder,Fielding 02,U. S. HOUSE OF REPRESENTATIVE,,DONNA M. McALEER,DEM,18,1,2,21
Box Elder,Fielding 02,U. S. HOUSE OF REPRESENTATIVE,,ROB BISHOP,REP,142,8,28,178
Box Elder,Fielding 02,U. S. HOUSE OF REPRESENTATIVE,,Write-in 40,NP,0,0,0,0
Box Elder,Fielding 02,GOVERNOR,,Registered Voters,NP,294,,,
Box Elder,Fielding 02,GOVERNOR,,PETER S COOKE,DEM,11,2,2,15
Box Elder,Fielding 02,GOVERNOR,,KEN LARSEN,LIB,3,0,0,3
Box Elder,Fielding 02,GOVERNOR,,KIRK D PEARSON,CON,7,0,1,8
Box Elder,Fielding 02,GOVERNOR,,GARY R. HERBERT,REP,150,7,29,186
Box Elder,Fielding 02,GOVERNOR,,DAVID J CANNON,NP,0,0,0,0
Box Elder,Fielding 02,GOVERNOR,,DENNIS C. OWEN,NP,0,0,0,0
Box Elder,Fielding 02,GOVERNOR,,Write-in 50,NP,0,0,0,0
Box Elder,Fielding 02,ATTY GENERAL,,Registered Voters,NP,294,,,
Box Elder,Fielding 02,ATTY GENERAL,,DEE W. SMITH,DEM,22,2,5,29
Box Elder,Fielding 02,ATTY GENERAL,,JOHN SWALLOW,REP,138,7,27,172
Box Elder,Fielding 02,ATTY GENERAL,,W. ANDREW McCULLOUGH,LIB,9,0,0,9
Box Elder,Fielding 02,ATTY GENERAL,,Write-in 40,NP,0,0,0,0
Box Elder,Fielding 02,STATE AUDITOR,,Registered Voters,NP,294,,,
Box Elder,Fielding 02,STATE AUDITOR,,MARK SAGE,DEM,21,2,4,27
Box Elder,Fielding 02,STATE AUDITOR,,JOHN DOUGALL,REP,134,7,23,164
Box Elder,Fielding 02,STATE AUDITOR,,RICHARD PROCTOR,CON,10,0,5,15
Box Elder,Fielding 02,STATE AUDITOR,,Write-in 40,NP,0,0,0,0
Box Elder,Fielding 02,STATE TREASURER,,Registered Voters,NP,294,,,
Box Elder,Fielding 02,STATE TREASURER,,CHRISTOPHER STOUT,DEM,14,1,3,18
Box Elder,Fielding 02,STATE TREASURER,,VINCENT C. MARCUS,LIB,6,0,4,10
Box Elder,Fielding 02,STATE TREASURER,,RICHARD K. ELLIS,REP,142,8,25,175
Box Elder,Fielding 02,STATE TREASURER,,WARREN ROGERS,NP,0,0,0,0
Box Elder,Fielding 02,STATE TREASURER,,Write-in 40,NP,0,0,0,0
Box Elder,Fielding 02,UTAH STATE HOUSE OF REPRESENTATIVES1,,Registered Voters,NP,294,,,
Box Elder,Fielding 02,UTAH STATE HOUSE OF REPRESENTATIVES1,,DeLOY W MECHAM,DEM,17,1,5,23
Box Elder,Fielding 02,UTAH STATE HOUSE OF REPRESENTATIVES1,,RONDA RUDD MENLOVE,REP,148,7,24,179
Box Elder,Fielding 02,UTAH STATE HOUSE OF REPRESENTATIVES1,,BECKY MADDOX,CON,7,1,3,11
Box Elder,Fielding 02,UTAH STATE HOUSE OF REPRESENTATIVES1,,Write-in 40,NP,0,0,0,0
Box Elder,Fielding 02,UTAH STATE SCHOOL BOARD OF EDUCATION,,Registered Voters,NP,294,,,
Box Elder,Fielding 02,UTAH STATE SCHOOL BOARD OF EDUCATION,,D. ALAN SHAKESPEAR,NP,80,4,18,102
Box Elder,Fielding 02,UTAH STATE SCHOOL BOARD OF EDUCATION,,TAMI W. PYFER,NP,63,2,9,74
Box Elder,Fielding 02,UTAH STATE SCHOOL BOARD OF EDUCATION,,Write-in 30,NP,0,0,0,0
Box Elder,Fielding 02,BOX ELDER COUNTY COMMISSION SEAT C,,Registered Voters,NP,294,,,
Box Elder,Fielding 02,BOX ELDER COUNTY COMMISSION SEAT C,,STAN SUMMERS,REP,163,9,29,201
Box Elder,Fielding 02,BOX ELDER COUNTY COMMISSION SEAT C,,Write-in 20,NP,3,0,1,4
Box Elder,Fielding 02,Judge KEVIN K. ALLEN,,Registered Voters,NP,294,,,
Box Elder,Fielding 02,Judge KEVIN K. ALLEN,,YES,NP,133,4,23,160
Box Elder,Fielding 02,Judge KEVIN K. ALLEN,,NO,NP,18,3,4,25
Box Elder,Fielding 02,Judge JEFFREY R. BURBANK,,Registered Voters,NP,294,,,
Box Elder,Fielding 02,Judge JEFFREY R. BURBANK,,YES,NP,132,4,25,161
Box Elder,Fielding 02,Judge JEFFREY R. BURBANK,,NO,NP,19,3,3,25
Box Elder,Fielding 02,BOX ELDER COUNTY SCHOOL BOARD DIST 1,,Registered Voters,NP,294,,,
Box Elder,Fielding 02,BOX ELDER COUNTY SCHOOL BOARD DIST 1,,LYNN A. CAPENER,NP,150,7,28,185
Box Elder,Fielding 02,BOX ELDER COUNTY SCHOOL BOARD DIST 1,,Write-in 20,NP,3,0,1,4
Box Elder,Fielding 02,Constitutional Amendment A,,Registered Voters,NP,294,,,
Box Elder,Fielding 02,Constitutional Amendment A,,FOR,NP,77,6,16,99
Box Elder,Fielding 02,Constitutional Amendment A,,AGAINST,NP,78,2,11,91
Box Elder,Fielding 02,Constitutional Amendment B,,Registered Voters,NP,294,,,
Box Elder,Fielding 02,Constitutional Amendment B,,FOR,NP,96,4,15,115
Box Elder,Fielding 02,Constitutional Amendment B,,AGAINST,NP,65,4,14,83
Box Elder,Garland 01,STRAIGHT PARTY,,Registered Voters,NP,715,,,
Box Elder,Garland 01,STRAIGHT PARTY,,CONSTITUTION,CON,1,0,0,1
Box Elder,Garland 01,STRAIGHT PARTY,,LIBERTARIAN,LIB,1,0,0,1
Box Elder,Garland 01,STRAIGHT PARTY,,DEMOCRATIC,DEM,14,1,0,15
Box Elder,Garland 01,STRAIGHT PARTY,,REPUBLICAN,REP,118,24,4,146
Box Elder,Garland 01,STRAIGHT PARTY,,JUSTICE,JUS,0,0,0,0
Box Elder,Garland 01,STRAIGHT PARTY,,GREEN,GRN,0,0,0,0
Box Elder,Garland 01,U.S. PRESIDENT,,Registered Voters,NP,715,,,
Box Elder,Garland 01,U.S. PRESIDENT,,JILL STEIN,GRN,0,0,0,0
Box Elder,Garland 01,U.S. PRESIDENT,,GLORIA LA RIVA,PSL,0,0,0,0
Box Elder,Garland 01,U.S. PRESIDENT,,MITT ROMNEY,REP,350,56,19,425
Box Elder,Garland 01,U.S. PRESIDENT,,BARACK OBAMA,DEM,40,3,1,44
Box Elder,Garland 01,U.S. PRESIDENT,,GARY JOHNSON,LIB,5,0,0,5
Box Elder,Garland 01,U.S. PRESIDENT,,VIRGIL GOODE,CON,1,0,0,1
Box Elder,Garland 01,U.S. PRESIDENT,,"ROSS C. \ROCKY\"" ANDE""",JUS,1,0,0,1
Box Elder,Garland 01,U.S. PRESIDENT,,ROSEANNE BARR,NP,0,0,0,0
Box Elder,Garland 01,U.S. PRESIDENT,,STEPHEN DURHAM,NP,0,0,0,0
Box Elder,Garland 01,U.S. PRESIDENT,,JILL REED,NP,0,0,0,0
Box Elder,Garland 01,U.S. PRESIDENT,,ANDRE BARNETT,NP,0,0,0,0
Box Elder,Garland 01,U.S. PRESIDENT,,WILL CHRISTENSEN,NP,0,0,0,0
Box Elder,Garland 01,U.S. PRESIDENT,,JUSTIN MEYERS,NP,0,0,0,0
Box Elder,Garland 01,U.S. PRESIDENT,,SHEILA SAM TITTLE,NP,0,0,0,0
Box Elder,Garland 01,U.S. PRESIDENT,,ERIN KENT MAGEE,NP,0,0,0,0
Box Elder,Garland 01,U.S. PRESIDENT,,DEAN MORSTAD,NP,0,0,0,0
Box Elder,Garland 01,U.S. PRESIDENT,,NELSON MORSTAD,NP,0,0,0,0
Box Elder,Garland 01,U.S. PRESIDENT,,DARRELL HYKES,NP,0,0,0,0
Box Elder,Garland 01,U.S. PRESIDENT,,Write-in 80,NP,4,1,0,5
Box Elder,Garland 01,U. S. SENATE,,Registered Voters,NP,715,,,
Box Elder,Garland 01,U. S. SENATE,,SHAUN LYNN McCAUSLAN,CON,17,1,0,18
Box Elder,Garland 01,U. S. SENATE,,SCOTT HOWELL,DEM,75,5,2,82
Box Elder,Garland 01,U. S. SENATE,,ORRIN G. HATCH,REP,297,53,18,368
Box Elder,Garland 01,U. S. SENATE,,DANIEL GEERY,JUS,1,0,0,1
Box Elder,Garland 01,U. S. SENATE,,BILL BARRON,UNA,2,0,0,2
Box Elder,Garland 01,U. S. SENATE,,JoANN S. SECRIST,NP,0,0,0,0
Box Elder,Garland 01,U. S. SENATE,,Write-in 60,NP,3,0,0,3
Box Elder,Garland 01,U. S. HOUSE OF REPRESENTATIVE,,Registered Voters,NP,715,,,
Box Elder,Garland 01,U. S. HOUSE OF REPRESENTATIVE,,SHERRY PHIPPS,CON,21,0,0,21
Box Elder,Garland 01,U. S. HOUSE OF REPRESENTATIVE,,DONNA M. McALEER,DEM,63,5,2,70
Box Elder,Garland 01,U. S. HOUSE OF REPRESENTATIVE,,ROB BISHOP,REP,303,53,18,374
Box Elder,Garland 01,U. S. HOUSE OF REPRESENTATIVE,,Write-in 40,NP,1,0,0,1
Box Elder,Garland 01,GOVERNOR,,Registered Voters,NP,715,,,
Box Elder,Garland 01,GOVERNOR,,PETER S COOKE,DEM,50,5,2,57
Box Elder,Garland 01,GOVERNOR,,KEN LARSEN,LIB,6,0,0,6
Box Elder,Garland 01,GOVERNOR,,KIRK D PEARSON,CON,11,0,0,11
Box Elder,Garland 01,GOVERNOR,,GARY R. HERBERT,REP,329,55,18,402
Box Elder,Garland 01,GOVERNOR,,DAVID J CANNON,NP,0,0,0,0
Box Elder,Garland 01,GOVERNOR,,DENNIS C. OWEN,NP,0,0,0,0
Box Elder,Garland 01,GOVERNOR,,Write-in 50,NP,0,0,0,0
Box Elder,Garland 01,ATTY GENERAL,,Registered Voters,NP,715,,,
Box Elder,Garland 01,ATTY GENERAL,,DEE W. SMITH,DEM,69,6,3,78
Box Elder,Garland 01,ATTY GENERAL,,JOHN SWALLOW,REP,289,48,16,353
Box Elder,Garland 01,ATTY GENERAL,,W. ANDREW McCULLOUGH,LIB,30,1,0,31
Box Elder,Garland 01,ATTY GENERAL,,Write-in 40,NP,0,0,0,0
Box Elder,Garland 01,STATE AUDITOR,,Registered Voters,NP,715,,,
Box Elder,Garland 01,STATE AUDITOR,,MARK SAGE,DEM,64,4,2,70
Box Elder,Garland 01,STATE AUDITOR,,JOHN DOUGALL,REP,291,49,12,352
Box Elder,Garland 01,STATE AUDITOR,,RICHARD PROCTOR,CON,24,1,5,30
Box Elder,Garland 01,STATE AUDITOR,,Write-in 40,NP,0,0,0,0
Box Elder,Garland 01,STATE TREASURER,,Registered Voters,NP,715,,,
Box Elder,Garland 01,STATE TREASURER,,CHRISTOPHER STOUT,DEM,50,5,4,59
Box Elder,Garland 01,STATE TREASURER,,VINCENT C. MARCUS,LIB,24,1,2,27
Box Elder,Garland 01,STATE TREASURER,,RICHARD K. ELLIS,REP,305,48,13,366
Box Elder,Garland 01,STATE TREASURER,,WARREN ROGERS,NP,0,0,0,0
Box Elder,Garland 01,STATE TREASURER,,Write-in 40,NP,0,0,0,0
Box Elder,Garland 01,UTAH STATE HOUSE OF REPRESENTATIVES1,,Registered Voters,NP,715,,,
Box Elder,Garland 01,UTAH STATE HOUSE OF REPRESENTATIVES1,,DeLOY W MECHAM,DEM,49,7,3,59
Box Elder,Garland 01,UTAH STATE HOUSE OF REPRESENTATIVES1,,RONDA RUDD MENLOVE,REP,308,50,13,371
Box Elder,Garland 01,UTAH STATE HOUSE OF REPRESENTATIVES1,,BECKY MADDOX,CON,31,1,3,35
Box Elder,Garland 01,UTAH STATE HOUSE OF REPRESENTATIVES1,,Write-in 40,NP,0,0,0,0
Box Elder,Garland 01,UTAH STATE SCHOOL BOARD OF EDUCATION,,Registered Voters,NP,715,,,
Box Elder,Garland 01,UTAH STATE SCHOOL BOARD OF EDUCATION,,D. ALAN SHAKESPEAR,NP,208,30,13,251
Box Elder,Garland 01,UTAH STATE SCHOOL BOARD OF EDUCATION,,TAMI W. PYFER,NP,132,11,4,147
Box Elder,Garland 01,UTAH STATE SCHOOL BOARD OF EDUCATION,,Write-in 30,NP,1,1,0,2
Box Elder,Garland 01,BOX ELDER COUNTY COMMISSION SEAT C,,Registered Voters,NP,715,,,
Box Elder,Garland 01,BOX ELDER COUNTY COMMISSION SEAT C,,STAN SUMMERS,REP,378,51,19,448
Box Elder,Garland 01,BOX ELDER COUNTY COMMISSION SEAT C,,Write-in 20,NP,4,0,0,4
Box Elder,Garland 01,Judge KEVIN K. ALLEN,,Registered Voters,NP,715,,,
Box Elder,Garland 01,Judge KEVIN K. ALLEN,,YES,NP,295,33,14,342
Box Elder,Garland 01,Judge KEVIN K. ALLEN,,NO,NP,63,8,4,75
Box Elder,Garland 01,Judge JEFFREY R. BURBANK,,Registered Voters,NP,715,,,
Box Elder,Garland 01,Judge JEFFREY R. BURBANK,,YES,NP,293,35,14,342
Box Elder,Garland 01,Judge JEFFREY R. BURBANK,,NO,NP,62,8,4,74
Box Elder,Garland 01,Constitutional Amendment A,,Registered Voters,NP,715,,,
Box Elder,Garland 01,Constitutional Amendment A,,FOR,NP,191,26,9,226
Box Elder,Garland 01,Constitutional Amendment A,,AGAINST,NP,175,22,10,207
Box Elder,Garland 01,Constitutional Amendment B,,Registered Voters,NP,715,,,
Box Elder,Garland 01,Constitutional Amendment B,,FOR,NP,256,40,7,303
Box Elder,Garland 01,Constitutional Amendment B,,AGAINST,NP,116,11,13,140
Box Elder,Garland 02,STRAIGHT PARTY,,Registered Voters,NP,626,,,
Box Elder,Garland 02,STRAIGHT PARTY,,CONSTITUTION,CON,1,0,0,1
Box Elder,Garland 02,STRAIGHT PARTY,,LIBERTARIAN,LIB,1,0,0,1
Box Elder,Garland 02,STRAIGHT PARTY,,DEMOCRATIC,DEM,5,0,0,5
Box Elder,Garland 02,STRAIGHT PARTY,,REPUBLICAN,REP,88,11,7,106
Box Elder,Garland 02,STRAIGHT PARTY,,JUSTICE,JUS,0,0,0,0
Box Elder,Garland 02,STRAIGHT PARTY,,GREEN,GRN,1,0,0,1
Box Elder,Garland 02,U.S. PRESIDENT,,Registered Voters,NP,626,,,
Box Elder,Garland 02,U.S. PRESIDENT,,JILL STEIN,GRN,0,1,0,1
Box Elder,Garland 02,U.S. PRESIDENT,,GLORIA LA RIVA,PSL,1,0,0,1
Box Elder,Garland 02,U.S. PRESIDENT,,MITT ROMNEY,REP,345,32,30,407
Box Elder,Garland 02,U.S. PRESIDENT,,BARACK OBAMA,DEM,29,5,1,35
Box Elder,Garland 02,U.S. PRESIDENT,,GARY JOHNSON,LIB,0,0,0,0
Box Elder,Garland 02,U.S. PRESIDENT,,VIRGIL GOODE,CON,0,0,0,0
Box Elder,Garland 02,U.S. PRESIDENT,,"ROSS C. \ROCKY\"" ANDE""",JUS,0,0,0,0
Box Elder,Garland 02,U.S. PRESIDENT,,ROSEANNE BARR,NP,0,0,0,0
Box Elder,Garland 02,U.S. PRESIDENT,,STEPHEN DURHAM,NP,0,0,0,0
Box Elder,Garland 02,U.S. PRESIDENT,,JILL REED,NP,0,0,0,0
Box Elder,Garland 02,U.S. PRESIDENT,,ANDRE BARNETT,NP,0,0,0,0
Box Elder,Garland 02,U.S. PRESIDENT,,WILL CHRISTENSEN,NP,0,0,0,0
Box Elder,Garland 02,U.S. PRESIDENT,,JUSTIN MEYERS,NP,0,0,0,0
Box Elder,Garland 02,U.S. PRESIDENT,,SHEILA SAM TITTLE,NP,0,0,0,0
Box Elder,Garland 02,U.S. PRESIDENT,,ERIN KENT MAGEE,NP,0,0,0,0
Box Elder,Garland 02,U.S. PRESIDENT,,DEAN MORSTAD,NP,0,0,0,0
Box Elder,Garland 02,U.S. PRESIDENT,,NELSON MORSTAD,NP,0,0,0,0
Box Elder,Garland 02,U.S. PRESIDENT,,DARRELL HYKES,NP,0,0,0,0
Box Elder,Garland 02,U.S. PRESIDENT,,Write-in 80,NP,3,0,0,3
Box Elder,Garland 02,U. S. SENATE,,Registered Voters,NP,626,,,
Box Elder,Garland 02,U. S. SENATE,,SHAUN LYNN McCAUSLAN,CON,13,1,1,15
Box Elder,Garland 02,U. S. SENATE,,SCOTT HOWELL,DEM,81,10,4,95
Box Elder,Garland 02,U. S. SENATE,,ORRIN G. HATCH,REP,272,28,26,326
Box Elder,Garland 02,U. S. SENATE,,DANIEL GEERY,JUS,3,0,0,3
Box Elder,Garland 02,U. S. SENATE,,BILL BARRON,UNA,1,0,0,1
Box Elder,Garland 02,U. S. SENATE,,JoANN S. SECRIST,NP,0,0,0,0
Box Elder,Garland 02,U. S. SENATE,,Write-in 60,NP,0,0,0,0
Box Elder,Garland 02,U. S. HOUSE OF REPRESENTATIVE,,Registered Voters,NP,626,,,
Box Elder,Garland 02,U. S. HOUSE OF REPRESENTATIVE,,SHERRY PHIPPS,CON,17,2,0,19
Box Elder,Garland 02,U. S. HOUSE OF REPRESENTATIVE,,DONNA M. McALEER,DEM,53,8,2,63
Box Elder,Garland 02,U. S. HOUSE OF REPRESENTATIVE,,ROB BISHOP,REP,296,29,29,354
Box Elder,Garland 02,U. S. HOUSE OF REPRESENTATIVE,,Write-in 40,NP,0,0,0,0
Box Elder,Garland 02,GOVERNOR,,Registered Voters,NP,626,,,
Box Elder,Garland 02,GOVERNOR,,PETER S COOKE,DEM,49,8,1,58
Box Elder,Garland 02,GOVERNOR,,KEN LARSEN,LIB,6,0,0,6
Box Elder,Garland 02,GOVERNOR,,KIRK D PEARSON,CON,9,0,0,9
Box Elder,Garland 02,GOVERNOR,,GARY R. HERBERT,REP,308,31,30,369
Box Elder,Garland 02,GOVERNOR,,DAVID J CANNON,NP,0,0,0,0
Box Elder,Garland 02,GOVERNOR,,DENNIS C. OWEN,NP,0,0,0,0
Box Elder,Garland 02,GOVERNOR,,Write-in 50,NP,0,0,0,0
Box Elder,Garland 02,ATTY GENERAL,,Registered Voters,NP,626,,,
Box Elder,Garland 02,ATTY GENERAL,,DEE W. SMITH,DEM,69,9,6,84
Box Elder,Garland 02,ATTY GENERAL,,JOHN SWALLOW,REP,280,28,25,333
Box Elder,Garland 02,ATTY GENERAL,,W. ANDREW McCULLOUGH,LIB,15,2,0,17
Box Elder,Garland 02,ATTY GENERAL,,Write-in 40,NP,0,0,0,0
Box Elder,Garland 02,STATE AUDITOR,,Registered Voters,NP,626,,,
Box Elder,Garland 02,STATE AUDITOR,,MARK SAGE,DEM,48,5,6,59
Box Elder,Garland 02,STATE AUDITOR,,JOHN DOUGALL,REP,282,34,23,339
Box Elder,Garland 02,STATE AUDITOR,,RICHARD PROCTOR,CON,26,0,1,27
Box Elder,Garland 02,STATE AUDITOR,,Write-in 40,NP,0,0,0,0
Box Elder,Garland 02,STATE TREASURER,,Registered Voters,NP,626,,,
Box Elder,Garland 02,STATE TREASURER,,CHRISTOPHER STOUT,DEM,61,5,6,72
Box Elder,Garland 02,STATE TREASURER,,VINCENT C. MARCUS,LIB,12,1,0,13
Box Elder,Garland 02,STATE TREASURER,,RICHARD K. ELLIS,REP,283,32,24,339
Box Elder,Garland 02,STATE TREASURER,,WARREN ROGERS,NP,0,0,0,0
Box Elder,Garland 02,STATE TREASURER,,Write-in 40,NP,0,0,0,0
Box Elder,Garland 02,UTAH STATE HOUSE OF REPRESENTATIVES1,,Registered Voters,NP,626,,,
Box Elder,Garland 02,UTAH STATE HOUSE OF REPRESENTATIVES1,,DeLOY W MECHAM,DEM,44,4,2,50
Box Elder,Garland 02,UTAH STATE HOUSE OF REPRESENTATIVES1,,RONDA RUDD MENLOVE,REP,303,34,27,364
Box Elder,Garland 02,UTAH STATE HOUSE OF REPRESENTATIVES1,,BECKY MADDOX,CON,24,1,2,27
Box Elder,Garland 02,UTAH STATE HOUSE OF REPRESENTATIVES1,,Write-in 40,NP,0,0,0,0
Box Elder,Garland 02,UTAH STATE SCHOOL BOARD OF EDUCATION,,Registered Voters,NP,626,,,
Box Elder,Garland 02,UTAH STATE SCHOOL BOARD OF EDUCATION,,D. ALAN SHAKESPEAR,NP,214,27,10,251
Box Elder,Garland 02,UTAH STATE SCHOOL BOARD OF EDUCATION,,TAMI W. PYFER,NP,116,8,16,140
Box Elder,Garland 02,UTAH STATE SCHOOL BOARD OF EDUCATION,,Write-in 30,NP,0,0,0,0
Box Elder,Garland 02,BOX ELDER COUNTY COMMISSION SEAT C,,Registered Voters,NP,626,,,
Box Elder,Garland 02,BOX ELDER COUNTY COMMISSION SEAT C,,STAN SUMMERS,REP,360,37,30,427
Box Elder,Garland 02,BOX ELDER COUNTY COMMISSION SEAT C,,Write-in 20,NP,2,0,0,2
Box Elder,Garland 02,Judge KEVIN K. ALLEN,,Registered Voters,NP,626,,,
Box Elder,Garland 02,Judge KEVIN K. ALLEN,,YES,NP,294,30,21,345
Box Elder,Garland 02,Judge KEVIN K. ALLEN,,NO,NP,49,5,1,55
Box Elder,Garland 02,Judge JEFFREY R. BURBANK,,Registered Voters,NP,626,,,
Box Elder,Garland 02,Judge JEFFREY R. BURBANK,,YES,NP,300,31,17,348
Box Elder,Garland 02,Judge JEFFREY R. BURBANK,,NO,NP,42,5,5,52
Box Elder,Garland 02,BOX ELDER COUNTY SCHOOL BOARD DIST 1,,Registered Voters,NP,626,,,
Box Elder,Garland 02,BOX ELDER COUNTY SCHOOL BOARD DIST 1,,LYNN A. CAPENER,NP,338,35,22,395
Box Elder,Garland 02,BOX ELDER COUNTY SCHOOL BOARD DIST 1,,Write-in 20,NP,0,1,0,1
Box Elder,Garland 02,Constitutional Amendment A,,Registered Voters,NP,626,,,
Box Elder,Garland 02,Constitutional Amendment A,,FOR,NP,158,18,11,187
Box Elder,Garland 02,Constitutional Amendment A,,AGAINST,NP,189,17,15,221
Box Elder,Garland 02,Constitutional Amendment B,,Registered Voters,NP,626,,,
Box Elder,Garland 02,Constitutional Amendment B,,FOR,NP,252,29,20,301
Box Elder,Garland 02,Constitutional Amendment B,,AGAINST,NP,117,9,7,133
Box Elder,Garland East,STRAIGHT PARTY,,Registered Voters,NP,312,,,
Box Elder,Garland East,STRAIGHT PARTY,,CONSTITUTION,CON,0,0,,0
Box Elder,Garland East,STRAIGHT PARTY,,LIBERTARIAN,LIB,0,0,,0
Box Elder,Garland East,STRAIGHT PARTY,,DEMOCRATIC,DEM,4,0,,4
Box Elder,Garland East,STRAIGHT PARTY,,REPUBLICAN,REP,50,0,,50
Box Elder,Garland East,STRAIGHT PARTY,,JUSTICE,JUS,0,0,,0
Box Elder,Garland East,STRAIGHT PARTY,,GREEN,GRN,0,0,,0
Box Elder,Garland East,U.S. PRESIDENT,,Registered Voters,NP,312,,,
Box Elder,Garland East,U.S. PRESIDENT,,JILL STEIN,GRN,0,0,,0
Box Elder,Garland East,U.S. PRESIDENT,,GLORIA LA RIVA,PSL,0,0,,0
Box Elder,Garland East,U.S. PRESIDENT,,MITT ROMNEY,REP,243,4,,247
Box Elder,Garland East,U.S. PRESIDENT,,BARACK OBAMA,DEM,7,0,,7
Box Elder,Garland East,U.S. PRESIDENT,,GARY JOHNSON,LIB,1,0,,1
Box Elder,Garland East,U.S. PRESIDENT,,VIRGIL GOODE,CON,1,0,,1
Box Elder,Garland East,U.S. PRESIDENT,,"ROSS C. \ROCKY\"" ANDE""",JUS,0,0,,0
Box Elder,Garland East,U.S. PRESIDENT,,ROSEANNE BARR,NP,0,0,,0
Box Elder,Garland East,U.S. PRESIDENT,,STEPHEN DURHAM,NP,0,0,,0
Box Elder,Garland East,U.S. PRESIDENT,,JILL REED,NP,0,0,,0
Box Elder,Garland East,U.S. PRESIDENT,,ANDRE BARNETT,NP,0,0,,0
Box Elder,Garland East,U.S. PRESIDENT,,WILL CHRISTENSEN,NP,0,0,,0
Box Elder,Garland East,U.S. PRESIDENT,,JUSTIN MEYERS,NP,0,0,,0
Box Elder,Garland East,U.S. PRESIDENT,,SHEILA SAM TITTLE,NP,0,0,,0
Box Elder,Garland East,U.S. PRESIDENT,,ERIN KENT MAGEE,NP,0,0,,0
Box Elder,Garland East,U.S. PRESIDENT,,DEAN MORSTAD,NP,0,0,,0
Box Elder,Garland East,U.S. PRESIDENT,,NELSON MORSTAD,NP,0,0,,0
Box Elder,Garland East,U.S. PRESIDENT,,DARRELL HYKES,NP,0,0,,0
Box Elder,Garland East,U.S. PRESIDENT,,Write-in 80,NP,0,0,,0
Box Elder,Garland East,U. S. SENATE,,Registered Voters,NP,312,,,
Box Elder,Garland East,U. S. SENATE,,SHAUN LYNN McCAUSLAN,CON,5,0,,5
Box Elder,Garland East,U. S. SENATE,,SCOTT HOWELL,DEM,32,0,,32
Box Elder,Garland East,U. S. SENATE,,ORRIN G. HATCH,REP,208,4,,212
Box Elder,Garland East,U. S. SENATE,,DANIEL GEERY,JUS,2,0,,2
Box Elder,Garland East,U. S. SENATE,,BILL BARRON,UNA,2,0,,2
Box Elder,Garland East,U. S. SENATE,,JoANN S. SECRIST,NP,0,0,,0
Box Elder,Garland East,U. S. SENATE,,Write-in 60,NP,1,0,,1
Box Elder,Garland East,U. S. HOUSE OF REPRESENTATIVE,,Registered Voters,NP,312,,,
Box Elder,Garland East,U. S. HOUSE OF REPRESENTATIVE,,SHERRY PHIPPS,CON,7,0,,7
Box Elder,Garland East,U. S. HOUSE OF REPRESENTATIVE,,DONNA M. McALEER,DEM,20,0,,20
Box Elder,Garland East,U. S. HOUSE OF REPRESENTATIVE,,ROB BISHOP,REP,214,4,,218
Box Elder,Garland East,U. S. HOUSE OF REPRESENTATIVE,,Write-in 40,NP,2,0,,2
Box Elder,Garland East,GOVERNOR,,Registered Voters,NP,312,,,
Box Elder,Garland East,GOVERNOR,,PETER S COOKE,DEM,17,0,,17
Box Elder,Garland East,GOVERNOR,,KEN LARSEN,LIB,2,0,,2
Box Elder,Garland East,GOVERNOR,,KIRK D PEARSON,CON,1,0,,1
Box Elder,Garland East,GOVERNOR,,GARY R. HERBERT,REP,229,4,,233
Box Elder,Garland East,GOVERNOR,,DAVID J CANNON,NP,0,0,,0
Box Elder,Garland East,GOVERNOR,,DENNIS C. OWEN,NP,0,0,,0
Box Elder,Garland East,GOVERNOR,,Write-in 50,NP,0,0,,0
Box Elder,Garland East,ATTY GENERAL,,Registered Voters,NP,312,,,
Box Elder,Garland East,ATTY GENERAL,,DEE W. SMITH,DEM,38,0,,38
Box Elder,Garland East,ATTY GENERAL,,JOHN SWALLOW,REP,203,4,,207
Box Elder,Garland East,ATTY GENERAL,,W. ANDREW McCULLOUGH,LIB,6,0,,6
Box Elder,Garland East,ATTY GENERAL,,Write-in 40,NP,0,0,,0
Box Elder,Garland East,STATE AUDITOR,,Registered Voters,NP,312,,,
Box Elder,Garland East,STATE AUDITOR,,MARK SAGE,DEM,37,0,,37
Box Elder,Garland East,STATE AUDITOR,,JOHN DOUGALL,REP,196,4,,200
Box Elder,Garland East,STATE AUDITOR,,RICHARD PROCTOR,CON,10,0,,10
Box Elder,Garland East,STATE AUDITOR,,Write-in 40,NP,0,0,,0
Box Elder,Garland East,STATE TREASURER,,Registered Voters,NP,312,,,
Box Elder,Garland East,STATE TREASURER,,CHRISTOPHER STOUT,DEM,27,0,,27
Box Elder,Garland East,STATE TREASURER,,VINCENT C. MARCUS,LIB,5,1,,6
Box Elder,Garland East,STATE TREASURER,,RICHARD K. ELLIS,REP,212,3,,215
Box Elder,Garland East,STATE TREASURER,,WARREN ROGERS,NP,0,0,,0
Box Elder,Garland East,STATE TREASURER,,Write-in 40,NP,0,0,,0
Box Elder,Garland East,UTAH STATE HOUSE OF REPRESENTATIVES1,,Registered Voters,NP,312,,,
Box Elder,Garland East,UTAH STATE HOUSE OF REPRESENTATIVES1,,DeLOY W MECHAM,DEM,31,0,,31
Box Elder,Garland East,UTAH STATE HOUSE OF REPRESENTATIVES1,,RONDA RUDD MENLOVE,REP,202,4,,206
Box Elder,Garland East,UTAH STATE HOUSE OF REPRESENTATIVES1,,BECKY MADDOX,CON,13,0,,13
Box Elder,Garland East,UTAH STATE HOUSE OF REPRESENTATIVES1,,Write-in 40,NP,0,0,,0
Box Elder,Garland East,UTAH STATE SCHOOL BOARD OF EDUCATION,,Registered Voters,NP,312,,,
Box Elder,Garland East,UTAH STATE SCHOOL BOARD OF EDUCATION,,D. ALAN SHAKESPEAR,NP,144,1,,145
Box Elder,Garland East,UTAH STATE SCHOOL BOARD OF EDUCATION,,TAMI W. PYFER,NP,72,3,,75
Box Elder,Garland East,UTAH STATE SCHOOL BOARD OF EDUCATION,,Write-in 30,NP,1,0,,1
Box Elder,Garland East,BOX ELDER COUNTY COMMISSION SEAT C,,Registered Voters,NP,312,,,
Box Elder,Garland East,BOX ELDER COUNTY COMMISSION SEAT C,,STAN SUMMERS,REP,209,4,,213
Box Elder,Garland East,BOX ELDER COUNTY COMMISSION SEAT C,,Write-in 20,NP,30,0,,30
Box Elder,Garland East,Judge KEVIN K. ALLEN,,Registered Voters,NP,312,,,
Box Elder,Garland East,Judge KEVIN K. ALLEN,,YES,NP,192,2,,194
Box Elder,Garland East,Judge KEVIN K. ALLEN,,NO,NP,40,0,,40
Box Elder,Garland East,Judge JEFFREY R. BURBANK,,Registered Voters,NP,312,,,
Box Elder,Garland East,Judge JEFFREY R. BURBANK,,YES,NP,203,3,,206
Box Elder,Garland East,Judge JEFFREY R. BURBANK,,NO,NP,30,0,,30
Box Elder,Garland East,BOX ELDER COUNTY SCHOOL BOARD DIST 1,,Registered Voters,NP,312,,,
Box Elder,Garland East,BOX ELDER COUNTY SCHOOL BOARD DIST 1,,LYNN A. CAPENER,NP,222,4,,226
Box Elder,Garland East,BOX ELDER COUNTY SCHOOL BOARD DIST 1,,Write-in 20,NP,10,0,,10
Box Elder,Garland East,Constitutional Amendment A,,Registered Voters,NP,312,,,
Box Elder,Garland East,Constitutional Amendment A,,FOR,NP,95,2,,97
Box Elder,Garland East,Constitutional Amendment A,,AGAINST,NP,128,1,,129
Box Elder,Garland East,Constitutional Amendment B,,Registered Voters,NP,312,,,
Box Elder,Garland East,Constitutional Amendment B,,FOR,NP,134,4,,138
Box Elder,Garland East,Constitutional Amendment B,,AGAINST,NP,103,0,,103
Box Elder,Grouse Creek,STRAIGHT PARTY,,Registered Voters,NP,40,,,
Box Elder,Grouse Creek,STRAIGHT PARTY,,CONSTITUTION,CON,0,0,,0
Box Elder,Grouse Creek,STRAIGHT PARTY,,LIBERTARIAN,LIB,0,0,,0
Box Elder,Grouse Creek,STRAIGHT PARTY,,DEMOCRATIC,DEM,1,0,,1
Box Elder,Grouse Creek,STRAIGHT PARTY,,REPUBLICAN,REP,9,0,,9
Box Elder,Grouse Creek,STRAIGHT PARTY,,JUSTICE,JUS,0,0,,0
Box Elder,Grouse Creek,STRAIGHT PARTY,,GREEN,GRN,0,0,,0
Box Elder,Grouse Creek,U.S. PRESIDENT,,Registered Voters,NP,40,,,
Box Elder,Grouse Creek,U.S. PRESIDENT,,JILL STEIN,GRN,0,0,,0
Box Elder,Grouse Creek,U.S. PRESIDENT,,GLORIA LA RIVA,PSL,0,0,,0
Box Elder,Grouse Creek,U.S. PRESIDENT,,MITT ROMNEY,REP,29,0,,29
Box Elder,Grouse Creek,U.S. PRESIDENT,,BARACK OBAMA,DEM,2,0,,2
Box Elder,Grouse Creek,U.S. PRESIDENT,,GARY JOHNSON,LIB,0,0,,0
Box Elder,Grouse Creek,U.S. PRESIDENT,,VIRGIL GOODE,CON,0,0,,0
Box Elder,Grouse Creek,U.S. PRESIDENT,,"ROSS C. \ROCKY\"" ANDE""",JUS,0,0,,0
Box Elder,Grouse Creek,U.S. PRESIDENT,,ROSEANNE BARR,NP,0,0,,0
Box Elder,Grouse Creek,U.S. PRESIDENT,,STEPHEN DURHAM,NP,0,0,,0
Box Elder,Grouse Creek,U.S. PRESIDENT,,JILL REED,NP,0,0,,0
Box Elder,Grouse Creek,U.S. PRESIDENT,,ANDRE BARNETT,NP,0,0,,0
Box Elder,Grouse Creek,U.S. PRESIDENT,,WILL CHRISTENSEN,NP,0,0,,0
Box Elder,Grouse Creek,U.S. PRESIDENT,,JUSTIN MEYERS,NP,0,0,,0
Box Elder,Grouse Creek,U.S. PRESIDENT,,SHEILA SAM TITTLE,NP,0,0,,0
Box Elder,Grouse Creek,U.S. PRESIDENT,,ERIN KENT MAGEE,NP,0,0,,0
Box Elder,Grouse Creek,U.S. PRESIDENT,,DEAN MORSTAD,NP,0,0,,0
Box Elder,Grouse Creek,U.S. PRESIDENT,,NELSON MORSTAD,NP,0,0,,0
Box Elder,Grouse Creek,U.S. PRESIDENT,,DARRELL HYKES,NP,0,0,,0
Box Elder,Grouse Creek,U.S. PRESIDENT,,Write-in 80,NP,0,0,,0
Box Elder,Grouse Creek,U. S. SENATE,,Registered Voters,NP,40,,,
Box Elder,Grouse Creek,U. S. SENATE,,SHAUN LYNN McCAUSLAN,CON,0,0,,0
Box Elder,Grouse Creek,U. S. SENATE,,SCOTT HOWELL,DEM,2,0,,2
Box Elder,Grouse Creek,U. S. SENATE,,ORRIN G. HATCH,REP,28,0,,28
Box Elder,Grouse Creek,U. S. SENATE,,DANIEL GEERY,JUS,0,0,,0
Box Elder,Grouse Creek,U. S. SENATE,,BILL BARRON,UNA,0,0,,0
Box Elder,Grouse Creek,U. S. SENATE,,JoANN S. SECRIST,NP,0,0,,0
Box Elder,Grouse Creek,U. S. SENATE,,Write-in 60,NP,0,0,,0
Box Elder,Grouse Creek,U. S. HOUSE OF REPRESENTATIVE,,Registered Voters,NP,40,,,
Box Elder,Grouse Creek,U. S. HOUSE OF REPRESENTATIVE,,SHERRY PHIPPS,CON,0,0,,0
Box Elder,Grouse Creek,U. S. HOUSE OF REPRESENTATIVE,,DONNA M. McALEER,DEM,2,0,,2
Box Elder,Grouse Creek,U. S. HOUSE OF REPRESENTATIVE,,ROB BISHOP,REP,29,0,,29
Box Elder,Grouse Creek,U. S. HOUSE OF REPRESENTATIVE,,Write-in 40,NP,0,0,,0
Box Elder,Grouse Creek,GOVERNOR,,Registered Voters,NP,40,,,
Box Elder,Grouse Creek,GOVERNOR,,PETER S COOKE,DEM,1,0,,1
Box Elder,Grouse Creek,GOVERNOR,,KEN LARSEN,LIB,0,0,,0
Box Elder,Grouse Creek,GOVERNOR,,KIRK D PEARSON,CON,0,0,,0
Box Elder,Grouse Creek,GOVERNOR,,GARY R. HERBERT,REP,30,0,,30
Box Elder,Grouse Creek,GOVERNOR,,DAVID J CANNON,NP,0,0,,0
Box Elder,Grouse Creek,GOVERNOR,,DENNIS C. OWEN,NP,0,0,,0
Box Elder,Grouse Creek,GOVERNOR,,Write-in 50,NP,0,0,,0
Box Elder,Grouse Creek,ATTY GENERAL,,Registered Voters,NP,40,,,
Box Elder,Grouse Creek,ATTY GENERAL,,DEE W. SMITH,DEM,4,0,,4
Box Elder,Grouse Creek,ATTY GENERAL,,JOHN SWALLOW,REP,22,0,,22
Box Elder,Grouse Creek,ATTY GENERAL,,W. ANDREW McCULLOUGH,LIB,3,0,,3
Box Elder,Grouse Creek,ATTY GENERAL,,Write-in 40,NP,0,0,,0
Box Elder,Grouse Creek,STATE AUDITOR,,Registered Voters,NP,40,,,
Box Elder,Grouse Creek,STATE AUDITOR,,MARK SAGE,DEM,2,0,,2
Box Elder,Grouse Creek,STATE AUDITOR,,JOHN DOUGALL,REP,25,0,,25
Box Elder,Grouse Creek,STATE AUDITOR,,RICHARD PROCTOR,CON,2,0,,2
Box Elder,Grouse Creek,STATE AUDITOR,,Write-in 40,NP,0,0,,0
Box Elder,Grouse Creek,STATE TREASURER,,Registered Voters,NP,40,,,
Box Elder,Grouse Creek,STATE TREASURER,,CHRISTOPHER STOUT,DEM,4,0,,4
Box Elder,Grouse Creek,STATE TREASURER,,VINCENT C. MARCUS,LIB,0,0,,0
Box Elder,Grouse Creek,STATE TREASURER,,RICHARD K. ELLIS,REP,25,0,,25
Box Elder,Grouse Creek,STATE TREASURER,,WARREN ROGERS,NP,0,0,,0
Box Elder,Grouse Creek,STATE TREASURER,,Write-in 40,NP,0,0,,0
Box Elder,Grouse Creek,UTAH STATE HOUSE OF REPRESENTATIVES1,,Registered Voters,NP,40,,,
Box Elder,Grouse Creek,UTAH STATE HOUSE OF REPRESENTATIVES1,,DeLOY W MECHAM,DEM,1,0,,1
Box Elder,Grouse Creek,UTAH STATE HOUSE OF REPRESENTATIVES1,,RONDA RUDD MENLOVE,REP,28,0,,28
Box Elder,Grouse Creek,UTAH STATE HOUSE OF REPRESENTATIVES1,,BECKY MADDOX,CON,2,0,,2
Box Elder,Grouse Creek,UTAH STATE HOUSE OF REPRESENTATIVES1,,Write-in 40,NP,0,0,,0
Box Elder,Grouse Creek,UTAH STATE SCHOOL BOARD OF EDUCATION,,Registered Voters,NP,40,,,
Box Elder,Grouse Creek,UTAH STATE SCHOOL BOARD OF EDUCATION,,D. ALAN SHAKESPEAR,NP,9,0,,9
Box Elder,Grouse Creek,UTAH STATE SCHOOL BOARD OF EDUCATION,,TAMI W. PYFER,NP,16,0,,16
Box Elder,Grouse Creek,UTAH STATE SCHOOL BOARD OF EDUCATION,,Write-in 30,NP,0,0,,0
Box Elder,Grouse Creek,BOX ELDER COUNTY COMMISSION SEAT C,,Registered Voters,NP,40,,,
Box Elder,Grouse Creek,BOX ELDER COUNTY COMMISSION SEAT C,,STAN SUMMERS,REP,30,0,,30
Box Elder,Grouse Creek,BOX ELDER COUNTY COMMISSION SEAT C,,Write-in 20,NP,0,0,,0
Box Elder,Grouse Creek,Judge KEVIN K. ALLEN,,Registered Voters,NP,40,,,
Box Elder,Grouse Creek,Judge KEVIN K. ALLEN,,YES,NP,24,0,,24
Box Elder,Grouse Creek,Judge KEVIN K. ALLEN,,NO,NP,1,0,,1
Box Elder,Grouse Creek,Judge JEFFREY R. BURBANK,,Registered Voters,NP,40,,,
Box Elder,Grouse Creek,Judge JEFFREY R. BURBANK,,YES,NP,25,0,,25
Box Elder,Grouse Creek,Judge JEFFREY R. BURBANK,,NO,NP,2,0,,2
Box Elder,Grouse Creek,BOX ELDER COUNTY SCHOOL BOARD DIST 1,,Registered Voters,NP,40,,,
Box Elder,Grouse Creek,BOX ELDER COUNTY SCHOOL BOARD DIST 1,,LYNN A. CAPENER,NP,28,0,,28
Box Elder,Grouse Creek,BOX ELDER COUNTY SCHOOL BOARD DIST 1,,Write-in 20,NP,0,0,,0
Box Elder,Grouse Creek,Constitutional Amendment A,,Registered Voters,NP,40,,,
Box Elder,Grouse Creek,Constitutional Amendment A,,FOR,NP,18,0,,18
Box Elder,Grouse Creek,Constitutional Amendment A,,AGAINST,NP,10,0,,10
Box Elder,Grouse Creek,Constitutional Amendment B,,Registered Voters,NP,40,,,
Box Elder,Grouse Creek,Constitutional Amendment B,,FOR,NP,17,0,,17
Box Elder,Grouse Creek,Constitutional Amendment B,,AGAINST,NP,13,0,,13
Box Elder,Honeyville,STRAIGHT PARTY,,Registered Voters,NP,822,,,
Box Elder,Honeyville,STRAIGHT PARTY,,CONSTITUTION,CON,1,0,0,1
Box Elder,Honeyville,STRAIGHT PARTY,,LIBERTARIAN,LIB,2,1,0,3
Box Elder,Honeyville,STRAIGHT PARTY,,DEMOCRATIC,DEM,28,7,1,36
Box Elder,Honeyville,STRAIGHT PARTY,,REPUBLICAN,REP,178,17,3,198
Box Elder,Honeyville,STRAIGHT PARTY,,JUSTICE,JUS,0,0,0,0
Box Elder,Honeyville,STRAIGHT PARTY,,GREEN,GRN,1,0,0,1
Box Elder,Honeyville,U.S. PRESIDENT,,Registered Voters,NP,822,,,
Box Elder,Honeyville,U.S. PRESIDENT,,JILL STEIN,GRN,1,0,0,1
Box Elder,Honeyville,U.S. PRESIDENT,,GLORIA LA RIVA,PSL,0,0,0,0
Box Elder,Honeyville,U.S. PRESIDENT,,MITT ROMNEY,REP,473,64,17,554
Box Elder,Honeyville,U.S. PRESIDENT,,BARACK OBAMA,DEM,59,11,3,73
Box Elder,Honeyville,U.S. PRESIDENT,,GARY JOHNSON,LIB,12,3,0,15
Box Elder,Honeyville,U.S. PRESIDENT,,VIRGIL GOODE,CON,0,1,0,1
Box Elder,Honeyville,U.S. PRESIDENT,,"ROSS C. \ROCKY\"" ANDE""",JUS,1,1,0,2
Box Elder,Honeyville,U.S. PRESIDENT,,ROSEANNE BARR,NP,0,0,0,0
Box Elder,Honeyville,U.S. PRESIDENT,,STEPHEN DURHAM,NP,0,0,0,0
Box Elder,Honeyville,U.S. PRESIDENT,,JILL REED,NP,0,0,0,0
Box Elder,Honeyville,U.S. PRESIDENT,,ANDRE BARNETT,NP,0,0,0,0
Box Elder,Honeyville,U.S. PRESIDENT,,WILL CHRISTENSEN,NP,0,0,0,0
Box Elder,Honeyville,U.S. PRESIDENT,,JUSTIN MEYERS,NP,0,0,0,0
Box Elder,Honeyville,U.S. PRESIDENT,,SHEILA SAM TITTLE,NP,0,0,0,0
Box Elder,Honeyville,U.S. PRESIDENT,,ERIN KENT MAGEE,NP,0,0,0,0
Box Elder,Honeyville,U.S. PRESIDENT,,DEAN MORSTAD,NP,0,0,0,0
Box Elder,Honeyville,U.S. PRESIDENT,,NELSON MORSTAD,NP,0,0,0,0
Box Elder,Honeyville,U.S. PRESIDENT,,DARRELL HYKES,NP,0,0,0,0
Box Elder,Honeyville,U.S. PRESIDENT,,Write-in 80,NP,2,0,0,2
Box Elder,Honeyville,U. S. SENATE,,Registered Voters,NP,822,,,
Box Elder,Honeyville,U. S. SENATE,,SHAUN LYNN McCAUSLAN,CON,21,7,1,29
Box Elder,Honeyville,U. S. SENATE,,SCOTT HOWELL,DEM,100,24,5,129
Box Elder,Honeyville,U. S. SENATE,,ORRIN G. HATCH,REP,419,49,14,482
Box Elder,Honeyville,U. S. SENATE,,DANIEL GEERY,JUS,5,0,0,5
Box Elder,Honeyville,U. S. SENATE,,BILL BARRON,UNA,1,0,0,1
Box Elder,Honeyville,U. S. SENATE,,JoANN S. SECRIST,NP,0,0,0,0
Box Elder,Honeyville,U. S. SENATE,,Write-in 60,NP,0,0,0,0
Box Elder,Honeyville,U. S. HOUSE OF REPRESENTATIVE,,Registered Voters,NP,822,,,
Box Elder,Honeyville,U. S. HOUSE OF REPRESENTATIVE,,SHERRY PHIPPS,CON,16,5,1,22
Box Elder,Honeyville,U. S. HOUSE OF REPRESENTATIVE,,DONNA M. McALEER,DEM,77,15,3,95
Box Elder,Honeyville,U. S. HOUSE OF REPRESENTATIVE,,ROB BISHOP,REP,446,60,16,522
Box Elder,Honeyville,U. S. HOUSE OF REPRESENTATIVE,,Write-in 40,NP,0,0,0,0
Box Elder,Honeyville,GOVERNOR,,Registered Voters,NP,822,,,
Box Elder,Honeyville,GOVERNOR,,PETER S COOKE,DEM,85,14,5,104
Box Elder,Honeyville,GOVERNOR,,KEN LARSEN,LIB,12,4,1,17
Box Elder,Honeyville,GOVERNOR,,KIRK D PEARSON,CON,9,4,0,13
Box Elder,Honeyville,GOVERNOR,,GARY R. HERBERT,REP,439,58,13,510
Box Elder,Honeyville,GOVERNOR,,DAVID J CANNON,NP,0,0,0,0
Box Elder,Honeyville,GOVERNOR,,DENNIS C. OWEN,NP,0,0,0,0
Box Elder,Honeyville,GOVERNOR,,Write-in 50,NP,0,0,0,0
Box Elder,Honeyville,ATTY GENERAL,,Registered Voters,NP,822,,,
Box Elder,Honeyville,ATTY GENERAL,,DEE W. SMITH,DEM,106,19,5,130
Box Elder,Honeyville,ATTY GENERAL,,JOHN SWALLOW,REP,412,50,13,475
Box Elder,Honeyville,ATTY GENERAL,,W. ANDREW McCULLOUGH,LIB,24,11,1,36
Box Elder,Honeyville,ATTY GENERAL,,Write-in 40,NP,0,0,0,0
Box Elder,Honeyville,STATE AUDITOR,,Registered Voters,NP,822,,,
Box Elder,Honeyville,STATE AUDITOR,,MARK SAGE,DEM,83,19,5,107
Box Elder,Honeyville,STATE AUDITOR,,JOHN DOUGALL,REP,425,47,14,486
Box Elder,Honeyville,STATE AUDITOR,,RICHARD PROCTOR,CON,26,12,0,38
Box Elder,Honeyville,STATE AUDITOR,,Write-in 40,NP,1,0,0,1
Box Elder,Honeyville,STATE TREASURER,,Registered Voters,NP,822,,,
Box Elder,Honeyville,STATE TREASURER,,CHRISTOPHER STOUT,DEM,80,14,4,98
Box Elder,Honeyville,STATE TREASURER,,VINCENT C. MARCUS,LIB,24,11,1,36
Box Elder,Honeyville,STATE TREASURER,,RICHARD K. ELLIS,REP,428,53,14,495
Box Elder,Honeyville,STATE TREASURER,,WARREN ROGERS,NP,0,0,0,0
Box Elder,Honeyville,STATE TREASURER,,Write-in 40,NP,0,0,0,0
Box Elder,Honeyville,UTAH STATE HOUSE OF REPRESENTATIVES1,,Registered Voters,NP,822,,,
Box Elder,Honeyville,UTAH STATE HOUSE OF REPRESENTATIVES1,,DeLOY W MECHAM,DEM,71,14,3,88
Box Elder,Honeyville,UTAH STATE HOUSE OF REPRESENTATIVES1,,RONDA RUDD MENLOVE,REP,420,57,15,492
Box Elder,Honeyville,UTAH STATE HOUSE OF REPRESENTATIVES1,,BECKY MADDOX,CON,51,9,1,61
Box Elder,Honeyville,UTAH STATE HOUSE OF REPRESENTATIVES1,,Write-in 40,NP,0,0,0,0
Box Elder,Honeyville,UTAH STATE SCHOOL BOARD OF EDUCATION,,Registered Voters,NP,822,,,
Box Elder,Honeyville,UTAH STATE SCHOOL BOARD OF EDUCATION,,D. ALAN SHAKESPEAR,NP,310,45,12,367
Box Elder,Honeyville,UTAH STATE SCHOOL BOARD OF EDUCATION,,TAMI W. PYFER,NP,158,22,4,184
Box Elder,Honeyville,UTAH STATE SCHOOL BOARD OF EDUCATION,,Write-in 30,NP,2,0,0,2
Box Elder,Honeyville,BOX ELDER COUNTY COMMISSION SEAT C,,Registered Voters,NP,822,,,
Box Elder,Honeyville,BOX ELDER COUNTY COMMISSION SEAT C,,STAN SUMMERS,REP,510,73,18,601
Box Elder,Honeyville,BOX ELDER COUNTY COMMISSION SEAT C,,Write-in 20,NP,1,1,0,2
Box Elder,Honeyville,Judge KEVIN K. ALLEN,,Registered Voters,NP,822,,,
Box Elder,Honeyville,Judge KEVIN K. ALLEN,,YES,NP,416,62,16,494
Box Elder,Honeyville,Judge KEVIN K. ALLEN,,NO,NP,64,8,0,72
Box Elder,Honeyville,Judge JEFFREY R. BURBANK,,Registered Voters,NP,822,,,
Box Elder,Honeyville,Judge JEFFREY R. BURBANK,,YES,NP,419,62,16,497
Box Elder,Honeyville,Judge JEFFREY R. BURBANK,,NO,NP,61,9,0,70
Box Elder,Honeyville,Constitutional Amendment A,,Registered Voters,NP,822,,,
Box Elder,Honeyville,Constitutional Amendment A,,FOR,NP,228,34,13,275
Box Elder,Honeyville,Constitutional Amendment A,,AGAINST,NP,275,39,3,317
Box Elder,Honeyville,Constitutional Amendment B,,Registered Voters,NP,822,,,
Box Elder,Honeyville,Constitutional Amendment B,,FOR,NP,328,52,9,389
Box Elder,Honeyville,Constitutional Amendment B,,AGAINST,NP,187,20,7,214
Box Elder,Howell,STRAIGHT PARTY,,Registered Voters,NP,147,,,
Box Elder,Howell,STRAIGHT PARTY,,CONSTITUTION,CON,0,0,,0
Box Elder,Howell,STRAIGHT PARTY,,LIBERTARIAN,LIB,0,0,,0
Box Elder,Howell,STRAIGHT PARTY,,DEMOCRATIC,DEM,4,0,,4
Box Elder,Howell,STRAIGHT PARTY,,REPUBLICAN,REP,22,0,,22
Box Elder,Howell,STRAIGHT PARTY,,JUSTICE,JUS,0,0,,0
Box Elder,Howell,STRAIGHT PARTY,,GREEN,GRN,0,0,,0
Box Elder,Howell,U.S. PRESIDENT,,Registered Voters,NP,147,,,
Box Elder,Howell,U.S. PRESIDENT,,JILL STEIN,GRN,0,0,,0
Box Elder,Howell,U.S. PRESIDENT,,GLORIA LA RIVA,PSL,0,0,,0
Box Elder,Howell,U.S. PRESIDENT,,MITT ROMNEY,REP,117,0,,117
Box Elder,Howell,U.S. PRESIDENT,,BARACK OBAMA,DEM,11,0,,11
Box Elder,Howell,U.S. PRESIDENT,,GARY JOHNSON,LIB,0,0,,0
Box Elder,Howell,U.S. PRESIDENT,,VIRGIL GOODE,CON,1,0,,1
Box Elder,Howell,U.S. PRESIDENT,,"ROSS C. \ROCKY\"" ANDE""",JUS,0,0,,0
Box Elder,Howell,U.S. PRESIDENT,,ROSEANNE BARR,NP,0,0,,0
Box Elder,Howell,U.S. PRESIDENT,,STEPHEN DURHAM,NP,0,0,,0
Box Elder,Howell,U.S. PRESIDENT,,JILL REED,NP,0,0,,0
Box Elder,Howell,U.S. PRESIDENT,,ANDRE BARNETT,NP,0,0,,0
Box Elder,Howell,U.S. PRESIDENT,,WILL CHRISTENSEN,NP,0,0,,0
Box Elder,Howell,U.S. PRESIDENT,,JUSTIN MEYERS,NP,0,0,,0
Box Elder,Howell,U.S. PRESIDENT,,SHEILA SAM TITTLE,NP,0,0,,0
Box Elder,Howell,U.S. PRESIDENT,,ERIN KENT MAGEE,NP,0,0,,0
Box Elder,Howell,U.S. PRESIDENT,,DEAN MORSTAD,NP,0,0,,0
Box Elder,Howell,U.S. PRESIDENT,,NELSON MORSTAD,NP,0,0,,0
Box Elder,Howell,U.S. PRESIDENT,,DARRELL HYKES,NP,0,0,,0
Box Elder,Howell,U.S. PRESIDENT,,Write-in 80,NP,0,0,,0
Box Elder,Howell,U. S. SENATE,,Registered Voters,NP,147,,,
Box Elder,Howell,U. S. SENATE,,SHAUN LYNN McCAUSLAN,CON,3,0,,3
Box Elder,Howell,U. S. SENATE,,SCOTT HOWELL,DEM,31,0,,31
Box Elder,Howell,U. S. SENATE,,ORRIN G. HATCH,REP,93,0,,93
Box Elder,Howell,U. S. SENATE,,DANIEL GEERY,JUS,1,0,,1
Box Elder,Howell,U. S. SENATE,,BILL BARRON,UNA,1,0,,1
Box Elder,Howell,U. S. SENATE,,JoANN S. SECRIST,NP,0,0,,0
Box Elder,Howell,U. S. SENATE,,Write-in 60,NP,0,0,,0
Box Elder,Howell,U. S. HOUSE OF REPRESENTATIVE,,Registered Voters,NP,147,,,
Box Elder,Howell,U. S. HOUSE OF REPRESENTATIVE,,SHERRY PHIPPS,CON,12,0,,12
Box Elder,Howell,U. S. HOUSE OF REPRESENTATIVE,,DONNA M. McALEER,DEM,16,0,,16
Box Elder,Howell,U. S. HOUSE OF REPRESENTATIVE,,ROB BISHOP,REP,98,0,,98
Box Elder,Howell,U. S. HOUSE OF REPRESENTATIVE,,Write-in 40,NP,1,0,,1
Box Elder,Howell,GOVERNOR,,Registered Voters,NP,147,,,
Box Elder,Howell,GOVERNOR,,PETER S COOKE,DEM,25,0,,25
Box Elder,Howell,GOVERNOR,,KEN LARSEN,LIB,2,0,,2
Box Elder,Howell,GOVERNOR,,KIRK D PEARSON,CON,6,0,,6
Box Elder,Howell,GOVERNOR,,GARY R. HERBERT,REP,96,0,,96
Box Elder,Howell,GOVERNOR,,DAVID J CANNON,NP,0,0,,0
Box Elder,Howell,GOVERNOR,,DENNIS C. OWEN,NP,0,0,,0
Box Elder,Howell,GOVERNOR,,Write-in 50,NP,0,0,,0
Box Elder,Howell,ATTY GENERAL,,Registered Voters,NP,147,,,
Box Elder,Howell,ATTY GENERAL,,DEE W. SMITH,DEM,21,0,,21
Box Elder,Howell,ATTY GENERAL,,JOHN SWALLOW,REP,97,0,,97
Box Elder,Howell,ATTY GENERAL,,W. ANDREW McCULLOUGH,LIB,9,0,,9
Box Elder,Howell,ATTY GENERAL,,Write-in 40,NP,1,0,,1
Box Elder,Howell,STATE AUDITOR,,Registered Voters,NP,147,,,
Box Elder,Howell,STATE AUDITOR,,MARK SAGE,DEM,20,0,,20
Box Elder,Howell,STATE AUDITOR,,JOHN DOUGALL,REP,90,0,,90
Box Elder,Howell,STATE AUDITOR,,RICHARD PROCTOR,CON,16,0,,16
Box Elder,Howell,STATE AUDITOR,,Write-in 40,NP,1,0,,1
Box Elder,Howell,STATE TREASURER,,Registered Voters,NP,147,,,
Box Elder,Howell,STATE TREASURER,,CHRISTOPHER STOUT,DEM,19,0,,19
Box Elder,Howell,STATE TREASURER,,VINCENT C. MARCUS,LIB,10,0,,10
Box Elder,Howell,STATE TREASURER,,RICHARD K. ELLIS,REP,97,0,,97
Box Elder,Howell,STATE TREASURER,,WARREN ROGERS,NP,0,0,,0
Box Elder,Howell,STATE TREASURER,,Write-in 40,NP,0,0,,0
Box Elder,Howell,UTAH STATE HOUSE OF REPRESENTATIVES1,,Registered Voters,NP,147,,,
Box Elder,Howell,UTAH STATE HOUSE OF REPRESENTATIVES1,,DeLOY W MECHAM,DEM,30,0,,30
Box Elder,Howell,UTAH STATE HOUSE OF REPRESENTATIVES1,,RONDA RUDD MENLOVE,REP,82,0,,82
Box Elder,Howell,UTAH STATE HOUSE OF REPRESENTATIVES1,,BECKY MADDOX,CON,16,0,,16
Box Elder,Howell,UTAH STATE HOUSE OF REPRESENTATIVES1,,Write-in 40,NP,1,0,,1
Box Elder,Howell,UTAH STATE SCHOOL BOARD OF EDUCATION,,Registered Voters,NP,147,,,
Box Elder,Howell,UTAH STATE SCHOOL BOARD OF EDUCATION,,D. ALAN SHAKESPEAR,NP,59,0,,59
Box Elder,Howell,UTAH STATE SCHOOL BOARD OF EDUCATION,,TAMI W. PYFER,NP,52,0,,52
Box Elder,Howell,UTAH STATE SCHOOL BOARD OF EDUCATION,,Write-in 30,NP,2,0,,2
Box Elder,Howell,BOX ELDER COUNTY COMMISSION SEAT C,,Registered Voters,NP,147,,,
Box Elder,Howell,BOX ELDER COUNTY COMMISSION SEAT C,,STAN SUMMERS,REP,114,0,,114
Box Elder,Howell,BOX ELDER COUNTY COMMISSION SEAT C,,Write-in 20,NP,2,0,,2
Box Elder,Howell,Judge KEVIN K. ALLEN,,Registered Voters,NP,147,,,
Box Elder,Howell,Judge KEVIN K. ALLEN,,YES,NP,91,0,,91
Box Elder,Howell,Judge KEVIN K. ALLEN,,NO,NP,30,0,,30
Box Elder,Howell,Judge JEFFREY R. BURBANK,,Registered Voters,NP,147,,,
Box Elder,Howell,Judge JEFFREY R. BURBANK,,YES,NP,94,0,,94
Box Elder,Howell,Judge JEFFREY R. BURBANK,,NO,NP,30,0,,30
Box Elder,Howell,BOX ELDER COUNTY SCHOOL BOARD DIST 1,,Registered Voters,NP,147,,,
Box Elder,Howell,BOX ELDER COUNTY SCHOOL BOARD DIST 1,,LYNN A. CAPENER,NP,113,0,,113
Box Elder,Howell,BOX ELDER COUNTY SCHOOL BOARD DIST 1,,Write-in 20,NP,6,0,,6
Box Elder,Howell,Constitutional Amendment A,,Registered Voters,NP,147,,,
Box Elder,Howell,Constitutional Amendment A,,FOR,NP,44,0,,44
Box Elder,Howell,Constitutional Amendment A,,AGAINST,NP,79,0,,79
Box Elder,Howell,Constitutional Amendment B,,Registered Voters,NP,147,,,
Box Elder,Howell,Constitutional Amendment B,,FOR,NP,73,0,,73
Box Elder,Howell,Constitutional Amendment B,,AGAINST,NP,53,0,,53
Box Elder,Mantua,STRAIGHT PARTY,,Registered Voters,NP,483,,,
Box Elder,Mantua,STRAIGHT PARTY,,CONSTITUTION,CON,0,0,0,0
Box Elder,Mantua,STRAIGHT PARTY,,LIBERTARIAN,LIB,1,0,0,1
Box Elder,Mantua,STRAIGHT PARTY,,DEMOCRATIC,DEM,9,2,0,11
Box Elder,Mantua,STRAIGHT PARTY,,REPUBLICAN,REP,95,12,17,124
Box Elder,Mantua,STRAIGHT PARTY,,JUSTICE,JUS,0,0,0,0
Box Elder,Mantua,STRAIGHT PARTY,,GREEN,GRN,0,0,0,0
Box Elder,Mantua,U.S. PRESIDENT,,Registered Voters,NP,483,,,
Box Elder,Mantua,U.S. PRESIDENT,,JILL STEIN,GRN,0,0,0,0
Box Elder,Mantua,U.S. PRESIDENT,,GLORIA LA RIVA,PSL,0,0,0,0
Box Elder,Mantua,U.S. PRESIDENT,,MITT ROMNEY,REP,278,37,37,352
Box Elder,Mantua,U.S. PRESIDENT,,BARACK OBAMA,DEM,22,2,2,26
Box Elder,Mantua,U.S. PRESIDENT,,GARY JOHNSON,LIB,4,0,0,4
Box Elder,Mantua,U.S. PRESIDENT,,VIRGIL GOODE,CON,0,0,0,0
Box Elder,Mantua,U.S. PRESIDENT,,"ROSS C. \ROCKY\"" ANDE""",JUS,0,0,0,0
Box Elder,Mantua,U.S. PRESIDENT,,ROSEANNE BARR,NP,0,0,0,0
Box Elder,Mantua,U.S. PRESIDENT,,STEPHEN DURHAM,NP,0,0,0,0
Box Elder,Mantua,U.S. PRESIDENT,,JILL REED,NP,0,0,0,0
Box Elder,Mantua,U.S. PRESIDENT,,ANDRE BARNETT,NP,0,0,0,0
Box Elder,Mantua,U.S. PRESIDENT,,WILL CHRISTENSEN,NP,0,0,0,0
Box Elder,Mantua,U.S. PRESIDENT,,JUSTIN MEYERS,NP,0,0,0,0
Box Elder,Mantua,U.S. PRESIDENT,,SHEILA SAM TITTLE,NP,0,0,0,0
Box Elder,Mantua,U.S. PRESIDENT,,ERIN KENT MAGEE,NP,0,0,0,0
Box Elder,Mantua,U.S. PRESIDENT,,DEAN MORSTAD,NP,0,0,0,0
Box Elder,Mantua,U.S. PRESIDENT,,NELSON MORSTAD,NP,0,0,0,0
Box Elder,Mantua,U.S. PRESIDENT,,DARRELL HYKES,NP,0,0,0,0
Box Elder,Mantua,U.S. PRESIDENT,,Write-in 80,NP,3,0,0,3
Box Elder,Mantua,U. S. SENATE,,Registered Voters,NP,483,,,
Box Elder,Mantua,U. S. SENATE,,SHAUN LYNN McCAUSLAN,CON,5,0,1,6
Box Elder,Mantua,U. S. SENATE,,SCOTT HOWELL,DEM,44,8,2,54
Box Elder,Mantua,U. S. SENATE,,ORRIN G. HATCH,REP,249,31,35,315
Box Elder,Mantua,U. S. SENATE,,DANIEL GEERY,JUS,2,0,0,2
Box Elder,Mantua,U. S. SENATE,,BILL BARRON,UNA,1,0,0,1
Box Elder,Mantua,U. S. SENATE,,JoANN S. SECRIST,NP,0,0,0,0
Box Elder,Mantua,U. S. SENATE,,Write-in 60,NP,0,0,0,0
Box Elder,Mantua,U. S. HOUSE OF REPRESENTATIVE,,Registered Voters,NP,483,,,
Box Elder,Mantua,U. S. HOUSE OF REPRESENTATIVE,,SHERRY PHIPPS,CON,9,2,1,12
Box Elder,Mantua,U. S. HOUSE OF REPRESENTATIVE,,DONNA M. McALEER,DEM,30,8,1,39
Box Elder,Mantua,U. S. HOUSE OF REPRESENTATIVE,,ROB BISHOP,REP,263,29,37,329
Box Elder,Mantua,U. S. HOUSE OF REPRESENTATIVE,,Write-in 40,NP,0,0,0,0
Box Elder,Mantua,GOVERNOR,,Registered Voters,NP,483,,,
Box Elder,Mantua,GOVERNOR,,PETER S COOKE,DEM,37,7,1,45
Box Elder,Mantua,GOVERNOR,,KEN LARSEN,LIB,7,0,1,8
Box Elder,Mantua,GOVERNOR,,KIRK D PEARSON,CON,7,1,3,11
Box Elder,Mantua,GOVERNOR,,GARY R. HERBERT,REP,250,31,34,315
Box Elder,Mantua,GOVERNOR,,DAVID J CANNON,NP,0,0,0,0
Box Elder,Mantua,GOVERNOR,,DENNIS C. OWEN,NP,0,0,0,0
Box Elder,Mantua,GOVERNOR,,Write-in 50,NP,0,0,0,0
Box Elder,Mantua,ATTY GENERAL,,Registered Voters,NP,483,,,
Box Elder,Mantua,ATTY GENERAL,,DEE W. SMITH,DEM,58,9,1,68
Box Elder,Mantua,ATTY GENERAL,,JOHN SWALLOW,REP,218,26,34,278
Box Elder,Mantua,ATTY GENERAL,,W. ANDREW McCULLOUGH,LIB,15,2,3,20
Box Elder,Mantua,ATTY GENERAL,,Write-in 40,NP,0,0,0,0
Box Elder,Mantua,STATE AUDITOR,,Registered Voters,NP,483,,,
Box Elder,Mantua,STATE AUDITOR,,MARK SAGE,DEM,45,5,1,51
Box Elder,Mantua,STATE AUDITOR,,JOHN DOUGALL,REP,230,28,33,291
Box Elder,Mantua,STATE AUDITOR,,RICHARD PROCTOR,CON,13,3,5,21
Box Elder,Mantua,STATE AUDITOR,,Write-in 40,NP,0,0,0,0
Box Elder,Mantua,STATE TREASURER,,Registered Voters,NP,483,,,
Box Elder,Mantua,STATE TREASURER,,CHRISTOPHER STOUT,DEM,40,9,2,51
Box Elder,Mantua,STATE TREASURER,,VINCENT C. MARCUS,LIB,22,1,1,24
Box Elder,Mantua,STATE TREASURER,,RICHARD K. ELLIS,REP,226,26,34,286
Box Elder,Mantua,STATE TREASURER,,WARREN ROGERS,NP,0,0,0,0
Box Elder,Mantua,STATE TREASURER,,Write-in 40,NP,0,0,0,0
Box Elder,Mantua,UTAH STATE HOUSE OF REPRESENTATIVES1,,Registered Voters,NP,483,,,
Box Elder,Mantua,UTAH STATE HOUSE OF REPRESENTATIVES1,,DeLOY W MECHAM,DEM,34,4,1,39
Box Elder,Mantua,UTAH STATE HOUSE OF REPRESENTATIVES1,,RONDA RUDD MENLOVE,REP,227,27,30,284
Box Elder,Mantua,UTAH STATE HOUSE OF REPRESENTATIVES1,,BECKY MADDOX,CON,37,6,8,51
Box Elder,Mantua,UTAH STATE HOUSE OF REPRESENTATIVES1,,Write-in 40,NP,0,0,0,0
Box Elder,Mantua,UTAH STATE SCHOOL BOARD OF EDUCATION,,Registered Voters,NP,483,,,
Box Elder,Mantua,UTAH STATE SCHOOL BOARD OF EDUCATION,,D. ALAN SHAKESPEAR,NP,124,13,17,154
Box Elder,Mantua,UTAH STATE SCHOOL BOARD OF EDUCATION,,TAMI W. PYFER,NP,115,18,14,147
Box Elder,Mantua,UTAH STATE SCHOOL BOARD OF EDUCATION,,Write-in 30,NP,2,1,1,4
Box Elder,Mantua,BOX ELDER COUNTY COMMISSION SEAT C,,Registered Voters,NP,483,,,
Box Elder,Mantua,BOX ELDER COUNTY COMMISSION SEAT C,,STAN SUMMERS,REP,270,33,34,337
Box Elder,Mantua,BOX ELDER COUNTY COMMISSION SEAT C,,Write-in 20,NP,1,0,0,1
Box Elder,Mantua,Judge KEVIN K. ALLEN,,Registered Voters,NP,483,,,
Box Elder,Mantua,Judge KEVIN K. ALLEN,,YES,NP,211,22,29,262
Box Elder,Mantua,Judge KEVIN K. ALLEN,,NO,NP,47,12,7,66
Box Elder,Mantua,Judge JEFFREY R. BURBANK,,Registered Voters,NP,483,,,
Box Elder,Mantua,Judge JEFFREY R. BURBANK,,YES,NP,220,23,33,276
Box Elder,Mantua,Judge JEFFREY R. BURBANK,,NO,NP,40,12,4,56
Box Elder,Mantua,Constitutional Amendment A,,Registered Voters,NP,483,,,
Box Elder,Mantua,Constitutional Amendment A,,FOR,NP,129,20,14,163
Box Elder,Mantua,Constitutional Amendment A,,AGAINST,NP,142,16,21,179
Box Elder,Mantua,Constitutional Amendment B,,Registered Voters,NP,483,,,
Box Elder,Mantua,Constitutional Amendment B,,FOR,NP,161,23,16,200
Box Elder,Mantua,Constitutional Amendment B,,AGAINST,NP,119,14,20,153
Box Elder,Park Valley,STRAIGHT PARTY,,Registered Voters,NP,95,,,
Box Elder,Park Valley,STRAIGHT PARTY,,CONSTITUTION,CON,0,0,,0
Box Elder,Park Valley,STRAIGHT PARTY,,LIBERTARIAN,LIB,0,0,,0
Box Elder,Park Valley,STRAIGHT PARTY,,DEMOCRATIC,DEM,0,0,,0
Box Elder,Park Valley,STRAIGHT PARTY,,REPUBLICAN,REP,27,0,,27
Box Elder,Park Valley,STRAIGHT PARTY,,JUSTICE,JUS,0,0,,0
Box Elder,Park Valley,STRAIGHT PARTY,,GREEN,GRN,0,0,,0
Box Elder,Park Valley,U.S. PRESIDENT,,Registered Voters,NP,95,,,
Box Elder,Park Valley,U.S. PRESIDENT,,JILL STEIN,GRN,0,0,,0
Box Elder,Park Valley,U.S. PRESIDENT,,GLORIA LA RIVA,PSL,0,0,,0
Box Elder,Park Valley,U.S. PRESIDENT,,MITT ROMNEY,REP,82,0,,82
Box Elder,Park Valley,U.S. PRESIDENT,,BARACK OBAMA,DEM,0,0,,0
Box Elder,Park Valley,U.S. PRESIDENT,,GARY JOHNSON,LIB,0,0,,0
Box Elder,Park Valley,U.S. PRESIDENT,,VIRGIL GOODE,CON,0,0,,0
Box Elder,Park Valley,U.S. PRESIDENT,,"ROSS C. \ROCKY\"" ANDE""",JUS,1,0,,1
Box Elder,Park Valley,U.S. PRESIDENT,,ROSEANNE BARR,NP,0,0,,0
Box Elder,Park Valley,U.S. PRESIDENT,,STEPHEN DURHAM,NP,0,0,,0
Box Elder,Park Valley,U.S. PRESIDENT,,JILL REED,NP,0,0,,0
Box Elder,Park Valley,U.S. PRESIDENT,,ANDRE BARNETT,NP,0,0,,0
Box Elder,Park Valley,U.S. PRESIDENT,,WILL CHRISTENSEN,NP,0,0,,0
Box Elder,Park Valley,U.S. PRESIDENT,,JUSTIN MEYERS,NP,0,0,,0
Box Elder,Park Valley,U.S. PRESIDENT,,SHEILA SAM TITTLE,NP,0,0,,0
Box Elder,Park Valley,U.S. PRESIDENT,,ERIN KENT MAGEE,NP,0,0,,0
Box Elder,Park Valley,U.S. PRESIDENT,,DEAN MORSTAD,NP,0,0,,0
Box Elder,Park Valley,U.S. PRESIDENT,,NELSON MORSTAD,NP,0,0,,0
Box Elder,Park Valley,U.S. PRESIDENT,,DARRELL HYKES,NP,0,0,,0
Box Elder,Park Valley,U.S. PRESIDENT,,Write-in 80,NP,0,0,,0
Box Elder,Park Valley,U. S. SENATE,,Registered Voters,NP,95,,,
Box Elder,Park Valley,U. S. SENATE,,SHAUN LYNN McCAUSLAN,CON,2,0,,2
Box Elder,Park Valley,U. S. SENATE,,SCOTT HOWELL,DEM,3,0,,3
Box Elder,Park Valley,U. S. SENATE,,ORRIN G. HATCH,REP,78,0,,78
Box Elder,Park Valley,U. S. SENATE,,DANIEL GEERY,JUS,0,0,,0
Box Elder,Park Valley,U. S. SENATE,,BILL BARRON,UNA,0,0,,0
Box Elder,Park Valley,U. S. SENATE,,JoANN S. SECRIST,NP,0,0,,0
Box Elder,Park Valley,U. S. SENATE,,Write-in 60,NP,0,0,,0
Box Elder,Park Valley,U. S. HOUSE OF REPRESENTATIVE,,Registered Voters,NP,95,,,
Box Elder,Park Valley,U. S. HOUSE OF REPRESENTATIVE,,SHERRY PHIPPS,CON,4,0,,4
Box Elder,Park Valley,U. S. HOUSE OF REPRESENTATIVE,,DONNA M. McALEER,DEM,0,0,,0
Box Elder,Park Valley,U. S. HOUSE OF REPRESENTATIVE,,ROB BISHOP,REP,76,0,,76
Box Elder,Park Valley,U. S. HOUSE OF REPRESENTATIVE,,Write-in 40,NP,0,0,,0
Box Elder,Park Valley,GOVERNOR,,Registered Voters,NP,95,,,
Box Elder,Park Valley,GOVERNOR,,PETER S COOKE,DEM,0,0,,0
Box Elder,Park Valley,GOVERNOR,,KEN LARSEN,LIB,0,0,,0
Box Elder,Park Valley,GOVERNOR,,KIRK D PEARSON,CON,2,0,,2
Box Elder,Park Valley,GOVERNOR,,GARY R. HERBERT,REP,81,0,,81
Box Elder,Park Valley,GOVERNOR,,DAVID J CANNON,NP,0,0,,0
Box Elder,Park Valley,GOVERNOR,,DENNIS C. OWEN,NP,0,0,,0
Box Elder,Park Valley,GOVERNOR,,Write-in 50,NP,0,0,,0
Box Elder,Park Valley,ATTY GENERAL,,Registered Voters,NP,95,,,
Box Elder,Park Valley,ATTY GENERAL,,DEE W. SMITH,DEM,4,0,,4
Box Elder,Park Valley,ATTY GENERAL,,JOHN SWALLOW,REP,75,0,,75
Box Elder,Park Valley,ATTY GENERAL,,W. ANDREW McCULLOUGH,LIB,3,0,,3
Box Elder,Park Valley,ATTY GENERAL,,Write-in 40,NP,0,0,,0
Box Elder,Park Valley,STATE AUDITOR,,Registered Voters,NP,95,,,
Box Elder,Park Valley,STATE AUDITOR,,MARK SAGE,DEM,3,0,,3
Box Elder,Park Valley,STATE AUDITOR,,JOHN DOUGALL,REP,73,0,,73
Box Elder,Park Valley,STATE AUDITOR,,RICHARD PROCTOR,CON,6,0,,6
Box Elder,Park Valley,STATE AUDITOR,,Write-in 40,NP,0,0,,0
Box Elder,Park Valley,STATE TREASURER,,Registered Voters,NP,95,,,
Box Elder,Park Valley,STATE TREASURER,,CHRISTOPHER STOUT,DEM,1,0,,1
Box Elder,Park Valley,STATE TREASURER,,VINCENT C. MARCUS,LIB,3,0,,3
Box Elder,Park Valley,STATE TREASURER,,RICHARD K. ELLIS,REP,78,0,,78
Box Elder,Park Valley,STATE TREASURER,,WARREN ROGERS,NP,0,0,,0
Box Elder,Park Valley,STATE TREASURER,,Write-in 40,NP,0,0,,0
Box Elder,Park Valley,UTAH STATE HOUSE OF REPRESENTATIVES1,,Registered Voters,NP,95,,,
Box Elder,Park Valley,UTAH STATE HOUSE OF REPRESENTATIVES1,,DeLOY W MECHAM,DEM,1,0,,1
Box Elder,Park Valley,UTAH STATE HOUSE OF REPRESENTATIVES1,,RONDA RUDD MENLOVE,REP,76,0,,76
Box Elder,Park Valley,UTAH STATE HOUSE OF REPRESENTATIVES1,,BECKY MADDOX,CON,6,0,,6
Box Elder,Park Valley,UTAH STATE HOUSE OF REPRESENTATIVES1,,Write-in 40,NP,0,0,,0
Box Elder,Park Valley,UTAH STATE SCHOOL BOARD OF EDUCATION,,Registered Voters,NP,95,,,
Box Elder,Park Valley,UTAH STATE SCHOOL BOARD OF EDUCATION,,D. ALAN SHAKESPEAR,NP,42,0,,42
Box Elder,Park Valley,UTAH STATE SCHOOL BOARD OF EDUCATION,,TAMI W. PYFER,NP,16,0,,16
Box Elder,Park Valley,UTAH STATE SCHOOL BOARD OF EDUCATION,,Write-in 30,NP,0,0,,0
Box Elder,Park Valley,BOX ELDER COUNTY COMMISSION SEAT C,,Registered Voters,NP,95,,,
Box Elder,Park Valley,BOX ELDER COUNTY COMMISSION SEAT C,,STAN SUMMERS,REP,76,0,,76
Box Elder,Park Valley,BOX ELDER COUNTY COMMISSION SEAT C,,Write-in 20,NP,2,0,,2
Box Elder,Park Valley,Judge KEVIN K. ALLEN,,Registered Voters,NP,95,,,
Box Elder,Park Valley,Judge KEVIN K. ALLEN,,YES,NP,65,0,,65
Box Elder,Park Valley,Judge KEVIN K. ALLEN,,NO,NP,3,0,,3
Box Elder,Park Valley,Judge JEFFREY R. BURBANK,,Registered Voters,NP,95,,,
Box Elder,Park Valley,Judge JEFFREY R. BURBANK,,YES,NP,67,0,,67
Box Elder,Park Valley,Judge JEFFREY R. BURBANK,,NO,NP,3,0,,3
Box Elder,Park Valley,BOX ELDER COUNTY SCHOOL BOARD DIST 1,,Registered Voters,NP,95,,,
Box Elder,Park Valley,BOX ELDER COUNTY SCHOOL BOARD DIST 1,,LYNN A. CAPENER,NP,72,0,,72
Box Elder,Park Valley,BOX ELDER COUNTY SCHOOL BOARD DIST 1,,Write-in 20,NP,0,0,,0
Box Elder,Park Valley,Constitutional Amendment A,,Registered Voters,NP,95,,,
Box Elder,Park Valley,Constitutional Amendment A,,FOR,NP,23,0,,23
Box Elder,Park Valley,Constitutional Amendment A,,AGAINST,NP,43,0,,43
Box Elder,Park Valley,Constitutional Amendment B,,Registered Voters,NP,95,,,
Box Elder,Park Valley,Constitutional Amendment B,,FOR,NP,47,0,,47
Box Elder,Park Valley,Constitutional Amendment B,,AGAINST,NP,33,0,,33
Box Elder,Perry 01,STRAIGHT PARTY,,Registered Voters,NP,651,,,
Box Elder,Perry 01,STRAIGHT PARTY,,CONSTITUTION,CON,0,0,0,0
Box Elder,Perry 01,STRAIGHT PARTY,,LIBERTARIAN,LIB,0,0,0,0
Box Elder,Perry 01,STRAIGHT PARTY,,DEMOCRATIC,DEM,7,12,1,20
Box Elder,Perry 01,STRAIGHT PARTY,,REPUBLICAN,REP,101,38,13,152
Box Elder,Perry 01,STRAIGHT PARTY,,JUSTICE,JUS,0,0,0,0
Box Elder,Perry 01,STRAIGHT PARTY,,GREEN,GRN,0,0,0,0
Box Elder,Perry 01,U.S. PRESIDENT,,Registered Voters,NP,651,,,
Box Elder,Perry 01,U.S. PRESIDENT,,JILL STEIN,GRN,1,0,0,1
Box Elder,Perry 01,U.S. PRESIDENT,,GLORIA LA RIVA,PSL,0,0,0,0
Box Elder,Perry 01,U.S. PRESIDENT,,MITT ROMNEY,REP,286,133,34,453
Box Elder,Perry 01,U.S. PRESIDENT,,BARACK OBAMA,DEM,18,20,1,39
Box Elder,Perry 01,U.S. PRESIDENT,,GARY JOHNSON,LIB,2,1,3,6
Box Elder,Perry 01,U.S. PRESIDENT,,VIRGIL GOODE,CON,0,0,0,0
Box Elder,Perry 01,U.S. PRESIDENT,,"ROSS C. \ROCKY\"" ANDE""",JUS,3,0,0,3
Box Elder,Perry 01,U.S. PRESIDENT,,ROSEANNE BARR,NP,0,0,0,0
Box Elder,Perry 01,U.S. PRESIDENT,,STEPHEN DURHAM,NP,0,0,0,0
Box Elder,Perry 01,U.S. PRESIDENT,,JILL REED,NP,0,0,0,0
Box Elder,Perry 01,U.S. PRESIDENT,,ANDRE BARNETT,NP,0,0,0,0
Box Elder,Perry 01,U.S. PRESIDENT,,WILL CHRISTENSEN,NP,0,0,0,0
Box Elder,Perry 01,U.S. PRESIDENT,,JUSTIN MEYERS,NP,0,0,0,0
Box Elder,Perry 01,U.S. PRESIDENT,,SHEILA SAM TITTLE,NP,0,0,0,0
Box Elder,Perry 01,U.S. PRESIDENT,,ERIN KENT MAGEE,NP,0,0,0,0
Box Elder,Perry 01,U.S. PRESIDENT,,DEAN MORSTAD,NP,0,0,0,0
Box Elder,Perry 01,U.S. PRESIDENT,,NELSON MORSTAD,NP,0,0,0,0
Box Elder,Perry 01,U.S. PRESIDENT,,DARRELL HYKES,NP,0,0,0,0
Box Elder,Perry 01,U.S. PRESIDENT,,Write-in 80,NP,0,0,0,0
Box Elder,Perry 01,U. S. SENATE,,Registered Voters,NP,651,,,
Box Elder,Perry 01,U. S. SENATE,,SHAUN LYNN McCAUSLAN,CON,6,6,5,17
Box Elder,Perry 01,U. S. SENATE,,SCOTT HOWELL,DEM,40,31,3,74
Box Elder,Perry 01,U. S. SENATE,,ORRIN G. HATCH,REP,257,114,30,401
Box Elder,Perry 01,U. S. SENATE,,DANIEL GEERY,JUS,1,0,0,1
Box Elder,Perry 01,U. S. SENATE,,BILL BARRON,UNA,0,1,0,1
Box Elder,Perry 01,U. S. SENATE,,JoANN S. SECRIST,NP,0,0,0,0
Box Elder,Perry 01,U. S. SENATE,,Write-in 60,NP,1,0,0,1
Box Elder,Perry 01,U. S. HOUSE OF REPRESENTATIVE,,Registered Voters,NP,651,,,
Box Elder,Perry 01,U. S. HOUSE OF REPRESENTATIVE,,SHERRY PHIPPS,CON,6,7,4,17
Box Elder,Perry 01,U. S. HOUSE OF REPRESENTATIVE,,DONNA M. McALEER,DEM,30,29,2,61
Box Elder,Perry 01,U. S. HOUSE OF REPRESENTATIVE,,ROB BISHOP,REP,266,116,31,413
Box Elder,Perry 01,U. S. HOUSE OF REPRESENTATIVE,,Write-in 40,NP,0,0,0,0
Box Elder,Perry 01,GOVERNOR,,Registered Voters,NP,651,,,
Box Elder,Perry 01,GOVERNOR,,PETER S COOKE,DEM,31,27,4,62
Box Elder,Perry 01,GOVERNOR,,KEN LARSEN,LIB,2,1,3,6
Box Elder,Perry 01,GOVERNOR,,KIRK D PEARSON,CON,3,2,1,6
Box Elder,Perry 01,GOVERNOR,,GARY R. HERBERT,REP,266,122,30,418
Box Elder,Perry 01,GOVERNOR,,DAVID J CANNON,NP,0,0,0,0
Box Elder,Perry 01,GOVERNOR,,DENNIS C. OWEN,NP,0,0,0,0
Box Elder,Perry 01,GOVERNOR,,Write-in 50,NP,0,0,0,0
Box Elder,Perry 01,ATTY GENERAL,,Registered Voters,NP,651,,,
Box Elder,Perry 01,ATTY GENERAL,,DEE W. SMITH,DEM,41,42,3,86
Box Elder,Perry 01,ATTY GENERAL,,JOHN SWALLOW,REP,243,101,31,375
Box Elder,Perry 01,ATTY GENERAL,,W. ANDREW McCULLOUGH,LIB,9,6,3,18
Box Elder,Perry 01,ATTY GENERAL,,Write-in 40,NP,0,0,0,0
Box Elder,Perry 01,STATE AUDITOR,,Registered Voters,NP,651,,,
Box Elder,Perry 01,STATE AUDITOR,,MARK SAGE,DEM,26,24,1,51
Box Elder,Perry 01,STATE AUDITOR,,JOHN DOUGALL,REP,245,117,33,395
Box Elder,Perry 01,STATE AUDITOR,,RICHARD PROCTOR,CON,19,5,3,27
Box Elder,Perry 01,STATE AUDITOR,,Write-in 40,NP,1,0,0,1
Box Elder,Perry 01,STATE TREASURER,,Registered Voters,NP,651,,,
Box Elder,Perry 01,STATE TREASURER,,CHRISTOPHER STOUT,DEM,21,26,1,48
Box Elder,Perry 01,STATE TREASURER,,VINCENT C. MARCUS,LIB,15,8,4,27
Box Elder,Perry 01,STATE TREASURER,,RICHARD K. ELLIS,REP,256,111,32,399
Box Elder,Perry 01,STATE TREASURER,,WARREN ROGERS,NP,0,0,0,0
Box Elder,Perry 01,STATE TREASURER,,Write-in 40,NP,0,0,0,0
Box Elder,Perry 01,UTAH STATE HOUSE OF REPRESENTATIVES29,,Registered Voters,NP,651,,,
Box Elder,Perry 01,UTAH STATE HOUSE OF REPRESENTATIVES29,,LEE B PERRY,REP,276,127,31,434
Box Elder,Perry 01,UTAH STATE HOUSE OF REPRESENTATIVES29,,HEIDI BITTON,DEM,21,23,5,49
Box Elder,Perry 01,UTAH STATE HOUSE OF REPRESENTATIVES29,,Write-in 30,NP,0,0,1,1
Box Elder,Perry 01,UTAH STATE SCHOOL BOARD OF EDUCATION,,Registered Voters,NP,651,,,
Box Elder,Perry 01,UTAH STATE SCHOOL BOARD OF EDUCATION,,D. ALAN SHAKESPEAR,NP,140,76,12,228
Box Elder,Perry 01,UTAH STATE SCHOOL BOARD OF EDUCATION,,TAMI W. PYFER,NP,100,47,19,166
Box Elder,Perry 01,UTAH STATE SCHOOL BOARD OF EDUCATION,,Write-in 30,NP,1,0,0,1
Box Elder,Perry 01,BOX ELDER COUNTY COMMISSION SEAT C,,Registered Voters,NP,651,,,
Box Elder,Perry 01,BOX ELDER COUNTY COMMISSION SEAT C,,STAN SUMMERS,REP,282,131,35,448
Box Elder,Perry 01,BOX ELDER COUNTY COMMISSION SEAT C,,Write-in 20,NP,0,2,0,2
Box Elder,Perry 01,Judge KEVIN K. ALLEN,,Registered Voters,NP,651,,,
Box Elder,Perry 01,Judge KEVIN K. ALLEN,,YES,NP,220,107,28,355
Box Elder,Perry 01,Judge KEVIN K. ALLEN,,NO,NP,30,23,4,57
Box Elder,Perry 01,Judge JEFFREY R. BURBANK,,Registered Voters,NP,651,,,
Box Elder,Perry 01,Judge JEFFREY R. BURBANK,,YES,NP,226,112,28,366
Box Elder,Perry 01,Judge JEFFREY R. BURBANK,,NO,NP,25,20,4,49
Box Elder,Perry 01,Constitutional Amendment A,,Registered Voters,NP,651,,,
Box Elder,Perry 01,Constitutional Amendment A,,FOR,NP,129,69,21,219
Box Elder,Perry 01,Constitutional Amendment A,,AGAINST,NP,132,68,12,212
Box Elder,Perry 01,Constitutional Amendment B,,Registered Voters,NP,651,,,
Box Elder,Perry 01,Constitutional Amendment B,,FOR,NP,198,95,25,318
Box Elder,Perry 01,Constitutional Amendment B,,AGAINST,NP,81,45,9,135
Box Elder,Perry 02,STRAIGHT PARTY,,Registered Voters,NP,524,,,
Box Elder,Perry 02,STRAIGHT PARTY,,CONSTITUTION,CON,0,0,0,0
Box Elder,Perry 02,STRAIGHT PARTY,,LIBERTARIAN,LIB,1,0,0,1
Box Elder,Perry 02,STRAIGHT PARTY,,DEMOCRATIC,DEM,3,2,1,6
Box Elder,Perry 02,STRAIGHT PARTY,,REPUBLICAN,REP,71,25,26,122
Box Elder,Perry 02,STRAIGHT PARTY,,JUSTICE,JUS,0,0,0,0
Box Elder,Perry 02,STRAIGHT PARTY,,GREEN,GRN,0,0,0,0
Box Elder,Perry 02,U.S. PRESIDENT,,Registered Voters,NP,524,,,
Box Elder,Perry 02,U.S. PRESIDENT,,JILL STEIN,GRN,0,0,0,0
Box Elder,Perry 02,U.S. PRESIDENT,,GLORIA LA RIVA,PSL,0,0,0,0
Box Elder,Perry 02,U.S. PRESIDENT,,MITT ROMNEY,REP,197,74,99,370
Box Elder,Perry 02,U.S. PRESIDENT,,BARACK OBAMA,DEM,9,7,5,21
Box Elder,Perry 02,U.S. PRESIDENT,,GARY JOHNSON,LIB,6,1,1,8
Box Elder,Perry 02,U.S. PRESIDENT,,VIRGIL GOODE,CON,0,0,0,0
Box Elder,Perry 02,U.S. PRESIDENT,,"ROSS C. \ROCKY\"" ANDE""",JUS,3,0,0,3
Box Elder,Perry 02,U.S. PRESIDENT,,ROSEANNE BARR,NP,0,0,0,0
Box Elder,Perry 02,U.S. PRESIDENT,,STEPHEN DURHAM,NP,0,0,0,0
Box Elder,Perry 02,U.S. PRESIDENT,,JILL REED,NP,0,0,0,0
Box Elder,Perry 02,U.S. PRESIDENT,,ANDRE BARNETT,NP,0,0,0,0
Box Elder,Perry 02,U.S. PRESIDENT,,WILL CHRISTENSEN,NP,0,0,0,0
Box Elder,Perry 02,U.S. PRESIDENT,,JUSTIN MEYERS,NP,0,0,0,0
Box Elder,Perry 02,U.S. PRESIDENT,,SHEILA SAM TITTLE,NP,0,0,0,0
Box Elder,Perry 02,U.S. PRESIDENT,,ERIN KENT MAGEE,NP,0,0,0,0
Box Elder,Perry 02,U.S. PRESIDENT,,DEAN MORSTAD,NP,0,0,0,0
Box Elder,Perry 02,U.S. PRESIDENT,,NELSON MORSTAD,NP,0,0,0,0
Box Elder,Perry 02,U.S. PRESIDENT,,DARRELL HYKES,NP,0,0,0,0
Box Elder,Perry 02,U.S. PRESIDENT,,Write-in 80,NP,0,1,0,1
Box Elder,Perry 02,U. S. SENATE,,Registered Voters,NP,524,,,
Box Elder,Perry 02,U. S. SENATE,,SHAUN LYNN McCAUSLAN,CON,9,4,0,13
Box Elder,Perry 02,U. S. SENATE,,SCOTT HOWELL,DEM,19,15,7,41
Box Elder,Perry 02,U. S. SENATE,,ORRIN G. HATCH,REP,180,63,95,338
Box Elder,Perry 02,U. S. SENATE,,DANIEL GEERY,JUS,2,0,1,3
Box Elder,Perry 02,U. S. SENATE,,BILL BARRON,UNA,4,0,0,4
Box Elder,Perry 02,U. S. SENATE,,JoANN S. SECRIST,NP,0,0,0,0
Box Elder,Perry 02,U. S. SENATE,,Write-in 60,NP,0,0,1,1
Box Elder,Perry 02,U. S. HOUSE OF REPRESENTATIVE,,Registered Voters,NP,524,,,
Box Elder,Perry 02,U. S. HOUSE OF REPRESENTATIVE,,SHERRY PHIPPS,CON,10,2,0,12
Box Elder,Perry 02,U. S. HOUSE OF REPRESENTATIVE,,DONNA M. McALEER,DEM,18,13,4,35
Box Elder,Perry 02,U. S. HOUSE OF REPRESENTATIVE,,ROB BISHOP,REP,185,67,98,350
Box Elder,Perry 02,U. S. HOUSE OF REPRESENTATIVE,,Write-in 40,NP,1,0,1,2
Box Elder,Perry 02,GOVERNOR,,Registered Voters,NP,524,,,
Box Elder,Perry 02,GOVERNOR,,PETER S COOKE,DEM,20,15,5,40
Box Elder,Perry 02,GOVERNOR,,KEN LARSEN,LIB,7,1,3,11
Box Elder,Perry 02,GOVERNOR,,KIRK D PEARSON,CON,4,0,0,4
Box Elder,Perry 02,GOVERNOR,,GARY R. HERBERT,REP,181,67,95,343
Box Elder,Perry 02,GOVERNOR,,DAVID J CANNON,NP,0,0,0,0
Box Elder,Perry 02,GOVERNOR,,DENNIS C. OWEN,NP,0,0,0,0
Box Elder,Perry 02,GOVERNOR,,Write-in 50,NP,0,0,0,0
Box Elder,Perry 02,ATTY GENERAL,,Registered Voters,NP,524,,,
Box Elder,Perry 02,ATTY GENERAL,,DEE W. SMITH,DEM,38,15,15,68
Box Elder,Perry 02,ATTY GENERAL,,JOHN SWALLOW,REP,163,63,86,312
Box Elder,Perry 02,ATTY GENERAL,,W. ANDREW McCULLOUGH,LIB,11,4,2,17
Box Elder,Perry 02,ATTY GENERAL,,Write-in 40,NP,0,0,0,0
Box Elder,Perry 02,STATE AUDITOR,,Registered Voters,NP,524,,,
Box Elder,Perry 02,STATE AUDITOR,,MARK SAGE,DEM,23,10,12,45
Box Elder,Perry 02,STATE AUDITOR,,JOHN DOUGALL,REP,169,65,86,320
Box Elder,Perry 02,STATE AUDITOR,,RICHARD PROCTOR,CON,14,5,2,21
Box Elder,Perry 02,STATE AUDITOR,,Write-in 40,NP,1,0,0,1
Box Elder,Perry 02,STATE TREASURER,,Registered Voters,NP,524,,,
Box Elder,Perry 02,STATE TREASURER,,CHRISTOPHER STOUT,DEM,19,10,6,35
Box Elder,Perry 02,STATE TREASURER,,VINCENT C. MARCUS,LIB,20,6,2,28
Box Elder,Perry 02,STATE TREASURER,,RICHARD K. ELLIS,REP,168,63,90,321
Box Elder,Perry 02,STATE TREASURER,,WARREN ROGERS,NP,0,0,0,0
Box Elder,Perry 02,STATE TREASURER,,Write-in 40,NP,0,0,0,0
Box Elder,Perry 02,UTAH STATE HOUSE OF REPRESENTATIVES29,,Registered Voters,NP,524,,,
Box Elder,Perry 02,UTAH STATE HOUSE OF REPRESENTATIVES29,,LEE B PERRY,REP,192,75,97,364
Box Elder,Perry 02,UTAH STATE HOUSE OF REPRESENTATIVES29,,HEIDI BITTON,DEM,20,7,6,33
Box Elder,Perry 02,UTAH STATE HOUSE OF REPRESENTATIVES29,,Write-in 30,NP,1,1,0,2
Box Elder,Perry 02,UTAH STATE SCHOOL BOARD OF EDUCATION,,Registered Voters,NP,524,,,
Box Elder,Perry 02,UTAH STATE SCHOOL BOARD OF EDUCATION,,D. ALAN SHAKESPEAR,NP,98,41,53,192
Box Elder,Perry 02,UTAH STATE SCHOOL BOARD OF EDUCATION,,TAMI W. PYFER,NP,64,25,31,120
Box Elder,Perry 02,UTAH STATE SCHOOL BOARD OF EDUCATION,,Write-in 30,NP,1,0,0,1
Box Elder,Perry 02,BOX ELDER COUNTY COMMISSION SEAT C,,Registered Voters,NP,524,,,
Box Elder,Perry 02,BOX ELDER COUNTY COMMISSION SEAT C,,STAN SUMMERS,REP,200,74,97,371
Box Elder,Perry 02,BOX ELDER COUNTY COMMISSION SEAT C,,Write-in 20,NP,2,2,0,4
Box Elder,Perry 02,Judge KEVIN K. ALLEN,,Registered Voters,NP,524,,,
Box Elder,Perry 02,Judge KEVIN K. ALLEN,,YES,NP,147,51,86,284
Box Elder,Perry 02,Judge KEVIN K. ALLEN,,NO,NP,34,20,5,59
Box Elder,Perry 02,Judge JEFFREY R. BURBANK,,Registered Voters,NP,524,,,
Box Elder,Perry 02,Judge JEFFREY R. BURBANK,,YES,NP,148,51,87,286
Box Elder,Perry 02,Judge JEFFREY R. BURBANK,,NO,NP,31,21,3,55
Box Elder,Perry 02,Constitutional Amendment A,,Registered Voters,NP,524,,,
Box Elder,Perry 02,Constitutional Amendment A,,FOR,NP,93,38,50,181
Box Elder,Perry 02,Constitutional Amendment A,,AGAINST,NP,97,38,45,180
Box Elder,Perry 02,Constitutional Amendment B,,Registered Voters,NP,524,,,
Box Elder,Perry 02,Constitutional Amendment B,,FOR,NP,118,48,62,228
Box Elder,Perry 02,Constitutional Amendment B,,AGAINST,NP,81,28,36,145
Box Elder,Perry 03,STRAIGHT PARTY,,Registered Voters,NP,747,,,
Box Elder,Perry 03,STRAIGHT PARTY,,CONSTITUTION,CON,0,0,0,0
Box Elder,Perry 03,STRAIGHT PARTY,,LIBERTARIAN,LIB,1,0,0,1
Box Elder,Perry 03,STRAIGHT PARTY,,DEMOCRATIC,DEM,5,8,0,13
Box Elder,Perry 03,STRAIGHT PARTY,,REPUBLICAN,REP,97,38,37,172
Box Elder,Perry 03,STRAIGHT PARTY,,JUSTICE,JUS,0,0,0,0
Box Elder,Perry 03,STRAIGHT PARTY,,GREEN,GRN,0,0,0,0
Box Elder,Perry 03,U.S. PRESIDENT,,Registered Voters,NP,747,,,
Box Elder,Perry 03,U.S. PRESIDENT,,JILL STEIN,GRN,0,0,0,0
Box Elder,Perry 03,U.S. PRESIDENT,,GLORIA LA RIVA,PSL,0,0,0,0
Box Elder,Perry 03,U.S. PRESIDENT,,MITT ROMNEY,REP,320,97,118,535
Box Elder,Perry 03,U.S. PRESIDENT,,BARACK OBAMA,DEM,33,23,2,58
Box Elder,Perry 03,U.S. PRESIDENT,,GARY JOHNSON,LIB,4,1,1,6
Box Elder,Perry 03,U.S. PRESIDENT,,VIRGIL GOODE,CON,1,1,0,2
Box Elder,Perry 03,U.S. PRESIDENT,,"ROSS C. \ROCKY\"" ANDE""",JUS,0,0,0,0
Box Elder,Perry 03,U.S. PRESIDENT,,ROSEANNE BARR,NP,0,0,0,0
Box Elder,Perry 03,U.S. PRESIDENT,,STEPHEN DURHAM,NP,0,0,0,0
Box Elder,Perry 03,U.S. PRESIDENT,,JILL REED,NP,0,0,0,0
Box Elder,Perry 03,U.S. PRESIDENT,,ANDRE BARNETT,NP,0,0,0,0
Box Elder,Perry 03,U.S. PRESIDENT,,WILL CHRISTENSEN,NP,0,0,0,0
Box Elder,Perry 03,U.S. PRESIDENT,,JUSTIN MEYERS,NP,0,0,0,0
Box Elder,Perry 03,U.S. PRESIDENT,,SHEILA SAM TITTLE,NP,0,0,0,0
Box Elder,Perry 03,U.S. PRESIDENT,,ERIN KENT MAGEE,NP,0,0,0,0
Box Elder,Perry 03,U.S. PRESIDENT,,DEAN MORSTAD,NP,0,0,0,0
Box Elder,Perry 03,U.S. PRESIDENT,,NELSON MORSTAD,NP,0,0,0,0
Box Elder,Perry 03,U.S. PRESIDENT,,DARRELL HYKES,NP,0,0,0,0
Box Elder,Perry 03,U.S. PRESIDENT,,Write-in 80,NP,6,0,0,6
Box Elder,Perry 03,U. S. SENATE,,Registered Voters,NP,747,,,
Box Elder,Perry 03,U. S. SENATE,,SHAUN LYNN McCAUSLAN,CON,7,3,2,12
Box Elder,Perry 03,U. S. SENATE,,SCOTT HOWELL,DEM,52,32,3,87
Box Elder,Perry 03,U. S. SENATE,,ORRIN G. HATCH,REP,294,83,113,490
Box Elder,Perry 03,U. S. SENATE,,DANIEL GEERY,JUS,1,0,1,2
Box Elder,Perry 03,U. S. SENATE,,BILL BARRON,UNA,4,1,0,5
Box Elder,Perry 03,U. S. SENATE,,JoANN S. SECRIST,NP,0,0,0,0
Box Elder,Perry 03,U. S. SENATE,,Write-in 60,NP,0,1,1,2
Box Elder,Perry 03,U. S. HOUSE OF REPRESENTATIVE,,Registered Voters,NP,747,,,
Box Elder,Perry 03,U. S. HOUSE OF REPRESENTATIVE,,SHERRY PHIPPS,CON,16,3,1,20
Box Elder,Perry 03,U. S. HOUSE OF REPRESENTATIVE,,DONNA M. McALEER,DEM,39,29,2,70
Box Elder,Perry 03,U. S. HOUSE OF REPRESENTATIVE,,ROB BISHOP,REP,303,89,118,510
Box Elder,Perry 03,U. S. HOUSE OF REPRESENTATIVE,,Write-in 40,NP,0,0,0,0
Box Elder,Perry 03,GOVERNOR,,Registered Voters,NP,747,,,
Box Elder,Perry 03,GOVERNOR,,PETER S COOKE,DEM,51,25,9,85
Box Elder,Perry 03,GOVERNOR,,KEN LARSEN,LIB,1,3,0,4
Box Elder,Perry 03,GOVERNOR,,KIRK D PEARSON,CON,9,2,1,12
Box Elder,Perry 03,GOVERNOR,,GARY R. HERBERT,REP,300,88,109,497
Box Elder,Perry 03,GOVERNOR,,DAVID J CANNON,NP,0,0,0,0
Box Elder,Perry 03,GOVERNOR,,DENNIS C. OWEN,NP,0,0,0,0
Box Elder,Perry 03,GOVERNOR,,Write-in 50,NP,0,0,0,0
Box Elder,Perry 03,ATTY GENERAL,,Registered Voters,NP,747,,,
Box Elder,Perry 03,ATTY GENERAL,,DEE W. SMITH,DEM,63,31,17,111
Box Elder,Perry 03,ATTY GENERAL,,JOHN SWALLOW,REP,274,81,98,453
Box Elder,Perry 03,ATTY GENERAL,,W. ANDREW McCULLOUGH,LIB,12,6,2,20
Box Elder,Perry 03,ATTY GENERAL,,Write-in 40,NP,0,0,1,1
Box Elder,Perry 03,STATE AUDITOR,,Registered Voters,NP,747,,,
Box Elder,Perry 03,STATE AUDITOR,,MARK SAGE,DEM,38,29,11,78
Box Elder,Perry 03,STATE AUDITOR,,JOHN DOUGALL,REP,284,84,103,471
Box Elder,Perry 03,STATE AUDITOR,,RICHARD PROCTOR,CON,22,4,4,30
Box Elder,Perry 03,STATE AUDITOR,,Write-in 40,NP,0,0,0,0
Box Elder,Perry 03,STATE TREASURER,,Registered Voters,NP,747,,,
Box Elder,Perry 03,STATE TREASURER,,CHRISTOPHER STOUT,DEM,39,23,12,74
Box Elder,Perry 03,STATE TREASURER,,VINCENT C. MARCUS,LIB,17,6,1,24
Box Elder,Perry 03,STATE TREASURER,,RICHARD K. ELLIS,REP,289,87,107,483
Box Elder,Perry 03,STATE TREASURER,,WARREN ROGERS,NP,0,0,0,0
Box Elder,Perry 03,STATE TREASURER,,Write-in 40,NP,0,0,0,0
Box Elder,Perry 03,UTAH STATE HOUSE OF REPRESENTATIVES29,,Registered Voters,NP,747,,,
Box Elder,Perry 03,UTAH STATE HOUSE OF REPRESENTATIVES29,,LEE B PERRY,REP,326,101,117,544
Box Elder,Perry 03,UTAH STATE HOUSE OF REPRESENTATIVES29,,HEIDI BITTON,DEM,32,18,3,53
Box Elder,Perry 03,UTAH STATE HOUSE OF REPRESENTATIVES29,,Write-in 30,NP,0,0,0,0
Box Elder,Perry 03,UTAH STATE SCHOOL BOARD OF EDUCATION,,Registered Voters,NP,747,,,
Box Elder,Perry 03,UTAH STATE SCHOOL BOARD OF EDUCATION,,D. ALAN SHAKESPEAR,NP,178,51,59,288
Box Elder,Perry 03,UTAH STATE SCHOOL BOARD OF EDUCATION,,TAMI W. PYFER,NP,123,36,43,202
Box Elder,Perry 03,UTAH STATE SCHOOL BOARD OF EDUCATION,,Write-in 30,NP,0,0,0,0
Box Elder,Perry 03,BOX ELDER COUNTY COMMISSION SEAT C,,Registered Voters,NP,747,,,
Box Elder,Perry 03,BOX ELDER COUNTY COMMISSION SEAT C,,STAN SUMMERS,REP,334,110,113,557
Box Elder,Perry 03,BOX ELDER COUNTY COMMISSION SEAT C,,Write-in 20,NP,3,1,1,5
Box Elder,Perry 03,Judge KEVIN K. ALLEN,,Registered Voters,NP,747,,,
Box Elder,Perry 03,Judge KEVIN K. ALLEN,,YES,NP,276,80,94,450
Box Elder,Perry 03,Judge KEVIN K. ALLEN,,NO,NP,42,18,14,74
Box Elder,Perry 03,Judge JEFFREY R. BURBANK,,Registered Voters,NP,747,,,
Box Elder,Perry 03,Judge JEFFREY R. BURBANK,,YES,NP,286,82,96,464
Box Elder,Perry 03,Judge JEFFREY R. BURBANK,,NO,NP,34,15,13,62
Box Elder,Perry 03,Constitutional Amendment A,,Registered Voters,NP,747,,,
Box Elder,Perry 03,Constitutional Amendment A,,FOR,NP,180,61,58,299
Box Elder,Perry 03,Constitutional Amendment A,,AGAINST,NP,151,43,49,243
Box Elder,Perry 03,Constitutional Amendment B,,Registered Voters,NP,747,,,
Box Elder,Perry 03,Constitutional Amendment B,,FOR,NP,227,70,89,386
Box Elder,Perry 03,Constitutional Amendment B,,AGAINST,NP,113,35,27,175
Box Elder,Perry 04,STRAIGHT PARTY,,Registered Voters,NP,752,,,
Box Elder,Perry 04,STRAIGHT PARTY,,CONSTITUTION,CON,0,0,0,0
Box Elder,Perry 04,STRAIGHT PARTY,,LIBERTARIAN,LIB,1,0,0,1
Box Elder,Perry 04,STRAIGHT PARTY,,DEMOCRATIC,DEM,8,6,1,15
Box Elder,Perry 04,STRAIGHT PARTY,,REPUBLICAN,REP,118,40,7,165
Box Elder,Perry 04,STRAIGHT PARTY,,JUSTICE,JUS,0,0,0,0
Box Elder,Perry 04,STRAIGHT PARTY,,GREEN,GRN,0,0,0,0
Box Elder,Perry 04,U.S. PRESIDENT,,Registered Voters,NP,752,,,
Box Elder,Perry 04,U.S. PRESIDENT,,JILL STEIN,GRN,1,0,0,1
Box Elder,Perry 04,U.S. PRESIDENT,,GLORIA LA RIVA,PSL,0,0,0,0
Box Elder,Perry 04,U.S. PRESIDENT,,MITT ROMNEY,REP,337,129,23,489
Box Elder,Perry 04,U.S. PRESIDENT,,BARACK OBAMA,DEM,25,17,4,46
Box Elder,Perry 04,U.S. PRESIDENT,,GARY JOHNSON,LIB,6,1,0,7
Box Elder,Perry 04,U.S. PRESIDENT,,VIRGIL GOODE,CON,0,1,0,1
Box Elder,Perry 04,U.S. PRESIDENT,,"ROSS C. \ROCKY\"" ANDE""",JUS,1,0,0,1
Box Elder,Perry 04,U.S. PRESIDENT,,ROSEANNE BARR,NP,0,0,0,0
Box Elder,Perry 04,U.S. PRESIDENT,,STEPHEN DURHAM,NP,0,0,0,0
Box Elder,Perry 04,U.S. PRESIDENT,,JILL REED,NP,0,0,0,0
Box Elder,Perry 04,U.S. PRESIDENT,,ANDRE BARNETT,NP,0,0,0,0
Box Elder,Perry 04,U.S. PRESIDENT,,WILL CHRISTENSEN,NP,0,0,0,0
Box Elder,Perry 04,U.S. PRESIDENT,,JUSTIN MEYERS,NP,0,0,0,0
Box Elder,Perry 04,U.S. PRESIDENT,,SHEILA SAM TITTLE,NP,0,0,0,0
Box Elder,Perry 04,U.S. PRESIDENT,,ERIN KENT MAGEE,NP,0,0,0,0
Box Elder,Perry 04,U.S. PRESIDENT,,DEAN MORSTAD,NP,0,0,0,0
Box Elder,Perry 04,U.S. PRESIDENT,,NELSON MORSTAD,NP,0,0,0,0
Box Elder,Perry 04,U.S. PRESIDENT,,DARRELL HYKES,NP,0,0,0,0
Box Elder,Perry 04,U.S. PRESIDENT,,Write-in 80,NP,1,1,0,2
Box Elder,Perry 04,U. S. SENATE,,Registered Voters,NP,752,,,
Box Elder,Perry 04,U. S. SENATE,,SHAUN LYNN McCAUSLAN,CON,10,4,2,16
Box Elder,Perry 04,U. S. SENATE,,SCOTT HOWELL,DEM,42,25,3,70
Box Elder,Perry 04,U. S. SENATE,,ORRIN G. HATCH,REP,307,118,22,447
Box Elder,Perry 04,U. S. SENATE,,DANIEL GEERY,JUS,1,0,0,1
Box Elder,Perry 04,U. S. SENATE,,BILL BARRON,UNA,1,1,0,2
Box Elder,Perry 04,U. S. SENATE,,JoANN S. SECRIST,NP,0,0,0,0
Box Elder,Perry 04,U. S. SENATE,,Write-in 60,NP,1,0,0,1
Box Elder,Perry 04,U. S. HOUSE OF REPRESENTATIVE,,Registered Voters,NP,752,,,
Box Elder,Perry 04,U. S. HOUSE OF REPRESENTATIVE,,SHERRY PHIPPS,CON,12,2,1,15
Box Elder,Perry 04,U. S. HOUSE OF REPRESENTATIVE,,DONNA M. McALEER,DEM,36,23,3,62
Box Elder,Perry 04,U. S. HOUSE OF REPRESENTATIVE,,ROB BISHOP,REP,318,121,23,462
Box Elder,Perry 04,U. S. HOUSE OF REPRESENTATIVE,,Write-in 40,NP,0,0,0,0
Box Elder,Perry 04,GOVERNOR,,Registered Voters,NP,752,,,
Box Elder,Perry 04,GOVERNOR,,PETER S COOKE,DEM,39,28,3,70
Box Elder,Perry 04,GOVERNOR,,KEN LARSEN,LIB,4,1,0,5
Box Elder,Perry 04,GOVERNOR,,KIRK D PEARSON,CON,7,0,1,8
Box Elder,Perry 04,GOVERNOR,,GARY R. HERBERT,REP,315,118,23,456
Box Elder,Perry 04,GOVERNOR,,DAVID J CANNON,NP,0,0,0,0
Box Elder,Perry 04,GOVERNOR,,DENNIS C. OWEN,NP,0,0,0,0
Box Elder,Perry 04,GOVERNOR,,Write-in 50,NP,0,0,0,0
Box Elder,Perry 04,ATTY GENERAL,,Registered Voters,NP,752,,,
Box Elder,Perry 04,ATTY GENERAL,,DEE W. SMITH,DEM,57,25,6,88
Box Elder,Perry 04,ATTY GENERAL,,JOHN SWALLOW,REP,290,117,19,426
Box Elder,Perry 04,ATTY GENERAL,,W. ANDREW McCULLOUGH,LIB,13,2,2,17
Box Elder,Perry 04,ATTY GENERAL,,Write-in 40,NP,0,0,0,0
Box Elder,Perry 04,STATE AUDITOR,,Registered Voters,NP,752,,,
Box Elder,Perry 04,STATE AUDITOR,,MARK SAGE,DEM,40,25,6,71
Box Elder,Perry 04,STATE AUDITOR,,JOHN DOUGALL,REP,293,109,18,420
Box Elder,Perry 04,STATE AUDITOR,,RICHARD PROCTOR,CON,21,10,3,34
Box Elder,Perry 04,STATE AUDITOR,,Write-in 40,NP,0,0,0,0
Box Elder,Perry 04,STATE TREASURER,,Registered Voters,NP,752,,,
Box Elder,Perry 04,STATE TREASURER,,CHRISTOPHER STOUT,DEM,44,21,5,70
Box Elder,Perry 04,STATE TREASURER,,VINCENT C. MARCUS,LIB,23,4,4,31
Box Elder,Perry 04,STATE TREASURER,,RICHARD K. ELLIS,REP,289,118,18,425
Box Elder,Perry 04,STATE TREASURER,,WARREN ROGERS,NP,0,0,0,0
Box Elder,Perry 04,STATE TREASURER,,Write-in 40,NP,0,0,0,0
Box Elder,Perry 04,UTAH STATE HOUSE OF REPRESENTATIVES29,,Registered Voters,NP,752,,,
Box Elder,Perry 04,UTAH STATE HOUSE OF REPRESENTATIVES29,,LEE B PERRY,REP,330,123,24,477
Box Elder,Perry 04,UTAH STATE HOUSE OF REPRESENTATIVES29,,HEIDI BITTON,DEM,32,19,3,54
Box Elder,Perry 04,UTAH STATE HOUSE OF REPRESENTATIVES29,,Write-in 30,NP,1,1,0,2
Box Elder,Perry 04,UTAH STATE SCHOOL BOARD OF EDUCATION,,Registered Voters,NP,752,,,
Box Elder,Perry 04,UTAH STATE SCHOOL BOARD OF EDUCATION,,D. ALAN SHAKESPEAR,NP,164,66,12,242
Box Elder,Perry 04,UTAH STATE SCHOOL BOARD OF EDUCATION,,TAMI W. PYFER,NP,127,53,10,190
Box Elder,Perry 04,UTAH STATE SCHOOL BOARD OF EDUCATION,,Write-in 30,NP,2,3,0,5
Box Elder,Perry 04,BOX ELDER COUNTY COMMISSION SEAT C,,Registered Voters,NP,752,,,
Box Elder,Perry 04,BOX ELDER COUNTY COMMISSION SEAT C,,STAN SUMMERS,REP,338,130,24,492
Box Elder,Perry 04,BOX ELDER COUNTY COMMISSION SEAT C,,Write-in 20,NP,2,2,1,5
Box Elder,Perry 04,Judge KEVIN K. ALLEN,,Registered Voters,NP,752,,,
Box Elder,Perry 04,Judge KEVIN K. ALLEN,,YES,NP,278,104,20,402
Box Elder,Perry 04,Judge KEVIN K. ALLEN,,NO,NP,42,26,7,75
Box Elder,Perry 04,Judge JEFFREY R. BURBANK,,Registered Voters,NP,752,,,
Box Elder,Perry 04,Judge JEFFREY R. BURBANK,,YES,NP,282,103,19,404
Box Elder,Perry 04,Judge JEFFREY R. BURBANK,,NO,NP,38,26,7,71
Box Elder,Perry 04,Constitutional Amendment A,,Registered Voters,NP,752,,,
Box Elder,Perry 04,Constitutional Amendment A,,FOR,NP,168,69,13,250
Box Elder,Perry 04,Constitutional Amendment A,,AGAINST,NP,164,67,12,243
Box Elder,Perry 04,Constitutional Amendment B,,Registered Voters,NP,752,,,
Box Elder,Perry 04,Constitutional Amendment B,,FOR,NP,237,89,13,339
Box Elder,Perry 04,Constitutional Amendment B,,AGAINST,NP,114,51,11,176
Box Elder,Plymouth,STRAIGHT PARTY,,Registered Voters,NP,217,,,
Box Elder,Plymouth,STRAIGHT PARTY,,CONSTITUTION,CON,0,0,,0
Box Elder,Plymouth,STRAIGHT PARTY,,LIBERTARIAN,LIB,2,0,,2
Box Elder,Plymouth,STRAIGHT PARTY,,DEMOCRATIC,DEM,2,0,,2
Box Elder,Plymouth,STRAIGHT PARTY,,REPUBLICAN,REP,41,1,,42
Box Elder,Plymouth,STRAIGHT PARTY,,JUSTICE,JUS,0,0,,0
Box Elder,Plymouth,STRAIGHT PARTY,,GREEN,GRN,0,0,,0
Box Elder,Plymouth,U.S. PRESIDENT,,Registered Voters,NP,217,,,
Box Elder,Plymouth,U.S. PRESIDENT,,JILL STEIN,GRN,0,0,,0
Box Elder,Plymouth,U.S. PRESIDENT,,GLORIA LA RIVA,PSL,0,0,,0
Box Elder,Plymouth,U.S. PRESIDENT,,MITT ROMNEY,REP,165,3,,168
Box Elder,Plymouth,U.S. PRESIDENT,,BARACK OBAMA,DEM,11,0,,11
Box Elder,Plymouth,U.S. PRESIDENT,,GARY JOHNSON,LIB,2,0,,2
Box Elder,Plymouth,U.S. PRESIDENT,,VIRGIL GOODE,CON,0,0,,0
Box Elder,Plymouth,U.S. PRESIDENT,,"ROSS C. \ROCKY\"" ANDE""",JUS,1,0,,1
Box Elder,Plymouth,U.S. PRESIDENT,,ROSEANNE BARR,NP,0,0,,0
Box Elder,Plymouth,U.S. PRESIDENT,,STEPHEN DURHAM,NP,0,0,,0
Box Elder,Plymouth,U.S. PRESIDENT,,JILL REED,NP,0,0,,0
Box Elder,Plymouth,U.S. PRESIDENT,,ANDRE BARNETT,NP,0,0,,0
Box Elder,Plymouth,U.S. PRESIDENT,,WILL CHRISTENSEN,NP,0,0,,0
Box Elder,Plymouth,U.S. PRESIDENT,,JUSTIN MEYERS,NP,0,0,,0
Box Elder,Plymouth,U.S. PRESIDENT,,SHEILA SAM TITTLE,NP,0,0,,0
Box Elder,Plymouth,U.S. PRESIDENT,,ERIN KENT MAGEE,NP,0,0,,0
Box Elder,Plymouth,U.S. PRESIDENT,,DEAN MORSTAD,NP,0,0,,0
Box Elder,Plymouth,U.S. PRESIDENT,,NELSON MORSTAD,NP,0,0,,0
Box Elder,Plymouth,U.S. PRESIDENT,,DARRELL HYKES,NP,0,0,,0
Box Elder,Plymouth,U.S. PRESIDENT,,Write-in 80,NP,0,0,,0
Box Elder,Plymouth,U. S. SENATE,,Registered Voters,NP,217,,,
Box Elder,Plymouth,U. S. SENATE,,SHAUN LYNN McCAUSLAN,CON,7,0,,7
Box Elder,Plymouth,U. S. SENATE,,SCOTT HOWELL,DEM,27,0,,27
Box Elder,Plymouth,U. S. SENATE,,ORRIN G. HATCH,REP,141,2,,143
Box Elder,Plymouth,U. S. SENATE,,DANIEL GEERY,JUS,2,0,,2
Box Elder,Plymouth,U. S. SENATE,,BILL BARRON,UNA,1,0,,1
Box Elder,Plymouth,U. S. SENATE,,JoANN S. SECRIST,NP,0,0,,0
Box Elder,Plymouth,U. S. SENATE,,Write-in 60,NP,0,0,,0
Box Elder,Plymouth,U. S. HOUSE OF REPRESENTATIVE,,Registered Voters,NP,217,,,
Box Elder,Plymouth,U. S. HOUSE OF REPRESENTATIVE,,SHERRY PHIPPS,CON,7,0,,7
Box Elder,Plymouth,U. S. HOUSE OF REPRESENTATIVE,,DONNA M. McALEER,DEM,23,0,,23
Box Elder,Plymouth,U. S. HOUSE OF REPRESENTATIVE,,ROB BISHOP,REP,146,2,,148
Box Elder,Plymouth,U. S. HOUSE OF REPRESENTATIVE,,Write-in 40,NP,0,0,,0
Box Elder,Plymouth,GOVERNOR,,Registered Voters,NP,217,,,
Box Elder,Plymouth,GOVERNOR,,PETER S COOKE,DEM,13,0,,13
Box Elder,Plymouth,GOVERNOR,,KEN LARSEN,LIB,4,0,,4
Box Elder,Plymouth,GOVERNOR,,KIRK D PEARSON,CON,9,0,,9
Box Elder,Plymouth,GOVERNOR,,GARY R. HERBERT,REP,153,3,,156
Box Elder,Plymouth,GOVERNOR,,DAVID J CANNON,NP,0,0,,0
Box Elder,Plymouth,GOVERNOR,,DENNIS C. OWEN,NP,0,0,,0
Box Elder,Plymouth,GOVERNOR,,Write-in 50,NP,0,0,,0
Box Elder,Plymouth,ATTY GENERAL,,Registered Voters,NP,217,,,
Box Elder,Plymouth,ATTY GENERAL,,DEE W. SMITH,DEM,27,0,,27
Box Elder,Plymouth,ATTY GENERAL,,JOHN SWALLOW,REP,133,3,,136
Box Elder,Plymouth,ATTY GENERAL,,W. ANDREW McCULLOUGH,LIB,14,0,,14
Box Elder,Plymouth,ATTY GENERAL,,Write-in 40,NP,0,0,,0
Box Elder,Plymouth,STATE AUDITOR,,Registered Voters,NP,217,,,
Box Elder,Plymouth,STATE AUDITOR,,MARK SAGE,DEM,23,1,,24
Box Elder,Plymouth,STATE AUDITOR,,JOHN DOUGALL,REP,134,2,,136
Box Elder,Plymouth,STATE AUDITOR,,RICHARD PROCTOR,CON,16,0,,16
Box Elder,Plymouth,STATE AUDITOR,,Write-in 40,NP,0,0,,0
Box Elder,Plymouth,STATE TREASURER,,Registered Voters,NP,217,,,
Box Elder,Plymouth,STATE TREASURER,,CHRISTOPHER STOUT,DEM,27,1,,28
Box Elder,Plymouth,STATE TREASURER,,VINCENT C. MARCUS,LIB,10,0,,10
Box Elder,Plymouth,STATE TREASURER,,RICHARD K. ELLIS,REP,138,2,,140
Box Elder,Plymouth,STATE TREASURER,,WARREN ROGERS,NP,0,0,,0
Box Elder,Plymouth,STATE TREASURER,,Write-in 40,NP,0,0,,0
Box Elder,Plymouth,UTAH STATE HOUSE OF REPRESENTATIVES1,,Registered Voters,NP,217,,,
Box Elder,Plymouth,UTAH STATE HOUSE OF REPRESENTATIVES1,,DeLOY W MECHAM,DEM,17,1,,18
Box Elder,Plymouth,UTAH STATE HOUSE OF REPRESENTATIVES1,,RONDA RUDD MENLOVE,REP,153,2,,155
Box Elder,Plymouth,UTAH STATE HOUSE OF REPRESENTATIVES1,,BECKY MADDOX,CON,9,0,,9
Box Elder,Plymouth,UTAH STATE HOUSE OF REPRESENTATIVES1,,Write-in 40,NP,0,0,,0
Box Elder,Plymouth,UTAH STATE SCHOOL BOARD OF EDUCATION,,Registered Voters,NP,217,,,
Box Elder,Plymouth,UTAH STATE SCHOOL BOARD OF EDUCATION,,D. ALAN SHAKESPEAR,NP,81,2,,83
Box Elder,Plymouth,UTAH STATE SCHOOL BOARD OF EDUCATION,,TAMI W. PYFER,NP,75,0,,75
Box Elder,Plymouth,UTAH STATE SCHOOL BOARD OF EDUCATION,,Write-in 30,NP,3,0,,3
Box Elder,Plymouth,BOX ELDER COUNTY COMMISSION SEAT C,,Registered Voters,NP,217,,,
Box Elder,Plymouth,BOX ELDER COUNTY COMMISSION SEAT C,,STAN SUMMERS,REP,171,2,,173
Box Elder,Plymouth,BOX ELDER COUNTY COMMISSION SEAT C,,Write-in 20,NP,0,0,,0
Box Elder,Plymouth,Judge KEVIN K. ALLEN,,Registered Voters,NP,217,,,
Box Elder,Plymouth,Judge KEVIN K. ALLEN,,YES,NP,137,2,,139
Box Elder,Plymouth,Judge KEVIN K. ALLEN,,NO,NP,24,0,,24
Box Elder,Plymouth,Judge JEFFREY R. BURBANK,,Registered Voters,NP,217,,,
Box Elder,Plymouth,Judge JEFFREY R. BURBANK,,YES,NP,146,2,,148
Box Elder,Plymouth,Judge JEFFREY R. BURBANK,,NO,NP,20,0,,20
Box Elder,Plymouth,BOX ELDER COUNTY SCHOOL BOARD DIST 1,,Registered Voters,NP,217,,,
Box Elder,Plymouth,BOX ELDER COUNTY SCHOOL BOARD DIST 1,,LYNN A. CAPENER,NP,165,2,,167
Box Elder,Plymouth,BOX ELDER COUNTY SCHOOL BOARD DIST 1,,Write-in 20,NP,0,0,,0
Box Elder,Plymouth,Constitutional Amendment A,,Registered Voters,NP,217,,,
Box Elder,Plymouth,Constitutional Amendment A,,FOR,NP,71,1,,72
Box Elder,Plymouth,Constitutional Amendment A,,AGAINST,NP,93,1,,94
Box Elder,Plymouth,Constitutional Amendment B,,Registered Voters,NP,217,,,
Box Elder,Plymouth,Constitutional Amendment B,,FOR,NP,131,1,,132
Box Elder,Plymouth,Constitutional Amendment B,,AGAINST,NP,42,2,,44
Box Elder,Portage,STRAIGHT PARTY,,Registered Voters,NP,161,,,
Box Elder,Portage,STRAIGHT PARTY,,CONSTITUTION,CON,0,0,,0
Box Elder,Portage,STRAIGHT PARTY,,LIBERTARIAN,LIB,0,0,,0
Box Elder,Portage,STRAIGHT PARTY,,DEMOCRATIC,DEM,3,0,,3
Box Elder,Portage,STRAIGHT PARTY,,REPUBLICAN,REP,33,0,,33
Box Elder,Portage,STRAIGHT PARTY,,JUSTICE,JUS,0,0,,0
Box Elder,Portage,STRAIGHT PARTY,,GREEN,GRN,0,0,,0
Box Elder,Portage,U.S. PRESIDENT,,Registered Voters,NP,161,,,
Box Elder,Portage,U.S. PRESIDENT,,JILL STEIN,GRN,0,0,,0
Box Elder,Portage,U.S. PRESIDENT,,GLORIA LA RIVA,PSL,0,0,,0
Box Elder,Portage,U.S. PRESIDENT,,MITT ROMNEY,REP,122,0,,122
Box Elder,Portage,U.S. PRESIDENT,,BARACK OBAMA,DEM,8,0,,8
Box Elder,Portage,U.S. PRESIDENT,,GARY JOHNSON,LIB,0,0,,0
Box Elder,Portage,U.S. PRESIDENT,,VIRGIL GOODE,CON,0,0,,0
Box Elder,Portage,U.S. PRESIDENT,,"ROSS C. \ROCKY\"" ANDE""",JUS,1,0,,1
Box Elder,Portage,U.S. PRESIDENT,,ROSEANNE BARR,NP,0,0,,0
Box Elder,Portage,U.S. PRESIDENT,,STEPHEN DURHAM,NP,0,0,,0
Box Elder,Portage,U.S. PRESIDENT,,JILL REED,NP,0,0,,0
Box Elder,Portage,U.S. PRESIDENT,,ANDRE BARNETT,NP,0,0,,0
Box Elder,Portage,U.S. PRESIDENT,,WILL CHRISTENSEN,NP,0,0,,0
Box Elder,Portage,U.S. PRESIDENT,,JUSTIN MEYERS,NP,0,0,,0
Box Elder,Portage,U.S. PRESIDENT,,SHEILA SAM TITTLE,NP,0,0,,0
Box Elder,Portage,U.S. PRESIDENT,,ERIN KENT MAGEE,NP,0,0,,0
Box Elder,Portage,U.S. PRESIDENT,,DEAN MORSTAD,NP,0,0,,0
Box Elder,Portage,U.S. PRESIDENT,,NELSON MORSTAD,NP,0,0,,0
Box Elder,Portage,U.S. PRESIDENT,,DARRELL HYKES,NP,0,0,,0
Box Elder,Portage,U.S. PRESIDENT,,Write-in 80,NP,1,0,,1
Box Elder,Portage,U. S. SENATE,,Registered Voters,NP,161,,,
Box Elder,Portage,U. S. SENATE,,SHAUN LYNN McCAUSLAN,CON,13,0,,13
Box Elder,Portage,U. S. SENATE,,SCOTT HOWELL,DEM,23,0,,23
Box Elder,Portage,U. S. SENATE,,ORRIN G. HATCH,REP,94,0,,94
Box Elder,Portage,U. S. SENATE,,DANIEL GEERY,JUS,1,0,,1
Box Elder,Portage,U. S. SENATE,,BILL BARRON,UNA,1,0,,1
Box Elder,Portage,U. S. SENATE,,JoANN S. SECRIST,NP,0,0,,0
Box Elder,Portage,U. S. SENATE,,Write-in 60,NP,0,0,,0
Box Elder,Portage,U. S. HOUSE OF REPRESENTATIVE,,Registered Voters,NP,161,,,
Box Elder,Portage,U. S. HOUSE OF REPRESENTATIVE,,SHERRY PHIPPS,CON,10,0,,10
Box Elder,Portage,U. S. HOUSE OF REPRESENTATIVE,,DONNA M. McALEER,DEM,16,0,,16
Box Elder,Portage,U. S. HOUSE OF REPRESENTATIVE,,ROB BISHOP,REP,104,0,,104
Box Elder,Portage,U. S. HOUSE OF REPRESENTATIVE,,Write-in 40,NP,0,0,,0
Box Elder,Portage,GOVERNOR,,Registered Voters,NP,161,,,
Box Elder,Portage,GOVERNOR,,PETER S COOKE,DEM,19,0,,19
Box Elder,Portage,GOVERNOR,,KEN LARSEN,LIB,5,0,,5
Box Elder,Portage,GOVERNOR,,KIRK D PEARSON,CON,11,0,,11
Box Elder,Portage,GOVERNOR,,GARY R. HERBERT,REP,97,0,,97
Box Elder,Portage,GOVERNOR,,DAVID J CANNON,NP,0,0,,0
Box Elder,Portage,GOVERNOR,,DENNIS C. OWEN,NP,0,0,,0
Box Elder,Portage,GOVERNOR,,Write-in 50,NP,0,0,,0
Box Elder,Portage,ATTY GENERAL,,Registered Voters,NP,161,,,
Box Elder,Portage,ATTY GENERAL,,DEE W. SMITH,DEM,21,0,,21
Box Elder,Portage,ATTY GENERAL,,JOHN SWALLOW,REP,101,0,,101
Box Elder,Portage,ATTY GENERAL,,W. ANDREW McCULLOUGH,LIB,9,0,,9
Box Elder,Portage,ATTY GENERAL,,Write-in 40,NP,0,0,,0
Box Elder,Portage,STATE AUDITOR,,Registered Voters,NP,161,,,
Box Elder,Portage,STATE AUDITOR,,MARK SAGE,DEM,18,0,,18
Box Elder,Portage,STATE AUDITOR,,JOHN DOUGALL,REP,91,0,,91
Box Elder,Portage,STATE AUDITOR,,RICHARD PROCTOR,CON,21,0,,21
Box Elder,Portage,STATE AUDITOR,,Write-in 40,NP,0,0,,0
Box Elder,Portage,STATE TREASURER,,Registered Voters,NP,161,,,
Box Elder,Portage,STATE TREASURER,,CHRISTOPHER STOUT,DEM,15,0,,15
Box Elder,Portage,STATE TREASURER,,VINCENT C. MARCUS,LIB,5,0,,5
Box Elder,Portage,STATE TREASURER,,RICHARD K. ELLIS,REP,107,0,,107
Box Elder,Portage,STATE TREASURER,,WARREN ROGERS,NP,0,0,,0
Box Elder,Portage,STATE TREASURER,,Write-in 40,NP,0,0,,0
Box Elder,Portage,UTAH STATE HOUSE OF REPRESENTATIVES1,,Registered Voters,NP,161,,,
Box Elder,Portage,UTAH STATE HOUSE OF REPRESENTATIVES1,,DeLOY W MECHAM,DEM,18,0,,18
Box Elder,Portage,UTAH STATE HOUSE OF REPRESENTATIVES1,,RONDA RUDD MENLOVE,REP,98,0,,98
Box Elder,Portage,UTAH STATE HOUSE OF REPRESENTATIVES1,,BECKY MADDOX,CON,18,0,,18
Box Elder,Portage,UTAH STATE HOUSE OF REPRESENTATIVES1,,Write-in 40,NP,0,0,,0
Box Elder,Portage,UTAH STATE SCHOOL BOARD OF EDUCATION,,Registered Voters,NP,161,,,
Box Elder,Portage,UTAH STATE SCHOOL BOARD OF EDUCATION,,D. ALAN SHAKESPEAR,NP,67,0,,67
Box Elder,Portage,UTAH STATE SCHOOL BOARD OF EDUCATION,,TAMI W. PYFER,NP,48,0,,48
Box Elder,Portage,UTAH STATE SCHOOL BOARD OF EDUCATION,,Write-in 30,NP,0,0,,0
Box Elder,Portage,BOX ELDER COUNTY COMMISSION SEAT C,,Registered Voters,NP,161,,,
Box Elder,Portage,BOX ELDER COUNTY COMMISSION SEAT C,,STAN SUMMERS,REP,128,0,,128
Box Elder,Portage,BOX ELDER COUNTY COMMISSION SEAT C,,Write-in 20,NP,1,0,,1
Box Elder,Portage,Judge KEVIN K. ALLEN,,Registered Voters,NP,161,,,
Box Elder,Portage,Judge KEVIN K. ALLEN,,YES,NP,85,0,,85
Box Elder,Portage,Judge KEVIN K. ALLEN,,NO,NP,28,0,,28
Box Elder,Portage,Judge JEFFREY R. BURBANK,,Registered Voters,NP,161,,,
Box Elder,Portage,Judge JEFFREY R. BURBANK,,YES,NP,91,0,,91
Box Elder,Portage,Judge JEFFREY R. BURBANK,,NO,NP,24,0,,24
Box Elder,Portage,BOX ELDER COUNTY SCHOOL BOARD DIST 1,,Registered Voters,NP,161,,,
Box Elder,Portage,BOX ELDER COUNTY SCHOOL BOARD DIST 1,,LYNN A. CAPENER,NP,122,0,,122
Box Elder,Portage,BOX ELDER COUNTY SCHOOL BOARD DIST 1,,Write-in 20,NP,2,0,,2
Box Elder,Portage,Constitutional Amendment A,,Registered Voters,NP,161,,,
Box Elder,Portage,Constitutional Amendment A,,FOR,NP,50,0,,50
Box Elder,Portage,Constitutional Amendment A,,AGAINST,NP,75,0,,75
Box Elder,Portage,Constitutional Amendment B,,Registered Voters,NP,161,,,
Box Elder,Portage,Constitutional Amendment B,,FOR,NP,90,0,,90
Box Elder,Portage,Constitutional Amendment B,,AGAINST,NP,38,0,,38
Box Elder,Promontory,STRAIGHT PARTY,,Registered Voters,NP,31,,,
Box Elder,Promontory,STRAIGHT PARTY,,CONSTITUTION,CON,0,0,,0
Box Elder,Promontory,STRAIGHT PARTY,,LIBERTARIAN,LIB,0,0,,0
Box Elder,Promontory,STRAIGHT PARTY,,DEMOCRATIC,DEM,0,0,,0
Box Elder,Promontory,STRAIGHT PARTY,,REPUBLICAN,REP,8,0,,8
Box Elder,Promontory,STRAIGHT PARTY,,JUSTICE,JUS,0,0,,0
Box Elder,Promontory,STRAIGHT PARTY,,GREEN,GRN,0,0,,0
Box Elder,Promontory,U.S. PRESIDENT,,Registered Voters,NP,31,,,
Box Elder,Promontory,U.S. PRESIDENT,,JILL STEIN,GRN,0,0,,0
Box Elder,Promontory,U.S. PRESIDENT,,GLORIA LA RIVA,PSL,0,0,,0
Box Elder,Promontory,U.S. PRESIDENT,,MITT ROMNEY,REP,24,0,,24
Box Elder,Promontory,U.S. PRESIDENT,,BARACK OBAMA,DEM,2,0,,2
Box Elder,Promontory,U.S. PRESIDENT,,GARY JOHNSON,LIB,0,0,,0
Box Elder,Promontory,U.S. PRESIDENT,,VIRGIL GOODE,CON,1,0,,1
Box Elder,Promontory,U.S. PRESIDENT,,"ROSS C. \ROCKY\"" ANDE""",JUS,0,0,,0
Box Elder,Promontory,U.S. PRESIDENT,,ROSEANNE BARR,NP,0,0,,0
Box Elder,Promontory,U.S. PRESIDENT,,STEPHEN DURHAM,NP,0,0,,0
Box Elder,Promontory,U.S. PRESIDENT,,JILL REED,NP,0,0,,0
Box Elder,Promontory,U.S. PRESIDENT,,ANDRE BARNETT,NP,0,0,,0
Box Elder,Promontory,U.S. PRESIDENT,,WILL CHRISTENSEN,NP,0,0,,0
Box Elder,Promontory,U.S. PRESIDENT,,JUSTIN MEYERS,NP,0,0,,0
Box Elder,Promontory,U.S. PRESIDENT,,SHEILA SAM TITTLE,NP,0,0,,0
Box Elder,Promontory,U.S. PRESIDENT,,ERIN KENT MAGEE,NP,0,0,,0
Box Elder,Promontory,U.S. PRESIDENT,,DEAN MORSTAD,NP,0,0,,0
Box Elder,Promontory,U.S. PRESIDENT,,NELSON MORSTAD,NP,0,0,,0
Box Elder,Promontory,U.S. PRESIDENT,,DARRELL HYKES,NP,0,0,,0
Box Elder,Promontory,U.S. PRESIDENT,,Write-in 80,NP,0,0,,0
Box Elder,Promontory,U. S. SENATE,,Registered Voters,NP,31,,,
Box Elder,Promontory,U. S. SENATE,,SHAUN LYNN McCAUSLAN,CON,1,0,,1
Box Elder,Promontory,U. S. SENATE,,SCOTT HOWELL,DEM,0,0,,0
Box Elder,Promontory,U. S. SENATE,,ORRIN G. HATCH,REP,26,0,,26
Box Elder,Promontory,U. S. SENATE,,DANIEL GEERY,JUS,0,0,,0
Box Elder,Promontory,U. S. SENATE,,BILL BARRON,UNA,0,0,,0
Box Elder,Promontory,U. S. SENATE,,JoANN S. SECRIST,NP,0,0,,0
Box Elder,Promontory,U. S. SENATE,,Write-in 60,NP,0,0,,0
Box Elder,Promontory,U. S. HOUSE OF REPRESENTATIVE,,Registered Voters,NP,31,,,
Box Elder,Promontory,U. S. HOUSE OF REPRESENTATIVE,,SHERRY PHIPPS,CON,1,0,,1
Box Elder,Promontory,U. S. HOUSE OF REPRESENTATIVE,,DONNA M. McALEER,DEM,1,0,,1
Box Elder,Promontory,U. S. HOUSE OF REPRESENTATIVE,,ROB BISHOP,REP,25,0,,25
Box Elder,Promontory,U. S. HOUSE OF REPRESENTATIVE,,Write-in 40,NP,0,0,,0
Box Elder,Promontory,GOVERNOR,,Registered Voters,NP,31,,,
Box Elder,Promontory,GOVERNOR,,PETER S COOKE,DEM,3,0,,3
Box Elder,Promontory,GOVERNOR,,KEN LARSEN,LIB,0,0,,0
Box Elder,Promontory,GOVERNOR,,KIRK D PEARSON,CON,0,0,,0
Box Elder,Promontory,GOVERNOR,,GARY R. HERBERT,REP,24,0,,24
Box Elder,Promontory,GOVERNOR,,DAVID J CANNON,NP,0,0,,0
Box Elder,Promontory,GOVERNOR,,DENNIS C. OWEN,NP,0,0,,0
Box Elder,Promontory,GOVERNOR,,Write-in 50,NP,0,0,,0
Box Elder,Promontory,ATTY GENERAL,,Registered Voters,NP,31,,,
Box Elder,Promontory,ATTY GENERAL,,DEE W. SMITH,DEM,1,0,,1
Box Elder,Promontory,ATTY GENERAL,,JOHN SWALLOW,REP,25,0,,25
Box Elder,Promontory,ATTY GENERAL,,W. ANDREW McCULLOUGH,LIB,1,0,,1
Box Elder,Promontory,ATTY GENERAL,,Write-in 40,NP,0,0,,0
Box Elder,Promontory,STATE AUDITOR,,Registered Voters,NP,31,,,
Box Elder,Promontory,STATE AUDITOR,,MARK SAGE,DEM,2,0,,2
Box Elder,Promontory,STATE AUDITOR,,JOHN DOUGALL,REP,23,0,,23
Box Elder,Promontory,STATE AUDITOR,,RICHARD PROCTOR,CON,2,0,,2
Box Elder,Promontory,STATE AUDITOR,,Write-in 40,NP,0,0,,0
Box Elder,Promontory,STATE TREASURER,,Registered Voters,NP,31,,,
Box Elder,Promontory,STATE TREASURER,,CHRISTOPHER STOUT,DEM,5,0,,5
Box Elder,Promontory,STATE TREASURER,,VINCENT C. MARCUS,LIB,2,0,,2
Box Elder,Promontory,STATE TREASURER,,RICHARD K. ELLIS,REP,19,0,,19
Box Elder,Promontory,STATE TREASURER,,WARREN ROGERS,NP,0,0,,0
Box Elder,Promontory,STATE TREASURER,,Write-in 40,NP,0,0,,0
Box Elder,Promontory,UTAH STATE HOUSE OF REPRESENTATIVES1,,Registered Voters,NP,31,,,
Box Elder,Promontory,UTAH STATE HOUSE OF REPRESENTATIVES1,,DeLOY W MECHAM,DEM,4,0,,4
Box Elder,Promontory,UTAH STATE HOUSE OF REPRESENTATIVES1,,RONDA RUDD MENLOVE,REP,18,0,,18
Box Elder,Promontory,UTAH STATE HOUSE OF REPRESENTATIVES1,,BECKY MADDOX,CON,5,0,,5
Box Elder,Promontory,UTAH STATE HOUSE OF REPRESENTATIVES1,,Write-in 40,NP,0,0,,0
Box Elder,Promontory,UTAH STATE SCHOOL BOARD OF EDUCATION,,Registered Voters,NP,31,,,
Box Elder,Promontory,UTAH STATE SCHOOL BOARD OF EDUCATION,,D. ALAN SHAKESPEAR,NP,15,0,,15
Box Elder,Promontory,UTAH STATE SCHOOL BOARD OF EDUCATION,,TAMI W. PYFER,NP,9,0,,9
Box Elder,Promontory,UTAH STATE SCHOOL BOARD OF EDUCATION,,Write-in 30,NP,0,0,,0
Box Elder,Promontory,BOX ELDER COUNTY COMMISSION SEAT C,,Registered Voters,NP,31,,,
Box Elder,Promontory,BOX ELDER COUNTY COMMISSION SEAT C,,STAN SUMMERS,REP,24,0,,24
Box Elder,Promontory,BOX ELDER COUNTY COMMISSION SEAT C,,Write-in 20,NP,2,0,,2
Box Elder,Promontory,Judge KEVIN K. ALLEN,,Registered Voters,NP,31,,,
Box Elder,Promontory,Judge KEVIN K. ALLEN,,YES,NP,16,0,,16
Box Elder,Promontory,Judge KEVIN K. ALLEN,,NO,NP,7,0,,7
Box Elder,Promontory,Judge JEFFREY R. BURBANK,,Registered Voters,NP,31,,,
Box Elder,Promontory,Judge JEFFREY R. BURBANK,,YES,NP,14,0,,14
Box Elder,Promontory,Judge JEFFREY R. BURBANK,,NO,NP,10,0,,10
Box Elder,Promontory,BOX ELDER COUNTY SCHOOL BOARD DIST 1,,Registered Voters,NP,31,,,
Box Elder,Promontory,BOX ELDER COUNTY SCHOOL BOARD DIST 1,,LYNN A. CAPENER,NP,22,0,,22
Box Elder,Promontory,BOX ELDER COUNTY SCHOOL BOARD DIST 1,,Write-in 20,NP,0,0,,0
Box Elder,Promontory,Constitutional Amendment A,,Registered Voters,NP,31,,,
Box Elder,Promontory,Constitutional Amendment A,,FOR,NP,12,0,,12
Box Elder,Promontory,Constitutional Amendment A,,AGAINST,NP,12,0,,12
Box Elder,Promontory,Constitutional Amendment B,,Registered Voters,NP,31,,,
Box Elder,Promontory,Constitutional Amendment B,,FOR,NP,16,0,,16
Box Elder,Promontory,Constitutional Amendment B,,AGAINST,NP,8,0,,8
Box Elder,Riverside,STRAIGHT PARTY,,Registered Voters,NP,298,,,
Box Elder,Riverside,STRAIGHT PARTY,,CONSTITUTION,CON,0,0,,0
Box Elder,Riverside,STRAIGHT PARTY,,LIBERTARIAN,LIB,0,0,,0
Box Elder,Riverside,STRAIGHT PARTY,,DEMOCRATIC,DEM,1,0,,1
Box Elder,Riverside,STRAIGHT PARTY,,REPUBLICAN,REP,53,1,,54
Box Elder,Riverside,STRAIGHT PARTY,,JUSTICE,JUS,0,0,,0
Box Elder,Riverside,STRAIGHT PARTY,,GREEN,GRN,0,0,,0
Box Elder,Riverside,U.S. PRESIDENT,,Registered Voters,NP,298,,,
Box Elder,Riverside,U.S. PRESIDENT,,JILL STEIN,GRN,1,0,,1
Box Elder,Riverside,U.S. PRESIDENT,,GLORIA LA RIVA,PSL,0,0,,0
Box Elder,Riverside,U.S. PRESIDENT,,MITT ROMNEY,REP,232,1,,233
Box Elder,Riverside,U.S. PRESIDENT,,BARACK OBAMA,DEM,19,0,,19
Box Elder,Riverside,U.S. PRESIDENT,,GARY JOHNSON,LIB,0,0,,0
Box Elder,Riverside,U.S. PRESIDENT,,VIRGIL GOODE,CON,1,0,,1
Box Elder,Riverside,U.S. PRESIDENT,,"ROSS C. \ROCKY\"" ANDE""",JUS,0,0,,0
Box Elder,Riverside,U.S. PRESIDENT,,ROSEANNE BARR,NP,0,0,,0
Box Elder,Riverside,U.S. PRESIDENT,,STEPHEN DURHAM,NP,0,0,,0
Box Elder,Riverside,U.S. PRESIDENT,,JILL REED,NP,0,0,,0
Box Elder,Riverside,U.S. PRESIDENT,,ANDRE BARNETT,NP,0,0,,0
Box Elder,Riverside,U.S. PRESIDENT,,WILL CHRISTENSEN,NP,0,0,,0
Box Elder,Riverside,U.S. PRESIDENT,,JUSTIN MEYERS,NP,0,0,,0
Box Elder,Riverside,U.S. PRESIDENT,,SHEILA SAM TITTLE,NP,0,0,,0
Box Elder,Riverside,U.S. PRESIDENT,,ERIN KENT MAGEE,NP,0,0,,0
Box Elder,Riverside,U.S. PRESIDENT,,DEAN MORSTAD,NP,0,0,,0
Box Elder,Riverside,U.S. PRESIDENT,,NELSON MORSTAD,NP,0,0,,0
Box Elder,Riverside,U.S. PRESIDENT,,DARRELL HYKES,NP,0,0,,0
Box Elder,Riverside,U.S. PRESIDENT,,Write-in 80,NP,1,0,,1
Box Elder,Riverside,U. S. SENATE,,Registered Voters,NP,298,,,
Box Elder,Riverside,U. S. SENATE,,SHAUN LYNN McCAUSLAN,CON,10,0,,10
Box Elder,Riverside,U. S. SENATE,,SCOTT HOWELL,DEM,28,0,,28
Box Elder,Riverside,U. S. SENATE,,ORRIN G. HATCH,REP,212,1,,213
Box Elder,Riverside,U. S. SENATE,,DANIEL GEERY,JUS,2,0,,2
Box Elder,Riverside,U. S. SENATE,,BILL BARRON,UNA,0,0,,0
Box Elder,Riverside,U. S. SENATE,,JoANN S. SECRIST,NP,0,0,,0
Box Elder,Riverside,U. S. SENATE,,Write-in 60,NP,0,0,,0
Box Elder,Riverside,U. S. HOUSE OF REPRESENTATIVE,,Registered Voters,NP,298,,,
Box Elder,Riverside,U. S. HOUSE OF REPRESENTATIVE,,SHERRY PHIPPS,CON,6,0,,6
Box Elder,Riverside,U. S. HOUSE OF REPRESENTATIVE,,DONNA M. McALEER,DEM,27,0,,27
Box Elder,Riverside,U. S. HOUSE OF REPRESENTATIVE,,ROB BISHOP,REP,215,1,,216
Box Elder,Riverside,U. S. HOUSE OF REPRESENTATIVE,,Write-in 40,NP,0,0,,0
Box Elder,Riverside,GOVERNOR,,Registered Voters,NP,298,,,
Box Elder,Riverside,GOVERNOR,,PETER S COOKE,DEM,22,0,,22
Box Elder,Riverside,GOVERNOR,,KEN LARSEN,LIB,6,0,,6
Box Elder,Riverside,GOVERNOR,,KIRK D PEARSON,CON,9,0,,9
Box Elder,Riverside,GOVERNOR,,GARY R. HERBERT,REP,212,1,,213
Box Elder,Riverside,GOVERNOR,,DAVID J CANNON,NP,0,0,,0
Box Elder,Riverside,GOVERNOR,,DENNIS C. OWEN,NP,0,0,,0
Box Elder,Riverside,GOVERNOR,,Write-in 50,NP,0,0,,0
Box Elder,Riverside,ATTY GENERAL,,Registered Voters,NP,298,,,
Box Elder,Riverside,ATTY GENERAL,,DEE W. SMITH,DEM,28,0,,28
Box Elder,Riverside,ATTY GENERAL,,JOHN SWALLOW,REP,208,1,,209
Box Elder,Riverside,ATTY GENERAL,,W. ANDREW McCULLOUGH,LIB,8,0,,8
Box Elder,Riverside,ATTY GENERAL,,Write-in 40,NP,1,0,,1
Box Elder,Riverside,STATE AUDITOR,,Registered Voters,NP,298,,,
Box Elder,Riverside,STATE AUDITOR,,MARK SAGE,DEM,27,0,,27
Box Elder,Riverside,STATE AUDITOR,,JOHN DOUGALL,REP,194,1,,195
Box Elder,Riverside,STATE AUDITOR,,RICHARD PROCTOR,CON,17,0,,17
Box Elder,Riverside,STATE AUDITOR,,Write-in 40,NP,0,0,,0
Box Elder,Riverside,STATE TREASURER,,Registered Voters,NP,298,,,
Box Elder,Riverside,STATE TREASURER,,CHRISTOPHER STOUT,DEM,25,0,,25
Box Elder,Riverside,STATE TREASURER,,VINCENT C. MARCUS,LIB,9,0,,9
Box Elder,Riverside,STATE TREASURER,,RICHARD K. ELLIS,REP,206,1,,207
Box Elder,Riverside,STATE TREASURER,,WARREN ROGERS,NP,0,0,,0
Box Elder,Riverside,STATE TREASURER,,Write-in 40,NP,0,0,,0
Box Elder,Riverside,UTAH STATE HOUSE OF REPRESENTATIVES1,,Registered Voters,NP,298,,,
Box Elder,Riverside,UTAH STATE HOUSE OF REPRESENTATIVES1,,DeLOY W MECHAM,DEM,14,0,,14
Box Elder,Riverside,UTAH STATE HOUSE OF REPRESENTATIVES1,,RONDA RUDD MENLOVE,REP,218,1,,219
Box Elder,Riverside,UTAH STATE HOUSE OF REPRESENTATIVES1,,BECKY MADDOX,CON,19,0,,19
Box Elder,Riverside,UTAH STATE HOUSE OF REPRESENTATIVES1,,Write-in 40,NP,0,0,,0
Box Elder,Riverside,UTAH STATE SCHOOL BOARD OF EDUCATION,,Registered Voters,NP,298,,,
Box Elder,Riverside,UTAH STATE SCHOOL BOARD OF EDUCATION,,D. ALAN SHAKESPEAR,NP,132,1,,133
Box Elder,Riverside,UTAH STATE SCHOOL BOARD OF EDUCATION,,TAMI W. PYFER,NP,83,0,,83
Box Elder,Riverside,UTAH STATE SCHOOL BOARD OF EDUCATION,,Write-in 30,NP,1,0,,1
Box Elder,Riverside,BOX ELDER COUNTY COMMISSION SEAT C,,Registered Voters,NP,298,,,
Box Elder,Riverside,BOX ELDER COUNTY COMMISSION SEAT C,,STAN SUMMERS,REP,219,1,,220
Box Elder,Riverside,BOX ELDER COUNTY COMMISSION SEAT C,,Write-in 20,NP,11,0,,11
Box Elder,Riverside,Judge KEVIN K. ALLEN,,Registered Voters,NP,298,,,
Box Elder,Riverside,Judge KEVIN K. ALLEN,,YES,NP,197,1,,198
Box Elder,Riverside,Judge KEVIN K. ALLEN,,NO,NP,31,0,,31
Box Elder,Riverside,Judge JEFFREY R. BURBANK,,Registered Voters,NP,298,,,
Box Elder,Riverside,Judge JEFFREY R. BURBANK,,YES,NP,207,1,,208
Box Elder,Riverside,Judge JEFFREY R. BURBANK,,NO,NP,27,0,,27
Box Elder,Riverside,BOX ELDER COUNTY SCHOOL BOARD DIST 1,,Registered Voters,NP,298,,,
Box Elder,Riverside,BOX ELDER COUNTY SCHOOL BOARD DIST 1,,LYNN A. CAPENER,NP,228,1,,229
Box Elder,Riverside,BOX ELDER COUNTY SCHOOL BOARD DIST 1,,Write-in 20,NP,9,0,,9
Box Elder,Riverside,Constitutional Amendment A,,Registered Voters,NP,298,,,
Box Elder,Riverside,Constitutional Amendment A,,FOR,NP,110,0,,110
Box Elder,Riverside,Constitutional Amendment A,,AGAINST,NP,125,1,,126
Box Elder,Riverside,Constitutional Amendment B,,Registered Voters,NP,298,,,
Box Elder,Riverside,Constitutional Amendment B,,FOR,NP,165,1,,166
Box Elder,Riverside,Constitutional Amendment B,,AGAINST,NP,80,0,,80
Box Elder,Snowville,STRAIGHT PARTY,,Registered Voters,NP,115,,,
Box Elder,Snowville,STRAIGHT PARTY,,CONSTITUTION,CON,0,0,,0
Box Elder,Snowville,STRAIGHT PARTY,,LIBERTARIAN,LIB,0,0,,0
Box Elder,Snowville,STRAIGHT PARTY,,DEMOCRATIC,DEM,1,0,,1
Box Elder,Snowville,STRAIGHT PARTY,,REPUBLICAN,REP,11,0,,11
Box Elder,Snowville,STRAIGHT PARTY,,JUSTICE,JUS,0,0,,0
Box Elder,Snowville,STRAIGHT PARTY,,GREEN,GRN,0,0,,0
Box Elder,Snowville,U.S. PRESIDENT,,Registered Voters,NP,115,,,
Box Elder,Snowville,U.S. PRESIDENT,,JILL STEIN,GRN,1,0,,1
Box Elder,Snowville,U.S. PRESIDENT,,GLORIA LA RIVA,PSL,1,0,,1
Box Elder,Snowville,U.S. PRESIDENT,,MITT ROMNEY,REP,81,2,,83
Box Elder,Snowville,U.S. PRESIDENT,,BARACK OBAMA,DEM,7,0,,7
Box Elder,Snowville,U.S. PRESIDENT,,GARY JOHNSON,LIB,0,0,,0
Box Elder,Snowville,U.S. PRESIDENT,,VIRGIL GOODE,CON,0,0,,0
Box Elder,Snowville,U.S. PRESIDENT,,"ROSS C. \ROCKY\"" ANDE""",JUS,0,0,,0
Box Elder,Snowville,U.S. PRESIDENT,,ROSEANNE BARR,NP,0,0,,0
Box Elder,Snowville,U.S. PRESIDENT,,STEPHEN DURHAM,NP,0,0,,0
Box Elder,Snowville,U.S. PRESIDENT,,JILL REED,NP,0,0,,0
Box Elder,Snowville,U.S. PRESIDENT,,ANDRE BARNETT,NP,0,0,,0
Box Elder,Snowville,U.S. PRESIDENT,,WILL CHRISTENSEN,NP,0,0,,0
Box Elder,Snowville,U.S. PRESIDENT,,JUSTIN MEYERS,NP,0,0,,0
Box Elder,Snowville,U.S. PRESIDENT,,SHEILA SAM TITTLE,NP,0,0,,0
Box Elder,Snowville,U.S. PRESIDENT,,ERIN KENT MAGEE,NP,0,0,,0
Box Elder,Snowville,U.S. PRESIDENT,,DEAN MORSTAD,NP,0,0,,0
Box Elder,Snowville,U.S. PRESIDENT,,NELSON MORSTAD,NP,0,0,,0
Box Elder,Snowville,U.S. PRESIDENT,,DARRELL HYKES,NP,0,0,,0
Box Elder,Snowville,U.S. PRESIDENT,,Write-in 80,NP,0,0,,0
Box Elder,Snowville,U. S. SENATE,,Registered Voters,NP,115,,,
Box Elder,Snowville,U. S. SENATE,,SHAUN LYNN McCAUSLAN,CON,2,0,,2
Box Elder,Snowville,U. S. SENATE,,SCOTT HOWELL,DEM,11,1,,12
Box Elder,Snowville,U. S. SENATE,,ORRIN G. HATCH,REP,71,1,,72
Box Elder,Snowville,U. S. SENATE,,DANIEL GEERY,JUS,3,0,,3
Box Elder,Snowville,U. S. SENATE,,BILL BARRON,UNA,1,0,,1
Box Elder,Snowville,U. S. SENATE,,JoANN S. SECRIST,NP,0,0,,0
Box Elder,Snowville,U. S. SENATE,,Write-in 60,NP,0,0,,0
Box Elder,Snowville,U. S. HOUSE OF REPRESENTATIVE,,Registered Voters,NP,115,,,
Box Elder,Snowville,U. S. HOUSE OF REPRESENTATIVE,,SHERRY PHIPPS,CON,4,1,,5
Box Elder,Snowville,U. S. HOUSE OF REPRESENTATIVE,,DONNA M. McALEER,DEM,9,0,,9
Box Elder,Snowville,U. S. HOUSE OF REPRESENTATIVE,,ROB BISHOP,REP,76,1,,77
Box Elder,Snowville,U. S. HOUSE OF REPRESENTATIVE,,Write-in 40,NP,0,0,,0
Box Elder,Snowville,GOVERNOR,,Registered Voters,NP,115,,,
Box Elder,Snowville,GOVERNOR,,PETER S COOKE,DEM,12,0,,12
Box Elder,Snowville,GOVERNOR,,KEN LARSEN,LIB,0,0,,0
Box Elder,Snowville,GOVERNOR,,KIRK D PEARSON,CON,1,0,,1
Box Elder,Snowville,GOVERNOR,,GARY R. HERBERT,REP,78,2,,80
Box Elder,Snowville,GOVERNOR,,DAVID J CANNON,NP,0,0,,0
Box Elder,Snowville,GOVERNOR,,DENNIS C. OWEN,NP,0,0,,0
Box Elder,Snowville,GOVERNOR,,Write-in 50,NP,0,0,,0
Box Elder,Snowville,ATTY GENERAL,,Registered Voters,NP,115,,,
Box Elder,Snowville,ATTY GENERAL,,DEE W. SMITH,DEM,14,0,,14
Box Elder,Snowville,ATTY GENERAL,,JOHN SWALLOW,REP,70,2,,72
Box Elder,Snowville,ATTY GENERAL,,W. ANDREW McCULLOUGH,LIB,6,0,,6
Box Elder,Snowville,ATTY GENERAL,,Write-in 40,NP,0,0,,0
Box Elder,Snowville,STATE AUDITOR,,Registered Voters,NP,115,,,
Box Elder,Snowville,STATE AUDITOR,,MARK SAGE,DEM,12,1,,13
Box Elder,Snowville,STATE AUDITOR,,JOHN DOUGALL,REP,65,1,,66
Box Elder,Snowville,STATE AUDITOR,,RICHARD PROCTOR,CON,10,0,,10
Box Elder,Snowville,STATE AUDITOR,,Write-in 40,NP,0,0,,0
Box Elder,Snowville,STATE TREASURER,,Registered Voters,NP,115,,,
Box Elder,Snowville,STATE TREASURER,,CHRISTOPHER STOUT,DEM,14,0,,14
Box Elder,Snowville,STATE TREASURER,,VINCENT C. MARCUS,LIB,4,0,,4
Box Elder,Snowville,STATE TREASURER,,RICHARD K. ELLIS,REP,70,2,,72
Box Elder,Snowville,STATE TREASURER,,WARREN ROGERS,NP,0,0,,0
Box Elder,Snowville,STATE TREASURER,,Write-in 40,NP,0,0,,0
Box Elder,Snowville,UTAH STATE HOUSE OF REPRESENTATIVES1,,Registered Voters,NP,115,,,
Box Elder,Snowville,UTAH STATE HOUSE OF REPRESENTATIVES1,,DeLOY W MECHAM,DEM,8,0,,8
Box Elder,Snowville,UTAH STATE HOUSE OF REPRESENTATIVES1,,RONDA RUDD MENLOVE,REP,74,1,,75
Box Elder,Snowville,UTAH STATE HOUSE OF REPRESENTATIVES1,,BECKY MADDOX,CON,9,1,,10
Box Elder,Snowville,UTAH STATE HOUSE OF REPRESENTATIVES1,,Write-in 40,NP,0,0,,0
Box Elder,Snowville,UTAH STATE SCHOOL BOARD OF EDUCATION,,Registered Voters,NP,115,,,
Box Elder,Snowville,UTAH STATE SCHOOL BOARD OF EDUCATION,,D. ALAN SHAKESPEAR,NP,43,1,,44
Box Elder,Snowville,UTAH STATE SCHOOL BOARD OF EDUCATION,,TAMI W. PYFER,NP,38,1,,39
Box Elder,Snowville,UTAH STATE SCHOOL BOARD OF EDUCATION,,Write-in 30,NP,0,0,,0
Box Elder,Snowville,BOX ELDER COUNTY COMMISSION SEAT C,,Registered Voters,NP,115,,,
Box Elder,Snowville,BOX ELDER COUNTY COMMISSION SEAT C,,STAN SUMMERS,REP,86,2,,88
Box Elder,Snowville,BOX ELDER COUNTY COMMISSION SEAT C,,Write-in 20,NP,3,0,,3
Box Elder,Snowville,Judge KEVIN K. ALLEN,,Registered Voters,NP,115,,,
Box Elder,Snowville,Judge KEVIN K. ALLEN,,YES,NP,73,1,,74
Box Elder,Snowville,Judge KEVIN K. ALLEN,,NO,NP,8,1,,9
Box Elder,Snowville,Judge JEFFREY R. BURBANK,,Registered Voters,NP,115,,,
Box Elder,Snowville,Judge JEFFREY R. BURBANK,,YES,NP,76,2,,78
Box Elder,Snowville,Judge JEFFREY R. BURBANK,,NO,NP,8,0,,8
Box Elder,Snowville,BOX ELDER COUNTY SCHOOL BOARD DIST 1,,Registered Voters,NP,115,,,
Box Elder,Snowville,BOX ELDER COUNTY SCHOOL BOARD DIST 1,,LYNN A. CAPENER,NP,87,2,,89
Box Elder,Snowville,BOX ELDER COUNTY SCHOOL BOARD DIST 1,,Write-in 20,NP,0,0,,0
Box Elder,Snowville,Constitutional Amendment A,,Registered Voters,NP,115,,,
Box Elder,Snowville,Constitutional Amendment A,,FOR,NP,25,0,,25
Box Elder,Snowville,Constitutional Amendment A,,AGAINST,NP,58,2,,60
Box Elder,Snowville,Constitutional Amendment B,,Registered Voters,NP,115,,,
Box Elder,Snowville,Constitutional Amendment B,,FOR,NP,56,2,,58
Box Elder,Snowville,Constitutional Amendment B,,AGAINST,NP,34,0,,34
Box Elder,South Willard,STRAIGHT PARTY,,Registered Voters,NP,763,,,
Box Elder,South Willard,STRAIGHT PARTY,,CONSTITUTION,CON,1,1,0,2
Box Elder,South Willard,STRAIGHT PARTY,,LIBERTARIAN,LIB,4,0,0,4
Box Elder,South Willard,STRAIGHT PARTY,,DEMOCRATIC,DEM,12,7,1,20
Box Elder,South Willard,STRAIGHT PARTY,,REPUBLICAN,REP,101,37,18,156
Box Elder,South Willard,STRAIGHT PARTY,,JUSTICE,JUS,0,0,0,0
Box Elder,South Willard,STRAIGHT PARTY,,GREEN,GRN,2,0,0,2
Box Elder,South Willard,U.S. PRESIDENT,,Registered Voters,NP,763,,,
Box Elder,South Willard,U.S. PRESIDENT,,JILL STEIN,GRN,1,0,0,1
Box Elder,South Willard,U.S. PRESIDENT,,GLORIA LA RIVA,PSL,0,0,0,0
Box Elder,South Willard,U.S. PRESIDENT,,MITT ROMNEY,REP,320,76,85,481
Box Elder,South Willard,U.S. PRESIDENT,,BARACK OBAMA,DEM,43,11,9,63
Box Elder,South Willard,U.S. PRESIDENT,,GARY JOHNSON,LIB,5,0,0,5
Box Elder,South Willard,U.S. PRESIDENT,,VIRGIL GOODE,CON,1,1,0,2
Box Elder,South Willard,U.S. PRESIDENT,,"ROSS C. \ROCKY\"" ANDE""",JUS,1,1,0,2
Box Elder,South Willard,U.S. PRESIDENT,,ROSEANNE BARR,NP,0,0,0,0
Box Elder,South Willard,U.S. PRESIDENT,,STEPHEN DURHAM,NP,0,0,0,0
Box Elder,South Willard,U.S. PRESIDENT,,JILL REED,NP,0,0,0,0
Box Elder,South Willard,U.S. PRESIDENT,,ANDRE BARNETT,NP,0,0,0,0
Box Elder,South Willard,U.S. PRESIDENT,,WILL CHRISTENSEN,NP,0,0,0,0
Box Elder,South Willard,U.S. PRESIDENT,,JUSTIN MEYERS,NP,0,0,0,0
Box Elder,South Willard,U.S. PRESIDENT,,SHEILA SAM TITTLE,NP,0,0,0,0
Box Elder,South Willard,U.S. PRESIDENT,,ERIN KENT MAGEE,NP,0,0,0,0
Box Elder,South Willard,U.S. PRESIDENT,,DEAN MORSTAD,NP,0,0,0,0
Box Elder,South Willard,U.S. PRESIDENT,,NELSON MORSTAD,NP,0,0,0,0
Box Elder,South Willard,U.S. PRESIDENT,,DARRELL HYKES,NP,0,0,0,0
Box Elder,South Willard,U.S. PRESIDENT,,Write-in 80,NP,1,1,0,2
Box Elder,South Willard,U. S. SENATE,,Registered Voters,NP,763,,,
Box Elder,South Willard,U. S. SENATE,,SHAUN LYNN McCAUSLAN,CON,14,2,1,17
Box Elder,South Willard,U. S. SENATE,,SCOTT HOWELL,DEM,77,13,12,102
Box Elder,South Willard,U. S. SENATE,,ORRIN G. HATCH,REP,269,70,80,419
Box Elder,South Willard,U. S. SENATE,,DANIEL GEERY,JUS,3,1,0,4
Box Elder,South Willard,U. S. SENATE,,BILL BARRON,UNA,5,0,0,5
Box Elder,South Willard,U. S. SENATE,,JoANN S. SECRIST,NP,0,0,0,0
Box Elder,South Willard,U. S. SENATE,,Write-in 60,NP,0,0,0,0
Box Elder,South Willard,U. S. HOUSE OF REPRESENTATIVE,,Registered Voters,NP,763,,,
Box Elder,South Willard,U. S. HOUSE OF REPRESENTATIVE,,SHERRY PHIPPS,CON,19,2,4,25
Box Elder,South Willard,U. S. HOUSE OF REPRESENTATIVE,,DONNA M. McALEER,DEM,51,15,5,71
Box Elder,South Willard,U. S. HOUSE OF REPRESENTATIVE,,ROB BISHOP,REP,298,71,84,453
Box Elder,South Willard,U. S. HOUSE OF REPRESENTATIVE,,Write-in 40,NP,0,0,0,0
Box Elder,South Willard,GOVERNOR,,Registered Voters,NP,763,,,
Box Elder,South Willard,GOVERNOR,,PETER S COOKE,DEM,61,18,10,89
Box Elder,South Willard,GOVERNOR,,KEN LARSEN,LIB,8,0,0,8
Box Elder,South Willard,GOVERNOR,,KIRK D PEARSON,CON,10,2,2,14
Box Elder,South Willard,GOVERNOR,,GARY R. HERBERT,REP,289,68,80,437
Box Elder,South Willard,GOVERNOR,,DAVID J CANNON,NP,0,0,0,0
Box Elder,South Willard,GOVERNOR,,DENNIS C. OWEN,NP,0,0,0,0
Box Elder,South Willard,GOVERNOR,,Write-in 50,NP,0,0,0,0
Box Elder,South Willard,ATTY GENERAL,,Registered Voters,NP,763,,,
Box Elder,South Willard,ATTY GENERAL,,DEE W. SMITH,DEM,92,22,13,127
Box Elder,South Willard,ATTY GENERAL,,JOHN SWALLOW,REP,256,63,77,396
Box Elder,South Willard,ATTY GENERAL,,W. ANDREW McCULLOUGH,LIB,17,1,2,20
Box Elder,South Willard,ATTY GENERAL,,Write-in 40,NP,0,0,0,0
Box Elder,South Willard,STATE AUDITOR,,Registered Voters,NP,763,,,
Box Elder,South Willard,STATE AUDITOR,,MARK SAGE,DEM,47,16,9,72
Box Elder,South Willard,STATE AUDITOR,,JOHN DOUGALL,REP,281,65,72,418
Box Elder,South Willard,STATE AUDITOR,,RICHARD PROCTOR,CON,25,4,8,37
Box Elder,South Willard,STATE AUDITOR,,Write-in 40,NP,0,0,0,0
Box Elder,South Willard,STATE TREASURER,,Registered Voters,NP,763,,,
Box Elder,South Willard,STATE TREASURER,,CHRISTOPHER STOUT,DEM,43,16,6,65
Box Elder,South Willard,STATE TREASURER,,VINCENT C. MARCUS,LIB,29,4,4,37
Box Elder,South Willard,STATE TREASURER,,RICHARD K. ELLIS,REP,277,65,81,423
Box Elder,South Willard,STATE TREASURER,,WARREN ROGERS,NP,0,0,0,0
Box Elder,South Willard,STATE TREASURER,,Write-in 40,NP,0,0,0,0
Box Elder,South Willard,UTAH STATE HOUSE OF REPRESENTATIVES29,,Registered Voters,NP,763,,,
Box Elder,South Willard,UTAH STATE HOUSE OF REPRESENTATIVES29,,LEE B PERRY,REP,309,70,80,459
Box Elder,South Willard,UTAH STATE HOUSE OF REPRESENTATIVES29,,HEIDI BITTON,DEM,49,16,10,75
Box Elder,South Willard,UTAH STATE HOUSE OF REPRESENTATIVES29,,Write-in 30,NP,0,0,0,0
Box Elder,South Willard,UTAH STATE SCHOOL BOARD OF EDUCATION,,Registered Voters,NP,763,,,
Box Elder,South Willard,UTAH STATE SCHOOL BOARD OF EDUCATION,,D. ALAN SHAKESPEAR,NP,134,32,39,205
Box Elder,South Willard,UTAH STATE SCHOOL BOARD OF EDUCATION,,TAMI W. PYFER,NP,147,31,39,217
Box Elder,South Willard,UTAH STATE SCHOOL BOARD OF EDUCATION,,Write-in 30,NP,1,0,0,1
Box Elder,South Willard,BOX ELDER COUNTY COMMISSION SEAT C,,Registered Voters,NP,763,,,
Box Elder,South Willard,BOX ELDER COUNTY COMMISSION SEAT C,,STAN SUMMERS,REP,325,76,87,488
Box Elder,South Willard,BOX ELDER COUNTY COMMISSION SEAT C,,Write-in 20,NP,2,1,1,4
Box Elder,South Willard,Judge KEVIN K. ALLEN,,Registered Voters,NP,763,,,
Box Elder,South Willard,Judge KEVIN K. ALLEN,,YES,NP,256,59,78,393
Box Elder,South Willard,Judge KEVIN K. ALLEN,,NO,NP,53,16,10,79
Box Elder,South Willard,Judge JEFFREY R. BURBANK,,Registered Voters,NP,763,,,
Box Elder,South Willard,Judge JEFFREY R. BURBANK,,YES,NP,253,58,76,387
Box Elder,South Willard,Judge JEFFREY R. BURBANK,,NO,NP,57,17,12,86
Box Elder,South Willard,Constitutional Amendment A,,Registered Voters,NP,763,,,
Box Elder,South Willard,Constitutional Amendment A,,FOR,NP,152,38,40,230
Box Elder,South Willard,Constitutional Amendment A,,AGAINST,NP,175,38,49,262
Box Elder,South Willard,Constitutional Amendment B,,Registered Voters,NP,763,,,
Box Elder,South Willard,Constitutional Amendment B,,FOR,NP,222,55,54,331
Box Elder,South Willard,Constitutional Amendment B,,AGAINST,NP,122,25,38,185
Box Elder,Tremonton 01,STRAIGHT PARTY,,Registered Voters,NP,744,,,
Box Elder,Tremonton 01,STRAIGHT PARTY,,CONSTITUTION,CON,0,1,0,1
Box Elder,Tremonton 01,STRAIGHT PARTY,,LIBERTARIAN,LIB,2,0,0,2
Box Elder,Tremonton 01,STRAIGHT PARTY,,DEMOCRATIC,DEM,6,6,0,12
Box Elder,Tremonton 01,STRAIGHT PARTY,,REPUBLICAN,REP,80,25,27,132
Box Elder,Tremonton 01,STRAIGHT PARTY,,JUSTICE,JUS,0,0,0,0
Box Elder,Tremonton 01,STRAIGHT PARTY,,GREEN,GRN,0,0,0,0
Box Elder,Tremonton 01,U.S. PRESIDENT,,Registered Voters,NP,744,,,
Box Elder,Tremonton 01,U.S. PRESIDENT,,JILL STEIN,GRN,0,0,0,0
Box Elder,Tremonton 01,U.S. PRESIDENT,,GLORIA LA RIVA,PSL,0,0,0,0
Box Elder,Tremonton 01,U.S. PRESIDENT,,MITT ROMNEY,REP,284,97,166,547
Box Elder,Tremonton 01,U.S. PRESIDENT,,BARACK OBAMA,DEM,20,12,1,33
Box Elder,Tremonton 01,U.S. PRESIDENT,,GARY JOHNSON,LIB,2,0,0,2
Box Elder,Tremonton 01,U.S. PRESIDENT,,VIRGIL GOODE,CON,1,1,0,2
Box Elder,Tremonton 01,U.S. PRESIDENT,,"ROSS C. \ROCKY\"" ANDE""",JUS,0,0,0,0
Box Elder,Tremonton 01,U.S. PRESIDENT,,ROSEANNE BARR,NP,0,0,0,0
Box Elder,Tremonton 01,U.S. PRESIDENT,,STEPHEN DURHAM,NP,0,0,0,0
Box Elder,Tremonton 01,U.S. PRESIDENT,,JILL REED,NP,0,0,0,0
Box Elder,Tremonton 01,U.S. PRESIDENT,,ANDRE BARNETT,NP,0,0,0,0
Box Elder,Tremonton 01,U.S. PRESIDENT,,WILL CHRISTENSEN,NP,0,0,0,0
Box Elder,Tremonton 01,U.S. PRESIDENT,,JUSTIN MEYERS,NP,0,0,0,0
Box Elder,Tremonton 01,U.S. PRESIDENT,,SHEILA SAM TITTLE,NP,0,0,0,0
Box Elder,Tremonton 01,U.S. PRESIDENT,,ERIN KENT MAGEE,NP,0,0,0,0
Box Elder,Tremonton 01,U.S. PRESIDENT,,DEAN MORSTAD,NP,0,0,0,0
Box Elder,Tremonton 01,U.S. PRESIDENT,,NELSON MORSTAD,NP,0,0,0,0
Box Elder,Tremonton 01,U.S. PRESIDENT,,DARRELL HYKES,NP,0,0,0,0
Box Elder,Tremonton 01,U.S. PRESIDENT,,Write-in 80,NP,1,0,0,1
Box Elder,Tremonton 01,U. S. SENATE,,Registered Voters,NP,744,,,
Box Elder,Tremonton 01,U. S. SENATE,,SHAUN LYNN McCAUSLAN,CON,4,1,1,6
Box Elder,Tremonton 01,U. S. SENATE,,SCOTT HOWELL,DEM,53,22,14,89
Box Elder,Tremonton 01,U. S. SENATE,,ORRIN G. HATCH,REP,241,86,152,479
Box Elder,Tremonton 01,U. S. SENATE,,DANIEL GEERY,JUS,2,0,0,2
Box Elder,Tremonton 01,U. S. SENATE,,BILL BARRON,UNA,1,0,0,1
Box Elder,Tremonton 01,U. S. SENATE,,JoANN S. SECRIST,NP,0,0,0,0
Box Elder,Tremonton 01,U. S. SENATE,,Write-in 60,NP,0,0,0,0
Box Elder,Tremonton 01,U. S. HOUSE OF REPRESENTATIVE,,Registered Voters,NP,744,,,
Box Elder,Tremonton 01,U. S. HOUSE OF REPRESENTATIVE,,SHERRY PHIPPS,CON,8,3,3,14
Box Elder,Tremonton 01,U. S. HOUSE OF REPRESENTATIVE,,DONNA M. McALEER,DEM,33,22,6,61
Box Elder,Tremonton 01,U. S. HOUSE OF REPRESENTATIVE,,ROB BISHOP,REP,263,84,154,501
Box Elder,Tremonton 01,U. S. HOUSE OF REPRESENTATIVE,,Write-in 40,NP,0,0,0,0
Box Elder,Tremonton 01,GOVERNOR,,Registered Voters,NP,744,,,
Box Elder,Tremonton 01,GOVERNOR,,PETER S COOKE,DEM,32,14,11,57
Box Elder,Tremonton 01,GOVERNOR,,KEN LARSEN,LIB,2,2,1,5
Box Elder,Tremonton 01,GOVERNOR,,KIRK D PEARSON,CON,4,1,0,5
Box Elder,Tremonton 01,GOVERNOR,,GARY R. HERBERT,REP,268,92,155,515
Box Elder,Tremonton 01,GOVERNOR,,DAVID J CANNON,NP,0,0,0,0
Box Elder,Tremonton 01,GOVERNOR,,DENNIS C. OWEN,NP,0,0,0,0
Box Elder,Tremonton 01,GOVERNOR,,Write-in 50,NP,0,0,0,0
Box Elder,Tremonton 01,ATTY GENERAL,,Registered Voters,NP,744,,,
Box Elder,Tremonton 01,ATTY GENERAL,,DEE W. SMITH,DEM,47,24,20,91
Box Elder,Tremonton 01,ATTY GENERAL,,JOHN SWALLOW,REP,237,78,142,457
Box Elder,Tremonton 01,ATTY GENERAL,,W. ANDREW McCULLOUGH,LIB,13,3,5,21
Box Elder,Tremonton 01,ATTY GENERAL,,Write-in 40,NP,0,0,0,0
Box Elder,Tremonton 01,STATE AUDITOR,,Registered Voters,NP,744,,,
Box Elder,Tremonton 01,STATE AUDITOR,,MARK SAGE,DEM,37,22,11,70
Box Elder,Tremonton 01,STATE AUDITOR,,JOHN DOUGALL,REP,242,79,150,471
Box Elder,Tremonton 01,STATE AUDITOR,,RICHARD PROCTOR,CON,17,5,4,26
Box Elder,Tremonton 01,STATE AUDITOR,,Write-in 40,NP,0,0,0,0
Box Elder,Tremonton 01,STATE TREASURER,,Registered Voters,NP,744,,,
Box Elder,Tremonton 01,STATE TREASURER,,CHRISTOPHER STOUT,DEM,34,17,9,60
Box Elder,Tremonton 01,STATE TREASURER,,VINCENT C. MARCUS,LIB,16,5,6,27
Box Elder,Tremonton 01,STATE TREASURER,,RICHARD K. ELLIS,REP,243,82,150,475
Box Elder,Tremonton 01,STATE TREASURER,,WARREN ROGERS,NP,0,0,0,0
Box Elder,Tremonton 01,STATE TREASURER,,Write-in 40,NP,0,0,0,0
Box Elder,Tremonton 01,UTAH STATE HOUSE OF REPRESENTATIVES1,,Registered Voters,NP,744,,,
Box Elder,Tremonton 01,UTAH STATE HOUSE OF REPRESENTATIVES1,,DeLOY W MECHAM,DEM,26,19,11,56
Box Elder,Tremonton 01,UTAH STATE HOUSE OF REPRESENTATIVES1,,RONDA RUDD MENLOVE,REP,253,84,140,477
Box Elder,Tremonton 01,UTAH STATE HOUSE OF REPRESENTATIVES1,,BECKY MADDOX,CON,22,3,14,39
Box Elder,Tremonton 01,UTAH STATE HOUSE OF REPRESENTATIVES1,,Write-in 40,NP,1,0,0,1
Box Elder,Tremonton 01,UTAH STATE SCHOOL BOARD OF EDUCATION,,Registered Voters,NP,744,,,
Box Elder,Tremonton 01,UTAH STATE SCHOOL BOARD OF EDUCATION,,D. ALAN SHAKESPEAR,NP,192,69,109,370
Box Elder,Tremonton 01,UTAH STATE SCHOOL BOARD OF EDUCATION,,TAMI W. PYFER,NP,75,26,43,144
Box Elder,Tremonton 01,UTAH STATE SCHOOL BOARD OF EDUCATION,,Write-in 30,NP,1,0,0,1
Box Elder,Tremonton 01,BOX ELDER COUNTY COMMISSION SEAT C,,Registered Voters,NP,744,,,
Box Elder,Tremonton 01,BOX ELDER COUNTY COMMISSION SEAT C,,STAN SUMMERS,REP,289,102,161,552
Box Elder,Tremonton 01,BOX ELDER COUNTY COMMISSION SEAT C,,Write-in 20,NP,6,1,4,11
Box Elder,Tremonton 01,Judge KEVIN K. ALLEN,,Registered Voters,NP,744,,,
Box Elder,Tremonton 01,Judge KEVIN K. ALLEN,,YES,NP,248,89,138,475
Box Elder,Tremonton 01,Judge KEVIN K. ALLEN,,NO,NP,25,8,17,50
Box Elder,Tremonton 01,Judge JEFFREY R. BURBANK,,Registered Voters,NP,744,,,
Box Elder,Tremonton 01,Judge JEFFREY R. BURBANK,,YES,NP,252,92,143,487
Box Elder,Tremonton 01,Judge JEFFREY R. BURBANK,,NO,NP,23,6,15,44
Box Elder,Tremonton 01,BOX ELDER COUNTY SCHOOL BOARD DIST 2,,Registered Voters,NP,744,,,
Box Elder,Tremonton 01,BOX ELDER COUNTY SCHOOL BOARD DIST 2,,CONNIE J. ARCHIBALD,NP,270,103,149,522
Box Elder,Tremonton 01,BOX ELDER COUNTY SCHOOL BOARD DIST 2,,Write-in 20,NP,3,1,5,9
Box Elder,Tremonton 01,Constitutional Amendment A,,Registered Voters,NP,744,,,
Box Elder,Tremonton 01,Constitutional Amendment A,,FOR,NP,128,61,82,271
Box Elder,Tremonton 01,Constitutional Amendment A,,AGAINST,NP,150,44,76,270
Box Elder,Tremonton 01,Constitutional Amendment B,,Registered Voters,NP,744,,,
Box Elder,Tremonton 01,Constitutional Amendment B,,FOR,NP,188,71,94,353
Box Elder,Tremonton 01,Constitutional Amendment B,,AGAINST,NP,102,34,72,208
Box Elder,Tremonton 02,STRAIGHT PARTY,,Registered Voters,NP,768,,,
Box Elder,Tremonton 02,STRAIGHT PARTY,,CONSTITUTION,CON,1,0,0,1
Box Elder,Tremonton 02,STRAIGHT PARTY,,LIBERTARIAN,LIB,1,0,1,2
Box Elder,Tremonton 02,STRAIGHT PARTY,,DEMOCRATIC,DEM,21,7,0,28
Box Elder,Tremonton 02,STRAIGHT PARTY,,REPUBLICAN,REP,103,44,2,149
Box Elder,Tremonton 02,STRAIGHT PARTY,,JUSTICE,JUS,0,0,0,0
Box Elder,Tremonton 02,STRAIGHT PARTY,,GREEN,GRN,0,0,0,0
Box Elder,Tremonton 02,U.S. PRESIDENT,,Registered Voters,NP,768,,,
Box Elder,Tremonton 02,U.S. PRESIDENT,,JILL STEIN,GRN,2,0,0,2
Box Elder,Tremonton 02,U.S. PRESIDENT,,GLORIA LA RIVA,PSL,0,0,0,0
Box Elder,Tremonton 02,U.S. PRESIDENT,,MITT ROMNEY,REP,311,137,17,465
Box Elder,Tremonton 02,U.S. PRESIDENT,,BARACK OBAMA,DEM,44,17,0,61
Box Elder,Tremonton 02,U.S. PRESIDENT,,GARY JOHNSON,LIB,3,0,1,4
Box Elder,Tremonton 02,U.S. PRESIDENT,,VIRGIL GOODE,CON,1,0,0,1
Box Elder,Tremonton 02,U.S. PRESIDENT,,"ROSS C. \ROCKY\"" ANDE""",JUS,0,0,0,0
Box Elder,Tremonton 02,U.S. PRESIDENT,,ROSEANNE BARR,NP,0,0,0,0
Box Elder,Tremonton 02,U.S. PRESIDENT,,STEPHEN DURHAM,NP,0,0,0,0
Box Elder,Tremonton 02,U.S. PRESIDENT,,JILL REED,NP,0,0,0,0
Box Elder,Tremonton 02,U.S. PRESIDENT,,ANDRE BARNETT,NP,0,0,0,0
Box Elder,Tremonton 02,U.S. PRESIDENT,,WILL CHRISTENSEN,NP,1,0,0,1
Box Elder,Tremonton 02,U.S. PRESIDENT,,JUSTIN MEYERS,NP,0,0,0,0
Box Elder,Tremonton 02,U.S. PRESIDENT,,SHEILA SAM TITTLE,NP,0,0,0,0
Box Elder,Tremonton 02,U.S. PRESIDENT,,ERIN KENT MAGEE,NP,0,0,0,0
Box Elder,Tremonton 02,U.S. PRESIDENT,,DEAN MORSTAD,NP,0,0,0,0
Box Elder,Tremonton 02,U.S. PRESIDENT,,NELSON MORSTAD,NP,0,0,0,0
Box Elder,Tremonton 02,U.S. PRESIDENT,,DARRELL HYKES,NP,0,0,0,0
Box Elder,Tremonton 02,U.S. PRESIDENT,,Write-in 80,NP,1,0,0,1
Box Elder,Tremonton 02,U. S. SENATE,,Registered Voters,NP,768,,,
Box Elder,Tremonton 02,U. S. SENATE,,SHAUN LYNN McCAUSLAN,CON,10,0,1,11
Box Elder,Tremonton 02,U. S. SENATE,,SCOTT HOWELL,DEM,66,29,1,96
Box Elder,Tremonton 02,U. S. SENATE,,ORRIN G. HATCH,REP,282,123,15,420
Box Elder,Tremonton 02,U. S. SENATE,,DANIEL GEERY,JUS,0,0,1,1
Box Elder,Tremonton 02,U. S. SENATE,,BILL BARRON,UNA,0,0,0,0
Box Elder,Tremonton 02,U. S. SENATE,,JoANN S. SECRIST,NP,0,0,0,0
Box Elder,Tremonton 02,U. S. SENATE,,Write-in 60,NP,0,0,0,0
Box Elder,Tremonton 02,U. S. HOUSE OF REPRESENTATIVE,,Registered Voters,NP,768,,,
Box Elder,Tremonton 02,U. S. HOUSE OF REPRESENTATIVE,,SHERRY PHIPPS,CON,15,0,2,17
Box Elder,Tremonton 02,U. S. HOUSE OF REPRESENTATIVE,,DONNA M. McALEER,DEM,61,27,4,92
Box Elder,Tremonton 02,U. S. HOUSE OF REPRESENTATIVE,,ROB BISHOP,REP,280,126,12,418
Box Elder,Tremonton 02,U. S. HOUSE OF REPRESENTATIVE,,Write-in 40,NP,0,0,0,0
Box Elder,Tremonton 02,GOVERNOR,,Registered Voters,NP,768,,,
Box Elder,Tremonton 02,GOVERNOR,,PETER S COOKE,DEM,67,22,0,89
Box Elder,Tremonton 02,GOVERNOR,,KEN LARSEN,LIB,6,1,1,8
Box Elder,Tremonton 02,GOVERNOR,,KIRK D PEARSON,CON,5,1,0,6
Box Elder,Tremonton 02,GOVERNOR,,GARY R. HERBERT,REP,276,129,17,422
Box Elder,Tremonton 02,GOVERNOR,,DAVID J CANNON,NP,0,0,0,0
Box Elder,Tremonton 02,GOVERNOR,,DENNIS C. OWEN,NP,0,0,0,0
Box Elder,Tremonton 02,GOVERNOR,,Write-in 50,NP,0,0,0,0
Box Elder,Tremonton 02,ATTY GENERAL,,Registered Voters,NP,768,,,
Box Elder,Tremonton 02,ATTY GENERAL,,DEE W. SMITH,DEM,76,39,2,117
Box Elder,Tremonton 02,ATTY GENERAL,,JOHN SWALLOW,REP,264,110,14,388
Box Elder,Tremonton 02,ATTY GENERAL,,W. ANDREW McCULLOUGH,LIB,10,4,2,16
Box Elder,Tremonton 02,ATTY GENERAL,,Write-in 40,NP,0,0,0,0
Box Elder,Tremonton 02,STATE AUDITOR,,Registered Voters,NP,768,,,
Box Elder,Tremonton 02,STATE AUDITOR,,MARK SAGE,DEM,66,23,3,92
Box Elder,Tremonton 02,STATE AUDITOR,,JOHN DOUGALL,REP,257,119,14,390
Box Elder,Tremonton 02,STATE AUDITOR,,RICHARD PROCTOR,CON,18,9,1,28
Box Elder,Tremonton 02,STATE AUDITOR,,Write-in 40,NP,2,0,0,2
Box Elder,Tremonton 02,STATE TREASURER,,Registered Voters,NP,768,,,
Box Elder,Tremonton 02,STATE TREASURER,,CHRISTOPHER STOUT,DEM,72,23,2,97
Box Elder,Tremonton 02,STATE TREASURER,,VINCENT C. MARCUS,LIB,12,10,4,26
Box Elder,Tremonton 02,STATE TREASURER,,RICHARD K. ELLIS,REP,259,118,12,389
Box Elder,Tremonton 02,STATE TREASURER,,WARREN ROGERS,NP,0,0,0,0
Box Elder,Tremonton 02,STATE TREASURER,,Write-in 40,NP,1,0,0,1
Box Elder,Tremonton 02,UTAH STATE HOUSE OF REPRESENTATIVES1,,Registered Voters,NP,768,,,
Box Elder,Tremonton 02,UTAH STATE HOUSE OF REPRESENTATIVES1,,DeLOY W MECHAM,DEM,65,26,2,93
Box Elder,Tremonton 02,UTAH STATE HOUSE OF REPRESENTATIVES1,,RONDA RUDD MENLOVE,REP,271,122,14,407
Box Elder,Tremonton 02,UTAH STATE HOUSE OF REPRESENTATIVES1,,BECKY MADDOX,CON,18,4,1,23
Box Elder,Tremonton 02,UTAH STATE HOUSE OF REPRESENTATIVES1,,Write-in 40,NP,0,0,0,0
Box Elder,Tremonton 02,UTAH STATE SCHOOL BOARD OF EDUCATION,,Registered Voters,NP,768,,,
Box Elder,Tremonton 02,UTAH STATE SCHOOL BOARD OF EDUCATION,,D. ALAN SHAKESPEAR,NP,199,103,8,310
Box Elder,Tremonton 02,UTAH STATE SCHOOL BOARD OF EDUCATION,,TAMI W. PYFER,NP,106,26,7,139
Box Elder,Tremonton 02,UTAH STATE SCHOOL BOARD OF EDUCATION,,Write-in 30,NP,1,1,1,3
Box Elder,Tremonton 02,BOX ELDER COUNTY COMMISSION SEAT C,,Registered Voters,NP,768,,,
Box Elder,Tremonton 02,BOX ELDER COUNTY COMMISSION SEAT C,,STAN SUMMERS,REP,336,146,16,498
Box Elder,Tremonton 02,BOX ELDER COUNTY COMMISSION SEAT C,,Write-in 20,NP,2,0,0,2
Box Elder,Tremonton 02,Judge KEVIN K. ALLEN,,Registered Voters,NP,768,,,
Box Elder,Tremonton 02,Judge KEVIN K. ALLEN,,YES,NP,276,126,15,417
Box Elder,Tremonton 02,Judge KEVIN K. ALLEN,,NO,NP,49,13,2,64
Box Elder,Tremonton 02,Judge JEFFREY R. BURBANK,,Registered Voters,NP,768,,,
Box Elder,Tremonton 02,Judge JEFFREY R. BURBANK,,YES,NP,287,126,15,428
Box Elder,Tremonton 02,Judge JEFFREY R. BURBANK,,NO,NP,41,15,2,58
Box Elder,Tremonton 02,BOX ELDER COUNTY SCHOOL BOARD DIST 2,,Registered Voters,NP,768,,,
Box Elder,Tremonton 02,BOX ELDER COUNTY SCHOOL BOARD DIST 2,,CONNIE J. ARCHIBALD,NP,316,134,16,466
Box Elder,Tremonton 02,BOX ELDER COUNTY SCHOOL BOARD DIST 2,,Write-in 20,NP,4,3,0,7
Box Elder,Tremonton 02,Constitutional Amendment A,,Registered Voters,NP,768,,,
Box Elder,Tremonton 02,Constitutional Amendment A,,FOR,NP,150,56,8,214
Box Elder,Tremonton 02,Constitutional Amendment A,,AGAINST,NP,179,91,9,279
Box Elder,Tremonton 02,Constitutional Amendment B,,Registered Voters,NP,768,,,
Box Elder,Tremonton 02,Constitutional Amendment B,,FOR,NP,237,108,8,353
Box Elder,Tremonton 02,Constitutional Amendment B,,AGAINST,NP,112,45,9,166
Box Elder,Tremonton 03,STRAIGHT PARTY,,Registered Voters,NP,671,,,
Box Elder,Tremonton 03,STRAIGHT PARTY,,CONSTITUTION,CON,0,0,0,0
Box Elder,Tremonton 03,STRAIGHT PARTY,,LIBERTARIAN,LIB,1,0,0,1
Box Elder,Tremonton 03,STRAIGHT PARTY,,DEMOCRATIC,DEM,13,2,2,17
Box Elder,Tremonton 03,STRAIGHT PARTY,,REPUBLICAN,REP,105,24,9,138
Box Elder,Tremonton 03,STRAIGHT PARTY,,JUSTICE,JUS,0,0,0,0
Box Elder,Tremonton 03,STRAIGHT PARTY,,GREEN,GRN,0,0,0,0
Box Elder,Tremonton 03,U.S. PRESIDENT,,Registered Voters,NP,671,,,
Box Elder,Tremonton 03,U.S. PRESIDENT,,JILL STEIN,GRN,0,0,0,0
Box Elder,Tremonton 03,U.S. PRESIDENT,,GLORIA LA RIVA,PSL,0,0,0,0
Box Elder,Tremonton 03,U.S. PRESIDENT,,MITT ROMNEY,REP,293,74,32,399
Box Elder,Tremonton 03,U.S. PRESIDENT,,BARACK OBAMA,DEM,24,4,8,36
Box Elder,Tremonton 03,U.S. PRESIDENT,,GARY JOHNSON,LIB,4,0,0,4
Box Elder,Tremonton 03,U.S. PRESIDENT,,VIRGIL GOODE,CON,1,0,2,3
Box Elder,Tremonton 03,U.S. PRESIDENT,,"ROSS C. \ROCKY\"" ANDE""",JUS,0,0,0,0
Box Elder,Tremonton 03,U.S. PRESIDENT,,ROSEANNE BARR,NP,0,0,0,0
Box Elder,Tremonton 03,U.S. PRESIDENT,,STEPHEN DURHAM,NP,0,0,0,0
Box Elder,Tremonton 03,U.S. PRESIDENT,,JILL REED,NP,0,0,0,0
Box Elder,Tremonton 03,U.S. PRESIDENT,,ANDRE BARNETT,NP,0,0,0,0
Box Elder,Tremonton 03,U.S. PRESIDENT,,WILL CHRISTENSEN,NP,0,0,0,0
Box Elder,Tremonton 03,U.S. PRESIDENT,,JUSTIN MEYERS,NP,0,0,0,0
Box Elder,Tremonton 03,U.S. PRESIDENT,,SHEILA SAM TITTLE,NP,0,0,0,0
Box Elder,Tremonton 03,U.S. PRESIDENT,,ERIN KENT MAGEE,NP,0,0,0,0
Box Elder,Tremonton 03,U.S. PRESIDENT,,DEAN MORSTAD,NP,0,0,0,0
Box Elder,Tremonton 03,U.S. PRESIDENT,,NELSON MORSTAD,NP,0,0,0,0
Box Elder,Tremonton 03,U.S. PRESIDENT,,DARRELL HYKES,NP,0,0,0,0
Box Elder,Tremonton 03,U.S. PRESIDENT,,Write-in 80,NP,2,0,0,2
Box Elder,Tremonton 03,U. S. SENATE,,Registered Voters,NP,671,,,
Box Elder,Tremonton 03,U. S. SENATE,,SHAUN LYNN McCAUSLAN,CON,18,0,0,18
Box Elder,Tremonton 03,U. S. SENATE,,SCOTT HOWELL,DEM,48,6,5,59
Box Elder,Tremonton 03,U. S. SENATE,,ORRIN G. HATCH,REP,251,70,32,353
Box Elder,Tremonton 03,U. S. SENATE,,DANIEL GEERY,JUS,4,0,5,9
Box Elder,Tremonton 03,U. S. SENATE,,BILL BARRON,UNA,1,0,0,1
Box Elder,Tremonton 03,U. S. SENATE,,JoANN S. SECRIST,NP,0,0,0,0
Box Elder,Tremonton 03,U. S. SENATE,,Write-in 60,NP,0,0,0,0
Box Elder,Tremonton 03,U. S. HOUSE OF REPRESENTATIVE,,Registered Voters,NP,671,,,
Box Elder,Tremonton 03,U. S. HOUSE OF REPRESENTATIVE,,SHERRY PHIPPS,CON,18,0,1,19
Box Elder,Tremonton 03,U. S. HOUSE OF REPRESENTATIVE,,DONNA M. McALEER,DEM,36,6,6,48
Box Elder,Tremonton 03,U. S. HOUSE OF REPRESENTATIVE,,ROB BISHOP,REP,267,70,35,372
Box Elder,Tremonton 03,U. S. HOUSE OF REPRESENTATIVE,,Write-in 40,NP,0,0,0,0
Box Elder,Tremonton 03,GOVERNOR,,Registered Voters,NP,671,,,
Box Elder,Tremonton 03,GOVERNOR,,PETER S COOKE,DEM,36,4,6,46
Box Elder,Tremonton 03,GOVERNOR,,KEN LARSEN,LIB,6,1,2,9
Box Elder,Tremonton 03,GOVERNOR,,KIRK D PEARSON,CON,6,0,2,8
Box Elder,Tremonton 03,GOVERNOR,,GARY R. HERBERT,REP,273,72,32,377
Box Elder,Tremonton 03,GOVERNOR,,DAVID J CANNON,NP,0,0,0,0
Box Elder,Tremonton 03,GOVERNOR,,DENNIS C. OWEN,NP,0,0,0,0
Box Elder,Tremonton 03,GOVERNOR,,Write-in 50,NP,0,0,0,0
Box Elder,Tremonton 03,ATTY GENERAL,,Registered Voters,NP,671,,,
Box Elder,Tremonton 03,ATTY GENERAL,,DEE W. SMITH,DEM,44,11,8,63
Box Elder,Tremonton 03,ATTY GENERAL,,JOHN SWALLOW,REP,254,60,32,346
Box Elder,Tremonton 03,ATTY GENERAL,,W. ANDREW McCULLOUGH,LIB,16,1,2,19
Box Elder,Tremonton 03,ATTY GENERAL,,Write-in 40,NP,1,0,0,1
Box Elder,Tremonton 03,STATE AUDITOR,,Registered Voters,NP,671,,,
Box Elder,Tremonton 03,STATE AUDITOR,,MARK SAGE,DEM,43,7,8,58
Box Elder,Tremonton 03,STATE AUDITOR,,JOHN DOUGALL,REP,251,61,28,340
Box Elder,Tremonton 03,STATE AUDITOR,,RICHARD PROCTOR,CON,19,3,4,26
Box Elder,Tremonton 03,STATE AUDITOR,,Write-in 40,NP,0,0,0,0
Box Elder,Tremonton 03,STATE TREASURER,,Registered Voters,NP,671,,,
Box Elder,Tremonton 03,STATE TREASURER,,CHRISTOPHER STOUT,DEM,46,7,6,59
Box Elder,Tremonton 03,STATE TREASURER,,VINCENT C. MARCUS,LIB,16,1,1,18
Box Elder,Tremonton 03,STATE TREASURER,,RICHARD K. ELLIS,REP,247,60,33,340
Box Elder,Tremonton 03,STATE TREASURER,,WARREN ROGERS,NP,0,0,0,0
Box Elder,Tremonton 03,STATE TREASURER,,Write-in 40,NP,0,0,0,0
Box Elder,Tremonton 03,UTAH STATE HOUSE OF REPRESENTATIVES1,,Registered Voters,NP,671,,,
Box Elder,Tremonton 03,UTAH STATE HOUSE OF REPRESENTATIVES1,,DeLOY W MECHAM,DEM,45,9,8,62
Box Elder,Tremonton 03,UTAH STATE HOUSE OF REPRESENTATIVES1,,RONDA RUDD MENLOVE,REP,250,62,28,340
Box Elder,Tremonton 03,UTAH STATE HOUSE OF REPRESENTATIVES1,,BECKY MADDOX,CON,27,6,5,38
Box Elder,Tremonton 03,UTAH STATE HOUSE OF REPRESENTATIVES1,,Write-in 40,NP,0,0,0,0
Box Elder,Tremonton 03,UTAH STATE SCHOOL BOARD OF EDUCATION,,Registered Voters,NP,671,,,
Box Elder,Tremonton 03,UTAH STATE SCHOOL BOARD OF EDUCATION,,D. ALAN SHAKESPEAR,NP,192,46,19,257
Box Elder,Tremonton 03,UTAH STATE SCHOOL BOARD OF EDUCATION,,TAMI W. PYFER,NP,77,18,15,110
Box Elder,Tremonton 03,UTAH STATE SCHOOL BOARD OF EDUCATION,,Write-in 30,NP,2,2,2,6
Box Elder,Tremonton 03,BOX ELDER COUNTY COMMISSION SEAT C,,Registered Voters,NP,671,,,
Box Elder,Tremonton 03,BOX ELDER COUNTY COMMISSION SEAT C,,STAN SUMMERS,REP,305,73,34,412
Box Elder,Tremonton 03,BOX ELDER COUNTY COMMISSION SEAT C,,Write-in 20,NP,4,0,2,6
Box Elder,Tremonton 03,Judge KEVIN K. ALLEN,,Registered Voters,NP,671,,,
Box Elder,Tremonton 03,Judge KEVIN K. ALLEN,,YES,NP,248,59,27,334
Box Elder,Tremonton 03,Judge KEVIN K. ALLEN,,NO,NP,38,8,11,57
Box Elder,Tremonton 03,Judge JEFFREY R. BURBANK,,Registered Voters,NP,671,,,
Box Elder,Tremonton 03,Judge JEFFREY R. BURBANK,,YES,NP,251,62,30,343
Box Elder,Tremonton 03,Judge JEFFREY R. BURBANK,,NO,NP,34,5,9,48
Box Elder,Tremonton 03,BOX ELDER COUNTY SCHOOL BOARD DIST 2,,Registered Voters,NP,671,,,
Box Elder,Tremonton 03,BOX ELDER COUNTY SCHOOL BOARD DIST 2,,CONNIE J. ARCHIBALD,NP,284,65,34,383
Box Elder,Tremonton 03,BOX ELDER COUNTY SCHOOL BOARD DIST 2,,Write-in 20,NP,4,2,2,8
Box Elder,Tremonton 03,Constitutional Amendment A,,Registered Voters,NP,671,,,
Box Elder,Tremonton 03,Constitutional Amendment A,,FOR,NP,134,34,19,187
Box Elder,Tremonton 03,Constitutional Amendment A,,AGAINST,NP,157,34,19,210
Box Elder,Tremonton 03,Constitutional Amendment B,,Registered Voters,NP,671,,,
Box Elder,Tremonton 03,Constitutional Amendment B,,FOR,NP,211,52,27,290
Box Elder,Tremonton 03,Constitutional Amendment B,,AGAINST,NP,100,23,13,136
Box Elder,Tremonton 04,STRAIGHT PARTY,,Registered Voters,NP,773,,,
Box Elder,Tremonton 04,STRAIGHT PARTY,,CONSTITUTION,CON,2,2,0,4
Box Elder,Tremonton 04,STRAIGHT PARTY,,LIBERTARIAN,LIB,4,1,0,5
Box Elder,Tremonton 04,STRAIGHT PARTY,,DEMOCRATIC,DEM,24,6,5,35
Box Elder,Tremonton 04,STRAIGHT PARTY,,REPUBLICAN,REP,108,38,7,153
Box Elder,Tremonton 04,STRAIGHT PARTY,,JUSTICE,JUS,0,0,0,0
Box Elder,Tremonton 04,STRAIGHT PARTY,,GREEN,GRN,0,0,0,0
Box Elder,Tremonton 04,U.S. PRESIDENT,,Registered Voters,NP,773,,,
Box Elder,Tremonton 04,U.S. PRESIDENT,,JILL STEIN,GRN,0,0,0,0
Box Elder,Tremonton 04,U.S. PRESIDENT,,GLORIA LA RIVA,PSL,0,0,0,0
Box Elder,Tremonton 04,U.S. PRESIDENT,,MITT ROMNEY,REP,289,137,29,455
Box Elder,Tremonton 04,U.S. PRESIDENT,,BARACK OBAMA,DEM,42,10,8,60
Box Elder,Tremonton 04,U.S. PRESIDENT,,GARY JOHNSON,LIB,3,1,0,4
Box Elder,Tremonton 04,U.S. PRESIDENT,,VIRGIL GOODE,CON,3,2,0,5
Box Elder,Tremonton 04,U.S. PRESIDENT,,"ROSS C. \ROCKY\"" ANDE""",JUS,1,1,0,2
Box Elder,Tremonton 04,U.S. PRESIDENT,,ROSEANNE BARR,NP,0,0,0,0
Box Elder,Tremonton 04,U.S. PRESIDENT,,STEPHEN DURHAM,NP,0,0,0,0
Box Elder,Tremonton 04,U.S. PRESIDENT,,JILL REED,NP,0,0,0,0
Box Elder,Tremonton 04,U.S. PRESIDENT,,ANDRE BARNETT,NP,0,0,0,0
Box Elder,Tremonton 04,U.S. PRESIDENT,,WILL CHRISTENSEN,NP,0,0,0,0
Box Elder,Tremonton 04,U.S. PRESIDENT,,JUSTIN MEYERS,NP,0,0,0,0
Box Elder,Tremonton 04,U.S. PRESIDENT,,SHEILA SAM TITTLE,NP,0,0,0,0
Box Elder,Tremonton 04,U.S. PRESIDENT,,ERIN KENT MAGEE,NP,0,0,0,0
Box Elder,Tremonton 04,U.S. PRESIDENT,,DEAN MORSTAD,NP,0,0,0,0
Box Elder,Tremonton 04,U.S. PRESIDENT,,NELSON MORSTAD,NP,0,0,0,0
Box Elder,Tremonton 04,U.S. PRESIDENT,,DARRELL HYKES,NP,0,0,0,0
Box Elder,Tremonton 04,U.S. PRESIDENT,,Write-in 80,NP,1,0,0,1
Box Elder,Tremonton 04,U. S. SENATE,,Registered Voters,NP,773,,,
Box Elder,Tremonton 04,U. S. SENATE,,SHAUN LYNN McCAUSLAN,CON,11,6,0,17
Box Elder,Tremonton 04,U. S. SENATE,,SCOTT HOWELL,DEM,63,22,9,94
Box Elder,Tremonton 04,U. S. SENATE,,ORRIN G. HATCH,REP,256,119,28,403
Box Elder,Tremonton 04,U. S. SENATE,,DANIEL GEERY,JUS,2,1,0,3
Box Elder,Tremonton 04,U. S. SENATE,,BILL BARRON,UNA,2,0,0,2
Box Elder,Tremonton 04,U. S. SENATE,,JoANN S. SECRIST,NP,0,0,0,0
Box Elder,Tremonton 04,U. S. SENATE,,Write-in 60,NP,0,0,0,0
Box Elder,Tremonton 04,U. S. HOUSE OF REPRESENTATIVE,,Registered Voters,NP,773,,,
Box Elder,Tremonton 04,U. S. HOUSE OF REPRESENTATIVE,,SHERRY PHIPPS,CON,12,8,0,20
Box Elder,Tremonton 04,U. S. HOUSE OF REPRESENTATIVE,,DONNA M. McALEER,DEM,45,20,9,74
Box Elder,Tremonton 04,U. S. HOUSE OF REPRESENTATIVE,,ROB BISHOP,REP,276,120,28,424
Box Elder,Tremonton 04,U. S. HOUSE OF REPRESENTATIVE,,Write-in 40,NP,0,0,0,0
Box Elder,Tremonton 04,GOVERNOR,,Registered Voters,NP,773,,,
Box Elder,Tremonton 04,GOVERNOR,,PETER S COOKE,DEM,54,14,8,76
Box Elder,Tremonton 04,GOVERNOR,,KEN LARSEN,LIB,6,2,1,9
Box Elder,Tremonton 04,GOVERNOR,,KIRK D PEARSON,CON,5,3,0,8
Box Elder,Tremonton 04,GOVERNOR,,GARY R. HERBERT,REP,266,130,28,424
Box Elder,Tremonton 04,GOVERNOR,,DAVID J CANNON,NP,0,0,0,0
Box Elder,Tremonton 04,GOVERNOR,,DENNIS C. OWEN,NP,0,0,0,0
Box Elder,Tremonton 04,GOVERNOR,,Write-in 50,NP,0,0,0,0
Box Elder,Tremonton 04,ATTY GENERAL,,Registered Voters,NP,773,,,
Box Elder,Tremonton 04,ATTY GENERAL,,DEE W. SMITH,DEM,62,19,10,91
Box Elder,Tremonton 04,ATTY GENERAL,,JOHN SWALLOW,REP,243,122,25,390
Box Elder,Tremonton 04,ATTY GENERAL,,W. ANDREW McCULLOUGH,LIB,23,7,2,32
Box Elder,Tremonton 04,ATTY GENERAL,,Write-in 40,NP,0,0,0,0
Box Elder,Tremonton 04,STATE AUDITOR,,Registered Voters,NP,773,,,
Box Elder,Tremonton 04,STATE AUDITOR,,MARK SAGE,DEM,54,22,9,85
Box Elder,Tremonton 04,STATE AUDITOR,,JOHN DOUGALL,REP,246,119,27,392
Box Elder,Tremonton 04,STATE AUDITOR,,RICHARD PROCTOR,CON,20,7,0,27
Box Elder,Tremonton 04,STATE AUDITOR,,Write-in 40,NP,0,0,0,0
Box Elder,Tremonton 04,STATE TREASURER,,Registered Voters,NP,773,,,
Box Elder,Tremonton 04,STATE TREASURER,,CHRISTOPHER STOUT,DEM,54,19,12,85
Box Elder,Tremonton 04,STATE TREASURER,,VINCENT C. MARCUS,LIB,20,11,1,32
Box Elder,Tremonton 04,STATE TREASURER,,RICHARD K. ELLIS,REP,247,116,22,385
Box Elder,Tremonton 04,STATE TREASURER,,WARREN ROGERS,NP,0,0,0,0
Box Elder,Tremonton 04,STATE TREASURER,,Write-in 40,NP,0,0,0,0
Box Elder,Tremonton 04,UTAH STATE HOUSE OF REPRESENTATIVES1,,Registered Voters,NP,773,,,
Box Elder,Tremonton 04,UTAH STATE HOUSE OF REPRESENTATIVES1,,DeLOY W MECHAM,DEM,55,26,9,90
Box Elder,Tremonton 04,UTAH STATE HOUSE OF REPRESENTATIVES1,,RONDA RUDD MENLOVE,REP,249,115,26,390
Box Elder,Tremonton 04,UTAH STATE HOUSE OF REPRESENTATIVES1,,BECKY MADDOX,CON,28,9,2,39
Box Elder,Tremonton 04,UTAH STATE HOUSE OF REPRESENTATIVES1,,Write-in 40,NP,0,0,0,0
Box Elder,Tremonton 04,UTAH STATE SCHOOL BOARD OF EDUCATION,,Registered Voters,NP,773,,,
Box Elder,Tremonton 04,UTAH STATE SCHOOL BOARD OF EDUCATION,,D. ALAN SHAKESPEAR,NP,162,75,13,250
Box Elder,Tremonton 04,UTAH STATE SCHOOL BOARD OF EDUCATION,,TAMI W. PYFER,NP,106,51,18,175
Box Elder,Tremonton 04,UTAH STATE SCHOOL BOARD OF EDUCATION,,Write-in 30,NP,1,0,0,1
Box Elder,Tremonton 04,BOX ELDER COUNTY COMMISSION SEAT C,,Registered Voters,NP,773,,,
Box Elder,Tremonton 04,BOX ELDER COUNTY COMMISSION SEAT C,,STAN SUMMERS,REP,313,143,34,490
Box Elder,Tremonton 04,BOX ELDER COUNTY COMMISSION SEAT C,,Write-in 20,NP,0,0,0,0
Box Elder,Tremonton 04,Judge KEVIN K. ALLEN,,Registered Voters,NP,773,,,
Box Elder,Tremonton 04,Judge KEVIN K. ALLEN,,YES,NP,247,114,27,388
Box Elder,Tremonton 04,Judge KEVIN K. ALLEN,,NO,NP,41,19,6,66
Box Elder,Tremonton 04,Judge JEFFREY R. BURBANK,,Registered Voters,NP,773,,,
Box Elder,Tremonton 04,Judge JEFFREY R. BURBANK,,YES,NP,257,116,28,401
Box Elder,Tremonton 04,Judge JEFFREY R. BURBANK,,NO,NP,31,19,5,55
Box Elder,Tremonton 04,BOX ELDER COUNTY SCHOOL BOARD DIST 2,,Registered Voters,NP,773,,,
Box Elder,Tremonton 04,BOX ELDER COUNTY SCHOOL BOARD DIST 2,,CONNIE J. ARCHIBALD,NP,283,130,28,441
Box Elder,Tremonton 04,BOX ELDER COUNTY SCHOOL BOARD DIST 2,,Write-in 20,NP,2,0,0,2
Box Elder,Tremonton 04,Constitutional Amendment A,,Registered Voters,NP,773,,,
Box Elder,Tremonton 04,Constitutional Amendment A,,FOR,NP,158,61,14,233
Box Elder,Tremonton 04,Constitutional Amendment A,,AGAINST,NP,141,70,19,230
Box Elder,Tremonton 04,Constitutional Amendment B,,Registered Voters,NP,773,,,
Box Elder,Tremonton 04,Constitutional Amendment B,,FOR,NP,223,100,17,340
Box Elder,Tremonton 04,Constitutional Amendment B,,AGAINST,NP,96,43,16,155
Box Elder,Tremonton 05,STRAIGHT PARTY,,Registered Voters,NP,468,,,
Box Elder,Tremonton 05,STRAIGHT PARTY,,CONSTITUTION,CON,0,1,0,1
Box Elder,Tremonton 05,STRAIGHT PARTY,,LIBERTARIAN,LIB,2,0,0,2
Box Elder,Tremonton 05,STRAIGHT PARTY,,DEMOCRATIC,DEM,6,2,0,8
Box Elder,Tremonton 05,STRAIGHT PARTY,,REPUBLICAN,REP,85,33,2,120
Box Elder,Tremonton 05,STRAIGHT PARTY,,JUSTICE,JUS,0,0,0,0
Box Elder,Tremonton 05,STRAIGHT PARTY,,GREEN,GRN,0,0,0,0
Box Elder,Tremonton 05,U.S. PRESIDENT,,Registered Voters,NP,468,,,
Box Elder,Tremonton 05,U.S. PRESIDENT,,JILL STEIN,GRN,0,0,0,0
Box Elder,Tremonton 05,U.S. PRESIDENT,,GLORIA LA RIVA,PSL,0,0,0,0
Box Elder,Tremonton 05,U.S. PRESIDENT,,MITT ROMNEY,REP,216,106,16,338
Box Elder,Tremonton 05,U.S. PRESIDENT,,BARACK OBAMA,DEM,14,5,0,19
Box Elder,Tremonton 05,U.S. PRESIDENT,,GARY JOHNSON,LIB,3,0,0,3
Box Elder,Tremonton 05,U.S. PRESIDENT,,VIRGIL GOODE,CON,0,1,0,1
Box Elder,Tremonton 05,U.S. PRESIDENT,,"ROSS C. \ROCKY\"" ANDE""",JUS,0,0,0,0
Box Elder,Tremonton 05,U.S. PRESIDENT,,ROSEANNE BARR,NP,0,0,0,0
Box Elder,Tremonton 05,U.S. PRESIDENT,,STEPHEN DURHAM,NP,0,0,0,0
Box Elder,Tremonton 05,U.S. PRESIDENT,,JILL REED,NP,0,0,0,0
Box Elder,Tremonton 05,U.S. PRESIDENT,,ANDRE BARNETT,NP,0,0,0,0
Box Elder,Tremonton 05,U.S. PRESIDENT,,WILL CHRISTENSEN,NP,0,0,0,0
Box Elder,Tremonton 05,U.S. PRESIDENT,,JUSTIN MEYERS,NP,0,0,0,0
Box Elder,Tremonton 05,U.S. PRESIDENT,,SHEILA SAM TITTLE,NP,0,0,0,0
Box Elder,Tremonton 05,U.S. PRESIDENT,,ERIN KENT MAGEE,NP,0,0,0,0
Box Elder,Tremonton 05,U.S. PRESIDENT,,DEAN MORSTAD,NP,0,0,0,0
Box Elder,Tremonton 05,U.S. PRESIDENT,,NELSON MORSTAD,NP,0,0,0,0
Box Elder,Tremonton 05,U.S. PRESIDENT,,DARRELL HYKES,NP,0,0,0,0
Box Elder,Tremonton 05,U.S. PRESIDENT,,Write-in 80,NP,0,0,0,0
Box Elder,Tremonton 05,U. S. SENATE,,Registered Voters,NP,468,,,
Box Elder,Tremonton 05,U. S. SENATE,,SHAUN LYNN McCAUSLAN,CON,5,6,0,11
Box Elder,Tremonton 05,U. S. SENATE,,SCOTT HOWELL,DEM,29,10,1,40
Box Elder,Tremonton 05,U. S. SENATE,,ORRIN G. HATCH,REP,192,95,15,302
Box Elder,Tremonton 05,U. S. SENATE,,DANIEL GEERY,JUS,1,0,0,1
Box Elder,Tremonton 05,U. S. SENATE,,BILL BARRON,UNA,0,0,0,0
Box Elder,Tremonton 05,U. S. SENATE,,JoANN S. SECRIST,NP,0,0,0,0
Box Elder,Tremonton 05,U. S. SENATE,,Write-in 60,NP,0,0,0,0
Box Elder,Tremonton 05,U. S. HOUSE OF REPRESENTATIVE,,Registered Voters,NP,468,,,
Box Elder,Tremonton 05,U. S. HOUSE OF REPRESENTATIVE,,SHERRY PHIPPS,CON,5,9,0,14
Box Elder,Tremonton 05,U. S. HOUSE OF REPRESENTATIVE,,DONNA M. McALEER,DEM,24,8,0,32
Box Elder,Tremonton 05,U. S. HOUSE OF REPRESENTATIVE,,ROB BISHOP,REP,200,93,15,308
Box Elder,Tremonton 05,U. S. HOUSE OF REPRESENTATIVE,,Write-in 40,NP,0,0,0,0
Box Elder,Tremonton 05,GOVERNOR,,Registered Voters,NP,468,,,
Box Elder,Tremonton 05,GOVERNOR,,PETER S COOKE,DEM,24,10,0,34
Box Elder,Tremonton 05,GOVERNOR,,KEN LARSEN,LIB,4,2,1,7
Box Elder,Tremonton 05,GOVERNOR,,KIRK D PEARSON,CON,0,3,0,3
Box Elder,Tremonton 05,GOVERNOR,,GARY R. HERBERT,REP,195,97,14,306
Box Elder,Tremonton 05,GOVERNOR,,DAVID J CANNON,NP,0,0,0,0
Box Elder,Tremonton 05,GOVERNOR,,DENNIS C. OWEN,NP,0,0,0,0
Box Elder,Tremonton 05,GOVERNOR,,Write-in 50,NP,0,0,0,0
Box Elder,Tremonton 05,ATTY GENERAL,,Registered Voters,NP,468,,,
Box Elder,Tremonton 05,ATTY GENERAL,,DEE W. SMITH,DEM,31,16,3,50
Box Elder,Tremonton 05,ATTY GENERAL,,JOHN SWALLOW,REP,184,91,11,286
Box Elder,Tremonton 05,ATTY GENERAL,,W. ANDREW McCULLOUGH,LIB,7,4,2,13
Box Elder,Tremonton 05,ATTY GENERAL,,Write-in 40,NP,0,0,0,0
Box Elder,Tremonton 05,STATE AUDITOR,,Registered Voters,NP,468,,,
Box Elder,Tremonton 05,STATE AUDITOR,,MARK SAGE,DEM,27,12,3,42
Box Elder,Tremonton 05,STATE AUDITOR,,JOHN DOUGALL,REP,183,90,10,283
Box Elder,Tremonton 05,STATE AUDITOR,,RICHARD PROCTOR,CON,9,8,1,18
Box Elder,Tremonton 05,STATE AUDITOR,,Write-in 40,NP,0,0,0,0
Box Elder,Tremonton 05,STATE TREASURER,,Registered Voters,NP,468,,,
Box Elder,Tremonton 05,STATE TREASURER,,CHRISTOPHER STOUT,DEM,28,9,1,38
Box Elder,Tremonton 05,STATE TREASURER,,VINCENT C. MARCUS,LIB,9,7,1,17
Box Elder,Tremonton 05,STATE TREASURER,,RICHARD K. ELLIS,REP,180,94,12,286
Box Elder,Tremonton 05,STATE TREASURER,,WARREN ROGERS,NP,0,0,0,0
Box Elder,Tremonton 05,STATE TREASURER,,Write-in 40,NP,0,0,0,0
Box Elder,Tremonton 05,UTAH STATE HOUSE OF REPRESENTATIVES1,,Registered Voters,NP,468,,,
Box Elder,Tremonton 05,UTAH STATE HOUSE OF REPRESENTATIVES1,,DeLOY W MECHAM,DEM,27,15,2,44
Box Elder,Tremonton 05,UTAH STATE HOUSE OF REPRESENTATIVES1,,RONDA RUDD MENLOVE,REP,189,88,13,290
Box Elder,Tremonton 05,UTAH STATE HOUSE OF REPRESENTATIVES1,,BECKY MADDOX,CON,8,9,1,18
Box Elder,Tremonton 05,UTAH STATE HOUSE OF REPRESENTATIVES1,,Write-in 40,NP,0,0,0,0
Box Elder,Tremonton 05,UTAH STATE SCHOOL BOARD OF EDUCATION,,Registered Voters,NP,468,,,
Box Elder,Tremonton 05,UTAH STATE SCHOOL BOARD OF EDUCATION,,D. ALAN SHAKESPEAR,NP,100,52,8,160
Box Elder,Tremonton 05,UTAH STATE SCHOOL BOARD OF EDUCATION,,TAMI W. PYFER,NP,87,37,5,129
Box Elder,Tremonton 05,UTAH STATE SCHOOL BOARD OF EDUCATION,,Write-in 30,NP,0,0,0,0
Box Elder,Tremonton 05,BOX ELDER COUNTY COMMISSION SEAT C,,Registered Voters,NP,468,,,
Box Elder,Tremonton 05,BOX ELDER COUNTY COMMISSION SEAT C,,STAN SUMMERS,REP,216,110,16,342
Box Elder,Tremonton 05,BOX ELDER COUNTY COMMISSION SEAT C,,Write-in 20,NP,1,0,0,1
Box Elder,Tremonton 05,Judge KEVIN K. ALLEN,,Registered Voters,NP,468,,,
Box Elder,Tremonton 05,Judge KEVIN K. ALLEN,,YES,NP,180,92,11,283
Box Elder,Tremonton 05,Judge KEVIN K. ALLEN,,NO,NP,19,11,1,31
Box Elder,Tremonton 05,Judge JEFFREY R. BURBANK,,Registered Voters,NP,468,,,
Box Elder,Tremonton 05,Judge JEFFREY R. BURBANK,,YES,NP,180,92,12,284
Box Elder,Tremonton 05,Judge JEFFREY R. BURBANK,,NO,NP,16,11,1,28
Box Elder,Tremonton 05,BOX ELDER COUNTY SCHOOL BOARD DIST 2,,Registered Voters,NP,468,,,
Box Elder,Tremonton 05,BOX ELDER COUNTY SCHOOL BOARD DIST 2,,CONNIE J. ARCHIBALD,NP,194,101,14,309
Box Elder,Tremonton 05,BOX ELDER COUNTY SCHOOL BOARD DIST 2,,Write-in 20,NP,3,0,1,4
Box Elder,Tremonton 05,Constitutional Amendment A,,Registered Voters,NP,468,,,
Box Elder,Tremonton 05,Constitutional Amendment A,,FOR,NP,89,47,4,140
Box Elder,Tremonton 05,Constitutional Amendment A,,AGAINST,NP,116,57,12,185
Box Elder,Tremonton 05,Constitutional Amendment B,,Registered Voters,NP,468,,,
Box Elder,Tremonton 05,Constitutional Amendment B,,FOR,NP,148,67,7,222
Box Elder,Tremonton 05,Constitutional Amendment B,,AGAINST,NP,72,41,8,121
Box Elder,Tremonton South,STRAIGHT PARTY,,Registered Voters,NP,340,,,
Box Elder,Tremonton South,STRAIGHT PARTY,,CONSTITUTION,CON,1,0,0,1
Box Elder,Tremonton South,STRAIGHT PARTY,,LIBERTARIAN,LIB,0,0,0,0
Box Elder,Tremonton South,STRAIGHT PARTY,,DEMOCRATIC,DEM,8,3,3,14
Box Elder,Tremonton South,STRAIGHT PARTY,,REPUBLICAN,REP,36,16,5,57
Box Elder,Tremonton South,STRAIGHT PARTY,,JUSTICE,JUS,0,0,0,0
Box Elder,Tremonton South,STRAIGHT PARTY,,GREEN,GRN,0,0,0,0
Box Elder,Tremonton South,U.S. PRESIDENT,,Registered Voters,NP,340,,,
Box Elder,Tremonton South,U.S. PRESIDENT,,JILL STEIN,GRN,0,0,0,0
Box Elder,Tremonton South,U.S. PRESIDENT,,GLORIA LA RIVA,PSL,0,0,0,0
Box Elder,Tremonton South,U.S. PRESIDENT,,MITT ROMNEY,REP,158,53,24,235
Box Elder,Tremonton South,U.S. PRESIDENT,,BARACK OBAMA,DEM,10,6,6,22
Box Elder,Tremonton South,U.S. PRESIDENT,,GARY JOHNSON,LIB,1,0,0,1
Box Elder,Tremonton South,U.S. PRESIDENT,,VIRGIL GOODE,CON,0,0,0,0
Box Elder,Tremonton South,U.S. PRESIDENT,,"ROSS C. \ROCKY\"" ANDE""",JUS,0,0,0,0
Box Elder,Tremonton South,U.S. PRESIDENT,,ROSEANNE BARR,NP,0,0,0,0
Box Elder,Tremonton South,U.S. PRESIDENT,,STEPHEN DURHAM,NP,0,0,0,0
Box Elder,Tremonton South,U.S. PRESIDENT,,JILL REED,NP,0,0,0,0
Box Elder,Tremonton South,U.S. PRESIDENT,,ANDRE BARNETT,NP,0,0,0,0
Box Elder,Tremonton South,U.S. PRESIDENT,,WILL CHRISTENSEN,NP,0,0,0,0
Box Elder,Tremonton South,U.S. PRESIDENT,,JUSTIN MEYERS,NP,0,0,0,0
Box Elder,Tremonton South,U.S. PRESIDENT,,SHEILA SAM TITTLE,NP,0,0,0,0
Box Elder,Tremonton South,U.S. PRESIDENT,,ERIN KENT MAGEE,NP,0,0,0,0
Box Elder,Tremonton South,U.S. PRESIDENT,,DEAN MORSTAD,NP,0,0,0,0
Box Elder,Tremonton South,U.S. PRESIDENT,,NELSON MORSTAD,NP,0,0,0,0
Box Elder,Tremonton South,U.S. PRESIDENT,,DARRELL HYKES,NP,0,0,0,0
Box Elder,Tremonton South,U.S. PRESIDENT,,Write-in 80,NP,2,0,0,2
Box Elder,Tremonton South,U. S. SENATE,,Registered Voters,NP,340,,,
Box Elder,Tremonton South,U. S. SENATE,,SHAUN LYNN McCAUSLAN,CON,8,1,2,11
Box Elder,Tremonton South,U. S. SENATE,,SCOTT HOWELL,DEM,29,10,6,45
Box Elder,Tremonton South,U. S. SENATE,,ORRIN G. HATCH,REP,129,48,22,199
Box Elder,Tremonton South,U. S. SENATE,,DANIEL GEERY,JUS,3,0,0,3
Box Elder,Tremonton South,U. S. SENATE,,BILL BARRON,UNA,0,0,0,0
Box Elder,Tremonton South,U. S. SENATE,,JoANN S. SECRIST,NP,0,0,0,0
Box Elder,Tremonton South,U. S. SENATE,,Write-in 60,NP,1,0,0,1
Box Elder,Tremonton South,U. S. HOUSE OF REPRESENTATIVE,,Registered Voters,NP,340,,,
Box Elder,Tremonton South,U. S. HOUSE OF REPRESENTATIVE,,SHERRY PHIPPS,CON,13,1,1,15
Box Elder,Tremonton South,U. S. HOUSE OF REPRESENTATIVE,,DONNA M. McALEER,DEM,23,7,6,36
Box Elder,Tremonton South,U. S. HOUSE OF REPRESENTATIVE,,ROB BISHOP,REP,132,51,22,205
Box Elder,Tremonton South,U. S. HOUSE OF REPRESENTATIVE,,Write-in 40,NP,1,0,0,1
Box Elder,Tremonton South,GOVERNOR,,Registered Voters,NP,340,,,
Box Elder,Tremonton South,GOVERNOR,,PETER S COOKE,DEM,24,11,7,42
Box Elder,Tremonton South,GOVERNOR,,KEN LARSEN,LIB,2,0,0,2
Box Elder,Tremonton South,GOVERNOR,,KIRK D PEARSON,CON,6,1,0,7
Box Elder,Tremonton South,GOVERNOR,,GARY R. HERBERT,REP,138,47,23,208
Box Elder,Tremonton South,GOVERNOR,,DAVID J CANNON,NP,0,0,0,0
Box Elder,Tremonton South,GOVERNOR,,DENNIS C. OWEN,NP,0,0,0,0
Box Elder,Tremonton South,GOVERNOR,,Write-in 50,NP,0,0,0,0
Box Elder,Tremonton South,ATTY GENERAL,,Registered Voters,NP,340,,,
Box Elder,Tremonton South,ATTY GENERAL,,DEE W. SMITH,DEM,29,14,6,49
Box Elder,Tremonton South,ATTY GENERAL,,JOHN SWALLOW,REP,122,45,23,190
Box Elder,Tremonton South,ATTY GENERAL,,W. ANDREW McCULLOUGH,LIB,13,0,0,13
Box Elder,Tremonton South,ATTY GENERAL,,Write-in 40,NP,0,0,0,0
Box Elder,Tremonton South,STATE AUDITOR,,Registered Voters,NP,340,,,
Box Elder,Tremonton South,STATE AUDITOR,,MARK SAGE,DEM,27,9,7,43
Box Elder,Tremonton South,STATE AUDITOR,,JOHN DOUGALL,REP,119,46,22,187
Box Elder,Tremonton South,STATE AUDITOR,,RICHARD PROCTOR,CON,16,4,1,21
Box Elder,Tremonton South,STATE AUDITOR,,Write-in 40,NP,0,0,0,0
Box Elder,Tremonton South,STATE TREASURER,,Registered Voters,NP,340,,,
Box Elder,Tremonton South,STATE TREASURER,,CHRISTOPHER STOUT,DEM,21,9,8,38
Box Elder,Tremonton South,STATE TREASURER,,VINCENT C. MARCUS,LIB,10,3,0,13
Box Elder,Tremonton South,STATE TREASURER,,RICHARD K. ELLIS,REP,129,47,22,198
Box Elder,Tremonton South,STATE TREASURER,,WARREN ROGERS,NP,0,0,0,0
Box Elder,Tremonton South,STATE TREASURER,,Write-in 40,NP,0,0,0,0
Box Elder,Tremonton South,UTAH STATE HOUSE OF REPRESENTATIVES1,,Registered Voters,NP,340,,,
Box Elder,Tremonton South,UTAH STATE HOUSE OF REPRESENTATIVES1,,DeLOY W MECHAM,DEM,31,8,6,45
Box Elder,Tremonton South,UTAH STATE HOUSE OF REPRESENTATIVES1,,RONDA RUDD MENLOVE,REP,114,43,19,176
Box Elder,Tremonton South,UTAH STATE HOUSE OF REPRESENTATIVES1,,BECKY MADDOX,CON,22,8,4,34
Box Elder,Tremonton South,UTAH STATE HOUSE OF REPRESENTATIVES1,,Write-in 40,NP,0,0,0,0
Box Elder,Tremonton South,UTAH STATE SCHOOL BOARD OF EDUCATION,,Registered Voters,NP,340,,,
Box Elder,Tremonton South,UTAH STATE SCHOOL BOARD OF EDUCATION,,D. ALAN SHAKESPEAR,NP,102,32,18,152
Box Elder,Tremonton South,UTAH STATE SCHOOL BOARD OF EDUCATION,,TAMI W. PYFER,NP,42,19,8,69
Box Elder,Tremonton South,UTAH STATE SCHOOL BOARD OF EDUCATION,,Write-in 30,NP,1,0,0,1
Box Elder,Tremonton South,BOX ELDER COUNTY COMMISSION SEAT C,,Registered Voters,NP,340,,,
Box Elder,Tremonton South,BOX ELDER COUNTY COMMISSION SEAT C,,STAN SUMMERS,REP,161,55,27,243
Box Elder,Tremonton South,BOX ELDER COUNTY COMMISSION SEAT C,,Write-in 20,NP,3,0,1,4
Box Elder,Tremonton South,Judge KEVIN K. ALLEN,,Registered Voters,NP,340,,,
Box Elder,Tremonton South,Judge KEVIN K. ALLEN,,YES,NP,125,43,23,191
Box Elder,Tremonton South,Judge KEVIN K. ALLEN,,NO,NP,29,8,4,41
Box Elder,Tremonton South,Judge JEFFREY R. BURBANK,,Registered Voters,NP,340,,,
Box Elder,Tremonton South,Judge JEFFREY R. BURBANK,,YES,NP,132,46,24,202
Box Elder,Tremonton South,Judge JEFFREY R. BURBANK,,NO,NP,22,6,4,32
Box Elder,Tremonton South,Constitutional Amendment A,,Registered Voters,NP,340,,,
Box Elder,Tremonton South,Constitutional Amendment A,,FOR,NP,58,17,9,84
Box Elder,Tremonton South,Constitutional Amendment A,,AGAINST,NP,96,38,18,152
Box Elder,Tremonton South,Constitutional Amendment B,,Registered Voters,NP,340,,,
Box Elder,Tremonton South,Constitutional Amendment B,,FOR,NP,89,33,16,138
Box Elder,Tremonton South,Constitutional Amendment B,,AGAINST,NP,68,24,13,105
Box Elder,Tremonton West,STRAIGHT PARTY,,Registered Voters,NP,878,,,
Box Elder,Tremonton West,STRAIGHT PARTY,,CONSTITUTION,CON,0,0,0,0
Box Elder,Tremonton West,STRAIGHT PARTY,,LIBERTARIAN,LIB,0,0,0,0
Box Elder,Tremonton West,STRAIGHT PARTY,,DEMOCRATIC,DEM,17,7,1,25
Box Elder,Tremonton West,STRAIGHT PARTY,,REPUBLICAN,REP,158,35,4,197
Box Elder,Tremonton West,STRAIGHT PARTY,,JUSTICE,JUS,0,0,0,0
Box Elder,Tremonton West,STRAIGHT PARTY,,GREEN,GRN,0,0,0,0
Box Elder,Tremonton West,U.S. PRESIDENT,,Registered Voters,NP,878,,,
Box Elder,Tremonton West,U.S. PRESIDENT,,JILL STEIN,GRN,1,0,0,1
Box Elder,Tremonton West,U.S. PRESIDENT,,GLORIA LA RIVA,PSL,0,0,0,0
Box Elder,Tremonton West,U.S. PRESIDENT,,MITT ROMNEY,REP,493,88,18,599
Box Elder,Tremonton West,U.S. PRESIDENT,,BARACK OBAMA,DEM,40,11,3,54
Box Elder,Tremonton West,U.S. PRESIDENT,,GARY JOHNSON,LIB,4,0,0,4
Box Elder,Tremonton West,U.S. PRESIDENT,,VIRGIL GOODE,CON,2,0,0,2
Box Elder,Tremonton West,U.S. PRESIDENT,,"ROSS C. \ROCKY\"" ANDE""",JUS,1,0,0,1
Box Elder,Tremonton West,U.S. PRESIDENT,,ROSEANNE BARR,NP,0,0,0,0
Box Elder,Tremonton West,U.S. PRESIDENT,,STEPHEN DURHAM,NP,0,0,0,0
Box Elder,Tremonton West,U.S. PRESIDENT,,JILL REED,NP,0,0,0,0
Box Elder,Tremonton West,U.S. PRESIDENT,,ANDRE BARNETT,NP,0,0,0,0
Box Elder,Tremonton West,U.S. PRESIDENT,,WILL CHRISTENSEN,NP,0,0,0,0
Box Elder,Tremonton West,U.S. PRESIDENT,,JUSTIN MEYERS,NP,0,0,0,0
Box Elder,Tremonton West,U.S. PRESIDENT,,SHEILA SAM TITTLE,NP,0,0,0,0
Box Elder,Tremonton West,U.S. PRESIDENT,,ERIN KENT MAGEE,NP,0,0,0,0
Box Elder,Tremonton West,U.S. PRESIDENT,,DEAN MORSTAD,NP,0,0,0,0
Box Elder,Tremonton West,U.S. PRESIDENT,,NELSON MORSTAD,NP,0,0,0,0
Box Elder,Tremonton West,U.S. PRESIDENT,,DARRELL HYKES,NP,0,0,0,0
Box Elder,Tremonton West,U.S. PRESIDENT,,Write-in 80,NP,1,0,0,1
Box Elder,Tremonton West,U. S. SENATE,,Registered Voters,NP,878,,,
Box Elder,Tremonton West,U. S. SENATE,,SHAUN LYNN McCAUSLAN,CON,12,2,1,15
Box Elder,Tremonton West,U. S. SENATE,,SCOTT HOWELL,DEM,94,21,3,118
Box Elder,Tremonton West,U. S. SENATE,,ORRIN G. HATCH,REP,425,75,17,517
Box Elder,Tremonton West,U. S. SENATE,,DANIEL GEERY,JUS,2,0,0,2
Box Elder,Tremonton West,U. S. SENATE,,BILL BARRON,UNA,0,0,0,0
Box Elder,Tremonton West,U. S. SENATE,,JoANN S. SECRIST,NP,0,0,0,0
Box Elder,Tremonton West,U. S. SENATE,,Write-in 60,NP,2,0,0,2
Box Elder,Tremonton West,U. S. HOUSE OF REPRESENTATIVE,,Registered Voters,NP,878,,,
Box Elder,Tremonton West,U. S. HOUSE OF REPRESENTATIVE,,SHERRY PHIPPS,CON,22,1,1,24
Box Elder,Tremonton West,U. S. HOUSE OF REPRESENTATIVE,,DONNA M. McALEER,DEM,71,14,3,88
Box Elder,Tremonton West,U. S. HOUSE OF REPRESENTATIVE,,ROB BISHOP,REP,435,83,17,535
Box Elder,Tremonton West,U. S. HOUSE OF REPRESENTATIVE,,Write-in 40,NP,1,0,0,1
Box Elder,Tremonton West,GOVERNOR,,Registered Voters,NP,878,,,
Box Elder,Tremonton West,GOVERNOR,,PETER S COOKE,DEM,68,11,4,83
Box Elder,Tremonton West,GOVERNOR,,KEN LARSEN,LIB,8,1,0,9
Box Elder,Tremonton West,GOVERNOR,,KIRK D PEARSON,CON,9,0,0,9
Box Elder,Tremonton West,GOVERNOR,,GARY R. HERBERT,REP,449,87,17,553
Box Elder,Tremonton West,GOVERNOR,,DAVID J CANNON,NP,0,0,0,0
Box Elder,Tremonton West,GOVERNOR,,DENNIS C. OWEN,NP,0,0,0,0
Box Elder,Tremonton West,GOVERNOR,,Write-in 50,NP,0,0,0,0
Box Elder,Tremonton West,ATTY GENERAL,,Registered Voters,NP,878,,,
Box Elder,Tremonton West,ATTY GENERAL,,DEE W. SMITH,DEM,90,18,4,112
Box Elder,Tremonton West,ATTY GENERAL,,JOHN SWALLOW,REP,417,77,17,511
Box Elder,Tremonton West,ATTY GENERAL,,W. ANDREW McCULLOUGH,LIB,21,4,0,25
Box Elder,Tremonton West,ATTY GENERAL,,Write-in 40,NP,1,0,0,1
Box Elder,Tremonton West,STATE AUDITOR,,Registered Voters,NP,878,,,
Box Elder,Tremonton West,STATE AUDITOR,,MARK SAGE,DEM,69,14,5,88
Box Elder,Tremonton West,STATE AUDITOR,,JOHN DOUGALL,REP,417,80,15,512
Box Elder,Tremonton West,STATE AUDITOR,,RICHARD PROCTOR,CON,33,3,1,37
Box Elder,Tremonton West,STATE AUDITOR,,Write-in 40,NP,1,0,0,1
Box Elder,Tremonton West,STATE TREASURER,,Registered Voters,NP,878,,,
Box Elder,Tremonton West,STATE TREASURER,,CHRISTOPHER STOUT,DEM,70,15,4,89
Box Elder,Tremonton West,STATE TREASURER,,VINCENT C. MARCUS,LIB,24,3,1,28
Box Elder,Tremonton West,STATE TREASURER,,RICHARD K. ELLIS,REP,425,79,15,519
Box Elder,Tremonton West,STATE TREASURER,,WARREN ROGERS,NP,0,0,0,0
Box Elder,Tremonton West,STATE TREASURER,,Write-in 40,NP,0,0,0,0
Box Elder,Tremonton West,UTAH STATE HOUSE OF REPRESENTATIVES1,,Registered Voters,NP,878,,,
Box Elder,Tremonton West,UTAH STATE HOUSE OF REPRESENTATIVES1,,DeLOY W MECHAM,DEM,70,12,3,85
Box Elder,Tremonton West,UTAH STATE HOUSE OF REPRESENTATIVES1,,RONDA RUDD MENLOVE,REP,431,81,18,530
Box Elder,Tremonton West,UTAH STATE HOUSE OF REPRESENTATIVES1,,BECKY MADDOX,CON,32,6,0,38
Box Elder,Tremonton West,UTAH STATE HOUSE OF REPRESENTATIVES1,,Write-in 40,NP,0,0,0,0
Box Elder,Tremonton West,UTAH STATE SCHOOL BOARD OF EDUCATION,,Registered Voters,NP,878,,,
Box Elder,Tremonton West,UTAH STATE SCHOOL BOARD OF EDUCATION,,D. ALAN SHAKESPEAR,NP,299,45,11,355
Box Elder,Tremonton West,UTAH STATE SCHOOL BOARD OF EDUCATION,,TAMI W. PYFER,NP,156,26,3,185
Box Elder,Tremonton West,UTAH STATE SCHOOL BOARD OF EDUCATION,,Write-in 30,NP,0,0,0,0
Box Elder,Tremonton West,BOX ELDER COUNTY COMMISSION SEAT C,,Registered Voters,NP,878,,,
Box Elder,Tremonton West,BOX ELDER COUNTY COMMISSION SEAT C,,STAN SUMMERS,REP,502,98,18,618
Box Elder,Tremonton West,BOX ELDER COUNTY COMMISSION SEAT C,,Write-in 20,NP,6,0,1,7
Box Elder,Tremonton West,Judge KEVIN K. ALLEN,,Registered Voters,NP,878,,,
Box Elder,Tremonton West,Judge KEVIN K. ALLEN,,YES,NP,388,78,15,481
Box Elder,Tremonton West,Judge KEVIN K. ALLEN,,NO,NP,84,9,1,94
Box Elder,Tremonton West,Judge JEFFREY R. BURBANK,,Registered Voters,NP,878,,,
Box Elder,Tremonton West,Judge JEFFREY R. BURBANK,,YES,NP,397,77,16,490
Box Elder,Tremonton West,Judge JEFFREY R. BURBANK,,NO,NP,76,9,1,86
Box Elder,Tremonton West,BOX ELDER COUNTY SCHOOL BOARD DIST 1,,Registered Voters,NP,878,,,
Box Elder,Tremonton West,BOX ELDER COUNTY SCHOOL BOARD DIST 1,,LYNN A. CAPENER,NP,474,85,16,575
Box Elder,Tremonton West,BOX ELDER COUNTY SCHOOL BOARD DIST 1,,Write-in 20,NP,3,0,0,3
Box Elder,Tremonton West,Constitutional Amendment A,,Registered Voters,NP,878,,,
Box Elder,Tremonton West,Constitutional Amendment A,,FOR,NP,229,51,6,286
Box Elder,Tremonton West,Constitutional Amendment A,,AGAINST,NP,257,41,14,312
Box Elder,Tremonton West,Constitutional Amendment B,,Registered Voters,NP,878,,,
Box Elder,Tremonton West,Constitutional Amendment B,,FOR,NP,332,71,13,416
Box Elder,Tremonton West,Constitutional Amendment B,,AGAINST,NP,186,26,7,219
Box Elder,Willard,STRAIGHT PARTY,,Registered Voters,NP,1062,,,
Box Elder,Willard,STRAIGHT PARTY,,CONSTITUTION,CON,3,1,0,4
Box Elder,Willard,STRAIGHT PARTY,,LIBERTARIAN,LIB,2,0,1,3
Box Elder,Willard,STRAIGHT PARTY,,DEMOCRATIC,DEM,26,1,3,30
Box Elder,Willard,STRAIGHT PARTY,,REPUBLICAN,REP,193,42,12,247
Box Elder,Willard,STRAIGHT PARTY,,JUSTICE,JUS,1,0,0,1
Box Elder,Willard,STRAIGHT PARTY,,GREEN,GRN,1,0,0,1
Box Elder,Willard,U.S. PRESIDENT,,Registered Voters,NP,1062,,,
Box Elder,Willard,U.S. PRESIDENT,,JILL STEIN,GRN,4,0,1,5
Box Elder,Willard,U.S. PRESIDENT,,GLORIA LA RIVA,PSL,0,0,0,0
Box Elder,Willard,U.S. PRESIDENT,,MITT ROMNEY,REP,569,121,46,736
Box Elder,Willard,U.S. PRESIDENT,,BARACK OBAMA,DEM,63,9,9,81
Box Elder,Willard,U.S. PRESIDENT,,GARY JOHNSON,LIB,5,0,2,7
Box Elder,Willard,U.S. PRESIDENT,,VIRGIL GOODE,CON,0,0,0,0
Box Elder,Willard,U.S. PRESIDENT,,"ROSS C. \ROCKY\"" ANDE""",JUS,3,1,0,4
Box Elder,Willard,U.S. PRESIDENT,,ROSEANNE BARR,NP,1,0,0,1
Box Elder,Willard,U.S. PRESIDENT,,STEPHEN DURHAM,NP,0,0,0,0
Box Elder,Willard,U.S. PRESIDENT,,JILL REED,NP,0,0,0,0
Box Elder,Willard,U.S. PRESIDENT,,ANDRE BARNETT,NP,0,0,0,0
Box Elder,Willard,U.S. PRESIDENT,,WILL CHRISTENSEN,NP,0,0,0,0
Box Elder,Willard,U.S. PRESIDENT,,JUSTIN MEYERS,NP,0,0,0,0
Box Elder,Willard,U.S. PRESIDENT,,SHEILA SAM TITTLE,NP,0,0,0,0
Box Elder,Willard,U.S. PRESIDENT,,ERIN KENT MAGEE,NP,0,0,0,0
Box Elder,Willard,U.S. PRESIDENT,,DEAN MORSTAD,NP,0,0,0,0
Box Elder,Willard,U.S. PRESIDENT,,NELSON MORSTAD,NP,0,0,0,0
Box Elder,Willard,U.S. PRESIDENT,,DARRELL HYKES,NP,0,0,0,0
Box Elder,Willard,U.S. PRESIDENT,,Write-in 80,NP,4,1,0,5
Box Elder,Willard,U. S. SENATE,,Registered Voters,NP,1062,,,
Box Elder,Willard,U. S. SENATE,,SHAUN LYNN McCAUSLAN,CON,18,2,1,21
Box Elder,Willard,U. S. SENATE,,SCOTT HOWELL,DEM,113,27,15,155
Box Elder,Willard,U. S. SENATE,,ORRIN G. HATCH,REP,496,103,39,638
Box Elder,Willard,U. S. SENATE,,DANIEL GEERY,JUS,3,0,2,5
Box Elder,Willard,U. S. SENATE,,BILL BARRON,UNA,3,0,1,4
Box Elder,Willard,U. S. SENATE,,JoANN S. SECRIST,NP,0,0,0,0
Box Elder,Willard,U. S. SENATE,,Write-in 60,NP,0,0,0,0
Box Elder,Willard,U. S. HOUSE OF REPRESENTATIVE,,Registered Voters,NP,1062,,,
Box Elder,Willard,U. S. HOUSE OF REPRESENTATIVE,,SHERRY PHIPPS,CON,22,5,0,27
Box Elder,Willard,U. S. HOUSE OF REPRESENTATIVE,,DONNA M. McALEER,DEM,98,27,14,139
Box Elder,Willard,U. S. HOUSE OF REPRESENTATIVE,,ROB BISHOP,REP,522,100,43,665
Box Elder,Willard,U. S. HOUSE OF REPRESENTATIVE,,Write-in 40,NP,0,0,0,0
Box Elder,Willard,GOVERNOR,,Registered Voters,NP,1062,,,
Box Elder,Willard,GOVERNOR,,PETER S COOKE,DEM,104,24,10,138
Box Elder,Willard,GOVERNOR,,KEN LARSEN,LIB,8,3,1,12
Box Elder,Willard,GOVERNOR,,KIRK D PEARSON,CON,19,1,0,20
Box Elder,Willard,GOVERNOR,,GARY R. HERBERT,REP,509,104,45,658
Box Elder,Willard,GOVERNOR,,DAVID J CANNON,NP,0,0,0,0
Box Elder,Willard,GOVERNOR,,DENNIS C. OWEN,NP,0,0,0,0
Box Elder,Willard,GOVERNOR,,Write-in 50,NP,0,0,0,0
Box Elder,Willard,ATTY GENERAL,,Registered Voters,NP,1062,,,
Box Elder,Willard,ATTY GENERAL,,DEE W. SMITH,DEM,156,32,21,209
Box Elder,Willard,ATTY GENERAL,,JOHN SWALLOW,REP,435,97,32,564
Box Elder,Willard,ATTY GENERAL,,W. ANDREW McCULLOUGH,LIB,29,3,0,32
Box Elder,Willard,ATTY GENERAL,,Write-in 40,NP,1,0,0,1
Box Elder,Willard,STATE AUDITOR,,Registered Voters,NP,1062,,,
Box Elder,Willard,STATE AUDITOR,,MARK SAGE,DEM,97,18,18,133
Box Elder,Willard,STATE AUDITOR,,JOHN DOUGALL,REP,460,107,32,599
Box Elder,Willard,STATE AUDITOR,,RICHARD PROCTOR,CON,50,5,3,58
Box Elder,Willard,STATE AUDITOR,,Write-in 40,NP,0,0,0,0
Box Elder,Willard,STATE TREASURER,,Registered Voters,NP,1062,,,
Box Elder,Willard,STATE TREASURER,,CHRISTOPHER STOUT,DEM,98,18,15,131
Box Elder,Willard,STATE TREASURER,,VINCENT C. MARCUS,LIB,38,5,3,46
Box Elder,Willard,STATE TREASURER,,RICHARD K. ELLIS,REP,475,105,36,616
Box Elder,Willard,STATE TREASURER,,WARREN ROGERS,NP,0,0,0,0
Box Elder,Willard,STATE TREASURER,,Write-in 40,NP,0,0,0,0
Box Elder,Willard,UTAH STATE HOUSE OF REPRESENTATIVES29,,Registered Voters,NP,1062,,,
Box Elder,Willard,UTAH STATE HOUSE OF REPRESENTATIVES29,,LEE B PERRY,REP,519,109,45,673
Box Elder,Willard,UTAH STATE HOUSE OF REPRESENTATIVES29,,HEIDI BITTON,DEM,104,22,10,136
Box Elder,Willard,UTAH STATE HOUSE OF REPRESENTATIVES29,,Write-in 30,NP,0,0,0,0
Box Elder,Willard,UTAH STATE SCHOOL BOARD OF EDUCATION,,Registered Voters,NP,1062,,,
Box Elder,Willard,UTAH STATE SCHOOL BOARD OF EDUCATION,,D. ALAN SHAKESPEAR,NP,262,60,20,342
Box Elder,Willard,UTAH STATE SCHOOL BOARD OF EDUCATION,,TAMI W. PYFER,NP,254,56,24,334
Box Elder,Willard,UTAH STATE SCHOOL BOARD OF EDUCATION,,Write-in 30,NP,1,0,1,2
Box Elder,Willard,BOX ELDER COUNTY COMMISSION SEAT C,,Registered Voters,NP,1062,,,
Box Elder,Willard,BOX ELDER COUNTY COMMISSION SEAT C,,STAN SUMMERS,REP,576,123,46,745
Box Elder,Willard,BOX ELDER COUNTY COMMISSION SEAT C,,Write-in 20,NP,3,2,2,7
Box Elder,Willard,Judge KEVIN K. ALLEN,,Registered Voters,NP,1062,,,
Box Elder,Willard,Judge KEVIN K. ALLEN,,YES,NP,461,113,39,613
Box Elder,Willard,Judge KEVIN K. ALLEN,,NO,NP,89,12,8,109
Box Elder,Willard,Judge JEFFREY R. BURBANK,,Registered Voters,NP,1062,,,
Box Elder,Willard,Judge JEFFREY R. BURBANK,,YES,NP,467,116,39,622
Box Elder,Willard,Judge JEFFREY R. BURBANK,,NO,NP,86,10,8,104
Box Elder,Willard,Constitutional Amendment A,,Registered Voters,NP,1062,,,
Box Elder,Willard,Constitutional Amendment A,,FOR,NP,272,49,24,345
Box Elder,Willard,Constitutional Amendment A,,AGAINST,NP,301,77,28,406
Box Elder,Willard,Constitutional Amendment B,,Registered Voters,NP,1062,,,
Box Elder,Willard,Constitutional Amendment B,,FOR,NP,373,77,28,478
Box Elder,Willard,Constitutional Amendment B,,AGAINST,NP,223,50,27,300
Box Elder,Yost,STRAIGHT PARTY,,Registered Voters,NP,34,,,
Box Elder,Yost,STRAIGHT PARTY,,CONSTITUTION,CON,0,0,,0
Box Elder,Yost,STRAIGHT PARTY,,LIBERTARIAN,LIB,0,0,,0
Box Elder,Yost,STRAIGHT PARTY,,DEMOCRATIC,DEM,0,0,,0
Box Elder,Yost,STRAIGHT PARTY,,REPUBLICAN,REP,8,0,,8
Box Elder,Yost,STRAIGHT PARTY,,JUSTICE,JUS,0,0,,0
Box Elder,Yost,STRAIGHT PARTY,,GREEN,GRN,0,0,,0
Box Elder,Yost,U.S. PRESIDENT,,Registered Voters,NP,34,,,
Box Elder,Yost,U.S. PRESIDENT,,JILL STEIN,GRN,0,0,,0
Box Elder,Yost,U.S. PRESIDENT,,GLORIA LA RIVA,PSL,0,0,,0
Box Elder,Yost,U.S. PRESIDENT,,MITT ROMNEY,REP,32,0,,32
Box Elder,Yost,U.S. PRESIDENT,,BARACK OBAMA,DEM,0,0,,0
Box Elder,Yost,U.S. PRESIDENT,,GARY JOHNSON,LIB,0,0,,0
Box Elder,Yost,U.S. PRESIDENT,,VIRGIL GOODE,CON,0,0,,0
Box Elder,Yost,U.S. PRESIDENT,,"ROSS C. \ROCKY\"" ANDE""",JUS,0,0,,0
Box Elder,Yost,U.S. PRESIDENT,,ROSEANNE BARR,NP,0,0,,0
Box Elder,Yost,U.S. PRESIDENT,,STEPHEN DURHAM,NP,0,0,,0
Box Elder,Yost,U.S. PRESIDENT,,JILL REED,NP,0,0,,0
Box Elder,Yost,U.S. PRESIDENT,,ANDRE BARNETT,NP,0,0,,0
Box Elder,Yost,U.S. PRESIDENT,,WILL CHRISTENSEN,NP,0,0,,0
Box Elder,Yost,U.S. PRESIDENT,,JUSTIN MEYERS,NP,0,0,,0
Box Elder,Yost,U.S. PRESIDENT,,SHEILA SAM TITTLE,NP,0,0,,0
Box Elder,Yost,U.S. PRESIDENT,,ERIN KENT MAGEE,NP,0,0,,0
Box Elder,Yost,U.S. PRESIDENT,,DEAN MORSTAD,NP,0,0,,0
Box Elder,Yost,U.S. PRESIDENT,,NELSON MORSTAD,NP,0,0,,0
Box Elder,Yost,U.S. PRESIDENT,,DARRELL HYKES,NP,0,0,,0
Box Elder,Yost,U.S. PRESIDENT,,Write-in 80,NP,0,0,,0
Box Elder,Yost,U. S. SENATE,,Registered Voters,NP,34,,,
Box Elder,Yost,U. S. SENATE,,SHAUN LYNN McCAUSLAN,CON,4,0,,4
Box Elder,Yost,U. S. SENATE,,SCOTT HOWELL,DEM,1,0,,1
Box Elder,Yost,U. S. SENATE,,ORRIN G. HATCH,REP,26,0,,26
Box Elder,Yost,U. S. SENATE,,DANIEL GEERY,JUS,0,0,,0
Box Elder,Yost,U. S. SENATE,,BILL BARRON,UNA,0,0,,0
Box Elder,Yost,U. S. SENATE,,JoANN S. SECRIST,NP,0,0,,0
Box Elder,Yost,U. S. SENATE,,Write-in 60,NP,0,0,,0
Box Elder,Yost,U. S. HOUSE OF REPRESENTATIVE,,Registered Voters,NP,34,,,
Box Elder,Yost,U. S. HOUSE OF REPRESENTATIVE,,SHERRY PHIPPS,CON,2,0,,2
Box Elder,Yost,U. S. HOUSE OF REPRESENTATIVE,,DONNA M. McALEER,DEM,2,0,,2
Box Elder,Yost,U. S. HOUSE OF REPRESENTATIVE,,ROB BISHOP,REP,26,0,,26
Box Elder,Yost,U. S. HOUSE OF REPRESENTATIVE,,Write-in 40,NP,0,0,,0
Box Elder,Yost,GOVERNOR,,Registered Voters,NP,34,,,
Box Elder,Yost,GOVERNOR,,PETER S COOKE,DEM,0,0,,0
Box Elder,Yost,GOVERNOR,,KEN LARSEN,LIB,0,0,,0
Box Elder,Yost,GOVERNOR,,KIRK D PEARSON,CON,1,0,,1
Box Elder,Yost,GOVERNOR,,GARY R. HERBERT,REP,29,0,,29
Box Elder,Yost,GOVERNOR,,DAVID J CANNON,NP,0,0,,0
Box Elder,Yost,GOVERNOR,,DENNIS C. OWEN,NP,0,0,,0
Box Elder,Yost,GOVERNOR,,Write-in 50,NP,0,0,,0
Box Elder,Yost,ATTY GENERAL,,Registered Voters,NP,34,,,
Box Elder,Yost,ATTY GENERAL,,DEE W. SMITH,DEM,5,0,,5
Box Elder,Yost,ATTY GENERAL,,JOHN SWALLOW,REP,24,0,,24
Box Elder,Yost,ATTY GENERAL,,W. ANDREW McCULLOUGH,LIB,0,0,,0
Box Elder,Yost,ATTY GENERAL,,Write-in 40,NP,0,0,,0
Box Elder,Yost,STATE AUDITOR,,Registered Voters,NP,34,,,
Box Elder,Yost,STATE AUDITOR,,MARK SAGE,DEM,0,0,,0
Box Elder,Yost,STATE AUDITOR,,JOHN DOUGALL,REP,27,0,,27
Box Elder,Yost,STATE AUDITOR,,RICHARD PROCTOR,CON,2,0,,2
Box Elder,Yost,STATE AUDITOR,,Write-in 40,NP,0,0,,0
Box Elder,Yost,STATE TREASURER,,Registered Voters,NP,34,,,
Box Elder,Yost,STATE TREASURER,,CHRISTOPHER STOUT,DEM,3,0,,3
Box Elder,Yost,STATE TREASURER,,VINCENT C. MARCUS,LIB,0,0,,0
Box Elder,Yost,STATE TREASURER,,RICHARD K. ELLIS,REP,26,0,,26
Box Elder,Yost,STATE TREASURER,,WARREN ROGERS,NP,0,0,,0
Box Elder,Yost,STATE TREASURER,,Write-in 40,NP,0,0,,0
Box Elder,Yost,UTAH STATE HOUSE OF REPRESENTATIVES1,,Registered Voters,NP,34,,,
Box Elder,Yost,UTAH STATE HOUSE OF REPRESENTATIVES1,,DeLOY W MECHAM,DEM,2,0,,2
Box Elder,Yost,UTAH STATE HOUSE OF REPRESENTATIVES1,,RONDA RUDD MENLOVE,REP,28,0,,28
Box Elder,Yost,UTAH STATE HOUSE OF REPRESENTATIVES1,,BECKY MADDOX,CON,1,0,,1
Box Elder,Yost,UTAH STATE HOUSE OF REPRESENTATIVES1,,Write-in 40,NP,0,0,,0
Box Elder,Yost,UTAH STATE SCHOOL BOARD OF EDUCATION,,Registered Voters,NP,34,,,
Box Elder,Yost,UTAH STATE SCHOOL BOARD OF EDUCATION,,D. ALAN SHAKESPEAR,NP,14,0,,14
Box Elder,Yost,UTAH STATE SCHOOL BOARD OF EDUCATION,,TAMI W. PYFER,NP,7,0,,7
Box Elder,Yost,UTAH STATE SCHOOL BOARD OF EDUCATION,,Write-in 30,NP,0,0,,0
Box Elder,Yost,BOX ELDER COUNTY COMMISSION SEAT C,,Registered Voters,NP,34,,,
Box Elder,Yost,BOX ELDER COUNTY COMMISSION SEAT C,,STAN SUMMERS,REP,29,0,,29
Box Elder,Yost,BOX ELDER COUNTY COMMISSION SEAT C,,Write-in 20,NP,0,0,,0
Box Elder,Yost,Judge KEVIN K. ALLEN,,Registered Voters,NP,34,,,
Box Elder,Yost,Judge KEVIN K. ALLEN,,YES,NP,20,0,,20
Box Elder,Yost,Judge KEVIN K. ALLEN,,NO,NP,2,0,,2
Box Elder,Yost,Judge JEFFREY R. BURBANK,,Registered Voters,NP,34,,,
Box Elder,Yost,Judge JEFFREY R. BURBANK,,YES,NP,20,0,,20
Box Elder,Yost,Judge JEFFREY R. BURBANK,,NO,NP,2,0,,2
Box Elder,Yost,BOX ELDER COUNTY SCHOOL BOARD DIST 1,,Registered Voters,NP,34,,,
Box Elder,Yost,BOX ELDER COUNTY SCHOOL BOARD DIST 1,,LYNN A. CAPENER,NP,23,0,,23
Box Elder,Yost,BOX ELDER COUNTY SCHOOL BOARD DIST 1,,Write-in 20,NP,0,0,,0
Box Elder,Yost,Constitutional Amendment A,,Registered Voters,NP,34,,,
Box Elder,Yost,Constitutional Amendment A,,FOR,NP,9,0,,9
Box Elder,Yost,Constitutional Amendment A,,AGAINST,NP,14,0,,14
Box Elder,Yost,Constitutional Amendment B,,Registered Voters,NP,34,,,
Box Elder,Yost,Constitutional Amendment B,,FOR,NP,16,0,,16
Box Elder,Yost,Constitutional Amendment B,,AGAINST,NP,10,0,,10
Box Elder,Election Total,STRAIGHT PARTY,,Registered Voters,NP,26108,,,
Box Elder,Election Total,STRAIGHT PARTY,,CONSTITUTION,CON,30,11,0,41
Box Elder,Election Total,STRAIGHT PARTY,,LIBERTARIAN,LIB,55,7,4,66
Box Elder,Election Total,STRAIGHT PARTY,,DEMOCRATIC,DEM,483,192,43,718
Box Elder,Election Total,STRAIGHT PARTY,,REPUBLICAN,REP,3805,1252,409,5466
Box Elder,Election Total,STRAIGHT PARTY,,JUSTICE,JUS,2,0,0,2
Box Elder,Election Total,STRAIGHT PARTY,,GREEN,GRN,12,1,1,14
Box Elder,Election Total,U.S. PRESIDENT,,Registered Voters,NP,26108,,,
Box Elder,Election Total,U.S. PRESIDENT,,JILL STEIN,GRN,29,4,3,36
Box Elder,Election Total,U.S. PRESIDENT,,GLORIA LA RIVA,PSL,5,0,1,6
Box Elder,Election Total,U.S. PRESIDENT,,MITT ROMNEY,REP,12020,3629,1452,17101
Box Elder,Election Total,U.S. PRESIDENT,,BARACK OBAMA,DEM,1336,493,155,1984
Box Elder,Election Total,U.S. PRESIDENT,,GARY JOHNSON,LIB,122,19,9,150
Box Elder,Election Total,U.S. PRESIDENT,,VIRGIL GOODE,CON,51,18,3,72
Box Elder,Election Total,U.S. PRESIDENT,,"ROSS C. \ROCKY\"" ANDE""",JUS,40,15,1,56
Box Elder,Election Total,U.S. PRESIDENT,,ROSEANNE BARR,NP,1,0,0,1
Box Elder,Election Total,U.S. PRESIDENT,,STEPHEN DURHAM,NP,0,0,0,0
Box Elder,Election Total,U.S. PRESIDENT,,JILL REED,NP,0,0,0,0
Box Elder,Election Total,U.S. PRESIDENT,,ANDRE BARNETT,NP,0,0,0,0
Box Elder,Election Total,U.S. PRESIDENT,,WILL CHRISTENSEN,NP,1,0,1,2
Box Elder,Election Total,U.S. PRESIDENT,,JUSTIN MEYERS,NP,0,0,0,0
Box Elder,Election Total,U.S. PRESIDENT,,SHEILA SAM TITTLE,NP,0,0,0,0
Box Elder,Election Total,U.S. PRESIDENT,,ERIN KENT MAGEE,NP,0,0,0,0
Box Elder,Election Total,U.S. PRESIDENT,,DEAN MORSTAD,NP,0,0,0,0
Box Elder,Election Total,U.S. PRESIDENT,,NELSON MORSTAD,NP,0,0,0,0
Box Elder,Election Total,U.S. PRESIDENT,,DARRELL HYKES,NP,0,0,0,0
Box Elder,Election Total,U.S. PRESIDENT,,Write-in 80,NP,58,16,2,76
Box Elder,Election Total,U. S. SENATE,,Registered Voters,NP,26108,,,
Box Elder,Election Total,U. S. SENATE,,SHAUN LYNN McCAUSLAN,CON,492,100,37,629
Box Elder,Election Total,U. S. SENATE,,SCOTT HOWELL,DEM,2347,816,216,3379
Box Elder,Election Total,U. S. SENATE,,ORRIN G. HATCH,REP,10453,3193,1325,14971
Box Elder,Election Total,U. S. SENATE,,DANIEL GEERY,JUS,87,17,21,125
Box Elder,Election Total,U. S. SENATE,,BILL BARRON,UNA,64,10,12,86
Box Elder,Election Total,U. S. SENATE,,JoANN S. SECRIST,NP,0,0,0,0
Box Elder,Election Total,U. S. SENATE,,Write-in 60,NP,25,2,2,29
Box Elder,Election Total,U. S. HOUSE OF REPRESENTATIVE,,Registered Voters,NP,26108,,,
Box Elder,Election Total,U. S. HOUSE OF REPRESENTATIVE,,SHERRY PHIPPS,CON,599,148,50,797
Box Elder,Election Total,U. S. HOUSE OF REPRESENTATIVE,,DONNA M. McALEER,DEM,1822,713,176,2711
Box Elder,Election Total,U. S. HOUSE OF REPRESENTATIVE,,ROB BISHOP,REP,10995,3269,1378,15642
Box Elder,Election Total,U. S. HOUSE OF REPRESENTATIVE,,Write-in 40,NP,16,1,1,18
Box Elder,Election Total,GOVERNOR,,Registered Voters,NP,26108,,,
Box Elder,Election Total,GOVERNOR,,PETER S COOKE,DEM,1906,668,193,2767
Box Elder,Election Total,GOVERNOR,,KEN LARSEN,LIB,231,50,26,307
Box Elder,Election Total,GOVERNOR,,KIRK D PEARSON,CON,305,64,20,389
Box Elder,Election Total,GOVERNOR,,GARY R. HERBERT,REP,11047,3386,1369,15802
Box Elder,Election Total,GOVERNOR,,DAVID J CANNON,NP,0,0,0,0
Box Elder,Election Total,GOVERNOR,,DENNIS C. OWEN,NP,0,0,0,0
Box Elder,Election Total,GOVERNOR,,Write-in 50,NP,3,0,0,3
Box Elder,Election Total,ATTY GENERAL,,Registered Voters,NP,26108,,,
Box Elder,Election Total,ATTY GENERAL,,DEE W. SMITH,DEM,2504,912,300,3716
Box Elder,Election Total,ATTY GENERAL,,JOHN SWALLOW,REP,10073,3043,1233,14349
Box Elder,Election Total,ATTY GENERAL,,W. ANDREW McCULLOUGH,LIB,640,137,51,828
Box Elder,Election Total,ATTY GENERAL,,Write-in 40,NP,9,0,1,10
Box Elder,Election Total,STATE AUDITOR,,Registered Voters,NP,26108,,,
Box Elder,Election Total,STATE AUDITOR,,MARK SAGE,DEM,2038,720,233,2991
Box Elder,Election Total,STATE AUDITOR,,JOHN DOUGALL,REP,10046,3104,1258,14408
Box Elder,Election Total,STATE AUDITOR,,RICHARD PROCTOR,CON,910,209,76,1195
Box Elder,Election Total,STATE AUDITOR,,Write-in 40,NP,13,1,0,14
Box Elder,Election Total,STATE TREASURER,,Registered Voters,NP,26108,,,
Box Elder,Election Total,STATE TREASURER,,CHRISTOPHER STOUT,DEM,1912,659,220,2791
Box Elder,Election Total,STATE TREASURER,,VINCENT C. MARCUS,LIB,776,217,62,1055
Box Elder,Election Total,STATE TREASURER,,RICHARD K. ELLIS,REP,10283,3134,1279,14696
Box Elder,Election Total,STATE TREASURER,,WARREN ROGERS,NP,0,0,0,0
Box Elder,Election Total,STATE TREASURER,,Write-in 40,NP,6,1,0,7
Box Elder,Election Total,UTAH STATE HOUSE OF REPRESENTATIVES1,,Registered Voters,NP,17662,,,
Box Elder,Election Total,UTAH STATE HOUSE OF REPRESENTATIVES1,,DeLOY W MECHAM,DEM,1350,352,125,1827
Box Elder,Election Total,UTAH STATE HOUSE OF REPRESENTATIVES1,,RONDA RUDD MENLOVE,REP,7286,1787,664,9737
Box Elder,Election Total,UTAH STATE HOUSE OF REPRESENTATIVES1,,BECKY MADDOX,CON,1016,248,82,1346
Box Elder,Election Total,UTAH STATE HOUSE OF REPRESENTATIVES1,,Write-in 40,NP,7,0,0,7
Box Elder,Election Total,UTAH STATE HOUSE OF REPRESENTATIVES29,,Registered Voters,NP,8446,,,
Box Elder,Election Total,UTAH STATE HOUSE OF REPRESENTATIVES29,,LEE B PERRY,REP,3195,1466,646,5307
Box Elder,Election Total,UTAH STATE HOUSE OF REPRESENTATIVES29,,HEIDI BITTON,DEM,513,267,67,847
Box Elder,Election Total,UTAH STATE HOUSE OF REPRESENTATIVES29,,Write-in 30,NP,5,2,3,10
Box Elder,Election Total,UTAH STATE SCHOOL BOARD OF EDUCATION,,Registered Voters,NP,26108,,,
Box Elder,Election Total,UTAH STATE SCHOOL BOARD OF EDUCATION,,D. ALAN SHAKESPEAR,NP,7086,2243,831,10160
Box Elder,Election Total,UTAH STATE SCHOOL BOARD OF EDUCATION,,TAMI W. PYFER,NP,4195,1169,546,5910
Box Elder,Election Total,UTAH STATE SCHOOL BOARD OF EDUCATION,,Write-in 30,NP,45,12,6,63
Box Elder,Election Total,BOX ELDER COUNTY COMMISSION SEAT C,,Registered Voters,NP,26108,,,
Box Elder,Election Total,BOX ELDER COUNTY COMMISSION SEAT C,,STAN SUMMERS,REP,12408,3818,1469,17695
Box Elder,Election Total,BOX ELDER COUNTY COMMISSION SEAT C,,Write-in 20,NP,165,32,23,220
Box Elder,Election Total,Judge KEVIN K. ALLEN,,Registered Voters,NP,26108,,,
Box Elder,Election Total,Judge KEVIN K. ALLEN,,YES,NP,10055,3092,1229,14376
Box Elder,Election Total,Judge KEVIN K. ALLEN,,NO,NP,1844,571,203,2618
Box Elder,Election Total,Judge JEFFREY R. BURBANK,,Registered Voters,NP,26108,,,
Box Elder,Election Total,Judge JEFFREY R. BURBANK,,YES,NP,10305,3157,1253,14715
Box Elder,Election Total,Judge JEFFREY R. BURBANK,,NO,NP,1646,522,190,2358
Box Elder,Election Total,BOX ELDER COUNTY SCHOOL BOARD DIST 1,,Registered Voters,NP,3728,,,
Box Elder,Election Total,BOX ELDER COUNTY SCHOOL BOARD DIST 1,,LYNN A. CAPENER,NP,2384,142,85,2611
Box Elder,Election Total,BOX ELDER COUNTY SCHOOL BOARD DIST 1,,Write-in 20,NP,35,1,2,38
Box Elder,Election Total,BOX ELDER COUNTY SCHOOL BOARD DIST 2,,Registered Voters,NP,3424,,,
Box Elder,Election Total,BOX ELDER COUNTY SCHOOL BOARD DIST 2,,CONNIE J. ARCHIBALD,NP,1347,533,241,2121
Box Elder,Election Total,BOX ELDER COUNTY SCHOOL BOARD DIST 2,,Write-in 20,NP,16,6,8,30
Box Elder,Election Total,BOX ELDER COUNTY SCHOOL BOARD DIST 5,,Registered Voters,NP,3398,,,
Box Elder,Election Total,BOX ELDER COUNTY SCHOOL BOARD DIST 5,,NANCY S. KENNEDY,NP,891,526,115,1532
Box Elder,Election Total,BOX ELDER COUNTY SCHOOL BOARD DIST 5,,STEVE BROOKS,NP,367,170,46,583
Box Elder,Election Total,BOX ELDER COUNTY SCHOOL BOARD DIST 5,,Write-in 30,NP,8,0,0,8
Box Elder,Election Total,BOX ELDER COUNTY SCHOOL BOARD DIST 6,,Registered Voters,NP,3947,,,
Box Elder,Election Total,BOX ELDER COUNTY SCHOOL BOARD DIST 6,,BRYAN D. SMITH,NP,1255,857,239,2351
Box Elder,Election Total,BOX ELDER COUNTY SCHOOL BOARD DIST 6,,Write-in 20,NP,10,6,3,19
Box Elder,Election Total,Constitutional Amendment A,,Registered Voters,NP,26108,,,
Box Elder,Election Total,Constitutional Amendment A,,FOR,NP,5794,1918,752,8464
Box Elder,Election Total,Constitutional Amendment A,,AGAINST,NP,6421,1849,719,8989
Box Elder,Election Total,Constitutional Amendment B,,Registered Voters,NP,26108,,,
Box Elder,Election Total,Constitutional Amendment B,,FOR,NP,8412,2709,993,12114
Box Elder,Election Total,Constitutional Amendment B,,AGAINST,NP,4432,1263,545,6240
