county,precinct,office,district,party,candidate,votes
Utah,25AF01,Ballots Cast,,,,183
Utah,25AF01,Ballots Cast,,REP,,183
Utah,25AF01,Ballots Cast Blank,,,,0
Utah,25AF01,Board Of Education District 11 (Multi-County),11,REP,Over Votes,0
Utah,25AF01,Board Of Education District 11 (Multi-County),11,REP,Terry L. Hutchinson,78
Utah,25AF01,Board Of Education District 11 (Multi-County),11,REP,Tracy J. Nuttall,97
Utah,25AF01,Board Of Education District 11 (Multi-County),11,REP,Under Votes,8
Utah,25AF01,Registered Voters,,,,629
Utah,25AF01,Registered Voters,,REP,,629
Utah,25AF01,Senate,21,REP,Brady Brammer,98
Utah,25AF01,Senate,21,REP,Kelly Smith,80
Utah,25AF01,Senate,21,REP,Over Votes,0
Utah,25AF01,Senate,21,REP,Under Votes,5
Utah,25AF01,Utah County Clerk,,REP,Aaron Davidson,99
Utah,25AF01,Utah County Clerk,,REP,Corey K Astill,77
Utah,25AF01,Utah County Clerk,,REP,Over Votes,0
Utah,25AF01,Utah County Clerk,,REP,Under Votes,7
Utah,25AF01,Utah County Commission Seat A,,REP,Brent V. Bowles,82
Utah,25AF01,Utah County Commission Seat A,,REP,Michelle Kaufusi,99
Utah,25AF01,Utah County Commission Seat A,,REP,Over Votes,0
Utah,25AF01,Utah County Commission Seat A,,REP,Under Votes,2
Utah,25AF01,Utah County Commission Seat B,,REP,Carolina Herrin,33
Utah,25AF01,Utah County Commission Seat B,,REP,David M. Spencer,64
Utah,25AF01,Utah County Commission Seat B,,REP,Isaac Paxman,82
Utah,25AF01,Utah County Commission Seat B,,REP,Over Votes,0
Utah,25AF01,Utah County Commission Seat B,,REP,Under Votes,4
Utah,25AF02,Ballots Cast,,,,48
Utah,25AF02,Ballots Cast,,REP,,48
Utah,25AF02,Ballots Cast Blank,,,,0
Utah,25AF02,Board Of Education District 11 (Multi-County),11,REP,Over Votes,0
Utah,25AF02,Board Of Education District 11 (Multi-County),11,REP,Terry L. Hutchinson,26
Utah,25AF02,Board Of Education District 11 (Multi-County),11,REP,Tracy J. Nuttall,20
Utah,25AF02,Board Of Education District 11 (Multi-County),11,REP,Under Votes,2
Utah,25AF02,Registered Voters,,,,109
Utah,25AF02,Registered Voters,,REP,,109
Utah,25AF02,Senate,21,REP,Brady Brammer,34
Utah,25AF02,Senate,21,REP,Kelly Smith,14
Utah,25AF02,Senate,21,REP,Over Votes,0
Utah,25AF02,Senate,21,REP,Under Votes,0
Utah,25AF02,Utah County Clerk,,REP,Aaron Davidson,27
Utah,25AF02,Utah County Clerk,,REP,Corey K Astill,21
Utah,25AF02,Utah County Clerk,,REP,Over Votes,0
Utah,25AF02,Utah County Clerk,,REP,Under Votes,0
Utah,25AF02,Utah County Commission Seat A,,REP,Brent V. Bowles,19
Utah,25AF02,Utah County Commission Seat A,,REP,Michelle Kaufusi,29
Utah,25AF02,Utah County Commission Seat A,,REP,Over Votes,0
Utah,25AF02,Utah County Commission Seat A,,REP,Under Votes,0
Utah,25AF02,Utah County Commission Seat B,,REP,Carolina Herrin,6
Utah,25AF02,Utah County Commission Seat B,,REP,David M. Spencer,27
Utah,25AF02,Utah County Commission Seat B,,REP,Isaac Paxman,13
Utah,25AF02,Utah County Commission Seat B,,REP,Over Votes,0
Utah,25AF02,Utah County Commission Seat B,,REP,Under Votes,2
Utah,25AF03,Ballots Cast,,,,303
Utah,25AF03,Ballots Cast,,REP,,303
Utah,25AF03,Ballots Cast Blank,,,,0
Utah,25AF03,Board Of Education District 11 (Multi-County),11,REP,Over Votes,0
Utah,25AF03,Board Of Education District 11 (Multi-County),11,REP,Terry L. Hutchinson,142
Utah,25AF03,Board Of Education District 11 (Multi-County),11,REP,Tracy J. Nuttall,154
Utah,25AF03,Board Of Education District 11 (Multi-County),11,REP,Under Votes,7
Utah,25AF03,Registered Voters,,,,780
Utah,25AF03,Registered Voters,,REP,,780
Utah,25AF03,Senate,21,REP,Brady Brammer,145
Utah,25AF03,Senate,21,REP,Kelly Smith,158
Utah,25AF03,Senate,21,REP,Over Votes,0
Utah,25AF03,Senate,21,REP,Under Votes,0
Utah,25AF03,Utah County Clerk,,REP,Aaron Davidson,130
Utah,25AF03,Utah County Clerk,,REP,Corey K Astill,163
Utah,25AF03,Utah County Clerk,,REP,Over Votes,0
Utah,25AF03,Utah County Clerk,,REP,Under Votes,10
Utah,25AF03,Utah County Commission Seat A,,REP,Brent V. Bowles,116
Utah,25AF03,Utah County Commission Seat A,,REP,Michelle Kaufusi,183
Utah,25AF03,Utah County Commission Seat A,,REP,Over Votes,0
Utah,25AF03,Utah County Commission Seat A,,REP,Under Votes,4
Utah,25AF03,Utah County Commission Seat B,,REP,Carolina Herrin,68
Utah,25AF03,Utah County Commission Seat B,,REP,David M. Spencer,116
Utah,25AF03,Utah County Commission Seat B,,REP,Isaac Paxman,113
Utah,25AF03,Utah County Commission Seat B,,REP,Over Votes,0
Utah,25AF03,Utah County Commission Seat B,,REP,Under Votes,6
Utah,25AF04,Ballots Cast,,,,257
Utah,25AF04,Ballots Cast,,REP,,257
Utah,25AF04,Ballots Cast Blank,,,,0
Utah,25AF04,Board Of Education District 11 (Multi-County),11,REP,Over Votes,0
Utah,25AF04,Board Of Education District 11 (Multi-County),11,REP,Terry L. Hutchinson,117
Utah,25AF04,Board Of Education District 11 (Multi-County),11,REP,Tracy J. Nuttall,127
Utah,25AF04,Board Of Education District 11 (Multi-County),11,REP,Under Votes,13
Utah,25AF04,Registered Voters,,,,649
Utah,25AF04,Registered Voters,,REP,,649
Utah,25AF04,Senate,21,REP,Brady Brammer,128
Utah,25AF04,Senate,21,REP,Kelly Smith,127
Utah,25AF04,Senate,21,REP,Over Votes,0
Utah,25AF04,Senate,21,REP,Under Votes,2
Utah,25AF04,Utah County Clerk,,REP,Aaron Davidson,107
Utah,25AF04,Utah County Clerk,,REP,Corey K Astill,143
Utah,25AF04,Utah County Clerk,,REP,Over Votes,0
Utah,25AF04,Utah County Clerk,,REP,Under Votes,7
Utah,25AF04,Utah County Commission Seat A,,REP,Brent V. Bowles,104
Utah,25AF04,Utah County Commission Seat A,,REP,Michelle Kaufusi,150
Utah,25AF04,Utah County Commission Seat A,,REP,Over Votes,0
Utah,25AF04,Utah County Commission Seat A,,REP,Under Votes,3
Utah,25AF04,Utah County Commission Seat B,,REP,Carolina Herrin,54
Utah,25AF04,Utah County Commission Seat B,,REP,David M. Spencer,96
Utah,25AF04,Utah County Commission Seat B,,REP,Isaac Paxman,100
Utah,25AF04,Utah County Commission Seat B,,REP,Over Votes,0
Utah,25AF04,Utah County Commission Seat B,,REP,Under Votes,7
Utah,25AF05,Ballots Cast,,,,266
Utah,25AF05,Ballots Cast,,REP,,266
Utah,25AF05,Ballots Cast Blank,,,,0
Utah,25AF05,Board Of Education District 11 (Multi-County),11,REP,Over Votes,0
Utah,25AF05,Board Of Education District 11 (Multi-County),11,REP,Terry L. Hutchinson,98
Utah,25AF05,Board Of Education District 11 (Multi-County),11,REP,Tracy J. Nuttall,159
Utah,25AF05,Board Of Education District 11 (Multi-County),11,REP,Under Votes,9
Utah,25AF05,Registered Voters,,,,726
Utah,25AF05,Registered Voters,,REP,,726
Utah,25AF05,Senate,21,REP,Brady Brammer,120
Utah,25AF05,Senate,21,REP,Kelly Smith,142
Utah,25AF05,Senate,21,REP,Over Votes,0
Utah,25AF05,Senate,21,REP,Under Votes,4
Utah,25AF05,Utah County Clerk,,REP,Aaron Davidson,107
Utah,25AF05,Utah County Clerk,,REP,Corey K Astill,142
Utah,25AF05,Utah County Clerk,,REP,Over Votes,0
Utah,25AF05,Utah County Clerk,,REP,Under Votes,17
Utah,25AF05,Utah County Commission Seat A,,REP,Brent V. Bowles,102
Utah,25AF05,Utah County Commission Seat A,,REP,Michelle Kaufusi,161
Utah,25AF05,Utah County Commission Seat A,,REP,Over Votes,0
Utah,25AF05,Utah County Commission Seat A,,REP,Under Votes,3
Utah,25AF05,Utah County Commission Seat B,,REP,Carolina Herrin,45
Utah,25AF05,Utah County Commission Seat B,,REP,David M. Spencer,107
Utah,25AF05,Utah County Commission Seat B,,REP,Isaac Paxman,107
Utah,25AF05,Utah County Commission Seat B,,REP,Over Votes,0
Utah,25AF05,Utah County Commission Seat B,,REP,Under Votes,7
Utah,25AF06,Ballots Cast,,,,254
Utah,25AF06,Ballots Cast,,REP,,254
Utah,25AF06,Ballots Cast Blank,,,,0
Utah,25AF06,Board Of Education District 11 (Multi-County),11,REP,Over Votes,0
Utah,25AF06,Board Of Education District 11 (Multi-County),11,REP,Terry L. Hutchinson,149
Utah,25AF06,Board Of Education District 11 (Multi-County),11,REP,Tracy J. Nuttall,102
Utah,25AF06,Board Of Education District 11 (Multi-County),11,REP,Under Votes,3
Utah,25AF06,Registered Voters,,,,691
Utah,25AF06,Registered Voters,,REP,,691
Utah,25AF06,Senate,21,REP,Brady Brammer,162
Utah,25AF06,Senate,21,REP,Kelly Smith,90
Utah,25AF06,Senate,21,REP,Over Votes,0
Utah,25AF06,Senate,21,REP,Under Votes,2
Utah,25AF06,Utah County Clerk,,REP,Aaron Davidson,122
Utah,25AF06,Utah County Clerk,,REP,Corey K Astill,130
Utah,25AF06,Utah County Clerk,,REP,Over Votes,0
Utah,25AF06,Utah County Clerk,,REP,Under Votes,2
Utah,25AF06,Utah County Commission Seat A,,REP,Brent V. Bowles,101
Utah,25AF06,Utah County Commission Seat A,,REP,Michelle Kaufusi,148
Utah,25AF06,Utah County Commission Seat A,,REP,Over Votes,0
Utah,25AF06,Utah County Commission Seat A,,REP,Under Votes,5
Utah,25AF06,Utah County Commission Seat B,,REP,Carolina Herrin,41
Utah,25AF06,Utah County Commission Seat B,,REP,David M. Spencer,108
Utah,25AF06,Utah County Commission Seat B,,REP,Isaac Paxman,101
Utah,25AF06,Utah County Commission Seat B,,REP,Over Votes,0
Utah,25AF06,Utah County Commission Seat B,,REP,Under Votes,4
Utah,25AF07,Ballots Cast,,,,163
Utah,25AF07,Ballots Cast,,REP,,163
Utah,25AF07,Ballots Cast Blank,,,,0
Utah,25AF07,Board Of Education District 11 (Multi-County),11,REP,Over Votes,0
Utah,25AF07,Board Of Education District 11 (Multi-County),11,REP,Terry L. Hutchinson,70
Utah,25AF07,Board Of Education District 11 (Multi-County),11,REP,Tracy J. Nuttall,89
Utah,25AF07,Board Of Education District 11 (Multi-County),11,REP,Under Votes,4
Utah,25AF07,Registered Voters,,,,378
Utah,25AF07,Registered Voters,,REP,,378
Utah,25AF07,Senate,21,REP,Brady Brammer,86
Utah,25AF07,Senate,21,REP,Kelly Smith,76
Utah,25AF07,Senate,21,REP,Over Votes,0
Utah,25AF07,Senate,21,REP,Under Votes,1
Utah,25AF07,Utah County Clerk,,REP,Aaron Davidson,79
Utah,25AF07,Utah County Clerk,,REP,Corey K Astill,76
Utah,25AF07,Utah County Clerk,,REP,Over Votes,0
Utah,25AF07,Utah County Clerk,,REP,Under Votes,8
Utah,25AF07,Utah County Commission Seat A,,REP,Brent V. Bowles,64
Utah,25AF07,Utah County Commission Seat A,,REP,Michelle Kaufusi,94
Utah,25AF07,Utah County Commission Seat A,,REP,Over Votes,0
Utah,25AF07,Utah County Commission Seat A,,REP,Under Votes,5
Utah,25AF07,Utah County Commission Seat B,,REP,Carolina Herrin,40
Utah,25AF07,Utah County Commission Seat B,,REP,David M. Spencer,61
Utah,25AF07,Utah County Commission Seat B,,REP,Isaac Paxman,57
Utah,25AF07,Utah County Commission Seat B,,REP,Over Votes,0
Utah,25AF07,Utah County Commission Seat B,,REP,Under Votes,5
Utah,25AF08,Ballots Cast,,,,217
Utah,25AF08,Ballots Cast,,REP,,217
Utah,25AF08,Ballots Cast Blank,,,,0
Utah,25AF08,Board Of Education District 11 (Multi-County),11,REP,Over Votes,0
Utah,25AF08,Board Of Education District 11 (Multi-County),11,REP,Terry L. Hutchinson,90
Utah,25AF08,Board Of Education District 11 (Multi-County),11,REP,Tracy J. Nuttall,121
Utah,25AF08,Board Of Education District 11 (Multi-County),11,REP,Under Votes,6
Utah,25AF08,Registered Voters,,,,668
Utah,25AF08,Registered Voters,,REP,,668
Utah,25AF08,Senate,21,REP,Brady Brammer,109
Utah,25AF08,Senate,21,REP,Kelly Smith,108
Utah,25AF08,Senate,21,REP,Over Votes,0
Utah,25AF08,Senate,21,REP,Under Votes,0
Utah,25AF08,Utah County Clerk,,REP,Aaron Davidson,92
Utah,25AF08,Utah County Clerk,,REP,Corey K Astill,120
Utah,25AF08,Utah County Clerk,,REP,Over Votes,0
Utah,25AF08,Utah County Clerk,,REP,Under Votes,5
Utah,25AF08,Utah County Commission Seat A,,REP,Brent V. Bowles,100
Utah,25AF08,Utah County Commission Seat A,,REP,Michelle Kaufusi,116
Utah,25AF08,Utah County Commission Seat A,,REP,Over Votes,0
Utah,25AF08,Utah County Commission Seat A,,REP,Under Votes,1
Utah,25AF08,Utah County Commission Seat B,,REP,Carolina Herrin,54
Utah,25AF08,Utah County Commission Seat B,,REP,David M. Spencer,90
Utah,25AF08,Utah County Commission Seat B,,REP,Isaac Paxman,71
Utah,25AF08,Utah County Commission Seat B,,REP,Over Votes,0
Utah,25AF08,Utah County Commission Seat B,,REP,Under Votes,2
Utah,25AF09,Ballots Cast,,,,184
Utah,25AF09,Ballots Cast,,REP,,184
Utah,25AF09,Ballots Cast Blank,,,,0
Utah,25AF09,Board Of Education District 11 (Multi-County),11,REP,Over Votes,0
Utah,25AF09,Board Of Education District 11 (Multi-County),11,REP,Terry L. Hutchinson,75
Utah,25AF09,Board Of Education District 11 (Multi-County),11,REP,Tracy J. Nuttall,107
Utah,25AF09,Board Of Education District 11 (Multi-County),11,REP,Under Votes,2
Utah,25AF09,Registered Voters,,,,598
Utah,25AF09,Registered Voters,,REP,,598
Utah,25AF09,Senate,21,REP,Brady Brammer,78
Utah,25AF09,Senate,21,REP,Kelly Smith,103
Utah,25AF09,Senate,21,REP,Over Votes,0
Utah,25AF09,Senate,21,REP,Under Votes,3
Utah,25AF09,Utah County Clerk,,REP,Aaron Davidson,65
Utah,25AF09,Utah County Clerk,,REP,Corey K Astill,117
Utah,25AF09,Utah County Clerk,,REP,Over Votes,0
Utah,25AF09,Utah County Clerk,,REP,Under Votes,2
Utah,25AF09,Utah County Commission Seat A,,REP,Brent V. Bowles,65
Utah,25AF09,Utah County Commission Seat A,,REP,Michelle Kaufusi,117
Utah,25AF09,Utah County Commission Seat A,,REP,Over Votes,0
Utah,25AF09,Utah County Commission Seat A,,REP,Under Votes,2
Utah,25AF09,Utah County Commission Seat B,,REP,Carolina Herrin,43
Utah,25AF09,Utah County Commission Seat B,,REP,David M. Spencer,63
Utah,25AF09,Utah County Commission Seat B,,REP,Isaac Paxman,77
Utah,25AF09,Utah County Commission Seat B,,REP,Over Votes,0
Utah,25AF09,Utah County Commission Seat B,,REP,Under Votes,1
Utah,25AF10,Ballots Cast,,,,259
Utah,25AF10,Ballots Cast,,REP,,259
Utah,25AF10,Ballots Cast Blank,,,,0
Utah,25AF10,Board Of Education District 11 (Multi-County),11,REP,Over Votes,0
Utah,25AF10,Board Of Education District 11 (Multi-County),11,REP,Terry L. Hutchinson,111
Utah,25AF10,Board Of Education District 11 (Multi-County),11,REP,Tracy J. Nuttall,141
Utah,25AF10,Board Of Education District 11 (Multi-County),11,REP,Under Votes,7
Utah,25AF10,Registered Voters,,,,687
Utah,25AF10,Registered Voters,,REP,,687
Utah,25AF10,Senate,21,REP,Brady Brammer,137
Utah,25AF10,Senate,21,REP,Kelly Smith,121
Utah,25AF10,Senate,21,REP,Over Votes,0
Utah,25AF10,Senate,21,REP,Under Votes,1
Utah,25AF10,Utah County Clerk,,REP,Aaron Davidson,104
Utah,25AF10,Utah County Clerk,,REP,Corey K Astill,147
Utah,25AF10,Utah County Clerk,,REP,Over Votes,0
Utah,25AF10,Utah County Clerk,,REP,Under Votes,8
Utah,25AF10,Utah County Commission Seat A,,REP,Brent V. Bowles,115
Utah,25AF10,Utah County Commission Seat A,,REP,Michelle Kaufusi,140
Utah,25AF10,Utah County Commission Seat A,,REP,Over Votes,0
Utah,25AF10,Utah County Commission Seat A,,REP,Under Votes,4
Utah,25AF10,Utah County Commission Seat B,,REP,Carolina Herrin,48
Utah,25AF10,Utah County Commission Seat B,,REP,David M. Spencer,105
Utah,25AF10,Utah County Commission Seat B,,REP,Isaac Paxman,98
Utah,25AF10,Utah County Commission Seat B,,REP,Over Votes,0
Utah,25AF10,Utah County Commission Seat B,,REP,Under Votes,8
Utah,25AF11,Ballots Cast,,,,235
Utah,25AF11,Ballots Cast,,REP,,235
Utah,25AF11,Ballots Cast Blank,,,,0
Utah,25AF11,Board Of Education District 11 (Multi-County),11,REP,Over Votes,0
Utah,25AF11,Board Of Education District 11 (Multi-County),11,REP,Terry L. Hutchinson,101
Utah,25AF11,Board Of Education District 11 (Multi-County),11,REP,Tracy J. Nuttall,120
Utah,25AF11,Board Of Education District 11 (Multi-County),11,REP,Under Votes,14
Utah,25AF11,Registered Voters,,,,818
Utah,25AF11,Registered Voters,,REP,,818
Utah,25AF11,Senate,21,REP,Brady Brammer,104
Utah,25AF11,Senate,21,REP,Kelly Smith,128
Utah,25AF11,Senate,21,REP,Over Votes,0
Utah,25AF11,Senate,21,REP,Under Votes,3
Utah,25AF11,Utah County Clerk,,REP,Aaron Davidson,84
Utah,25AF11,Utah County Clerk,,REP,Corey K Astill,137
Utah,25AF11,Utah County Clerk,,REP,Over Votes,0
Utah,25AF11,Utah County Clerk,,REP,Under Votes,14
Utah,25AF11,Utah County Commission Seat A,,REP,Brent V. Bowles,93
Utah,25AF11,Utah County Commission Seat A,,REP,Michelle Kaufusi,136
Utah,25AF11,Utah County Commission Seat A,,REP,Over Votes,0
Utah,25AF11,Utah County Commission Seat A,,REP,Under Votes,6
Utah,25AF11,Utah County Commission Seat B,,REP,Carolina Herrin,39
Utah,25AF11,Utah County Commission Seat B,,REP,David M. Spencer,106
Utah,25AF11,Utah County Commission Seat B,,REP,Isaac Paxman,77
Utah,25AF11,Utah County Commission Seat B,,REP,Over Votes,0
Utah,25AF11,Utah County Commission Seat B,,REP,Under Votes,13
Utah,25AF12,Ballots Cast,,,,184
Utah,25AF12,Ballots Cast,,REP,,184
Utah,25AF12,Ballots Cast Blank,,,,0
Utah,25AF12,Board Of Education District 11 (Multi-County),11,REP,Over Votes,0
Utah,25AF12,Board Of Education District 11 (Multi-County),11,REP,Terry L. Hutchinson,78
Utah,25AF12,Board Of Education District 11 (Multi-County),11,REP,Tracy J. Nuttall,104
Utah,25AF12,Board Of Education District 11 (Multi-County),11,REP,Under Votes,2
Utah,25AF12,Registered Voters,,,,669
Utah,25AF12,Registered Voters,,REP,,669
Utah,25AF12,Senate,21,REP,Brady Brammer,104
Utah,25AF12,Senate,21,REP,Kelly Smith,79
Utah,25AF12,Senate,21,REP,Over Votes,0
Utah,25AF12,Senate,21,REP,Under Votes,1
Utah,25AF12,Utah County Clerk,,REP,Aaron Davidson,81
Utah,25AF12,Utah County Clerk,,REP,Corey K Astill,98
Utah,25AF12,Utah County Clerk,,REP,Over Votes,0
Utah,25AF12,Utah County Clerk,,REP,Under Votes,5
Utah,25AF12,Utah County Commission Seat A,,REP,Brent V. Bowles,85
Utah,25AF12,Utah County Commission Seat A,,REP,Michelle Kaufusi,98
Utah,25AF12,Utah County Commission Seat A,,REP,Over Votes,0
Utah,25AF12,Utah County Commission Seat A,,REP,Under Votes,1
Utah,25AF12,Utah County Commission Seat B,,REP,Carolina Herrin,54
Utah,25AF12,Utah County Commission Seat B,,REP,David M. Spencer,71
Utah,25AF12,Utah County Commission Seat B,,REP,Isaac Paxman,54
Utah,25AF12,Utah County Commission Seat B,,REP,Over Votes,0
Utah,25AF12,Utah County Commission Seat B,,REP,Under Votes,5
Utah,25AF13,Ballots Cast,,,,135
Utah,25AF13,Ballots Cast,,REP,,135
Utah,25AF13,Ballots Cast Blank,,,,0
Utah,25AF13,Board Of Education District 11 (Multi-County),11,REP,Over Votes,0
Utah,25AF13,Board Of Education District 11 (Multi-County),11,REP,Terry L. Hutchinson,71
Utah,25AF13,Board Of Education District 11 (Multi-County),11,REP,Tracy J. Nuttall,58
Utah,25AF13,Board Of Education District 11 (Multi-County),11,REP,Under Votes,6
Utah,25AF13,Registered Voters,,,,484
Utah,25AF13,Registered Voters,,REP,,484
Utah,25AF13,Senate,21,REP,Brady Brammer,74
Utah,25AF13,Senate,21,REP,Kelly Smith,59
Utah,25AF13,Senate,21,REP,Over Votes,0
Utah,25AF13,Senate,21,REP,Under Votes,2
Utah,25AF13,Utah County Clerk,,REP,Aaron Davidson,72
Utah,25AF13,Utah County Clerk,,REP,Corey K Astill,57
Utah,25AF13,Utah County Clerk,,REP,Over Votes,0
Utah,25AF13,Utah County Clerk,,REP,Under Votes,6
Utah,25AF13,Utah County Commission Seat A,,REP,Brent V. Bowles,76
Utah,25AF13,Utah County Commission Seat A,,REP,Michelle Kaufusi,56
Utah,25AF13,Utah County Commission Seat A,,REP,Over Votes,0
Utah,25AF13,Utah County Commission Seat A,,REP,Under Votes,3
Utah,25AF13,Utah County Commission Seat B,,REP,Carolina Herrin,34
Utah,25AF13,Utah County Commission Seat B,,REP,David M. Spencer,65
Utah,25AF13,Utah County Commission Seat B,,REP,Isaac Paxman,34
Utah,25AF13,Utah County Commission Seat B,,REP,Over Votes,0
Utah,25AF13,Utah County Commission Seat B,,REP,Under Votes,2
Utah,25AF14,Ballots Cast,,,,153
Utah,25AF14,Ballots Cast,,REP,,153
Utah,25AF14,Ballots Cast Blank,,,,1
Utah,25AF14,Board Of Education District 11 (Multi-County),11,REP,Over Votes,0
Utah,25AF14,Board Of Education District 11 (Multi-County),11,REP,Terry L. Hutchinson,56
Utah,25AF14,Board Of Education District 11 (Multi-County),11,REP,Tracy J. Nuttall,92
Utah,25AF14,Board Of Education District 11 (Multi-County),11,REP,Under Votes,5
Utah,25AF14,Registered Voters,,,,507
Utah,25AF14,Registered Voters,,REP,,507
Utah,25AF14,Senate,21,REP,Brady Brammer,68
Utah,25AF14,Senate,21,REP,Kelly Smith,83
Utah,25AF14,Senate,21,REP,Over Votes,0
Utah,25AF14,Senate,21,REP,Under Votes,2
Utah,25AF14,Utah County Clerk,,REP,Aaron Davidson,69
Utah,25AF14,Utah County Clerk,,REP,Corey K Astill,76
Utah,25AF14,Utah County Clerk,,REP,Over Votes,0
Utah,25AF14,Utah County Clerk,,REP,Under Votes,8
Utah,25AF14,Utah County Commission Seat A,,REP,Brent V. Bowles,67
Utah,25AF14,Utah County Commission Seat A,,REP,Michelle Kaufusi,78
Utah,25AF14,Utah County Commission Seat A,,REP,Over Votes,0
Utah,25AF14,Utah County Commission Seat A,,REP,Under Votes,8
Utah,25AF14,Utah County Commission Seat B,,REP,Carolina Herrin,34
Utah,25AF14,Utah County Commission Seat B,,REP,David M. Spencer,62
Utah,25AF14,Utah County Commission Seat B,,REP,Isaac Paxman,51
Utah,25AF14,Utah County Commission Seat B,,REP,Over Votes,0
Utah,25AF14,Utah County Commission Seat B,,REP,Under Votes,6
Utah,25AF15,Ballots Cast,,,,212
Utah,25AF15,Ballots Cast,,REP,,212
Utah,25AF15,Ballots Cast Blank,,,,0
Utah,25AF15,Board Of Education District 11 (Multi-County),11,REP,Over Votes,0
Utah,25AF15,Board Of Education District 11 (Multi-County),11,REP,Terry L. Hutchinson,84
Utah,25AF15,Board Of Education District 11 (Multi-County),11,REP,Tracy J. Nuttall,119
Utah,25AF15,Board Of Education District 11 (Multi-County),11,REP,Under Votes,9
Utah,25AF15,Registered Voters,,,,543
Utah,25AF15,Registered Voters,,REP,,543
Utah,25AF15,Senate,21,REP,Brady Brammer,81
Utah,25AF15,Senate,21,REP,Kelly Smith,129
Utah,25AF15,Senate,21,REP,Over Votes,0
Utah,25AF15,Senate,21,REP,Under Votes,2
Utah,25AF15,Utah County Clerk,,REP,Aaron Davidson,76
Utah,25AF15,Utah County Clerk,,REP,Corey K Astill,125
Utah,25AF15,Utah County Clerk,,REP,Over Votes,0
Utah,25AF15,Utah County Clerk,,REP,Under Votes,11
Utah,25AF15,Utah County Commission Seat A,,REP,Brent V. Bowles,89
Utah,25AF15,Utah County Commission Seat A,,REP,Michelle Kaufusi,117
Utah,25AF15,Utah County Commission Seat A,,REP,Over Votes,0
Utah,25AF15,Utah County Commission Seat A,,REP,Under Votes,6
Utah,25AF15,Utah County Commission Seat B,,REP,Carolina Herrin,51
Utah,25AF15,Utah County Commission Seat B,,REP,David M. Spencer,79
Utah,25AF15,Utah County Commission Seat B,,REP,Isaac Paxman,73
Utah,25AF15,Utah County Commission Seat B,,REP,Over Votes,0
Utah,25AF15,Utah County Commission Seat B,,REP,Under Votes,9
Utah,25AF16,Ballots Cast,,,,141
Utah,25AF16,Ballots Cast,,REP,,141
Utah,25AF16,Ballots Cast Blank,,,,0
Utah,25AF16,Board Of Education District 11 (Multi-County),11,REP,Over Votes,0
Utah,25AF16,Board Of Education District 11 (Multi-County),11,REP,Terry L. Hutchinson,73
Utah,25AF16,Board Of Education District 11 (Multi-County),11,REP,Tracy J. Nuttall,66
Utah,25AF16,Board Of Education District 11 (Multi-County),11,REP,Under Votes,2
Utah,25AF16,Registered Voters,,,,358
Utah,25AF16,Registered Voters,,REP,,358
Utah,25AF16,Senate,21,REP,Brady Brammer,89
Utah,25AF16,Senate,21,REP,Kelly Smith,51
Utah,25AF16,Senate,21,REP,Over Votes,0
Utah,25AF16,Senate,21,REP,Under Votes,1
Utah,25AF16,Utah County Clerk,,REP,Aaron Davidson,78
Utah,25AF16,Utah County Clerk,,REP,Corey K Astill,62
Utah,25AF16,Utah County Clerk,,REP,Over Votes,0
Utah,25AF16,Utah County Clerk,,REP,Under Votes,1
Utah,25AF16,Utah County Commission Seat A,,REP,Brent V. Bowles,79
Utah,25AF16,Utah County Commission Seat A,,REP,Michelle Kaufusi,61
Utah,25AF16,Utah County Commission Seat A,,REP,Over Votes,0
Utah,25AF16,Utah County Commission Seat A,,REP,Under Votes,1
Utah,25AF16,Utah County Commission Seat B,,REP,Carolina Herrin,22
Utah,25AF16,Utah County Commission Seat B,,REP,David M. Spencer,69
Utah,25AF16,Utah County Commission Seat B,,REP,Isaac Paxman,48
Utah,25AF16,Utah County Commission Seat B,,REP,Over Votes,0
Utah,25AF16,Utah County Commission Seat B,,REP,Under Votes,2
Utah,25AF17,Ballots Cast,,,,74
Utah,25AF17,Ballots Cast,,REP,,74
Utah,25AF17,Ballots Cast Blank,,,,0
Utah,25AF17,Board Of Education District 11 (Multi-County),11,REP,Over Votes,0
Utah,25AF17,Board Of Education District 11 (Multi-County),11,REP,Terry L. Hutchinson,28
Utah,25AF17,Board Of Education District 11 (Multi-County),11,REP,Tracy J. Nuttall,42
Utah,25AF17,Board Of Education District 11 (Multi-County),11,REP,Under Votes,4
Utah,25AF17,Registered Voters,,,,378
Utah,25AF17,Registered Voters,,REP,,378
Utah,25AF17,Senate,21,REP,Brady Brammer,50
Utah,25AF17,Senate,21,REP,Kelly Smith,24
Utah,25AF17,Senate,21,REP,Over Votes,0
Utah,25AF17,Senate,21,REP,Under Votes,0
Utah,25AF17,Utah County Clerk,,REP,Aaron Davidson,34
Utah,25AF17,Utah County Clerk,,REP,Corey K Astill,35
Utah,25AF17,Utah County Clerk,,REP,Over Votes,0
Utah,25AF17,Utah County Clerk,,REP,Under Votes,5
Utah,25AF17,Utah County Commission Seat A,,REP,Brent V. Bowles,28
Utah,25AF17,Utah County Commission Seat A,,REP,Michelle Kaufusi,45
Utah,25AF17,Utah County Commission Seat A,,REP,Over Votes,0
Utah,25AF17,Utah County Commission Seat A,,REP,Under Votes,1
Utah,25AF17,Utah County Commission Seat B,,REP,Carolina Herrin,13
Utah,25AF17,Utah County Commission Seat B,,REP,David M. Spencer,25
Utah,25AF17,Utah County Commission Seat B,,REP,Isaac Paxman,34
Utah,25AF17,Utah County Commission Seat B,,REP,Over Votes,0
Utah,25AF17,Utah County Commission Seat B,,REP,Under Votes,2
Utah,25AF18,Ballots Cast,,,,33
Utah,25AF18,Ballots Cast,,REP,,33
Utah,25AF18,Ballots Cast Blank,,,,0
Utah,25AF18,Board Of Education District 11 (Multi-County),11,REP,Over Votes,0
Utah,25AF18,Board Of Education District 11 (Multi-County),11,REP,Terry L. Hutchinson,20
Utah,25AF18,Board Of Education District 11 (Multi-County),11,REP,Tracy J. Nuttall,11
Utah,25AF18,Board Of Education District 11 (Multi-County),11,REP,Under Votes,2
Utah,25AF18,Registered Voters,,,,302
Utah,25AF18,Registered Voters,,REP,,302
Utah,25AF18,Senate,21,REP,Brady Brammer,19
Utah,25AF18,Senate,21,REP,Kelly Smith,14
Utah,25AF18,Senate,21,REP,Over Votes,0
Utah,25AF18,Senate,21,REP,Under Votes,0
Utah,25AF18,Utah County Clerk,,REP,Aaron Davidson,18
Utah,25AF18,Utah County Clerk,,REP,Corey K Astill,15
Utah,25AF18,Utah County Clerk,,REP,Over Votes,0
Utah,25AF18,Utah County Clerk,,REP,Under Votes,0
Utah,25AF18,Utah County Commission Seat A,,REP,Brent V. Bowles,15
Utah,25AF18,Utah County Commission Seat A,,REP,Michelle Kaufusi,18
Utah,25AF18,Utah County Commission Seat A,,REP,Over Votes,0
Utah,25AF18,Utah County Commission Seat A,,REP,Under Votes,0
Utah,25AF18,Utah County Commission Seat B,,REP,Carolina Herrin,6
Utah,25AF18,Utah County Commission Seat B,,REP,David M. Spencer,16
Utah,25AF18,Utah County Commission Seat B,,REP,Isaac Paxman,11
Utah,25AF18,Utah County Commission Seat B,,REP,Over Votes,0
Utah,25AF18,Utah County Commission Seat B,,REP,Under Votes,0
Utah,25AF19,Ballots Cast,,,,114
Utah,25AF19,Ballots Cast,,REP,,114
Utah,25AF19,Ballots Cast Blank,,,,0
Utah,25AF19,Board Of Education District 11 (Multi-County),11,REP,Over Votes,0
Utah,25AF19,Board Of Education District 11 (Multi-County),11,REP,Terry L. Hutchinson,55
Utah,25AF19,Board Of Education District 11 (Multi-County),11,REP,Tracy J. Nuttall,53
Utah,25AF19,Board Of Education District 11 (Multi-County),11,REP,Under Votes,6
Utah,25AF19,Registered Voters,,,,343
Utah,25AF19,Registered Voters,,REP,,343
Utah,25AF19,Senate,21,REP,Brady Brammer,58
Utah,25AF19,Senate,21,REP,Kelly Smith,53
Utah,25AF19,Senate,21,REP,Over Votes,0
Utah,25AF19,Senate,21,REP,Under Votes,3
Utah,25AF19,Utah County Clerk,,REP,Aaron Davidson,59
Utah,25AF19,Utah County Clerk,,REP,Corey K Astill,50
Utah,25AF19,Utah County Clerk,,REP,Over Votes,0
Utah,25AF19,Utah County Clerk,,REP,Under Votes,5
Utah,25AF19,Utah County Commission Seat A,,REP,Brent V. Bowles,53
Utah,25AF19,Utah County Commission Seat A,,REP,Michelle Kaufusi,58
Utah,25AF19,Utah County Commission Seat A,,REP,Over Votes,0
Utah,25AF19,Utah County Commission Seat A,,REP,Under Votes,3
Utah,25AF19,Utah County Commission Seat B,,REP,Carolina Herrin,19
Utah,25AF19,Utah County Commission Seat B,,REP,David M. Spencer,59
Utah,25AF19,Utah County Commission Seat B,,REP,Isaac Paxman,34
Utah,25AF19,Utah County Commission Seat B,,REP,Over Votes,0
Utah,25AF19,Utah County Commission Seat B,,REP,Under Votes,2
Utah,25AF20,Ballots Cast,,,,27
Utah,25AF20,Ballots Cast,,REP,,27
Utah,25AF20,Ballots Cast Blank,,,,0
Utah,25AF20,Board Of Education District 11 (Multi-County),11,REP,Over Votes,0
Utah,25AF20,Board Of Education District 11 (Multi-County),11,REP,Terry L. Hutchinson,8
Utah,25AF20,Board Of Education District 11 (Multi-County),11,REP,Tracy J. Nuttall,18
Utah,25AF20,Board Of Education District 11 (Multi-County),11,REP,Under Votes,1
Utah,25AF20,Registered Voters,,,,75
Utah,25AF20,Registered Voters,,REP,,75
Utah,25AF20,Senate,21,REP,Brady Brammer,18
Utah,25AF20,Senate,21,REP,Kelly Smith,9
Utah,25AF20,Senate,21,REP,Over Votes,0
Utah,25AF20,Senate,21,REP,Under Votes,0
Utah,25AF20,Utah County Clerk,,REP,Aaron Davidson,12
Utah,25AF20,Utah County Clerk,,REP,Corey K Astill,12
Utah,25AF20,Utah County Clerk,,REP,Over Votes,0
Utah,25AF20,Utah County Clerk,,REP,Under Votes,3
Utah,25AF20,Utah County Commission Seat A,,REP,Brent V. Bowles,14
Utah,25AF20,Utah County Commission Seat A,,REP,Michelle Kaufusi,11
Utah,25AF20,Utah County Commission Seat A,,REP,Over Votes,0
Utah,25AF20,Utah County Commission Seat A,,REP,Under Votes,2
Utah,25AF20,Utah County Commission Seat B,,REP,Carolina Herrin,4
Utah,25AF20,Utah County Commission Seat B,,REP,David M. Spencer,14
Utah,25AF20,Utah County Commission Seat B,,REP,Isaac Paxman,7
Utah,25AF20,Utah County Commission Seat B,,REP,Over Votes,0
Utah,25AF20,Utah County Commission Seat B,,REP,Under Votes,2
Utah,25AF21,Ballots Cast,,,,110
Utah,25AF21,Ballots Cast,,REP,,110
Utah,25AF21,Ballots Cast Blank,,,,0
Utah,25AF21,Board Of Education District 11 (Multi-County),11,REP,Over Votes,0
Utah,25AF21,Board Of Education District 11 (Multi-County),11,REP,Terry L. Hutchinson,43
Utah,25AF21,Board Of Education District 11 (Multi-County),11,REP,Tracy J. Nuttall,67
Utah,25AF21,Board Of Education District 11 (Multi-County),11,REP,Under Votes,0
Utah,25AF21,Registered Voters,,,,608
Utah,25AF21,Registered Voters,,REP,,608
Utah,25AF21,Senate,21,REP,Brady Brammer,55
Utah,25AF21,Senate,21,REP,Kelly Smith,54
Utah,25AF21,Senate,21,REP,Over Votes,0
Utah,25AF21,Senate,21,REP,Under Votes,1
Utah,25AF21,Utah County Clerk,,REP,Aaron Davidson,42
Utah,25AF21,Utah County Clerk,,REP,Corey K Astill,64
Utah,25AF21,Utah County Clerk,,REP,Over Votes,0
Utah,25AF21,Utah County Clerk,,REP,Under Votes,4
Utah,25AF21,Utah County Commission Seat A,,REP,Brent V. Bowles,48
Utah,25AF21,Utah County Commission Seat A,,REP,Michelle Kaufusi,59
Utah,25AF21,Utah County Commission Seat A,,REP,Over Votes,0
Utah,25AF21,Utah County Commission Seat A,,REP,Under Votes,3
Utah,25AF21,Utah County Commission Seat B,,REP,Carolina Herrin,30
Utah,25AF21,Utah County Commission Seat B,,REP,David M. Spencer,44
Utah,25AF21,Utah County Commission Seat B,,REP,Isaac Paxman,31
Utah,25AF21,Utah County Commission Seat B,,REP,Over Votes,0
Utah,25AF21,Utah County Commission Seat B,,REP,Under Votes,5
Utah,25AF22,Ballots Cast,,,,103
Utah,25AF22,Ballots Cast,,REP,,103
Utah,25AF22,Ballots Cast Blank,,,,0
Utah,25AF22,Board Of Education District 11 (Multi-County),11,REP,Over Votes,0
Utah,25AF22,Board Of Education District 11 (Multi-County),11,REP,Terry L. Hutchinson,41
Utah,25AF22,Board Of Education District 11 (Multi-County),11,REP,Tracy J. Nuttall,59
Utah,25AF22,Board Of Education District 11 (Multi-County),11,REP,Under Votes,3
Utah,25AF22,Registered Voters,,,,520
Utah,25AF22,Registered Voters,,REP,,520
Utah,25AF22,Senate,21,REP,Brady Brammer,56
Utah,25AF22,Senate,21,REP,Kelly Smith,47
Utah,25AF22,Senate,21,REP,Over Votes,0
Utah,25AF22,Senate,21,REP,Under Votes,0
Utah,25AF22,Utah County Clerk,,REP,Aaron Davidson,39
Utah,25AF22,Utah County Clerk,,REP,Corey K Astill,61
Utah,25AF22,Utah County Clerk,,REP,Over Votes,0
Utah,25AF22,Utah County Clerk,,REP,Under Votes,3
Utah,25AF22,Utah County Commission Seat A,,REP,Brent V. Bowles,42
Utah,25AF22,Utah County Commission Seat A,,REP,Michelle Kaufusi,59
Utah,25AF22,Utah County Commission Seat A,,REP,Over Votes,0
Utah,25AF22,Utah County Commission Seat A,,REP,Under Votes,2
Utah,25AF22,Utah County Commission Seat B,,REP,Carolina Herrin,25
Utah,25AF22,Utah County Commission Seat B,,REP,David M. Spencer,39
Utah,25AF22,Utah County Commission Seat B,,REP,Isaac Paxman,38
Utah,25AF22,Utah County Commission Seat B,,REP,Over Votes,0
Utah,25AF22,Utah County Commission Seat B,,REP,Under Votes,1
Utah,25AF23,Ballots Cast,,,,55
Utah,25AF23,Ballots Cast,,REP,,55
Utah,25AF23,Ballots Cast Blank,,,,0
Utah,25AF23,Board Of Education District 11 (Multi-County),11,REP,Over Votes,0
Utah,25AF23,Board Of Education District 11 (Multi-County),11,REP,Terry L. Hutchinson,24
Utah,25AF23,Board Of Education District 11 (Multi-County),11,REP,Tracy J. Nuttall,29
Utah,25AF23,Board Of Education District 11 (Multi-County),11,REP,Under Votes,2
Utah,25AF23,Registered Voters,,,,539
Utah,25AF23,Registered Voters,,REP,,539
Utah,25AF23,Senate,21,REP,Brady Brammer,23
Utah,25AF23,Senate,21,REP,Kelly Smith,32
Utah,25AF23,Senate,21,REP,Over Votes,0
Utah,25AF23,Senate,21,REP,Under Votes,0
Utah,25AF23,Utah County Clerk,,REP,Aaron Davidson,14
Utah,25AF23,Utah County Clerk,,REP,Corey K Astill,41
Utah,25AF23,Utah County Clerk,,REP,Over Votes,0
Utah,25AF23,Utah County Clerk,,REP,Under Votes,0
Utah,25AF23,Utah County Commission Seat A,,REP,Brent V. Bowles,18
Utah,25AF23,Utah County Commission Seat A,,REP,Michelle Kaufusi,37
Utah,25AF23,Utah County Commission Seat A,,REP,Over Votes,0
Utah,25AF23,Utah County Commission Seat A,,REP,Under Votes,0
Utah,25AF23,Utah County Commission Seat B,,REP,Carolina Herrin,10
Utah,25AF23,Utah County Commission Seat B,,REP,David M. Spencer,22
Utah,25AF23,Utah County Commission Seat B,,REP,Isaac Paxman,22
Utah,25AF23,Utah County Commission Seat B,,REP,Over Votes,0
Utah,25AF23,Utah County Commission Seat B,,REP,Under Votes,1
Utah,25AF24,Ballots Cast,,,,73
Utah,25AF24,Ballots Cast,,REP,,73
Utah,25AF24,Ballots Cast Blank,,,,0
Utah,25AF24,Board Of Education District 11 (Multi-County),11,REP,Over Votes,0
Utah,25AF24,Board Of Education District 11 (Multi-County),11,REP,Terry L. Hutchinson,22
Utah,25AF24,Board Of Education District 11 (Multi-County),11,REP,Tracy J. Nuttall,50
Utah,25AF24,Board Of Education District 11 (Multi-County),11,REP,Under Votes,1
Utah,25AF24,Registered Voters,,,,557
Utah,25AF24,Registered Voters,,REP,,557
Utah,25AF24,Senate,21,REP,Brady Brammer,32
Utah,25AF24,Senate,21,REP,Kelly Smith,40
Utah,25AF24,Senate,21,REP,Over Votes,0
Utah,25AF24,Senate,21,REP,Under Votes,1
Utah,25AF24,Utah County Clerk,,REP,Aaron Davidson,20
Utah,25AF24,Utah County Clerk,,REP,Corey K Astill,51
Utah,25AF24,Utah County Clerk,,REP,Over Votes,0
Utah,25AF24,Utah County Clerk,,REP,Under Votes,2
Utah,25AF24,Utah County Commission Seat A,,REP,Brent V. Bowles,37
Utah,25AF24,Utah County Commission Seat A,,REP,Michelle Kaufusi,35
Utah,25AF24,Utah County Commission Seat A,,REP,Over Votes,0
Utah,25AF24,Utah County Commission Seat A,,REP,Under Votes,1
Utah,25AF24,Utah County Commission Seat B,,REP,Carolina Herrin,22
Utah,25AF24,Utah County Commission Seat B,,REP,David M. Spencer,22
Utah,25AF24,Utah County Commission Seat B,,REP,Isaac Paxman,28
Utah,25AF24,Utah County Commission Seat B,,REP,Over Votes,0
Utah,25AF24,Utah County Commission Seat B,,REP,Under Votes,1
Utah,25AF25,Ballots Cast,,,,19
Utah,25AF25,Ballots Cast,,REP,,19
Utah,25AF25,Ballots Cast Blank,,,,0
Utah,25AF25,Board Of Education District 11 (Multi-County),11,REP,Over Votes,0
Utah,25AF25,Board Of Education District 11 (Multi-County),11,REP,Terry L. Hutchinson,6
Utah,25AF25,Board Of Education District 11 (Multi-County),11,REP,Tracy J. Nuttall,13
Utah,25AF25,Board Of Education District 11 (Multi-County),11,REP,Under Votes,0
Utah,25AF25,Registered Voters,,,,234
Utah,25AF25,Registered Voters,,REP,,234
Utah,25AF25,Senate,21,REP,Brady Brammer,9
Utah,25AF25,Senate,21,REP,Kelly Smith,10
Utah,25AF25,Senate,21,REP,Over Votes,0
Utah,25AF25,Senate,21,REP,Under Votes,0
Utah,25AF25,Utah County Clerk,,REP,Aaron Davidson,13
Utah,25AF25,Utah County Clerk,,REP,Corey K Astill,6
Utah,25AF25,Utah County Clerk,,REP,Over Votes,0
Utah,25AF25,Utah County Clerk,,REP,Under Votes,0
Utah,25AF25,Utah County Commission Seat A,,REP,Brent V. Bowles,8
Utah,25AF25,Utah County Commission Seat A,,REP,Michelle Kaufusi,11
Utah,25AF25,Utah County Commission Seat A,,REP,Over Votes,0
Utah,25AF25,Utah County Commission Seat A,,REP,Under Votes,0
Utah,25AF25,Utah County Commission Seat B,,REP,Carolina Herrin,11
Utah,25AF25,Utah County Commission Seat B,,REP,David M. Spencer,2
Utah,25AF25,Utah County Commission Seat B,,REP,Isaac Paxman,6
Utah,25AF25,Utah County Commission Seat B,,REP,Over Votes,0
Utah,25AF25,Utah County Commission Seat B,,REP,Under Votes,0
Utah,25AL01,Ballots Cast,,,,267
Utah,25AL01,Ballots Cast,,REP,,267
Utah,25AL01,Ballots Cast Blank,,,,0
Utah,25AL01,Board Of Education District 11 (Multi-County),11,REP,Over Votes,0
Utah,25AL01,Board Of Education District 11 (Multi-County),11,REP,Terry L. Hutchinson,113
Utah,25AL01,Board Of Education District 11 (Multi-County),11,REP,Tracy J. Nuttall,143
Utah,25AL01,Board Of Education District 11 (Multi-County),11,REP,Under Votes,11
Utah,25AL01,Registered Voters,,,,803
Utah,25AL01,Registered Voters,,REP,,803
Utah,25AL01,U.S. House,3,REP,Celeste Maloy,165
Utah,25AL01,U.S. House,3,REP,Over Votes,0
Utah,25AL01,U.S. House,3,REP,Phil Lyman,89
Utah,25AL01,U.S. House,3,REP,Under Votes,13
Utah,25AL01,Utah County Clerk,,REP,Aaron Davidson,117
Utah,25AL01,Utah County Clerk,,REP,Corey K Astill,129
Utah,25AL01,Utah County Clerk,,REP,Over Votes,1
Utah,25AL01,Utah County Clerk,,REP,Under Votes,20
Utah,25AL01,Utah County Commission Seat A,,REP,Brent V. Bowles,112
Utah,25AL01,Utah County Commission Seat A,,REP,Michelle Kaufusi,147
Utah,25AL01,Utah County Commission Seat A,,REP,Over Votes,0
Utah,25AL01,Utah County Commission Seat A,,REP,Under Votes,8
Utah,25AL01,Utah County Commission Seat B,,REP,Carolina Herrin,52
Utah,25AL01,Utah County Commission Seat B,,REP,David M. Spencer,104
Utah,25AL01,Utah County Commission Seat B,,REP,Isaac Paxman,98
Utah,25AL01,Utah County Commission Seat B,,REP,Over Votes,0
Utah,25AL01,Utah County Commission Seat B,,REP,Under Votes,13
Utah,25AL02,Ballots Cast,,,,185
Utah,25AL02,Ballots Cast,,REP,,185
Utah,25AL02,Ballots Cast Blank,,,,0
Utah,25AL02,Board Of Education District 11 (Multi-County),11,REP,Over Votes,0
Utah,25AL02,Board Of Education District 11 (Multi-County),11,REP,Terry L. Hutchinson,86
Utah,25AL02,Board Of Education District 11 (Multi-County),11,REP,Tracy J. Nuttall,93
Utah,25AL02,Board Of Education District 11 (Multi-County),11,REP,Under Votes,6
Utah,25AL02,Registered Voters,,,,550
Utah,25AL02,Registered Voters,,REP,,550
Utah,25AL02,U.S. House,3,REP,Celeste Maloy,135
Utah,25AL02,U.S. House,3,REP,Over Votes,0
Utah,25AL02,U.S. House,3,REP,Phil Lyman,44
Utah,25AL02,U.S. House,3,REP,Under Votes,6
Utah,25AL02,Utah County Clerk,,REP,Aaron Davidson,66
Utah,25AL02,Utah County Clerk,,REP,Corey K Astill,107
Utah,25AL02,Utah County Clerk,,REP,Over Votes,0
Utah,25AL02,Utah County Clerk,,REP,Under Votes,12
Utah,25AL02,Utah County Commission Seat A,,REP,Brent V. Bowles,88
Utah,25AL02,Utah County Commission Seat A,,REP,Michelle Kaufusi,89
Utah,25AL02,Utah County Commission Seat A,,REP,Over Votes,0
Utah,25AL02,Utah County Commission Seat A,,REP,Under Votes,8
Utah,25AL02,Utah County Commission Seat B,,REP,Carolina Herrin,43
Utah,25AL02,Utah County Commission Seat B,,REP,David M. Spencer,69
Utah,25AL02,Utah County Commission Seat B,,REP,Isaac Paxman,64
Utah,25AL02,Utah County Commission Seat B,,REP,Over Votes,0
Utah,25AL02,Utah County Commission Seat B,,REP,Under Votes,9
Utah,25AL03,Ballots Cast,,,,95
Utah,25AL03,Ballots Cast,,REP,,95
Utah,25AL03,Ballots Cast Blank,,,,0
Utah,25AL03,Board Of Education District 11 (Multi-County),11,REP,Over Votes,0
Utah,25AL03,Board Of Education District 11 (Multi-County),11,REP,Terry L. Hutchinson,44
Utah,25AL03,Board Of Education District 11 (Multi-County),11,REP,Tracy J. Nuttall,49
Utah,25AL03,Board Of Education District 11 (Multi-County),11,REP,Under Votes,2
Utah,25AL03,Registered Voters,,,,387
Utah,25AL03,Registered Voters,,REP,,387
Utah,25AL03,Senate,21,REP,Brady Brammer,57
Utah,25AL03,Senate,21,REP,Kelly Smith,38
Utah,25AL03,Senate,21,REP,Over Votes,0
Utah,25AL03,Senate,21,REP,Under Votes,0
Utah,25AL03,U.S. House,3,REP,Celeste Maloy,62
Utah,25AL03,U.S. House,3,REP,Over Votes,0
Utah,25AL03,U.S. House,3,REP,Phil Lyman,32
Utah,25AL03,U.S. House,3,REP,Under Votes,1
Utah,25AL03,Utah County Clerk,,REP,Aaron Davidson,57
Utah,25AL03,Utah County Clerk,,REP,Corey K Astill,37
Utah,25AL03,Utah County Clerk,,REP,Over Votes,0
Utah,25AL03,Utah County Clerk,,REP,Under Votes,1
Utah,25AL03,Utah County Commission Seat A,,REP,Brent V. Bowles,45
Utah,25AL03,Utah County Commission Seat A,,REP,Michelle Kaufusi,50
Utah,25AL03,Utah County Commission Seat A,,REP,Over Votes,0
Utah,25AL03,Utah County Commission Seat A,,REP,Under Votes,0
Utah,25AL03,Utah County Commission Seat B,,REP,Carolina Herrin,32
Utah,25AL03,Utah County Commission Seat B,,REP,David M. Spencer,48
Utah,25AL03,Utah County Commission Seat B,,REP,Isaac Paxman,15
Utah,25AL03,Utah County Commission Seat B,,REP,Over Votes,0
Utah,25AL03,Utah County Commission Seat B,,REP,Under Votes,0
Utah,25AL04,Ballots Cast,,,,234
Utah,25AL04,Ballots Cast,,REP,,234
Utah,25AL04,Ballots Cast Blank,,,,0
Utah,25AL04,Board Of Education District 11 (Multi-County),11,REP,Over Votes,0
Utah,25AL04,Board Of Education District 11 (Multi-County),11,REP,Terry L. Hutchinson,75
Utah,25AL04,Board Of Education District 11 (Multi-County),11,REP,Tracy J. Nuttall,158
Utah,25AL04,Board Of Education District 11 (Multi-County),11,REP,Under Votes,1
Utah,25AL04,Registered Voters,,,,541
Utah,25AL04,Registered Voters,,REP,,541
Utah,25AL04,Senate,21,REP,Brady Brammer,164
Utah,25AL04,Senate,21,REP,Kelly Smith,64
Utah,25AL04,Senate,21,REP,Over Votes,0
Utah,25AL04,Senate,21,REP,Under Votes,6
Utah,25AL04,U.S. House,3,REP,Celeste Maloy,148
Utah,25AL04,U.S. House,3,REP,Over Votes,0
Utah,25AL04,U.S. House,3,REP,Phil Lyman,76
Utah,25AL04,U.S. House,3,REP,Under Votes,10
Utah,25AL04,Utah County Clerk,,REP,Aaron Davidson,94
Utah,25AL04,Utah County Clerk,,REP,Corey K Astill,109
Utah,25AL04,Utah County Clerk,,REP,Over Votes,0
Utah,25AL04,Utah County Clerk,,REP,Under Votes,31
Utah,25AL04,Utah County Commission Seat A,,REP,Brent V. Bowles,98
Utah,25AL04,Utah County Commission Seat A,,REP,Michelle Kaufusi,127
Utah,25AL04,Utah County Commission Seat A,,REP,Over Votes,0
Utah,25AL04,Utah County Commission Seat A,,REP,Under Votes,9
Utah,25AL04,Utah County Commission Seat B,,REP,Carolina Herrin,59
Utah,25AL04,Utah County Commission Seat B,,REP,David M. Spencer,75
Utah,25AL04,Utah County Commission Seat B,,REP,Isaac Paxman,76
Utah,25AL04,Utah County Commission Seat B,,REP,Over Votes,0
Utah,25AL04,Utah County Commission Seat B,,REP,Under Votes,24
Utah,25AL05,Ballots Cast,,,,229
Utah,25AL05,Ballots Cast,,REP,,229
Utah,25AL05,Ballots Cast Blank,,,,0
Utah,25AL05,Board Of Education District 11 (Multi-County),11,REP,Over Votes,0
Utah,25AL05,Board Of Education District 11 (Multi-County),11,REP,Terry L. Hutchinson,130
Utah,25AL05,Board Of Education District 11 (Multi-County),11,REP,Tracy J. Nuttall,89
Utah,25AL05,Board Of Education District 11 (Multi-County),11,REP,Under Votes,10
Utah,25AL05,Registered Voters,,,,667
Utah,25AL05,Registered Voters,,REP,,667
Utah,25AL05,Senate,21,REP,Brady Brammer,167
Utah,25AL05,Senate,21,REP,Kelly Smith,58
Utah,25AL05,Senate,21,REP,Over Votes,0
Utah,25AL05,Senate,21,REP,Under Votes,4
Utah,25AL05,U.S. House,3,REP,Celeste Maloy,155
Utah,25AL05,U.S. House,3,REP,Over Votes,0
Utah,25AL05,U.S. House,3,REP,Phil Lyman,66
Utah,25AL05,U.S. House,3,REP,Under Votes,8
Utah,25AL05,Utah County Clerk,,REP,Aaron Davidson,101
Utah,25AL05,Utah County Clerk,,REP,Corey K Astill,109
Utah,25AL05,Utah County Clerk,,REP,Over Votes,0
Utah,25AL05,Utah County Clerk,,REP,Under Votes,19
Utah,25AL05,Utah County Commission Seat A,,REP,Brent V. Bowles,96
Utah,25AL05,Utah County Commission Seat A,,REP,Michelle Kaufusi,125
Utah,25AL05,Utah County Commission Seat A,,REP,Over Votes,0
Utah,25AL05,Utah County Commission Seat A,,REP,Under Votes,8
Utah,25AL05,Utah County Commission Seat B,,REP,Carolina Herrin,43
Utah,25AL05,Utah County Commission Seat B,,REP,David M. Spencer,99
Utah,25AL05,Utah County Commission Seat B,,REP,Isaac Paxman,70
Utah,25AL05,Utah County Commission Seat B,,REP,Over Votes,0
Utah,25AL05,Utah County Commission Seat B,,REP,Under Votes,17
Utah,25AL06,Ballots Cast,,,,320
Utah,25AL06,Ballots Cast,,REP,,320
Utah,25AL06,Ballots Cast Blank,,,,0
Utah,25AL06,Board Of Education District 11 (Multi-County),11,REP,Over Votes,0
Utah,25AL06,Board Of Education District 11 (Multi-County),11,REP,Terry L. Hutchinson,200
Utah,25AL06,Board Of Education District 11 (Multi-County),11,REP,Tracy J. Nuttall,105
Utah,25AL06,Board Of Education District 11 (Multi-County),11,REP,Under Votes,15
Utah,25AL06,Registered Voters,,,,692
Utah,25AL06,Registered Voters,,REP,,692
Utah,25AL06,Senate,21,REP,Brady Brammer,219
Utah,25AL06,Senate,21,REP,Kelly Smith,88
Utah,25AL06,Senate,21,REP,Over Votes,0
Utah,25AL06,Senate,21,REP,Under Votes,13
Utah,25AL06,U.S. House,3,REP,Celeste Maloy,176
Utah,25AL06,U.S. House,3,REP,Over Votes,0
Utah,25AL06,U.S. House,3,REP,Phil Lyman,132
Utah,25AL06,U.S. House,3,REP,Under Votes,12
Utah,25AL06,Utah County Clerk,,REP,Aaron Davidson,161
Utah,25AL06,Utah County Clerk,,REP,Corey K Astill,130
Utah,25AL06,Utah County Clerk,,REP,Over Votes,0
Utah,25AL06,Utah County Clerk,,REP,Under Votes,29
Utah,25AL06,Utah County Commission Seat A,,REP,Brent V. Bowles,173
Utah,25AL06,Utah County Commission Seat A,,REP,Michelle Kaufusi,134
Utah,25AL06,Utah County Commission Seat A,,REP,Over Votes,0
Utah,25AL06,Utah County Commission Seat A,,REP,Under Votes,13
Utah,25AL06,Utah County Commission Seat B,,REP,Carolina Herrin,43
Utah,25AL06,Utah County Commission Seat B,,REP,David M. Spencer,167
Utah,25AL06,Utah County Commission Seat B,,REP,Isaac Paxman,94
Utah,25AL06,Utah County Commission Seat B,,REP,Over Votes,0
Utah,25AL06,Utah County Commission Seat B,,REP,Under Votes,16
Utah,25AL07,Ballots Cast,,,,156
Utah,25AL07,Ballots Cast,,REP,,156
Utah,25AL07,Ballots Cast Blank,,,,0
Utah,25AL07,Board Of Education District 11 (Multi-County),11,REP,Over Votes,0
Utah,25AL07,Board Of Education District 11 (Multi-County),11,REP,Terry L. Hutchinson,92
Utah,25AL07,Board Of Education District 11 (Multi-County),11,REP,Tracy J. Nuttall,62
Utah,25AL07,Board Of Education District 11 (Multi-County),11,REP,Under Votes,2
Utah,25AL07,Registered Voters,,,,578
Utah,25AL07,Registered Voters,,REP,,578
Utah,25AL07,U.S. House,3,REP,Celeste Maloy,102
Utah,25AL07,U.S. House,3,REP,Over Votes,0
Utah,25AL07,U.S. House,3,REP,Phil Lyman,49
Utah,25AL07,U.S. House,3,REP,Under Votes,5
Utah,25AL07,Utah County Clerk,,REP,Aaron Davidson,56
Utah,25AL07,Utah County Clerk,,REP,Corey K Astill,88
Utah,25AL07,Utah County Clerk,,REP,Over Votes,0
Utah,25AL07,Utah County Clerk,,REP,Under Votes,12
Utah,25AL07,Utah County Commission Seat A,,REP,Brent V. Bowles,67
Utah,25AL07,Utah County Commission Seat A,,REP,Michelle Kaufusi,88
Utah,25AL07,Utah County Commission Seat A,,REP,Over Votes,0
Utah,25AL07,Utah County Commission Seat A,,REP,Under Votes,1
Utah,25AL07,Utah County Commission Seat B,,REP,Carolina Herrin,24
Utah,25AL07,Utah County Commission Seat B,,REP,David M. Spencer,57
Utah,25AL07,Utah County Commission Seat B,,REP,Isaac Paxman,73
Utah,25AL07,Utah County Commission Seat B,,REP,Over Votes,0
Utah,25AL07,Utah County Commission Seat B,,REP,Under Votes,2
Utah,25AL08,Ballots Cast,,,,247
Utah,25AL08,Ballots Cast,,REP,,247
Utah,25AL08,Ballots Cast Blank,,,,0
Utah,25AL08,Board Of Education District 11 (Multi-County),11,REP,Over Votes,0
Utah,25AL08,Board Of Education District 11 (Multi-County),11,REP,Terry L. Hutchinson,145
Utah,25AL08,Board Of Education District 11 (Multi-County),11,REP,Tracy J. Nuttall,91
Utah,25AL08,Board Of Education District 11 (Multi-County),11,REP,Under Votes,11
Utah,25AL08,Registered Voters,,,,800
Utah,25AL08,Registered Voters,,REP,,800
Utah,25AL08,Senate,21,REP,Brady Brammer,161
Utah,25AL08,Senate,21,REP,Kelly Smith,78
Utah,25AL08,Senate,21,REP,Over Votes,0
Utah,25AL08,Senate,21,REP,Under Votes,8
Utah,25AL08,U.S. House,3,REP,Celeste Maloy,151
Utah,25AL08,U.S. House,3,REP,Over Votes,0
Utah,25AL08,U.S. House,3,REP,Phil Lyman,86
Utah,25AL08,U.S. House,3,REP,Under Votes,10
Utah,25AL08,Utah County Clerk,,REP,Aaron Davidson,110
Utah,25AL08,Utah County Clerk,,REP,Corey K Astill,110
Utah,25AL08,Utah County Clerk,,REP,Over Votes,0
Utah,25AL08,Utah County Clerk,,REP,Under Votes,27
Utah,25AL08,Utah County Commission Seat A,,REP,Brent V. Bowles,112
Utah,25AL08,Utah County Commission Seat A,,REP,Michelle Kaufusi,127
Utah,25AL08,Utah County Commission Seat A,,REP,Over Votes,0
Utah,25AL08,Utah County Commission Seat A,,REP,Under Votes,8
Utah,25AL08,Utah County Commission Seat B,,REP,Carolina Herrin,39
Utah,25AL08,Utah County Commission Seat B,,REP,David M. Spencer,94
Utah,25AL08,Utah County Commission Seat B,,REP,Isaac Paxman,97
Utah,25AL08,Utah County Commission Seat B,,REP,Over Votes,0
Utah,25AL08,Utah County Commission Seat B,,REP,Under Votes,17
Utah,25BL01,Ballots Cast,,,,0
Utah,25BL01,Ballots Cast,,REP,,0
Utah,25BL01,Ballots Cast Blank,,,,0
Utah,25BL01,Board Of Education District 11 (Multi-County),11,REP,Over Votes,0
Utah,25BL01,Board Of Education District 11 (Multi-County),11,REP,Terry L. Hutchinson,0
Utah,25BL01,Board Of Education District 11 (Multi-County),11,REP,Tracy J. Nuttall,0
Utah,25BL01,Board Of Education District 11 (Multi-County),11,REP,Under Votes,0
Utah,25BL01,Registered Voters,,,,0
Utah,25BL01,Registered Voters,,REP,,0
Utah,25BL01,Senate,18,REP,Daniel McCay,0
Utah,25BL01,Senate,18,REP,Doug Fiefia,0
Utah,25BL01,Senate,18,REP,Over Votes,0
Utah,25BL01,Senate,18,REP,Under Votes,0
Utah,25BL01,Utah County Clerk,,REP,Aaron Davidson,0
Utah,25BL01,Utah County Clerk,,REP,Corey K Astill,0
Utah,25BL01,Utah County Clerk,,REP,Over Votes,0
Utah,25BL01,Utah County Clerk,,REP,Under Votes,0
Utah,25BL01,Utah County Commission Seat A,,REP,Brent V. Bowles,0
Utah,25BL01,Utah County Commission Seat A,,REP,Michelle Kaufusi,0
Utah,25BL01,Utah County Commission Seat A,,REP,Over Votes,0
Utah,25BL01,Utah County Commission Seat A,,REP,Under Votes,0
Utah,25BL01,Utah County Commission Seat B,,REP,Carolina Herrin,0
Utah,25BL01,Utah County Commission Seat B,,REP,David M. Spencer,0
Utah,25BL01,Utah County Commission Seat B,,REP,Isaac Paxman,0
Utah,25BL01,Utah County Commission Seat B,,REP,Over Votes,0
Utah,25BL01,Utah County Commission Seat B,,REP,Under Votes,0
Utah,25CF01,Ballots Cast,,,,40
Utah,25CF01,Ballots Cast,,REP,,40
Utah,25CF01,Ballots Cast Blank,,,,0
Utah,25CF01,Registered Voters,,,,187
Utah,25CF01,Registered Voters,,REP,,187
Utah,25CF01,Utah County Clerk,,REP,Aaron Davidson,22
Utah,25CF01,Utah County Clerk,,REP,Corey K Astill,17
Utah,25CF01,Utah County Clerk,,REP,Over Votes,0
Utah,25CF01,Utah County Clerk,,REP,Under Votes,1
Utah,25CF01,Utah County Commission Seat A,,REP,Brent V. Bowles,17
Utah,25CF01,Utah County Commission Seat A,,REP,Michelle Kaufusi,23
Utah,25CF01,Utah County Commission Seat A,,REP,Over Votes,0
Utah,25CF01,Utah County Commission Seat A,,REP,Under Votes,0
Utah,25CF01,Utah County Commission Seat B,,REP,Carolina Herrin,9
Utah,25CF01,Utah County Commission Seat B,,REP,David M. Spencer,24
Utah,25CF01,Utah County Commission Seat B,,REP,Isaac Paxman,7
Utah,25CF01,Utah County Commission Seat B,,REP,Over Votes,0
Utah,25CF01,Utah County Commission Seat B,,REP,Under Votes,0
Utah,25CH01,Ballots Cast,,,,154
Utah,25CH01,Ballots Cast,,REP,,154
Utah,25CH01,Ballots Cast Blank,,,,0
Utah,25CH01,Board Of Education District 11 (Multi-County),11,REP,Over Votes,0
Utah,25CH01,Board Of Education District 11 (Multi-County),11,REP,Terry L. Hutchinson,72
Utah,25CH01,Board Of Education District 11 (Multi-County),11,REP,Tracy J. Nuttall,80
Utah,25CH01,Board Of Education District 11 (Multi-County),11,REP,Under Votes,2
Utah,25CH01,Registered Voters,,,,622
Utah,25CH01,Registered Voters,,REP,,622
Utah,25CH01,Senate,21,REP,Brady Brammer,91
Utah,25CH01,Senate,21,REP,Kelly Smith,63
Utah,25CH01,Senate,21,REP,Over Votes,0
Utah,25CH01,Senate,21,REP,Under Votes,0
Utah,25CH01,Utah County Clerk,,REP,Aaron Davidson,83
Utah,25CH01,Utah County Clerk,,REP,Corey K Astill,67
Utah,25CH01,Utah County Clerk,,REP,Over Votes,0
Utah,25CH01,Utah County Clerk,,REP,Under Votes,4
Utah,25CH01,Utah County Commission Seat A,,REP,Brent V. Bowles,66
Utah,25CH01,Utah County Commission Seat A,,REP,Michelle Kaufusi,87
Utah,25CH01,Utah County Commission Seat A,,REP,Over Votes,0
Utah,25CH01,Utah County Commission Seat A,,REP,Under Votes,1
Utah,25CH01,Utah County Commission Seat B,,REP,Carolina Herrin,30
Utah,25CH01,Utah County Commission Seat B,,REP,David M. Spencer,71
Utah,25CH01,Utah County Commission Seat B,,REP,Isaac Paxman,49
Utah,25CH01,Utah County Commission Seat B,,REP,Over Votes,1
Utah,25CH01,Utah County Commission Seat B,,REP,Under Votes,3
Utah,25CH02,Ballots Cast,,,,139
Utah,25CH02,Ballots Cast,,REP,,139
Utah,25CH02,Ballots Cast Blank,,,,0
Utah,25CH02,Board Of Education District 11 (Multi-County),11,REP,Over Votes,0
Utah,25CH02,Board Of Education District 11 (Multi-County),11,REP,Terry L. Hutchinson,66
Utah,25CH02,Board Of Education District 11 (Multi-County),11,REP,Tracy J. Nuttall,71
Utah,25CH02,Board Of Education District 11 (Multi-County),11,REP,Under Votes,2
Utah,25CH02,Registered Voters,,,,470
Utah,25CH02,Registered Voters,,REP,,470
Utah,25CH02,Senate,21,REP,Brady Brammer,85
Utah,25CH02,Senate,21,REP,Kelly Smith,54
Utah,25CH02,Senate,21,REP,Over Votes,0
Utah,25CH02,Senate,21,REP,Under Votes,0
Utah,25CH02,Utah County Clerk,,REP,Aaron Davidson,55
Utah,25CH02,Utah County Clerk,,REP,Corey K Astill,80
Utah,25CH02,Utah County Clerk,,REP,Over Votes,0
Utah,25CH02,Utah County Clerk,,REP,Under Votes,4
Utah,25CH02,Utah County Commission Seat A,,REP,Brent V. Bowles,64
Utah,25CH02,Utah County Commission Seat A,,REP,Michelle Kaufusi,72
Utah,25CH02,Utah County Commission Seat A,,REP,Over Votes,0
Utah,25CH02,Utah County Commission Seat A,,REP,Under Votes,3
Utah,25CH02,Utah County Commission Seat B,,REP,Carolina Herrin,31
Utah,25CH02,Utah County Commission Seat B,,REP,David M. Spencer,52
Utah,25CH02,Utah County Commission Seat B,,REP,Isaac Paxman,50
Utah,25CH02,Utah County Commission Seat B,,REP,Over Votes,0
Utah,25CH02,Utah County Commission Seat B,,REP,Under Votes,6
Utah,25CH03,Ballots Cast,,,,224
Utah,25CH03,Ballots Cast,,REP,,224
Utah,25CH03,Ballots Cast Blank,,,,0
Utah,25CH03,Board Of Education District 11 (Multi-County),11,REP,Over Votes,0
Utah,25CH03,Board Of Education District 11 (Multi-County),11,REP,Terry L. Hutchinson,117
Utah,25CH03,Board Of Education District 11 (Multi-County),11,REP,Tracy J. Nuttall,100
Utah,25CH03,Board Of Education District 11 (Multi-County),11,REP,Under Votes,7
Utah,25CH03,Registered Voters,,,,602
Utah,25CH03,Registered Voters,,REP,,602
Utah,25CH03,Senate,21,REP,Brady Brammer,131
Utah,25CH03,Senate,21,REP,Kelly Smith,92
Utah,25CH03,Senate,21,REP,Over Votes,0
Utah,25CH03,Senate,21,REP,Under Votes,1
Utah,25CH03,Utah County Clerk,,REP,Aaron Davidson,111
Utah,25CH03,Utah County Clerk,,REP,Corey K Astill,102
Utah,25CH03,Utah County Clerk,,REP,Over Votes,0
Utah,25CH03,Utah County Clerk,,REP,Under Votes,11
Utah,25CH03,Utah County Commission Seat A,,REP,Brent V. Bowles,109
Utah,25CH03,Utah County Commission Seat A,,REP,Michelle Kaufusi,108
Utah,25CH03,Utah County Commission Seat A,,REP,Over Votes,0
Utah,25CH03,Utah County Commission Seat A,,REP,Under Votes,7
Utah,25CH03,Utah County Commission Seat B,,REP,Carolina Herrin,47
Utah,25CH03,Utah County Commission Seat B,,REP,David M. Spencer,111
Utah,25CH03,Utah County Commission Seat B,,REP,Isaac Paxman,58
Utah,25CH03,Utah County Commission Seat B,,REP,Over Votes,0
Utah,25CH03,Utah County Commission Seat B,,REP,Under Votes,8
Utah,25CH04,Ballots Cast,,,,215
Utah,25CH04,Ballots Cast,,REP,,215
Utah,25CH04,Ballots Cast Blank,,,,0
Utah,25CH04,Board Of Education District 11 (Multi-County),11,REP,Over Votes,0
Utah,25CH04,Board Of Education District 11 (Multi-County),11,REP,Terry L. Hutchinson,75
Utah,25CH04,Board Of Education District 11 (Multi-County),11,REP,Tracy J. Nuttall,133
Utah,25CH04,Board Of Education District 11 (Multi-County),11,REP,Under Votes,7
Utah,25CH04,Registered Voters,,,,636
Utah,25CH04,Registered Voters,,REP,,636
Utah,25CH04,Senate,21,REP,Brady Brammer,96
Utah,25CH04,Senate,21,REP,Kelly Smith,119
Utah,25CH04,Senate,21,REP,Over Votes,0
Utah,25CH04,Senate,21,REP,Under Votes,0
Utah,25CH04,Utah County Clerk,,REP,Aaron Davidson,76
Utah,25CH04,Utah County Clerk,,REP,Corey K Astill,131
Utah,25CH04,Utah County Clerk,,REP,Over Votes,0
Utah,25CH04,Utah County Clerk,,REP,Under Votes,8
Utah,25CH04,Utah County Commission Seat A,,REP,Brent V. Bowles,85
Utah,25CH04,Utah County Commission Seat A,,REP,Michelle Kaufusi,125
Utah,25CH04,Utah County Commission Seat A,,REP,Over Votes,0
Utah,25CH04,Utah County Commission Seat A,,REP,Under Votes,5
Utah,25CH04,Utah County Commission Seat B,,REP,Carolina Herrin,44
Utah,25CH04,Utah County Commission Seat B,,REP,David M. Spencer,68
Utah,25CH04,Utah County Commission Seat B,,REP,Isaac Paxman,94
Utah,25CH04,Utah County Commission Seat B,,REP,Over Votes,0
Utah,25CH04,Utah County Commission Seat B,,REP,Under Votes,9
Utah,25CH05,Ballots Cast,,,,184
Utah,25CH05,Ballots Cast,,REP,,184
Utah,25CH05,Ballots Cast Blank,,,,0
Utah,25CH05,Board Of Education District 11 (Multi-County),11,REP,Over Votes,0
Utah,25CH05,Board Of Education District 11 (Multi-County),11,REP,Terry L. Hutchinson,85
Utah,25CH05,Board Of Education District 11 (Multi-County),11,REP,Tracy J. Nuttall,89
Utah,25CH05,Board Of Education District 11 (Multi-County),11,REP,Under Votes,10
Utah,25CH05,Registered Voters,,,,552
Utah,25CH05,Registered Voters,,REP,,552
Utah,25CH05,Senate,21,REP,Brady Brammer,85
Utah,25CH05,Senate,21,REP,Kelly Smith,97
Utah,25CH05,Senate,21,REP,Over Votes,0
Utah,25CH05,Senate,21,REP,Under Votes,2
Utah,25CH05,Utah County Clerk,,REP,Aaron Davidson,86
Utah,25CH05,Utah County Clerk,,REP,Corey K Astill,90
Utah,25CH05,Utah County Clerk,,REP,Over Votes,0
Utah,25CH05,Utah County Clerk,,REP,Under Votes,8
Utah,25CH05,Utah County Commission Seat A,,REP,Brent V. Bowles,80
Utah,25CH05,Utah County Commission Seat A,,REP,Michelle Kaufusi,104
Utah,25CH05,Utah County Commission Seat A,,REP,Over Votes,0
Utah,25CH05,Utah County Commission Seat A,,REP,Under Votes,0
Utah,25CH05,Utah County Commission Seat B,,REP,Carolina Herrin,45
Utah,25CH05,Utah County Commission Seat B,,REP,David M. Spencer,64
Utah,25CH05,Utah County Commission Seat B,,REP,Isaac Paxman,63
Utah,25CH05,Utah County Commission Seat B,,REP,Over Votes,0
Utah,25CH05,Utah County Commission Seat B,,REP,Under Votes,12
Utah,25CH06,Ballots Cast,,,,181
Utah,25CH06,Ballots Cast,,REP,,181
Utah,25CH06,Ballots Cast Blank,,,,0
Utah,25CH06,Board Of Education District 11 (Multi-County),11,REP,Over Votes,0
Utah,25CH06,Board Of Education District 11 (Multi-County),11,REP,Terry L. Hutchinson,88
Utah,25CH06,Board Of Education District 11 (Multi-County),11,REP,Tracy J. Nuttall,90
Utah,25CH06,Board Of Education District 11 (Multi-County),11,REP,Under Votes,3
Utah,25CH06,Registered Voters,,,,494
Utah,25CH06,Registered Voters,,REP,,494
Utah,25CH06,Senate,21,REP,Brady Brammer,112
Utah,25CH06,Senate,21,REP,Kelly Smith,68
Utah,25CH06,Senate,21,REP,Over Votes,0
Utah,25CH06,Senate,21,REP,Under Votes,1
Utah,25CH06,Utah County Clerk,,REP,Aaron Davidson,79
Utah,25CH06,Utah County Clerk,,REP,Corey K Astill,98
Utah,25CH06,Utah County Clerk,,REP,Over Votes,0
Utah,25CH06,Utah County Clerk,,REP,Under Votes,4
Utah,25CH06,Utah County Commission Seat A,,REP,Brent V. Bowles,95
Utah,25CH06,Utah County Commission Seat A,,REP,Michelle Kaufusi,80
Utah,25CH06,Utah County Commission Seat A,,REP,Over Votes,0
Utah,25CH06,Utah County Commission Seat A,,REP,Under Votes,6
Utah,25CH06,Utah County Commission Seat B,,REP,Carolina Herrin,38
Utah,25CH06,Utah County Commission Seat B,,REP,David M. Spencer,86
Utah,25CH06,Utah County Commission Seat B,,REP,Isaac Paxman,51
Utah,25CH06,Utah County Commission Seat B,,REP,Over Votes,0
Utah,25CH06,Utah County Commission Seat B,,REP,Under Votes,6
Utah,25CH07,Ballots Cast,,,,267
Utah,25CH07,Ballots Cast,,REP,,267
Utah,25CH07,Ballots Cast Blank,,,,0
Utah,25CH07,Board Of Education District 11 (Multi-County),11,REP,Over Votes,0
Utah,25CH07,Board Of Education District 11 (Multi-County),11,REP,Terry L. Hutchinson,112
Utah,25CH07,Board Of Education District 11 (Multi-County),11,REP,Tracy J. Nuttall,146
Utah,25CH07,Board Of Education District 11 (Multi-County),11,REP,Under Votes,9
Utah,25CH07,Registered Voters,,,,738
Utah,25CH07,Registered Voters,,REP,,738
Utah,25CH07,Senate,21,REP,Brady Brammer,104
Utah,25CH07,Senate,21,REP,Kelly Smith,163
Utah,25CH07,Senate,21,REP,Over Votes,0
Utah,25CH07,Senate,21,REP,Under Votes,0
Utah,25CH07,Utah County Clerk,,REP,Aaron Davidson,122
Utah,25CH07,Utah County Clerk,,REP,Corey K Astill,132
Utah,25CH07,Utah County Clerk,,REP,Over Votes,0
Utah,25CH07,Utah County Clerk,,REP,Under Votes,13
Utah,25CH07,Utah County Commission Seat A,,REP,Brent V. Bowles,116
Utah,25CH07,Utah County Commission Seat A,,REP,Michelle Kaufusi,147
Utah,25CH07,Utah County Commission Seat A,,REP,Over Votes,0
Utah,25CH07,Utah County Commission Seat A,,REP,Under Votes,4
Utah,25CH07,Utah County Commission Seat B,,REP,Carolina Herrin,48
Utah,25CH07,Utah County Commission Seat B,,REP,David M. Spencer,101
Utah,25CH07,Utah County Commission Seat B,,REP,Isaac Paxman,109
Utah,25CH07,Utah County Commission Seat B,,REP,Over Votes,0
Utah,25CH07,Utah County Commission Seat B,,REP,Under Votes,9
Utah,25CH08 Suppressed,Ballots Cast,,,,6
Utah,25CH08 Suppressed,Ballots Cast,,REP,,6
Utah,25CH08 Suppressed,Ballots Cast Blank,,,,0
Utah,25CH08 Suppressed,Registered Voters,,,,15
Utah,25CH08 Suppressed,Registered Voters,,REP,,15
Utah,25DR01,Ballots Cast,,,,0
Utah,25DR01,Ballots Cast,,REP,,0
Utah,25DR01,Ballots Cast Blank,,,,0
Utah,25DR01,Board Of Education District 11 (Multi-County),11,REP,Over Votes,0
Utah,25DR01,Board Of Education District 11 (Multi-County),11,REP,Terry L. Hutchinson,0
Utah,25DR01,Board Of Education District 11 (Multi-County),11,REP,Tracy J. Nuttall,0
Utah,25DR01,Board Of Education District 11 (Multi-County),11,REP,Under Votes,0
Utah,25DR01,Registered Voters,,,,0
Utah,25DR01,Registered Voters,,REP,,0
Utah,25DR01,Utah County Clerk,,REP,Aaron Davidson,0
Utah,25DR01,Utah County Clerk,,REP,Corey K Astill,0
Utah,25DR01,Utah County Clerk,,REP,Over Votes,0
Utah,25DR01,Utah County Clerk,,REP,Under Votes,0
Utah,25DR01,Utah County Commission Seat A,,REP,Brent V. Bowles,0
Utah,25DR01,Utah County Commission Seat A,,REP,Michelle Kaufusi,0
Utah,25DR01,Utah County Commission Seat A,,REP,Over Votes,0
Utah,25DR01,Utah County Commission Seat A,,REP,Under Votes,0
Utah,25DR01,Utah County Commission Seat B,,REP,Carolina Herrin,0
Utah,25DR01,Utah County Commission Seat B,,REP,David M. Spencer,0
Utah,25DR01,Utah County Commission Seat B,,REP,Isaac Paxman,0
Utah,25DR01,Utah County Commission Seat B,,REP,Over Votes,0
Utah,25DR01,Utah County Commission Seat B,,REP,Under Votes,0
Utah,25DR02,Ballots Cast,,,,79
Utah,25DR02,Ballots Cast,,REP,,79
Utah,25DR02,Ballots Cast Blank,,,,0
Utah,25DR02,Board Of Education District 11 (Multi-County),11,REP,Over Votes,0
Utah,25DR02,Board Of Education District 11 (Multi-County),11,REP,Terry L. Hutchinson,37
Utah,25DR02,Board Of Education District 11 (Multi-County),11,REP,Tracy J. Nuttall,41
Utah,25DR02,Board Of Education District 11 (Multi-County),11,REP,Under Votes,1
Utah,25DR02,Registered Voters,,,,418
Utah,25DR02,Registered Voters,,REP,,418
Utah,25DR02,Utah County Clerk,,REP,Aaron Davidson,18
Utah,25DR02,Utah County Clerk,,REP,Corey K Astill,59
Utah,25DR02,Utah County Clerk,,REP,Over Votes,0
Utah,25DR02,Utah County Clerk,,REP,Under Votes,2
Utah,25DR02,Utah County Commission Seat A,,REP,Brent V. Bowles,30
Utah,25DR02,Utah County Commission Seat A,,REP,Michelle Kaufusi,48
Utah,25DR02,Utah County Commission Seat A,,REP,Over Votes,0
Utah,25DR02,Utah County Commission Seat A,,REP,Under Votes,1
Utah,25DR02,Utah County Commission Seat B,,REP,Carolina Herrin,23
Utah,25DR02,Utah County Commission Seat B,,REP,David M. Spencer,25
Utah,25DR02,Utah County Commission Seat B,,REP,Isaac Paxman,30
Utah,25DR02,Utah County Commission Seat B,,REP,Over Votes,0
Utah,25DR02,Utah County Commission Seat B,,REP,Under Votes,1
Utah,25DR03,Ballots Cast,,,,86
Utah,25DR03,Ballots Cast,,REP,,86
Utah,25DR03,Ballots Cast Blank,,,,1
Utah,25DR03,Board Of Education District 11 (Multi-County),11,REP,Over Votes,0
Utah,25DR03,Board Of Education District 11 (Multi-County),11,REP,Terry L. Hutchinson,38
Utah,25DR03,Board Of Education District 11 (Multi-County),11,REP,Tracy J. Nuttall,45
Utah,25DR03,Board Of Education District 11 (Multi-County),11,REP,Under Votes,3
Utah,25DR03,Registered Voters,,,,578
Utah,25DR03,Registered Voters,,REP,,578
Utah,25DR03,Utah County Clerk,,REP,Aaron Davidson,26
Utah,25DR03,Utah County Clerk,,REP,Corey K Astill,56
Utah,25DR03,Utah County Clerk,,REP,Over Votes,0
Utah,25DR03,Utah County Clerk,,REP,Under Votes,4
Utah,25DR03,Utah County Commission Seat A,,REP,Brent V. Bowles,42
Utah,25DR03,Utah County Commission Seat A,,REP,Michelle Kaufusi,43
Utah,25DR03,Utah County Commission Seat A,,REP,Over Votes,0
Utah,25DR03,Utah County Commission Seat A,,REP,Under Votes,1
Utah,25DR03,Utah County Commission Seat B,,REP,Carolina Herrin,20
Utah,25DR03,Utah County Commission Seat B,,REP,David M. Spencer,26
Utah,25DR03,Utah County Commission Seat B,,REP,Isaac Paxman,36
Utah,25DR03,Utah County Commission Seat B,,REP,Over Votes,0
Utah,25DR03,Utah County Commission Seat B,,REP,Under Votes,4
Utah,25EM01,Ballots Cast,,,,78
Utah,25EM01,Ballots Cast,,REP,,78
Utah,25EM01,Ballots Cast Blank,,,,0
Utah,25EM01,Registered Voters,,,,427
Utah,25EM01,Registered Voters,,REP,,427
Utah,25EM01,Utah County Clerk,,REP,Aaron Davidson,21
Utah,25EM01,Utah County Clerk,,REP,Corey K Astill,57
Utah,25EM01,Utah County Clerk,,REP,Over Votes,0
Utah,25EM01,Utah County Clerk,,REP,Under Votes,0
Utah,25EM01,Utah County Commission Seat A,,REP,Brent V. Bowles,38
Utah,25EM01,Utah County Commission Seat A,,REP,Michelle Kaufusi,40
Utah,25EM01,Utah County Commission Seat A,,REP,Over Votes,0
Utah,25EM01,Utah County Commission Seat A,,REP,Under Votes,0
Utah,25EM01,Utah County Commission Seat B,,REP,Carolina Herrin,21
Utah,25EM01,Utah County Commission Seat B,,REP,David M. Spencer,39
Utah,25EM01,Utah County Commission Seat B,,REP,Isaac Paxman,17
Utah,25EM01,Utah County Commission Seat B,,REP,Over Votes,0
Utah,25EM01,Utah County Commission Seat B,,REP,Under Votes,1
Utah,25EM02,Ballots Cast,,,,75
Utah,25EM02,Ballots Cast,,REP,,75
Utah,25EM02,Ballots Cast Blank,,,,0
Utah,25EM02,Registered Voters,,,,705
Utah,25EM02,Registered Voters,,REP,,705
Utah,25EM02,Utah County Clerk,,REP,Aaron Davidson,34
Utah,25EM02,Utah County Clerk,,REP,Corey K Astill,41
Utah,25EM02,Utah County Clerk,,REP,Over Votes,0
Utah,25EM02,Utah County Clerk,,REP,Under Votes,0
Utah,25EM02,Utah County Commission Seat A,,REP,Brent V. Bowles,48
Utah,25EM02,Utah County Commission Seat A,,REP,Michelle Kaufusi,27
Utah,25EM02,Utah County Commission Seat A,,REP,Over Votes,0
Utah,25EM02,Utah County Commission Seat A,,REP,Under Votes,0
Utah,25EM02,Utah County Commission Seat B,,REP,Carolina Herrin,15
Utah,25EM02,Utah County Commission Seat B,,REP,David M. Spencer,52
Utah,25EM02,Utah County Commission Seat B,,REP,Isaac Paxman,8
Utah,25EM02,Utah County Commission Seat B,,REP,Over Votes,0
Utah,25EM02,Utah County Commission Seat B,,REP,Under Votes,0
Utah,25EM03,Ballots Cast,,,,87
Utah,25EM03,Ballots Cast,,REP,,87
Utah,25EM03,Ballots Cast Blank,,,,0
Utah,25EM03,Registered Voters,,,,535
Utah,25EM03,Registered Voters,,REP,,535
Utah,25EM03,Utah County Clerk,,REP,Aaron Davidson,31
Utah,25EM03,Utah County Clerk,,REP,Corey K Astill,55
Utah,25EM03,Utah County Clerk,,REP,Over Votes,0
Utah,25EM03,Utah County Clerk,,REP,Under Votes,1
Utah,25EM03,Utah County Commission Seat A,,REP,Brent V. Bowles,52
Utah,25EM03,Utah County Commission Seat A,,REP,Michelle Kaufusi,35
Utah,25EM03,Utah County Commission Seat A,,REP,Over Votes,0
Utah,25EM03,Utah County Commission Seat A,,REP,Under Votes,0
Utah,25EM03,Utah County Commission Seat B,,REP,Carolina Herrin,23
Utah,25EM03,Utah County Commission Seat B,,REP,David M. Spencer,47
Utah,25EM03,Utah County Commission Seat B,,REP,Isaac Paxman,15
Utah,25EM03,Utah County Commission Seat B,,REP,Over Votes,0
Utah,25EM03,Utah County Commission Seat B,,REP,Under Votes,2
Utah,25EM04,Ballots Cast,,,,13
Utah,25EM04,Ballots Cast,,REP,,13
Utah,25EM04,Ballots Cast Blank,,,,0
Utah,25EM04,Registered Voters,,,,109
Utah,25EM04,Registered Voters,,REP,,109
Utah,25EM04,Utah County Clerk,,REP,Aaron Davidson,8
Utah,25EM04,Utah County Clerk,,REP,Corey K Astill,5
Utah,25EM04,Utah County Clerk,,REP,Over Votes,0
Utah,25EM04,Utah County Clerk,,REP,Under Votes,0
Utah,25EM04,Utah County Commission Seat A,,REP,Brent V. Bowles,9
Utah,25EM04,Utah County Commission Seat A,,REP,Michelle Kaufusi,4
Utah,25EM04,Utah County Commission Seat A,,REP,Over Votes,0
Utah,25EM04,Utah County Commission Seat A,,REP,Under Votes,0
Utah,25EM04,Utah County Commission Seat B,,REP,Carolina Herrin,5
Utah,25EM04,Utah County Commission Seat B,,REP,David M. Spencer,8
Utah,25EM04,Utah County Commission Seat B,,REP,Isaac Paxman,0
Utah,25EM04,Utah County Commission Seat B,,REP,Over Votes,0
Utah,25EM04,Utah County Commission Seat B,,REP,Under Votes,0
Utah,25EM05,Ballots Cast,,,,47
Utah,25EM05,Ballots Cast,,REP,,47
Utah,25EM05,Ballots Cast Blank,,,,0
Utah,25EM05,Registered Voters,,,,377
Utah,25EM05,Registered Voters,,REP,,377
Utah,25EM05,Utah County Clerk,,REP,Aaron Davidson,28
Utah,25EM05,Utah County Clerk,,REP,Corey K Astill,19
Utah,25EM05,Utah County Clerk,,REP,Over Votes,0
Utah,25EM05,Utah County Clerk,,REP,Under Votes,0
Utah,25EM05,Utah County Commission Seat A,,REP,Brent V. Bowles,35
Utah,25EM05,Utah County Commission Seat A,,REP,Michelle Kaufusi,12
Utah,25EM05,Utah County Commission Seat A,,REP,Over Votes,0
Utah,25EM05,Utah County Commission Seat A,,REP,Under Votes,0
Utah,25EM05,Utah County Commission Seat B,,REP,Carolina Herrin,16
Utah,25EM05,Utah County Commission Seat B,,REP,David M. Spencer,24
Utah,25EM05,Utah County Commission Seat B,,REP,Isaac Paxman,7
Utah,25EM05,Utah County Commission Seat B,,REP,Over Votes,0
Utah,25EM05,Utah County Commission Seat B,,REP,Under Votes,0
Utah,25EM06,Ballots Cast,,,,68
Utah,25EM06,Ballots Cast,,REP,,68
Utah,25EM06,Ballots Cast Blank,,,,0
Utah,25EM06,Registered Voters,,,,528
Utah,25EM06,Registered Voters,,REP,,528
Utah,25EM06,Utah County Clerk,,REP,Aaron Davidson,32
Utah,25EM06,Utah County Clerk,,REP,Corey K Astill,35
Utah,25EM06,Utah County Clerk,,REP,Over Votes,0
Utah,25EM06,Utah County Clerk,,REP,Under Votes,1
Utah,25EM06,Utah County Commission Seat A,,REP,Brent V. Bowles,42
Utah,25EM06,Utah County Commission Seat A,,REP,Michelle Kaufusi,26
Utah,25EM06,Utah County Commission Seat A,,REP,Over Votes,0
Utah,25EM06,Utah County Commission Seat A,,REP,Under Votes,0
Utah,25EM06,Utah County Commission Seat B,,REP,Carolina Herrin,14
Utah,25EM06,Utah County Commission Seat B,,REP,David M. Spencer,35
Utah,25EM06,Utah County Commission Seat B,,REP,Isaac Paxman,19
Utah,25EM06,Utah County Commission Seat B,,REP,Over Votes,0
Utah,25EM06,Utah County Commission Seat B,,REP,Under Votes,0
Utah,25EM07,Ballots Cast,,,,89
Utah,25EM07,Ballots Cast,,REP,,89
Utah,25EM07,Ballots Cast Blank,,,,0
Utah,25EM07,Registered Voters,,,,668
Utah,25EM07,Registered Voters,,REP,,668
Utah,25EM07,Utah County Clerk,,REP,Aaron Davidson,36
Utah,25EM07,Utah County Clerk,,REP,Corey K Astill,52
Utah,25EM07,Utah County Clerk,,REP,Over Votes,0
Utah,25EM07,Utah County Clerk,,REP,Under Votes,1
Utah,25EM07,Utah County Commission Seat A,,REP,Brent V. Bowles,55
Utah,25EM07,Utah County Commission Seat A,,REP,Michelle Kaufusi,33
Utah,25EM07,Utah County Commission Seat A,,REP,Over Votes,0
Utah,25EM07,Utah County Commission Seat A,,REP,Under Votes,1
Utah,25EM07,Utah County Commission Seat B,,REP,Carolina Herrin,24
Utah,25EM07,Utah County Commission Seat B,,REP,David M. Spencer,51
Utah,25EM07,Utah County Commission Seat B,,REP,Isaac Paxman,14
Utah,25EM07,Utah County Commission Seat B,,REP,Over Votes,0
Utah,25EM07,Utah County Commission Seat B,,REP,Under Votes,0
Utah,25EM08,Ballots Cast,,,,82
Utah,25EM08,Ballots Cast,,REP,,82
Utah,25EM08,Ballots Cast Blank,,,,0
Utah,25EM08,Registered Voters,,,,547
Utah,25EM08,Registered Voters,,REP,,547
Utah,25EM08,Utah County Clerk,,REP,Aaron Davidson,43
Utah,25EM08,Utah County Clerk,,REP,Corey K Astill,37
Utah,25EM08,Utah County Clerk,,REP,Over Votes,0
Utah,25EM08,Utah County Clerk,,REP,Under Votes,2
Utah,25EM08,Utah County Commission Seat A,,REP,Brent V. Bowles,39
Utah,25EM08,Utah County Commission Seat A,,REP,Michelle Kaufusi,43
Utah,25EM08,Utah County Commission Seat A,,REP,Over Votes,0
Utah,25EM08,Utah County Commission Seat A,,REP,Under Votes,0
Utah,25EM08,Utah County Commission Seat B,,REP,Carolina Herrin,16
Utah,25EM08,Utah County Commission Seat B,,REP,David M. Spencer,47
Utah,25EM08,Utah County Commission Seat B,,REP,Isaac Paxman,17
Utah,25EM08,Utah County Commission Seat B,,REP,Over Votes,0
Utah,25EM08,Utah County Commission Seat B,,REP,Under Votes,2
Utah,25EM09,Ballots Cast,,,,44
Utah,25EM09,Ballots Cast,,REP,,44
Utah,25EM09,Ballots Cast Blank,,,,0
Utah,25EM09,Registered Voters,,,,233
Utah,25EM09,Registered Voters,,REP,,233
Utah,25EM09,Utah County Clerk,,REP,Aaron Davidson,28
Utah,25EM09,Utah County Clerk,,REP,Corey K Astill,16
Utah,25EM09,Utah County Clerk,,REP,Over Votes,0
Utah,25EM09,Utah County Clerk,,REP,Under Votes,0
Utah,25EM09,Utah County Commission Seat A,,REP,Brent V. Bowles,21
Utah,25EM09,Utah County Commission Seat A,,REP,Michelle Kaufusi,23
Utah,25EM09,Utah County Commission Seat A,,REP,Over Votes,0
Utah,25EM09,Utah County Commission Seat A,,REP,Under Votes,0
Utah,25EM09,Utah County Commission Seat B,,REP,Carolina Herrin,10
Utah,25EM09,Utah County Commission Seat B,,REP,David M. Spencer,20
Utah,25EM09,Utah County Commission Seat B,,REP,Isaac Paxman,14
Utah,25EM09,Utah County Commission Seat B,,REP,Over Votes,0
Utah,25EM09,Utah County Commission Seat B,,REP,Under Votes,0
Utah,25EM10,Ballots Cast,,,,72
Utah,25EM10,Ballots Cast,,REP,,72
Utah,25EM10,Ballots Cast Blank,,,,0
Utah,25EM10,Registered Voters,,,,477
Utah,25EM10,Registered Voters,,REP,,477
Utah,25EM10,Utah County Clerk,,REP,Aaron Davidson,18
Utah,25EM10,Utah County Clerk,,REP,Corey K Astill,54
Utah,25EM10,Utah County Clerk,,REP,Over Votes,0
Utah,25EM10,Utah County Clerk,,REP,Under Votes,0
Utah,25EM10,Utah County Commission Seat A,,REP,Brent V. Bowles,27
Utah,25EM10,Utah County Commission Seat A,,REP,Michelle Kaufusi,44
Utah,25EM10,Utah County Commission Seat A,,REP,Over Votes,0
Utah,25EM10,Utah County Commission Seat A,,REP,Under Votes,1
Utah,25EM10,Utah County Commission Seat B,,REP,Carolina Herrin,16
Utah,25EM10,Utah County Commission Seat B,,REP,David M. Spencer,25
Utah,25EM10,Utah County Commission Seat B,,REP,Isaac Paxman,29
Utah,25EM10,Utah County Commission Seat B,,REP,Over Votes,0
Utah,25EM10,Utah County Commission Seat B,,REP,Under Votes,2
Utah,25EM11,Ballots Cast,,,,60
Utah,25EM11,Ballots Cast,,REP,,60
Utah,25EM11,Ballots Cast Blank,,,,0
Utah,25EM11,Registered Voters,,,,487
Utah,25EM11,Registered Voters,,REP,,487
Utah,25EM11,Utah County Clerk,,REP,Aaron Davidson,23
Utah,25EM11,Utah County Clerk,,REP,Corey K Astill,37
Utah,25EM11,Utah County Clerk,,REP,Over Votes,0
Utah,25EM11,Utah County Clerk,,REP,Under Votes,0
Utah,25EM11,Utah County Commission Seat A,,REP,Brent V. Bowles,34
Utah,25EM11,Utah County Commission Seat A,,REP,Michelle Kaufusi,26
Utah,25EM11,Utah County Commission Seat A,,REP,Over Votes,0
Utah,25EM11,Utah County Commission Seat A,,REP,Under Votes,0
Utah,25EM11,Utah County Commission Seat B,,REP,Carolina Herrin,17
Utah,25EM11,Utah County Commission Seat B,,REP,David M. Spencer,31
Utah,25EM11,Utah County Commission Seat B,,REP,Isaac Paxman,12
Utah,25EM11,Utah County Commission Seat B,,REP,Over Votes,0
Utah,25EM11,Utah County Commission Seat B,,REP,Under Votes,0
Utah,25EM12,Ballots Cast,,,,36
Utah,25EM12,Ballots Cast,,REP,,36
Utah,25EM12,Ballots Cast Blank,,,,0
Utah,25EM12,Registered Voters,,,,251
Utah,25EM12,Registered Voters,,REP,,251
Utah,25EM12,Utah County Clerk,,REP,Aaron Davidson,16
Utah,25EM12,Utah County Clerk,,REP,Corey K Astill,20
Utah,25EM12,Utah County Clerk,,REP,Over Votes,0
Utah,25EM12,Utah County Clerk,,REP,Under Votes,0
Utah,25EM12,Utah County Commission Seat A,,REP,Brent V. Bowles,16
Utah,25EM12,Utah County Commission Seat A,,REP,Michelle Kaufusi,20
Utah,25EM12,Utah County Commission Seat A,,REP,Over Votes,0
Utah,25EM12,Utah County Commission Seat A,,REP,Under Votes,0
Utah,25EM12,Utah County Commission Seat B,,REP,Carolina Herrin,11
Utah,25EM12,Utah County Commission Seat B,,REP,David M. Spencer,13
Utah,25EM12,Utah County Commission Seat B,,REP,Isaac Paxman,12
Utah,25EM12,Utah County Commission Seat B,,REP,Over Votes,0
Utah,25EM12,Utah County Commission Seat B,,REP,Under Votes,0
Utah,25EM13,Ballots Cast,,,,45
Utah,25EM13,Ballots Cast,,REP,,45
Utah,25EM13,Ballots Cast Blank,,,,0
Utah,25EM13,Registered Voters,,,,415
Utah,25EM13,Registered Voters,,REP,,415
Utah,25EM13,Utah County Clerk,,REP,Aaron Davidson,12
Utah,25EM13,Utah County Clerk,,REP,Corey K Astill,30
Utah,25EM13,Utah County Clerk,,REP,Over Votes,0
Utah,25EM13,Utah County Clerk,,REP,Under Votes,3
Utah,25EM13,Utah County Commission Seat A,,REP,Brent V. Bowles,24
Utah,25EM13,Utah County Commission Seat A,,REP,Michelle Kaufusi,21
Utah,25EM13,Utah County Commission Seat A,,REP,Over Votes,0
Utah,25EM13,Utah County Commission Seat A,,REP,Under Votes,0
Utah,25EM13,Utah County Commission Seat B,,REP,Carolina Herrin,16
Utah,25EM13,Utah County Commission Seat B,,REP,David M. Spencer,10
Utah,25EM13,Utah County Commission Seat B,,REP,Isaac Paxman,17
Utah,25EM13,Utah County Commission Seat B,,REP,Over Votes,0
Utah,25EM13,Utah County Commission Seat B,,REP,Under Votes,2
Utah,25EM14,Ballots Cast,,,,89
Utah,25EM14,Ballots Cast,,REP,,89
Utah,25EM14,Ballots Cast Blank,,,,0
Utah,25EM14,Registered Voters,,,,612
Utah,25EM14,Registered Voters,,REP,,612
Utah,25EM14,Utah County Clerk,,REP,Aaron Davidson,30
Utah,25EM14,Utah County Clerk,,REP,Corey K Astill,56
Utah,25EM14,Utah County Clerk,,REP,Over Votes,0
Utah,25EM14,Utah County Clerk,,REP,Under Votes,3
Utah,25EM14,Utah County Commission Seat A,,REP,Brent V. Bowles,30
Utah,25EM14,Utah County Commission Seat A,,REP,Michelle Kaufusi,59
Utah,25EM14,Utah County Commission Seat A,,REP,Over Votes,0
Utah,25EM14,Utah County Commission Seat A,,REP,Under Votes,0
Utah,25EM14,Utah County Commission Seat B,,REP,Carolina Herrin,23
Utah,25EM14,Utah County Commission Seat B,,REP,David M. Spencer,38
Utah,25EM14,Utah County Commission Seat B,,REP,Isaac Paxman,28
Utah,25EM14,Utah County Commission Seat B,,REP,Over Votes,0
Utah,25EM14,Utah County Commission Seat B,,REP,Under Votes,0
Utah,25EM15,Ballots Cast,,,,51
Utah,25EM15,Ballots Cast,,REP,,51
Utah,25EM15,Ballots Cast Blank,,,,0
Utah,25EM15,Registered Voters,,,,545
Utah,25EM15,Registered Voters,,REP,,545
Utah,25EM15,Utah County Clerk,,REP,Aaron Davidson,15
Utah,25EM15,Utah County Clerk,,REP,Corey K Astill,36
Utah,25EM15,Utah County Clerk,,REP,Over Votes,0
Utah,25EM15,Utah County Clerk,,REP,Under Votes,0
Utah,25EM15,Utah County Commission Seat A,,REP,Brent V. Bowles,25
Utah,25EM15,Utah County Commission Seat A,,REP,Michelle Kaufusi,26
Utah,25EM15,Utah County Commission Seat A,,REP,Over Votes,0
Utah,25EM15,Utah County Commission Seat A,,REP,Under Votes,0
Utah,25EM15,Utah County Commission Seat B,,REP,Carolina Herrin,13
Utah,25EM15,Utah County Commission Seat B,,REP,David M. Spencer,20
Utah,25EM15,Utah County Commission Seat B,,REP,Isaac Paxman,18
Utah,25EM15,Utah County Commission Seat B,,REP,Over Votes,0
Utah,25EM15,Utah County Commission Seat B,,REP,Under Votes,0
Utah,25EM16,Ballots Cast,,,,62
Utah,25EM16,Ballots Cast,,REP,,62
Utah,25EM16,Ballots Cast Blank,,,,0
Utah,25EM16,Registered Voters,,,,634
Utah,25EM16,Registered Voters,,REP,,634
Utah,25EM16,Utah County Clerk,,REP,Aaron Davidson,20
Utah,25EM16,Utah County Clerk,,REP,Corey K Astill,42
Utah,25EM16,Utah County Clerk,,REP,Over Votes,0
Utah,25EM16,Utah County Clerk,,REP,Under Votes,0
Utah,25EM16,Utah County Commission Seat A,,REP,Brent V. Bowles,27
Utah,25EM16,Utah County Commission Seat A,,REP,Michelle Kaufusi,35
Utah,25EM16,Utah County Commission Seat A,,REP,Over Votes,0
Utah,25EM16,Utah County Commission Seat A,,REP,Under Votes,0
Utah,25EM16,Utah County Commission Seat B,,REP,Carolina Herrin,13
Utah,25EM16,Utah County Commission Seat B,,REP,David M. Spencer,26
Utah,25EM16,Utah County Commission Seat B,,REP,Isaac Paxman,23
Utah,25EM16,Utah County Commission Seat B,,REP,Over Votes,0
Utah,25EM16,Utah County Commission Seat B,,REP,Under Votes,0
Utah,25EM17,Ballots Cast,,,,60
Utah,25EM17,Ballots Cast,,REP,,60
Utah,25EM17,Ballots Cast Blank,,,,0
Utah,25EM17,Registered Voters,,,,503
Utah,25EM17,Registered Voters,,REP,,503
Utah,25EM17,Utah County Clerk,,REP,Aaron Davidson,30
Utah,25EM17,Utah County Clerk,,REP,Corey K Astill,27
Utah,25EM17,Utah County Clerk,,REP,Over Votes,0
Utah,25EM17,Utah County Clerk,,REP,Under Votes,3
Utah,25EM17,Utah County Commission Seat A,,REP,Brent V. Bowles,39
Utah,25EM17,Utah County Commission Seat A,,REP,Michelle Kaufusi,20
Utah,25EM17,Utah County Commission Seat A,,REP,Over Votes,0
Utah,25EM17,Utah County Commission Seat A,,REP,Under Votes,1
Utah,25EM17,Utah County Commission Seat B,,REP,Carolina Herrin,13
Utah,25EM17,Utah County Commission Seat B,,REP,David M. Spencer,30
Utah,25EM17,Utah County Commission Seat B,,REP,Isaac Paxman,16
Utah,25EM17,Utah County Commission Seat B,,REP,Over Votes,0
Utah,25EM17,Utah County Commission Seat B,,REP,Under Votes,1
Utah,25EM18,Ballots Cast,,,,16
Utah,25EM18,Ballots Cast,,REP,,16
Utah,25EM18,Ballots Cast Blank,,,,0
Utah,25EM18,Registered Voters,,,,228
Utah,25EM18,Registered Voters,,REP,,228
Utah,25EM18,Utah County Clerk,,REP,Aaron Davidson,6
Utah,25EM18,Utah County Clerk,,REP,Corey K Astill,10
Utah,25EM18,Utah County Clerk,,REP,Over Votes,0
Utah,25EM18,Utah County Clerk,,REP,Under Votes,0
Utah,25EM18,Utah County Commission Seat A,,REP,Brent V. Bowles,8
Utah,25EM18,Utah County Commission Seat A,,REP,Michelle Kaufusi,8
Utah,25EM18,Utah County Commission Seat A,,REP,Over Votes,0
Utah,25EM18,Utah County Commission Seat A,,REP,Under Votes,0
Utah,25EM18,Utah County Commission Seat B,,REP,Carolina Herrin,3
Utah,25EM18,Utah County Commission Seat B,,REP,David M. Spencer,5
Utah,25EM18,Utah County Commission Seat B,,REP,Isaac Paxman,8
Utah,25EM18,Utah County Commission Seat B,,REP,Over Votes,0
Utah,25EM18,Utah County Commission Seat B,,REP,Under Votes,0
Utah,25EM19,Ballots Cast,,,,92
Utah,25EM19,Ballots Cast,,REP,,92
Utah,25EM19,Ballots Cast Blank,,,,0
Utah,25EM19,Registered Voters,,,,582
Utah,25EM19,Registered Voters,,REP,,582
Utah,25EM19,Utah County Clerk,,REP,Aaron Davidson,31
Utah,25EM19,Utah County Clerk,,REP,Corey K Astill,60
Utah,25EM19,Utah County Clerk,,REP,Over Votes,0
Utah,25EM19,Utah County Clerk,,REP,Under Votes,1
Utah,25EM19,Utah County Commission Seat A,,REP,Brent V. Bowles,47
Utah,25EM19,Utah County Commission Seat A,,REP,Michelle Kaufusi,44
Utah,25EM19,Utah County Commission Seat A,,REP,Over Votes,0
Utah,25EM19,Utah County Commission Seat A,,REP,Under Votes,1
Utah,25EM19,Utah County Commission Seat B,,REP,Carolina Herrin,33
Utah,25EM19,Utah County Commission Seat B,,REP,David M. Spencer,38
Utah,25EM19,Utah County Commission Seat B,,REP,Isaac Paxman,21
Utah,25EM19,Utah County Commission Seat B,,REP,Over Votes,0
Utah,25EM19,Utah County Commission Seat B,,REP,Under Votes,0
Utah,25EM20,Ballots Cast,,,,50
Utah,25EM20,Ballots Cast,,REP,,50
Utah,25EM20,Ballots Cast Blank,,,,0
Utah,25EM20,Registered Voters,,,,384
Utah,25EM20,Registered Voters,,REP,,384
Utah,25EM20,Utah County Clerk,,REP,Aaron Davidson,16
Utah,25EM20,Utah County Clerk,,REP,Corey K Astill,34
Utah,25EM20,Utah County Clerk,,REP,Over Votes,0
Utah,25EM20,Utah County Clerk,,REP,Under Votes,0
Utah,25EM20,Utah County Commission Seat A,,REP,Brent V. Bowles,23
Utah,25EM20,Utah County Commission Seat A,,REP,Michelle Kaufusi,27
Utah,25EM20,Utah County Commission Seat A,,REP,Over Votes,0
Utah,25EM20,Utah County Commission Seat A,,REP,Under Votes,0
Utah,25EM20,Utah County Commission Seat B,,REP,Carolina Herrin,9
Utah,25EM20,Utah County Commission Seat B,,REP,David M. Spencer,19
Utah,25EM20,Utah County Commission Seat B,,REP,Isaac Paxman,22
Utah,25EM20,Utah County Commission Seat B,,REP,Over Votes,0
Utah,25EM20,Utah County Commission Seat B,,REP,Under Votes,0
Utah,25EM21,Ballots Cast,,,,91
Utah,25EM21,Ballots Cast,,REP,,91
Utah,25EM21,Ballots Cast Blank,,,,0
Utah,25EM21,Registered Voters,,,,751
Utah,25EM21,Registered Voters,,REP,,751
Utah,25EM21,Utah County Clerk,,REP,Aaron Davidson,30
Utah,25EM21,Utah County Clerk,,REP,Corey K Astill,61
Utah,25EM21,Utah County Clerk,,REP,Over Votes,0
Utah,25EM21,Utah County Clerk,,REP,Under Votes,0
Utah,25EM21,Utah County Commission Seat A,,REP,Brent V. Bowles,44
Utah,25EM21,Utah County Commission Seat A,,REP,Michelle Kaufusi,47
Utah,25EM21,Utah County Commission Seat A,,REP,Over Votes,0
Utah,25EM21,Utah County Commission Seat A,,REP,Under Votes,0
Utah,25EM21,Utah County Commission Seat B,,REP,Carolina Herrin,18
Utah,25EM21,Utah County Commission Seat B,,REP,David M. Spencer,39
Utah,25EM21,Utah County Commission Seat B,,REP,Isaac Paxman,31
Utah,25EM21,Utah County Commission Seat B,,REP,Over Votes,0
Utah,25EM21,Utah County Commission Seat B,,REP,Under Votes,3
Utah,25EM22,Ballots Cast,,,,62
Utah,25EM22,Ballots Cast,,REP,,62
Utah,25EM22,Ballots Cast Blank,,,,1
Utah,25EM22,Registered Voters,,,,515
Utah,25EM22,Registered Voters,,REP,,515
Utah,25EM22,Utah County Clerk,,REP,Aaron Davidson,22
Utah,25EM22,Utah County Clerk,,REP,Corey K Astill,37
Utah,25EM22,Utah County Clerk,,REP,Over Votes,0
Utah,25EM22,Utah County Clerk,,REP,Under Votes,3
Utah,25EM22,Utah County Commission Seat A,,REP,Brent V. Bowles,39
Utah,25EM22,Utah County Commission Seat A,,REP,Michelle Kaufusi,22
Utah,25EM22,Utah County Commission Seat A,,REP,Over Votes,0
Utah,25EM22,Utah County Commission Seat A,,REP,Under Votes,1
Utah,25EM22,Utah County Commission Seat B,,REP,Carolina Herrin,15
Utah,25EM22,Utah County Commission Seat B,,REP,David M. Spencer,22
Utah,25EM22,Utah County Commission Seat B,,REP,Isaac Paxman,24
Utah,25EM22,Utah County Commission Seat B,,REP,Over Votes,0
Utah,25EM22,Utah County Commission Seat B,,REP,Under Votes,1
Utah,25EM23,Ballots Cast,,,,65
Utah,25EM23,Ballots Cast,,REP,,65
Utah,25EM23,Ballots Cast Blank,,,,0
Utah,25EM23,Registered Voters,,,,497
Utah,25EM23,Registered Voters,,REP,,497
Utah,25EM23,Utah County Clerk,,REP,Aaron Davidson,17
Utah,25EM23,Utah County Clerk,,REP,Corey K Astill,48
Utah,25EM23,Utah County Clerk,,REP,Over Votes,0
Utah,25EM23,Utah County Clerk,,REP,Under Votes,0
Utah,25EM23,Utah County Commission Seat A,,REP,Brent V. Bowles,29
Utah,25EM23,Utah County Commission Seat A,,REP,Michelle Kaufusi,36
Utah,25EM23,Utah County Commission Seat A,,REP,Over Votes,0
Utah,25EM23,Utah County Commission Seat A,,REP,Under Votes,0
Utah,25EM23,Utah County Commission Seat B,,REP,Carolina Herrin,23
Utah,25EM23,Utah County Commission Seat B,,REP,David M. Spencer,18
Utah,25EM23,Utah County Commission Seat B,,REP,Isaac Paxman,23
Utah,25EM23,Utah County Commission Seat B,,REP,Over Votes,1
Utah,25EM23,Utah County Commission Seat B,,REP,Under Votes,0
Utah,25EM24,Ballots Cast,,,,55
Utah,25EM24,Ballots Cast,,REP,,55
Utah,25EM24,Ballots Cast Blank,,,,0
Utah,25EM24,Registered Voters,,,,437
Utah,25EM24,Registered Voters,,REP,,437
Utah,25EM24,Utah County Clerk,,REP,Aaron Davidson,24
Utah,25EM24,Utah County Clerk,,REP,Corey K Astill,31
Utah,25EM24,Utah County Clerk,,REP,Over Votes,0
Utah,25EM24,Utah County Clerk,,REP,Under Votes,0
Utah,25EM24,Utah County Commission Seat A,,REP,Brent V. Bowles,32
Utah,25EM24,Utah County Commission Seat A,,REP,Michelle Kaufusi,23
Utah,25EM24,Utah County Commission Seat A,,REP,Over Votes,0
Utah,25EM24,Utah County Commission Seat A,,REP,Under Votes,0
Utah,25EM24,Utah County Commission Seat B,,REP,Carolina Herrin,15
Utah,25EM24,Utah County Commission Seat B,,REP,David M. Spencer,29
Utah,25EM24,Utah County Commission Seat B,,REP,Isaac Paxman,11
Utah,25EM24,Utah County Commission Seat B,,REP,Over Votes,0
Utah,25EM24,Utah County Commission Seat B,,REP,Under Votes,0
Utah,25EM25,Ballots Cast,,,,51
Utah,25EM25,Ballots Cast,,REP,,51
Utah,25EM25,Ballots Cast Blank,,,,0
Utah,25EM25,Registered Voters,,,,335
Utah,25EM25,Registered Voters,,REP,,335
Utah,25EM25,Utah County Clerk,,REP,Aaron Davidson,28
Utah,25EM25,Utah County Clerk,,REP,Corey K Astill,23
Utah,25EM25,Utah County Clerk,,REP,Over Votes,0
Utah,25EM25,Utah County Clerk,,REP,Under Votes,0
Utah,25EM25,Utah County Commission Seat A,,REP,Brent V. Bowles,37
Utah,25EM25,Utah County Commission Seat A,,REP,Michelle Kaufusi,14
Utah,25EM25,Utah County Commission Seat A,,REP,Over Votes,0
Utah,25EM25,Utah County Commission Seat A,,REP,Under Votes,0
Utah,25EM25,Utah County Commission Seat B,,REP,Carolina Herrin,11
Utah,25EM25,Utah County Commission Seat B,,REP,David M. Spencer,29
Utah,25EM25,Utah County Commission Seat B,,REP,Isaac Paxman,10
Utah,25EM25,Utah County Commission Seat B,,REP,Over Votes,0
Utah,25EM25,Utah County Commission Seat B,,REP,Under Votes,1
Utah,25EM26,Ballots Cast,,,,83
Utah,25EM26,Ballots Cast,,REP,,83
Utah,25EM26,Ballots Cast Blank,,,,2
Utah,25EM26,Registered Voters,,,,697
Utah,25EM26,Registered Voters,,REP,,697
Utah,25EM26,Utah County Clerk,,REP,Aaron Davidson,31
Utah,25EM26,Utah County Clerk,,REP,Corey K Astill,49
Utah,25EM26,Utah County Clerk,,REP,Over Votes,0
Utah,25EM26,Utah County Clerk,,REP,Under Votes,3
Utah,25EM26,Utah County Commission Seat A,,REP,Brent V. Bowles,47
Utah,25EM26,Utah County Commission Seat A,,REP,Michelle Kaufusi,34
Utah,25EM26,Utah County Commission Seat A,,REP,Over Votes,0
Utah,25EM26,Utah County Commission Seat A,,REP,Under Votes,2
Utah,25EM26,Utah County Commission Seat B,,REP,Carolina Herrin,23
Utah,25EM26,Utah County Commission Seat B,,REP,David M. Spencer,31
Utah,25EM26,Utah County Commission Seat B,,REP,Isaac Paxman,27
Utah,25EM26,Utah County Commission Seat B,,REP,Over Votes,0
Utah,25EM26,Utah County Commission Seat B,,REP,Under Votes,2
Utah,25EM27,Ballots Cast,,,,71
Utah,25EM27,Ballots Cast,,REP,,71
Utah,25EM27,Ballots Cast Blank,,,,0
Utah,25EM27,Registered Voters,,,,455
Utah,25EM27,Registered Voters,,REP,,455
Utah,25EM27,Utah County Clerk,,REP,Aaron Davidson,25
Utah,25EM27,Utah County Clerk,,REP,Corey K Astill,46
Utah,25EM27,Utah County Clerk,,REP,Over Votes,0
Utah,25EM27,Utah County Clerk,,REP,Under Votes,0
Utah,25EM27,Utah County Commission Seat A,,REP,Brent V. Bowles,42
Utah,25EM27,Utah County Commission Seat A,,REP,Michelle Kaufusi,29
Utah,25EM27,Utah County Commission Seat A,,REP,Over Votes,0
Utah,25EM27,Utah County Commission Seat A,,REP,Under Votes,0
Utah,25EM27,Utah County Commission Seat B,,REP,Carolina Herrin,14
Utah,25EM27,Utah County Commission Seat B,,REP,David M. Spencer,40
Utah,25EM27,Utah County Commission Seat B,,REP,Isaac Paxman,17
Utah,25EM27,Utah County Commission Seat B,,REP,Over Votes,0
Utah,25EM27,Utah County Commission Seat B,,REP,Under Votes,0
Utah,25EM28,Ballots Cast,,,,66
Utah,25EM28,Ballots Cast,,REP,,66
Utah,25EM28,Ballots Cast Blank,,,,0
Utah,25EM28,Registered Voters,,,,439
Utah,25EM28,Registered Voters,,REP,,439
Utah,25EM28,Utah County Clerk,,REP,Aaron Davidson,26
Utah,25EM28,Utah County Clerk,,REP,Corey K Astill,40
Utah,25EM28,Utah County Clerk,,REP,Over Votes,0
Utah,25EM28,Utah County Clerk,,REP,Under Votes,0
Utah,25EM28,Utah County Commission Seat A,,REP,Brent V. Bowles,27
Utah,25EM28,Utah County Commission Seat A,,REP,Michelle Kaufusi,38
Utah,25EM28,Utah County Commission Seat A,,REP,Over Votes,0
Utah,25EM28,Utah County Commission Seat A,,REP,Under Votes,1
Utah,25EM28,Utah County Commission Seat B,,REP,Carolina Herrin,22
Utah,25EM28,Utah County Commission Seat B,,REP,David M. Spencer,30
Utah,25EM28,Utah County Commission Seat B,,REP,Isaac Paxman,14
Utah,25EM28,Utah County Commission Seat B,,REP,Over Votes,0
Utah,25EM28,Utah County Commission Seat B,,REP,Under Votes,0
Utah,25EM29,Ballots Cast,,,,47
Utah,25EM29,Ballots Cast,,REP,,47
Utah,25EM29,Ballots Cast Blank,,,,0
Utah,25EM29,Registered Voters,,,,460
Utah,25EM29,Registered Voters,,REP,,460
Utah,25EM29,Utah County Clerk,,REP,Aaron Davidson,23
Utah,25EM29,Utah County Clerk,,REP,Corey K Astill,24
Utah,25EM29,Utah County Clerk,,REP,Over Votes,0
Utah,25EM29,Utah County Clerk,,REP,Under Votes,0
Utah,25EM29,Utah County Commission Seat A,,REP,Brent V. Bowles,29
Utah,25EM29,Utah County Commission Seat A,,REP,Michelle Kaufusi,18
Utah,25EM29,Utah County Commission Seat A,,REP,Over Votes,0
Utah,25EM29,Utah County Commission Seat A,,REP,Under Votes,0
Utah,25EM29,Utah County Commission Seat B,,REP,Carolina Herrin,15
Utah,25EM29,Utah County Commission Seat B,,REP,David M. Spencer,30
Utah,25EM29,Utah County Commission Seat B,,REP,Isaac Paxman,2
Utah,25EM29,Utah County Commission Seat B,,REP,Over Votes,0
Utah,25EM29,Utah County Commission Seat B,,REP,Under Votes,0
Utah,25EM30,Ballots Cast,,,,44
Utah,25EM30,Ballots Cast,,REP,,44
Utah,25EM30,Ballots Cast Blank,,,,0
Utah,25EM30,Registered Voters,,,,298
Utah,25EM30,Registered Voters,,REP,,298
Utah,25EM30,Utah County Clerk,,REP,Aaron Davidson,22
Utah,25EM30,Utah County Clerk,,REP,Corey K Astill,22
Utah,25EM30,Utah County Clerk,,REP,Over Votes,0
Utah,25EM30,Utah County Clerk,,REP,Under Votes,0
Utah,25EM30,Utah County Commission Seat A,,REP,Brent V. Bowles,25
Utah,25EM30,Utah County Commission Seat A,,REP,Michelle Kaufusi,19
Utah,25EM30,Utah County Commission Seat A,,REP,Over Votes,0
Utah,25EM30,Utah County Commission Seat A,,REP,Under Votes,0
Utah,25EM30,Utah County Commission Seat B,,REP,Carolina Herrin,19
Utah,25EM30,Utah County Commission Seat B,,REP,David M. Spencer,21
Utah,25EM30,Utah County Commission Seat B,,REP,Isaac Paxman,4
Utah,25EM30,Utah County Commission Seat B,,REP,Over Votes,0
Utah,25EM30,Utah County Commission Seat B,,REP,Under Votes,0
Utah,25EM31,Ballots Cast,,,,63
Utah,25EM31,Ballots Cast,,REP,,63
Utah,25EM31,Ballots Cast Blank,,,,0
Utah,25EM31,Registered Voters,,,,381
Utah,25EM31,Registered Voters,,REP,,381
Utah,25EM31,Utah County Clerk,,REP,Aaron Davidson,28
Utah,25EM31,Utah County Clerk,,REP,Corey K Astill,35
Utah,25EM31,Utah County Clerk,,REP,Over Votes,0
Utah,25EM31,Utah County Clerk,,REP,Under Votes,0
Utah,25EM31,Utah County Commission Seat A,,REP,Brent V. Bowles,40
Utah,25EM31,Utah County Commission Seat A,,REP,Michelle Kaufusi,23
Utah,25EM31,Utah County Commission Seat A,,REP,Over Votes,0
Utah,25EM31,Utah County Commission Seat A,,REP,Under Votes,0
Utah,25EM31,Utah County Commission Seat B,,REP,Carolina Herrin,17
Utah,25EM31,Utah County Commission Seat B,,REP,David M. Spencer,30
Utah,25EM31,Utah County Commission Seat B,,REP,Isaac Paxman,16
Utah,25EM31,Utah County Commission Seat B,,REP,Over Votes,0
Utah,25EM31,Utah County Commission Seat B,,REP,Under Votes,0
Utah,25EM32,Ballots Cast,,,,96
Utah,25EM32,Ballots Cast,,REP,,96
Utah,25EM32,Ballots Cast Blank,,,,0
Utah,25EM32,Registered Voters,,,,837
Utah,25EM32,Registered Voters,,REP,,837
Utah,25EM32,Utah County Clerk,,REP,Aaron Davidson,36
Utah,25EM32,Utah County Clerk,,REP,Corey K Astill,58
Utah,25EM32,Utah County Clerk,,REP,Over Votes,0
Utah,25EM32,Utah County Clerk,,REP,Under Votes,2
Utah,25EM32,Utah County Commission Seat A,,REP,Brent V. Bowles,58
Utah,25EM32,Utah County Commission Seat A,,REP,Michelle Kaufusi,38
Utah,25EM32,Utah County Commission Seat A,,REP,Over Votes,0
Utah,25EM32,Utah County Commission Seat A,,REP,Under Votes,0
Utah,25EM32,Utah County Commission Seat B,,REP,Carolina Herrin,33
Utah,25EM32,Utah County Commission Seat B,,REP,David M. Spencer,32
Utah,25EM32,Utah County Commission Seat B,,REP,Isaac Paxman,31
Utah,25EM32,Utah County Commission Seat B,,REP,Over Votes,0
Utah,25EM32,Utah County Commission Seat B,,REP,Under Votes,0
Utah,25EM33,Ballots Cast,,,,77
Utah,25EM33,Ballots Cast,,REP,,77
Utah,25EM33,Ballots Cast Blank,,,,0
Utah,25EM33,Registered Voters,,,,605
Utah,25EM33,Registered Voters,,REP,,605
Utah,25EM33,Utah County Clerk,,REP,Aaron Davidson,35
Utah,25EM33,Utah County Clerk,,REP,Corey K Astill,42
Utah,25EM33,Utah County Clerk,,REP,Over Votes,0
Utah,25EM33,Utah County Clerk,,REP,Under Votes,0
Utah,25EM33,Utah County Commission Seat A,,REP,Brent V. Bowles,38
Utah,25EM33,Utah County Commission Seat A,,REP,Michelle Kaufusi,39
Utah,25EM33,Utah County Commission Seat A,,REP,Over Votes,0
Utah,25EM33,Utah County Commission Seat A,,REP,Under Votes,0
Utah,25EM33,Utah County Commission Seat B,,REP,Carolina Herrin,20
Utah,25EM33,Utah County Commission Seat B,,REP,David M. Spencer,36
Utah,25EM33,Utah County Commission Seat B,,REP,Isaac Paxman,21
Utah,25EM33,Utah County Commission Seat B,,REP,Over Votes,0
Utah,25EM33,Utah County Commission Seat B,,REP,Under Votes,0
Utah,25ER01,Ballots Cast,,,,233
Utah,25ER01,Ballots Cast,,REP,,233
Utah,25ER01,Ballots Cast Blank,,,,0
Utah,25ER01,Board Of Education District 14 (Multi-County),14,REP,Linda Hanks,144
Utah,25ER01,Board Of Education District 14 (Multi-County),14,REP,Nichole Beecher Isom,80
Utah,25ER01,Board Of Education District 14 (Multi-County),14,REP,Over Votes,0
Utah,25ER01,Board Of Education District 14 (Multi-County),14,REP,Under Votes,9
Utah,25ER01,Registered Voters,,,,840
Utah,25ER01,Registered Voters,,REP,,840
Utah,25ER01,U.S. House,3,REP,Celeste Maloy,159
Utah,25ER01,U.S. House,3,REP,Over Votes,0
Utah,25ER01,U.S. House,3,REP,Phil Lyman,71
Utah,25ER01,U.S. House,3,REP,Under Votes,3
Utah,25ER01,Utah County Clerk,,REP,Aaron Davidson,94
Utah,25ER01,Utah County Clerk,,REP,Corey K Astill,130
Utah,25ER01,Utah County Clerk,,REP,Over Votes,0
Utah,25ER01,Utah County Clerk,,REP,Under Votes,9
Utah,25ER01,Utah County Commission Seat A,,REP,Brent V. Bowles,113
Utah,25ER01,Utah County Commission Seat A,,REP,Michelle Kaufusi,116
Utah,25ER01,Utah County Commission Seat A,,REP,Over Votes,0
Utah,25ER01,Utah County Commission Seat A,,REP,Under Votes,4
Utah,25ER01,Utah County Commission Seat B,,REP,Carolina Herrin,55
Utah,25ER01,Utah County Commission Seat B,,REP,David M. Spencer,86
Utah,25ER01,Utah County Commission Seat B,,REP,Isaac Paxman,84
Utah,25ER01,Utah County Commission Seat B,,REP,Over Votes,0
Utah,25ER01,Utah County Commission Seat B,,REP,Under Votes,8
Utah,25ER02,Ballots Cast,,,,304
Utah,25ER02,Ballots Cast,,NP,,55
Utah,25ER02,Ballots Cast,,REP,,249
Utah,25ER02,Ballots Cast Blank,,,,0
Utah,25ER02,Board Of Education District 14 (Multi-County),14,REP,Linda Hanks,146
Utah,25ER02,Board Of Education District 14 (Multi-County),14,REP,Nichole Beecher Isom,80
Utah,25ER02,Board Of Education District 14 (Multi-County),14,REP,Over Votes,0
Utah,25ER02,Board Of Education District 14 (Multi-County),14,REP,Under Votes,23
Utah,25ER02,Nebo School District 4 Nebo,4,,Braden Jensen,40
Utah,25ER02,Nebo School District 4 Nebo,4,,Over Votes,0
Utah,25ER02,Nebo School District 4 Nebo,4,,Perry C. Ewell,198
Utah,25ER02,Nebo School District 4 Nebo,4,,Rick B. Ainge,59
Utah,25ER02,Nebo School District 4 Nebo,4,,Under Votes,7
Utah,25ER02,Registered Voters,,,,948
Utah,25ER02,Registered Voters,,NP,,308
Utah,25ER02,Registered Voters,,REP,,640
Utah,25ER02,U.S. House,3,REP,Celeste Maloy,145
Utah,25ER02,U.S. House,3,REP,Over Votes,0
Utah,25ER02,U.S. House,3,REP,Phil Lyman,93
Utah,25ER02,U.S. House,3,REP,Under Votes,11
Utah,25ER02,Utah County Clerk,,REP,Aaron Davidson,117
Utah,25ER02,Utah County Clerk,,REP,Corey K Astill,102
Utah,25ER02,Utah County Clerk,,REP,Over Votes,0
Utah,25ER02,Utah County Clerk,,REP,Under Votes,30
Utah,25ER02,Utah County Commission Seat A,,REP,Brent V. Bowles,99
Utah,25ER02,Utah County Commission Seat A,,REP,Michelle Kaufusi,137
Utah,25ER02,Utah County Commission Seat A,,REP,Over Votes,0
Utah,25ER02,Utah County Commission Seat A,,REP,Under Votes,13
Utah,25ER02,Utah County Commission Seat B,,REP,Carolina Herrin,56
Utah,25ER02,Utah County Commission Seat B,,REP,David M. Spencer,87
Utah,25ER02,Utah County Commission Seat B,,REP,Isaac Paxman,79
Utah,25ER02,Utah County Commission Seat B,,REP,Over Votes,0
Utah,25ER02,Utah County Commission Seat B,,REP,Under Votes,27
Utah,25ER03,Ballots Cast,,,,283
Utah,25ER03,Ballots Cast,,NP,,45
Utah,25ER03,Ballots Cast,,REP,,238
Utah,25ER03,Ballots Cast Blank,,,,1
Utah,25ER03,Board Of Education District 14 (Multi-County),14,REP,Linda Hanks,139
Utah,25ER03,Board Of Education District 14 (Multi-County),14,REP,Nichole Beecher Isom,85
Utah,25ER03,Board Of Education District 14 (Multi-County),14,REP,Over Votes,0
Utah,25ER03,Board Of Education District 14 (Multi-County),14,REP,Under Votes,14
Utah,25ER03,Nebo School District 4 Nebo,4,,Braden Jensen,59
Utah,25ER03,Nebo School District 4 Nebo,4,,Over Votes,0
Utah,25ER03,Nebo School District 4 Nebo,4,,Perry C. Ewell,130
Utah,25ER03,Nebo School District 4 Nebo,4,,Rick B. Ainge,81
Utah,25ER03,Nebo School District 4 Nebo,4,,Under Votes,13
Utah,25ER03,Registered Voters,,,,916
Utah,25ER03,Registered Voters,,NP,,275
Utah,25ER03,Registered Voters,,REP,,641
Utah,25ER03,U.S. House,3,REP,Celeste Maloy,148
Utah,25ER03,U.S. House,3,REP,Over Votes,0
Utah,25ER03,U.S. House,3,REP,Phil Lyman,87
Utah,25ER03,U.S. House,3,REP,Under Votes,3
Utah,25ER03,Utah County Clerk,,REP,Aaron Davidson,98
Utah,25ER03,Utah County Clerk,,REP,Corey K Astill,124
Utah,25ER03,Utah County Clerk,,REP,Over Votes,0
Utah,25ER03,Utah County Clerk,,REP,Under Votes,16
Utah,25ER03,Utah County Commission Seat A,,REP,Brent V. Bowles,97
Utah,25ER03,Utah County Commission Seat A,,REP,Michelle Kaufusi,135
Utah,25ER03,Utah County Commission Seat A,,REP,Over Votes,0
Utah,25ER03,Utah County Commission Seat A,,REP,Under Votes,6
Utah,25ER03,Utah County Commission Seat B,,REP,Carolina Herrin,46
Utah,25ER03,Utah County Commission Seat B,,REP,David M. Spencer,108
Utah,25ER03,Utah County Commission Seat B,,REP,Isaac Paxman,71
Utah,25ER03,Utah County Commission Seat B,,REP,Over Votes,0
Utah,25ER03,Utah County Commission Seat B,,REP,Under Votes,13
Utah,25FF01,Ballots Cast,,,,18
Utah,25FF01,Ballots Cast,,REP,,18
Utah,25FF01,Ballots Cast Blank,,,,0
Utah,25FF01,Registered Voters,,,,76
Utah,25FF01,Registered Voters,,REP,,76
Utah,25FF01,Utah County Clerk,,REP,Aaron Davidson,8
Utah,25FF01,Utah County Clerk,,REP,Corey K Astill,10
Utah,25FF01,Utah County Clerk,,REP,Over Votes,0
Utah,25FF01,Utah County Clerk,,REP,Under Votes,0
Utah,25FF01,Utah County Commission Seat A,,REP,Brent V. Bowles,13
Utah,25FF01,Utah County Commission Seat A,,REP,Michelle Kaufusi,5
Utah,25FF01,Utah County Commission Seat A,,REP,Over Votes,0
Utah,25FF01,Utah County Commission Seat A,,REP,Under Votes,0
Utah,25FF01,Utah County Commission Seat B,,REP,Carolina Herrin,9
Utah,25FF01,Utah County Commission Seat B,,REP,David M. Spencer,9
Utah,25FF01,Utah County Commission Seat B,,REP,Isaac Paxman,0
Utah,25FF01,Utah County Commission Seat B,,REP,Over Votes,0
Utah,25FF01,Utah County Commission Seat B,,REP,Under Votes,0
Utah,25GE01,Ballots Cast,,,,135
Utah,25GE01,Ballots Cast,,REP,,135
Utah,25GE01,Ballots Cast Blank,,,,1
Utah,25GE01,Board Of Education District 14 (Multi-County),14,REP,Linda Hanks,91
Utah,25GE01,Board Of Education District 14 (Multi-County),14,REP,Nichole Beecher Isom,39
Utah,25GE01,Board Of Education District 14 (Multi-County),14,REP,Over Votes,0
Utah,25GE01,Board Of Education District 14 (Multi-County),14,REP,Under Votes,5
Utah,25GE01,Registered Voters,,,,572
Utah,25GE01,Registered Voters,,REP,,572
Utah,25GE01,Utah County Clerk,,REP,Aaron Davidson,83
Utah,25GE01,Utah County Clerk,,REP,Corey K Astill,48
Utah,25GE01,Utah County Clerk,,REP,Over Votes,0
Utah,25GE01,Utah County Clerk,,REP,Under Votes,4
Utah,25GE01,Utah County Commission Seat A,,REP,Brent V. Bowles,84
Utah,25GE01,Utah County Commission Seat A,,REP,Michelle Kaufusi,49
Utah,25GE01,Utah County Commission Seat A,,REP,Over Votes,0
Utah,25GE01,Utah County Commission Seat A,,REP,Under Votes,2
Utah,25GE01,Utah County Commission Seat B,,REP,Carolina Herrin,32
Utah,25GE01,Utah County Commission Seat B,,REP,David M. Spencer,66
Utah,25GE01,Utah County Commission Seat B,,REP,Isaac Paxman,34
Utah,25GE01,Utah County Commission Seat B,,REP,Over Votes,0
Utah,25GE01,Utah County Commission Seat B,,REP,Under Votes,3
Utah,25GE02,Ballots Cast,,,,29
Utah,25GE02,Ballots Cast,,REP,,29
Utah,25GE02,Ballots Cast Blank,,,,0
Utah,25GE02,Board Of Education District 14 (Multi-County),14,REP,Linda Hanks,17
Utah,25GE02,Board Of Education District 14 (Multi-County),14,REP,Nichole Beecher Isom,10
Utah,25GE02,Board Of Education District 14 (Multi-County),14,REP,Over Votes,0
Utah,25GE02,Board Of Education District 14 (Multi-County),14,REP,Under Votes,2
Utah,25GE02,Registered Voters,,,,210
Utah,25GE02,Registered Voters,,REP,,210
Utah,25GE02,Utah County Clerk,,REP,Aaron Davidson,12
Utah,25GE02,Utah County Clerk,,REP,Corey K Astill,15
Utah,25GE02,Utah County Clerk,,REP,Over Votes,0
Utah,25GE02,Utah County Clerk,,REP,Under Votes,2
Utah,25GE02,Utah County Commission Seat A,,REP,Brent V. Bowles,19
Utah,25GE02,Utah County Commission Seat A,,REP,Michelle Kaufusi,10
Utah,25GE02,Utah County Commission Seat A,,REP,Over Votes,0
Utah,25GE02,Utah County Commission Seat A,,REP,Under Votes,0
Utah,25GE02,Utah County Commission Seat B,,REP,Carolina Herrin,5
Utah,25GE02,Utah County Commission Seat B,,REP,David M. Spencer,21
Utah,25GE02,Utah County Commission Seat B,,REP,Isaac Paxman,3
Utah,25GE02,Utah County Commission Seat B,,REP,Over Votes,0
Utah,25GE02,Utah County Commission Seat B,,REP,Under Votes,0
Utah,25GO01,Ballots Cast,,,,42
Utah,25GO01,Ballots Cast,,REP,,42
Utah,25GO01,Ballots Cast Blank,,,,0
Utah,25GO01,Board Of Education District 14 (Multi-County),14,REP,Linda Hanks,33
Utah,25GO01,Board Of Education District 14 (Multi-County),14,REP,Nichole Beecher Isom,9
Utah,25GO01,Board Of Education District 14 (Multi-County),14,REP,Over Votes,0
Utah,25GO01,Board Of Education District 14 (Multi-County),14,REP,Under Votes,0
Utah,25GO01,Registered Voters,,,,264
Utah,25GO01,Registered Voters,,REP,,264
Utah,25GO01,Utah County Clerk,,REP,Aaron Davidson,16
Utah,25GO01,Utah County Clerk,,REP,Corey K Astill,26
Utah,25GO01,Utah County Clerk,,REP,Over Votes,0
Utah,25GO01,Utah County Clerk,,REP,Under Votes,0
Utah,25GO01,Utah County Commission Seat A,,REP,Brent V. Bowles,20
Utah,25GO01,Utah County Commission Seat A,,REP,Michelle Kaufusi,22
Utah,25GO01,Utah County Commission Seat A,,REP,Over Votes,0
Utah,25GO01,Utah County Commission Seat A,,REP,Under Votes,0
Utah,25GO01,Utah County Commission Seat B,,REP,Carolina Herrin,16
Utah,25GO01,Utah County Commission Seat B,,REP,David M. Spencer,16
Utah,25GO01,Utah County Commission Seat B,,REP,Isaac Paxman,10
Utah,25GO01,Utah County Commission Seat B,,REP,Over Votes,0
Utah,25GO01,Utah County Commission Seat B,,REP,Under Votes,0
Utah,25HI01,Ballots Cast,,,,184
Utah,25HI01,Ballots Cast,,REP,,184
Utah,25HI01,Ballots Cast Blank,,,,0
Utah,25HI01,Board Of Education District 11 (Multi-County),11,REP,Over Votes,0
Utah,25HI01,Board Of Education District 11 (Multi-County),11,REP,Terry L. Hutchinson,98
Utah,25HI01,Board Of Education District 11 (Multi-County),11,REP,Tracy J. Nuttall,78
Utah,25HI01,Board Of Education District 11 (Multi-County),11,REP,Under Votes,8
Utah,25HI01,Registered Voters,,,,869
Utah,25HI01,Registered Voters,,REP,,869
Utah,25HI01,Utah County Clerk,,REP,Aaron Davidson,101
Utah,25HI01,Utah County Clerk,,REP,Corey K Astill,72
Utah,25HI01,Utah County Clerk,,REP,Over Votes,0
Utah,25HI01,Utah County Clerk,,REP,Under Votes,11
Utah,25HI01,Utah County Commission Seat A,,REP,Brent V. Bowles,106
Utah,25HI01,Utah County Commission Seat A,,REP,Michelle Kaufusi,78
Utah,25HI01,Utah County Commission Seat A,,REP,Over Votes,0
Utah,25HI01,Utah County Commission Seat A,,REP,Under Votes,0
Utah,25HI01,Utah County Commission Seat B,,REP,Carolina Herrin,37
Utah,25HI01,Utah County Commission Seat B,,REP,David M. Spencer,98
Utah,25HI01,Utah County Commission Seat B,,REP,Isaac Paxman,40
Utah,25HI01,Utah County Commission Seat B,,REP,Over Votes,0
Utah,25HI01,Utah County Commission Seat B,,REP,Under Votes,9
Utah,25HI02,Ballots Cast,,,,195
Utah,25HI02,Ballots Cast,,REP,,195
Utah,25HI02,Ballots Cast Blank,,,,1
Utah,25HI02,Board Of Education District 11 (Multi-County),11,REP,Over Votes,0
Utah,25HI02,Board Of Education District 11 (Multi-County),11,REP,Terry L. Hutchinson,109
Utah,25HI02,Board Of Education District 11 (Multi-County),11,REP,Tracy J. Nuttall,84
Utah,25HI02,Board Of Education District 11 (Multi-County),11,REP,Under Votes,2
Utah,25HI02,Registered Voters,,,,870
Utah,25HI02,Registered Voters,,REP,,870
Utah,25HI02,Utah County Clerk,,REP,Aaron Davidson,83
Utah,25HI02,Utah County Clerk,,REP,Corey K Astill,106
Utah,25HI02,Utah County Clerk,,REP,Over Votes,0
Utah,25HI02,Utah County Clerk,,REP,Under Votes,6
Utah,25HI02,Utah County Commission Seat A,,REP,Brent V. Bowles,119
Utah,25HI02,Utah County Commission Seat A,,REP,Michelle Kaufusi,75
Utah,25HI02,Utah County Commission Seat A,,REP,Over Votes,0
Utah,25HI02,Utah County Commission Seat A,,REP,Under Votes,1
Utah,25HI02,Utah County Commission Seat B,,REP,Carolina Herrin,58
Utah,25HI02,Utah County Commission Seat B,,REP,David M. Spencer,79
Utah,25HI02,Utah County Commission Seat B,,REP,Isaac Paxman,55
Utah,25HI02,Utah County Commission Seat B,,REP,Over Votes,0
Utah,25HI02,Utah County Commission Seat B,,REP,Under Votes,3
Utah,25HI03,Ballots Cast,,,,138
Utah,25HI03,Ballots Cast,,REP,,138
Utah,25HI03,Ballots Cast Blank,,,,0
Utah,25HI03,Board Of Education District 11 (Multi-County),11,REP,Over Votes,0
Utah,25HI03,Board Of Education District 11 (Multi-County),11,REP,Terry L. Hutchinson,82
Utah,25HI03,Board Of Education District 11 (Multi-County),11,REP,Tracy J. Nuttall,51
Utah,25HI03,Board Of Education District 11 (Multi-County),11,REP,Under Votes,5
Utah,25HI03,Registered Voters,,,,509
Utah,25HI03,Registered Voters,,REP,,509
Utah,25HI03,Utah County Clerk,,REP,Aaron Davidson,84
Utah,25HI03,Utah County Clerk,,REP,Corey K Astill,47
Utah,25HI03,Utah County Clerk,,REP,Over Votes,0
Utah,25HI03,Utah County Clerk,,REP,Under Votes,7
Utah,25HI03,Utah County Commission Seat A,,REP,Brent V. Bowles,84
Utah,25HI03,Utah County Commission Seat A,,REP,Michelle Kaufusi,54
Utah,25HI03,Utah County Commission Seat A,,REP,Over Votes,0
Utah,25HI03,Utah County Commission Seat A,,REP,Under Votes,0
Utah,25HI03,Utah County Commission Seat B,,REP,Carolina Herrin,28
Utah,25HI03,Utah County Commission Seat B,,REP,David M. Spencer,75
Utah,25HI03,Utah County Commission Seat B,,REP,Isaac Paxman,29
Utah,25HI03,Utah County Commission Seat B,,REP,Over Votes,0
Utah,25HI03,Utah County Commission Seat B,,REP,Under Votes,6
Utah,25HI04,Ballots Cast,,,,225
Utah,25HI04,Ballots Cast,,REP,,225
Utah,25HI04,Ballots Cast Blank,,,,0
Utah,25HI04,Board Of Education District 11 (Multi-County),11,REP,Over Votes,0
Utah,25HI04,Board Of Education District 11 (Multi-County),11,REP,Terry L. Hutchinson,137
Utah,25HI04,Board Of Education District 11 (Multi-County),11,REP,Tracy J. Nuttall,84
Utah,25HI04,Board Of Education District 11 (Multi-County),11,REP,Under Votes,4
Utah,25HI04,Registered Voters,,,,664
Utah,25HI04,Registered Voters,,REP,,664
Utah,25HI04,Utah County Clerk,,REP,Aaron Davidson,140
Utah,25HI04,Utah County Clerk,,REP,Corey K Astill,76
Utah,25HI04,Utah County Clerk,,REP,Over Votes,0
Utah,25HI04,Utah County Clerk,,REP,Under Votes,9
Utah,25HI04,Utah County Commission Seat A,,REP,Brent V. Bowles,145
Utah,25HI04,Utah County Commission Seat A,,REP,Michelle Kaufusi,79
Utah,25HI04,Utah County Commission Seat A,,REP,Over Votes,0
Utah,25HI04,Utah County Commission Seat A,,REP,Under Votes,1
Utah,25HI04,Utah County Commission Seat B,,REP,Carolina Herrin,34
Utah,25HI04,Utah County Commission Seat B,,REP,David M. Spencer,129
Utah,25HI04,Utah County Commission Seat B,,REP,Isaac Paxman,59
Utah,25HI04,Utah County Commission Seat B,,REP,Over Votes,0
Utah,25HI04,Utah County Commission Seat B,,REP,Under Votes,3
Utah,25HI05,Ballots Cast,,,,274
Utah,25HI05,Ballots Cast,,REP,,274
Utah,25HI05,Ballots Cast Blank,,,,0
Utah,25HI05,Board Of Education District 11 (Multi-County),11,REP,Over Votes,0
Utah,25HI05,Board Of Education District 11 (Multi-County),11,REP,Terry L. Hutchinson,144
Utah,25HI05,Board Of Education District 11 (Multi-County),11,REP,Tracy J. Nuttall,116
Utah,25HI05,Board Of Education District 11 (Multi-County),11,REP,Under Votes,14
Utah,25HI05,Registered Voters,,,,654
Utah,25HI05,Registered Voters,,REP,,654
Utah,25HI05,Senate,21,REP,Brady Brammer,199
Utah,25HI05,Senate,21,REP,Kelly Smith,75
Utah,25HI05,Senate,21,REP,Over Votes,0
Utah,25HI05,Senate,21,REP,Under Votes,0
Utah,25HI05,Utah County Clerk,,REP,Aaron Davidson,150
Utah,25HI05,Utah County Clerk,,REP,Corey K Astill,105
Utah,25HI05,Utah County Clerk,,REP,Over Votes,0
Utah,25HI05,Utah County Clerk,,REP,Under Votes,19
Utah,25HI05,Utah County Commission Seat A,,REP,Brent V. Bowles,134
Utah,25HI05,Utah County Commission Seat A,,REP,Michelle Kaufusi,132
Utah,25HI05,Utah County Commission Seat A,,REP,Over Votes,0
Utah,25HI05,Utah County Commission Seat A,,REP,Under Votes,8
Utah,25HI05,Utah County Commission Seat B,,REP,Carolina Herrin,63
Utah,25HI05,Utah County Commission Seat B,,REP,David M. Spencer,123
Utah,25HI05,Utah County Commission Seat B,,REP,Isaac Paxman,72
Utah,25HI05,Utah County Commission Seat B,,REP,Over Votes,0
Utah,25HI05,Utah County Commission Seat B,,REP,Under Votes,16
Utah,25HI06,Ballots Cast,,,,292
Utah,25HI06,Ballots Cast,,REP,,292
Utah,25HI06,Ballots Cast Blank,,,,0
Utah,25HI06,Board Of Education District 11 (Multi-County),11,REP,Over Votes,0
Utah,25HI06,Board Of Education District 11 (Multi-County),11,REP,Terry L. Hutchinson,146
Utah,25HI06,Board Of Education District 11 (Multi-County),11,REP,Tracy J. Nuttall,131
Utah,25HI06,Board Of Education District 11 (Multi-County),11,REP,Under Votes,15
Utah,25HI06,Registered Voters,,,,829
Utah,25HI06,Registered Voters,,REP,,829
Utah,25HI06,Senate,21,REP,Brady Brammer,197
Utah,25HI06,Senate,21,REP,Kelly Smith,93
Utah,25HI06,Senate,21,REP,Over Votes,0
Utah,25HI06,Senate,21,REP,Under Votes,2
Utah,25HI06,Utah County Clerk,,REP,Aaron Davidson,156
Utah,25HI06,Utah County Clerk,,REP,Corey K Astill,117
Utah,25HI06,Utah County Clerk,,REP,Over Votes,0
Utah,25HI06,Utah County Clerk,,REP,Under Votes,19
Utah,25HI06,Utah County Commission Seat A,,REP,Brent V. Bowles,141
Utah,25HI06,Utah County Commission Seat A,,REP,Michelle Kaufusi,143
Utah,25HI06,Utah County Commission Seat A,,REP,Over Votes,0
Utah,25HI06,Utah County Commission Seat A,,REP,Under Votes,8
Utah,25HI06,Utah County Commission Seat B,,REP,Carolina Herrin,66
Utah,25HI06,Utah County Commission Seat B,,REP,David M. Spencer,115
Utah,25HI06,Utah County Commission Seat B,,REP,Isaac Paxman,92
Utah,25HI06,Utah County Commission Seat B,,REP,Over Votes,0
Utah,25HI06,Utah County Commission Seat B,,REP,Under Votes,19
Utah,25HI07,Ballots Cast,,,,171
Utah,25HI07,Ballots Cast,,REP,,171
Utah,25HI07,Ballots Cast Blank,,,,0
Utah,25HI07,Board Of Education District 11 (Multi-County),11,REP,Over Votes,0
Utah,25HI07,Board Of Education District 11 (Multi-County),11,REP,Terry L. Hutchinson,95
Utah,25HI07,Board Of Education District 11 (Multi-County),11,REP,Tracy J. Nuttall,73
Utah,25HI07,Board Of Education District 11 (Multi-County),11,REP,Under Votes,3
Utah,25HI07,Registered Voters,,,,510
Utah,25HI07,Registered Voters,,REP,,510
Utah,25HI07,Senate,21,REP,Brady Brammer,122
Utah,25HI07,Senate,21,REP,Kelly Smith,48
Utah,25HI07,Senate,21,REP,Over Votes,0
Utah,25HI07,Senate,21,REP,Under Votes,1
Utah,25HI07,Utah County Clerk,,REP,Aaron Davidson,93
Utah,25HI07,Utah County Clerk,,REP,Corey K Astill,73
Utah,25HI07,Utah County Clerk,,REP,Over Votes,0
Utah,25HI07,Utah County Clerk,,REP,Under Votes,5
Utah,25HI07,Utah County Commission Seat A,,REP,Brent V. Bowles,94
Utah,25HI07,Utah County Commission Seat A,,REP,Michelle Kaufusi,75
Utah,25HI07,Utah County Commission Seat A,,REP,Over Votes,0
Utah,25HI07,Utah County Commission Seat A,,REP,Under Votes,2
Utah,25HI07,Utah County Commission Seat B,,REP,Carolina Herrin,37
Utah,25HI07,Utah County Commission Seat B,,REP,David M. Spencer,75
Utah,25HI07,Utah County Commission Seat B,,REP,Isaac Paxman,57
Utah,25HI07,Utah County Commission Seat B,,REP,Over Votes,0
Utah,25HI07,Utah County Commission Seat B,,REP,Under Votes,2
Utah,25HI08,Ballots Cast,,,,135
Utah,25HI08,Ballots Cast,,REP,,135
Utah,25HI08,Ballots Cast Blank,,,,0
Utah,25HI08,Board Of Education District 11 (Multi-County),11,REP,Over Votes,0
Utah,25HI08,Board Of Education District 11 (Multi-County),11,REP,Terry L. Hutchinson,85
Utah,25HI08,Board Of Education District 11 (Multi-County),11,REP,Tracy J. Nuttall,48
Utah,25HI08,Board Of Education District 11 (Multi-County),11,REP,Under Votes,2
Utah,25HI08,Registered Voters,,,,413
Utah,25HI08,Registered Voters,,REP,,413
Utah,25HI08,Senate,21,REP,Brady Brammer,90
Utah,25HI08,Senate,21,REP,Kelly Smith,44
Utah,25HI08,Senate,21,REP,Over Votes,0
Utah,25HI08,Senate,21,REP,Under Votes,1
Utah,25HI08,Utah County Clerk,,REP,Aaron Davidson,62
Utah,25HI08,Utah County Clerk,,REP,Corey K Astill,70
Utah,25HI08,Utah County Clerk,,REP,Over Votes,0
Utah,25HI08,Utah County Clerk,,REP,Under Votes,3
Utah,25HI08,Utah County Commission Seat A,,REP,Brent V. Bowles,69
Utah,25HI08,Utah County Commission Seat A,,REP,Michelle Kaufusi,65
Utah,25HI08,Utah County Commission Seat A,,REP,Over Votes,0
Utah,25HI08,Utah County Commission Seat A,,REP,Under Votes,1
Utah,25HI08,Utah County Commission Seat B,,REP,Carolina Herrin,26
Utah,25HI08,Utah County Commission Seat B,,REP,David M. Spencer,64
Utah,25HI08,Utah County Commission Seat B,,REP,Isaac Paxman,43
Utah,25HI08,Utah County Commission Seat B,,REP,Over Votes,0
Utah,25HI08,Utah County Commission Seat B,,REP,Under Votes,2
Utah,25HI09,Ballots Cast,,,,168
Utah,25HI09,Ballots Cast,,REP,,168
Utah,25HI09,Ballots Cast Blank,,,,1
Utah,25HI09,Board Of Education District 11 (Multi-County),11,REP,Over Votes,0
Utah,25HI09,Board Of Education District 11 (Multi-County),11,REP,Terry L. Hutchinson,100
Utah,25HI09,Board Of Education District 11 (Multi-County),11,REP,Tracy J. Nuttall,67
Utah,25HI09,Board Of Education District 11 (Multi-County),11,REP,Under Votes,1
Utah,25HI09,Registered Voters,,,,491
Utah,25HI09,Registered Voters,,REP,,491
Utah,25HI09,Senate,21,REP,Brady Brammer,110
Utah,25HI09,Senate,21,REP,Kelly Smith,57
Utah,25HI09,Senate,21,REP,Over Votes,0
Utah,25HI09,Senate,21,REP,Under Votes,1
Utah,25HI09,Utah County Clerk,,REP,Aaron Davidson,82
Utah,25HI09,Utah County Clerk,,REP,Corey K Astill,83
Utah,25HI09,Utah County Clerk,,REP,Over Votes,0
Utah,25HI09,Utah County Clerk,,REP,Under Votes,3
Utah,25HI09,Utah County Commission Seat A,,REP,Brent V. Bowles,100
Utah,25HI09,Utah County Commission Seat A,,REP,Michelle Kaufusi,66
Utah,25HI09,Utah County Commission Seat A,,REP,Over Votes,0
Utah,25HI09,Utah County Commission Seat A,,REP,Under Votes,2
Utah,25HI09,Utah County Commission Seat B,,REP,Carolina Herrin,27
Utah,25HI09,Utah County Commission Seat B,,REP,David M. Spencer,88
Utah,25HI09,Utah County Commission Seat B,,REP,Isaac Paxman,51
Utah,25HI09,Utah County Commission Seat B,,REP,Over Votes,0
Utah,25HI09,Utah County Commission Seat B,,REP,Under Votes,2
Utah,25HI10,Ballots Cast,,,,183
Utah,25HI10,Ballots Cast,,REP,,183
Utah,25HI10,Ballots Cast Blank,,,,0
Utah,25HI10,Board Of Education District 11 (Multi-County),11,REP,Over Votes,0
Utah,25HI10,Board Of Education District 11 (Multi-County),11,REP,Terry L. Hutchinson,97
Utah,25HI10,Board Of Education District 11 (Multi-County),11,REP,Tracy J. Nuttall,83
Utah,25HI10,Board Of Education District 11 (Multi-County),11,REP,Under Votes,3
Utah,25HI10,Registered Voters,,,,673
Utah,25HI10,Registered Voters,,REP,,673
Utah,25HI10,Senate,21,REP,Brady Brammer,112
Utah,25HI10,Senate,21,REP,Kelly Smith,71
Utah,25HI10,Senate,21,REP,Over Votes,0
Utah,25HI10,Senate,21,REP,Under Votes,0
Utah,25HI10,Utah County Clerk,,REP,Aaron Davidson,90
Utah,25HI10,Utah County Clerk,,REP,Corey K Astill,86
Utah,25HI10,Utah County Clerk,,REP,Over Votes,0
Utah,25HI10,Utah County Clerk,,REP,Under Votes,7
Utah,25HI10,Utah County Commission Seat A,,REP,Brent V. Bowles,108
Utah,25HI10,Utah County Commission Seat A,,REP,Michelle Kaufusi,72
Utah,25HI10,Utah County Commission Seat A,,REP,Over Votes,0
Utah,25HI10,Utah County Commission Seat A,,REP,Under Votes,3
Utah,25HI10,Utah County Commission Seat B,,REP,Carolina Herrin,32
Utah,25HI10,Utah County Commission Seat B,,REP,David M. Spencer,79
Utah,25HI10,Utah County Commission Seat B,,REP,Isaac Paxman,67
Utah,25HI10,Utah County Commission Seat B,,REP,Over Votes,0
Utah,25HI10,Utah County Commission Seat B,,REP,Under Votes,5
Utah,25HI11,Ballots Cast,,,,252
Utah,25HI11,Ballots Cast,,REP,,252
Utah,25HI11,Ballots Cast Blank,,,,0
Utah,25HI11,Board Of Education District 11 (Multi-County),11,REP,Over Votes,0
Utah,25HI11,Board Of Education District 11 (Multi-County),11,REP,Terry L. Hutchinson,137
Utah,25HI11,Board Of Education District 11 (Multi-County),11,REP,Tracy J. Nuttall,110
Utah,25HI11,Board Of Education District 11 (Multi-County),11,REP,Under Votes,5
Utah,25HI11,Registered Voters,,,,807
Utah,25HI11,Registered Voters,,REP,,807
Utah,25HI11,Senate,21,REP,Brady Brammer,130
Utah,25HI11,Senate,21,REP,Kelly Smith,121
Utah,25HI11,Senate,21,REP,Over Votes,0
Utah,25HI11,Senate,21,REP,Under Votes,1
Utah,25HI11,Utah County Clerk,,REP,Aaron Davidson,98
Utah,25HI11,Utah County Clerk,,REP,Corey K Astill,140
Utah,25HI11,Utah County Clerk,,REP,Over Votes,0
Utah,25HI11,Utah County Clerk,,REP,Under Votes,14
Utah,25HI11,Utah County Commission Seat A,,REP,Brent V. Bowles,119
Utah,25HI11,Utah County Commission Seat A,,REP,Michelle Kaufusi,127
Utah,25HI11,Utah County Commission Seat A,,REP,Over Votes,0
Utah,25HI11,Utah County Commission Seat A,,REP,Under Votes,6
Utah,25HI11,Utah County Commission Seat B,,REP,Carolina Herrin,38
Utah,25HI11,Utah County Commission Seat B,,REP,David M. Spencer,111
Utah,25HI11,Utah County Commission Seat B,,REP,Isaac Paxman,92
Utah,25HI11,Utah County Commission Seat B,,REP,Over Votes,0
Utah,25HI11,Utah County Commission Seat B,,REP,Under Votes,11
Utah,25HI12,Ballots Cast,,,,212
Utah,25HI12,Ballots Cast,,REP,,212
Utah,25HI12,Ballots Cast Blank,,,,0
Utah,25HI12,Board Of Education District 11 (Multi-County),11,REP,Over Votes,0
Utah,25HI12,Board Of Education District 11 (Multi-County),11,REP,Terry L. Hutchinson,118
Utah,25HI12,Board Of Education District 11 (Multi-County),11,REP,Tracy J. Nuttall,88
Utah,25HI12,Board Of Education District 11 (Multi-County),11,REP,Under Votes,6
Utah,25HI12,Registered Voters,,,,677
Utah,25HI12,Registered Voters,,REP,,677
Utah,25HI12,Senate,21,REP,Brady Brammer,140
Utah,25HI12,Senate,21,REP,Kelly Smith,68
Utah,25HI12,Senate,21,REP,Over Votes,0
Utah,25HI12,Senate,21,REP,Under Votes,4
Utah,25HI12,Utah County Clerk,,REP,Aaron Davidson,105
Utah,25HI12,Utah County Clerk,,REP,Corey K Astill,100
Utah,25HI12,Utah County Clerk,,REP,Over Votes,0
Utah,25HI12,Utah County Clerk,,REP,Under Votes,7
Utah,25HI12,Utah County Commission Seat A,,REP,Brent V. Bowles,109
Utah,25HI12,Utah County Commission Seat A,,REP,Michelle Kaufusi,99
Utah,25HI12,Utah County Commission Seat A,,REP,Over Votes,0
Utah,25HI12,Utah County Commission Seat A,,REP,Under Votes,4
Utah,25HI12,Utah County Commission Seat B,,REP,Carolina Herrin,28
Utah,25HI12,Utah County Commission Seat B,,REP,David M. Spencer,99
Utah,25HI12,Utah County Commission Seat B,,REP,Isaac Paxman,79
Utah,25HI12,Utah County Commission Seat B,,REP,Over Votes,0
Utah,25HI12,Utah County Commission Seat B,,REP,Under Votes,6
Utah,25HI13,Ballots Cast,,,,164
Utah,25HI13,Ballots Cast,,REP,,164
Utah,25HI13,Ballots Cast Blank,,,,0
Utah,25HI13,Board Of Education District 11 (Multi-County),11,REP,Over Votes,0
Utah,25HI13,Board Of Education District 11 (Multi-County),11,REP,Terry L. Hutchinson,83
Utah,25HI13,Board Of Education District 11 (Multi-County),11,REP,Tracy J. Nuttall,78
Utah,25HI13,Board Of Education District 11 (Multi-County),11,REP,Under Votes,3
Utah,25HI13,Registered Voters,,,,600
Utah,25HI13,Registered Voters,,REP,,600
Utah,25HI13,Senate,21,REP,Brady Brammer,86
Utah,25HI13,Senate,21,REP,Kelly Smith,76
Utah,25HI13,Senate,21,REP,Over Votes,0
Utah,25HI13,Senate,21,REP,Under Votes,2
Utah,25HI13,Utah County Clerk,,REP,Aaron Davidson,66
Utah,25HI13,Utah County Clerk,,REP,Corey K Astill,90
Utah,25HI13,Utah County Clerk,,REP,Over Votes,0
Utah,25HI13,Utah County Clerk,,REP,Under Votes,8
Utah,25HI13,Utah County Commission Seat A,,REP,Brent V. Bowles,86
Utah,25HI13,Utah County Commission Seat A,,REP,Michelle Kaufusi,78
Utah,25HI13,Utah County Commission Seat A,,REP,Over Votes,0
Utah,25HI13,Utah County Commission Seat A,,REP,Under Votes,0
Utah,25HI13,Utah County Commission Seat B,,REP,Carolina Herrin,27
Utah,25HI13,Utah County Commission Seat B,,REP,David M. Spencer,83
Utah,25HI13,Utah County Commission Seat B,,REP,Isaac Paxman,50
Utah,25HI13,Utah County Commission Seat B,,REP,Over Votes,0
Utah,25HI13,Utah County Commission Seat B,,REP,Under Votes,4
Utah,25HI14,Ballots Cast,,,,164
Utah,25HI14,Ballots Cast,,REP,,164
Utah,25HI14,Ballots Cast Blank,,,,0
Utah,25HI14,Board Of Education District 11 (Multi-County),11,REP,Over Votes,0
Utah,25HI14,Board Of Education District 11 (Multi-County),11,REP,Terry L. Hutchinson,76
Utah,25HI14,Board Of Education District 11 (Multi-County),11,REP,Tracy J. Nuttall,86
Utah,25HI14,Board Of Education District 11 (Multi-County),11,REP,Under Votes,2
Utah,25HI14,Registered Voters,,,,512
Utah,25HI14,Registered Voters,,REP,,512
Utah,25HI14,Senate,21,REP,Brady Brammer,89
Utah,25HI14,Senate,21,REP,Kelly Smith,74
Utah,25HI14,Senate,21,REP,Over Votes,0
Utah,25HI14,Senate,21,REP,Under Votes,1
Utah,25HI14,Utah County Clerk,,REP,Aaron Davidson,77
Utah,25HI14,Utah County Clerk,,REP,Corey K Astill,86
Utah,25HI14,Utah County Clerk,,REP,Over Votes,0
Utah,25HI14,Utah County Clerk,,REP,Under Votes,1
Utah,25HI14,Utah County Commission Seat A,,REP,Brent V. Bowles,80
Utah,25HI14,Utah County Commission Seat A,,REP,Michelle Kaufusi,82
Utah,25HI14,Utah County Commission Seat A,,REP,Over Votes,0
Utah,25HI14,Utah County Commission Seat A,,REP,Under Votes,2
Utah,25HI14,Utah County Commission Seat B,,REP,Carolina Herrin,32
Utah,25HI14,Utah County Commission Seat B,,REP,David M. Spencer,76
Utah,25HI14,Utah County Commission Seat B,,REP,Isaac Paxman,55
Utah,25HI14,Utah County Commission Seat B,,REP,Over Votes,0
Utah,25HI14,Utah County Commission Seat B,,REP,Under Votes,1
Utah,25HI15,Ballots Cast,,,,118
Utah,25HI15,Ballots Cast,,REP,,118
Utah,25HI15,Ballots Cast Blank,,,,0
Utah,25HI15,Board Of Education District 11 (Multi-County),11,REP,Over Votes,0
Utah,25HI15,Board Of Education District 11 (Multi-County),11,REP,Terry L. Hutchinson,68
Utah,25HI15,Board Of Education District 11 (Multi-County),11,REP,Tracy J. Nuttall,47
Utah,25HI15,Board Of Education District 11 (Multi-County),11,REP,Under Votes,3
Utah,25HI15,Registered Voters,,,,416
Utah,25HI15,Registered Voters,,REP,,416
Utah,25HI15,Senate,21,REP,Brady Brammer,81
Utah,25HI15,Senate,21,REP,Kelly Smith,35
Utah,25HI15,Senate,21,REP,Over Votes,0
Utah,25HI15,Senate,21,REP,Under Votes,2
Utah,25HI15,Utah County Clerk,,REP,Aaron Davidson,43
Utah,25HI15,Utah County Clerk,,REP,Corey K Astill,69
Utah,25HI15,Utah County Clerk,,REP,Over Votes,0
Utah,25HI15,Utah County Clerk,,REP,Under Votes,6
Utah,25HI15,Utah County Commission Seat A,,REP,Brent V. Bowles,80
Utah,25HI15,Utah County Commission Seat A,,REP,Michelle Kaufusi,35
Utah,25HI15,Utah County Commission Seat A,,REP,Over Votes,0
Utah,25HI15,Utah County Commission Seat A,,REP,Under Votes,3
Utah,25HI15,Utah County Commission Seat B,,REP,Carolina Herrin,12
Utah,25HI15,Utah County Commission Seat B,,REP,David M. Spencer,69
Utah,25HI15,Utah County Commission Seat B,,REP,Isaac Paxman,33
Utah,25HI15,Utah County Commission Seat B,,REP,Over Votes,0
Utah,25HI15,Utah County Commission Seat B,,REP,Under Votes,4
Utah,25HI16,Ballots Cast,,,,0
Utah,25HI16,Ballots Cast,,REP,,0
Utah,25HI16,Ballots Cast Blank,,,,0
Utah,25HI16,Board Of Education District 11 (Multi-County),11,REP,Over Votes,0
Utah,25HI16,Board Of Education District 11 (Multi-County),11,REP,Terry L. Hutchinson,0
Utah,25HI16,Board Of Education District 11 (Multi-County),11,REP,Tracy J. Nuttall,0
Utah,25HI16,Board Of Education District 11 (Multi-County),11,REP,Under Votes,0
Utah,25HI16,Registered Voters,,,,0
Utah,25HI16,Registered Voters,,REP,,0
Utah,25HI16,Senate,21,REP,Brady Brammer,0
Utah,25HI16,Senate,21,REP,Kelly Smith,0
Utah,25HI16,Senate,21,REP,Over Votes,0
Utah,25HI16,Senate,21,REP,Under Votes,0
Utah,25HI16,Utah County Clerk,,REP,Aaron Davidson,0
Utah,25HI16,Utah County Clerk,,REP,Corey K Astill,0
Utah,25HI16,Utah County Clerk,,REP,Over Votes,0
Utah,25HI16,Utah County Clerk,,REP,Under Votes,0
Utah,25HI16,Utah County Commission Seat A,,REP,Brent V. Bowles,0
Utah,25HI16,Utah County Commission Seat A,,REP,Michelle Kaufusi,0
Utah,25HI16,Utah County Commission Seat A,,REP,Over Votes,0
Utah,25HI16,Utah County Commission Seat A,,REP,Under Votes,0
Utah,25HI16,Utah County Commission Seat B,,REP,Carolina Herrin,0
Utah,25HI16,Utah County Commission Seat B,,REP,David M. Spencer,0
Utah,25HI16,Utah County Commission Seat B,,REP,Isaac Paxman,0
Utah,25HI16,Utah County Commission Seat B,,REP,Over Votes,0
Utah,25HI16,Utah County Commission Seat B,,REP,Under Votes,0
Utah,25HI17,Ballots Cast,,,,0
Utah,25HI17,Ballots Cast,,REP,,0
Utah,25HI17,Ballots Cast Blank,,,,0
Utah,25HI17,Board Of Education District 11 (Multi-County),11,REP,Over Votes,0
Utah,25HI17,Board Of Education District 11 (Multi-County),11,REP,Terry L. Hutchinson,0
Utah,25HI17,Board Of Education District 11 (Multi-County),11,REP,Tracy J. Nuttall,0
Utah,25HI17,Board Of Education District 11 (Multi-County),11,REP,Under Votes,0
Utah,25HI17,Registered Voters,,,,2
Utah,25HI17,Registered Voters,,REP,,2
Utah,25HI17,Senate,21,REP,Brady Brammer,0
Utah,25HI17,Senate,21,REP,Kelly Smith,0
Utah,25HI17,Senate,21,REP,Over Votes,0
Utah,25HI17,Senate,21,REP,Under Votes,0
Utah,25HI17,Utah County Clerk,,REP,Aaron Davidson,0
Utah,25HI17,Utah County Clerk,,REP,Corey K Astill,0
Utah,25HI17,Utah County Clerk,,REP,Over Votes,0
Utah,25HI17,Utah County Clerk,,REP,Under Votes,0
Utah,25HI17,Utah County Commission Seat A,,REP,Brent V. Bowles,0
Utah,25HI17,Utah County Commission Seat A,,REP,Michelle Kaufusi,0
Utah,25HI17,Utah County Commission Seat A,,REP,Over Votes,0
Utah,25HI17,Utah County Commission Seat A,,REP,Under Votes,0
Utah,25HI17,Utah County Commission Seat B,,REP,Carolina Herrin,0
Utah,25HI17,Utah County Commission Seat B,,REP,David M. Spencer,0
Utah,25HI17,Utah County Commission Seat B,,REP,Isaac Paxman,0
Utah,25HI17,Utah County Commission Seat B,,REP,Over Votes,0
Utah,25HI17,Utah County Commission Seat B,,REP,Under Votes,0
Utah,25HI18,Ballots Cast,,,,0
Utah,25HI18,Ballots Cast,,REP,,0
Utah,25HI18,Ballots Cast Blank,,,,0
Utah,25HI18,Board Of Education District 11 (Multi-County),11,REP,Over Votes,0
Utah,25HI18,Board Of Education District 11 (Multi-County),11,REP,Terry L. Hutchinson,0
Utah,25HI18,Board Of Education District 11 (Multi-County),11,REP,Tracy J. Nuttall,0
Utah,25HI18,Board Of Education District 11 (Multi-County),11,REP,Under Votes,0
Utah,25HI18,Registered Voters,,,,8
Utah,25HI18,Registered Voters,,REP,,8
Utah,25HI18,U.S. House,3,REP,Celeste Maloy,0
Utah,25HI18,U.S. House,3,REP,Over Votes,0
Utah,25HI18,U.S. House,3,REP,Phil Lyman,0
Utah,25HI18,U.S. House,3,REP,Under Votes,0
Utah,25HI18,Utah County Clerk,,REP,Aaron Davidson,0
Utah,25HI18,Utah County Clerk,,REP,Corey K Astill,0
Utah,25HI18,Utah County Clerk,,REP,Over Votes,0
Utah,25HI18,Utah County Clerk,,REP,Under Votes,0
Utah,25HI18,Utah County Commission Seat A,,REP,Brent V. Bowles,0
Utah,25HI18,Utah County Commission Seat A,,REP,Michelle Kaufusi,0
Utah,25HI18,Utah County Commission Seat A,,REP,Over Votes,0
Utah,25HI18,Utah County Commission Seat A,,REP,Under Votes,0
Utah,25HI18,Utah County Commission Seat B,,REP,Carolina Herrin,0
Utah,25HI18,Utah County Commission Seat B,,REP,David M. Spencer,0
Utah,25HI18,Utah County Commission Seat B,,REP,Isaac Paxman,0
Utah,25HI18,Utah County Commission Seat B,,REP,Over Votes,0
Utah,25HI18,Utah County Commission Seat B,,REP,Under Votes,0
Utah,25LE01,Ballots Cast,,,,0
Utah,25LE01,Ballots Cast,,REP,,0
Utah,25LE01,Ballots Cast Blank,,,,0
Utah,25LE01,Board Of Education District 11 (Multi-County),11,REP,Over Votes,0
Utah,25LE01,Board Of Education District 11 (Multi-County),11,REP,Terry L. Hutchinson,0
Utah,25LE01,Board Of Education District 11 (Multi-County),11,REP,Tracy J. Nuttall,0
Utah,25LE01,Board Of Education District 11 (Multi-County),11,REP,Under Votes,0
Utah,25LE01,Registered Voters,,,,0
Utah,25LE01,Registered Voters,,REP,,0
Utah,25LE01,Utah County Clerk,,REP,Aaron Davidson,0
Utah,25LE01,Utah County Clerk,,REP,Corey K Astill,0
Utah,25LE01,Utah County Clerk,,REP,Over Votes,0
Utah,25LE01,Utah County Clerk,,REP,Under Votes,0
Utah,25LE01,Utah County Commission Seat A,,REP,Brent V. Bowles,0
Utah,25LE01,Utah County Commission Seat A,,REP,Michelle Kaufusi,0
Utah,25LE01,Utah County Commission Seat A,,REP,Over Votes,0
Utah,25LE01,Utah County Commission Seat A,,REP,Under Votes,0
Utah,25LE01,Utah County Commission Seat B,,REP,Carolina Herrin,0
Utah,25LE01,Utah County Commission Seat B,,REP,David M. Spencer,0
Utah,25LE01,Utah County Commission Seat B,,REP,Isaac Paxman,0
Utah,25LE01,Utah County Commission Seat B,,REP,Over Votes,0
Utah,25LE01,Utah County Commission Seat B,,REP,Under Votes,0
Utah,25LE02,Ballots Cast,,,,0
Utah,25LE02,Ballots Cast,,REP,,0
Utah,25LE02,Ballots Cast Blank,,,,0
Utah,25LE02,Board Of Education District 11 (Multi-County),11,REP,Over Votes,0
Utah,25LE02,Board Of Education District 11 (Multi-County),11,REP,Terry L. Hutchinson,0
Utah,25LE02,Board Of Education District 11 (Multi-County),11,REP,Tracy J. Nuttall,0
Utah,25LE02,Board Of Education District 11 (Multi-County),11,REP,Under Votes,0
Utah,25LE02,Registered Voters,,,,15
Utah,25LE02,Registered Voters,,REP,,15
Utah,25LE02,Utah County Clerk,,REP,Aaron Davidson,0
Utah,25LE02,Utah County Clerk,,REP,Corey K Astill,0
Utah,25LE02,Utah County Clerk,,REP,Over Votes,0
Utah,25LE02,Utah County Clerk,,REP,Under Votes,0
Utah,25LE02,Utah County Commission Seat A,,REP,Brent V. Bowles,0
Utah,25LE02,Utah County Commission Seat A,,REP,Michelle Kaufusi,0
Utah,25LE02,Utah County Commission Seat A,,REP,Over Votes,0
Utah,25LE02,Utah County Commission Seat A,,REP,Under Votes,0
Utah,25LE02,Utah County Commission Seat B,,REP,Carolina Herrin,0
Utah,25LE02,Utah County Commission Seat B,,REP,David M. Spencer,0
Utah,25LE02,Utah County Commission Seat B,,REP,Isaac Paxman,0
Utah,25LE02,Utah County Commission Seat B,,REP,Over Votes,0
Utah,25LE02,Utah County Commission Seat B,,REP,Under Votes,0
Utah,25LE03,Ballots Cast,,,,0
Utah,25LE03,Ballots Cast,,REP,,0
Utah,25LE03,Ballots Cast Blank,,,,0
Utah,25LE03,Board Of Education District 11 (Multi-County),11,REP,Over Votes,0
Utah,25LE03,Board Of Education District 11 (Multi-County),11,REP,Terry L. Hutchinson,0
Utah,25LE03,Board Of Education District 11 (Multi-County),11,REP,Tracy J. Nuttall,0
Utah,25LE03,Board Of Education District 11 (Multi-County),11,REP,Under Votes,0
Utah,25LE03,Registered Voters,,,,0
Utah,25LE03,Registered Voters,,REP,,0
Utah,25LE03,Senate,21,REP,Brady Brammer,0
Utah,25LE03,Senate,21,REP,Kelly Smith,0
Utah,25LE03,Senate,21,REP,Over Votes,0
Utah,25LE03,Senate,21,REP,Under Votes,0
Utah,25LE03,Utah County Clerk,,REP,Aaron Davidson,0
Utah,25LE03,Utah County Clerk,,REP,Corey K Astill,0
Utah,25LE03,Utah County Clerk,,REP,Over Votes,0
Utah,25LE03,Utah County Clerk,,REP,Under Votes,0
Utah,25LE03,Utah County Commission Seat A,,REP,Brent V. Bowles,0
Utah,25LE03,Utah County Commission Seat A,,REP,Michelle Kaufusi,0
Utah,25LE03,Utah County Commission Seat A,,REP,Over Votes,0
Utah,25LE03,Utah County Commission Seat A,,REP,Under Votes,0
Utah,25LE03,Utah County Commission Seat B,,REP,Carolina Herrin,0
Utah,25LE03,Utah County Commission Seat B,,REP,David M. Spencer,0
Utah,25LE03,Utah County Commission Seat B,,REP,Isaac Paxman,0
Utah,25LE03,Utah County Commission Seat B,,REP,Over Votes,0
Utah,25LE03,Utah County Commission Seat B,,REP,Under Votes,0
Utah,25LE04,Ballots Cast,,,,264
Utah,25LE04,Ballots Cast,,REP,,264
Utah,25LE04,Ballots Cast Blank,,,,1
Utah,25LE04,Board Of Education District 11 (Multi-County),11,REP,Over Votes,0
Utah,25LE04,Board Of Education District 11 (Multi-County),11,REP,Terry L. Hutchinson,96
Utah,25LE04,Board Of Education District 11 (Multi-County),11,REP,Tracy J. Nuttall,162
Utah,25LE04,Board Of Education District 11 (Multi-County),11,REP,Under Votes,6
Utah,25LE04,Registered Voters,,,,694
Utah,25LE04,Registered Voters,,REP,,694
Utah,25LE04,Senate,21,REP,Brady Brammer,163
Utah,25LE04,Senate,21,REP,Kelly Smith,93
Utah,25LE04,Senate,21,REP,Over Votes,0
Utah,25LE04,Senate,21,REP,Under Votes,8
Utah,25LE04,Utah County Clerk,,REP,Aaron Davidson,112
Utah,25LE04,Utah County Clerk,,REP,Corey K Astill,144
Utah,25LE04,Utah County Clerk,,REP,Over Votes,0
Utah,25LE04,Utah County Clerk,,REP,Under Votes,8
Utah,25LE04,Utah County Commission Seat A,,REP,Brent V. Bowles,117
Utah,25LE04,Utah County Commission Seat A,,REP,Michelle Kaufusi,144
Utah,25LE04,Utah County Commission Seat A,,REP,Over Votes,0
Utah,25LE04,Utah County Commission Seat A,,REP,Under Votes,3
Utah,25LE04,Utah County Commission Seat B,,REP,Carolina Herrin,64
Utah,25LE04,Utah County Commission Seat B,,REP,David M. Spencer,104
Utah,25LE04,Utah County Commission Seat B,,REP,Isaac Paxman,91
Utah,25LE04,Utah County Commission Seat B,,REP,Over Votes,0
Utah,25LE04,Utah County Commission Seat B,,REP,Under Votes,5
Utah,25LE05,Ballots Cast,,,,216
Utah,25LE05,Ballots Cast,,REP,,216
Utah,25LE05,Ballots Cast Blank,,,,0
Utah,25LE05,Board Of Education District 11 (Multi-County),11,REP,Over Votes,0
Utah,25LE05,Board Of Education District 11 (Multi-County),11,REP,Terry L. Hutchinson,105
Utah,25LE05,Board Of Education District 11 (Multi-County),11,REP,Tracy J. Nuttall,105
Utah,25LE05,Board Of Education District 11 (Multi-County),11,REP,Under Votes,6
Utah,25LE05,Registered Voters,,,,752
Utah,25LE05,Registered Voters,,REP,,752
Utah,25LE05,Senate,21,REP,Brady Brammer,134
Utah,25LE05,Senate,21,REP,Kelly Smith,82
Utah,25LE05,Senate,21,REP,Over Votes,0
Utah,25LE05,Senate,21,REP,Under Votes,0
Utah,25LE05,Utah County Clerk,,REP,Aaron Davidson,89
Utah,25LE05,Utah County Clerk,,REP,Corey K Astill,125
Utah,25LE05,Utah County Clerk,,REP,Over Votes,0
Utah,25LE05,Utah County Clerk,,REP,Under Votes,2
Utah,25LE05,Utah County Commission Seat A,,REP,Brent V. Bowles,120
Utah,25LE05,Utah County Commission Seat A,,REP,Michelle Kaufusi,95
Utah,25LE05,Utah County Commission Seat A,,REP,Over Votes,0
Utah,25LE05,Utah County Commission Seat A,,REP,Under Votes,1
Utah,25LE05,Utah County Commission Seat B,,REP,Carolina Herrin,42
Utah,25LE05,Utah County Commission Seat B,,REP,David M. Spencer,96
Utah,25LE05,Utah County Commission Seat B,,REP,Isaac Paxman,74
Utah,25LE05,Utah County Commission Seat B,,REP,Over Votes,0
Utah,25LE05,Utah County Commission Seat B,,REP,Under Votes,4
Utah,25LE06,Ballots Cast,,,,219
Utah,25LE06,Ballots Cast,,REP,,219
Utah,25LE06,Ballots Cast Blank,,,,0
Utah,25LE06,Board Of Education District 11 (Multi-County),11,REP,Over Votes,0
Utah,25LE06,Board Of Education District 11 (Multi-County),11,REP,Terry L. Hutchinson,106
Utah,25LE06,Board Of Education District 11 (Multi-County),11,REP,Tracy J. Nuttall,113
Utah,25LE06,Board Of Education District 11 (Multi-County),11,REP,Under Votes,0
Utah,25LE06,Registered Voters,,,,785
Utah,25LE06,Registered Voters,,REP,,785
Utah,25LE06,Senate,21,REP,Brady Brammer,154
Utah,25LE06,Senate,21,REP,Kelly Smith,65
Utah,25LE06,Senate,21,REP,Over Votes,0
Utah,25LE06,Senate,21,REP,Under Votes,0
Utah,25LE06,Utah County Clerk,,REP,Aaron Davidson,101
Utah,25LE06,Utah County Clerk,,REP,Corey K Astill,116
Utah,25LE06,Utah County Clerk,,REP,Over Votes,0
Utah,25LE06,Utah County Clerk,,REP,Under Votes,2
Utah,25LE06,Utah County Commission Seat A,,REP,Brent V. Bowles,110
Utah,25LE06,Utah County Commission Seat A,,REP,Michelle Kaufusi,109
Utah,25LE06,Utah County Commission Seat A,,REP,Over Votes,0
Utah,25LE06,Utah County Commission Seat A,,REP,Under Votes,0
Utah,25LE06,Utah County Commission Seat B,,REP,Carolina Herrin,43
Utah,25LE06,Utah County Commission Seat B,,REP,David M. Spencer,91
Utah,25LE06,Utah County Commission Seat B,,REP,Isaac Paxman,85
Utah,25LE06,Utah County Commission Seat B,,REP,Over Votes,0
Utah,25LE06,Utah County Commission Seat B,,REP,Under Votes,0
Utah,25LE07,Ballots Cast,,,,224
Utah,25LE07,Ballots Cast,,REP,,224
Utah,25LE07,Ballots Cast Blank,,,,0
Utah,25LE07,Board Of Education District 11 (Multi-County),11,REP,Over Votes,0
Utah,25LE07,Board Of Education District 11 (Multi-County),11,REP,Terry L. Hutchinson,134
Utah,25LE07,Board Of Education District 11 (Multi-County),11,REP,Tracy J. Nuttall,83
Utah,25LE07,Board Of Education District 11 (Multi-County),11,REP,Under Votes,7
Utah,25LE07,Registered Voters,,,,616
Utah,25LE07,Registered Voters,,REP,,616
Utah,25LE07,Senate,21,REP,Brady Brammer,157
Utah,25LE07,Senate,21,REP,Kelly Smith,63
Utah,25LE07,Senate,21,REP,Over Votes,0
Utah,25LE07,Senate,21,REP,Under Votes,4
Utah,25LE07,Utah County Clerk,,REP,Aaron Davidson,128
Utah,25LE07,Utah County Clerk,,REP,Corey K Astill,91
Utah,25LE07,Utah County Clerk,,REP,Over Votes,0
Utah,25LE07,Utah County Clerk,,REP,Under Votes,5
Utah,25LE07,Utah County Commission Seat A,,REP,Brent V. Bowles,136
Utah,25LE07,Utah County Commission Seat A,,REP,Michelle Kaufusi,87
Utah,25LE07,Utah County Commission Seat A,,REP,Over Votes,0
Utah,25LE07,Utah County Commission Seat A,,REP,Under Votes,1
Utah,25LE07,Utah County Commission Seat B,,REP,Carolina Herrin,66
Utah,25LE07,Utah County Commission Seat B,,REP,David M. Spencer,95
Utah,25LE07,Utah County Commission Seat B,,REP,Isaac Paxman,57
Utah,25LE07,Utah County Commission Seat B,,REP,Over Votes,0
Utah,25LE07,Utah County Commission Seat B,,REP,Under Votes,6
Utah,25LE08 Suppressed,Ballots Cast,,,,2
Utah,25LE08 Suppressed,Ballots Cast,,REP,,2
Utah,25LE08 Suppressed,Ballots Cast Blank,,,,0
Utah,25LE08 Suppressed,Registered Voters,,,,52
Utah,25LE08 Suppressed,Registered Voters,,REP,,52
Utah,25LE09,Ballots Cast,,,,191
Utah,25LE09,Ballots Cast,,REP,,191
Utah,25LE09,Ballots Cast Blank,,,,1
Utah,25LE09,Board Of Education District 11 (Multi-County),11,REP,Over Votes,0
Utah,25LE09,Board Of Education District 11 (Multi-County),11,REP,Terry L. Hutchinson,115
Utah,25LE09,Board Of Education District 11 (Multi-County),11,REP,Tracy J. Nuttall,73
Utah,25LE09,Board Of Education District 11 (Multi-County),11,REP,Under Votes,3
Utah,25LE09,Registered Voters,,,,614
Utah,25LE09,Registered Voters,,REP,,614
Utah,25LE09,Senate,21,REP,Brady Brammer,115
Utah,25LE09,Senate,21,REP,Kelly Smith,74
Utah,25LE09,Senate,21,REP,Over Votes,0
Utah,25LE09,Senate,21,REP,Under Votes,2
Utah,25LE09,Utah County Clerk,,REP,Aaron Davidson,74
Utah,25LE09,Utah County Clerk,,REP,Corey K Astill,115
Utah,25LE09,Utah County Clerk,,REP,Over Votes,0
Utah,25LE09,Utah County Clerk,,REP,Under Votes,2
Utah,25LE09,Utah County Commission Seat A,,REP,Brent V. Bowles,95
Utah,25LE09,Utah County Commission Seat A,,REP,Michelle Kaufusi,94
Utah,25LE09,Utah County Commission Seat A,,REP,Over Votes,0
Utah,25LE09,Utah County Commission Seat A,,REP,Under Votes,2
Utah,25LE09,Utah County Commission Seat B,,REP,Carolina Herrin,48
Utah,25LE09,Utah County Commission Seat B,,REP,David M. Spencer,83
Utah,25LE09,Utah County Commission Seat B,,REP,Isaac Paxman,56
Utah,25LE09,Utah County Commission Seat B,,REP,Over Votes,0
Utah,25LE09,Utah County Commission Seat B,,REP,Under Votes,4
Utah,25LE10,Ballots Cast,,,,191
Utah,25LE10,Ballots Cast,,REP,,191
Utah,25LE10,Ballots Cast Blank,,,,0
Utah,25LE10,Board Of Education District 11 (Multi-County),11,REP,Over Votes,0
Utah,25LE10,Board Of Education District 11 (Multi-County),11,REP,Terry L. Hutchinson,102
Utah,25LE10,Board Of Education District 11 (Multi-County),11,REP,Tracy J. Nuttall,87
Utah,25LE10,Board Of Education District 11 (Multi-County),11,REP,Under Votes,2
Utah,25LE10,Registered Voters,,,,612
Utah,25LE10,Registered Voters,,REP,,612
Utah,25LE10,Senate,21,REP,Brady Brammer,121
Utah,25LE10,Senate,21,REP,Kelly Smith,70
Utah,25LE10,Senate,21,REP,Over Votes,0
Utah,25LE10,Senate,21,REP,Under Votes,0
Utah,25LE10,Utah County Clerk,,REP,Aaron Davidson,85
Utah,25LE10,Utah County Clerk,,REP,Corey K Astill,102
Utah,25LE10,Utah County Clerk,,REP,Over Votes,0
Utah,25LE10,Utah County Clerk,,REP,Under Votes,4
Utah,25LE10,Utah County Commission Seat A,,REP,Brent V. Bowles,97
Utah,25LE10,Utah County Commission Seat A,,REP,Michelle Kaufusi,92
Utah,25LE10,Utah County Commission Seat A,,REP,Over Votes,0
Utah,25LE10,Utah County Commission Seat A,,REP,Under Votes,2
Utah,25LE10,Utah County Commission Seat B,,REP,Carolina Herrin,58
Utah,25LE10,Utah County Commission Seat B,,REP,David M. Spencer,83
Utah,25LE10,Utah County Commission Seat B,,REP,Isaac Paxman,49
Utah,25LE10,Utah County Commission Seat B,,REP,Over Votes,0
Utah,25LE10,Utah County Commission Seat B,,REP,Under Votes,1
Utah,25LE11,Ballots Cast,,,,199
Utah,25LE11,Ballots Cast,,REP,,199
Utah,25LE11,Ballots Cast Blank,,,,0
Utah,25LE11,Board Of Education District 11 (Multi-County),11,REP,Over Votes,0
Utah,25LE11,Board Of Education District 11 (Multi-County),11,REP,Terry L. Hutchinson,105
Utah,25LE11,Board Of Education District 11 (Multi-County),11,REP,Tracy J. Nuttall,93
Utah,25LE11,Board Of Education District 11 (Multi-County),11,REP,Under Votes,1
Utah,25LE11,Registered Voters,,,,580
Utah,25LE11,Registered Voters,,REP,,580
Utah,25LE11,Senate,21,REP,Brady Brammer,119
Utah,25LE11,Senate,21,REP,Kelly Smith,80
Utah,25LE11,Senate,21,REP,Over Votes,0
Utah,25LE11,Senate,21,REP,Under Votes,0
Utah,25LE11,Utah County Clerk,,REP,Aaron Davidson,89
Utah,25LE11,Utah County Clerk,,REP,Corey K Astill,109
Utah,25LE11,Utah County Clerk,,REP,Over Votes,0
Utah,25LE11,Utah County Clerk,,REP,Under Votes,1
Utah,25LE11,Utah County Commission Seat A,,REP,Brent V. Bowles,89
Utah,25LE11,Utah County Commission Seat A,,REP,Michelle Kaufusi,109
Utah,25LE11,Utah County Commission Seat A,,REP,Over Votes,0
Utah,25LE11,Utah County Commission Seat A,,REP,Under Votes,1
Utah,25LE11,Utah County Commission Seat B,,REP,Carolina Herrin,25
Utah,25LE11,Utah County Commission Seat B,,REP,David M. Spencer,85
Utah,25LE11,Utah County Commission Seat B,,REP,Isaac Paxman,87
Utah,25LE11,Utah County Commission Seat B,,REP,Over Votes,0
Utah,25LE11,Utah County Commission Seat B,,REP,Under Votes,2
Utah,25LE12,Ballots Cast,,,,131
Utah,25LE12,Ballots Cast,,REP,,131
Utah,25LE12,Ballots Cast Blank,,,,0
Utah,25LE12,Board Of Education District 11 (Multi-County),11,REP,Over Votes,0
Utah,25LE12,Board Of Education District 11 (Multi-County),11,REP,Terry L. Hutchinson,96
Utah,25LE12,Board Of Education District 11 (Multi-County),11,REP,Tracy J. Nuttall,31
Utah,25LE12,Board Of Education District 11 (Multi-County),11,REP,Under Votes,4
Utah,25LE12,Registered Voters,,,,462
Utah,25LE12,Registered Voters,,REP,,462
Utah,25LE12,Senate,21,REP,Brady Brammer,105
Utah,25LE12,Senate,21,REP,Kelly Smith,25
Utah,25LE12,Senate,21,REP,Over Votes,0
Utah,25LE12,Senate,21,REP,Under Votes,1
Utah,25LE12,Utah County Clerk,,REP,Aaron Davidson,73
Utah,25LE12,Utah County Clerk,,REP,Corey K Astill,57
Utah,25LE12,Utah County Clerk,,REP,Over Votes,0
Utah,25LE12,Utah County Clerk,,REP,Under Votes,1
Utah,25LE12,Utah County Commission Seat A,,REP,Brent V. Bowles,62
Utah,25LE12,Utah County Commission Seat A,,REP,Michelle Kaufusi,66
Utah,25LE12,Utah County Commission Seat A,,REP,Over Votes,0
Utah,25LE12,Utah County Commission Seat A,,REP,Under Votes,3
Utah,25LE12,Utah County Commission Seat B,,REP,Carolina Herrin,42
Utah,25LE12,Utah County Commission Seat B,,REP,David M. Spencer,43
Utah,25LE12,Utah County Commission Seat B,,REP,Isaac Paxman,41
Utah,25LE12,Utah County Commission Seat B,,REP,Over Votes,0
Utah,25LE12,Utah County Commission Seat B,,REP,Under Votes,5
Utah,25LE13,Ballots Cast,,,,169
Utah,25LE13,Ballots Cast,,REP,,169
Utah,25LE13,Ballots Cast Blank,,,,0
Utah,25LE13,Board Of Education District 11 (Multi-County),11,REP,Over Votes,0
Utah,25LE13,Board Of Education District 11 (Multi-County),11,REP,Terry L. Hutchinson,93
Utah,25LE13,Board Of Education District 11 (Multi-County),11,REP,Tracy J. Nuttall,75
Utah,25LE13,Board Of Education District 11 (Multi-County),11,REP,Under Votes,1
Utah,25LE13,Registered Voters,,,,581
Utah,25LE13,Registered Voters,,REP,,581
Utah,25LE13,Senate,21,REP,Brady Brammer,111
Utah,25LE13,Senate,21,REP,Kelly Smith,58
Utah,25LE13,Senate,21,REP,Over Votes,0
Utah,25LE13,Senate,21,REP,Under Votes,0
Utah,25LE13,Utah County Clerk,,REP,Aaron Davidson,87
Utah,25LE13,Utah County Clerk,,REP,Corey K Astill,79
Utah,25LE13,Utah County Clerk,,REP,Over Votes,0
Utah,25LE13,Utah County Clerk,,REP,Under Votes,3
Utah,25LE13,Utah County Commission Seat A,,REP,Brent V. Bowles,90
Utah,25LE13,Utah County Commission Seat A,,REP,Michelle Kaufusi,78
Utah,25LE13,Utah County Commission Seat A,,REP,Over Votes,0
Utah,25LE13,Utah County Commission Seat A,,REP,Under Votes,1
Utah,25LE13,Utah County Commission Seat B,,REP,Carolina Herrin,22
Utah,25LE13,Utah County Commission Seat B,,REP,David M. Spencer,75
Utah,25LE13,Utah County Commission Seat B,,REP,Isaac Paxman,68
Utah,25LE13,Utah County Commission Seat B,,REP,Over Votes,0
Utah,25LE13,Utah County Commission Seat B,,REP,Under Votes,4
Utah,25LE14,Ballots Cast,,,,109
Utah,25LE14,Ballots Cast,,REP,,109
Utah,25LE14,Ballots Cast Blank,,,,0
Utah,25LE14,Board Of Education District 11 (Multi-County),11,REP,Over Votes,0
Utah,25LE14,Board Of Education District 11 (Multi-County),11,REP,Terry L. Hutchinson,59
Utah,25LE14,Board Of Education District 11 (Multi-County),11,REP,Tracy J. Nuttall,48
Utah,25LE14,Board Of Education District 11 (Multi-County),11,REP,Under Votes,2
Utah,25LE14,Registered Voters,,,,681
Utah,25LE14,Registered Voters,,REP,,681
Utah,25LE14,Senate,21,REP,Brady Brammer,62
Utah,25LE14,Senate,21,REP,Kelly Smith,47
Utah,25LE14,Senate,21,REP,Over Votes,0
Utah,25LE14,Senate,21,REP,Under Votes,0
Utah,25LE14,Utah County Clerk,,REP,Aaron Davidson,46
Utah,25LE14,Utah County Clerk,,REP,Corey K Astill,62
Utah,25LE14,Utah County Clerk,,REP,Over Votes,0
Utah,25LE14,Utah County Clerk,,REP,Under Votes,1
Utah,25LE14,Utah County Commission Seat A,,REP,Brent V. Bowles,49
Utah,25LE14,Utah County Commission Seat A,,REP,Michelle Kaufusi,60
Utah,25LE14,Utah County Commission Seat A,,REP,Over Votes,0
Utah,25LE14,Utah County Commission Seat A,,REP,Under Votes,0
Utah,25LE14,Utah County Commission Seat B,,REP,Carolina Herrin,17
Utah,25LE14,Utah County Commission Seat B,,REP,David M. Spencer,50
Utah,25LE14,Utah County Commission Seat B,,REP,Isaac Paxman,42
Utah,25LE14,Utah County Commission Seat B,,REP,Over Votes,0
Utah,25LE14,Utah County Commission Seat B,,REP,Under Votes,0
Utah,25LE15,Ballots Cast,,,,74
Utah,25LE15,Ballots Cast,,REP,,74
Utah,25LE15,Ballots Cast Blank,,,,0
Utah,25LE15,Board Of Education District 11 (Multi-County),11,REP,Over Votes,0
Utah,25LE15,Board Of Education District 11 (Multi-County),11,REP,Terry L. Hutchinson,45
Utah,25LE15,Board Of Education District 11 (Multi-County),11,REP,Tracy J. Nuttall,27
Utah,25LE15,Board Of Education District 11 (Multi-County),11,REP,Under Votes,2
Utah,25LE15,Registered Voters,,,,549
Utah,25LE15,Registered Voters,,REP,,549
Utah,25LE15,Utah County Clerk,,REP,Aaron Davidson,44
Utah,25LE15,Utah County Clerk,,REP,Corey K Astill,27
Utah,25LE15,Utah County Clerk,,REP,Over Votes,0
Utah,25LE15,Utah County Clerk,,REP,Under Votes,3
Utah,25LE15,Utah County Commission Seat A,,REP,Brent V. Bowles,50
Utah,25LE15,Utah County Commission Seat A,,REP,Michelle Kaufusi,23
Utah,25LE15,Utah County Commission Seat A,,REP,Over Votes,0
Utah,25LE15,Utah County Commission Seat A,,REP,Under Votes,1
Utah,25LE15,Utah County Commission Seat B,,REP,Carolina Herrin,16
Utah,25LE15,Utah County Commission Seat B,,REP,David M. Spencer,38
Utah,25LE15,Utah County Commission Seat B,,REP,Isaac Paxman,17
Utah,25LE15,Utah County Commission Seat B,,REP,Over Votes,0
Utah,25LE15,Utah County Commission Seat B,,REP,Under Votes,3
Utah,25LE16,Ballots Cast,,,,48
Utah,25LE16,Ballots Cast,,REP,,48
Utah,25LE16,Ballots Cast Blank,,,,0
Utah,25LE16,Board Of Education District 11 (Multi-County),11,REP,Over Votes,0
Utah,25LE16,Board Of Education District 11 (Multi-County),11,REP,Terry L. Hutchinson,18
Utah,25LE16,Board Of Education District 11 (Multi-County),11,REP,Tracy J. Nuttall,30
Utah,25LE16,Board Of Education District 11 (Multi-County),11,REP,Under Votes,0
Utah,25LE16,Registered Voters,,,,354
Utah,25LE16,Registered Voters,,REP,,354
Utah,25LE16,Utah County Clerk,,REP,Aaron Davidson,18
Utah,25LE16,Utah County Clerk,,REP,Corey K Astill,30
Utah,25LE16,Utah County Clerk,,REP,Over Votes,0
Utah,25LE16,Utah County Clerk,,REP,Under Votes,0
Utah,25LE16,Utah County Commission Seat A,,REP,Brent V. Bowles,19
Utah,25LE16,Utah County Commission Seat A,,REP,Michelle Kaufusi,29
Utah,25LE16,Utah County Commission Seat A,,REP,Over Votes,0
Utah,25LE16,Utah County Commission Seat A,,REP,Under Votes,0
Utah,25LE16,Utah County Commission Seat B,,REP,Carolina Herrin,10
Utah,25LE16,Utah County Commission Seat B,,REP,David M. Spencer,20
Utah,25LE16,Utah County Commission Seat B,,REP,Isaac Paxman,18
Utah,25LE16,Utah County Commission Seat B,,REP,Over Votes,0
Utah,25LE16,Utah County Commission Seat B,,REP,Under Votes,0
Utah,25LE17,Ballots Cast,,,,90
Utah,25LE17,Ballots Cast,,REP,,90
Utah,25LE17,Ballots Cast Blank,,,,0
Utah,25LE17,Board Of Education District 11 (Multi-County),11,REP,Over Votes,0
Utah,25LE17,Board Of Education District 11 (Multi-County),11,REP,Terry L. Hutchinson,40
Utah,25LE17,Board Of Education District 11 (Multi-County),11,REP,Tracy J. Nuttall,50
Utah,25LE17,Board Of Education District 11 (Multi-County),11,REP,Under Votes,0
Utah,25LE17,Registered Voters,,,,691
Utah,25LE17,Registered Voters,,REP,,691
Utah,25LE17,Utah County Clerk,,REP,Aaron Davidson,35
Utah,25LE17,Utah County Clerk,,REP,Corey K Astill,55
Utah,25LE17,Utah County Clerk,,REP,Over Votes,0
Utah,25LE17,Utah County Clerk,,REP,Under Votes,0
Utah,25LE17,Utah County Commission Seat A,,REP,Brent V. Bowles,41
Utah,25LE17,Utah County Commission Seat A,,REP,Michelle Kaufusi,48
Utah,25LE17,Utah County Commission Seat A,,REP,Over Votes,0
Utah,25LE17,Utah County Commission Seat A,,REP,Under Votes,1
Utah,25LE17,Utah County Commission Seat B,,REP,Carolina Herrin,15
Utah,25LE17,Utah County Commission Seat B,,REP,David M. Spencer,34
Utah,25LE17,Utah County Commission Seat B,,REP,Isaac Paxman,41
Utah,25LE17,Utah County Commission Seat B,,REP,Over Votes,0
Utah,25LE17,Utah County Commission Seat B,,REP,Under Votes,0
Utah,25LE18,Ballots Cast,,,,116
Utah,25LE18,Ballots Cast,,REP,,116
Utah,25LE18,Ballots Cast Blank,,,,0
Utah,25LE18,Board Of Education District 11 (Multi-County),11,REP,Over Votes,0
Utah,25LE18,Board Of Education District 11 (Multi-County),11,REP,Terry L. Hutchinson,64
Utah,25LE18,Board Of Education District 11 (Multi-County),11,REP,Tracy J. Nuttall,52
Utah,25LE18,Board Of Education District 11 (Multi-County),11,REP,Under Votes,0
Utah,25LE18,Registered Voters,,,,653
Utah,25LE18,Registered Voters,,REP,,653
Utah,25LE18,Utah County Clerk,,REP,Aaron Davidson,40
Utah,25LE18,Utah County Clerk,,REP,Corey K Astill,76
Utah,25LE18,Utah County Clerk,,REP,Over Votes,0
Utah,25LE18,Utah County Clerk,,REP,Under Votes,0
Utah,25LE18,Utah County Commission Seat A,,REP,Brent V. Bowles,51
Utah,25LE18,Utah County Commission Seat A,,REP,Michelle Kaufusi,65
Utah,25LE18,Utah County Commission Seat A,,REP,Over Votes,0
Utah,25LE18,Utah County Commission Seat A,,REP,Under Votes,0
Utah,25LE18,Utah County Commission Seat B,,REP,Carolina Herrin,27
Utah,25LE18,Utah County Commission Seat B,,REP,David M. Spencer,45
Utah,25LE18,Utah County Commission Seat B,,REP,Isaac Paxman,44
Utah,25LE18,Utah County Commission Seat B,,REP,Over Votes,0
Utah,25LE18,Utah County Commission Seat B,,REP,Under Votes,0
Utah,25LE19,Ballots Cast,,,,82
Utah,25LE19,Ballots Cast,,REP,,82
Utah,25LE19,Ballots Cast Blank,,,,0
Utah,25LE19,Board Of Education District 11 (Multi-County),11,REP,Over Votes,0
Utah,25LE19,Board Of Education District 11 (Multi-County),11,REP,Terry L. Hutchinson,43
Utah,25LE19,Board Of Education District 11 (Multi-County),11,REP,Tracy J. Nuttall,37
Utah,25LE19,Board Of Education District 11 (Multi-County),11,REP,Under Votes,2
Utah,25LE19,Registered Voters,,,,579
Utah,25LE19,Registered Voters,,REP,,579
Utah,25LE19,Utah County Clerk,,REP,Aaron Davidson,23
Utah,25LE19,Utah County Clerk,,REP,Corey K Astill,59
Utah,25LE19,Utah County Clerk,,REP,Over Votes,0
Utah,25LE19,Utah County Clerk,,REP,Under Votes,0
Utah,25LE19,Utah County Commission Seat A,,REP,Brent V. Bowles,25
Utah,25LE19,Utah County Commission Seat A,,REP,Michelle Kaufusi,57
Utah,25LE19,Utah County Commission Seat A,,REP,Over Votes,0
Utah,25LE19,Utah County Commission Seat A,,REP,Under Votes,0
Utah,25LE19,Utah County Commission Seat B,,REP,Carolina Herrin,20
Utah,25LE19,Utah County Commission Seat B,,REP,David M. Spencer,32
Utah,25LE19,Utah County Commission Seat B,,REP,Isaac Paxman,30
Utah,25LE19,Utah County Commission Seat B,,REP,Over Votes,0
Utah,25LE19,Utah County Commission Seat B,,REP,Under Votes,0
Utah,25LE20,Ballots Cast,,,,71
Utah,25LE20,Ballots Cast,,REP,,71
Utah,25LE20,Ballots Cast Blank,,,,0
Utah,25LE20,Board Of Education District 11 (Multi-County),11,REP,Over Votes,0
Utah,25LE20,Board Of Education District 11 (Multi-County),11,REP,Terry L. Hutchinson,41
Utah,25LE20,Board Of Education District 11 (Multi-County),11,REP,Tracy J. Nuttall,29
Utah,25LE20,Board Of Education District 11 (Multi-County),11,REP,Under Votes,1
Utah,25LE20,Registered Voters,,,,343
Utah,25LE20,Registered Voters,,REP,,343
Utah,25LE20,Utah County Clerk,,REP,Aaron Davidson,29
Utah,25LE20,Utah County Clerk,,REP,Corey K Astill,42
Utah,25LE20,Utah County Clerk,,REP,Over Votes,0
Utah,25LE20,Utah County Clerk,,REP,Under Votes,0
Utah,25LE20,Utah County Commission Seat A,,REP,Brent V. Bowles,41
Utah,25LE20,Utah County Commission Seat A,,REP,Michelle Kaufusi,29
Utah,25LE20,Utah County Commission Seat A,,REP,Over Votes,0
Utah,25LE20,Utah County Commission Seat A,,REP,Under Votes,1
Utah,25LE20,Utah County Commission Seat B,,REP,Carolina Herrin,16
Utah,25LE20,Utah County Commission Seat B,,REP,David M. Spencer,34
Utah,25LE20,Utah County Commission Seat B,,REP,Isaac Paxman,19
Utah,25LE20,Utah County Commission Seat B,,REP,Over Votes,0
Utah,25LE20,Utah County Commission Seat B,,REP,Under Votes,2
Utah,25LE21,Ballots Cast,,,,170
Utah,25LE21,Ballots Cast,,REP,,170
Utah,25LE21,Ballots Cast Blank,,,,0
Utah,25LE21,Board Of Education District 11 (Multi-County),11,REP,Over Votes,0
Utah,25LE21,Board Of Education District 11 (Multi-County),11,REP,Terry L. Hutchinson,75
Utah,25LE21,Board Of Education District 11 (Multi-County),11,REP,Tracy J. Nuttall,92
Utah,25LE21,Board Of Education District 11 (Multi-County),11,REP,Under Votes,3
Utah,25LE21,Registered Voters,,,,724
Utah,25LE21,Registered Voters,,REP,,724
Utah,25LE21,Senate,21,REP,Brady Brammer,103
Utah,25LE21,Senate,21,REP,Kelly Smith,65
Utah,25LE21,Senate,21,REP,Over Votes,0
Utah,25LE21,Senate,21,REP,Under Votes,2
Utah,25LE21,Utah County Clerk,,REP,Aaron Davidson,68
Utah,25LE21,Utah County Clerk,,REP,Corey K Astill,98
Utah,25LE21,Utah County Clerk,,REP,Over Votes,0
Utah,25LE21,Utah County Clerk,,REP,Under Votes,4
Utah,25LE21,Utah County Commission Seat A,,REP,Brent V. Bowles,81
Utah,25LE21,Utah County Commission Seat A,,REP,Michelle Kaufusi,88
Utah,25LE21,Utah County Commission Seat A,,REP,Over Votes,0
Utah,25LE21,Utah County Commission Seat A,,REP,Under Votes,1
Utah,25LE21,Utah County Commission Seat B,,REP,Carolina Herrin,46
Utah,25LE21,Utah County Commission Seat B,,REP,David M. Spencer,71
Utah,25LE21,Utah County Commission Seat B,,REP,Isaac Paxman,51
Utah,25LE21,Utah County Commission Seat B,,REP,Over Votes,0
Utah,25LE21,Utah County Commission Seat B,,REP,Under Votes,2
Utah,25LE22,Ballots Cast,,,,245
Utah,25LE22,Ballots Cast,,REP,,245
Utah,25LE22,Ballots Cast Blank,,,,0
Utah,25LE22,Board Of Education District 11 (Multi-County),11,REP,Over Votes,0
Utah,25LE22,Board Of Education District 11 (Multi-County),11,REP,Terry L. Hutchinson,102
Utah,25LE22,Board Of Education District 11 (Multi-County),11,REP,Tracy J. Nuttall,132
Utah,25LE22,Board Of Education District 11 (Multi-County),11,REP,Under Votes,11
Utah,25LE22,Registered Voters,,,,799
Utah,25LE22,Registered Voters,,REP,,799
Utah,25LE22,Senate,21,REP,Brady Brammer,133
Utah,25LE22,Senate,21,REP,Kelly Smith,110
Utah,25LE22,Senate,21,REP,Over Votes,0
Utah,25LE22,Senate,21,REP,Under Votes,2
Utah,25LE22,Utah County Clerk,,REP,Aaron Davidson,94
Utah,25LE22,Utah County Clerk,,REP,Corey K Astill,138
Utah,25LE22,Utah County Clerk,,REP,Over Votes,0
Utah,25LE22,Utah County Clerk,,REP,Under Votes,13
Utah,25LE22,Utah County Commission Seat A,,REP,Brent V. Bowles,103
Utah,25LE22,Utah County Commission Seat A,,REP,Michelle Kaufusi,138
Utah,25LE22,Utah County Commission Seat A,,REP,Over Votes,0
Utah,25LE22,Utah County Commission Seat A,,REP,Under Votes,4
Utah,25LE22,Utah County Commission Seat B,,REP,Carolina Herrin,44
Utah,25LE22,Utah County Commission Seat B,,REP,David M. Spencer,96
Utah,25LE22,Utah County Commission Seat B,,REP,Isaac Paxman,91
Utah,25LE22,Utah County Commission Seat B,,REP,Over Votes,0
Utah,25LE22,Utah County Commission Seat B,,REP,Under Votes,14
Utah,25LE23,Ballots Cast,,,,83
Utah,25LE23,Ballots Cast,,REP,,83
Utah,25LE23,Ballots Cast Blank,,,,0
Utah,25LE23,Board Of Education District 11 (Multi-County),11,REP,Over Votes,0
Utah,25LE23,Board Of Education District 11 (Multi-County),11,REP,Terry L. Hutchinson,43
Utah,25LE23,Board Of Education District 11 (Multi-County),11,REP,Tracy J. Nuttall,37
Utah,25LE23,Board Of Education District 11 (Multi-County),11,REP,Under Votes,3
Utah,25LE23,Registered Voters,,,,606
Utah,25LE23,Registered Voters,,REP,,606
Utah,25LE23,Utah County Clerk,,REP,Aaron Davidson,31
Utah,25LE23,Utah County Clerk,,REP,Corey K Astill,51
Utah,25LE23,Utah County Clerk,,REP,Over Votes,0
Utah,25LE23,Utah County Clerk,,REP,Under Votes,1
Utah,25LE23,Utah County Commission Seat A,,REP,Brent V. Bowles,31
Utah,25LE23,Utah County Commission Seat A,,REP,Michelle Kaufusi,52
Utah,25LE23,Utah County Commission Seat A,,REP,Over Votes,0
Utah,25LE23,Utah County Commission Seat A,,REP,Under Votes,0
Utah,25LE23,Utah County Commission Seat B,,REP,Carolina Herrin,31
Utah,25LE23,Utah County Commission Seat B,,REP,David M. Spencer,31
Utah,25LE23,Utah County Commission Seat B,,REP,Isaac Paxman,20
Utah,25LE23,Utah County Commission Seat B,,REP,Over Votes,0
Utah,25LE23,Utah County Commission Seat B,,REP,Under Votes,1
Utah,25LE24,Ballots Cast,,,,26
Utah,25LE24,Ballots Cast,,REP,,26
Utah,25LE24,Ballots Cast Blank,,,,0
Utah,25LE24,Board Of Education District 11 (Multi-County),11,REP,Over Votes,0
Utah,25LE24,Board Of Education District 11 (Multi-County),11,REP,Terry L. Hutchinson,7
Utah,25LE24,Board Of Education District 11 (Multi-County),11,REP,Tracy J. Nuttall,19
Utah,25LE24,Board Of Education District 11 (Multi-County),11,REP,Under Votes,0
Utah,25LE24,Registered Voters,,,,208
Utah,25LE24,Registered Voters,,REP,,208
Utah,25LE24,Utah County Clerk,,REP,Aaron Davidson,9
Utah,25LE24,Utah County Clerk,,REP,Corey K Astill,17
Utah,25LE24,Utah County Clerk,,REP,Over Votes,0
Utah,25LE24,Utah County Clerk,,REP,Under Votes,0
Utah,25LE24,Utah County Commission Seat A,,REP,Brent V. Bowles,8
Utah,25LE24,Utah County Commission Seat A,,REP,Michelle Kaufusi,18
Utah,25LE24,Utah County Commission Seat A,,REP,Over Votes,0
Utah,25LE24,Utah County Commission Seat A,,REP,Under Votes,0
Utah,25LE24,Utah County Commission Seat B,,REP,Carolina Herrin,3
Utah,25LE24,Utah County Commission Seat B,,REP,David M. Spencer,6
Utah,25LE24,Utah County Commission Seat B,,REP,Isaac Paxman,17
Utah,25LE24,Utah County Commission Seat B,,REP,Over Votes,0
Utah,25LE24,Utah County Commission Seat B,,REP,Under Votes,0
Utah,25LE25,Ballots Cast,,,,170
Utah,25LE25,Ballots Cast,,REP,,170
Utah,25LE25,Ballots Cast Blank,,,,0
Utah,25LE25,Board Of Education District 11 (Multi-County),11,REP,Over Votes,0
Utah,25LE25,Board Of Education District 11 (Multi-County),11,REP,Terry L. Hutchinson,88
Utah,25LE25,Board Of Education District 11 (Multi-County),11,REP,Tracy J. Nuttall,82
Utah,25LE25,Board Of Education District 11 (Multi-County),11,REP,Under Votes,0
Utah,25LE25,Registered Voters,,,,694
Utah,25LE25,Registered Voters,,REP,,694
Utah,25LE25,Utah County Clerk,,REP,Aaron Davidson,73
Utah,25LE25,Utah County Clerk,,REP,Corey K Astill,97
Utah,25LE25,Utah County Clerk,,REP,Over Votes,0
Utah,25LE25,Utah County Clerk,,REP,Under Votes,0
Utah,25LE25,Utah County Commission Seat A,,REP,Brent V. Bowles,82
Utah,25LE25,Utah County Commission Seat A,,REP,Michelle Kaufusi,88
Utah,25LE25,Utah County Commission Seat A,,REP,Over Votes,0
Utah,25LE25,Utah County Commission Seat A,,REP,Under Votes,0
Utah,25LE25,Utah County Commission Seat B,,REP,Carolina Herrin,40
Utah,25LE25,Utah County Commission Seat B,,REP,David M. Spencer,62
Utah,25LE25,Utah County Commission Seat B,,REP,Isaac Paxman,68
Utah,25LE25,Utah County Commission Seat B,,REP,Over Votes,0
Utah,25LE25,Utah County Commission Seat B,,REP,Under Votes,0
Utah,25LE26,Ballots Cast,,,,128
Utah,25LE26,Ballots Cast,,REP,,128
Utah,25LE26,Ballots Cast Blank,,,,0
Utah,25LE26,Board Of Education District 11 (Multi-County),11,REP,Over Votes,0
Utah,25LE26,Board Of Education District 11 (Multi-County),11,REP,Terry L. Hutchinson,67
Utah,25LE26,Board Of Education District 11 (Multi-County),11,REP,Tracy J. Nuttall,61
Utah,25LE26,Board Of Education District 11 (Multi-County),11,REP,Under Votes,0
Utah,25LE26,Registered Voters,,,,599
Utah,25LE26,Registered Voters,,REP,,599
Utah,25LE26,Utah County Clerk,,REP,Aaron Davidson,56
Utah,25LE26,Utah County Clerk,,REP,Corey K Astill,71
Utah,25LE26,Utah County Clerk,,REP,Over Votes,0
Utah,25LE26,Utah County Clerk,,REP,Under Votes,1
Utah,25LE26,Utah County Commission Seat A,,REP,Brent V. Bowles,66
Utah,25LE26,Utah County Commission Seat A,,REP,Michelle Kaufusi,62
Utah,25LE26,Utah County Commission Seat A,,REP,Over Votes,0
Utah,25LE26,Utah County Commission Seat A,,REP,Under Votes,0
Utah,25LE26,Utah County Commission Seat B,,REP,Carolina Herrin,31
Utah,25LE26,Utah County Commission Seat B,,REP,David M. Spencer,55
Utah,25LE26,Utah County Commission Seat B,,REP,Isaac Paxman,40
Utah,25LE26,Utah County Commission Seat B,,REP,Over Votes,0
Utah,25LE26,Utah County Commission Seat B,,REP,Under Votes,2
Utah,25LE27,Ballots Cast,,,,75
Utah,25LE27,Ballots Cast,,REP,,75
Utah,25LE27,Ballots Cast Blank,,,,0
Utah,25LE27,Board Of Education District 11 (Multi-County),11,REP,Over Votes,0
Utah,25LE27,Board Of Education District 11 (Multi-County),11,REP,Terry L. Hutchinson,22
Utah,25LE27,Board Of Education District 11 (Multi-County),11,REP,Tracy J. Nuttall,53
Utah,25LE27,Board Of Education District 11 (Multi-County),11,REP,Under Votes,0
Utah,25LE27,Registered Voters,,,,589
Utah,25LE27,Registered Voters,,REP,,589
Utah,25LE27,Utah County Clerk,,REP,Aaron Davidson,22
Utah,25LE27,Utah County Clerk,,REP,Corey K Astill,52
Utah,25LE27,Utah County Clerk,,REP,Over Votes,0
Utah,25LE27,Utah County Clerk,,REP,Under Votes,1
Utah,25LE27,Utah County Commission Seat A,,REP,Brent V. Bowles,15
Utah,25LE27,Utah County Commission Seat A,,REP,Michelle Kaufusi,60
Utah,25LE27,Utah County Commission Seat A,,REP,Over Votes,0
Utah,25LE27,Utah County Commission Seat A,,REP,Under Votes,0
Utah,25LE27,Utah County Commission Seat B,,REP,Carolina Herrin,20
Utah,25LE27,Utah County Commission Seat B,,REP,David M. Spencer,25
Utah,25LE27,Utah County Commission Seat B,,REP,Isaac Paxman,30
Utah,25LE27,Utah County Commission Seat B,,REP,Over Votes,0
Utah,25LE27,Utah County Commission Seat B,,REP,Under Votes,0
Utah,25LE28,Ballots Cast,,,,49
Utah,25LE28,Ballots Cast,,REP,,49
Utah,25LE28,Ballots Cast Blank,,,,0
Utah,25LE28,Board Of Education District 11 (Multi-County),11,REP,Over Votes,0
Utah,25LE28,Board Of Education District 11 (Multi-County),11,REP,Terry L. Hutchinson,28
Utah,25LE28,Board Of Education District 11 (Multi-County),11,REP,Tracy J. Nuttall,18
Utah,25LE28,Board Of Education District 11 (Multi-County),11,REP,Under Votes,3
Utah,25LE28,Registered Voters,,,,298
Utah,25LE28,Registered Voters,,REP,,298
Utah,25LE28,Utah County Clerk,,REP,Aaron Davidson,22
Utah,25LE28,Utah County Clerk,,REP,Corey K Astill,26
Utah,25LE28,Utah County Clerk,,REP,Over Votes,0
Utah,25LE28,Utah County Clerk,,REP,Under Votes,1
Utah,25LE28,Utah County Commission Seat A,,REP,Brent V. Bowles,33
Utah,25LE28,Utah County Commission Seat A,,REP,Michelle Kaufusi,16
Utah,25LE28,Utah County Commission Seat A,,REP,Over Votes,0
Utah,25LE28,Utah County Commission Seat A,,REP,Under Votes,0
Utah,25LE28,Utah County Commission Seat B,,REP,Carolina Herrin,18
Utah,25LE28,Utah County Commission Seat B,,REP,David M. Spencer,15
Utah,25LE28,Utah County Commission Seat B,,REP,Isaac Paxman,16
Utah,25LE28,Utah County Commission Seat B,,REP,Over Votes,0
Utah,25LE28,Utah County Commission Seat B,,REP,Under Votes,0
Utah,25LE29,Ballots Cast,,,,134
Utah,25LE29,Ballots Cast,,REP,,134
Utah,25LE29,Ballots Cast Blank,,,,1
Utah,25LE29,Board Of Education District 11 (Multi-County),11,REP,Over Votes,0
Utah,25LE29,Board Of Education District 11 (Multi-County),11,REP,Terry L. Hutchinson,67
Utah,25LE29,Board Of Education District 11 (Multi-County),11,REP,Tracy J. Nuttall,65
Utah,25LE29,Board Of Education District 11 (Multi-County),11,REP,Under Votes,2
Utah,25LE29,Registered Voters,,,,512
Utah,25LE29,Registered Voters,,REP,,512
Utah,25LE29,Utah County Clerk,,REP,Aaron Davidson,57
Utah,25LE29,Utah County Clerk,,REP,Corey K Astill,75
Utah,25LE29,Utah County Clerk,,REP,Over Votes,0
Utah,25LE29,Utah County Clerk,,REP,Under Votes,2
Utah,25LE29,Utah County Commission Seat A,,REP,Brent V. Bowles,87
Utah,25LE29,Utah County Commission Seat A,,REP,Michelle Kaufusi,46
Utah,25LE29,Utah County Commission Seat A,,REP,Over Votes,0
Utah,25LE29,Utah County Commission Seat A,,REP,Under Votes,1
Utah,25LE29,Utah County Commission Seat B,,REP,Carolina Herrin,49
Utah,25LE29,Utah County Commission Seat B,,REP,David M. Spencer,61
Utah,25LE29,Utah County Commission Seat B,,REP,Isaac Paxman,23
Utah,25LE29,Utah County Commission Seat B,,REP,Over Votes,0
Utah,25LE29,Utah County Commission Seat B,,REP,Under Votes,1
Utah,25LE30,Ballots Cast,,,,29
Utah,25LE30,Ballots Cast,,REP,,29
Utah,25LE30,Ballots Cast Blank,,,,0
Utah,25LE30,Board Of Education District 11 (Multi-County),11,REP,Over Votes,0
Utah,25LE30,Board Of Education District 11 (Multi-County),11,REP,Terry L. Hutchinson,7
Utah,25LE30,Board Of Education District 11 (Multi-County),11,REP,Tracy J. Nuttall,21
Utah,25LE30,Board Of Education District 11 (Multi-County),11,REP,Under Votes,1
Utah,25LE30,Registered Voters,,,,205
Utah,25LE30,Registered Voters,,REP,,205
Utah,25LE30,Utah County Clerk,,REP,Aaron Davidson,7
Utah,25LE30,Utah County Clerk,,REP,Corey K Astill,21
Utah,25LE30,Utah County Clerk,,REP,Over Votes,0
Utah,25LE30,Utah County Clerk,,REP,Under Votes,1
Utah,25LE30,Utah County Commission Seat A,,REP,Brent V. Bowles,10
Utah,25LE30,Utah County Commission Seat A,,REP,Michelle Kaufusi,19
Utah,25LE30,Utah County Commission Seat A,,REP,Over Votes,0
Utah,25LE30,Utah County Commission Seat A,,REP,Under Votes,0
Utah,25LE30,Utah County Commission Seat B,,REP,Carolina Herrin,8
Utah,25LE30,Utah County Commission Seat B,,REP,David M. Spencer,12
Utah,25LE30,Utah County Commission Seat B,,REP,Isaac Paxman,8
Utah,25LE30,Utah County Commission Seat B,,REP,Over Votes,0
Utah,25LE30,Utah County Commission Seat B,,REP,Under Votes,1
Utah,25LE31,Ballots Cast,,,,57
Utah,25LE31,Ballots Cast,,REP,,57
Utah,25LE31,Ballots Cast Blank,,,,0
Utah,25LE31,Board Of Education District 11 (Multi-County),11,REP,Over Votes,0
Utah,25LE31,Board Of Education District 11 (Multi-County),11,REP,Terry L. Hutchinson,22
Utah,25LE31,Board Of Education District 11 (Multi-County),11,REP,Tracy J. Nuttall,35
Utah,25LE31,Board Of Education District 11 (Multi-County),11,REP,Under Votes,0
Utah,25LE31,Registered Voters,,,,242
Utah,25LE31,Registered Voters,,REP,,242
Utah,25LE31,Utah County Clerk,,REP,Aaron Davidson,19
Utah,25LE31,Utah County Clerk,,REP,Corey K Astill,38
Utah,25LE31,Utah County Clerk,,REP,Over Votes,0
Utah,25LE31,Utah County Clerk,,REP,Under Votes,0
Utah,25LE31,Utah County Commission Seat A,,REP,Brent V. Bowles,26
Utah,25LE31,Utah County Commission Seat A,,REP,Michelle Kaufusi,29
Utah,25LE31,Utah County Commission Seat A,,REP,Over Votes,0
Utah,25LE31,Utah County Commission Seat A,,REP,Under Votes,2
Utah,25LE31,Utah County Commission Seat B,,REP,Carolina Herrin,16
Utah,25LE31,Utah County Commission Seat B,,REP,David M. Spencer,27
Utah,25LE31,Utah County Commission Seat B,,REP,Isaac Paxman,12
Utah,25LE31,Utah County Commission Seat B,,REP,Over Votes,0
Utah,25LE31,Utah County Commission Seat B,,REP,Under Votes,2
Utah,25LE32,Ballots Cast,,,,86
Utah,25LE32,Ballots Cast,,REP,,86
Utah,25LE32,Ballots Cast Blank,,,,0
Utah,25LE32,Board Of Education District 11 (Multi-County),11,REP,Over Votes,0
Utah,25LE32,Board Of Education District 11 (Multi-County),11,REP,Terry L. Hutchinson,29
Utah,25LE32,Board Of Education District 11 (Multi-County),11,REP,Tracy J. Nuttall,57
Utah,25LE32,Board Of Education District 11 (Multi-County),11,REP,Under Votes,0
Utah,25LE32,Registered Voters,,,,411
Utah,25LE32,Registered Voters,,REP,,411
Utah,25LE32,Utah County Clerk,,REP,Aaron Davidson,37
Utah,25LE32,Utah County Clerk,,REP,Corey K Astill,49
Utah,25LE32,Utah County Clerk,,REP,Over Votes,0
Utah,25LE32,Utah County Clerk,,REP,Under Votes,0
Utah,25LE32,Utah County Commission Seat A,,REP,Brent V. Bowles,31
Utah,25LE32,Utah County Commission Seat A,,REP,Michelle Kaufusi,55
Utah,25LE32,Utah County Commission Seat A,,REP,Over Votes,0
Utah,25LE32,Utah County Commission Seat A,,REP,Under Votes,0
Utah,25LE32,Utah County Commission Seat B,,REP,Carolina Herrin,27
Utah,25LE32,Utah County Commission Seat B,,REP,David M. Spencer,20
Utah,25LE32,Utah County Commission Seat B,,REP,Isaac Paxman,37
Utah,25LE32,Utah County Commission Seat B,,REP,Over Votes,0
Utah,25LE32,Utah County Commission Seat B,,REP,Under Votes,2
Utah,25LE33,Ballots Cast,,,,154
Utah,25LE33,Ballots Cast,,REP,,154
Utah,25LE33,Ballots Cast Blank,,,,0
Utah,25LE33,Board Of Education District 11 (Multi-County),11,REP,Over Votes,0
Utah,25LE33,Board Of Education District 11 (Multi-County),11,REP,Terry L. Hutchinson,83
Utah,25LE33,Board Of Education District 11 (Multi-County),11,REP,Tracy J. Nuttall,71
Utah,25LE33,Board Of Education District 11 (Multi-County),11,REP,Under Votes,0
Utah,25LE33,Registered Voters,,,,517
Utah,25LE33,Registered Voters,,REP,,517
Utah,25LE33,Utah County Clerk,,REP,Aaron Davidson,63
Utah,25LE33,Utah County Clerk,,REP,Corey K Astill,88
Utah,25LE33,Utah County Clerk,,REP,Over Votes,0
Utah,25LE33,Utah County Clerk,,REP,Under Votes,3
Utah,25LE33,Utah County Commission Seat A,,REP,Brent V. Bowles,84
Utah,25LE33,Utah County Commission Seat A,,REP,Michelle Kaufusi,68
Utah,25LE33,Utah County Commission Seat A,,REP,Over Votes,0
Utah,25LE33,Utah County Commission Seat A,,REP,Under Votes,2
Utah,25LE33,Utah County Commission Seat B,,REP,Carolina Herrin,43
Utah,25LE33,Utah County Commission Seat B,,REP,David M. Spencer,72
Utah,25LE33,Utah County Commission Seat B,,REP,Isaac Paxman,39
Utah,25LE33,Utah County Commission Seat B,,REP,Over Votes,0
Utah,25LE33,Utah County Commission Seat B,,REP,Under Votes,0
Utah,25LE34,Ballots Cast,,,,131
Utah,25LE34,Ballots Cast,,REP,,131
Utah,25LE34,Ballots Cast Blank,,,,0
Utah,25LE34,Board Of Education District 11 (Multi-County),11,REP,Over Votes,0
Utah,25LE34,Board Of Education District 11 (Multi-County),11,REP,Terry L. Hutchinson,56
Utah,25LE34,Board Of Education District 11 (Multi-County),11,REP,Tracy J. Nuttall,71
Utah,25LE34,Board Of Education District 11 (Multi-County),11,REP,Under Votes,4
Utah,25LE34,Registered Voters,,,,559
Utah,25LE34,Registered Voters,,REP,,559
Utah,25LE34,Utah County Clerk,,REP,Aaron Davidson,52
Utah,25LE34,Utah County Clerk,,REP,Corey K Astill,78
Utah,25LE34,Utah County Clerk,,REP,Over Votes,0
Utah,25LE34,Utah County Clerk,,REP,Under Votes,1
Utah,25LE34,Utah County Commission Seat A,,REP,Brent V. Bowles,53
Utah,25LE34,Utah County Commission Seat A,,REP,Michelle Kaufusi,78
Utah,25LE34,Utah County Commission Seat A,,REP,Over Votes,0
Utah,25LE34,Utah County Commission Seat A,,REP,Under Votes,0
Utah,25LE34,Utah County Commission Seat B,,REP,Carolina Herrin,32
Utah,25LE34,Utah County Commission Seat B,,REP,David M. Spencer,53
Utah,25LE34,Utah County Commission Seat B,,REP,Isaac Paxman,46
Utah,25LE34,Utah County Commission Seat B,,REP,Over Votes,0
Utah,25LE34,Utah County Commission Seat B,,REP,Under Votes,0
Utah,25LE35,Ballots Cast,,,,135
Utah,25LE35,Ballots Cast,,REP,,135
Utah,25LE35,Ballots Cast Blank,,,,0
Utah,25LE35,Board Of Education District 11 (Multi-County),11,REP,Over Votes,0
Utah,25LE35,Board Of Education District 11 (Multi-County),11,REP,Terry L. Hutchinson,59
Utah,25LE35,Board Of Education District 11 (Multi-County),11,REP,Tracy J. Nuttall,74
Utah,25LE35,Board Of Education District 11 (Multi-County),11,REP,Under Votes,2
Utah,25LE35,Registered Voters,,,,568
Utah,25LE35,Registered Voters,,REP,,568
Utah,25LE35,Utah County Clerk,,REP,Aaron Davidson,50
Utah,25LE35,Utah County Clerk,,REP,Corey K Astill,82
Utah,25LE35,Utah County Clerk,,REP,Over Votes,0
Utah,25LE35,Utah County Clerk,,REP,Under Votes,3
Utah,25LE35,Utah County Commission Seat A,,REP,Brent V. Bowles,57
Utah,25LE35,Utah County Commission Seat A,,REP,Michelle Kaufusi,78
Utah,25LE35,Utah County Commission Seat A,,REP,Over Votes,0
Utah,25LE35,Utah County Commission Seat A,,REP,Under Votes,0
Utah,25LE35,Utah County Commission Seat B,,REP,Carolina Herrin,31
Utah,25LE35,Utah County Commission Seat B,,REP,David M. Spencer,55
Utah,25LE35,Utah County Commission Seat B,,REP,Isaac Paxman,49
Utah,25LE35,Utah County Commission Seat B,,REP,Over Votes,0
Utah,25LE35,Utah County Commission Seat B,,REP,Under Votes,0
Utah,25LE36,Ballots Cast,,,,135
Utah,25LE36,Ballots Cast,,REP,,135
Utah,25LE36,Ballots Cast Blank,,,,0
Utah,25LE36,Board Of Education District 11 (Multi-County),11,REP,Over Votes,0
Utah,25LE36,Board Of Education District 11 (Multi-County),11,REP,Terry L. Hutchinson,44
Utah,25LE36,Board Of Education District 11 (Multi-County),11,REP,Tracy J. Nuttall,88
Utah,25LE36,Board Of Education District 11 (Multi-County),11,REP,Under Votes,3
Utah,25LE36,Registered Voters,,,,747
Utah,25LE36,Registered Voters,,REP,,747
Utah,25LE36,Utah County Clerk,,REP,Aaron Davidson,57
Utah,25LE36,Utah County Clerk,,REP,Corey K Astill,76
Utah,25LE36,Utah County Clerk,,REP,Over Votes,0
Utah,25LE36,Utah County Clerk,,REP,Under Votes,2
Utah,25LE36,Utah County Commission Seat A,,REP,Brent V. Bowles,57
Utah,25LE36,Utah County Commission Seat A,,REP,Michelle Kaufusi,77
Utah,25LE36,Utah County Commission Seat A,,REP,Over Votes,0
Utah,25LE36,Utah County Commission Seat A,,REP,Under Votes,1
Utah,25LE36,Utah County Commission Seat B,,REP,Carolina Herrin,33
Utah,25LE36,Utah County Commission Seat B,,REP,David M. Spencer,42
Utah,25LE36,Utah County Commission Seat B,,REP,Isaac Paxman,60
Utah,25LE36,Utah County Commission Seat B,,REP,Over Votes,0
Utah,25LE36,Utah County Commission Seat B,,REP,Under Votes,0
Utah,25LE37,Ballots Cast,,,,134
Utah,25LE37,Ballots Cast,,REP,,134
Utah,25LE37,Ballots Cast Blank,,,,0
Utah,25LE37,Board Of Education District 11 (Multi-County),11,REP,Over Votes,0
Utah,25LE37,Board Of Education District 11 (Multi-County),11,REP,Terry L. Hutchinson,73
Utah,25LE37,Board Of Education District 11 (Multi-County),11,REP,Tracy J. Nuttall,61
Utah,25LE37,Board Of Education District 11 (Multi-County),11,REP,Under Votes,0
Utah,25LE37,Registered Voters,,,,734
Utah,25LE37,Registered Voters,,REP,,734
Utah,25LE37,Utah County Clerk,,REP,Aaron Davidson,50
Utah,25LE37,Utah County Clerk,,REP,Corey K Astill,83
Utah,25LE37,Utah County Clerk,,REP,Over Votes,0
Utah,25LE37,Utah County Clerk,,REP,Under Votes,1
Utah,25LE37,Utah County Commission Seat A,,REP,Brent V. Bowles,54
Utah,25LE37,Utah County Commission Seat A,,REP,Michelle Kaufusi,79
Utah,25LE37,Utah County Commission Seat A,,REP,Over Votes,0
Utah,25LE37,Utah County Commission Seat A,,REP,Under Votes,1
Utah,25LE37,Utah County Commission Seat B,,REP,Carolina Herrin,38
Utah,25LE37,Utah County Commission Seat B,,REP,David M. Spencer,43
Utah,25LE37,Utah County Commission Seat B,,REP,Isaac Paxman,53
Utah,25LE37,Utah County Commission Seat B,,REP,Over Votes,0
Utah,25LE37,Utah County Commission Seat B,,REP,Under Votes,0
Utah,25LE38,Ballots Cast,,,,113
Utah,25LE38,Ballots Cast,,REP,,113
Utah,25LE38,Ballots Cast Blank,,,,0
Utah,25LE38,Board Of Education District 11 (Multi-County),11,REP,Over Votes,0
Utah,25LE38,Board Of Education District 11 (Multi-County),11,REP,Terry L. Hutchinson,58
Utah,25LE38,Board Of Education District 11 (Multi-County),11,REP,Tracy J. Nuttall,51
Utah,25LE38,Board Of Education District 11 (Multi-County),11,REP,Under Votes,4
Utah,25LE38,Registered Voters,,,,530
Utah,25LE38,Registered Voters,,REP,,530
Utah,25LE38,Utah County Clerk,,REP,Aaron Davidson,58
Utah,25LE38,Utah County Clerk,,REP,Corey K Astill,54
Utah,25LE38,Utah County Clerk,,REP,Over Votes,0
Utah,25LE38,Utah County Clerk,,REP,Under Votes,1
Utah,25LE38,Utah County Commission Seat A,,REP,Brent V. Bowles,64
Utah,25LE38,Utah County Commission Seat A,,REP,Michelle Kaufusi,49
Utah,25LE38,Utah County Commission Seat A,,REP,Over Votes,0
Utah,25LE38,Utah County Commission Seat A,,REP,Under Votes,0
Utah,25LE38,Utah County Commission Seat B,,REP,Carolina Herrin,28
Utah,25LE38,Utah County Commission Seat B,,REP,David M. Spencer,49
Utah,25LE38,Utah County Commission Seat B,,REP,Isaac Paxman,35
Utah,25LE38,Utah County Commission Seat B,,REP,Over Votes,0
Utah,25LE38,Utah County Commission Seat B,,REP,Under Votes,1
Utah,25LE39,Ballots Cast,,,,90
Utah,25LE39,Ballots Cast,,REP,,90
Utah,25LE39,Ballots Cast Blank,,,,0
Utah,25LE39,Registered Voters,,,,391
Utah,25LE39,Registered Voters,,REP,,391
Utah,25LE39,Utah County Clerk,,REP,Aaron Davidson,29
Utah,25LE39,Utah County Clerk,,REP,Corey K Astill,61
Utah,25LE39,Utah County Clerk,,REP,Over Votes,0
Utah,25LE39,Utah County Clerk,,REP,Under Votes,0
Utah,25LE39,Utah County Commission Seat A,,REP,Brent V. Bowles,42
Utah,25LE39,Utah County Commission Seat A,,REP,Michelle Kaufusi,48
Utah,25LE39,Utah County Commission Seat A,,REP,Over Votes,0
Utah,25LE39,Utah County Commission Seat A,,REP,Under Votes,0
Utah,25LE39,Utah County Commission Seat B,,REP,Carolina Herrin,27
Utah,25LE39,Utah County Commission Seat B,,REP,David M. Spencer,33
Utah,25LE39,Utah County Commission Seat B,,REP,Isaac Paxman,30
Utah,25LE39,Utah County Commission Seat B,,REP,Over Votes,0
Utah,25LE39,Utah County Commission Seat B,,REP,Under Votes,0
Utah,25LE40,Ballots Cast,,,,122
Utah,25LE40,Ballots Cast,,REP,,122
Utah,25LE40,Ballots Cast Blank,,,,0
Utah,25LE40,Board Of Education District 11 (Multi-County),11,REP,Over Votes,0
Utah,25LE40,Board Of Education District 11 (Multi-County),11,REP,Terry L. Hutchinson,53
Utah,25LE40,Board Of Education District 11 (Multi-County),11,REP,Tracy J. Nuttall,65
Utah,25LE40,Board Of Education District 11 (Multi-County),11,REP,Under Votes,4
Utah,25LE40,Registered Voters,,,,656
Utah,25LE40,Registered Voters,,REP,,656
Utah,25LE40,Utah County Clerk,,REP,Aaron Davidson,49
Utah,25LE40,Utah County Clerk,,REP,Corey K Astill,69
Utah,25LE40,Utah County Clerk,,REP,Over Votes,0
Utah,25LE40,Utah County Clerk,,REP,Under Votes,4
Utah,25LE40,Utah County Commission Seat A,,REP,Brent V. Bowles,64
Utah,25LE40,Utah County Commission Seat A,,REP,Michelle Kaufusi,56
Utah,25LE40,Utah County Commission Seat A,,REP,Over Votes,0
Utah,25LE40,Utah County Commission Seat A,,REP,Under Votes,2
Utah,25LE40,Utah County Commission Seat B,,REP,Carolina Herrin,32
Utah,25LE40,Utah County Commission Seat B,,REP,David M. Spencer,52
Utah,25LE40,Utah County Commission Seat B,,REP,Isaac Paxman,36
Utah,25LE40,Utah County Commission Seat B,,REP,Over Votes,0
Utah,25LE40,Utah County Commission Seat B,,REP,Under Votes,2
Utah,25LE41,Ballots Cast,,,,92
Utah,25LE41,Ballots Cast,,REP,,92
Utah,25LE41,Ballots Cast Blank,,,,0
Utah,25LE41,Board Of Education District 11 (Multi-County),11,REP,Over Votes,0
Utah,25LE41,Board Of Education District 11 (Multi-County),11,REP,Terry L. Hutchinson,36
Utah,25LE41,Board Of Education District 11 (Multi-County),11,REP,Tracy J. Nuttall,55
Utah,25LE41,Board Of Education District 11 (Multi-County),11,REP,Under Votes,1
Utah,25LE41,Registered Voters,,,,445
Utah,25LE41,Registered Voters,,REP,,445
Utah,25LE41,Utah County Clerk,,REP,Aaron Davidson,36
Utah,25LE41,Utah County Clerk,,REP,Corey K Astill,56
Utah,25LE41,Utah County Clerk,,REP,Over Votes,0
Utah,25LE41,Utah County Clerk,,REP,Under Votes,0
Utah,25LE41,Utah County Commission Seat A,,REP,Brent V. Bowles,41
Utah,25LE41,Utah County Commission Seat A,,REP,Michelle Kaufusi,51
Utah,25LE41,Utah County Commission Seat A,,REP,Over Votes,0
Utah,25LE41,Utah County Commission Seat A,,REP,Under Votes,0
Utah,25LE41,Utah County Commission Seat B,,REP,Carolina Herrin,31
Utah,25LE41,Utah County Commission Seat B,,REP,David M. Spencer,34
Utah,25LE41,Utah County Commission Seat B,,REP,Isaac Paxman,27
Utah,25LE41,Utah County Commission Seat B,,REP,Over Votes,0
Utah,25LE41,Utah County Commission Seat B,,REP,Under Votes,0
Utah,25LE42,Ballots Cast,,,,72
Utah,25LE42,Ballots Cast,,REP,,72
Utah,25LE42,Ballots Cast Blank,,,,0
Utah,25LE42,Board Of Education District 11 (Multi-County),11,REP,Over Votes,0
Utah,25LE42,Board Of Education District 11 (Multi-County),11,REP,Terry L. Hutchinson,34
Utah,25LE42,Board Of Education District 11 (Multi-County),11,REP,Tracy J. Nuttall,36
Utah,25LE42,Board Of Education District 11 (Multi-County),11,REP,Under Votes,2
Utah,25LE42,Registered Voters,,,,347
Utah,25LE42,Registered Voters,,REP,,347
Utah,25LE42,Utah County Clerk,,REP,Aaron Davidson,26
Utah,25LE42,Utah County Clerk,,REP,Corey K Astill,46
Utah,25LE42,Utah County Clerk,,REP,Over Votes,0
Utah,25LE42,Utah County Clerk,,REP,Under Votes,0
Utah,25LE42,Utah County Commission Seat A,,REP,Brent V. Bowles,41
Utah,25LE42,Utah County Commission Seat A,,REP,Michelle Kaufusi,31
Utah,25LE42,Utah County Commission Seat A,,REP,Over Votes,0
Utah,25LE42,Utah County Commission Seat A,,REP,Under Votes,0
Utah,25LE42,Utah County Commission Seat B,,REP,Carolina Herrin,17
Utah,25LE42,Utah County Commission Seat B,,REP,David M. Spencer,38
Utah,25LE42,Utah County Commission Seat B,,REP,Isaac Paxman,15
Utah,25LE42,Utah County Commission Seat B,,REP,Over Votes,0
Utah,25LE42,Utah County Commission Seat B,,REP,Under Votes,2
Utah,25LE43,Ballots Cast,,,,74
Utah,25LE43,Ballots Cast,,REP,,74
Utah,25LE43,Ballots Cast Blank,,,,0
Utah,25LE43,Board Of Education District 11 (Multi-County),11,REP,Over Votes,0
Utah,25LE43,Board Of Education District 11 (Multi-County),11,REP,Terry L. Hutchinson,46
Utah,25LE43,Board Of Education District 11 (Multi-County),11,REP,Tracy J. Nuttall,27
Utah,25LE43,Board Of Education District 11 (Multi-County),11,REP,Under Votes,1
Utah,25LE43,Registered Voters,,,,482
Utah,25LE43,Registered Voters,,REP,,482
Utah,25LE43,Utah County Clerk,,REP,Aaron Davidson,31
Utah,25LE43,Utah County Clerk,,REP,Corey K Astill,40
Utah,25LE43,Utah County Clerk,,REP,Over Votes,0
Utah,25LE43,Utah County Clerk,,REP,Under Votes,3
Utah,25LE43,Utah County Commission Seat A,,REP,Brent V. Bowles,34
Utah,25LE43,Utah County Commission Seat A,,REP,Michelle Kaufusi,40
Utah,25LE43,Utah County Commission Seat A,,REP,Over Votes,0
Utah,25LE43,Utah County Commission Seat A,,REP,Under Votes,0
Utah,25LE43,Utah County Commission Seat B,,REP,Carolina Herrin,11
Utah,25LE43,Utah County Commission Seat B,,REP,David M. Spencer,37
Utah,25LE43,Utah County Commission Seat B,,REP,Isaac Paxman,26
Utah,25LE43,Utah County Commission Seat B,,REP,Over Votes,0
Utah,25LE43,Utah County Commission Seat B,,REP,Under Votes,0
Utah,25LE44 Suppressed,Ballots Cast,,,,6
Utah,25LE44 Suppressed,Ballots Cast,,REP,,6
Utah,25LE44 Suppressed,Ballots Cast Blank,,,,0
Utah,25LE44 Suppressed,Registered Voters,,,,84
Utah,25LE44 Suppressed,Registered Voters,,REP,,84
Utah,25LE45,Ballots Cast,,,,59
Utah,25LE45,Ballots Cast,,REP,,59
Utah,25LE45,Ballots Cast Blank,,,,0
Utah,25LE45,Board Of Education District 11 (Multi-County),11,REP,Over Votes,0
Utah,25LE45,Board Of Education District 11 (Multi-County),11,REP,Terry L. Hutchinson,20
Utah,25LE45,Board Of Education District 11 (Multi-County),11,REP,Tracy J. Nuttall,38
Utah,25LE45,Board Of Education District 11 (Multi-County),11,REP,Under Votes,1
Utah,25LE45,Registered Voters,,,,756
Utah,25LE45,Registered Voters,,REP,,756
Utah,25LE45,Utah County Clerk,,REP,Aaron Davidson,19
Utah,25LE45,Utah County Clerk,,REP,Corey K Astill,39
Utah,25LE45,Utah County Clerk,,REP,Over Votes,0
Utah,25LE45,Utah County Clerk,,REP,Under Votes,1
Utah,25LE45,Utah County Commission Seat A,,REP,Brent V. Bowles,17
Utah,25LE45,Utah County Commission Seat A,,REP,Michelle Kaufusi,42
Utah,25LE45,Utah County Commission Seat A,,REP,Over Votes,0
Utah,25LE45,Utah County Commission Seat A,,REP,Under Votes,0
Utah,25LE45,Utah County Commission Seat B,,REP,Carolina Herrin,18
Utah,25LE45,Utah County Commission Seat B,,REP,David M. Spencer,15
Utah,25LE45,Utah County Commission Seat B,,REP,Isaac Paxman,24
Utah,25LE45,Utah County Commission Seat B,,REP,Over Votes,0
Utah,25LE45,Utah County Commission Seat B,,REP,Under Votes,2
Utah,25LE46,Ballots Cast,,,,31
Utah,25LE46,Ballots Cast,,REP,,31
Utah,25LE46,Ballots Cast Blank,,,,0
Utah,25LE46,Board Of Education District 11 (Multi-County),11,REP,Over Votes,0
Utah,25LE46,Board Of Education District 11 (Multi-County),11,REP,Terry L. Hutchinson,23
Utah,25LE46,Board Of Education District 11 (Multi-County),11,REP,Tracy J. Nuttall,8
Utah,25LE46,Board Of Education District 11 (Multi-County),11,REP,Under Votes,0
Utah,25LE46,Registered Voters,,,,358
Utah,25LE46,Registered Voters,,REP,,358
Utah,25LE46,Utah County Clerk,,REP,Aaron Davidson,16
Utah,25LE46,Utah County Clerk,,REP,Corey K Astill,15
Utah,25LE46,Utah County Clerk,,REP,Over Votes,0
Utah,25LE46,Utah County Clerk,,REP,Under Votes,0
Utah,25LE46,Utah County Commission Seat A,,REP,Brent V. Bowles,21
Utah,25LE46,Utah County Commission Seat A,,REP,Michelle Kaufusi,10
Utah,25LE46,Utah County Commission Seat A,,REP,Over Votes,0
Utah,25LE46,Utah County Commission Seat A,,REP,Under Votes,0
Utah,25LE46,Utah County Commission Seat B,,REP,Carolina Herrin,9
Utah,25LE46,Utah County Commission Seat B,,REP,David M. Spencer,17
Utah,25LE46,Utah County Commission Seat B,,REP,Isaac Paxman,5
Utah,25LE46,Utah County Commission Seat B,,REP,Over Votes,0
Utah,25LE46,Utah County Commission Seat B,,REP,Under Votes,0
Utah,25LE47,Ballots Cast,,,,0
Utah,25LE47,Ballots Cast,,REP,,0
Utah,25LE47,Ballots Cast Blank,,,,0
Utah,25LE47,Board Of Education District 11 (Multi-County),11,REP,Over Votes,0
Utah,25LE47,Board Of Education District 11 (Multi-County),11,REP,Terry L. Hutchinson,0
Utah,25LE47,Board Of Education District 11 (Multi-County),11,REP,Tracy J. Nuttall,0
Utah,25LE47,Board Of Education District 11 (Multi-County),11,REP,Under Votes,0
Utah,25LE47,Registered Voters,,,,0
Utah,25LE47,Registered Voters,,REP,,0
Utah,25LE47,Senate,18,REP,Daniel McCay,0
Utah,25LE47,Senate,18,REP,Doug Fiefia,0
Utah,25LE47,Senate,18,REP,Over Votes,0
Utah,25LE47,Senate,18,REP,Under Votes,0
Utah,25LE47,Utah County Clerk,,REP,Aaron Davidson,0
Utah,25LE47,Utah County Clerk,,REP,Corey K Astill,0
Utah,25LE47,Utah County Clerk,,REP,Over Votes,0
Utah,25LE47,Utah County Clerk,,REP,Under Votes,0
Utah,25LE47,Utah County Commission Seat A,,REP,Brent V. Bowles,0
Utah,25LE47,Utah County Commission Seat A,,REP,Michelle Kaufusi,0
Utah,25LE47,Utah County Commission Seat A,,REP,Over Votes,0
Utah,25LE47,Utah County Commission Seat A,,REP,Under Votes,0
Utah,25LE47,Utah County Commission Seat B,,REP,Carolina Herrin,0
Utah,25LE47,Utah County Commission Seat B,,REP,David M. Spencer,0
Utah,25LE47,Utah County Commission Seat B,,REP,Isaac Paxman,0
Utah,25LE47,Utah County Commission Seat B,,REP,Over Votes,0
Utah,25LE47,Utah County Commission Seat B,,REP,Under Votes,0
Utah,25LE48,Ballots Cast,,,,58
Utah,25LE48,Ballots Cast,,REP,,58
Utah,25LE48,Ballots Cast Blank,,,,0
Utah,25LE48,Board Of Education District 11 (Multi-County),11,REP,Over Votes,0
Utah,25LE48,Board Of Education District 11 (Multi-County),11,REP,Terry L. Hutchinson,15
Utah,25LE48,Board Of Education District 11 (Multi-County),11,REP,Tracy J. Nuttall,40
Utah,25LE48,Board Of Education District 11 (Multi-County),11,REP,Under Votes,3
Utah,25LE48,Registered Voters,,,,565
Utah,25LE48,Registered Voters,,REP,,565
Utah,25LE48,Utah County Clerk,,REP,Aaron Davidson,21
Utah,25LE48,Utah County Clerk,,REP,Corey K Astill,36
Utah,25LE48,Utah County Clerk,,REP,Over Votes,0
Utah,25LE48,Utah County Clerk,,REP,Under Votes,1
Utah,25LE48,Utah County Commission Seat A,,REP,Brent V. Bowles,20
Utah,25LE48,Utah County Commission Seat A,,REP,Michelle Kaufusi,38
Utah,25LE48,Utah County Commission Seat A,,REP,Over Votes,0
Utah,25LE48,Utah County Commission Seat A,,REP,Under Votes,0
Utah,25LE48,Utah County Commission Seat B,,REP,Carolina Herrin,12
Utah,25LE48,Utah County Commission Seat B,,REP,David M. Spencer,23
Utah,25LE48,Utah County Commission Seat B,,REP,Isaac Paxman,22
Utah,25LE48,Utah County Commission Seat B,,REP,Over Votes,0
Utah,25LE48,Utah County Commission Seat B,,REP,Under Votes,1
Utah,25LE49,Ballots Cast,,,,32
Utah,25LE49,Ballots Cast,,REP,,32
Utah,25LE49,Ballots Cast Blank,,,,0
Utah,25LE49,Registered Voters,,,,200
Utah,25LE49,Registered Voters,,REP,,200
Utah,25LE49,Utah County Clerk,,REP,Aaron Davidson,8
Utah,25LE49,Utah County Clerk,,REP,Corey K Astill,24
Utah,25LE49,Utah County Clerk,,REP,Over Votes,0
Utah,25LE49,Utah County Clerk,,REP,Under Votes,0
Utah,25LE49,Utah County Commission Seat A,,REP,Brent V. Bowles,16
Utah,25LE49,Utah County Commission Seat A,,REP,Michelle Kaufusi,15
Utah,25LE49,Utah County Commission Seat A,,REP,Over Votes,0
Utah,25LE49,Utah County Commission Seat A,,REP,Under Votes,1
Utah,25LE49,Utah County Commission Seat B,,REP,Carolina Herrin,9
Utah,25LE49,Utah County Commission Seat B,,REP,David M. Spencer,10
Utah,25LE49,Utah County Commission Seat B,,REP,Isaac Paxman,13
Utah,25LE49,Utah County Commission Seat B,,REP,Over Votes,0
Utah,25LE49,Utah County Commission Seat B,,REP,Under Votes,0
Utah,25LE50,Ballots Cast,,,,38
Utah,25LE50,Ballots Cast,,REP,,38
Utah,25LE50,Ballots Cast Blank,,,,0
Utah,25LE50,Board Of Education District 11 (Multi-County),11,REP,Over Votes,0
Utah,25LE50,Board Of Education District 11 (Multi-County),11,REP,Terry L. Hutchinson,22
Utah,25LE50,Board Of Education District 11 (Multi-County),11,REP,Tracy J. Nuttall,14
Utah,25LE50,Board Of Education District 11 (Multi-County),11,REP,Under Votes,2
Utah,25LE50,Registered Voters,,,,502
Utah,25LE50,Registered Voters,,REP,,502
Utah,25LE50,Utah County Clerk,,REP,Aaron Davidson,9
Utah,25LE50,Utah County Clerk,,REP,Corey K Astill,29
Utah,25LE50,Utah County Clerk,,REP,Over Votes,0
Utah,25LE50,Utah County Clerk,,REP,Under Votes,0
Utah,25LE50,Utah County Commission Seat A,,REP,Brent V. Bowles,15
Utah,25LE50,Utah County Commission Seat A,,REP,Michelle Kaufusi,23
Utah,25LE50,Utah County Commission Seat A,,REP,Over Votes,0
Utah,25LE50,Utah County Commission Seat A,,REP,Under Votes,0
Utah,25LE50,Utah County Commission Seat B,,REP,Carolina Herrin,9
Utah,25LE50,Utah County Commission Seat B,,REP,David M. Spencer,14
Utah,25LE50,Utah County Commission Seat B,,REP,Isaac Paxman,15
Utah,25LE50,Utah County Commission Seat B,,REP,Over Votes,0
Utah,25LE50,Utah County Commission Seat B,,REP,Under Votes,0
Utah,25LE51,Ballots Cast,,,,96
Utah,25LE51,Ballots Cast,,REP,,96
Utah,25LE51,Ballots Cast Blank,,,,0
Utah,25LE51,Board Of Education District 11 (Multi-County),11,REP,Over Votes,0
Utah,25LE51,Board Of Education District 11 (Multi-County),11,REP,Terry L. Hutchinson,34
Utah,25LE51,Board Of Education District 11 (Multi-County),11,REP,Tracy J. Nuttall,60
Utah,25LE51,Board Of Education District 11 (Multi-County),11,REP,Under Votes,2
Utah,25LE51,Registered Voters,,,,565
Utah,25LE51,Registered Voters,,REP,,565
Utah,25LE51,Utah County Clerk,,REP,Aaron Davidson,40
Utah,25LE51,Utah County Clerk,,REP,Corey K Astill,53
Utah,25LE51,Utah County Clerk,,REP,Over Votes,0
Utah,25LE51,Utah County Clerk,,REP,Under Votes,3
Utah,25LE51,Utah County Commission Seat A,,REP,Brent V. Bowles,46
Utah,25LE51,Utah County Commission Seat A,,REP,Michelle Kaufusi,49
Utah,25LE51,Utah County Commission Seat A,,REP,Over Votes,0
Utah,25LE51,Utah County Commission Seat A,,REP,Under Votes,1
Utah,25LE51,Utah County Commission Seat B,,REP,Carolina Herrin,23
Utah,25LE51,Utah County Commission Seat B,,REP,David M. Spencer,42
Utah,25LE51,Utah County Commission Seat B,,REP,Isaac Paxman,30
Utah,25LE51,Utah County Commission Seat B,,REP,Over Votes,0
Utah,25LE51,Utah County Commission Seat B,,REP,Under Votes,1
Utah,25LE52,Ballots Cast,,,,139
Utah,25LE52,Ballots Cast,,REP,,139
Utah,25LE52,Ballots Cast Blank,,,,0
Utah,25LE52,Board Of Education District 11 (Multi-County),11,REP,Over Votes,0
Utah,25LE52,Board Of Education District 11 (Multi-County),11,REP,Terry L. Hutchinson,60
Utah,25LE52,Board Of Education District 11 (Multi-County),11,REP,Tracy J. Nuttall,79
Utah,25LE52,Board Of Education District 11 (Multi-County),11,REP,Under Votes,0
Utah,25LE52,Registered Voters,,,,646
Utah,25LE52,Registered Voters,,REP,,646
Utah,25LE52,Utah County Clerk,,REP,Aaron Davidson,53
Utah,25LE52,Utah County Clerk,,REP,Corey K Astill,86
Utah,25LE52,Utah County Clerk,,REP,Over Votes,0
Utah,25LE52,Utah County Clerk,,REP,Under Votes,0
Utah,25LE52,Utah County Commission Seat A,,REP,Brent V. Bowles,58
Utah,25LE52,Utah County Commission Seat A,,REP,Michelle Kaufusi,80
Utah,25LE52,Utah County Commission Seat A,,REP,Over Votes,0
Utah,25LE52,Utah County Commission Seat A,,REP,Under Votes,1
Utah,25LE52,Utah County Commission Seat B,,REP,Carolina Herrin,34
Utah,25LE52,Utah County Commission Seat B,,REP,David M. Spencer,56
Utah,25LE52,Utah County Commission Seat B,,REP,Isaac Paxman,49
Utah,25LE52,Utah County Commission Seat B,,REP,Over Votes,0
Utah,25LE52,Utah County Commission Seat B,,REP,Under Votes,0
Utah,25LE53,Ballots Cast,,,,89
Utah,25LE53,Ballots Cast,,REP,,89
Utah,25LE53,Ballots Cast Blank,,,,0
Utah,25LE53,Board Of Education District 11 (Multi-County),11,REP,Over Votes,0
Utah,25LE53,Board Of Education District 11 (Multi-County),11,REP,Terry L. Hutchinson,50
Utah,25LE53,Board Of Education District 11 (Multi-County),11,REP,Tracy J. Nuttall,39
Utah,25LE53,Board Of Education District 11 (Multi-County),11,REP,Under Votes,0
Utah,25LE53,Registered Voters,,,,463
Utah,25LE53,Registered Voters,,REP,,463
Utah,25LE53,Utah County Clerk,,REP,Aaron Davidson,34
Utah,25LE53,Utah County Clerk,,REP,Corey K Astill,54
Utah,25LE53,Utah County Clerk,,REP,Over Votes,0
Utah,25LE53,Utah County Clerk,,REP,Under Votes,1
Utah,25LE53,Utah County Commission Seat A,,REP,Brent V. Bowles,32
Utah,25LE53,Utah County Commission Seat A,,REP,Michelle Kaufusi,55
Utah,25LE53,Utah County Commission Seat A,,REP,Over Votes,1
Utah,25LE53,Utah County Commission Seat A,,REP,Under Votes,1
Utah,25LE53,Utah County Commission Seat B,,REP,Carolina Herrin,13
Utah,25LE53,Utah County Commission Seat B,,REP,David M. Spencer,43
Utah,25LE53,Utah County Commission Seat B,,REP,Isaac Paxman,32
Utah,25LE53,Utah County Commission Seat B,,REP,Over Votes,0
Utah,25LE53,Utah County Commission Seat B,,REP,Under Votes,1
Utah,25LE55,Ballots Cast,,,,108
Utah,25LE55,Ballots Cast,,REP,,108
Utah,25LE55,Ballots Cast Blank,,,,0
Utah,25LE55,Registered Voters,,,,511
Utah,25LE55,Registered Voters,,REP,,511
Utah,25LE55,Utah County Clerk,,REP,Aaron Davidson,49
Utah,25LE55,Utah County Clerk,,REP,Corey K Astill,58
Utah,25LE55,Utah County Clerk,,REP,Over Votes,0
Utah,25LE55,Utah County Clerk,,REP,Under Votes,1
Utah,25LE55,Utah County Commission Seat A,,REP,Brent V. Bowles,52
Utah,25LE55,Utah County Commission Seat A,,REP,Michelle Kaufusi,56
Utah,25LE55,Utah County Commission Seat A,,REP,Over Votes,0
Utah,25LE55,Utah County Commission Seat A,,REP,Under Votes,0
Utah,25LE55,Utah County Commission Seat B,,REP,Carolina Herrin,26
Utah,25LE55,Utah County Commission Seat B,,REP,David M. Spencer,46
Utah,25LE55,Utah County Commission Seat B,,REP,Isaac Paxman,33
Utah,25LE55,Utah County Commission Seat B,,REP,Over Votes,0
Utah,25LE55,Utah County Commission Seat B,,REP,Under Votes,3
Utah,25LE56,Ballots Cast,,,,151
Utah,25LE56,Ballots Cast,,REP,,151
Utah,25LE56,Ballots Cast Blank,,,,0
Utah,25LE56,Board Of Education District 11 (Multi-County),11,REP,Over Votes,0
Utah,25LE56,Board Of Education District 11 (Multi-County),11,REP,Terry L. Hutchinson,64
Utah,25LE56,Board Of Education District 11 (Multi-County),11,REP,Tracy J. Nuttall,86
Utah,25LE56,Board Of Education District 11 (Multi-County),11,REP,Under Votes,1
Utah,25LE56,Registered Voters,,,,605
Utah,25LE56,Registered Voters,,REP,,605
Utah,25LE56,Utah County Clerk,,REP,Aaron Davidson,62
Utah,25LE56,Utah County Clerk,,REP,Corey K Astill,87
Utah,25LE56,Utah County Clerk,,REP,Over Votes,0
Utah,25LE56,Utah County Clerk,,REP,Under Votes,2
Utah,25LE56,Utah County Commission Seat A,,REP,Brent V. Bowles,58
Utah,25LE56,Utah County Commission Seat A,,REP,Michelle Kaufusi,90
Utah,25LE56,Utah County Commission Seat A,,REP,Over Votes,0
Utah,25LE56,Utah County Commission Seat A,,REP,Under Votes,3
Utah,25LE56,Utah County Commission Seat B,,REP,Carolina Herrin,42
Utah,25LE56,Utah County Commission Seat B,,REP,David M. Spencer,55
Utah,25LE56,Utah County Commission Seat B,,REP,Isaac Paxman,51
Utah,25LE56,Utah County Commission Seat B,,REP,Over Votes,0
Utah,25LE56,Utah County Commission Seat B,,REP,Under Votes,3
Utah,25LI01,Ballots Cast,,,,154
Utah,25LI01,Ballots Cast,,REP,,154
Utah,25LI01,Ballots Cast Blank,,,,0
Utah,25LI01,Registered Voters,,,,605
Utah,25LI01,Registered Voters,,REP,,605
Utah,25LI01,Utah County Clerk,,REP,Aaron Davidson,71
Utah,25LI01,Utah County Clerk,,REP,Corey K Astill,81
Utah,25LI01,Utah County Clerk,,REP,Over Votes,0
Utah,25LI01,Utah County Clerk,,REP,Under Votes,2
Utah,25LI01,Utah County Commission Seat A,,REP,Brent V. Bowles,87
Utah,25LI01,Utah County Commission Seat A,,REP,Michelle Kaufusi,67
Utah,25LI01,Utah County Commission Seat A,,REP,Over Votes,0
Utah,25LI01,Utah County Commission Seat A,,REP,Under Votes,0
Utah,25LI01,Utah County Commission Seat B,,REP,Carolina Herrin,26
Utah,25LI01,Utah County Commission Seat B,,REP,David M. Spencer,82
Utah,25LI01,Utah County Commission Seat B,,REP,Isaac Paxman,44
Utah,25LI01,Utah County Commission Seat B,,REP,Over Votes,0
Utah,25LI01,Utah County Commission Seat B,,REP,Under Votes,2
Utah,25LI02,Ballots Cast,,,,207
Utah,25LI02,Ballots Cast,,REP,,207
Utah,25LI02,Ballots Cast Blank,,,,0
Utah,25LI02,Registered Voters,,,,690
Utah,25LI02,Registered Voters,,REP,,690
Utah,25LI02,Utah County Clerk,,REP,Aaron Davidson,97
Utah,25LI02,Utah County Clerk,,REP,Corey K Astill,109
Utah,25LI02,Utah County Clerk,,REP,Over Votes,0
Utah,25LI02,Utah County Clerk,,REP,Under Votes,1
Utah,25LI02,Utah County Commission Seat A,,REP,Brent V. Bowles,99
Utah,25LI02,Utah County Commission Seat A,,REP,Michelle Kaufusi,108
Utah,25LI02,Utah County Commission Seat A,,REP,Over Votes,0
Utah,25LI02,Utah County Commission Seat A,,REP,Under Votes,0
Utah,25LI02,Utah County Commission Seat B,,REP,Carolina Herrin,47
Utah,25LI02,Utah County Commission Seat B,,REP,David M. Spencer,100
Utah,25LI02,Utah County Commission Seat B,,REP,Isaac Paxman,59
Utah,25LI02,Utah County Commission Seat B,,REP,Over Votes,0
Utah,25LI02,Utah County Commission Seat B,,REP,Under Votes,1
Utah,25LI03,Ballots Cast,,,,183
Utah,25LI03,Ballots Cast,,REP,,183
Utah,25LI03,Ballots Cast Blank,,,,0
Utah,25LI03,Registered Voters,,,,510
Utah,25LI03,Registered Voters,,REP,,510
Utah,25LI03,Utah County Clerk,,REP,Aaron Davidson,79
Utah,25LI03,Utah County Clerk,,REP,Corey K Astill,101
Utah,25LI03,Utah County Clerk,,REP,Over Votes,0
Utah,25LI03,Utah County Clerk,,REP,Under Votes,3
Utah,25LI03,Utah County Commission Seat A,,REP,Brent V. Bowles,101
Utah,25LI03,Utah County Commission Seat A,,REP,Michelle Kaufusi,80
Utah,25LI03,Utah County Commission Seat A,,REP,Over Votes,0
Utah,25LI03,Utah County Commission Seat A,,REP,Under Votes,2
Utah,25LI03,Utah County Commission Seat B,,REP,Carolina Herrin,43
Utah,25LI03,Utah County Commission Seat B,,REP,David M. Spencer,92
Utah,25LI03,Utah County Commission Seat B,,REP,Isaac Paxman,46
Utah,25LI03,Utah County Commission Seat B,,REP,Over Votes,1
Utah,25LI03,Utah County Commission Seat B,,REP,Under Votes,1
Utah,25LI04,Ballots Cast,,,,246
Utah,25LI04,Ballots Cast,,REP,,246
Utah,25LI04,Ballots Cast Blank,,,,1
Utah,25LI04,Registered Voters,,,,674
Utah,25LI04,Registered Voters,,REP,,674
Utah,25LI04,Utah County Clerk,,REP,Aaron Davidson,142
Utah,25LI04,Utah County Clerk,,REP,Corey K Astill,100
Utah,25LI04,Utah County Clerk,,REP,Over Votes,0
Utah,25LI04,Utah County Clerk,,REP,Under Votes,4
Utah,25LI04,Utah County Commission Seat A,,REP,Brent V. Bowles,128
Utah,25LI04,Utah County Commission Seat A,,REP,Michelle Kaufusi,117
Utah,25LI04,Utah County Commission Seat A,,REP,Over Votes,0
Utah,25LI04,Utah County Commission Seat A,,REP,Under Votes,1
Utah,25LI04,Utah County Commission Seat B,,REP,Carolina Herrin,20
Utah,25LI04,Utah County Commission Seat B,,REP,David M. Spencer,132
Utah,25LI04,Utah County Commission Seat B,,REP,Isaac Paxman,91
Utah,25LI04,Utah County Commission Seat B,,REP,Over Votes,0
Utah,25LI04,Utah County Commission Seat B,,REP,Under Votes,3
Utah,25LI05,Ballots Cast,,,,261
Utah,25LI05,Ballots Cast,,REP,,261
Utah,25LI05,Ballots Cast Blank,,,,0
Utah,25LI05,Registered Voters,,,,684
Utah,25LI05,Registered Voters,,REP,,684
Utah,25LI05,Utah County Clerk,,REP,Aaron Davidson,139
Utah,25LI05,Utah County Clerk,,REP,Corey K Astill,120
Utah,25LI05,Utah County Clerk,,REP,Over Votes,0
Utah,25LI05,Utah County Clerk,,REP,Under Votes,2
Utah,25LI05,Utah County Commission Seat A,,REP,Brent V. Bowles,146
Utah,25LI05,Utah County Commission Seat A,,REP,Michelle Kaufusi,115
Utah,25LI05,Utah County Commission Seat A,,REP,Over Votes,0
Utah,25LI05,Utah County Commission Seat A,,REP,Under Votes,0
Utah,25LI05,Utah County Commission Seat B,,REP,Carolina Herrin,48
Utah,25LI05,Utah County Commission Seat B,,REP,David M. Spencer,136
Utah,25LI05,Utah County Commission Seat B,,REP,Isaac Paxman,73
Utah,25LI05,Utah County Commission Seat B,,REP,Over Votes,0
Utah,25LI05,Utah County Commission Seat B,,REP,Under Votes,4
Utah,25LI06,Ballots Cast,,,,318
Utah,25LI06,Ballots Cast,,REP,,318
Utah,25LI06,Ballots Cast Blank,,,,0
Utah,25LI06,Registered Voters,,,,822
Utah,25LI06,Registered Voters,,REP,,822
Utah,25LI06,Senate,21,REP,Brady Brammer,178
Utah,25LI06,Senate,21,REP,Kelly Smith,132
Utah,25LI06,Senate,21,REP,Over Votes,0
Utah,25LI06,Senate,21,REP,Under Votes,8
Utah,25LI06,Utah County Clerk,,REP,Aaron Davidson,180
Utah,25LI06,Utah County Clerk,,REP,Corey K Astill,129
Utah,25LI06,Utah County Clerk,,REP,Over Votes,0
Utah,25LI06,Utah County Clerk,,REP,Under Votes,9
Utah,25LI06,Utah County Commission Seat A,,REP,Brent V. Bowles,153
Utah,25LI06,Utah County Commission Seat A,,REP,Michelle Kaufusi,163
Utah,25LI06,Utah County Commission Seat A,,REP,Over Votes,0
Utah,25LI06,Utah County Commission Seat A,,REP,Under Votes,2
Utah,25LI06,Utah County Commission Seat B,,REP,Carolina Herrin,64
Utah,25LI06,Utah County Commission Seat B,,REP,David M. Spencer,148
Utah,25LI06,Utah County Commission Seat B,,REP,Isaac Paxman,100
Utah,25LI06,Utah County Commission Seat B,,REP,Over Votes,0
Utah,25LI06,Utah County Commission Seat B,,REP,Under Votes,6
Utah,25LI07,Ballots Cast,,,,183
Utah,25LI07,Ballots Cast,,REP,,183
Utah,25LI07,Ballots Cast Blank,,,,0
Utah,25LI07,Registered Voters,,,,455
Utah,25LI07,Registered Voters,,REP,,455
Utah,25LI07,Senate,21,REP,Brady Brammer,115
Utah,25LI07,Senate,21,REP,Kelly Smith,64
Utah,25LI07,Senate,21,REP,Over Votes,0
Utah,25LI07,Senate,21,REP,Under Votes,4
Utah,25LI07,Utah County Clerk,,REP,Aaron Davidson,100
Utah,25LI07,Utah County Clerk,,REP,Corey K Astill,80
Utah,25LI07,Utah County Clerk,,REP,Over Votes,0
Utah,25LI07,Utah County Clerk,,REP,Under Votes,3
Utah,25LI07,Utah County Commission Seat A,,REP,Brent V. Bowles,83
Utah,25LI07,Utah County Commission Seat A,,REP,Michelle Kaufusi,99
Utah,25LI07,Utah County Commission Seat A,,REP,Over Votes,0
Utah,25LI07,Utah County Commission Seat A,,REP,Under Votes,1
Utah,25LI07,Utah County Commission Seat B,,REP,Carolina Herrin,24
Utah,25LI07,Utah County Commission Seat B,,REP,David M. Spencer,69
Utah,25LI07,Utah County Commission Seat B,,REP,Isaac Paxman,87
Utah,25LI07,Utah County Commission Seat B,,REP,Over Votes,0
Utah,25LI07,Utah County Commission Seat B,,REP,Under Votes,3
Utah,25LI08,Ballots Cast,,,,127
Utah,25LI08,Ballots Cast,,REP,,127
Utah,25LI08,Ballots Cast Blank,,,,0
Utah,25LI08,Registered Voters,,,,394
Utah,25LI08,Registered Voters,,REP,,394
Utah,25LI08,Senate,21,REP,Brady Brammer,90
Utah,25LI08,Senate,21,REP,Kelly Smith,35
Utah,25LI08,Senate,21,REP,Over Votes,0
Utah,25LI08,Senate,21,REP,Under Votes,2
Utah,25LI08,Utah County Clerk,,REP,Aaron Davidson,63
Utah,25LI08,Utah County Clerk,,REP,Corey K Astill,64
Utah,25LI08,Utah County Clerk,,REP,Over Votes,0
Utah,25LI08,Utah County Clerk,,REP,Under Votes,0
Utah,25LI08,Utah County Commission Seat A,,REP,Brent V. Bowles,52
Utah,25LI08,Utah County Commission Seat A,,REP,Michelle Kaufusi,74
Utah,25LI08,Utah County Commission Seat A,,REP,Over Votes,0
Utah,25LI08,Utah County Commission Seat A,,REP,Under Votes,1
Utah,25LI08,Utah County Commission Seat B,,REP,Carolina Herrin,25
Utah,25LI08,Utah County Commission Seat B,,REP,David M. Spencer,45
Utah,25LI08,Utah County Commission Seat B,,REP,Isaac Paxman,54
Utah,25LI08,Utah County Commission Seat B,,REP,Over Votes,0
Utah,25LI08,Utah County Commission Seat B,,REP,Under Votes,3
Utah,25LI09,Ballots Cast,,,,78
Utah,25LI09,Ballots Cast,,REP,,78
Utah,25LI09,Ballots Cast Blank,,,,0
Utah,25LI09,Registered Voters,,,,340
Utah,25LI09,Registered Voters,,REP,,340
Utah,25LI09,Senate,21,REP,Brady Brammer,53
Utah,25LI09,Senate,21,REP,Kelly Smith,25
Utah,25LI09,Senate,21,REP,Over Votes,0
Utah,25LI09,Senate,21,REP,Under Votes,0
Utah,25LI09,Utah County Clerk,,REP,Aaron Davidson,27
Utah,25LI09,Utah County Clerk,,REP,Corey K Astill,41
Utah,25LI09,Utah County Clerk,,REP,Over Votes,0
Utah,25LI09,Utah County Clerk,,REP,Under Votes,10
Utah,25LI09,Utah County Commission Seat A,,REP,Brent V. Bowles,31
Utah,25LI09,Utah County Commission Seat A,,REP,Michelle Kaufusi,46
Utah,25LI09,Utah County Commission Seat A,,REP,Over Votes,0
Utah,25LI09,Utah County Commission Seat A,,REP,Under Votes,1
Utah,25LI09,Utah County Commission Seat B,,REP,Carolina Herrin,20
Utah,25LI09,Utah County Commission Seat B,,REP,David M. Spencer,22
Utah,25LI09,Utah County Commission Seat B,,REP,Isaac Paxman,30
Utah,25LI09,Utah County Commission Seat B,,REP,Over Votes,0
Utah,25LI09,Utah County Commission Seat B,,REP,Under Votes,6
Utah,25MA01,Ballots Cast,,,,242
Utah,25MA01,Ballots Cast,,REP,,242
Utah,25MA01,Ballots Cast Blank,,,,0
Utah,25MA01,Registered Voters,,,,738
Utah,25MA01,Registered Voters,,REP,,738
Utah,25MA01,U.S. House,3,REP,Celeste Maloy,176
Utah,25MA01,U.S. House,3,REP,Over Votes,0
Utah,25MA01,U.S. House,3,REP,Phil Lyman,64
Utah,25MA01,U.S. House,3,REP,Under Votes,2
Utah,25MA01,Utah County Clerk,,REP,Aaron Davidson,101
Utah,25MA01,Utah County Clerk,,REP,Corey K Astill,131
Utah,25MA01,Utah County Clerk,,REP,Over Votes,0
Utah,25MA01,Utah County Clerk,,REP,Under Votes,10
Utah,25MA01,Utah County Commission Seat A,,REP,Brent V. Bowles,106
Utah,25MA01,Utah County Commission Seat A,,REP,Michelle Kaufusi,130
Utah,25MA01,Utah County Commission Seat A,,REP,Over Votes,0
Utah,25MA01,Utah County Commission Seat A,,REP,Under Votes,6
Utah,25MA01,Utah County Commission Seat B,,REP,Carolina Herrin,44
Utah,25MA01,Utah County Commission Seat B,,REP,David M. Spencer,97
Utah,25MA01,Utah County Commission Seat B,,REP,Isaac Paxman,94
Utah,25MA01,Utah County Commission Seat B,,REP,Over Votes,0
Utah,25MA01,Utah County Commission Seat B,,REP,Under Votes,7
Utah,25MA02,Ballots Cast,,,,244
Utah,25MA02,Ballots Cast,,REP,,244
Utah,25MA02,Ballots Cast Blank,,,,0
Utah,25MA02,Registered Voters,,,,663
Utah,25MA02,Registered Voters,,REP,,663
Utah,25MA02,U.S. House,3,REP,Celeste Maloy,167
Utah,25MA02,U.S. House,3,REP,Over Votes,0
Utah,25MA02,U.S. House,3,REP,Phil Lyman,73
Utah,25MA02,U.S. House,3,REP,Under Votes,4
Utah,25MA02,Utah County Clerk,,REP,Aaron Davidson,99
Utah,25MA02,Utah County Clerk,,REP,Corey K Astill,127
Utah,25MA02,Utah County Clerk,,REP,Over Votes,0
Utah,25MA02,Utah County Clerk,,REP,Under Votes,18
Utah,25MA02,Utah County Commission Seat A,,REP,Brent V. Bowles,107
Utah,25MA02,Utah County Commission Seat A,,REP,Michelle Kaufusi,134
Utah,25MA02,Utah County Commission Seat A,,REP,Over Votes,0
Utah,25MA02,Utah County Commission Seat A,,REP,Under Votes,3
Utah,25MA02,Utah County Commission Seat B,,REP,Carolina Herrin,27
Utah,25MA02,Utah County Commission Seat B,,REP,David M. Spencer,73
Utah,25MA02,Utah County Commission Seat B,,REP,Isaac Paxman,136
Utah,25MA02,Utah County Commission Seat B,,REP,Over Votes,0
Utah,25MA02,Utah County Commission Seat B,,REP,Under Votes,8
Utah,25MA03,Ballots Cast,,,,194
Utah,25MA03,Ballots Cast,,REP,,194
Utah,25MA03,Ballots Cast Blank,,,,0
Utah,25MA03,Registered Voters,,,,622
Utah,25MA03,Registered Voters,,REP,,622
Utah,25MA03,U.S. House,3,REP,Celeste Maloy,133
Utah,25MA03,U.S. House,3,REP,Over Votes,0
Utah,25MA03,U.S. House,3,REP,Phil Lyman,57
Utah,25MA03,U.S. House,3,REP,Under Votes,4
Utah,25MA03,Utah County Clerk,,REP,Aaron Davidson,94
Utah,25MA03,Utah County Clerk,,REP,Corey K Astill,91
Utah,25MA03,Utah County Clerk,,REP,Over Votes,0
Utah,25MA03,Utah County Clerk,,REP,Under Votes,9
Utah,25MA03,Utah County Commission Seat A,,REP,Brent V. Bowles,93
Utah,25MA03,Utah County Commission Seat A,,REP,Michelle Kaufusi,100
Utah,25MA03,Utah County Commission Seat A,,REP,Over Votes,0
Utah,25MA03,Utah County Commission Seat A,,REP,Under Votes,1
Utah,25MA03,Utah County Commission Seat B,,REP,Carolina Herrin,60
Utah,25MA03,Utah County Commission Seat B,,REP,David M. Spencer,69
Utah,25MA03,Utah County Commission Seat B,,REP,Isaac Paxman,60
Utah,25MA03,Utah County Commission Seat B,,REP,Over Votes,0
Utah,25MA03,Utah County Commission Seat B,,REP,Under Votes,5
Utah,25MA04,Ballots Cast,,,,266
Utah,25MA04,Ballots Cast,,REP,,266
Utah,25MA04,Ballots Cast Blank,,,,0
Utah,25MA04,Registered Voters,,,,862
Utah,25MA04,Registered Voters,,REP,,862
Utah,25MA04,U.S. House,3,REP,Celeste Maloy,183
Utah,25MA04,U.S. House,3,REP,Over Votes,0
Utah,25MA04,U.S. House,3,REP,Phil Lyman,81
Utah,25MA04,U.S. House,3,REP,Under Votes,2
Utah,25MA04,Utah County Clerk,,REP,Aaron Davidson,89
Utah,25MA04,Utah County Clerk,,REP,Corey K Astill,156
Utah,25MA04,Utah County Clerk,,REP,Over Votes,0
Utah,25MA04,Utah County Clerk,,REP,Under Votes,21
Utah,25MA04,Utah County Commission Seat A,,REP,Brent V. Bowles,108
Utah,25MA04,Utah County Commission Seat A,,REP,Michelle Kaufusi,153
Utah,25MA04,Utah County Commission Seat A,,REP,Over Votes,0
Utah,25MA04,Utah County Commission Seat A,,REP,Under Votes,5
Utah,25MA04,Utah County Commission Seat B,,REP,Carolina Herrin,56
Utah,25MA04,Utah County Commission Seat B,,REP,David M. Spencer,98
Utah,25MA04,Utah County Commission Seat B,,REP,Isaac Paxman,101
Utah,25MA04,Utah County Commission Seat B,,REP,Over Votes,0
Utah,25MA04,Utah County Commission Seat B,,REP,Under Votes,11
Utah,25MA05,Ballots Cast,,,,200
Utah,25MA05,Ballots Cast,,REP,,200
Utah,25MA05,Ballots Cast Blank,,,,0
Utah,25MA05,Registered Voters,,,,820
Utah,25MA05,Registered Voters,,REP,,820
Utah,25MA05,U.S. House,3,REP,Celeste Maloy,107
Utah,25MA05,U.S. House,3,REP,Over Votes,0
Utah,25MA05,U.S. House,3,REP,Phil Lyman,86
Utah,25MA05,U.S. House,3,REP,Under Votes,7
Utah,25MA05,Utah County Clerk,,REP,Aaron Davidson,96
Utah,25MA05,Utah County Clerk,,REP,Corey K Astill,95
Utah,25MA05,Utah County Clerk,,REP,Over Votes,0
Utah,25MA05,Utah County Clerk,,REP,Under Votes,9
Utah,25MA05,Utah County Commission Seat A,,REP,Brent V. Bowles,78
Utah,25MA05,Utah County Commission Seat A,,REP,Michelle Kaufusi,118
Utah,25MA05,Utah County Commission Seat A,,REP,Over Votes,0
Utah,25MA05,Utah County Commission Seat A,,REP,Under Votes,4
Utah,25MA05,Utah County Commission Seat B,,REP,Carolina Herrin,37
Utah,25MA05,Utah County Commission Seat B,,REP,David M. Spencer,72
Utah,25MA05,Utah County Commission Seat B,,REP,Isaac Paxman,82
Utah,25MA05,Utah County Commission Seat B,,REP,Over Votes,0
Utah,25MA05,Utah County Commission Seat B,,REP,Under Votes,9
Utah,25MA06,Ballots Cast,,,,233
Utah,25MA06,Ballots Cast,,REP,,233
Utah,25MA06,Ballots Cast Blank,,,,0
Utah,25MA06,Registered Voters,,,,641
Utah,25MA06,Registered Voters,,REP,,641
Utah,25MA06,U.S. House,3,REP,Celeste Maloy,172
Utah,25MA06,U.S. House,3,REP,Over Votes,0
Utah,25MA06,U.S. House,3,REP,Phil Lyman,53
Utah,25MA06,U.S. House,3,REP,Under Votes,8
Utah,25MA06,Utah County Clerk,,REP,Aaron Davidson,96
Utah,25MA06,Utah County Clerk,,REP,Corey K Astill,124
Utah,25MA06,Utah County Clerk,,REP,Over Votes,0
Utah,25MA06,Utah County Clerk,,REP,Under Votes,13
Utah,25MA06,Utah County Commission Seat A,,REP,Brent V. Bowles,84
Utah,25MA06,Utah County Commission Seat A,,REP,Michelle Kaufusi,146
Utah,25MA06,Utah County Commission Seat A,,REP,Over Votes,0
Utah,25MA06,Utah County Commission Seat A,,REP,Under Votes,3
Utah,25MA06,Utah County Commission Seat B,,REP,Carolina Herrin,70
Utah,25MA06,Utah County Commission Seat B,,REP,David M. Spencer,75
Utah,25MA06,Utah County Commission Seat B,,REP,Isaac Paxman,80
Utah,25MA06,Utah County Commission Seat B,,REP,Over Votes,0
Utah,25MA06,Utah County Commission Seat B,,REP,Under Votes,8
Utah,25MA07,Ballots Cast,,,,192
Utah,25MA07,Ballots Cast,,REP,,192
Utah,25MA07,Ballots Cast Blank,,,,0
Utah,25MA07,Registered Voters,,,,729
Utah,25MA07,Registered Voters,,REP,,729
Utah,25MA07,U.S. House,3,REP,Celeste Maloy,140
Utah,25MA07,U.S. House,3,REP,Over Votes,0
Utah,25MA07,U.S. House,3,REP,Phil Lyman,52
Utah,25MA07,U.S. House,3,REP,Under Votes,0
Utah,25MA07,Utah County Clerk,,REP,Aaron Davidson,77
Utah,25MA07,Utah County Clerk,,REP,Corey K Astill,109
Utah,25MA07,Utah County Clerk,,REP,Over Votes,0
Utah,25MA07,Utah County Clerk,,REP,Under Votes,6
Utah,25MA07,Utah County Commission Seat A,,REP,Brent V. Bowles,83
Utah,25MA07,Utah County Commission Seat A,,REP,Michelle Kaufusi,109
Utah,25MA07,Utah County Commission Seat A,,REP,Over Votes,0
Utah,25MA07,Utah County Commission Seat A,,REP,Under Votes,0
Utah,25MA07,Utah County Commission Seat B,,REP,Carolina Herrin,38
Utah,25MA07,Utah County Commission Seat B,,REP,David M. Spencer,62
Utah,25MA07,Utah County Commission Seat B,,REP,Isaac Paxman,85
Utah,25MA07,Utah County Commission Seat B,,REP,Over Votes,0
Utah,25MA07,Utah County Commission Seat B,,REP,Under Votes,7
Utah,25MA08,Ballots Cast,,,,150
Utah,25MA08,Ballots Cast,,REP,,150
Utah,25MA08,Ballots Cast Blank,,,,0
Utah,25MA08,Registered Voters,,,,399
Utah,25MA08,Registered Voters,,REP,,399
Utah,25MA08,U.S. House,3,REP,Celeste Maloy,95
Utah,25MA08,U.S. House,3,REP,Over Votes,0
Utah,25MA08,U.S. House,3,REP,Phil Lyman,52
Utah,25MA08,U.S. House,3,REP,Under Votes,3
Utah,25MA08,Utah County Clerk,,REP,Aaron Davidson,55
Utah,25MA08,Utah County Clerk,,REP,Corey K Astill,89
Utah,25MA08,Utah County Clerk,,REP,Over Votes,0
Utah,25MA08,Utah County Clerk,,REP,Under Votes,6
Utah,25MA08,Utah County Commission Seat A,,REP,Brent V. Bowles,64
Utah,25MA08,Utah County Commission Seat A,,REP,Michelle Kaufusi,84
Utah,25MA08,Utah County Commission Seat A,,REP,Over Votes,0
Utah,25MA08,Utah County Commission Seat A,,REP,Under Votes,2
Utah,25MA08,Utah County Commission Seat B,,REP,Carolina Herrin,50
Utah,25MA08,Utah County Commission Seat B,,REP,David M. Spencer,57
Utah,25MA08,Utah County Commission Seat B,,REP,Isaac Paxman,36
Utah,25MA08,Utah County Commission Seat B,,REP,Over Votes,0
Utah,25MA08,Utah County Commission Seat B,,REP,Under Votes,7
Utah,25MA09,Ballots Cast,,,,273
Utah,25MA09,Ballots Cast,,REP,,273
Utah,25MA09,Ballots Cast Blank,,,,0
Utah,25MA09,Registered Voters,,,,1111
Utah,25MA09,Registered Voters,,REP,,1111
Utah,25MA09,U.S. House,3,REP,Celeste Maloy,182
Utah,25MA09,U.S. House,3,REP,Over Votes,0
Utah,25MA09,U.S. House,3,REP,Phil Lyman,85
Utah,25MA09,U.S. House,3,REP,Under Votes,6
Utah,25MA09,Utah County Clerk,,REP,Aaron Davidson,97
Utah,25MA09,Utah County Clerk,,REP,Corey K Astill,157
Utah,25MA09,Utah County Clerk,,REP,Over Votes,0
Utah,25MA09,Utah County Clerk,,REP,Under Votes,19
Utah,25MA09,Utah County Commission Seat A,,REP,Brent V. Bowles,124
Utah,25MA09,Utah County Commission Seat A,,REP,Michelle Kaufusi,144
Utah,25MA09,Utah County Commission Seat A,,REP,Over Votes,0
Utah,25MA09,Utah County Commission Seat A,,REP,Under Votes,5
Utah,25MA09,Utah County Commission Seat B,,REP,Carolina Herrin,60
Utah,25MA09,Utah County Commission Seat B,,REP,David M. Spencer,100
Utah,25MA09,Utah County Commission Seat B,,REP,Isaac Paxman,109
Utah,25MA09,Utah County Commission Seat B,,REP,Over Votes,0
Utah,25MA09,Utah County Commission Seat B,,REP,Under Votes,4
Utah,25MA10,Ballots Cast,,,,109
Utah,25MA10,Ballots Cast,,REP,,109
Utah,25MA10,Ballots Cast Blank,,,,0
Utah,25MA10,Registered Voters,,,,422
Utah,25MA10,Registered Voters,,REP,,422
Utah,25MA10,U.S. House,3,REP,Celeste Maloy,66
Utah,25MA10,U.S. House,3,REP,Over Votes,0
Utah,25MA10,U.S. House,3,REP,Phil Lyman,41
Utah,25MA10,U.S. House,3,REP,Under Votes,2
Utah,25MA10,Utah County Clerk,,REP,Aaron Davidson,43
Utah,25MA10,Utah County Clerk,,REP,Corey K Astill,61
Utah,25MA10,Utah County Clerk,,REP,Over Votes,0
Utah,25MA10,Utah County Clerk,,REP,Under Votes,5
Utah,25MA10,Utah County Commission Seat A,,REP,Brent V. Bowles,56
Utah,25MA10,Utah County Commission Seat A,,REP,Michelle Kaufusi,53
Utah,25MA10,Utah County Commission Seat A,,REP,Over Votes,0
Utah,25MA10,Utah County Commission Seat A,,REP,Under Votes,0
Utah,25MA10,Utah County Commission Seat B,,REP,Carolina Herrin,25
Utah,25MA10,Utah County Commission Seat B,,REP,David M. Spencer,48
Utah,25MA10,Utah County Commission Seat B,,REP,Isaac Paxman,34
Utah,25MA10,Utah County Commission Seat B,,REP,Over Votes,0
Utah,25MA10,Utah County Commission Seat B,,REP,Under Votes,2
Utah,25NE01,Ballots Cast,,,,10
Utah,25NE01,Ballots Cast,,REP,,10
Utah,25NE01,Ballots Cast Blank,,,,0
Utah,25NE01,Board Of Education District 11 (Multi-County),11,REP,Over Votes,0
Utah,25NE01,Board Of Education District 11 (Multi-County),11,REP,Terry L. Hutchinson,7
Utah,25NE01,Board Of Education District 11 (Multi-County),11,REP,Tracy J. Nuttall,3
Utah,25NE01,Board Of Education District 11 (Multi-County),11,REP,Under Votes,0
Utah,25NE01,Registered Voters,,,,58
Utah,25NE01,Registered Voters,,REP,,58
Utah,25NE01,U.S. House,3,REP,Celeste Maloy,7
Utah,25NE01,U.S. House,3,REP,Over Votes,0
Utah,25NE01,U.S. House,3,REP,Phil Lyman,3
Utah,25NE01,U.S. House,3,REP,Under Votes,0
Utah,25NE01,Utah County Clerk,,REP,Aaron Davidson,3
Utah,25NE01,Utah County Clerk,,REP,Corey K Astill,7
Utah,25NE01,Utah County Clerk,,REP,Over Votes,0
Utah,25NE01,Utah County Clerk,,REP,Under Votes,0
Utah,25NE01,Utah County Commission Seat A,,REP,Brent V. Bowles,4
Utah,25NE01,Utah County Commission Seat A,,REP,Michelle Kaufusi,6
Utah,25NE01,Utah County Commission Seat A,,REP,Over Votes,0
Utah,25NE01,Utah County Commission Seat A,,REP,Under Votes,0
Utah,25NE01,Utah County Commission Seat B,,REP,Carolina Herrin,2
Utah,25NE01,Utah County Commission Seat B,,REP,David M. Spencer,2
Utah,25NE01,Utah County Commission Seat B,,REP,Isaac Paxman,6
Utah,25NE01,Utah County Commission Seat B,,REP,Over Votes,0
Utah,25NE01,Utah County Commission Seat B,,REP,Under Votes,0
Utah,25NE02,Ballots Cast,,,,0
Utah,25NE02,Ballots Cast,,REP,,0
Utah,25NE02,Ballots Cast Blank,,,,0
Utah,25NE02,Board Of Education District 11 (Multi-County),11,REP,Over Votes,0
Utah,25NE02,Board Of Education District 11 (Multi-County),11,REP,Terry L. Hutchinson,0
Utah,25NE02,Board Of Education District 11 (Multi-County),11,REP,Tracy J. Nuttall,0
Utah,25NE02,Board Of Education District 11 (Multi-County),11,REP,Under Votes,0
Utah,25NE02,Registered Voters,,,,0
Utah,25NE02,Registered Voters,,REP,,0
Utah,25NE02,Senate,21,REP,Brady Brammer,0
Utah,25NE02,Senate,21,REP,Kelly Smith,0
Utah,25NE02,Senate,21,REP,Over Votes,0
Utah,25NE02,Senate,21,REP,Under Votes,0
Utah,25NE02,U.S. House,3,REP,Celeste Maloy,0
Utah,25NE02,U.S. House,3,REP,Over Votes,0
Utah,25NE02,U.S. House,3,REP,Phil Lyman,0
Utah,25NE02,U.S. House,3,REP,Under Votes,0
Utah,25NE02,Utah County Clerk,,REP,Aaron Davidson,0
Utah,25NE02,Utah County Clerk,,REP,Corey K Astill,0
Utah,25NE02,Utah County Clerk,,REP,Over Votes,0
Utah,25NE02,Utah County Clerk,,REP,Under Votes,0
Utah,25NE02,Utah County Commission Seat A,,REP,Brent V. Bowles,0
Utah,25NE02,Utah County Commission Seat A,,REP,Michelle Kaufusi,0
Utah,25NE02,Utah County Commission Seat A,,REP,Over Votes,0
Utah,25NE02,Utah County Commission Seat A,,REP,Under Votes,0
Utah,25NE02,Utah County Commission Seat B,,REP,Carolina Herrin,0
Utah,25NE02,Utah County Commission Seat B,,REP,David M. Spencer,0
Utah,25NE02,Utah County Commission Seat B,,REP,Isaac Paxman,0
Utah,25NE02,Utah County Commission Seat B,,REP,Over Votes,0
Utah,25NE02,Utah County Commission Seat B,,REP,Under Votes,0
Utah,25NE03,Ballots Cast,,,,0
Utah,25NE03,Ballots Cast,,REP,,0
Utah,25NE03,Ballots Cast Blank,,,,0
Utah,25NE03,Registered Voters,,,,0
Utah,25NE03,Registered Voters,,REP,,0
Utah,25NE03,Senate,21,REP,Brady Brammer,0
Utah,25NE03,Senate,21,REP,Kelly Smith,0
Utah,25NE03,Senate,21,REP,Over Votes,0
Utah,25NE03,Senate,21,REP,Under Votes,0
Utah,25NE03,Utah County Clerk,,REP,Aaron Davidson,0
Utah,25NE03,Utah County Clerk,,REP,Corey K Astill,0
Utah,25NE03,Utah County Clerk,,REP,Over Votes,0
Utah,25NE03,Utah County Clerk,,REP,Under Votes,0
Utah,25NE03,Utah County Commission Seat A,,REP,Brent V. Bowles,0
Utah,25NE03,Utah County Commission Seat A,,REP,Michelle Kaufusi,0
Utah,25NE03,Utah County Commission Seat A,,REP,Over Votes,0
Utah,25NE03,Utah County Commission Seat A,,REP,Under Votes,0
Utah,25NE03,Utah County Commission Seat B,,REP,Carolina Herrin,0
Utah,25NE03,Utah County Commission Seat B,,REP,David M. Spencer,0
Utah,25NE03,Utah County Commission Seat B,,REP,Isaac Paxman,0
Utah,25NE03,Utah County Commission Seat B,,REP,Over Votes,0
Utah,25NE03,Utah County Commission Seat B,,REP,Under Votes,0
Utah,25NE04,Ballots Cast,,,,0
Utah,25NE04,Ballots Cast,,REP,,0
Utah,25NE04,Ballots Cast Blank,,,,0
Utah,25NE04,Registered Voters,,,,0
Utah,25NE04,Registered Voters,,REP,,0
Utah,25NE04,U.S. House,3,REP,Celeste Maloy,0
Utah,25NE04,U.S. House,3,REP,Over Votes,0
Utah,25NE04,U.S. House,3,REP,Phil Lyman,0
Utah,25NE04,U.S. House,3,REP,Under Votes,0
Utah,25NE04,Utah County Clerk,,REP,Aaron Davidson,0
Utah,25NE04,Utah County Clerk,,REP,Corey K Astill,0
Utah,25NE04,Utah County Clerk,,REP,Over Votes,0
Utah,25NE04,Utah County Clerk,,REP,Under Votes,0
Utah,25NE04,Utah County Commission Seat A,,REP,Brent V. Bowles,0
Utah,25NE04,Utah County Commission Seat A,,REP,Michelle Kaufusi,0
Utah,25NE04,Utah County Commission Seat A,,REP,Over Votes,0
Utah,25NE04,Utah County Commission Seat A,,REP,Under Votes,0
Utah,25NE04,Utah County Commission Seat B,,REP,Carolina Herrin,0
Utah,25NE04,Utah County Commission Seat B,,REP,David M. Spencer,0
Utah,25NE04,Utah County Commission Seat B,,REP,Isaac Paxman,0
Utah,25NE04,Utah County Commission Seat B,,REP,Over Votes,0
Utah,25NE04,Utah County Commission Seat B,,REP,Under Votes,0
Utah,25NE05,Ballots Cast,,,,0
Utah,25NE05,Ballots Cast,,REP,,0
Utah,25NE05,Ballots Cast Blank,,,,0
Utah,25NE05,Registered Voters,,,,0
Utah,25NE05,Registered Voters,,REP,,0
Utah,25NE05,Senate,21,REP,Brady Brammer,0
Utah,25NE05,Senate,21,REP,Kelly Smith,0
Utah,25NE05,Senate,21,REP,Over Votes,0
Utah,25NE05,Senate,21,REP,Under Votes,0
Utah,25NE05,Utah County Clerk,,REP,Aaron Davidson,0
Utah,25NE05,Utah County Clerk,,REP,Corey K Astill,0
Utah,25NE05,Utah County Clerk,,REP,Over Votes,0
Utah,25NE05,Utah County Clerk,,REP,Under Votes,0
Utah,25NE05,Utah County Commission Seat A,,REP,Brent V. Bowles,0
Utah,25NE05,Utah County Commission Seat A,,REP,Michelle Kaufusi,0
Utah,25NE05,Utah County Commission Seat A,,REP,Over Votes,0
Utah,25NE05,Utah County Commission Seat A,,REP,Under Votes,0
Utah,25NE05,Utah County Commission Seat B,,REP,Carolina Herrin,0
Utah,25NE05,Utah County Commission Seat B,,REP,David M. Spencer,0
Utah,25NE05,Utah County Commission Seat B,,REP,Isaac Paxman,0
Utah,25NE05,Utah County Commission Seat B,,REP,Over Votes,0
Utah,25NE05,Utah County Commission Seat B,,REP,Under Votes,0
Utah,25NE06,Ballots Cast,,,,54
Utah,25NE06,Ballots Cast,,REP,,54
Utah,25NE06,Ballots Cast Blank,,,,0
Utah,25NE06,Registered Voters,,,,121
Utah,25NE06,Registered Voters,,REP,,121
Utah,25NE06,U.S. House,3,REP,Celeste Maloy,31
Utah,25NE06,U.S. House,3,REP,Over Votes,0
Utah,25NE06,U.S. House,3,REP,Phil Lyman,22
Utah,25NE06,U.S. House,3,REP,Under Votes,1
Utah,25NE06,Utah County Clerk,,REP,Aaron Davidson,20
Utah,25NE06,Utah County Clerk,,REP,Corey K Astill,31
Utah,25NE06,Utah County Clerk,,REP,Over Votes,0
Utah,25NE06,Utah County Clerk,,REP,Under Votes,3
Utah,25NE06,Utah County Commission Seat A,,REP,Brent V. Bowles,17
Utah,25NE06,Utah County Commission Seat A,,REP,Michelle Kaufusi,34
Utah,25NE06,Utah County Commission Seat A,,REP,Over Votes,0
Utah,25NE06,Utah County Commission Seat A,,REP,Under Votes,3
Utah,25NE06,Utah County Commission Seat B,,REP,Carolina Herrin,7
Utah,25NE06,Utah County Commission Seat B,,REP,David M. Spencer,24
Utah,25NE06,Utah County Commission Seat B,,REP,Isaac Paxman,21
Utah,25NE06,Utah County Commission Seat B,,REP,Over Votes,0
Utah,25NE06,Utah County Commission Seat B,,REP,Under Votes,2
Utah,25NE07,Ballots Cast,,,,0
Utah,25NE07,Ballots Cast,,REP,,0
Utah,25NE07,Ballots Cast Blank,,,,0
Utah,25NE07,Board Of Education District 11 (Multi-County),11,REP,Over Votes,0
Utah,25NE07,Board Of Education District 11 (Multi-County),11,REP,Terry L. Hutchinson,0
Utah,25NE07,Board Of Education District 11 (Multi-County),11,REP,Tracy J. Nuttall,0
Utah,25NE07,Board Of Education District 11 (Multi-County),11,REP,Under Votes,0
Utah,25NE07,Registered Voters,,,,0
Utah,25NE07,Registered Voters,,REP,,0
Utah,25NE07,Senate,21,REP,Brady Brammer,0
Utah,25NE07,Senate,21,REP,Kelly Smith,0
Utah,25NE07,Senate,21,REP,Over Votes,0
Utah,25NE07,Senate,21,REP,Under Votes,0
Utah,25NE07,Utah County Clerk,,REP,Aaron Davidson,0
Utah,25NE07,Utah County Clerk,,REP,Corey K Astill,0
Utah,25NE07,Utah County Clerk,,REP,Over Votes,0
Utah,25NE07,Utah County Clerk,,REP,Under Votes,0
Utah,25NE07,Utah County Commission Seat A,,REP,Brent V. Bowles,0
Utah,25NE07,Utah County Commission Seat A,,REP,Michelle Kaufusi,0
Utah,25NE07,Utah County Commission Seat A,,REP,Over Votes,0
Utah,25NE07,Utah County Commission Seat A,,REP,Under Votes,0
Utah,25NE07,Utah County Commission Seat B,,REP,Carolina Herrin,0
Utah,25NE07,Utah County Commission Seat B,,REP,David M. Spencer,0
Utah,25NE07,Utah County Commission Seat B,,REP,Isaac Paxman,0
Utah,25NE07,Utah County Commission Seat B,,REP,Over Votes,0
Utah,25NE07,Utah County Commission Seat B,,REP,Under Votes,0
Utah,25NE08,Ballots Cast,,,,16
Utah,25NE08,Ballots Cast,,REP,,16
Utah,25NE08,Ballots Cast Blank,,,,0
Utah,25NE08,Board Of Education District 11 (Multi-County),11,REP,Over Votes,0
Utah,25NE08,Board Of Education District 11 (Multi-County),11,REP,Terry L. Hutchinson,12
Utah,25NE08,Board Of Education District 11 (Multi-County),11,REP,Tracy J. Nuttall,4
Utah,25NE08,Board Of Education District 11 (Multi-County),11,REP,Under Votes,0
Utah,25NE08,Registered Voters,,,,38
Utah,25NE08,Registered Voters,,REP,,38
Utah,25NE08,Senate,21,REP,Brady Brammer,13
Utah,25NE08,Senate,21,REP,Kelly Smith,3
Utah,25NE08,Senate,21,REP,Over Votes,0
Utah,25NE08,Senate,21,REP,Under Votes,0
Utah,25NE08,Utah County Clerk,,REP,Aaron Davidson,11
Utah,25NE08,Utah County Clerk,,REP,Corey K Astill,5
Utah,25NE08,Utah County Clerk,,REP,Over Votes,0
Utah,25NE08,Utah County Clerk,,REP,Under Votes,0
Utah,25NE08,Utah County Commission Seat A,,REP,Brent V. Bowles,15
Utah,25NE08,Utah County Commission Seat A,,REP,Michelle Kaufusi,1
Utah,25NE08,Utah County Commission Seat A,,REP,Over Votes,0
Utah,25NE08,Utah County Commission Seat A,,REP,Under Votes,0
Utah,25NE08,Utah County Commission Seat B,,REP,Carolina Herrin,0
Utah,25NE08,Utah County Commission Seat B,,REP,David M. Spencer,12
Utah,25NE08,Utah County Commission Seat B,,REP,Isaac Paxman,4
Utah,25NE08,Utah County Commission Seat B,,REP,Over Votes,0
Utah,25NE08,Utah County Commission Seat B,,REP,Under Votes,0
Utah,25NE09 Suppressed,Ballots Cast,,,,2
Utah,25NE09 Suppressed,Ballots Cast,,REP,,2
Utah,25NE09 Suppressed,Ballots Cast Blank,,,,0
Utah,25NE09 Suppressed,Registered Voters,,,,3
Utah,25NE09 Suppressed,Registered Voters,,REP,,3
Utah,25NE10,Ballots Cast,,,,0
Utah,25NE10,Ballots Cast,,REP,,0
Utah,25NE10,Ballots Cast Blank,,,,0
Utah,25NE10,Registered Voters,,,,2
Utah,25NE10,Registered Voters,,REP,,2
Utah,25NE10,U.S. House,3,REP,Celeste Maloy,0
Utah,25NE10,U.S. House,3,REP,Over Votes,0
Utah,25NE10,U.S. House,3,REP,Phil Lyman,0
Utah,25NE10,U.S. House,3,REP,Under Votes,0
Utah,25NE10,Utah County Clerk,,REP,Aaron Davidson,0
Utah,25NE10,Utah County Clerk,,REP,Corey K Astill,0
Utah,25NE10,Utah County Clerk,,REP,Over Votes,0
Utah,25NE10,Utah County Clerk,,REP,Under Votes,0
Utah,25NE10,Utah County Commission Seat A,,REP,Brent V. Bowles,0
Utah,25NE10,Utah County Commission Seat A,,REP,Michelle Kaufusi,0
Utah,25NE10,Utah County Commission Seat A,,REP,Over Votes,0
Utah,25NE10,Utah County Commission Seat A,,REP,Under Votes,0
Utah,25NE10,Utah County Commission Seat B,,REP,Carolina Herrin,0
Utah,25NE10,Utah County Commission Seat B,,REP,David M. Spencer,0
Utah,25NE10,Utah County Commission Seat B,,REP,Isaac Paxman,0
Utah,25NE10,Utah County Commission Seat B,,REP,Over Votes,0
Utah,25NE10,Utah County Commission Seat B,,REP,Under Votes,0
Utah,25NE11,Ballots Cast,,,,11
Utah,25NE11,Ballots Cast,,REP,,11
Utah,25NE11,Ballots Cast Blank,,,,0
Utah,25NE11,Registered Voters,,,,16
Utah,25NE11,Registered Voters,,REP,,16
Utah,25NE11,U.S. House,3,REP,Celeste Maloy,10
Utah,25NE11,U.S. House,3,REP,Over Votes,0
Utah,25NE11,U.S. House,3,REP,Phil Lyman,1
Utah,25NE11,U.S. House,3,REP,Under Votes,0
Utah,25NE11,Utah County Clerk,,REP,Aaron Davidson,6
Utah,25NE11,Utah County Clerk,,REP,Corey K Astill,5
Utah,25NE11,Utah County Clerk,,REP,Over Votes,0
Utah,25NE11,Utah County Clerk,,REP,Under Votes,0
Utah,25NE11,Utah County Commission Seat A,,REP,Brent V. Bowles,6
Utah,25NE11,Utah County Commission Seat A,,REP,Michelle Kaufusi,5
Utah,25NE11,Utah County Commission Seat A,,REP,Over Votes,0
Utah,25NE11,Utah County Commission Seat A,,REP,Under Votes,0
Utah,25NE11,Utah County Commission Seat B,,REP,Carolina Herrin,5
Utah,25NE11,Utah County Commission Seat B,,REP,David M. Spencer,3
Utah,25NE11,Utah County Commission Seat B,,REP,Isaac Paxman,3
Utah,25NE11,Utah County Commission Seat B,,REP,Over Votes,0
Utah,25NE11,Utah County Commission Seat B,,REP,Under Votes,0
Utah,25NE13,Ballots Cast,,,,0
Utah,25NE13,Ballots Cast,,REP,,0
Utah,25NE13,Ballots Cast Blank,,,,0
Utah,25NE13,Registered Voters,,,,4
Utah,25NE13,Registered Voters,,REP,,4
Utah,25NE13,U.S. House,3,REP,Celeste Maloy,0
Utah,25NE13,U.S. House,3,REP,Over Votes,0
Utah,25NE13,U.S. House,3,REP,Phil Lyman,0
Utah,25NE13,U.S. House,3,REP,Under Votes,0
Utah,25NE13,Utah County Clerk,,REP,Aaron Davidson,0
Utah,25NE13,Utah County Clerk,,REP,Corey K Astill,0
Utah,25NE13,Utah County Clerk,,REP,Over Votes,0
Utah,25NE13,Utah County Clerk,,REP,Under Votes,0
Utah,25NE13,Utah County Commission Seat A,,REP,Brent V. Bowles,0
Utah,25NE13,Utah County Commission Seat A,,REP,Michelle Kaufusi,0
Utah,25NE13,Utah County Commission Seat A,,REP,Over Votes,0
Utah,25NE13,Utah County Commission Seat A,,REP,Under Votes,0
Utah,25NE13,Utah County Commission Seat B,,REP,Carolina Herrin,0
Utah,25NE13,Utah County Commission Seat B,,REP,David M. Spencer,0
Utah,25NE13,Utah County Commission Seat B,,REP,Isaac Paxman,0
Utah,25NE13,Utah County Commission Seat B,,REP,Over Votes,0
Utah,25NE13,Utah County Commission Seat B,,REP,Under Votes,0
Utah,25NE15,Ballots Cast,,,,0
Utah,25NE15,Ballots Cast,,REP,,0
Utah,25NE15,Ballots Cast Blank,,,,0
Utah,25NE15,Registered Voters,,,,0
Utah,25NE15,Registered Voters,,REP,,0
Utah,25NE15,U.S. House,3,REP,Celeste Maloy,0
Utah,25NE15,U.S. House,3,REP,Over Votes,0
Utah,25NE15,U.S. House,3,REP,Phil Lyman,0
Utah,25NE15,U.S. House,3,REP,Under Votes,0
Utah,25NE15,Utah County Clerk,,REP,Aaron Davidson,0
Utah,25NE15,Utah County Clerk,,REP,Corey K Astill,0
Utah,25NE15,Utah County Clerk,,REP,Over Votes,0
Utah,25NE15,Utah County Clerk,,REP,Under Votes,0
Utah,25NE15,Utah County Commission Seat A,,REP,Brent V. Bowles,0
Utah,25NE15,Utah County Commission Seat A,,REP,Michelle Kaufusi,0
Utah,25NE15,Utah County Commission Seat A,,REP,Over Votes,0
Utah,25NE15,Utah County Commission Seat A,,REP,Under Votes,0
Utah,25NE15,Utah County Commission Seat B,,REP,Carolina Herrin,0
Utah,25NE15,Utah County Commission Seat B,,REP,David M. Spencer,0
Utah,25NE15,Utah County Commission Seat B,,REP,Isaac Paxman,0
Utah,25NE15,Utah County Commission Seat B,,REP,Over Votes,0
Utah,25NE15,Utah County Commission Seat B,,REP,Under Votes,0
Utah,25NE16,Ballots Cast,,,,0
Utah,25NE16,Ballots Cast,,REP,,0
Utah,25NE16,Ballots Cast Blank,,,,0
Utah,25NE16,Registered Voters,,,,0
Utah,25NE16,Registered Voters,,REP,,0
Utah,25NE16,U.S. House,3,REP,Celeste Maloy,0
Utah,25NE16,U.S. House,3,REP,Over Votes,0
Utah,25NE16,U.S. House,3,REP,Phil Lyman,0
Utah,25NE16,U.S. House,3,REP,Under Votes,0
Utah,25NE16,Utah County Clerk,,REP,Aaron Davidson,0
Utah,25NE16,Utah County Clerk,,REP,Corey K Astill,0
Utah,25NE16,Utah County Clerk,,REP,Over Votes,0
Utah,25NE16,Utah County Clerk,,REP,Under Votes,0
Utah,25NE16,Utah County Commission Seat A,,REP,Brent V. Bowles,0
Utah,25NE16,Utah County Commission Seat A,,REP,Michelle Kaufusi,0
Utah,25NE16,Utah County Commission Seat A,,REP,Over Votes,0
Utah,25NE16,Utah County Commission Seat A,,REP,Under Votes,0
Utah,25NE16,Utah County Commission Seat B,,REP,Carolina Herrin,0
Utah,25NE16,Utah County Commission Seat B,,REP,David M. Spencer,0
Utah,25NE16,Utah County Commission Seat B,,REP,Isaac Paxman,0
Utah,25NE16,Utah County Commission Seat B,,REP,Over Votes,0
Utah,25NE16,Utah County Commission Seat B,,REP,Under Votes,0
Utah,25NE17,Ballots Cast,,,,0
Utah,25NE17,Ballots Cast,,REP,,0
Utah,25NE17,Ballots Cast Blank,,,,0
Utah,25NE17,Board Of Education District 11 (Multi-County),11,REP,Over Votes,0
Utah,25NE17,Board Of Education District 11 (Multi-County),11,REP,Terry L. Hutchinson,0
Utah,25NE17,Board Of Education District 11 (Multi-County),11,REP,Tracy J. Nuttall,0
Utah,25NE17,Board Of Education District 11 (Multi-County),11,REP,Under Votes,0
Utah,25NE17,Registered Voters,,,,0
Utah,25NE17,Registered Voters,,REP,,0
Utah,25NE17,Senate,21,REP,Brady Brammer,0
Utah,25NE17,Senate,21,REP,Kelly Smith,0
Utah,25NE17,Senate,21,REP,Over Votes,0
Utah,25NE17,Senate,21,REP,Under Votes,0
Utah,25NE17,Utah County Clerk,,REP,Aaron Davidson,0
Utah,25NE17,Utah County Clerk,,REP,Corey K Astill,0
Utah,25NE17,Utah County Clerk,,REP,Over Votes,0
Utah,25NE17,Utah County Clerk,,REP,Under Votes,0
Utah,25NE17,Utah County Commission Seat A,,REP,Brent V. Bowles,0
Utah,25NE17,Utah County Commission Seat A,,REP,Michelle Kaufusi,0
Utah,25NE17,Utah County Commission Seat A,,REP,Over Votes,0
Utah,25NE17,Utah County Commission Seat A,,REP,Under Votes,0
Utah,25NE17,Utah County Commission Seat B,,REP,Carolina Herrin,0
Utah,25NE17,Utah County Commission Seat B,,REP,David M. Spencer,0
Utah,25NE17,Utah County Commission Seat B,,REP,Isaac Paxman,0
Utah,25NE17,Utah County Commission Seat B,,REP,Over Votes,0
Utah,25NE17,Utah County Commission Seat B,,REP,Under Votes,0
Utah,25NE18,Ballots Cast,,,,0
Utah,25NE18,Ballots Cast,,REP,,0
Utah,25NE18,Ballots Cast Blank,,,,0
Utah,25NE18,Registered Voters,,,,0
Utah,25NE18,Registered Voters,,REP,,0
Utah,25NE18,Utah County Clerk,,REP,Aaron Davidson,0
Utah,25NE18,Utah County Clerk,,REP,Corey K Astill,0
Utah,25NE18,Utah County Clerk,,REP,Over Votes,0
Utah,25NE18,Utah County Clerk,,REP,Under Votes,0
Utah,25NE18,Utah County Commission Seat A,,REP,Brent V. Bowles,0
Utah,25NE18,Utah County Commission Seat A,,REP,Michelle Kaufusi,0
Utah,25NE18,Utah County Commission Seat A,,REP,Over Votes,0
Utah,25NE18,Utah County Commission Seat A,,REP,Under Votes,0
Utah,25NE18,Utah County Commission Seat B,,REP,Carolina Herrin,0
Utah,25NE18,Utah County Commission Seat B,,REP,David M. Spencer,0
Utah,25NE18,Utah County Commission Seat B,,REP,Isaac Paxman,0
Utah,25NE18,Utah County Commission Seat B,,REP,Over Votes,0
Utah,25NE18,Utah County Commission Seat B,,REP,Under Votes,0
Utah,25NW01,Ballots Cast,,,,0
Utah,25NW01,Ballots Cast,,REP,,0
Utah,25NW01,Ballots Cast Blank,,,,0
Utah,25NW01,Board Of Education District 11 (Multi-County),11,REP,Over Votes,0
Utah,25NW01,Board Of Education District 11 (Multi-County),11,REP,Terry L. Hutchinson,0
Utah,25NW01,Board Of Education District 11 (Multi-County),11,REP,Tracy J. Nuttall,0
Utah,25NW01,Board Of Education District 11 (Multi-County),11,REP,Under Votes,0
Utah,25NW01,Registered Voters,,,,1
Utah,25NW01,Registered Voters,,REP,,1
Utah,25NW01,Utah County Clerk,,REP,Aaron Davidson,0
Utah,25NW01,Utah County Clerk,,REP,Corey K Astill,0
Utah,25NW01,Utah County Clerk,,REP,Over Votes,0
Utah,25NW01,Utah County Clerk,,REP,Under Votes,0
Utah,25NW01,Utah County Commission Seat A,,REP,Brent V. Bowles,0
Utah,25NW01,Utah County Commission Seat A,,REP,Michelle Kaufusi,0
Utah,25NW01,Utah County Commission Seat A,,REP,Over Votes,0
Utah,25NW01,Utah County Commission Seat A,,REP,Under Votes,0
Utah,25NW01,Utah County Commission Seat B,,REP,Carolina Herrin,0
Utah,25NW01,Utah County Commission Seat B,,REP,David M. Spencer,0
Utah,25NW01,Utah County Commission Seat B,,REP,Isaac Paxman,0
Utah,25NW01,Utah County Commission Seat B,,REP,Over Votes,0
Utah,25NW01,Utah County Commission Seat B,,REP,Under Votes,0
Utah,25NW02,Ballots Cast,,,,0
Utah,25NW02,Ballots Cast,,REP,,0
Utah,25NW02,Ballots Cast Blank,,,,0
Utah,25NW02,Board Of Education District 11 (Multi-County),11,REP,Over Votes,0
Utah,25NW02,Board Of Education District 11 (Multi-County),11,REP,Terry L. Hutchinson,0
Utah,25NW02,Board Of Education District 11 (Multi-County),11,REP,Tracy J. Nuttall,0
Utah,25NW02,Board Of Education District 11 (Multi-County),11,REP,Under Votes,0
Utah,25NW02,Registered Voters,,,,0
Utah,25NW02,Registered Voters,,REP,,0
Utah,25NW02,Utah County Clerk,,REP,Aaron Davidson,0
Utah,25NW02,Utah County Clerk,,REP,Corey K Astill,0
Utah,25NW02,Utah County Clerk,,REP,Over Votes,0
Utah,25NW02,Utah County Clerk,,REP,Under Votes,0
Utah,25NW02,Utah County Commission Seat A,,REP,Brent V. Bowles,0
Utah,25NW02,Utah County Commission Seat A,,REP,Michelle Kaufusi,0
Utah,25NW02,Utah County Commission Seat A,,REP,Over Votes,0
Utah,25NW02,Utah County Commission Seat A,,REP,Under Votes,0
Utah,25NW02,Utah County Commission Seat B,,REP,Carolina Herrin,0
Utah,25NW02,Utah County Commission Seat B,,REP,David M. Spencer,0
Utah,25NW02,Utah County Commission Seat B,,REP,Isaac Paxman,0
Utah,25NW02,Utah County Commission Seat B,,REP,Over Votes,0
Utah,25NW02,Utah County Commission Seat B,,REP,Under Votes,0
Utah,25NW03,Ballots Cast,,,,0
Utah,25NW03,Ballots Cast,,REP,,0
Utah,25NW03,Ballots Cast Blank,,,,0
Utah,25NW03,Board Of Education District 11 (Multi-County),11,REP,Over Votes,0
Utah,25NW03,Board Of Education District 11 (Multi-County),11,REP,Terry L. Hutchinson,0
Utah,25NW03,Board Of Education District 11 (Multi-County),11,REP,Tracy J. Nuttall,0
Utah,25NW03,Board Of Education District 11 (Multi-County),11,REP,Under Votes,0
Utah,25NW03,Registered Voters,,,,0
Utah,25NW03,Registered Voters,,REP,,0
Utah,25NW03,Utah County Clerk,,REP,Aaron Davidson,0
Utah,25NW03,Utah County Clerk,,REP,Corey K Astill,0
Utah,25NW03,Utah County Clerk,,REP,Over Votes,0
Utah,25NW03,Utah County Clerk,,REP,Under Votes,0
Utah,25NW03,Utah County Commission Seat A,,REP,Brent V. Bowles,0
Utah,25NW03,Utah County Commission Seat A,,REP,Michelle Kaufusi,0
Utah,25NW03,Utah County Commission Seat A,,REP,Over Votes,0
Utah,25NW03,Utah County Commission Seat A,,REP,Under Votes,0
Utah,25NW03,Utah County Commission Seat B,,REP,Carolina Herrin,0
Utah,25NW03,Utah County Commission Seat B,,REP,David M. Spencer,0
Utah,25NW03,Utah County Commission Seat B,,REP,Isaac Paxman,0
Utah,25NW03,Utah County Commission Seat B,,REP,Over Votes,0
Utah,25NW03,Utah County Commission Seat B,,REP,Under Votes,0
Utah,25NW04,Ballots Cast,,,,0
Utah,25NW04,Ballots Cast,,REP,,0
Utah,25NW04,Ballots Cast Blank,,,,0
Utah,25NW04,Board Of Education District 11 (Multi-County),11,REP,Over Votes,0
Utah,25NW04,Board Of Education District 11 (Multi-County),11,REP,Terry L. Hutchinson,0
Utah,25NW04,Board Of Education District 11 (Multi-County),11,REP,Tracy J. Nuttall,0
Utah,25NW04,Board Of Education District 11 (Multi-County),11,REP,Under Votes,0
Utah,25NW04,Registered Voters,,,,0
Utah,25NW04,Registered Voters,,REP,,0
Utah,25NW04,Utah County Clerk,,REP,Aaron Davidson,0
Utah,25NW04,Utah County Clerk,,REP,Corey K Astill,0
Utah,25NW04,Utah County Clerk,,REP,Over Votes,0
Utah,25NW04,Utah County Clerk,,REP,Under Votes,0
Utah,25NW04,Utah County Commission Seat A,,REP,Brent V. Bowles,0
Utah,25NW04,Utah County Commission Seat A,,REP,Michelle Kaufusi,0
Utah,25NW04,Utah County Commission Seat A,,REP,Over Votes,0
Utah,25NW04,Utah County Commission Seat A,,REP,Under Votes,0
Utah,25NW04,Utah County Commission Seat B,,REP,Carolina Herrin,0
Utah,25NW04,Utah County Commission Seat B,,REP,David M. Spencer,0
Utah,25NW04,Utah County Commission Seat B,,REP,Isaac Paxman,0
Utah,25NW04,Utah County Commission Seat B,,REP,Over Votes,0
Utah,25NW04,Utah County Commission Seat B,,REP,Under Votes,0
Utah,25NW05 Suppressed,Ballots Cast,,,,1
Utah,25NW05 Suppressed,Ballots Cast,,REP,,1
Utah,25NW05 Suppressed,Ballots Cast Blank,,,,0
Utah,25NW05 Suppressed,Registered Voters,,,,2
Utah,25NW05 Suppressed,Registered Voters,,REP,,2
Utah,25NW06,Ballots Cast,,,,0
Utah,25NW06,Ballots Cast,,REP,,0
Utah,25NW06,Ballots Cast Blank,,,,0
Utah,25NW06,Board Of Education District 11 (Multi-County),11,REP,Over Votes,0
Utah,25NW06,Board Of Education District 11 (Multi-County),11,REP,Terry L. Hutchinson,0
Utah,25NW06,Board Of Education District 11 (Multi-County),11,REP,Tracy J. Nuttall,0
Utah,25NW06,Board Of Education District 11 (Multi-County),11,REP,Under Votes,0
Utah,25NW06,Registered Voters,,,,1
Utah,25NW06,Registered Voters,,REP,,1
Utah,25NW06,Utah County Clerk,,REP,Aaron Davidson,0
Utah,25NW06,Utah County Clerk,,REP,Corey K Astill,0
Utah,25NW06,Utah County Clerk,,REP,Over Votes,0
Utah,25NW06,Utah County Clerk,,REP,Under Votes,0
Utah,25NW06,Utah County Commission Seat A,,REP,Brent V. Bowles,0
Utah,25NW06,Utah County Commission Seat A,,REP,Michelle Kaufusi,0
Utah,25NW06,Utah County Commission Seat A,,REP,Over Votes,0
Utah,25NW06,Utah County Commission Seat A,,REP,Under Votes,0
Utah,25NW06,Utah County Commission Seat B,,REP,Carolina Herrin,0
Utah,25NW06,Utah County Commission Seat B,,REP,David M. Spencer,0
Utah,25NW06,Utah County Commission Seat B,,REP,Isaac Paxman,0
Utah,25NW06,Utah County Commission Seat B,,REP,Over Votes,0
Utah,25NW06,Utah County Commission Seat B,,REP,Under Votes,0
Utah,25NW07,Ballots Cast,,,,0
Utah,25NW07,Ballots Cast,,REP,,0
Utah,25NW07,Ballots Cast Blank,,,,0
Utah,25NW07,Registered Voters,,,,0
Utah,25NW07,Registered Voters,,REP,,0
Utah,25NW07,Senate,18,REP,Daniel McCay,0
Utah,25NW07,Senate,18,REP,Doug Fiefia,0
Utah,25NW07,Senate,18,REP,Over Votes,0
Utah,25NW07,Senate,18,REP,Under Votes,0
Utah,25NW07,Utah County Clerk,,REP,Aaron Davidson,0
Utah,25NW07,Utah County Clerk,,REP,Corey K Astill,0
Utah,25NW07,Utah County Clerk,,REP,Over Votes,0
Utah,25NW07,Utah County Clerk,,REP,Under Votes,0
Utah,25NW07,Utah County Commission Seat A,,REP,Brent V. Bowles,0
Utah,25NW07,Utah County Commission Seat A,,REP,Michelle Kaufusi,0
Utah,25NW07,Utah County Commission Seat A,,REP,Over Votes,0
Utah,25NW07,Utah County Commission Seat A,,REP,Under Votes,0
Utah,25NW07,Utah County Commission Seat B,,REP,Carolina Herrin,0
Utah,25NW07,Utah County Commission Seat B,,REP,David M. Spencer,0
Utah,25NW07,Utah County Commission Seat B,,REP,Isaac Paxman,0
Utah,25NW07,Utah County Commission Seat B,,REP,Over Votes,0
Utah,25NW07,Utah County Commission Seat B,,REP,Under Votes,0
Utah,25NW08,Ballots Cast,,,,0
Utah,25NW08,Ballots Cast,,REP,,0
Utah,25NW08,Ballots Cast Blank,,,,0
Utah,25NW08,Registered Voters,,,,0
Utah,25NW08,Registered Voters,,REP,,0
Utah,25NW08,Senate,18,REP,Daniel McCay,0
Utah,25NW08,Senate,18,REP,Doug Fiefia,0
Utah,25NW08,Senate,18,REP,Over Votes,0
Utah,25NW08,Senate,18,REP,Under Votes,0
Utah,25NW08,Utah County Clerk,,REP,Aaron Davidson,0
Utah,25NW08,Utah County Clerk,,REP,Corey K Astill,0
Utah,25NW08,Utah County Clerk,,REP,Over Votes,0
Utah,25NW08,Utah County Clerk,,REP,Under Votes,0
Utah,25NW08,Utah County Commission Seat A,,REP,Brent V. Bowles,0
Utah,25NW08,Utah County Commission Seat A,,REP,Michelle Kaufusi,0
Utah,25NW08,Utah County Commission Seat A,,REP,Over Votes,0
Utah,25NW08,Utah County Commission Seat A,,REP,Under Votes,0
Utah,25NW08,Utah County Commission Seat B,,REP,Carolina Herrin,0
Utah,25NW08,Utah County Commission Seat B,,REP,David M. Spencer,0
Utah,25NW08,Utah County Commission Seat B,,REP,Isaac Paxman,0
Utah,25NW08,Utah County Commission Seat B,,REP,Over Votes,0
Utah,25NW08,Utah County Commission Seat B,,REP,Under Votes,0
Utah,25NW09,Ballots Cast,,,,0
Utah,25NW09,Ballots Cast,,REP,,0
Utah,25NW09,Ballots Cast Blank,,,,0
Utah,25NW09,Registered Voters,,,,0
Utah,25NW09,Registered Voters,,REP,,0
Utah,25NW09,Utah County Clerk,,REP,Aaron Davidson,0
Utah,25NW09,Utah County Clerk,,REP,Corey K Astill,0
Utah,25NW09,Utah County Clerk,,REP,Over Votes,0
Utah,25NW09,Utah County Clerk,,REP,Under Votes,0
Utah,25NW09,Utah County Commission Seat A,,REP,Brent V. Bowles,0
Utah,25NW09,Utah County Commission Seat A,,REP,Michelle Kaufusi,0
Utah,25NW09,Utah County Commission Seat A,,REP,Over Votes,0
Utah,25NW09,Utah County Commission Seat A,,REP,Under Votes,0
Utah,25NW09,Utah County Commission Seat B,,REP,Carolina Herrin,0
Utah,25NW09,Utah County Commission Seat B,,REP,David M. Spencer,0
Utah,25NW09,Utah County Commission Seat B,,REP,Isaac Paxman,0
Utah,25NW09,Utah County Commission Seat B,,REP,Over Votes,0
Utah,25NW09,Utah County Commission Seat B,,REP,Under Votes,0
Utah,25NW10 Suppressed,Ballots Cast,,,,2
Utah,25NW10 Suppressed,Ballots Cast,,REP,,2
Utah,25NW10 Suppressed,Ballots Cast Blank,,,,0
Utah,25NW10 Suppressed,Registered Voters,,,,10
Utah,25NW10 Suppressed,Registered Voters,,REP,,10
Utah,25NW11 Suppressed,Ballots Cast,,,,5
Utah,25NW11 Suppressed,Ballots Cast,,REP,,5
Utah,25NW11 Suppressed,Ballots Cast Blank,,,,0
Utah,25NW11 Suppressed,Registered Voters,,,,7
Utah,25NW11 Suppressed,Registered Voters,,REP,,7
Utah,25NW12 Suppressed,Ballots Cast,,,,3
Utah,25NW12 Suppressed,Ballots Cast,,REP,,3
Utah,25NW12 Suppressed,Ballots Cast Blank,,,,0
Utah,25NW12 Suppressed,Registered Voters,,,,18
Utah,25NW12 Suppressed,Registered Voters,,REP,,18
Utah,25NW13 Suppressed,Ballots Cast,,,,4
Utah,25NW13 Suppressed,Ballots Cast,,REP,,4
Utah,25NW13 Suppressed,Ballots Cast Blank,,,,0
Utah,25NW13 Suppressed,Registered Voters,,,,7
Utah,25NW13 Suppressed,Registered Voters,,REP,,7
Utah,25NW14,Ballots Cast,,,,0
Utah,25NW14,Ballots Cast,,REP,,0
Utah,25NW14,Ballots Cast Blank,,,,0
Utah,25NW14,Board Of Education District 11 (Multi-County),11,REP,Over Votes,0
Utah,25NW14,Board Of Education District 11 (Multi-County),11,REP,Terry L. Hutchinson,0
Utah,25NW14,Board Of Education District 11 (Multi-County),11,REP,Tracy J. Nuttall,0
Utah,25NW14,Board Of Education District 11 (Multi-County),11,REP,Under Votes,0
Utah,25NW14,Registered Voters,,,,0
Utah,25NW14,Registered Voters,,REP,,0
Utah,25NW14,Senate,21,REP,Brady Brammer,0
Utah,25NW14,Senate,21,REP,Kelly Smith,0
Utah,25NW14,Senate,21,REP,Over Votes,0
Utah,25NW14,Senate,21,REP,Under Votes,0
Utah,25NW14,Utah County Clerk,,REP,Aaron Davidson,0
Utah,25NW14,Utah County Clerk,,REP,Corey K Astill,0
Utah,25NW14,Utah County Clerk,,REP,Over Votes,0
Utah,25NW14,Utah County Clerk,,REP,Under Votes,0
Utah,25NW14,Utah County Commission Seat A,,REP,Brent V. Bowles,0
Utah,25NW14,Utah County Commission Seat A,,REP,Michelle Kaufusi,0
Utah,25NW14,Utah County Commission Seat A,,REP,Over Votes,0
Utah,25NW14,Utah County Commission Seat A,,REP,Under Votes,0
Utah,25NW14,Utah County Commission Seat B,,REP,Carolina Herrin,0
Utah,25NW14,Utah County Commission Seat B,,REP,David M. Spencer,0
Utah,25NW14,Utah County Commission Seat B,,REP,Isaac Paxman,0
Utah,25NW14,Utah County Commission Seat B,,REP,Over Votes,0
Utah,25NW14,Utah County Commission Seat B,,REP,Under Votes,0
Utah,25NW15,Ballots Cast,,,,0
Utah,25NW15,Ballots Cast,,REP,,0
Utah,25NW15,Ballots Cast Blank,,,,0
Utah,25NW15,Board Of Education District 11 (Multi-County),11,REP,Over Votes,0
Utah,25NW15,Board Of Education District 11 (Multi-County),11,REP,Terry L. Hutchinson,0
Utah,25NW15,Board Of Education District 11 (Multi-County),11,REP,Tracy J. Nuttall,0
Utah,25NW15,Board Of Education District 11 (Multi-County),11,REP,Under Votes,0
Utah,25NW15,Registered Voters,,,,0
Utah,25NW15,Registered Voters,,REP,,0
Utah,25NW15,Senate,21,REP,Brady Brammer,0
Utah,25NW15,Senate,21,REP,Kelly Smith,0
Utah,25NW15,Senate,21,REP,Over Votes,0
Utah,25NW15,Senate,21,REP,Under Votes,0
Utah,25NW15,Utah County Clerk,,REP,Aaron Davidson,0
Utah,25NW15,Utah County Clerk,,REP,Corey K Astill,0
Utah,25NW15,Utah County Clerk,,REP,Over Votes,0
Utah,25NW15,Utah County Clerk,,REP,Under Votes,0
Utah,25NW15,Utah County Commission Seat A,,REP,Brent V. Bowles,0
Utah,25NW15,Utah County Commission Seat A,,REP,Michelle Kaufusi,0
Utah,25NW15,Utah County Commission Seat A,,REP,Over Votes,0
Utah,25NW15,Utah County Commission Seat A,,REP,Under Votes,0
Utah,25NW15,Utah County Commission Seat B,,REP,Carolina Herrin,0
Utah,25NW15,Utah County Commission Seat B,,REP,David M. Spencer,0
Utah,25NW15,Utah County Commission Seat B,,REP,Isaac Paxman,0
Utah,25NW15,Utah County Commission Seat B,,REP,Over Votes,0
Utah,25NW15,Utah County Commission Seat B,,REP,Under Votes,0
Utah,25NW16,Ballots Cast,,,,0
Utah,25NW16,Ballots Cast,,REP,,0
Utah,25NW16,Ballots Cast Blank,,,,0
Utah,25NW16,Registered Voters,,,,0
Utah,25NW16,Registered Voters,,REP,,0
Utah,25NW16,Utah County Clerk,,REP,Aaron Davidson,0
Utah,25NW16,Utah County Clerk,,REP,Corey K Astill,0
Utah,25NW16,Utah County Clerk,,REP,Over Votes,0
Utah,25NW16,Utah County Clerk,,REP,Under Votes,0
Utah,25NW16,Utah County Commission Seat A,,REP,Brent V. Bowles,0
Utah,25NW16,Utah County Commission Seat A,,REP,Michelle Kaufusi,0
Utah,25NW16,Utah County Commission Seat A,,REP,Over Votes,0
Utah,25NW16,Utah County Commission Seat A,,REP,Under Votes,0
Utah,25NW16,Utah County Commission Seat B,,REP,Carolina Herrin,0
Utah,25NW16,Utah County Commission Seat B,,REP,David M. Spencer,0
Utah,25NW16,Utah County Commission Seat B,,REP,Isaac Paxman,0
Utah,25NW16,Utah County Commission Seat B,,REP,Over Votes,0
Utah,25NW16,Utah County Commission Seat B,,REP,Under Votes,0
Utah,25NW17,Ballots Cast,,,,0
Utah,25NW17,Ballots Cast,,REP,,0
Utah,25NW17,Ballots Cast Blank,,,,0
Utah,25NW17,Board Of Education District 11 (Multi-County),11,REP,Over Votes,0
Utah,25NW17,Board Of Education District 11 (Multi-County),11,REP,Terry L. Hutchinson,0
Utah,25NW17,Board Of Education District 11 (Multi-County),11,REP,Tracy J. Nuttall,0
Utah,25NW17,Board Of Education District 11 (Multi-County),11,REP,Under Votes,0
Utah,25NW17,Registered Voters,,,,2
Utah,25NW17,Registered Voters,,REP,,2
Utah,25NW17,Utah County Clerk,,REP,Aaron Davidson,0
Utah,25NW17,Utah County Clerk,,REP,Corey K Astill,0
Utah,25NW17,Utah County Clerk,,REP,Over Votes,0
Utah,25NW17,Utah County Clerk,,REP,Under Votes,0
Utah,25NW17,Utah County Commission Seat A,,REP,Brent V. Bowles,0
Utah,25NW17,Utah County Commission Seat A,,REP,Michelle Kaufusi,0
Utah,25NW17,Utah County Commission Seat A,,REP,Over Votes,0
Utah,25NW17,Utah County Commission Seat A,,REP,Under Votes,0
Utah,25NW17,Utah County Commission Seat B,,REP,Carolina Herrin,0
Utah,25NW17,Utah County Commission Seat B,,REP,David M. Spencer,0
Utah,25NW17,Utah County Commission Seat B,,REP,Isaac Paxman,0
Utah,25NW17,Utah County Commission Seat B,,REP,Over Votes,0
Utah,25NW17,Utah County Commission Seat B,,REP,Under Votes,0
Utah,25NW18 Suppressed,Ballots Cast,,,,9
Utah,25NW18 Suppressed,Ballots Cast,,REP,,9
Utah,25NW18 Suppressed,Ballots Cast Blank,,,,0
Utah,25NW18 Suppressed,Registered Voters,,,,39
Utah,25NW18 Suppressed,Registered Voters,,REP,,39
Utah,25NW19,Ballots Cast,,,,10
Utah,25NW19,Ballots Cast,,REP,,10
Utah,25NW19,Ballots Cast Blank,,,,0
Utah,25NW19,Board Of Education District 11 (Multi-County),11,REP,Over Votes,0
Utah,25NW19,Board Of Education District 11 (Multi-County),11,REP,Terry L. Hutchinson,9
Utah,25NW19,Board Of Education District 11 (Multi-County),11,REP,Tracy J. Nuttall,1
Utah,25NW19,Board Of Education District 11 (Multi-County),11,REP,Under Votes,0
Utah,25NW19,Registered Voters,,,,32
Utah,25NW19,Registered Voters,,REP,,32
Utah,25NW19,Senate,21,REP,Brady Brammer,7
Utah,25NW19,Senate,21,REP,Kelly Smith,3
Utah,25NW19,Senate,21,REP,Over Votes,0
Utah,25NW19,Senate,21,REP,Under Votes,0
Utah,25NW19,Utah County Clerk,,REP,Aaron Davidson,6
Utah,25NW19,Utah County Clerk,,REP,Corey K Astill,3
Utah,25NW19,Utah County Clerk,,REP,Over Votes,0
Utah,25NW19,Utah County Clerk,,REP,Under Votes,1
Utah,25NW19,Utah County Commission Seat A,,REP,Brent V. Bowles,9
Utah,25NW19,Utah County Commission Seat A,,REP,Michelle Kaufusi,1
Utah,25NW19,Utah County Commission Seat A,,REP,Over Votes,0
Utah,25NW19,Utah County Commission Seat A,,REP,Under Votes,0
Utah,25NW19,Utah County Commission Seat B,,REP,Carolina Herrin,1
Utah,25NW19,Utah County Commission Seat B,,REP,David M. Spencer,7
Utah,25NW19,Utah County Commission Seat B,,REP,Isaac Paxman,2
Utah,25NW19,Utah County Commission Seat B,,REP,Over Votes,0
Utah,25NW19,Utah County Commission Seat B,,REP,Under Votes,0
Utah,25NW21,Ballots Cast,,,,0
Utah,25NW21,Ballots Cast,,REP,,0
Utah,25NW21,Ballots Cast Blank,,,,0
Utah,25NW21,Board Of Education District 11 (Multi-County),11,REP,Over Votes,0
Utah,25NW21,Board Of Education District 11 (Multi-County),11,REP,Terry L. Hutchinson,0
Utah,25NW21,Board Of Education District 11 (Multi-County),11,REP,Tracy J. Nuttall,0
Utah,25NW21,Board Of Education District 11 (Multi-County),11,REP,Under Votes,0
Utah,25NW21,Registered Voters,,,,0
Utah,25NW21,Registered Voters,,REP,,0
Utah,25NW21,Senate,21,REP,Brady Brammer,0
Utah,25NW21,Senate,21,REP,Kelly Smith,0
Utah,25NW21,Senate,21,REP,Over Votes,0
Utah,25NW21,Senate,21,REP,Under Votes,0
Utah,25NW21,Utah County Clerk,,REP,Aaron Davidson,0
Utah,25NW21,Utah County Clerk,,REP,Corey K Astill,0
Utah,25NW21,Utah County Clerk,,REP,Over Votes,0
Utah,25NW21,Utah County Clerk,,REP,Under Votes,0
Utah,25NW21,Utah County Commission Seat A,,REP,Brent V. Bowles,0
Utah,25NW21,Utah County Commission Seat A,,REP,Michelle Kaufusi,0
Utah,25NW21,Utah County Commission Seat A,,REP,Over Votes,0
Utah,25NW21,Utah County Commission Seat A,,REP,Under Votes,0
Utah,25NW21,Utah County Commission Seat B,,REP,Carolina Herrin,0
Utah,25NW21,Utah County Commission Seat B,,REP,David M. Spencer,0
Utah,25NW21,Utah County Commission Seat B,,REP,Isaac Paxman,0
Utah,25NW21,Utah County Commission Seat B,,REP,Over Votes,0
Utah,25NW21,Utah County Commission Seat B,,REP,Under Votes,0
Utah,25NW22,Ballots Cast,,,,0
Utah,25NW22,Ballots Cast,,REP,,0
Utah,25NW22,Ballots Cast Blank,,,,0
Utah,25NW22,Board Of Education District 11 (Multi-County),11,REP,Over Votes,0
Utah,25NW22,Board Of Education District 11 (Multi-County),11,REP,Terry L. Hutchinson,0
Utah,25NW22,Board Of Education District 11 (Multi-County),11,REP,Tracy J. Nuttall,0
Utah,25NW22,Board Of Education District 11 (Multi-County),11,REP,Under Votes,0
Utah,25NW22,Registered Voters,,,,0
Utah,25NW22,Registered Voters,,REP,,0
Utah,25NW22,Utah County Clerk,,REP,Aaron Davidson,0
Utah,25NW22,Utah County Clerk,,REP,Corey K Astill,0
Utah,25NW22,Utah County Clerk,,REP,Over Votes,0
Utah,25NW22,Utah County Clerk,,REP,Under Votes,0
Utah,25NW22,Utah County Commission Seat A,,REP,Brent V. Bowles,0
Utah,25NW22,Utah County Commission Seat A,,REP,Michelle Kaufusi,0
Utah,25NW22,Utah County Commission Seat A,,REP,Over Votes,0
Utah,25NW22,Utah County Commission Seat A,,REP,Under Votes,0
Utah,25NW22,Utah County Commission Seat B,,REP,Carolina Herrin,0
Utah,25NW22,Utah County Commission Seat B,,REP,David M. Spencer,0
Utah,25NW22,Utah County Commission Seat B,,REP,Isaac Paxman,0
Utah,25NW22,Utah County Commission Seat B,,REP,Over Votes,0
Utah,25NW22,Utah County Commission Seat B,,REP,Under Votes,0
Utah,25NW23,Ballots Cast,,,,0
Utah,25NW23,Ballots Cast,,REP,,0
Utah,25NW23,Ballots Cast Blank,,,,0
Utah,25NW23,Registered Voters,,,,0
Utah,25NW23,Registered Voters,,REP,,0
Utah,25NW23,Utah County Clerk,,REP,Aaron Davidson,0
Utah,25NW23,Utah County Clerk,,REP,Corey K Astill,0
Utah,25NW23,Utah County Clerk,,REP,Over Votes,0
Utah,25NW23,Utah County Clerk,,REP,Under Votes,0
Utah,25NW23,Utah County Commission Seat A,,REP,Brent V. Bowles,0
Utah,25NW23,Utah County Commission Seat A,,REP,Michelle Kaufusi,0
Utah,25NW23,Utah County Commission Seat A,,REP,Over Votes,0
Utah,25NW23,Utah County Commission Seat A,,REP,Under Votes,0
Utah,25NW23,Utah County Commission Seat B,,REP,Carolina Herrin,0
Utah,25NW23,Utah County Commission Seat B,,REP,David M. Spencer,0
Utah,25NW23,Utah County Commission Seat B,,REP,Isaac Paxman,0
Utah,25NW23,Utah County Commission Seat B,,REP,Over Votes,0
Utah,25NW23,Utah County Commission Seat B,,REP,Under Votes,0
Utah,25NW24 Suppressed,Ballots Cast,,,,2
Utah,25NW24 Suppressed,Ballots Cast,,REP,,2
Utah,25NW24 Suppressed,Ballots Cast Blank,,,,0
Utah,25NW24 Suppressed,Registered Voters,,,,8
Utah,25NW24 Suppressed,Registered Voters,,REP,,8
Utah,25OR01,Ballots Cast,,,,204
Utah,25OR01,Ballots Cast,,REP,,204
Utah,25OR01,Ballots Cast Blank,,,,0
Utah,25OR01,Registered Voters,,,,613
Utah,25OR01,Registered Voters,,REP,,613
Utah,25OR01,U.S. House,3,REP,Celeste Maloy,139
Utah,25OR01,U.S. House,3,REP,Over Votes,0
Utah,25OR01,U.S. House,3,REP,Phil Lyman,61
Utah,25OR01,U.S. House,3,REP,Under Votes,4
Utah,25OR01,Utah County Clerk,,REP,Aaron Davidson,95
Utah,25OR01,Utah County Clerk,,REP,Corey K Astill,107
Utah,25OR01,Utah County Clerk,,REP,Over Votes,0
Utah,25OR01,Utah County Clerk,,REP,Under Votes,2
Utah,25OR01,Utah County Commission Seat A,,REP,Brent V. Bowles,88
Utah,25OR01,Utah County Commission Seat A,,REP,Michelle Kaufusi,115
Utah,25OR01,Utah County Commission Seat A,,REP,Over Votes,0
Utah,25OR01,Utah County Commission Seat A,,REP,Under Votes,1
Utah,25OR01,Utah County Commission Seat B,,REP,Carolina Herrin,38
Utah,25OR01,Utah County Commission Seat B,,REP,David M. Spencer,105
Utah,25OR01,Utah County Commission Seat B,,REP,Isaac Paxman,59
Utah,25OR01,Utah County Commission Seat B,,REP,Over Votes,0
Utah,25OR01,Utah County Commission Seat B,,REP,Under Votes,2
Utah,25OR02,Ballots Cast,,,,234
Utah,25OR02,Ballots Cast,,REP,,234
Utah,25OR02,Ballots Cast Blank,,,,0
Utah,25OR02,Registered Voters,,,,682
Utah,25OR02,Registered Voters,,REP,,682
Utah,25OR02,U.S. House,3,REP,Celeste Maloy,154
Utah,25OR02,U.S. House,3,REP,Over Votes,0
Utah,25OR02,U.S. House,3,REP,Phil Lyman,75
Utah,25OR02,U.S. House,3,REP,Under Votes,5
Utah,25OR02,Utah County Clerk,,REP,Aaron Davidson,110
Utah,25OR02,Utah County Clerk,,REP,Corey K Astill,112
Utah,25OR02,Utah County Clerk,,REP,Over Votes,0
Utah,25OR02,Utah County Clerk,,REP,Under Votes,12
Utah,25OR02,Utah County Commission Seat A,,REP,Brent V. Bowles,95
Utah,25OR02,Utah County Commission Seat A,,REP,Michelle Kaufusi,136
Utah,25OR02,Utah County Commission Seat A,,REP,Over Votes,0
Utah,25OR02,Utah County Commission Seat A,,REP,Under Votes,3
Utah,25OR02,Utah County Commission Seat B,,REP,Carolina Herrin,37
Utah,25OR02,Utah County Commission Seat B,,REP,David M. Spencer,133
Utah,25OR02,Utah County Commission Seat B,,REP,Isaac Paxman,60
Utah,25OR02,Utah County Commission Seat B,,REP,Over Votes,0
Utah,25OR02,Utah County Commission Seat B,,REP,Under Votes,4
Utah,25OR03,Ballots Cast,,,,40
Utah,25OR03,Ballots Cast,,REP,,40
Utah,25OR03,Ballots Cast Blank,,,,0
Utah,25OR03,Registered Voters,,,,99
Utah,25OR03,Registered Voters,,REP,,99
Utah,25OR03,U.S. House,3,REP,Celeste Maloy,26
Utah,25OR03,U.S. House,3,REP,Over Votes,0
Utah,25OR03,U.S. House,3,REP,Phil Lyman,13
Utah,25OR03,U.S. House,3,REP,Under Votes,1
Utah,25OR03,Utah County Clerk,,REP,Aaron Davidson,17
Utah,25OR03,Utah County Clerk,,REP,Corey K Astill,23
Utah,25OR03,Utah County Clerk,,REP,Over Votes,0
Utah,25OR03,Utah County Clerk,,REP,Under Votes,0
Utah,25OR03,Utah County Commission Seat A,,REP,Brent V. Bowles,14
Utah,25OR03,Utah County Commission Seat A,,REP,Michelle Kaufusi,26
Utah,25OR03,Utah County Commission Seat A,,REP,Over Votes,0
Utah,25OR03,Utah County Commission Seat A,,REP,Under Votes,0
Utah,25OR03,Utah County Commission Seat B,,REP,Carolina Herrin,5
Utah,25OR03,Utah County Commission Seat B,,REP,David M. Spencer,25
Utah,25OR03,Utah County Commission Seat B,,REP,Isaac Paxman,10
Utah,25OR03,Utah County Commission Seat B,,REP,Over Votes,0
Utah,25OR03,Utah County Commission Seat B,,REP,Under Votes,0
Utah,25OR04,Ballots Cast,,,,222
Utah,25OR04,Ballots Cast,,REP,,222
Utah,25OR04,Ballots Cast Blank,,,,1
Utah,25OR04,Registered Voters,,,,597
Utah,25OR04,Registered Voters,,REP,,597
Utah,25OR04,U.S. House,3,REP,Celeste Maloy,144
Utah,25OR04,U.S. House,3,REP,Over Votes,0
Utah,25OR04,U.S. House,3,REP,Phil Lyman,73
Utah,25OR04,U.S. House,3,REP,Under Votes,5
Utah,25OR04,Utah County Clerk,,REP,Aaron Davidson,87
Utah,25OR04,Utah County Clerk,,REP,Corey K Astill,129
Utah,25OR04,Utah County Clerk,,REP,Over Votes,0
Utah,25OR04,Utah County Clerk,,REP,Under Votes,6
Utah,25OR04,Utah County Commission Seat A,,REP,Brent V. Bowles,88
Utah,25OR04,Utah County Commission Seat A,,REP,Michelle Kaufusi,133
Utah,25OR04,Utah County Commission Seat A,,REP,Over Votes,0
Utah,25OR04,Utah County Commission Seat A,,REP,Under Votes,1
Utah,25OR04,Utah County Commission Seat B,,REP,Carolina Herrin,33
Utah,25OR04,Utah County Commission Seat B,,REP,David M. Spencer,106
Utah,25OR04,Utah County Commission Seat B,,REP,Isaac Paxman,82
Utah,25OR04,Utah County Commission Seat B,,REP,Over Votes,0
Utah,25OR04,Utah County Commission Seat B,,REP,Under Votes,1
Utah,25OR05,Ballots Cast,,,,284
Utah,25OR05,Ballots Cast,,REP,,284
Utah,25OR05,Ballots Cast Blank,,,,0
Utah,25OR05,Registered Voters,,,,685
Utah,25OR05,Registered Voters,,REP,,685
Utah,25OR05,U.S. House,3,REP,Celeste Maloy,213
Utah,25OR05,U.S. House,3,REP,Over Votes,0
Utah,25OR05,U.S. House,3,REP,Phil Lyman,66
Utah,25OR05,U.S. House,3,REP,Under Votes,5
Utah,25OR05,Utah County Clerk,,REP,Aaron Davidson,104
Utah,25OR05,Utah County Clerk,,REP,Corey K Astill,170
Utah,25OR05,Utah County Clerk,,REP,Over Votes,0
Utah,25OR05,Utah County Clerk,,REP,Under Votes,10
Utah,25OR05,Utah County Commission Seat A,,REP,Brent V. Bowles,84
Utah,25OR05,Utah County Commission Seat A,,REP,Michelle Kaufusi,193
Utah,25OR05,Utah County Commission Seat A,,REP,Over Votes,0
Utah,25OR05,Utah County Commission Seat A,,REP,Under Votes,7
Utah,25OR05,Utah County Commission Seat B,,REP,Carolina Herrin,28
Utah,25OR05,Utah County Commission Seat B,,REP,David M. Spencer,100
Utah,25OR05,Utah County Commission Seat B,,REP,Isaac Paxman,146
Utah,25OR05,Utah County Commission Seat B,,REP,Over Votes,2
Utah,25OR05,Utah County Commission Seat B,,REP,Under Votes,8
Utah,25OR06,Ballots Cast,,,,269
Utah,25OR06,Ballots Cast,,REP,,269
Utah,25OR06,Ballots Cast Blank,,,,0
Utah,25OR06,Registered Voters,,,,699
Utah,25OR06,Registered Voters,,REP,,699
Utah,25OR06,U.S. House,3,REP,Celeste Maloy,189
Utah,25OR06,U.S. House,3,REP,Over Votes,0
Utah,25OR06,U.S. House,3,REP,Phil Lyman,74
Utah,25OR06,U.S. House,3,REP,Under Votes,6
Utah,25OR06,Utah County Clerk,,REP,Aaron Davidson,127
Utah,25OR06,Utah County Clerk,,REP,Corey K Astill,132
Utah,25OR06,Utah County Clerk,,REP,Over Votes,0
Utah,25OR06,Utah County Clerk,,REP,Under Votes,10
Utah,25OR06,Utah County Commission Seat A,,REP,Brent V. Bowles,102
Utah,25OR06,Utah County Commission Seat A,,REP,Michelle Kaufusi,157
Utah,25OR06,Utah County Commission Seat A,,REP,Over Votes,0
Utah,25OR06,Utah County Commission Seat A,,REP,Under Votes,10
Utah,25OR06,Utah County Commission Seat B,,REP,Carolina Herrin,32
Utah,25OR06,Utah County Commission Seat B,,REP,David M. Spencer,154
Utah,25OR06,Utah County Commission Seat B,,REP,Isaac Paxman,77
Utah,25OR06,Utah County Commission Seat B,,REP,Over Votes,0
Utah,25OR06,Utah County Commission Seat B,,REP,Under Votes,6
Utah,25OR07,Ballots Cast,,,,180
Utah,25OR07,Ballots Cast,,REP,,180
Utah,25OR07,Ballots Cast Blank,,,,1
Utah,25OR07,Registered Voters,,,,490
Utah,25OR07,Registered Voters,,REP,,490
Utah,25OR07,U.S. House,3,REP,Celeste Maloy,123
Utah,25OR07,U.S. House,3,REP,Over Votes,0
Utah,25OR07,U.S. House,3,REP,Phil Lyman,49
Utah,25OR07,U.S. House,3,REP,Under Votes,8
Utah,25OR07,Utah County Clerk,,REP,Aaron Davidson,94
Utah,25OR07,Utah County Clerk,,REP,Corey K Astill,84
Utah,25OR07,Utah County Clerk,,REP,Over Votes,0
Utah,25OR07,Utah County Clerk,,REP,Under Votes,2
Utah,25OR07,Utah County Commission Seat A,,REP,Brent V. Bowles,78
Utah,25OR07,Utah County Commission Seat A,,REP,Michelle Kaufusi,101
Utah,25OR07,Utah County Commission Seat A,,REP,Over Votes,0
Utah,25OR07,Utah County Commission Seat A,,REP,Under Votes,1
Utah,25OR07,Utah County Commission Seat B,,REP,Carolina Herrin,12
Utah,25OR07,Utah County Commission Seat B,,REP,David M. Spencer,108
Utah,25OR07,Utah County Commission Seat B,,REP,Isaac Paxman,59
Utah,25OR07,Utah County Commission Seat B,,REP,Over Votes,0
Utah,25OR07,Utah County Commission Seat B,,REP,Under Votes,1
Utah,25OR08,Ballots Cast,,,,230
Utah,25OR08,Ballots Cast,,REP,,230
Utah,25OR08,Ballots Cast Blank,,,,0
Utah,25OR08,Registered Voters,,,,619
Utah,25OR08,Registered Voters,,REP,,619
Utah,25OR08,U.S. House,3,REP,Celeste Maloy,147
Utah,25OR08,U.S. House,3,REP,Over Votes,0
Utah,25OR08,U.S. House,3,REP,Phil Lyman,70
Utah,25OR08,U.S. House,3,REP,Under Votes,13
Utah,25OR08,Utah County Clerk,,REP,Aaron Davidson,90
Utah,25OR08,Utah County Clerk,,REP,Corey K Astill,135
Utah,25OR08,Utah County Clerk,,REP,Over Votes,0
Utah,25OR08,Utah County Clerk,,REP,Under Votes,5
Utah,25OR08,Utah County Commission Seat A,,REP,Brent V. Bowles,99
Utah,25OR08,Utah County Commission Seat A,,REP,Michelle Kaufusi,130
Utah,25OR08,Utah County Commission Seat A,,REP,Over Votes,0
Utah,25OR08,Utah County Commission Seat A,,REP,Under Votes,1
Utah,25OR08,Utah County Commission Seat B,,REP,Carolina Herrin,41
Utah,25OR08,Utah County Commission Seat B,,REP,David M. Spencer,117
Utah,25OR08,Utah County Commission Seat B,,REP,Isaac Paxman,71
Utah,25OR08,Utah County Commission Seat B,,REP,Over Votes,0
Utah,25OR08,Utah County Commission Seat B,,REP,Under Votes,1
Utah,25OR09,Ballots Cast,,,,147
Utah,25OR09,Ballots Cast,,REP,,147
Utah,25OR09,Ballots Cast Blank,,,,0
Utah,25OR09,Registered Voters,,,,499
Utah,25OR09,Registered Voters,,REP,,499
Utah,25OR09,U.S. House,3,REP,Celeste Maloy,99
Utah,25OR09,U.S. House,3,REP,Over Votes,0
Utah,25OR09,U.S. House,3,REP,Phil Lyman,48
Utah,25OR09,U.S. House,3,REP,Under Votes,0
Utah,25OR09,Utah County Clerk,,REP,Aaron Davidson,60
Utah,25OR09,Utah County Clerk,,REP,Corey K Astill,85
Utah,25OR09,Utah County Clerk,,REP,Over Votes,0
Utah,25OR09,Utah County Clerk,,REP,Under Votes,2
Utah,25OR09,Utah County Commission Seat A,,REP,Brent V. Bowles,65
Utah,25OR09,Utah County Commission Seat A,,REP,Michelle Kaufusi,81
Utah,25OR09,Utah County Commission Seat A,,REP,Over Votes,0
Utah,25OR09,Utah County Commission Seat A,,REP,Under Votes,1
Utah,25OR09,Utah County Commission Seat B,,REP,Carolina Herrin,27
Utah,25OR09,Utah County Commission Seat B,,REP,David M. Spencer,78
Utah,25OR09,Utah County Commission Seat B,,REP,Isaac Paxman,40
Utah,25OR09,Utah County Commission Seat B,,REP,Over Votes,0
Utah,25OR09,Utah County Commission Seat B,,REP,Under Votes,2
Utah,25OR10,Ballots Cast,,,,143
Utah,25OR10,Ballots Cast,,REP,,143
Utah,25OR10,Ballots Cast Blank,,,,0
Utah,25OR10,Registered Voters,,,,561
Utah,25OR10,Registered Voters,,REP,,561
Utah,25OR10,U.S. House,3,REP,Celeste Maloy,89
Utah,25OR10,U.S. House,3,REP,Over Votes,0
Utah,25OR10,U.S. House,3,REP,Phil Lyman,51
Utah,25OR10,U.S. House,3,REP,Under Votes,3
Utah,25OR10,Utah County Clerk,,REP,Aaron Davidson,68
Utah,25OR10,Utah County Clerk,,REP,Corey K Astill,70
Utah,25OR10,Utah County Clerk,,REP,Over Votes,0
Utah,25OR10,Utah County Clerk,,REP,Under Votes,5
Utah,25OR10,Utah County Commission Seat A,,REP,Brent V. Bowles,63
Utah,25OR10,Utah County Commission Seat A,,REP,Michelle Kaufusi,80
Utah,25OR10,Utah County Commission Seat A,,REP,Over Votes,0
Utah,25OR10,Utah County Commission Seat A,,REP,Under Votes,0
Utah,25OR10,Utah County Commission Seat B,,REP,Carolina Herrin,21
Utah,25OR10,Utah County Commission Seat B,,REP,David M. Spencer,70
Utah,25OR10,Utah County Commission Seat B,,REP,Isaac Paxman,48
Utah,25OR10,Utah County Commission Seat B,,REP,Over Votes,0
Utah,25OR10,Utah County Commission Seat B,,REP,Under Votes,4
Utah,25OR11,Ballots Cast,,,,254
Utah,25OR11,Ballots Cast,,REP,,254
Utah,25OR11,Ballots Cast Blank,,,,0
Utah,25OR11,Registered Voters,,,,613
Utah,25OR11,Registered Voters,,REP,,613
Utah,25OR11,U.S. House,3,REP,Celeste Maloy,184
Utah,25OR11,U.S. House,3,REP,Over Votes,0
Utah,25OR11,U.S. House,3,REP,Phil Lyman,65
Utah,25OR11,U.S. House,3,REP,Under Votes,5
Utah,25OR11,Utah County Clerk,,REP,Aaron Davidson,93
Utah,25OR11,Utah County Clerk,,REP,Corey K Astill,155
Utah,25OR11,Utah County Clerk,,REP,Over Votes,0
Utah,25OR11,Utah County Clerk,,REP,Under Votes,6
Utah,25OR11,Utah County Commission Seat A,,REP,Brent V. Bowles,85
Utah,25OR11,Utah County Commission Seat A,,REP,Michelle Kaufusi,169
Utah,25OR11,Utah County Commission Seat A,,REP,Over Votes,0
Utah,25OR11,Utah County Commission Seat A,,REP,Under Votes,0
Utah,25OR11,Utah County Commission Seat B,,REP,Carolina Herrin,36
Utah,25OR11,Utah County Commission Seat B,,REP,David M. Spencer,104
Utah,25OR11,Utah County Commission Seat B,,REP,Isaac Paxman,113
Utah,25OR11,Utah County Commission Seat B,,REP,Over Votes,0
Utah,25OR11,Utah County Commission Seat B,,REP,Under Votes,1
Utah,25OR12,Ballots Cast,,,,162
Utah,25OR12,Ballots Cast,,REP,,162
Utah,25OR12,Ballots Cast Blank,,,,0
Utah,25OR12,Registered Voters,,,,501
Utah,25OR12,Registered Voters,,REP,,501
Utah,25OR12,U.S. House,3,REP,Celeste Maloy,99
Utah,25OR12,U.S. House,3,REP,Over Votes,0
Utah,25OR12,U.S. House,3,REP,Phil Lyman,56
Utah,25OR12,U.S. House,3,REP,Under Votes,7
Utah,25OR12,Utah County Clerk,,REP,Aaron Davidson,82
Utah,25OR12,Utah County Clerk,,REP,Corey K Astill,79
Utah,25OR12,Utah County Clerk,,REP,Over Votes,0
Utah,25OR12,Utah County Clerk,,REP,Under Votes,1
Utah,25OR12,Utah County Commission Seat A,,REP,Brent V. Bowles,84
Utah,25OR12,Utah County Commission Seat A,,REP,Michelle Kaufusi,78
Utah,25OR12,Utah County Commission Seat A,,REP,Over Votes,0
Utah,25OR12,Utah County Commission Seat A,,REP,Under Votes,0
Utah,25OR12,Utah County Commission Seat B,,REP,Carolina Herrin,26
Utah,25OR12,Utah County Commission Seat B,,REP,David M. Spencer,101
Utah,25OR12,Utah County Commission Seat B,,REP,Isaac Paxman,34
Utah,25OR12,Utah County Commission Seat B,,REP,Over Votes,0
Utah,25OR12,Utah County Commission Seat B,,REP,Under Votes,1
Utah,25OR13,Ballots Cast,,,,234
Utah,25OR13,Ballots Cast,,REP,,234
Utah,25OR13,Ballots Cast Blank,,,,0
Utah,25OR13,Registered Voters,,,,504
Utah,25OR13,Registered Voters,,REP,,504
Utah,25OR13,U.S. House,3,REP,Celeste Maloy,179
Utah,25OR13,U.S. House,3,REP,Over Votes,0
Utah,25OR13,U.S. House,3,REP,Phil Lyman,52
Utah,25OR13,U.S. House,3,REP,Under Votes,3
Utah,25OR13,Utah County Clerk,,REP,Aaron Davidson,97
Utah,25OR13,Utah County Clerk,,REP,Corey K Astill,128
Utah,25OR13,Utah County Clerk,,REP,Over Votes,0
Utah,25OR13,Utah County Clerk,,REP,Under Votes,9
Utah,25OR13,Utah County Commission Seat A,,REP,Brent V. Bowles,97
Utah,25OR13,Utah County Commission Seat A,,REP,Michelle Kaufusi,135
Utah,25OR13,Utah County Commission Seat A,,REP,Over Votes,1
Utah,25OR13,Utah County Commission Seat A,,REP,Under Votes,1
Utah,25OR13,Utah County Commission Seat B,,REP,Carolina Herrin,36
Utah,25OR13,Utah County Commission Seat B,,REP,David M. Spencer,131
Utah,25OR13,Utah County Commission Seat B,,REP,Isaac Paxman,66
Utah,25OR13,Utah County Commission Seat B,,REP,Over Votes,0
Utah,25OR13,Utah County Commission Seat B,,REP,Under Votes,1
Utah,25OR14,Ballots Cast,,,,249
Utah,25OR14,Ballots Cast,,REP,,249
Utah,25OR14,Ballots Cast Blank,,,,0
Utah,25OR14,Registered Voters,,,,582
Utah,25OR14,Registered Voters,,REP,,582
Utah,25OR14,U.S. House,3,REP,Celeste Maloy,171
Utah,25OR14,U.S. House,3,REP,Over Votes,0
Utah,25OR14,U.S. House,3,REP,Phil Lyman,69
Utah,25OR14,U.S. House,3,REP,Under Votes,9
Utah,25OR14,Utah County Clerk,,REP,Aaron Davidson,100
Utah,25OR14,Utah County Clerk,,REP,Corey K Astill,141
Utah,25OR14,Utah County Clerk,,REP,Over Votes,0
Utah,25OR14,Utah County Clerk,,REP,Under Votes,8
Utah,25OR14,Utah County Commission Seat A,,REP,Brent V. Bowles,114
Utah,25OR14,Utah County Commission Seat A,,REP,Michelle Kaufusi,132
Utah,25OR14,Utah County Commission Seat A,,REP,Over Votes,0
Utah,25OR14,Utah County Commission Seat A,,REP,Under Votes,3
Utah,25OR14,Utah County Commission Seat B,,REP,Carolina Herrin,24
Utah,25OR14,Utah County Commission Seat B,,REP,David M. Spencer,162
Utah,25OR14,Utah County Commission Seat B,,REP,Isaac Paxman,63
Utah,25OR14,Utah County Commission Seat B,,REP,Over Votes,0
Utah,25OR14,Utah County Commission Seat B,,REP,Under Votes,0
Utah,25OR15,Ballots Cast,,,,230
Utah,25OR15,Ballots Cast,,REP,,230
Utah,25OR15,Ballots Cast Blank,,,,0
Utah,25OR15,Registered Voters,,,,643
Utah,25OR15,Registered Voters,,REP,,643
Utah,25OR15,U.S. House,3,REP,Celeste Maloy,184
Utah,25OR15,U.S. House,3,REP,Over Votes,0
Utah,25OR15,U.S. House,3,REP,Phil Lyman,44
Utah,25OR15,U.S. House,3,REP,Under Votes,2
Utah,25OR15,Utah County Clerk,,REP,Aaron Davidson,74
Utah,25OR15,Utah County Clerk,,REP,Corey K Astill,140
Utah,25OR15,Utah County Clerk,,REP,Over Votes,0
Utah,25OR15,Utah County Clerk,,REP,Under Votes,16
Utah,25OR15,Utah County Commission Seat A,,REP,Brent V. Bowles,84
Utah,25OR15,Utah County Commission Seat A,,REP,Michelle Kaufusi,143
Utah,25OR15,Utah County Commission Seat A,,REP,Over Votes,0
Utah,25OR15,Utah County Commission Seat A,,REP,Under Votes,3
Utah,25OR15,Utah County Commission Seat B,,REP,Carolina Herrin,43
Utah,25OR15,Utah County Commission Seat B,,REP,David M. Spencer,126
Utah,25OR15,Utah County Commission Seat B,,REP,Isaac Paxman,53
Utah,25OR15,Utah County Commission Seat B,,REP,Over Votes,0
Utah,25OR15,Utah County Commission Seat B,,REP,Under Votes,8
Utah,25OR16,Ballots Cast,,,,246
Utah,25OR16,Ballots Cast,,REP,,246
Utah,25OR16,Ballots Cast Blank,,,,0
Utah,25OR16,Registered Voters,,,,515
Utah,25OR16,Registered Voters,,REP,,515
Utah,25OR16,U.S. House,3,REP,Celeste Maloy,171
Utah,25OR16,U.S. House,3,REP,Over Votes,0
Utah,25OR16,U.S. House,3,REP,Phil Lyman,70
Utah,25OR16,U.S. House,3,REP,Under Votes,5
Utah,25OR16,Utah County Clerk,,REP,Aaron Davidson,77
Utah,25OR16,Utah County Clerk,,REP,Corey K Astill,166
Utah,25OR16,Utah County Clerk,,REP,Over Votes,0
Utah,25OR16,Utah County Clerk,,REP,Under Votes,3
Utah,25OR16,Utah County Commission Seat A,,REP,Brent V. Bowles,81
Utah,25OR16,Utah County Commission Seat A,,REP,Michelle Kaufusi,164
Utah,25OR16,Utah County Commission Seat A,,REP,Over Votes,0
Utah,25OR16,Utah County Commission Seat A,,REP,Under Votes,1
Utah,25OR16,Utah County Commission Seat B,,REP,Carolina Herrin,42
Utah,25OR16,Utah County Commission Seat B,,REP,David M. Spencer,94
Utah,25OR16,Utah County Commission Seat B,,REP,Isaac Paxman,109
Utah,25OR16,Utah County Commission Seat B,,REP,Over Votes,0
Utah,25OR16,Utah County Commission Seat B,,REP,Under Votes,1
Utah,25OR17,Ballots Cast,,,,230
Utah,25OR17,Ballots Cast,,REP,,230
Utah,25OR17,Ballots Cast Blank,,,,0
Utah,25OR17,Registered Voters,,,,584
Utah,25OR17,Registered Voters,,REP,,584
Utah,25OR17,U.S. House,3,REP,Celeste Maloy,152
Utah,25OR17,U.S. House,3,REP,Over Votes,0
Utah,25OR17,U.S. House,3,REP,Phil Lyman,69
Utah,25OR17,U.S. House,3,REP,Under Votes,9
Utah,25OR17,Utah County Clerk,,REP,Aaron Davidson,85
Utah,25OR17,Utah County Clerk,,REP,Corey K Astill,137
Utah,25OR17,Utah County Clerk,,REP,Over Votes,0
Utah,25OR17,Utah County Clerk,,REP,Under Votes,8
Utah,25OR17,Utah County Commission Seat A,,REP,Brent V. Bowles,88
Utah,25OR17,Utah County Commission Seat A,,REP,Michelle Kaufusi,141
Utah,25OR17,Utah County Commission Seat A,,REP,Over Votes,0
Utah,25OR17,Utah County Commission Seat A,,REP,Under Votes,1
Utah,25OR17,Utah County Commission Seat B,,REP,Carolina Herrin,32
Utah,25OR17,Utah County Commission Seat B,,REP,David M. Spencer,100
Utah,25OR17,Utah County Commission Seat B,,REP,Isaac Paxman,88
Utah,25OR17,Utah County Commission Seat B,,REP,Over Votes,0
Utah,25OR17,Utah County Commission Seat B,,REP,Under Votes,10
Utah,25OR18,Ballots Cast,,,,158
Utah,25OR18,Ballots Cast,,REP,,158
Utah,25OR18,Ballots Cast Blank,,,,0
Utah,25OR18,Registered Voters,,,,405
Utah,25OR18,Registered Voters,,REP,,405
Utah,25OR18,U.S. House,3,REP,Celeste Maloy,92
Utah,25OR18,U.S. House,3,REP,Over Votes,0
Utah,25OR18,U.S. House,3,REP,Phil Lyman,64
Utah,25OR18,U.S. House,3,REP,Under Votes,2
Utah,25OR18,Utah County Clerk,,REP,Aaron Davidson,81
Utah,25OR18,Utah County Clerk,,REP,Corey K Astill,74
Utah,25OR18,Utah County Clerk,,REP,Over Votes,0
Utah,25OR18,Utah County Clerk,,REP,Under Votes,3
Utah,25OR18,Utah County Commission Seat A,,REP,Brent V. Bowles,65
Utah,25OR18,Utah County Commission Seat A,,REP,Michelle Kaufusi,90
Utah,25OR18,Utah County Commission Seat A,,REP,Over Votes,0
Utah,25OR18,Utah County Commission Seat A,,REP,Under Votes,3
Utah,25OR18,Utah County Commission Seat B,,REP,Carolina Herrin,30
Utah,25OR18,Utah County Commission Seat B,,REP,David M. Spencer,97
Utah,25OR18,Utah County Commission Seat B,,REP,Isaac Paxman,28
Utah,25OR18,Utah County Commission Seat B,,REP,Over Votes,0
Utah,25OR18,Utah County Commission Seat B,,REP,Under Votes,3
Utah,25OR19,Ballots Cast,,,,81
Utah,25OR19,Ballots Cast,,REP,,81
Utah,25OR19,Ballots Cast Blank,,,,0
Utah,25OR19,Registered Voters,,,,349
Utah,25OR19,Registered Voters,,REP,,349
Utah,25OR19,U.S. House,3,REP,Celeste Maloy,51
Utah,25OR19,U.S. House,3,REP,Over Votes,0
Utah,25OR19,U.S. House,3,REP,Phil Lyman,30
Utah,25OR19,U.S. House,3,REP,Under Votes,0
Utah,25OR19,Utah County Clerk,,REP,Aaron Davidson,43
Utah,25OR19,Utah County Clerk,,REP,Corey K Astill,37
Utah,25OR19,Utah County Clerk,,REP,Over Votes,0
Utah,25OR19,Utah County Clerk,,REP,Under Votes,1
Utah,25OR19,Utah County Commission Seat A,,REP,Brent V. Bowles,42
Utah,25OR19,Utah County Commission Seat A,,REP,Michelle Kaufusi,38
Utah,25OR19,Utah County Commission Seat A,,REP,Over Votes,0
Utah,25OR19,Utah County Commission Seat A,,REP,Under Votes,1
Utah,25OR19,Utah County Commission Seat B,,REP,Carolina Herrin,14
Utah,25OR19,Utah County Commission Seat B,,REP,David M. Spencer,49
Utah,25OR19,Utah County Commission Seat B,,REP,Isaac Paxman,17
Utah,25OR19,Utah County Commission Seat B,,REP,Over Votes,0
Utah,25OR19,Utah County Commission Seat B,,REP,Under Votes,1
Utah,25OR20,Ballots Cast,,,,139
Utah,25OR20,Ballots Cast,,REP,,139
Utah,25OR20,Ballots Cast Blank,,,,0
Utah,25OR20,Registered Voters,,,,471
Utah,25OR20,Registered Voters,,REP,,471
Utah,25OR20,U.S. House,3,REP,Celeste Maloy,95
Utah,25OR20,U.S. House,3,REP,Over Votes,0
Utah,25OR20,U.S. House,3,REP,Phil Lyman,41
Utah,25OR20,U.S. House,3,REP,Under Votes,3
Utah,25OR20,Utah County Clerk,,REP,Aaron Davidson,60
Utah,25OR20,Utah County Clerk,,REP,Corey K Astill,76
Utah,25OR20,Utah County Clerk,,REP,Over Votes,0
Utah,25OR20,Utah County Clerk,,REP,Under Votes,3
Utah,25OR20,Utah County Commission Seat A,,REP,Brent V. Bowles,52
Utah,25OR20,Utah County Commission Seat A,,REP,Michelle Kaufusi,87
Utah,25OR20,Utah County Commission Seat A,,REP,Over Votes,0
Utah,25OR20,Utah County Commission Seat A,,REP,Under Votes,0
Utah,25OR20,Utah County Commission Seat B,,REP,Carolina Herrin,26
Utah,25OR20,Utah County Commission Seat B,,REP,David M. Spencer,70
Utah,25OR20,Utah County Commission Seat B,,REP,Isaac Paxman,43
Utah,25OR20,Utah County Commission Seat B,,REP,Over Votes,0
Utah,25OR20,Utah County Commission Seat B,,REP,Under Votes,0
Utah,25OR21,Ballots Cast,,,,95
Utah,25OR21,Ballots Cast,,REP,,95
Utah,25OR21,Ballots Cast Blank,,,,0
Utah,25OR21,Registered Voters,,,,384
Utah,25OR21,Registered Voters,,REP,,384
Utah,25OR21,U.S. House,3,REP,Celeste Maloy,54
Utah,25OR21,U.S. House,3,REP,Over Votes,0
Utah,25OR21,U.S. House,3,REP,Phil Lyman,40
Utah,25OR21,U.S. House,3,REP,Under Votes,1
Utah,25OR21,Utah County Clerk,,REP,Aaron Davidson,54
Utah,25OR21,Utah County Clerk,,REP,Corey K Astill,40
Utah,25OR21,Utah County Clerk,,REP,Over Votes,0
Utah,25OR21,Utah County Clerk,,REP,Under Votes,1
Utah,25OR21,Utah County Commission Seat A,,REP,Brent V. Bowles,51
Utah,25OR21,Utah County Commission Seat A,,REP,Michelle Kaufusi,44
Utah,25OR21,Utah County Commission Seat A,,REP,Over Votes,0
Utah,25OR21,Utah County Commission Seat A,,REP,Under Votes,0
Utah,25OR21,Utah County Commission Seat B,,REP,Carolina Herrin,17
Utah,25OR21,Utah County Commission Seat B,,REP,David M. Spencer,55
Utah,25OR21,Utah County Commission Seat B,,REP,Isaac Paxman,23
Utah,25OR21,Utah County Commission Seat B,,REP,Over Votes,0
Utah,25OR21,Utah County Commission Seat B,,REP,Under Votes,0
Utah,25OR22,Ballots Cast,,,,125
Utah,25OR22,Ballots Cast,,REP,,125
Utah,25OR22,Ballots Cast Blank,,,,0
Utah,25OR22,Registered Voters,,,,411
Utah,25OR22,Registered Voters,,REP,,411
Utah,25OR22,U.S. House,3,REP,Celeste Maloy,74
Utah,25OR22,U.S. House,3,REP,Over Votes,0
Utah,25OR22,U.S. House,3,REP,Phil Lyman,49
Utah,25OR22,U.S. House,3,REP,Under Votes,2
Utah,25OR22,Utah County Clerk,,REP,Aaron Davidson,58
Utah,25OR22,Utah County Clerk,,REP,Corey K Astill,66
Utah,25OR22,Utah County Clerk,,REP,Over Votes,0
Utah,25OR22,Utah County Clerk,,REP,Under Votes,1
Utah,25OR22,Utah County Commission Seat A,,REP,Brent V. Bowles,56
Utah,25OR22,Utah County Commission Seat A,,REP,Michelle Kaufusi,68
Utah,25OR22,Utah County Commission Seat A,,REP,Over Votes,0
Utah,25OR22,Utah County Commission Seat A,,REP,Under Votes,1
Utah,25OR22,Utah County Commission Seat B,,REP,Carolina Herrin,25
Utah,25OR22,Utah County Commission Seat B,,REP,David M. Spencer,61
Utah,25OR22,Utah County Commission Seat B,,REP,Isaac Paxman,38
Utah,25OR22,Utah County Commission Seat B,,REP,Over Votes,0
Utah,25OR22,Utah County Commission Seat B,,REP,Under Votes,1
Utah,25OR23,Ballots Cast,,,,141
Utah,25OR23,Ballots Cast,,REP,,141
Utah,25OR23,Ballots Cast Blank,,,,0
Utah,25OR23,Registered Voters,,,,355
Utah,25OR23,Registered Voters,,REP,,355
Utah,25OR23,U.S. House,3,REP,Celeste Maloy,95
Utah,25OR23,U.S. House,3,REP,Over Votes,0
Utah,25OR23,U.S. House,3,REP,Phil Lyman,42
Utah,25OR23,U.S. House,3,REP,Under Votes,4
Utah,25OR23,Utah County Clerk,,REP,Aaron Davidson,51
Utah,25OR23,Utah County Clerk,,REP,Corey K Astill,82
Utah,25OR23,Utah County Clerk,,REP,Over Votes,0
Utah,25OR23,Utah County Clerk,,REP,Under Votes,8
Utah,25OR23,Utah County Commission Seat A,,REP,Brent V. Bowles,43
Utah,25OR23,Utah County Commission Seat A,,REP,Michelle Kaufusi,92
Utah,25OR23,Utah County Commission Seat A,,REP,Over Votes,0
Utah,25OR23,Utah County Commission Seat A,,REP,Under Votes,6
Utah,25OR23,Utah County Commission Seat B,,REP,Carolina Herrin,14
Utah,25OR23,Utah County Commission Seat B,,REP,David M. Spencer,78
Utah,25OR23,Utah County Commission Seat B,,REP,Isaac Paxman,43
Utah,25OR23,Utah County Commission Seat B,,REP,Over Votes,0
Utah,25OR23,Utah County Commission Seat B,,REP,Under Votes,6
Utah,25OR24,Ballots Cast,,,,109
Utah,25OR24,Ballots Cast,,REP,,109
Utah,25OR24,Ballots Cast Blank,,,,0
Utah,25OR24,Registered Voters,,,,349
Utah,25OR24,Registered Voters,,REP,,349
Utah,25OR24,U.S. House,3,REP,Celeste Maloy,73
Utah,25OR24,U.S. House,3,REP,Over Votes,0
Utah,25OR24,U.S. House,3,REP,Phil Lyman,34
Utah,25OR24,U.S. House,3,REP,Under Votes,2
Utah,25OR24,Utah County Clerk,,REP,Aaron Davidson,50
Utah,25OR24,Utah County Clerk,,REP,Corey K Astill,56
Utah,25OR24,Utah County Clerk,,REP,Over Votes,0
Utah,25OR24,Utah County Clerk,,REP,Under Votes,3
Utah,25OR24,Utah County Commission Seat A,,REP,Brent V. Bowles,43
Utah,25OR24,Utah County Commission Seat A,,REP,Michelle Kaufusi,63
Utah,25OR24,Utah County Commission Seat A,,REP,Over Votes,0
Utah,25OR24,Utah County Commission Seat A,,REP,Under Votes,3
Utah,25OR24,Utah County Commission Seat B,,REP,Carolina Herrin,25
Utah,25OR24,Utah County Commission Seat B,,REP,David M. Spencer,55
Utah,25OR24,Utah County Commission Seat B,,REP,Isaac Paxman,29
Utah,25OR24,Utah County Commission Seat B,,REP,Over Votes,0
Utah,25OR24,Utah County Commission Seat B,,REP,Under Votes,0
Utah,25OR25,Ballots Cast,,,,192
Utah,25OR25,Ballots Cast,,REP,,192
Utah,25OR25,Ballots Cast Blank,,,,0
Utah,25OR25,Registered Voters,,,,495
Utah,25OR25,Registered Voters,,REP,,495
Utah,25OR25,U.S. House,3,REP,Celeste Maloy,121
Utah,25OR25,U.S. House,3,REP,Over Votes,0
Utah,25OR25,U.S. House,3,REP,Phil Lyman,66
Utah,25OR25,U.S. House,3,REP,Under Votes,5
Utah,25OR25,Utah County Clerk,,REP,Aaron Davidson,99
Utah,25OR25,Utah County Clerk,,REP,Corey K Astill,87
Utah,25OR25,Utah County Clerk,,REP,Over Votes,0
Utah,25OR25,Utah County Clerk,,REP,Under Votes,6
Utah,25OR25,Utah County Commission Seat A,,REP,Brent V. Bowles,97
Utah,25OR25,Utah County Commission Seat A,,REP,Michelle Kaufusi,92
Utah,25OR25,Utah County Commission Seat A,,REP,Over Votes,0
Utah,25OR25,Utah County Commission Seat A,,REP,Under Votes,3
Utah,25OR25,Utah County Commission Seat B,,REP,Carolina Herrin,33
Utah,25OR25,Utah County Commission Seat B,,REP,David M. Spencer,101
Utah,25OR25,Utah County Commission Seat B,,REP,Isaac Paxman,54
Utah,25OR25,Utah County Commission Seat B,,REP,Over Votes,0
Utah,25OR25,Utah County Commission Seat B,,REP,Under Votes,4
Utah,25OR26,Ballots Cast,,,,287
Utah,25OR26,Ballots Cast,,REP,,287
Utah,25OR26,Ballots Cast Blank,,,,0
Utah,25OR26,Registered Voters,,,,637
Utah,25OR26,Registered Voters,,REP,,637
Utah,25OR26,U.S. House,3,REP,Celeste Maloy,176
Utah,25OR26,U.S. House,3,REP,Over Votes,0
Utah,25OR26,U.S. House,3,REP,Phil Lyman,103
Utah,25OR26,U.S. House,3,REP,Under Votes,8
Utah,25OR26,Utah County Clerk,,REP,Aaron Davidson,140
Utah,25OR26,Utah County Clerk,,REP,Corey K Astill,132
Utah,25OR26,Utah County Clerk,,REP,Over Votes,0
Utah,25OR26,Utah County Clerk,,REP,Under Votes,15
Utah,25OR26,Utah County Commission Seat A,,REP,Brent V. Bowles,125
Utah,25OR26,Utah County Commission Seat A,,REP,Michelle Kaufusi,156
Utah,25OR26,Utah County Commission Seat A,,REP,Over Votes,0
Utah,25OR26,Utah County Commission Seat A,,REP,Under Votes,6
Utah,25OR26,Utah County Commission Seat B,,REP,Carolina Herrin,38
Utah,25OR26,Utah County Commission Seat B,,REP,David M. Spencer,162
Utah,25OR26,Utah County Commission Seat B,,REP,Isaac Paxman,82
Utah,25OR26,Utah County Commission Seat B,,REP,Over Votes,0
Utah,25OR26,Utah County Commission Seat B,,REP,Under Votes,5
Utah,25OR27,Ballots Cast,,,,239
Utah,25OR27,Ballots Cast,,REP,,239
Utah,25OR27,Ballots Cast Blank,,,,0
Utah,25OR27,Registered Voters,,,,588
Utah,25OR27,Registered Voters,,REP,,588
Utah,25OR27,U.S. House,3,REP,Celeste Maloy,175
Utah,25OR27,U.S. House,3,REP,Over Votes,0
Utah,25OR27,U.S. House,3,REP,Phil Lyman,56
Utah,25OR27,U.S. House,3,REP,Under Votes,8
Utah,25OR27,Utah County Clerk,,REP,Aaron Davidson,65
Utah,25OR27,Utah County Clerk,,REP,Corey K Astill,158
Utah,25OR27,Utah County Clerk,,REP,Over Votes,0
Utah,25OR27,Utah County Clerk,,REP,Under Votes,16
Utah,25OR27,Utah County Commission Seat A,,REP,Brent V. Bowles,86
Utah,25OR27,Utah County Commission Seat A,,REP,Michelle Kaufusi,150
Utah,25OR27,Utah County Commission Seat A,,REP,Over Votes,0
Utah,25OR27,Utah County Commission Seat A,,REP,Under Votes,3
Utah,25OR27,Utah County Commission Seat B,,REP,Carolina Herrin,23
Utah,25OR27,Utah County Commission Seat B,,REP,David M. Spencer,93
Utah,25OR27,Utah County Commission Seat B,,REP,Isaac Paxman,118
Utah,25OR27,Utah County Commission Seat B,,REP,Over Votes,0
Utah,25OR27,Utah County Commission Seat B,,REP,Under Votes,5
Utah,25OR28,Ballots Cast,,,,196
Utah,25OR28,Ballots Cast,,REP,,196
Utah,25OR28,Ballots Cast Blank,,,,0
Utah,25OR28,Registered Voters,,,,445
Utah,25OR28,Registered Voters,,REP,,445
Utah,25OR28,U.S. House,3,REP,Celeste Maloy,130
Utah,25OR28,U.S. House,3,REP,Over Votes,0
Utah,25OR28,U.S. House,3,REP,Phil Lyman,60
Utah,25OR28,U.S. House,3,REP,Under Votes,6
Utah,25OR28,Utah County Clerk,,REP,Aaron Davidson,94
Utah,25OR28,Utah County Clerk,,REP,Corey K Astill,93
Utah,25OR28,Utah County Clerk,,REP,Over Votes,0
Utah,25OR28,Utah County Clerk,,REP,Under Votes,9
Utah,25OR28,Utah County Commission Seat A,,REP,Brent V. Bowles,75
Utah,25OR28,Utah County Commission Seat A,,REP,Michelle Kaufusi,119
Utah,25OR28,Utah County Commission Seat A,,REP,Over Votes,0
Utah,25OR28,Utah County Commission Seat A,,REP,Under Votes,2
Utah,25OR28,Utah County Commission Seat B,,REP,Carolina Herrin,29
Utah,25OR28,Utah County Commission Seat B,,REP,David M. Spencer,116
Utah,25OR28,Utah County Commission Seat B,,REP,Isaac Paxman,48
Utah,25OR28,Utah County Commission Seat B,,REP,Over Votes,0
Utah,25OR28,Utah County Commission Seat B,,REP,Under Votes,3
Utah,25OR29,Ballots Cast,,,,12
Utah,25OR29,Ballots Cast,,REP,,12
Utah,25OR29,Ballots Cast Blank,,,,0
Utah,25OR29,Registered Voters,,,,93
Utah,25OR29,Registered Voters,,REP,,93
Utah,25OR29,U.S. House,3,REP,Celeste Maloy,5
Utah,25OR29,U.S. House,3,REP,Over Votes,0
Utah,25OR29,U.S. House,3,REP,Phil Lyman,6
Utah,25OR29,U.S. House,3,REP,Under Votes,1
Utah,25OR29,Utah County Clerk,,REP,Aaron Davidson,5
Utah,25OR29,Utah County Clerk,,REP,Corey K Astill,5
Utah,25OR29,Utah County Clerk,,REP,Over Votes,0
Utah,25OR29,Utah County Clerk,,REP,Under Votes,2
Utah,25OR29,Utah County Commission Seat A,,REP,Brent V. Bowles,5
Utah,25OR29,Utah County Commission Seat A,,REP,Michelle Kaufusi,6
Utah,25OR29,Utah County Commission Seat A,,REP,Over Votes,0
Utah,25OR29,Utah County Commission Seat A,,REP,Under Votes,1
Utah,25OR29,Utah County Commission Seat B,,REP,Carolina Herrin,4
Utah,25OR29,Utah County Commission Seat B,,REP,David M. Spencer,4
Utah,25OR29,Utah County Commission Seat B,,REP,Isaac Paxman,3
Utah,25OR29,Utah County Commission Seat B,,REP,Over Votes,0
Utah,25OR29,Utah County Commission Seat B,,REP,Under Votes,1
Utah,25OR30,Ballots Cast,,,,246
Utah,25OR30,Ballots Cast,,REP,,246
Utah,25OR30,Ballots Cast Blank,,,,0
Utah,25OR30,Registered Voters,,,,670
Utah,25OR30,Registered Voters,,REP,,670
Utah,25OR30,U.S. House,3,REP,Celeste Maloy,163
Utah,25OR30,U.S. House,3,REP,Over Votes,0
Utah,25OR30,U.S. House,3,REP,Phil Lyman,78
Utah,25OR30,U.S. House,3,REP,Under Votes,5
Utah,25OR30,Utah County Clerk,,REP,Aaron Davidson,106
Utah,25OR30,Utah County Clerk,,REP,Corey K Astill,123
Utah,25OR30,Utah County Clerk,,REP,Over Votes,0
Utah,25OR30,Utah County Clerk,,REP,Under Votes,17
Utah,25OR30,Utah County Commission Seat A,,REP,Brent V. Bowles,92
Utah,25OR30,Utah County Commission Seat A,,REP,Michelle Kaufusi,151
Utah,25OR30,Utah County Commission Seat A,,REP,Over Votes,0
Utah,25OR30,Utah County Commission Seat A,,REP,Under Votes,3
Utah,25OR30,Utah County Commission Seat B,,REP,Carolina Herrin,38
Utah,25OR30,Utah County Commission Seat B,,REP,David M. Spencer,131
Utah,25OR30,Utah County Commission Seat B,,REP,Isaac Paxman,69
Utah,25OR30,Utah County Commission Seat B,,REP,Over Votes,0
Utah,25OR30,Utah County Commission Seat B,,REP,Under Votes,8
Utah,25OR31,Ballots Cast,,,,222
Utah,25OR31,Ballots Cast,,REP,,222
Utah,25OR31,Ballots Cast Blank,,,,0
Utah,25OR31,Registered Voters,,,,566
Utah,25OR31,Registered Voters,,REP,,566
Utah,25OR31,U.S. House,3,REP,Celeste Maloy,129
Utah,25OR31,U.S. House,3,REP,Over Votes,0
Utah,25OR31,U.S. House,3,REP,Phil Lyman,89
Utah,25OR31,U.S. House,3,REP,Under Votes,4
Utah,25OR31,Utah County Clerk,,REP,Aaron Davidson,130
Utah,25OR31,Utah County Clerk,,REP,Corey K Astill,88
Utah,25OR31,Utah County Clerk,,REP,Over Votes,0
Utah,25OR31,Utah County Clerk,,REP,Under Votes,4
Utah,25OR31,Utah County Commission Seat A,,REP,Brent V. Bowles,116
Utah,25OR31,Utah County Commission Seat A,,REP,Michelle Kaufusi,105
Utah,25OR31,Utah County Commission Seat A,,REP,Over Votes,0
Utah,25OR31,Utah County Commission Seat A,,REP,Under Votes,1
Utah,25OR31,Utah County Commission Seat B,,REP,Carolina Herrin,15
Utah,25OR31,Utah County Commission Seat B,,REP,David M. Spencer,129
Utah,25OR31,Utah County Commission Seat B,,REP,Isaac Paxman,77
Utah,25OR31,Utah County Commission Seat B,,REP,Over Votes,0
Utah,25OR31,Utah County Commission Seat B,,REP,Under Votes,1
Utah,25OR32,Ballots Cast,,,,92
Utah,25OR32,Ballots Cast,,REP,,92
Utah,25OR32,Ballots Cast Blank,,,,0
Utah,25OR32,Registered Voters,,,,240
Utah,25OR32,Registered Voters,,REP,,240
Utah,25OR32,U.S. House,3,REP,Celeste Maloy,54
Utah,25OR32,U.S. House,3,REP,Over Votes,0
Utah,25OR32,U.S. House,3,REP,Phil Lyman,37
Utah,25OR32,U.S. House,3,REP,Under Votes,1
Utah,25OR32,Utah County Clerk,,REP,Aaron Davidson,29
Utah,25OR32,Utah County Clerk,,REP,Corey K Astill,59
Utah,25OR32,Utah County Clerk,,REP,Over Votes,0
Utah,25OR32,Utah County Clerk,,REP,Under Votes,4
Utah,25OR32,Utah County Commission Seat A,,REP,Brent V. Bowles,37
Utah,25OR32,Utah County Commission Seat A,,REP,Michelle Kaufusi,55
Utah,25OR32,Utah County Commission Seat A,,REP,Over Votes,0
Utah,25OR32,Utah County Commission Seat A,,REP,Under Votes,0
Utah,25OR32,Utah County Commission Seat B,,REP,Carolina Herrin,22
Utah,25OR32,Utah County Commission Seat B,,REP,David M. Spencer,34
Utah,25OR32,Utah County Commission Seat B,,REP,Isaac Paxman,34
Utah,25OR32,Utah County Commission Seat B,,REP,Over Votes,0
Utah,25OR32,Utah County Commission Seat B,,REP,Under Votes,2
Utah,25OR33,Ballots Cast,,,,239
Utah,25OR33,Ballots Cast,,REP,,239
Utah,25OR33,Ballots Cast Blank,,,,0
Utah,25OR33,Registered Voters,,,,570
Utah,25OR33,Registered Voters,,REP,,570
Utah,25OR33,U.S. House,3,REP,Celeste Maloy,160
Utah,25OR33,U.S. House,3,REP,Over Votes,0
Utah,25OR33,U.S. House,3,REP,Phil Lyman,75
Utah,25OR33,U.S. House,3,REP,Under Votes,4
Utah,25OR33,Utah County Clerk,,REP,Aaron Davidson,110
Utah,25OR33,Utah County Clerk,,REP,Corey K Astill,118
Utah,25OR33,Utah County Clerk,,REP,Over Votes,0
Utah,25OR33,Utah County Clerk,,REP,Under Votes,11
Utah,25OR33,Utah County Commission Seat A,,REP,Brent V. Bowles,114
Utah,25OR33,Utah County Commission Seat A,,REP,Michelle Kaufusi,121
Utah,25OR33,Utah County Commission Seat A,,REP,Over Votes,0
Utah,25OR33,Utah County Commission Seat A,,REP,Under Votes,4
Utah,25OR33,Utah County Commission Seat B,,REP,Carolina Herrin,24
Utah,25OR33,Utah County Commission Seat B,,REP,David M. Spencer,139
Utah,25OR33,Utah County Commission Seat B,,REP,Isaac Paxman,63
Utah,25OR33,Utah County Commission Seat B,,REP,Over Votes,0
Utah,25OR33,Utah County Commission Seat B,,REP,Under Votes,13
Utah,25OR34,Ballots Cast,,,,47
Utah,25OR34,Ballots Cast,,REP,,47
Utah,25OR34,Ballots Cast Blank,,,,0
Utah,25OR34,Registered Voters,,,,215
Utah,25OR34,Registered Voters,,REP,,215
Utah,25OR34,U.S. House,3,REP,Celeste Maloy,23
Utah,25OR34,U.S. House,3,REP,Over Votes,0
Utah,25OR34,U.S. House,3,REP,Phil Lyman,23
Utah,25OR34,U.S. House,3,REP,Under Votes,1
Utah,25OR34,Utah County Clerk,,REP,Aaron Davidson,26
Utah,25OR34,Utah County Clerk,,REP,Corey K Astill,20
Utah,25OR34,Utah County Clerk,,REP,Over Votes,0
Utah,25OR34,Utah County Clerk,,REP,Under Votes,1
Utah,25OR34,Utah County Commission Seat A,,REP,Brent V. Bowles,25
Utah,25OR34,Utah County Commission Seat A,,REP,Michelle Kaufusi,21
Utah,25OR34,Utah County Commission Seat A,,REP,Over Votes,0
Utah,25OR34,Utah County Commission Seat A,,REP,Under Votes,1
Utah,25OR34,Utah County Commission Seat B,,REP,Carolina Herrin,12
Utah,25OR34,Utah County Commission Seat B,,REP,David M. Spencer,24
Utah,25OR34,Utah County Commission Seat B,,REP,Isaac Paxman,9
Utah,25OR34,Utah County Commission Seat B,,REP,Over Votes,0
Utah,25OR34,Utah County Commission Seat B,,REP,Under Votes,2
Utah,25OR35,Ballots Cast,,,,70
Utah,25OR35,Ballots Cast,,REP,,70
Utah,25OR35,Ballots Cast Blank,,,,0
Utah,25OR35,Registered Voters,,,,323
Utah,25OR35,Registered Voters,,REP,,323
Utah,25OR35,U.S. House,3,REP,Celeste Maloy,48
Utah,25OR35,U.S. House,3,REP,Over Votes,0
Utah,25OR35,U.S. House,3,REP,Phil Lyman,21
Utah,25OR35,U.S. House,3,REP,Under Votes,1
Utah,25OR35,Utah County Clerk,,REP,Aaron Davidson,23
Utah,25OR35,Utah County Clerk,,REP,Corey K Astill,44
Utah,25OR35,Utah County Clerk,,REP,Over Votes,0
Utah,25OR35,Utah County Clerk,,REP,Under Votes,3
Utah,25OR35,Utah County Commission Seat A,,REP,Brent V. Bowles,38
Utah,25OR35,Utah County Commission Seat A,,REP,Michelle Kaufusi,32
Utah,25OR35,Utah County Commission Seat A,,REP,Over Votes,0
Utah,25OR35,Utah County Commission Seat A,,REP,Under Votes,0
Utah,25OR35,Utah County Commission Seat B,,REP,Carolina Herrin,10
Utah,25OR35,Utah County Commission Seat B,,REP,David M. Spencer,39
Utah,25OR35,Utah County Commission Seat B,,REP,Isaac Paxman,21
Utah,25OR35,Utah County Commission Seat B,,REP,Over Votes,0
Utah,25OR35,Utah County Commission Seat B,,REP,Under Votes,0
Utah,25OR36,Ballots Cast,,,,263
Utah,25OR36,Ballots Cast,,REP,,263
Utah,25OR36,Ballots Cast Blank,,,,0
Utah,25OR36,Registered Voters,,,,643
Utah,25OR36,Registered Voters,,REP,,643
Utah,25OR36,U.S. House,3,REP,Celeste Maloy,164
Utah,25OR36,U.S. House,3,REP,Over Votes,0
Utah,25OR36,U.S. House,3,REP,Phil Lyman,91
Utah,25OR36,U.S. House,3,REP,Under Votes,8
Utah,25OR36,Utah County Clerk,,REP,Aaron Davidson,117
Utah,25OR36,Utah County Clerk,,REP,Corey K Astill,143
Utah,25OR36,Utah County Clerk,,REP,Over Votes,0
Utah,25OR36,Utah County Clerk,,REP,Under Votes,3
Utah,25OR36,Utah County Commission Seat A,,REP,Brent V. Bowles,118
Utah,25OR36,Utah County Commission Seat A,,REP,Michelle Kaufusi,143
Utah,25OR36,Utah County Commission Seat A,,REP,Over Votes,0
Utah,25OR36,Utah County Commission Seat A,,REP,Under Votes,2
Utah,25OR36,Utah County Commission Seat B,,REP,Carolina Herrin,15
Utah,25OR36,Utah County Commission Seat B,,REP,David M. Spencer,140
Utah,25OR36,Utah County Commission Seat B,,REP,Isaac Paxman,105
Utah,25OR36,Utah County Commission Seat B,,REP,Over Votes,0
Utah,25OR36,Utah County Commission Seat B,,REP,Under Votes,3
Utah,25OR37,Ballots Cast,,,,298
Utah,25OR37,Ballots Cast,,REP,,298
Utah,25OR37,Ballots Cast Blank,,,,0
Utah,25OR37,Registered Voters,,,,720
Utah,25OR37,Registered Voters,,REP,,720
Utah,25OR37,U.S. House,3,REP,Celeste Maloy,206
Utah,25OR37,U.S. House,3,REP,Over Votes,0
Utah,25OR37,U.S. House,3,REP,Phil Lyman,84
Utah,25OR37,U.S. House,3,REP,Under Votes,8
Utah,25OR37,Utah County Clerk,,REP,Aaron Davidson,145
Utah,25OR37,Utah County Clerk,,REP,Corey K Astill,148
Utah,25OR37,Utah County Clerk,,REP,Over Votes,0
Utah,25OR37,Utah County Clerk,,REP,Under Votes,5
Utah,25OR37,Utah County Commission Seat A,,REP,Brent V. Bowles,136
Utah,25OR37,Utah County Commission Seat A,,REP,Michelle Kaufusi,162
Utah,25OR37,Utah County Commission Seat A,,REP,Over Votes,0
Utah,25OR37,Utah County Commission Seat A,,REP,Under Votes,0
Utah,25OR37,Utah County Commission Seat B,,REP,Carolina Herrin,51
Utah,25OR37,Utah County Commission Seat B,,REP,David M. Spencer,137
Utah,25OR37,Utah County Commission Seat B,,REP,Isaac Paxman,108
Utah,25OR37,Utah County Commission Seat B,,REP,Over Votes,0
Utah,25OR37,Utah County Commission Seat B,,REP,Under Votes,2
Utah,25OR38,Ballots Cast,,,,101
Utah,25OR38,Ballots Cast,,REP,,101
Utah,25OR38,Ballots Cast Blank,,,,0
Utah,25OR38,Registered Voters,,,,399
Utah,25OR38,Registered Voters,,REP,,399
Utah,25OR38,U.S. House,3,REP,Celeste Maloy,58
Utah,25OR38,U.S. House,3,REP,Over Votes,0
Utah,25OR38,U.S. House,3,REP,Phil Lyman,40
Utah,25OR38,U.S. House,3,REP,Under Votes,3
Utah,25OR38,Utah County Clerk,,REP,Aaron Davidson,58
Utah,25OR38,Utah County Clerk,,REP,Corey K Astill,41
Utah,25OR38,Utah County Clerk,,REP,Over Votes,0
Utah,25OR38,Utah County Clerk,,REP,Under Votes,2
Utah,25OR38,Utah County Commission Seat A,,REP,Brent V. Bowles,47
Utah,25OR38,Utah County Commission Seat A,,REP,Michelle Kaufusi,54
Utah,25OR38,Utah County Commission Seat A,,REP,Over Votes,0
Utah,25OR38,Utah County Commission Seat A,,REP,Under Votes,0
Utah,25OR38,Utah County Commission Seat B,,REP,Carolina Herrin,29
Utah,25OR38,Utah County Commission Seat B,,REP,David M. Spencer,45
Utah,25OR38,Utah County Commission Seat B,,REP,Isaac Paxman,26
Utah,25OR38,Utah County Commission Seat B,,REP,Over Votes,0
Utah,25OR38,Utah County Commission Seat B,,REP,Under Votes,1
Utah,25OR39,Ballots Cast,,,,200
Utah,25OR39,Ballots Cast,,REP,,200
Utah,25OR39,Ballots Cast Blank,,,,0
Utah,25OR39,Registered Voters,,,,517
Utah,25OR39,Registered Voters,,REP,,517
Utah,25OR39,U.S. House,3,REP,Celeste Maloy,151
Utah,25OR39,U.S. House,3,REP,Over Votes,0
Utah,25OR39,U.S. House,3,REP,Phil Lyman,43
Utah,25OR39,U.S. House,3,REP,Under Votes,6
Utah,25OR39,Utah County Clerk,,REP,Aaron Davidson,68
Utah,25OR39,Utah County Clerk,,REP,Corey K Astill,126
Utah,25OR39,Utah County Clerk,,REP,Over Votes,0
Utah,25OR39,Utah County Clerk,,REP,Under Votes,6
Utah,25OR39,Utah County Commission Seat A,,REP,Brent V. Bowles,61
Utah,25OR39,Utah County Commission Seat A,,REP,Michelle Kaufusi,136
Utah,25OR39,Utah County Commission Seat A,,REP,Over Votes,0
Utah,25OR39,Utah County Commission Seat A,,REP,Under Votes,3
Utah,25OR39,Utah County Commission Seat B,,REP,Carolina Herrin,30
Utah,25OR39,Utah County Commission Seat B,,REP,David M. Spencer,80
Utah,25OR39,Utah County Commission Seat B,,REP,Isaac Paxman,88
Utah,25OR39,Utah County Commission Seat B,,REP,Over Votes,0
Utah,25OR39,Utah County Commission Seat B,,REP,Under Votes,2
Utah,25OR40,Ballots Cast,,,,171
Utah,25OR40,Ballots Cast,,REP,,171
Utah,25OR40,Ballots Cast Blank,,,,0
Utah,25OR40,Registered Voters,,,,571
Utah,25OR40,Registered Voters,,REP,,571
Utah,25OR40,U.S. House,3,REP,Celeste Maloy,106
Utah,25OR40,U.S. House,3,REP,Over Votes,0
Utah,25OR40,U.S. House,3,REP,Phil Lyman,57
Utah,25OR40,U.S. House,3,REP,Under Votes,8
Utah,25OR40,Utah County Clerk,,REP,Aaron Davidson,71
Utah,25OR40,Utah County Clerk,,REP,Corey K Astill,90
Utah,25OR40,Utah County Clerk,,REP,Over Votes,0
Utah,25OR40,Utah County Clerk,,REP,Under Votes,10
Utah,25OR40,Utah County Commission Seat A,,REP,Brent V. Bowles,72
Utah,25OR40,Utah County Commission Seat A,,REP,Michelle Kaufusi,95
Utah,25OR40,Utah County Commission Seat A,,REP,Over Votes,0
Utah,25OR40,Utah County Commission Seat A,,REP,Under Votes,4
Utah,25OR40,Utah County Commission Seat B,,REP,Carolina Herrin,29
Utah,25OR40,Utah County Commission Seat B,,REP,David M. Spencer,82
Utah,25OR40,Utah County Commission Seat B,,REP,Isaac Paxman,56
Utah,25OR40,Utah County Commission Seat B,,REP,Over Votes,0
Utah,25OR40,Utah County Commission Seat B,,REP,Under Votes,4
Utah,25OR41,Ballots Cast,,,,311
Utah,25OR41,Ballots Cast,,REP,,311
Utah,25OR41,Ballots Cast Blank,,,,0
Utah,25OR41,Registered Voters,,,,807
Utah,25OR41,Registered Voters,,REP,,807
Utah,25OR41,U.S. House,3,REP,Celeste Maloy,196
Utah,25OR41,U.S. House,3,REP,Over Votes,0
Utah,25OR41,U.S. House,3,REP,Phil Lyman,111
Utah,25OR41,U.S. House,3,REP,Under Votes,4
Utah,25OR41,Utah County Clerk,,REP,Aaron Davidson,136
Utah,25OR41,Utah County Clerk,,REP,Corey K Astill,158
Utah,25OR41,Utah County Clerk,,REP,Over Votes,0
Utah,25OR41,Utah County Clerk,,REP,Under Votes,17
Utah,25OR41,Utah County Commission Seat A,,REP,Brent V. Bowles,113
Utah,25OR41,Utah County Commission Seat A,,REP,Michelle Kaufusi,192
Utah,25OR41,Utah County Commission Seat A,,REP,Over Votes,0
Utah,25OR41,Utah County Commission Seat A,,REP,Under Votes,6
Utah,25OR41,Utah County Commission Seat B,,REP,Carolina Herrin,38
Utah,25OR41,Utah County Commission Seat B,,REP,David M. Spencer,148
Utah,25OR41,Utah County Commission Seat B,,REP,Isaac Paxman,113
Utah,25OR41,Utah County Commission Seat B,,REP,Over Votes,0
Utah,25OR41,Utah County Commission Seat B,,REP,Under Votes,12
Utah,25OR42,Ballots Cast,,,,118
Utah,25OR42,Ballots Cast,,REP,,118
Utah,25OR42,Ballots Cast Blank,,,,0
Utah,25OR42,Registered Voters,,,,349
Utah,25OR42,Registered Voters,,REP,,349
Utah,25OR42,U.S. House,3,REP,Celeste Maloy,72
Utah,25OR42,U.S. House,3,REP,Over Votes,0
Utah,25OR42,U.S. House,3,REP,Phil Lyman,45
Utah,25OR42,U.S. House,3,REP,Under Votes,1
Utah,25OR42,Utah County Clerk,,REP,Aaron Davidson,52
Utah,25OR42,Utah County Clerk,,REP,Corey K Astill,61
Utah,25OR42,Utah County Clerk,,REP,Over Votes,0
Utah,25OR42,Utah County Clerk,,REP,Under Votes,5
Utah,25OR42,Utah County Commission Seat A,,REP,Brent V. Bowles,54
Utah,25OR42,Utah County Commission Seat A,,REP,Michelle Kaufusi,61
Utah,25OR42,Utah County Commission Seat A,,REP,Over Votes,0
Utah,25OR42,Utah County Commission Seat A,,REP,Under Votes,3
Utah,25OR42,Utah County Commission Seat B,,REP,Carolina Herrin,12
Utah,25OR42,Utah County Commission Seat B,,REP,David M. Spencer,63
Utah,25OR42,Utah County Commission Seat B,,REP,Isaac Paxman,39
Utah,25OR42,Utah County Commission Seat B,,REP,Over Votes,0
Utah,25OR42,Utah County Commission Seat B,,REP,Under Votes,4
Utah,25OR43,Ballots Cast,,,,72
Utah,25OR43,Ballots Cast,,REP,,72
Utah,25OR43,Ballots Cast Blank,,,,0
Utah,25OR43,Registered Voters,,,,261
Utah,25OR43,Registered Voters,,REP,,261
Utah,25OR43,U.S. House,3,REP,Celeste Maloy,35
Utah,25OR43,U.S. House,3,REP,Over Votes,0
Utah,25OR43,U.S. House,3,REP,Phil Lyman,33
Utah,25OR43,U.S. House,3,REP,Under Votes,4
Utah,25OR43,Utah County Clerk,,REP,Aaron Davidson,41
Utah,25OR43,Utah County Clerk,,REP,Corey K Astill,29
Utah,25OR43,Utah County Clerk,,REP,Over Votes,0
Utah,25OR43,Utah County Clerk,,REP,Under Votes,2
Utah,25OR43,Utah County Commission Seat A,,REP,Brent V. Bowles,44
Utah,25OR43,Utah County Commission Seat A,,REP,Michelle Kaufusi,27
Utah,25OR43,Utah County Commission Seat A,,REP,Over Votes,0
Utah,25OR43,Utah County Commission Seat A,,REP,Under Votes,1
Utah,25OR43,Utah County Commission Seat B,,REP,Carolina Herrin,13
Utah,25OR43,Utah County Commission Seat B,,REP,David M. Spencer,40
Utah,25OR43,Utah County Commission Seat B,,REP,Isaac Paxman,14
Utah,25OR43,Utah County Commission Seat B,,REP,Over Votes,1
Utah,25OR43,Utah County Commission Seat B,,REP,Under Votes,4
Utah,25OR44,Ballots Cast,,,,94
Utah,25OR44,Ballots Cast,,REP,,94
Utah,25OR44,Ballots Cast Blank,,,,0
Utah,25OR44,Registered Voters,,,,343
Utah,25OR44,Registered Voters,,REP,,343
Utah,25OR44,U.S. House,3,REP,Celeste Maloy,56
Utah,25OR44,U.S. House,3,REP,Over Votes,0
Utah,25OR44,U.S. House,3,REP,Phil Lyman,34
Utah,25OR44,U.S. House,3,REP,Under Votes,4
Utah,25OR44,Utah County Clerk,,REP,Aaron Davidson,39
Utah,25OR44,Utah County Clerk,,REP,Corey K Astill,52
Utah,25OR44,Utah County Clerk,,REP,Over Votes,0
Utah,25OR44,Utah County Clerk,,REP,Under Votes,3
Utah,25OR44,Utah County Commission Seat A,,REP,Brent V. Bowles,46
Utah,25OR44,Utah County Commission Seat A,,REP,Michelle Kaufusi,48
Utah,25OR44,Utah County Commission Seat A,,REP,Over Votes,0
Utah,25OR44,Utah County Commission Seat A,,REP,Under Votes,0
Utah,25OR44,Utah County Commission Seat B,,REP,Carolina Herrin,20
Utah,25OR44,Utah County Commission Seat B,,REP,David M. Spencer,47
Utah,25OR44,Utah County Commission Seat B,,REP,Isaac Paxman,27
Utah,25OR44,Utah County Commission Seat B,,REP,Over Votes,0
Utah,25OR44,Utah County Commission Seat B,,REP,Under Votes,0
Utah,25OR45,Ballots Cast,,,,191
Utah,25OR45,Ballots Cast,,REP,,191
Utah,25OR45,Ballots Cast Blank,,,,0
Utah,25OR45,Registered Voters,,,,493
Utah,25OR45,Registered Voters,,REP,,493
Utah,25OR45,U.S. House,3,REP,Celeste Maloy,124
Utah,25OR45,U.S. House,3,REP,Over Votes,0
Utah,25OR45,U.S. House,3,REP,Phil Lyman,55
Utah,25OR45,U.S. House,3,REP,Under Votes,12
Utah,25OR45,Utah County Clerk,,REP,Aaron Davidson,85
Utah,25OR45,Utah County Clerk,,REP,Corey K Astill,100
Utah,25OR45,Utah County Clerk,,REP,Over Votes,0
Utah,25OR45,Utah County Clerk,,REP,Under Votes,6
Utah,25OR45,Utah County Commission Seat A,,REP,Brent V. Bowles,78
Utah,25OR45,Utah County Commission Seat A,,REP,Michelle Kaufusi,112
Utah,25OR45,Utah County Commission Seat A,,REP,Over Votes,0
Utah,25OR45,Utah County Commission Seat A,,REP,Under Votes,1
Utah,25OR45,Utah County Commission Seat B,,REP,Carolina Herrin,25
Utah,25OR45,Utah County Commission Seat B,,REP,David M. Spencer,91
Utah,25OR45,Utah County Commission Seat B,,REP,Isaac Paxman,70
Utah,25OR45,Utah County Commission Seat B,,REP,Over Votes,0
Utah,25OR45,Utah County Commission Seat B,,REP,Under Votes,5
Utah,25OR46,Ballots Cast,,,,180
Utah,25OR46,Ballots Cast,,REP,,180
Utah,25OR46,Ballots Cast Blank,,,,0
Utah,25OR46,Registered Voters,,,,467
Utah,25OR46,Registered Voters,,REP,,467
Utah,25OR46,U.S. House,3,REP,Celeste Maloy,102
Utah,25OR46,U.S. House,3,REP,Over Votes,0
Utah,25OR46,U.S. House,3,REP,Phil Lyman,72
Utah,25OR46,U.S. House,3,REP,Under Votes,6
Utah,25OR46,Utah County Clerk,,REP,Aaron Davidson,98
Utah,25OR46,Utah County Clerk,,REP,Corey K Astill,72
Utah,25OR46,Utah County Clerk,,REP,Over Votes,0
Utah,25OR46,Utah County Clerk,,REP,Under Votes,10
Utah,25OR46,Utah County Commission Seat A,,REP,Brent V. Bowles,98
Utah,25OR46,Utah County Commission Seat A,,REP,Michelle Kaufusi,80
Utah,25OR46,Utah County Commission Seat A,,REP,Over Votes,0
Utah,25OR46,Utah County Commission Seat A,,REP,Under Votes,2
Utah,25OR46,Utah County Commission Seat B,,REP,Carolina Herrin,21
Utah,25OR46,Utah County Commission Seat B,,REP,David M. Spencer,107
Utah,25OR46,Utah County Commission Seat B,,REP,Isaac Paxman,49
Utah,25OR46,Utah County Commission Seat B,,REP,Over Votes,0
Utah,25OR46,Utah County Commission Seat B,,REP,Under Votes,3
Utah,25OR47,Ballots Cast,,,,219
Utah,25OR47,Ballots Cast,,REP,,219
Utah,25OR47,Ballots Cast Blank,,,,0
Utah,25OR47,Registered Voters,,,,540
Utah,25OR47,Registered Voters,,REP,,540
Utah,25OR47,U.S. House,3,REP,Celeste Maloy,135
Utah,25OR47,U.S. House,3,REP,Over Votes,0
Utah,25OR47,U.S. House,3,REP,Phil Lyman,79
Utah,25OR47,U.S. House,3,REP,Under Votes,5
Utah,25OR47,Utah County Clerk,,REP,Aaron Davidson,95
Utah,25OR47,Utah County Clerk,,REP,Corey K Astill,118
Utah,25OR47,Utah County Clerk,,REP,Over Votes,0
Utah,25OR47,Utah County Clerk,,REP,Under Votes,6
Utah,25OR47,Utah County Commission Seat A,,REP,Brent V. Bowles,107
Utah,25OR47,Utah County Commission Seat A,,REP,Michelle Kaufusi,108
Utah,25OR47,Utah County Commission Seat A,,REP,Over Votes,0
Utah,25OR47,Utah County Commission Seat A,,REP,Under Votes,4
Utah,25OR47,Utah County Commission Seat B,,REP,Carolina Herrin,31
Utah,25OR47,Utah County Commission Seat B,,REP,David M. Spencer,112
Utah,25OR47,Utah County Commission Seat B,,REP,Isaac Paxman,68
Utah,25OR47,Utah County Commission Seat B,,REP,Over Votes,0
Utah,25OR47,Utah County Commission Seat B,,REP,Under Votes,8
Utah,25OR48,Ballots Cast,,,,56
Utah,25OR48,Ballots Cast,,REP,,56
Utah,25OR48,Ballots Cast Blank,,,,0
Utah,25OR48,Registered Voters,,,,340
Utah,25OR48,Registered Voters,,REP,,340
Utah,25OR48,U.S. House,3,REP,Celeste Maloy,31
Utah,25OR48,U.S. House,3,REP,Over Votes,0
Utah,25OR48,U.S. House,3,REP,Phil Lyman,24
Utah,25OR48,U.S. House,3,REP,Under Votes,1
Utah,25OR48,Utah County Clerk,,REP,Aaron Davidson,24
Utah,25OR48,Utah County Clerk,,REP,Corey K Astill,30
Utah,25OR48,Utah County Clerk,,REP,Over Votes,0
Utah,25OR48,Utah County Clerk,,REP,Under Votes,2
Utah,25OR48,Utah County Commission Seat A,,REP,Brent V. Bowles,24
Utah,25OR48,Utah County Commission Seat A,,REP,Michelle Kaufusi,32
Utah,25OR48,Utah County Commission Seat A,,REP,Over Votes,0
Utah,25OR48,Utah County Commission Seat A,,REP,Under Votes,0
Utah,25OR48,Utah County Commission Seat B,,REP,Carolina Herrin,5
Utah,25OR48,Utah County Commission Seat B,,REP,David M. Spencer,39
Utah,25OR48,Utah County Commission Seat B,,REP,Isaac Paxman,12
Utah,25OR48,Utah County Commission Seat B,,REP,Over Votes,0
Utah,25OR48,Utah County Commission Seat B,,REP,Under Votes,0
Utah,25OR49,Ballots Cast,,,,96
Utah,25OR49,Ballots Cast,,REP,,96
Utah,25OR49,Ballots Cast Blank,,,,0
Utah,25OR49,Registered Voters,,,,439
Utah,25OR49,Registered Voters,,REP,,439
Utah,25OR49,U.S. House,3,REP,Celeste Maloy,66
Utah,25OR49,U.S. House,3,REP,Over Votes,0
Utah,25OR49,U.S. House,3,REP,Phil Lyman,29
Utah,25OR49,U.S. House,3,REP,Under Votes,1
Utah,25OR49,Utah County Clerk,,REP,Aaron Davidson,53
Utah,25OR49,Utah County Clerk,,REP,Corey K Astill,43
Utah,25OR49,Utah County Clerk,,REP,Over Votes,0
Utah,25OR49,Utah County Clerk,,REP,Under Votes,0
Utah,25OR49,Utah County Commission Seat A,,REP,Brent V. Bowles,45
Utah,25OR49,Utah County Commission Seat A,,REP,Michelle Kaufusi,51
Utah,25OR49,Utah County Commission Seat A,,REP,Over Votes,0
Utah,25OR49,Utah County Commission Seat A,,REP,Under Votes,0
Utah,25OR49,Utah County Commission Seat B,,REP,Carolina Herrin,23
Utah,25OR49,Utah County Commission Seat B,,REP,David M. Spencer,51
Utah,25OR49,Utah County Commission Seat B,,REP,Isaac Paxman,19
Utah,25OR49,Utah County Commission Seat B,,REP,Over Votes,0
Utah,25OR49,Utah County Commission Seat B,,REP,Under Votes,3
Utah,25OR50,Ballots Cast,,,,44
Utah,25OR50,Ballots Cast,,REP,,44
Utah,25OR50,Ballots Cast Blank,,,,0
Utah,25OR50,Registered Voters,,,,309
Utah,25OR50,Registered Voters,,REP,,309
Utah,25OR50,U.S. House,3,REP,Celeste Maloy,22
Utah,25OR50,U.S. House,3,REP,Over Votes,0
Utah,25OR50,U.S. House,3,REP,Phil Lyman,21
Utah,25OR50,U.S. House,3,REP,Under Votes,1
Utah,25OR50,Utah County Clerk,,REP,Aaron Davidson,24
Utah,25OR50,Utah County Clerk,,REP,Corey K Astill,20
Utah,25OR50,Utah County Clerk,,REP,Over Votes,0
Utah,25OR50,Utah County Clerk,,REP,Under Votes,0
Utah,25OR50,Utah County Commission Seat A,,REP,Brent V. Bowles,23
Utah,25OR50,Utah County Commission Seat A,,REP,Michelle Kaufusi,21
Utah,25OR50,Utah County Commission Seat A,,REP,Over Votes,0
Utah,25OR50,Utah County Commission Seat A,,REP,Under Votes,0
Utah,25OR50,Utah County Commission Seat B,,REP,Carolina Herrin,9
Utah,25OR50,Utah County Commission Seat B,,REP,David M. Spencer,20
Utah,25OR50,Utah County Commission Seat B,,REP,Isaac Paxman,15
Utah,25OR50,Utah County Commission Seat B,,REP,Over Votes,0
Utah,25OR50,Utah County Commission Seat B,,REP,Under Votes,0
Utah,25OR51,Ballots Cast,,,,154
Utah,25OR51,Ballots Cast,,REP,,154
Utah,25OR51,Ballots Cast Blank,,,,0
Utah,25OR51,Registered Voters,,,,579
Utah,25OR51,Registered Voters,,REP,,579
Utah,25OR51,U.S. House,3,REP,Celeste Maloy,90
Utah,25OR51,U.S. House,3,REP,Over Votes,0
Utah,25OR51,U.S. House,3,REP,Phil Lyman,58
Utah,25OR51,U.S. House,3,REP,Under Votes,6
Utah,25OR51,Utah County Clerk,,REP,Aaron Davidson,83
Utah,25OR51,Utah County Clerk,,REP,Corey K Astill,63
Utah,25OR51,Utah County Clerk,,REP,Over Votes,0
Utah,25OR51,Utah County Clerk,,REP,Under Votes,8
Utah,25OR51,Utah County Commission Seat A,,REP,Brent V. Bowles,64
Utah,25OR51,Utah County Commission Seat A,,REP,Michelle Kaufusi,89
Utah,25OR51,Utah County Commission Seat A,,REP,Over Votes,0
Utah,25OR51,Utah County Commission Seat A,,REP,Under Votes,1
Utah,25OR51,Utah County Commission Seat B,,REP,Carolina Herrin,26
Utah,25OR51,Utah County Commission Seat B,,REP,David M. Spencer,72
Utah,25OR51,Utah County Commission Seat B,,REP,Isaac Paxman,51
Utah,25OR51,Utah County Commission Seat B,,REP,Over Votes,0
Utah,25OR51,Utah County Commission Seat B,,REP,Under Votes,5
Utah,25OR52,Ballots Cast,,,,78
Utah,25OR52,Ballots Cast,,REP,,78
Utah,25OR52,Ballots Cast Blank,,,,0
Utah,25OR52,Registered Voters,,,,269
Utah,25OR52,Registered Voters,,REP,,269
Utah,25OR52,U.S. House,3,REP,Celeste Maloy,41
Utah,25OR52,U.S. House,3,REP,Over Votes,0
Utah,25OR52,U.S. House,3,REP,Phil Lyman,37
Utah,25OR52,U.S. House,3,REP,Under Votes,0
Utah,25OR52,Utah County Clerk,,REP,Aaron Davidson,28
Utah,25OR52,Utah County Clerk,,REP,Corey K Astill,48
Utah,25OR52,Utah County Clerk,,REP,Over Votes,0
Utah,25OR52,Utah County Clerk,,REP,Under Votes,2
Utah,25OR52,Utah County Commission Seat A,,REP,Brent V. Bowles,44
Utah,25OR52,Utah County Commission Seat A,,REP,Michelle Kaufusi,33
Utah,25OR52,Utah County Commission Seat A,,REP,Over Votes,0
Utah,25OR52,Utah County Commission Seat A,,REP,Under Votes,1
Utah,25OR52,Utah County Commission Seat B,,REP,Carolina Herrin,16
Utah,25OR52,Utah County Commission Seat B,,REP,David M. Spencer,33
Utah,25OR52,Utah County Commission Seat B,,REP,Isaac Paxman,27
Utah,25OR52,Utah County Commission Seat B,,REP,Over Votes,0
Utah,25OR52,Utah County Commission Seat B,,REP,Under Votes,2
Utah,25OR53,Ballots Cast,,,,167
Utah,25OR53,Ballots Cast,,REP,,167
Utah,25OR53,Ballots Cast Blank,,,,1
Utah,25OR53,Registered Voters,,,,490
Utah,25OR53,Registered Voters,,REP,,490
Utah,25OR53,U.S. House,3,REP,Celeste Maloy,108
Utah,25OR53,U.S. House,3,REP,Over Votes,0
Utah,25OR53,U.S. House,3,REP,Phil Lyman,53
Utah,25OR53,U.S. House,3,REP,Under Votes,6
Utah,25OR53,Utah County Clerk,,REP,Aaron Davidson,69
Utah,25OR53,Utah County Clerk,,REP,Corey K Astill,90
Utah,25OR53,Utah County Clerk,,REP,Over Votes,0
Utah,25OR53,Utah County Clerk,,REP,Under Votes,8
Utah,25OR53,Utah County Commission Seat A,,REP,Brent V. Bowles,75
Utah,25OR53,Utah County Commission Seat A,,REP,Michelle Kaufusi,89
Utah,25OR53,Utah County Commission Seat A,,REP,Over Votes,0
Utah,25OR53,Utah County Commission Seat A,,REP,Under Votes,3
Utah,25OR53,Utah County Commission Seat B,,REP,Carolina Herrin,30
Utah,25OR53,Utah County Commission Seat B,,REP,David M. Spencer,102
Utah,25OR53,Utah County Commission Seat B,,REP,Isaac Paxman,28
Utah,25OR53,Utah County Commission Seat B,,REP,Over Votes,0
Utah,25OR53,Utah County Commission Seat B,,REP,Under Votes,7
Utah,25OR54 Suppressed,Ballots Cast,,,,2
Utah,25OR54 Suppressed,Ballots Cast,,REP,,2
Utah,25OR54 Suppressed,Ballots Cast Blank,,,,0
Utah,25OR54 Suppressed,Registered Voters,,,,2
Utah,25OR54 Suppressed,Registered Voters,,REP,,2
Utah,25OR57,Ballots Cast,,,,0
Utah,25OR57,Ballots Cast,,REP,,0
Utah,25OR57,Ballots Cast Blank,,,,0
Utah,25OR57,Registered Voters,,,,0
Utah,25OR57,Registered Voters,,REP,,0
Utah,25OR57,U.S. House,3,REP,Celeste Maloy,0
Utah,25OR57,U.S. House,3,REP,Over Votes,0
Utah,25OR57,U.S. House,3,REP,Phil Lyman,0
Utah,25OR57,U.S. House,3,REP,Under Votes,0
Utah,25OR57,Utah County Clerk,,REP,Aaron Davidson,0
Utah,25OR57,Utah County Clerk,,REP,Corey K Astill,0
Utah,25OR57,Utah County Clerk,,REP,Over Votes,0
Utah,25OR57,Utah County Clerk,,REP,Under Votes,0
Utah,25OR57,Utah County Commission Seat A,,REP,Brent V. Bowles,0
Utah,25OR57,Utah County Commission Seat A,,REP,Michelle Kaufusi,0
Utah,25OR57,Utah County Commission Seat A,,REP,Over Votes,0
Utah,25OR57,Utah County Commission Seat A,,REP,Under Votes,0
Utah,25OR57,Utah County Commission Seat B,,REP,Carolina Herrin,0
Utah,25OR57,Utah County Commission Seat B,,REP,David M. Spencer,0
Utah,25OR57,Utah County Commission Seat B,,REP,Isaac Paxman,0
Utah,25OR57,Utah County Commission Seat B,,REP,Over Votes,0
Utah,25OR57,Utah County Commission Seat B,,REP,Under Votes,0
Utah,25OR58,Ballots Cast,,,,0
Utah,25OR58,Ballots Cast,,REP,,0
Utah,25OR58,Ballots Cast Blank,,,,0
Utah,25OR58,Registered Voters,,,,0
Utah,25OR58,Registered Voters,,REP,,0
Utah,25OR58,U.S. House,3,REP,Celeste Maloy,0
Utah,25OR58,U.S. House,3,REP,Over Votes,0
Utah,25OR58,U.S. House,3,REP,Phil Lyman,0
Utah,25OR58,U.S. House,3,REP,Under Votes,0
Utah,25OR58,Utah County Clerk,,REP,Aaron Davidson,0
Utah,25OR58,Utah County Clerk,,REP,Corey K Astill,0
Utah,25OR58,Utah County Clerk,,REP,Over Votes,0
Utah,25OR58,Utah County Clerk,,REP,Under Votes,0
Utah,25OR58,Utah County Commission Seat A,,REP,Brent V. Bowles,0
Utah,25OR58,Utah County Commission Seat A,,REP,Michelle Kaufusi,0
Utah,25OR58,Utah County Commission Seat A,,REP,Over Votes,0
Utah,25OR58,Utah County Commission Seat A,,REP,Under Votes,0
Utah,25OR58,Utah County Commission Seat B,,REP,Carolina Herrin,0
Utah,25OR58,Utah County Commission Seat B,,REP,David M. Spencer,0
Utah,25OR58,Utah County Commission Seat B,,REP,Isaac Paxman,0
Utah,25OR58,Utah County Commission Seat B,,REP,Over Votes,0
Utah,25OR58,Utah County Commission Seat B,,REP,Under Votes,0
Utah,25OR59,Ballots Cast,,,,0
Utah,25OR59,Ballots Cast,,REP,,0
Utah,25OR59,Ballots Cast Blank,,,,0
Utah,25OR59,Registered Voters,,,,0
Utah,25OR59,Registered Voters,,REP,,0
Utah,25OR59,U.S. House,3,REP,Celeste Maloy,0
Utah,25OR59,U.S. House,3,REP,Over Votes,0
Utah,25OR59,U.S. House,3,REP,Phil Lyman,0
Utah,25OR59,U.S. House,3,REP,Under Votes,0
Utah,25OR59,Utah County Clerk,,REP,Aaron Davidson,0
Utah,25OR59,Utah County Clerk,,REP,Corey K Astill,0
Utah,25OR59,Utah County Clerk,,REP,Over Votes,0
Utah,25OR59,Utah County Clerk,,REP,Under Votes,0
Utah,25OR59,Utah County Commission Seat A,,REP,Brent V. Bowles,0
Utah,25OR59,Utah County Commission Seat A,,REP,Michelle Kaufusi,0
Utah,25OR59,Utah County Commission Seat A,,REP,Over Votes,0
Utah,25OR59,Utah County Commission Seat A,,REP,Under Votes,0
Utah,25OR59,Utah County Commission Seat B,,REP,Carolina Herrin,0
Utah,25OR59,Utah County Commission Seat B,,REP,David M. Spencer,0
Utah,25OR59,Utah County Commission Seat B,,REP,Isaac Paxman,0
Utah,25OR59,Utah County Commission Seat B,,REP,Over Votes,0
Utah,25OR59,Utah County Commission Seat B,,REP,Under Votes,0
Utah,25PA01,Ballots Cast,,,,115
Utah,25PA01,Ballots Cast,,REP,,115
Utah,25PA01,Ballots Cast Blank,,,,0
Utah,25PA01,Registered Voters,,,,604
Utah,25PA01,Registered Voters,,REP,,604
Utah,25PA01,U.S. House,3,REP,Celeste Maloy,73
Utah,25PA01,U.S. House,3,REP,Over Votes,0
Utah,25PA01,U.S. House,3,REP,Phil Lyman,41
Utah,25PA01,U.S. House,3,REP,Under Votes,1
Utah,25PA01,Utah County Clerk,,REP,Aaron Davidson,53
Utah,25PA01,Utah County Clerk,,REP,Corey K Astill,61
Utah,25PA01,Utah County Clerk,,REP,Over Votes,0
Utah,25PA01,Utah County Clerk,,REP,Under Votes,1
Utah,25PA01,Utah County Commission Seat A,,REP,Brent V. Bowles,59
Utah,25PA01,Utah County Commission Seat A,,REP,Michelle Kaufusi,56
Utah,25PA01,Utah County Commission Seat A,,REP,Over Votes,0
Utah,25PA01,Utah County Commission Seat A,,REP,Under Votes,0
Utah,25PA01,Utah County Commission Seat B,,REP,Carolina Herrin,32
Utah,25PA01,Utah County Commission Seat B,,REP,David M. Spencer,51
Utah,25PA01,Utah County Commission Seat B,,REP,Isaac Paxman,31
Utah,25PA01,Utah County Commission Seat B,,REP,Over Votes,0
Utah,25PA01,Utah County Commission Seat B,,REP,Under Votes,1
Utah,25PA02,Ballots Cast,,,,109
Utah,25PA02,Ballots Cast,,REP,,109
Utah,25PA02,Ballots Cast Blank,,,,0
Utah,25PA02,Registered Voters,,,,398
Utah,25PA02,Registered Voters,,REP,,398
Utah,25PA02,U.S. House,3,REP,Celeste Maloy,67
Utah,25PA02,U.S. House,3,REP,Over Votes,0
Utah,25PA02,U.S. House,3,REP,Phil Lyman,41
Utah,25PA02,U.S. House,3,REP,Under Votes,1
Utah,25PA02,Utah County Clerk,,REP,Aaron Davidson,45
Utah,25PA02,Utah County Clerk,,REP,Corey K Astill,63
Utah,25PA02,Utah County Clerk,,REP,Over Votes,0
Utah,25PA02,Utah County Clerk,,REP,Under Votes,1
Utah,25PA02,Utah County Commission Seat A,,REP,Brent V. Bowles,61
Utah,25PA02,Utah County Commission Seat A,,REP,Michelle Kaufusi,48
Utah,25PA02,Utah County Commission Seat A,,REP,Over Votes,0
Utah,25PA02,Utah County Commission Seat A,,REP,Under Votes,0
Utah,25PA02,Utah County Commission Seat B,,REP,Carolina Herrin,37
Utah,25PA02,Utah County Commission Seat B,,REP,David M. Spencer,51
Utah,25PA02,Utah County Commission Seat B,,REP,Isaac Paxman,20
Utah,25PA02,Utah County Commission Seat B,,REP,Over Votes,0
Utah,25PA02,Utah County Commission Seat B,,REP,Under Votes,1
Utah,25PA03,Ballots Cast,,,,188
Utah,25PA03,Ballots Cast,,REP,,188
Utah,25PA03,Ballots Cast Blank,,,,0
Utah,25PA03,Registered Voters,,,,610
Utah,25PA03,Registered Voters,,REP,,610
Utah,25PA03,U.S. House,3,REP,Celeste Maloy,130
Utah,25PA03,U.S. House,3,REP,Over Votes,0
Utah,25PA03,U.S. House,3,REP,Phil Lyman,58
Utah,25PA03,U.S. House,3,REP,Under Votes,0
Utah,25PA03,Utah County Clerk,,REP,Aaron Davidson,99
Utah,25PA03,Utah County Clerk,,REP,Corey K Astill,80
Utah,25PA03,Utah County Clerk,,REP,Over Votes,0
Utah,25PA03,Utah County Clerk,,REP,Under Votes,9
Utah,25PA03,Utah County Commission Seat A,,REP,Brent V. Bowles,82
Utah,25PA03,Utah County Commission Seat A,,REP,Michelle Kaufusi,104
Utah,25PA03,Utah County Commission Seat A,,REP,Over Votes,0
Utah,25PA03,Utah County Commission Seat A,,REP,Under Votes,2
Utah,25PA03,Utah County Commission Seat B,,REP,Carolina Herrin,64
Utah,25PA03,Utah County Commission Seat B,,REP,David M. Spencer,75
Utah,25PA03,Utah County Commission Seat B,,REP,Isaac Paxman,42
Utah,25PA03,Utah County Commission Seat B,,REP,Over Votes,0
Utah,25PA03,Utah County Commission Seat B,,REP,Under Votes,7
Utah,25PA04,Ballots Cast,,,,134
Utah,25PA04,Ballots Cast,,REP,,134
Utah,25PA04,Ballots Cast Blank,,,,0
Utah,25PA04,Registered Voters,,,,431
Utah,25PA04,Registered Voters,,REP,,431
Utah,25PA04,U.S. House,3,REP,Celeste Maloy,78
Utah,25PA04,U.S. House,3,REP,Over Votes,0
Utah,25PA04,U.S. House,3,REP,Phil Lyman,56
Utah,25PA04,U.S. House,3,REP,Under Votes,0
Utah,25PA04,Utah County Clerk,,REP,Aaron Davidson,66
Utah,25PA04,Utah County Clerk,,REP,Corey K Astill,67
Utah,25PA04,Utah County Clerk,,REP,Over Votes,0
Utah,25PA04,Utah County Clerk,,REP,Under Votes,1
Utah,25PA04,Utah County Commission Seat A,,REP,Brent V. Bowles,69
Utah,25PA04,Utah County Commission Seat A,,REP,Michelle Kaufusi,64
Utah,25PA04,Utah County Commission Seat A,,REP,Over Votes,0
Utah,25PA04,Utah County Commission Seat A,,REP,Under Votes,1
Utah,25PA04,Utah County Commission Seat B,,REP,Carolina Herrin,25
Utah,25PA04,Utah County Commission Seat B,,REP,David M. Spencer,71
Utah,25PA04,Utah County Commission Seat B,,REP,Isaac Paxman,38
Utah,25PA04,Utah County Commission Seat B,,REP,Over Votes,0
Utah,25PA04,Utah County Commission Seat B,,REP,Under Votes,0
Utah,25PA05,Ballots Cast,,,,187
Utah,25PA05,Ballots Cast,,REP,,187
Utah,25PA05,Ballots Cast Blank,,,,0
Utah,25PA05,Registered Voters,,,,608
Utah,25PA05,Registered Voters,,REP,,608
Utah,25PA05,U.S. House,3,REP,Celeste Maloy,139
Utah,25PA05,U.S. House,3,REP,Over Votes,0
Utah,25PA05,U.S. House,3,REP,Phil Lyman,46
Utah,25PA05,U.S. House,3,REP,Under Votes,2
Utah,25PA05,Utah County Clerk,,REP,Aaron Davidson,72
Utah,25PA05,Utah County Clerk,,REP,Corey K Astill,108
Utah,25PA05,Utah County Clerk,,REP,Over Votes,0
Utah,25PA05,Utah County Clerk,,REP,Under Votes,7
Utah,25PA05,Utah County Commission Seat A,,REP,Brent V. Bowles,88
Utah,25PA05,Utah County Commission Seat A,,REP,Michelle Kaufusi,98
Utah,25PA05,Utah County Commission Seat A,,REP,Over Votes,0
Utah,25PA05,Utah County Commission Seat A,,REP,Under Votes,1
Utah,25PA05,Utah County Commission Seat B,,REP,Carolina Herrin,52
Utah,25PA05,Utah County Commission Seat B,,REP,David M. Spencer,92
Utah,25PA05,Utah County Commission Seat B,,REP,Isaac Paxman,40
Utah,25PA05,Utah County Commission Seat B,,REP,Over Votes,0
Utah,25PA05,Utah County Commission Seat B,,REP,Under Votes,3
Utah,25PA06,Ballots Cast,,,,134
Utah,25PA06,Ballots Cast,,REP,,134
Utah,25PA06,Ballots Cast Blank,,,,0
Utah,25PA06,Board Of Education District 14 (Multi-County),14,REP,Linda Hanks,84
Utah,25PA06,Board Of Education District 14 (Multi-County),14,REP,Nichole Beecher Isom,46
Utah,25PA06,Board Of Education District 14 (Multi-County),14,REP,Over Votes,0
Utah,25PA06,Board Of Education District 14 (Multi-County),14,REP,Under Votes,4
Utah,25PA06,Registered Voters,,,,442
Utah,25PA06,Registered Voters,,REP,,442
Utah,25PA06,U.S. House,3,REP,Celeste Maloy,88
Utah,25PA06,U.S. House,3,REP,Over Votes,0
Utah,25PA06,U.S. House,3,REP,Phil Lyman,44
Utah,25PA06,U.S. House,3,REP,Under Votes,2
Utah,25PA06,Utah County Clerk,,REP,Aaron Davidson,54
Utah,25PA06,Utah County Clerk,,REP,Corey K Astill,73
Utah,25PA06,Utah County Clerk,,REP,Over Votes,0
Utah,25PA06,Utah County Clerk,,REP,Under Votes,7
Utah,25PA06,Utah County Commission Seat A,,REP,Brent V. Bowles,53
Utah,25PA06,Utah County Commission Seat A,,REP,Michelle Kaufusi,81
Utah,25PA06,Utah County Commission Seat A,,REP,Over Votes,0
Utah,25PA06,Utah County Commission Seat A,,REP,Under Votes,0
Utah,25PA06,Utah County Commission Seat B,,REP,Carolina Herrin,37
Utah,25PA06,Utah County Commission Seat B,,REP,David M. Spencer,59
Utah,25PA06,Utah County Commission Seat B,,REP,Isaac Paxman,34
Utah,25PA06,Utah County Commission Seat B,,REP,Over Votes,0
Utah,25PA06,Utah County Commission Seat B,,REP,Under Votes,4
Utah,25PA07,Ballots Cast,,,,160
Utah,25PA07,Ballots Cast,,REP,,160
Utah,25PA07,Ballots Cast Blank,,,,0
Utah,25PA07,Board Of Education District 14 (Multi-County),14,REP,Linda Hanks,107
Utah,25PA07,Board Of Education District 14 (Multi-County),14,REP,Nichole Beecher Isom,49
Utah,25PA07,Board Of Education District 14 (Multi-County),14,REP,Over Votes,0
Utah,25PA07,Board Of Education District 14 (Multi-County),14,REP,Under Votes,4
Utah,25PA07,Registered Voters,,,,536
Utah,25PA07,Registered Voters,,REP,,536
Utah,25PA07,U.S. House,3,REP,Celeste Maloy,100
Utah,25PA07,U.S. House,3,REP,Over Votes,0
Utah,25PA07,U.S. House,3,REP,Phil Lyman,55
Utah,25PA07,U.S. House,3,REP,Under Votes,5
Utah,25PA07,Utah County Clerk,,REP,Aaron Davidson,78
Utah,25PA07,Utah County Clerk,,REP,Corey K Astill,74
Utah,25PA07,Utah County Clerk,,REP,Over Votes,0
Utah,25PA07,Utah County Clerk,,REP,Under Votes,8
Utah,25PA07,Utah County Commission Seat A,,REP,Brent V. Bowles,75
Utah,25PA07,Utah County Commission Seat A,,REP,Michelle Kaufusi,82
Utah,25PA07,Utah County Commission Seat A,,REP,Over Votes,0
Utah,25PA07,Utah County Commission Seat A,,REP,Under Votes,3
Utah,25PA07,Utah County Commission Seat B,,REP,Carolina Herrin,41
Utah,25PA07,Utah County Commission Seat B,,REP,David M. Spencer,73
Utah,25PA07,Utah County Commission Seat B,,REP,Isaac Paxman,39
Utah,25PA07,Utah County Commission Seat B,,REP,Over Votes,0
Utah,25PA07,Utah County Commission Seat B,,REP,Under Votes,7
Utah,25PA08,Ballots Cast,,,,244
Utah,25PA08,Ballots Cast,,REP,,244
Utah,25PA08,Ballots Cast Blank,,,,0
Utah,25PA08,Board Of Education District 14 (Multi-County),14,REP,Linda Hanks,178
Utah,25PA08,Board Of Education District 14 (Multi-County),14,REP,Nichole Beecher Isom,55
Utah,25PA08,Board Of Education District 14 (Multi-County),14,REP,Over Votes,0
Utah,25PA08,Board Of Education District 14 (Multi-County),14,REP,Under Votes,11
Utah,25PA08,Registered Voters,,,,696
Utah,25PA08,Registered Voters,,REP,,696
Utah,25PA08,U.S. House,3,REP,Celeste Maloy,170
Utah,25PA08,U.S. House,3,REP,Over Votes,0
Utah,25PA08,U.S. House,3,REP,Phil Lyman,64
Utah,25PA08,U.S. House,3,REP,Under Votes,10
Utah,25PA08,Utah County Clerk,,REP,Aaron Davidson,107
Utah,25PA08,Utah County Clerk,,REP,Corey K Astill,124
Utah,25PA08,Utah County Clerk,,REP,Over Votes,0
Utah,25PA08,Utah County Clerk,,REP,Under Votes,13
Utah,25PA08,Utah County Commission Seat A,,REP,Brent V. Bowles,115
Utah,25PA08,Utah County Commission Seat A,,REP,Michelle Kaufusi,124
Utah,25PA08,Utah County Commission Seat A,,REP,Over Votes,0
Utah,25PA08,Utah County Commission Seat A,,REP,Under Votes,5
Utah,25PA08,Utah County Commission Seat B,,REP,Carolina Herrin,52
Utah,25PA08,Utah County Commission Seat B,,REP,David M. Spencer,106
Utah,25PA08,Utah County Commission Seat B,,REP,Isaac Paxman,72
Utah,25PA08,Utah County Commission Seat B,,REP,Over Votes,0
Utah,25PA08,Utah County Commission Seat B,,REP,Under Votes,14
Utah,25PA09,Ballots Cast,,,,231
Utah,25PA09,Ballots Cast,,REP,,231
Utah,25PA09,Ballots Cast Blank,,,,0
Utah,25PA09,Board Of Education District 14 (Multi-County),14,REP,Linda Hanks,148
Utah,25PA09,Board Of Education District 14 (Multi-County),14,REP,Nichole Beecher Isom,75
Utah,25PA09,Board Of Education District 14 (Multi-County),14,REP,Over Votes,0
Utah,25PA09,Board Of Education District 14 (Multi-County),14,REP,Under Votes,8
Utah,25PA09,Registered Voters,,,,758
Utah,25PA09,Registered Voters,,REP,,758
Utah,25PA09,U.S. House,3,REP,Celeste Maloy,159
Utah,25PA09,U.S. House,3,REP,Over Votes,0
Utah,25PA09,U.S. House,3,REP,Phil Lyman,70
Utah,25PA09,U.S. House,3,REP,Under Votes,2
Utah,25PA09,Utah County Clerk,,REP,Aaron Davidson,95
Utah,25PA09,Utah County Clerk,,REP,Corey K Astill,131
Utah,25PA09,Utah County Clerk,,REP,Over Votes,0
Utah,25PA09,Utah County Clerk,,REP,Under Votes,5
Utah,25PA09,Utah County Commission Seat A,,REP,Brent V. Bowles,122
Utah,25PA09,Utah County Commission Seat A,,REP,Michelle Kaufusi,105
Utah,25PA09,Utah County Commission Seat A,,REP,Over Votes,0
Utah,25PA09,Utah County Commission Seat A,,REP,Under Votes,4
Utah,25PA09,Utah County Commission Seat B,,REP,Carolina Herrin,60
Utah,25PA09,Utah County Commission Seat B,,REP,David M. Spencer,111
Utah,25PA09,Utah County Commission Seat B,,REP,Isaac Paxman,52
Utah,25PA09,Utah County Commission Seat B,,REP,Over Votes,0
Utah,25PA09,Utah County Commission Seat B,,REP,Under Votes,8
Utah,25PA10,Ballots Cast,,,,119
Utah,25PA10,Ballots Cast,,REP,,119
Utah,25PA10,Ballots Cast Blank,,,,0
Utah,25PA10,Board Of Education District 14 (Multi-County),14,REP,Linda Hanks,86
Utah,25PA10,Board Of Education District 14 (Multi-County),14,REP,Nichole Beecher Isom,27
Utah,25PA10,Board Of Education District 14 (Multi-County),14,REP,Over Votes,0
Utah,25PA10,Board Of Education District 14 (Multi-County),14,REP,Under Votes,6
Utah,25PA10,Registered Voters,,,,379
Utah,25PA10,Registered Voters,,REP,,379
Utah,25PA10,U.S. House,3,REP,Celeste Maloy,86
Utah,25PA10,U.S. House,3,REP,Over Votes,0
Utah,25PA10,U.S. House,3,REP,Phil Lyman,33
Utah,25PA10,U.S. House,3,REP,Under Votes,0
Utah,25PA10,Utah County Clerk,,REP,Aaron Davidson,43
Utah,25PA10,Utah County Clerk,,REP,Corey K Astill,69
Utah,25PA10,Utah County Clerk,,REP,Over Votes,0
Utah,25PA10,Utah County Clerk,,REP,Under Votes,7
Utah,25PA10,Utah County Commission Seat A,,REP,Brent V. Bowles,50
Utah,25PA10,Utah County Commission Seat A,,REP,Michelle Kaufusi,65
Utah,25PA10,Utah County Commission Seat A,,REP,Over Votes,0
Utah,25PA10,Utah County Commission Seat A,,REP,Under Votes,4
Utah,25PA10,Utah County Commission Seat B,,REP,Carolina Herrin,30
Utah,25PA10,Utah County Commission Seat B,,REP,David M. Spencer,47
Utah,25PA10,Utah County Commission Seat B,,REP,Isaac Paxman,36
Utah,25PA10,Utah County Commission Seat B,,REP,Over Votes,0
Utah,25PA10,Utah County Commission Seat B,,REP,Under Votes,6
Utah,25PA11,Ballots Cast,,,,144
Utah,25PA11,Ballots Cast,,REP,,144
Utah,25PA11,Ballots Cast Blank,,,,0
Utah,25PA11,Board Of Education District 14 (Multi-County),14,REP,Linda Hanks,89
Utah,25PA11,Board Of Education District 14 (Multi-County),14,REP,Nichole Beecher Isom,50
Utah,25PA11,Board Of Education District 14 (Multi-County),14,REP,Over Votes,0
Utah,25PA11,Board Of Education District 14 (Multi-County),14,REP,Under Votes,5
Utah,25PA11,Registered Voters,,,,480
Utah,25PA11,Registered Voters,,REP,,480
Utah,25PA11,U.S. House,3,REP,Celeste Maloy,72
Utah,25PA11,U.S. House,3,REP,Over Votes,0
Utah,25PA11,U.S. House,3,REP,Phil Lyman,70
Utah,25PA11,U.S. House,3,REP,Under Votes,2
Utah,25PA11,Utah County Clerk,,REP,Aaron Davidson,73
Utah,25PA11,Utah County Clerk,,REP,Corey K Astill,66
Utah,25PA11,Utah County Clerk,,REP,Over Votes,0
Utah,25PA11,Utah County Clerk,,REP,Under Votes,5
Utah,25PA11,Utah County Commission Seat A,,REP,Brent V. Bowles,75
Utah,25PA11,Utah County Commission Seat A,,REP,Michelle Kaufusi,66
Utah,25PA11,Utah County Commission Seat A,,REP,Over Votes,0
Utah,25PA11,Utah County Commission Seat A,,REP,Under Votes,3
Utah,25PA11,Utah County Commission Seat B,,REP,Carolina Herrin,31
Utah,25PA11,Utah County Commission Seat B,,REP,David M. Spencer,66
Utah,25PA11,Utah County Commission Seat B,,REP,Isaac Paxman,44
Utah,25PA11,Utah County Commission Seat B,,REP,Over Votes,1
Utah,25PA11,Utah County Commission Seat B,,REP,Under Votes,2
Utah,25PA12,Ballots Cast,,,,110
Utah,25PA12,Ballots Cast,,REP,,110
Utah,25PA12,Ballots Cast Blank,,,,0
Utah,25PA12,Board Of Education District 14 (Multi-County),14,REP,Linda Hanks,69
Utah,25PA12,Board Of Education District 14 (Multi-County),14,REP,Nichole Beecher Isom,38
Utah,25PA12,Board Of Education District 14 (Multi-County),14,REP,Over Votes,0
Utah,25PA12,Board Of Education District 14 (Multi-County),14,REP,Under Votes,3
Utah,25PA12,Registered Voters,,,,475
Utah,25PA12,Registered Voters,,REP,,475
Utah,25PA12,U.S. House,3,REP,Celeste Maloy,67
Utah,25PA12,U.S. House,3,REP,Over Votes,0
Utah,25PA12,U.S. House,3,REP,Phil Lyman,39
Utah,25PA12,U.S. House,3,REP,Under Votes,4
Utah,25PA12,Utah County Clerk,,REP,Aaron Davidson,41
Utah,25PA12,Utah County Clerk,,REP,Corey K Astill,67
Utah,25PA12,Utah County Clerk,,REP,Over Votes,0
Utah,25PA12,Utah County Clerk,,REP,Under Votes,2
Utah,25PA12,Utah County Commission Seat A,,REP,Brent V. Bowles,51
Utah,25PA12,Utah County Commission Seat A,,REP,Michelle Kaufusi,57
Utah,25PA12,Utah County Commission Seat A,,REP,Over Votes,0
Utah,25PA12,Utah County Commission Seat A,,REP,Under Votes,2
Utah,25PA12,Utah County Commission Seat B,,REP,Carolina Herrin,26
Utah,25PA12,Utah County Commission Seat B,,REP,David M. Spencer,42
Utah,25PA12,Utah County Commission Seat B,,REP,Isaac Paxman,40
Utah,25PA12,Utah County Commission Seat B,,REP,Over Votes,0
Utah,25PA12,Utah County Commission Seat B,,REP,Under Votes,2
Utah,25PA13,Ballots Cast,,,,0
Utah,25PA13,Ballots Cast,,REP,,0
Utah,25PA13,Ballots Cast Blank,,,,0
Utah,25PA13,Board Of Education District 14 (Multi-County),14,REP,Linda Hanks,0
Utah,25PA13,Board Of Education District 14 (Multi-County),14,REP,Nichole Beecher Isom,0
Utah,25PA13,Board Of Education District 14 (Multi-County),14,REP,Over Votes,0
Utah,25PA13,Board Of Education District 14 (Multi-County),14,REP,Under Votes,0
Utah,25PA13,Registered Voters,,,,0
Utah,25PA13,Registered Voters,,REP,,0
Utah,25PA13,U.S. House,3,REP,Celeste Maloy,0
Utah,25PA13,U.S. House,3,REP,Over Votes,0
Utah,25PA13,U.S. House,3,REP,Phil Lyman,0
Utah,25PA13,U.S. House,3,REP,Under Votes,0
Utah,25PA13,Utah County Clerk,,REP,Aaron Davidson,0
Utah,25PA13,Utah County Clerk,,REP,Corey K Astill,0
Utah,25PA13,Utah County Clerk,,REP,Over Votes,0
Utah,25PA13,Utah County Clerk,,REP,Under Votes,0
Utah,25PA13,Utah County Commission Seat A,,REP,Brent V. Bowles,0
Utah,25PA13,Utah County Commission Seat A,,REP,Michelle Kaufusi,0
Utah,25PA13,Utah County Commission Seat A,,REP,Over Votes,0
Utah,25PA13,Utah County Commission Seat A,,REP,Under Votes,0
Utah,25PA13,Utah County Commission Seat B,,REP,Carolina Herrin,0
Utah,25PA13,Utah County Commission Seat B,,REP,David M. Spencer,0
Utah,25PA13,Utah County Commission Seat B,,REP,Isaac Paxman,0
Utah,25PA13,Utah County Commission Seat B,,REP,Over Votes,0
Utah,25PA13,Utah County Commission Seat B,,REP,Under Votes,0
Utah,25PA14,Ballots Cast,,,,104
Utah,25PA14,Ballots Cast,,REP,,104
Utah,25PA14,Ballots Cast Blank,,,,0
Utah,25PA14,Board Of Education District 14 (Multi-County),14,REP,Linda Hanks,66
Utah,25PA14,Board Of Education District 14 (Multi-County),14,REP,Nichole Beecher Isom,38
Utah,25PA14,Board Of Education District 14 (Multi-County),14,REP,Over Votes,0
Utah,25PA14,Board Of Education District 14 (Multi-County),14,REP,Under Votes,0
Utah,25PA14,Registered Voters,,,,458
Utah,25PA14,Registered Voters,,REP,,458
Utah,25PA14,U.S. House,3,REP,Celeste Maloy,54
Utah,25PA14,U.S. House,3,REP,Over Votes,0
Utah,25PA14,U.S. House,3,REP,Phil Lyman,48
Utah,25PA14,U.S. House,3,REP,Under Votes,2
Utah,25PA14,Utah County Clerk,,REP,Aaron Davidson,54
Utah,25PA14,Utah County Clerk,,REP,Corey K Astill,45
Utah,25PA14,Utah County Clerk,,REP,Over Votes,0
Utah,25PA14,Utah County Clerk,,REP,Under Votes,5
Utah,25PA14,Utah County Commission Seat A,,REP,Brent V. Bowles,56
Utah,25PA14,Utah County Commission Seat A,,REP,Michelle Kaufusi,48
Utah,25PA14,Utah County Commission Seat A,,REP,Over Votes,0
Utah,25PA14,Utah County Commission Seat A,,REP,Under Votes,0
Utah,25PA14,Utah County Commission Seat B,,REP,Carolina Herrin,24
Utah,25PA14,Utah County Commission Seat B,,REP,David M. Spencer,38
Utah,25PA14,Utah County Commission Seat B,,REP,Isaac Paxman,38
Utah,25PA14,Utah County Commission Seat B,,REP,Over Votes,0
Utah,25PA14,Utah County Commission Seat B,,REP,Under Votes,4
Utah,25PG01,Ballots Cast,,,,258
Utah,25PG01,Ballots Cast,,REP,,258
Utah,25PG01,Ballots Cast Blank,,,,0
Utah,25PG01,Board Of Education District 11 (Multi-County),11,REP,Over Votes,0
Utah,25PG01,Board Of Education District 11 (Multi-County),11,REP,Terry L. Hutchinson,99
Utah,25PG01,Board Of Education District 11 (Multi-County),11,REP,Tracy J. Nuttall,150
Utah,25PG01,Board Of Education District 11 (Multi-County),11,REP,Under Votes,9
Utah,25PG01,Registered Voters,,,,887
Utah,25PG01,Registered Voters,,REP,,887
Utah,25PG01,Senate,21,REP,Brady Brammer,122
Utah,25PG01,Senate,21,REP,Kelly Smith,134
Utah,25PG01,Senate,21,REP,Over Votes,0
Utah,25PG01,Senate,21,REP,Under Votes,2
Utah,25PG01,Utah County Clerk,,REP,Aaron Davidson,107
Utah,25PG01,Utah County Clerk,,REP,Corey K Astill,138
Utah,25PG01,Utah County Clerk,,REP,Over Votes,0
Utah,25PG01,Utah County Clerk,,REP,Under Votes,13
Utah,25PG01,Utah County Commission Seat A,,REP,Brent V. Bowles,110
Utah,25PG01,Utah County Commission Seat A,,REP,Michelle Kaufusi,146
Utah,25PG01,Utah County Commission Seat A,,REP,Over Votes,0
Utah,25PG01,Utah County Commission Seat A,,REP,Under Votes,2
Utah,25PG01,Utah County Commission Seat B,,REP,Carolina Herrin,35
Utah,25PG01,Utah County Commission Seat B,,REP,David M. Spencer,107
Utah,25PG01,Utah County Commission Seat B,,REP,Isaac Paxman,110
Utah,25PG01,Utah County Commission Seat B,,REP,Over Votes,0
Utah,25PG01,Utah County Commission Seat B,,REP,Under Votes,6
Utah,25PG02,Ballots Cast,,,,44
Utah,25PG02,Ballots Cast,,REP,,44
Utah,25PG02,Ballots Cast Blank,,,,0
Utah,25PG02,Board Of Education District 11 (Multi-County),11,REP,Over Votes,0
Utah,25PG02,Board Of Education District 11 (Multi-County),11,REP,Terry L. Hutchinson,13
Utah,25PG02,Board Of Education District 11 (Multi-County),11,REP,Tracy J. Nuttall,29
Utah,25PG02,Board Of Education District 11 (Multi-County),11,REP,Under Votes,2
Utah,25PG02,Registered Voters,,,,130
Utah,25PG02,Registered Voters,,REP,,130
Utah,25PG02,Senate,21,REP,Brady Brammer,25
Utah,25PG02,Senate,21,REP,Kelly Smith,18
Utah,25PG02,Senate,21,REP,Over Votes,0
Utah,25PG02,Senate,21,REP,Under Votes,1
Utah,25PG02,Utah County Clerk,,REP,Aaron Davidson,17
Utah,25PG02,Utah County Clerk,,REP,Corey K Astill,26
Utah,25PG02,Utah County Clerk,,REP,Over Votes,0
Utah,25PG02,Utah County Clerk,,REP,Under Votes,1
Utah,25PG02,Utah County Commission Seat A,,REP,Brent V. Bowles,19
Utah,25PG02,Utah County Commission Seat A,,REP,Michelle Kaufusi,24
Utah,25PG02,Utah County Commission Seat A,,REP,Over Votes,0
Utah,25PG02,Utah County Commission Seat A,,REP,Under Votes,1
Utah,25PG02,Utah County Commission Seat B,,REP,Carolina Herrin,9
Utah,25PG02,Utah County Commission Seat B,,REP,David M. Spencer,18
Utah,25PG02,Utah County Commission Seat B,,REP,Isaac Paxman,16
Utah,25PG02,Utah County Commission Seat B,,REP,Over Votes,0
Utah,25PG02,Utah County Commission Seat B,,REP,Under Votes,1
Utah,25PG03,Ballots Cast,,,,183
Utah,25PG03,Ballots Cast,,REP,,183
Utah,25PG03,Ballots Cast Blank,,,,0
Utah,25PG03,Board Of Education District 11 (Multi-County),11,REP,Over Votes,0
Utah,25PG03,Board Of Education District 11 (Multi-County),11,REP,Terry L. Hutchinson,53
Utah,25PG03,Board Of Education District 11 (Multi-County),11,REP,Tracy J. Nuttall,130
Utah,25PG03,Board Of Education District 11 (Multi-County),11,REP,Under Votes,0
Utah,25PG03,Registered Voters,,,,646
Utah,25PG03,Registered Voters,,REP,,646
Utah,25PG03,Senate,21,REP,Brady Brammer,50
Utah,25PG03,Senate,21,REP,Kelly Smith,133
Utah,25PG03,Senate,21,REP,Over Votes,0
Utah,25PG03,Senate,21,REP,Under Votes,0
Utah,25PG03,Utah County Clerk,,REP,Aaron Davidson,93
Utah,25PG03,Utah County Clerk,,REP,Corey K Astill,86
Utah,25PG03,Utah County Clerk,,REP,Over Votes,0
Utah,25PG03,Utah County Clerk,,REP,Under Votes,4
Utah,25PG03,Utah County Commission Seat A,,REP,Brent V. Bowles,57
Utah,25PG03,Utah County Commission Seat A,,REP,Michelle Kaufusi,126
Utah,25PG03,Utah County Commission Seat A,,REP,Over Votes,0
Utah,25PG03,Utah County Commission Seat A,,REP,Under Votes,0
Utah,25PG03,Utah County Commission Seat B,,REP,Carolina Herrin,26
Utah,25PG03,Utah County Commission Seat B,,REP,David M. Spencer,67
Utah,25PG03,Utah County Commission Seat B,,REP,Isaac Paxman,84
Utah,25PG03,Utah County Commission Seat B,,REP,Over Votes,0
Utah,25PG03,Utah County Commission Seat B,,REP,Under Votes,6
Utah,25PG04,Ballots Cast,,,,230
Utah,25PG04,Ballots Cast,,REP,,230
Utah,25PG04,Ballots Cast Blank,,,,0
Utah,25PG04,Board Of Education District 11 (Multi-County),11,REP,Over Votes,0
Utah,25PG04,Board Of Education District 11 (Multi-County),11,REP,Terry L. Hutchinson,117
Utah,25PG04,Board Of Education District 11 (Multi-County),11,REP,Tracy J. Nuttall,106
Utah,25PG04,Board Of Education District 11 (Multi-County),11,REP,Under Votes,7
Utah,25PG04,Registered Voters,,,,819
Utah,25PG04,Registered Voters,,REP,,819
Utah,25PG04,Senate,21,REP,Brady Brammer,117
Utah,25PG04,Senate,21,REP,Kelly Smith,112
Utah,25PG04,Senate,21,REP,Over Votes,0
Utah,25PG04,Senate,21,REP,Under Votes,1
Utah,25PG04,Utah County Clerk,,REP,Aaron Davidson,118
Utah,25PG04,Utah County Clerk,,REP,Corey K Astill,108
Utah,25PG04,Utah County Clerk,,REP,Over Votes,0
Utah,25PG04,Utah County Clerk,,REP,Under Votes,4
Utah,25PG04,Utah County Commission Seat A,,REP,Brent V. Bowles,116
Utah,25PG04,Utah County Commission Seat A,,REP,Michelle Kaufusi,111
Utah,25PG04,Utah County Commission Seat A,,REP,Over Votes,0
Utah,25PG04,Utah County Commission Seat A,,REP,Under Votes,3
Utah,25PG04,Utah County Commission Seat B,,REP,Carolina Herrin,56
Utah,25PG04,Utah County Commission Seat B,,REP,David M. Spencer,103
Utah,25PG04,Utah County Commission Seat B,,REP,Isaac Paxman,66
Utah,25PG04,Utah County Commission Seat B,,REP,Over Votes,0
Utah,25PG04,Utah County Commission Seat B,,REP,Under Votes,5
Utah,25PG05,Ballots Cast,,,,220
Utah,25PG05,Ballots Cast,,REP,,220
Utah,25PG05,Ballots Cast Blank,,,,0
Utah,25PG05,Board Of Education District 11 (Multi-County),11,REP,Over Votes,0
Utah,25PG05,Board Of Education District 11 (Multi-County),11,REP,Terry L. Hutchinson,93
Utah,25PG05,Board Of Education District 11 (Multi-County),11,REP,Tracy J. Nuttall,125
Utah,25PG05,Board Of Education District 11 (Multi-County),11,REP,Under Votes,2
Utah,25PG05,Registered Voters,,,,691
Utah,25PG05,Registered Voters,,REP,,691
Utah,25PG05,Senate,21,REP,Brady Brammer,94
Utah,25PG05,Senate,21,REP,Kelly Smith,125
Utah,25PG05,Senate,21,REP,Over Votes,0
Utah,25PG05,Senate,21,REP,Under Votes,1
Utah,25PG05,Utah County Clerk,,REP,Aaron Davidson,73
Utah,25PG05,Utah County Clerk,,REP,Corey K Astill,137
Utah,25PG05,Utah County Clerk,,REP,Over Votes,0
Utah,25PG05,Utah County Clerk,,REP,Under Votes,10
Utah,25PG05,Utah County Commission Seat A,,REP,Brent V. Bowles,116
Utah,25PG05,Utah County Commission Seat A,,REP,Michelle Kaufusi,102
Utah,25PG05,Utah County Commission Seat A,,REP,Over Votes,0
Utah,25PG05,Utah County Commission Seat A,,REP,Under Votes,2
Utah,25PG05,Utah County Commission Seat B,,REP,Carolina Herrin,41
Utah,25PG05,Utah County Commission Seat B,,REP,David M. Spencer,111
Utah,25PG05,Utah County Commission Seat B,,REP,Isaac Paxman,61
Utah,25PG05,Utah County Commission Seat B,,REP,Over Votes,0
Utah,25PG05,Utah County Commission Seat B,,REP,Under Votes,7
Utah,25PG06,Ballots Cast,,,,155
Utah,25PG06,Ballots Cast,,REP,,155
Utah,25PG06,Ballots Cast Blank,,,,0
Utah,25PG06,Board Of Education District 11 (Multi-County),11,REP,Over Votes,0
Utah,25PG06,Board Of Education District 11 (Multi-County),11,REP,Terry L. Hutchinson,66
Utah,25PG06,Board Of Education District 11 (Multi-County),11,REP,Tracy J. Nuttall,88
Utah,25PG06,Board Of Education District 11 (Multi-County),11,REP,Under Votes,1
Utah,25PG06,Registered Voters,,,,419
Utah,25PG06,Registered Voters,,REP,,419
Utah,25PG06,Senate,21,REP,Brady Brammer,68
Utah,25PG06,Senate,21,REP,Kelly Smith,87
Utah,25PG06,Senate,21,REP,Over Votes,0
Utah,25PG06,Senate,21,REP,Under Votes,0
Utah,25PG06,Utah County Clerk,,REP,Aaron Davidson,68
Utah,25PG06,Utah County Clerk,,REP,Corey K Astill,80
Utah,25PG06,Utah County Clerk,,REP,Over Votes,1
Utah,25PG06,Utah County Clerk,,REP,Under Votes,6
Utah,25PG06,Utah County Commission Seat A,,REP,Brent V. Bowles,67
Utah,25PG06,Utah County Commission Seat A,,REP,Michelle Kaufusi,86
Utah,25PG06,Utah County Commission Seat A,,REP,Over Votes,0
Utah,25PG06,Utah County Commission Seat A,,REP,Under Votes,2
Utah,25PG06,Utah County Commission Seat B,,REP,Carolina Herrin,16
Utah,25PG06,Utah County Commission Seat B,,REP,David M. Spencer,80
Utah,25PG06,Utah County Commission Seat B,,REP,Isaac Paxman,54
Utah,25PG06,Utah County Commission Seat B,,REP,Over Votes,0
Utah,25PG06,Utah County Commission Seat B,,REP,Under Votes,5
Utah,25PG07,Ballots Cast,,,,181
Utah,25PG07,Ballots Cast,,REP,,181
Utah,25PG07,Ballots Cast Blank,,,,0
Utah,25PG07,Board Of Education District 11 (Multi-County),11,REP,Over Votes,0
Utah,25PG07,Board Of Education District 11 (Multi-County),11,REP,Terry L. Hutchinson,75
Utah,25PG07,Board Of Education District 11 (Multi-County),11,REP,Tracy J. Nuttall,100
Utah,25PG07,Board Of Education District 11 (Multi-County),11,REP,Under Votes,6
Utah,25PG07,Registered Voters,,,,534
Utah,25PG07,Registered Voters,,REP,,534
Utah,25PG07,Senate,21,REP,Brady Brammer,86
Utah,25PG07,Senate,21,REP,Kelly Smith,93
Utah,25PG07,Senate,21,REP,Over Votes,0
Utah,25PG07,Senate,21,REP,Under Votes,2
Utah,25PG07,Utah County Clerk,,REP,Aaron Davidson,99
Utah,25PG07,Utah County Clerk,,REP,Corey K Astill,77
Utah,25PG07,Utah County Clerk,,REP,Over Votes,0
Utah,25PG07,Utah County Clerk,,REP,Under Votes,5
Utah,25PG07,Utah County Commission Seat A,,REP,Brent V. Bowles,97
Utah,25PG07,Utah County Commission Seat A,,REP,Michelle Kaufusi,80
Utah,25PG07,Utah County Commission Seat A,,REP,Over Votes,0
Utah,25PG07,Utah County Commission Seat A,,REP,Under Votes,4
Utah,25PG07,Utah County Commission Seat B,,REP,Carolina Herrin,32
Utah,25PG07,Utah County Commission Seat B,,REP,David M. Spencer,91
Utah,25PG07,Utah County Commission Seat B,,REP,Isaac Paxman,52
Utah,25PG07,Utah County Commission Seat B,,REP,Over Votes,0
Utah,25PG07,Utah County Commission Seat B,,REP,Under Votes,6
Utah,25PG08,Ballots Cast,,,,150
Utah,25PG08,Ballots Cast,,REP,,150
Utah,25PG08,Ballots Cast Blank,,,,0
Utah,25PG08,Board Of Education District 11 (Multi-County),11,REP,Over Votes,0
Utah,25PG08,Board Of Education District 11 (Multi-County),11,REP,Terry L. Hutchinson,72
Utah,25PG08,Board Of Education District 11 (Multi-County),11,REP,Tracy J. Nuttall,71
Utah,25PG08,Board Of Education District 11 (Multi-County),11,REP,Under Votes,7
Utah,25PG08,Registered Voters,,,,449
Utah,25PG08,Registered Voters,,REP,,449
Utah,25PG08,Senate,21,REP,Brady Brammer,85
Utah,25PG08,Senate,21,REP,Kelly Smith,64
Utah,25PG08,Senate,21,REP,Over Votes,0
Utah,25PG08,Senate,21,REP,Under Votes,1
Utah,25PG08,Utah County Clerk,,REP,Aaron Davidson,52
Utah,25PG08,Utah County Clerk,,REP,Corey K Astill,94
Utah,25PG08,Utah County Clerk,,REP,Over Votes,0
Utah,25PG08,Utah County Clerk,,REP,Under Votes,4
Utah,25PG08,Utah County Commission Seat A,,REP,Brent V. Bowles,63
Utah,25PG08,Utah County Commission Seat A,,REP,Michelle Kaufusi,85
Utah,25PG08,Utah County Commission Seat A,,REP,Over Votes,0
Utah,25PG08,Utah County Commission Seat A,,REP,Under Votes,2
Utah,25PG08,Utah County Commission Seat B,,REP,Carolina Herrin,35
Utah,25PG08,Utah County Commission Seat B,,REP,David M. Spencer,52
Utah,25PG08,Utah County Commission Seat B,,REP,Isaac Paxman,55
Utah,25PG08,Utah County Commission Seat B,,REP,Over Votes,0
Utah,25PG08,Utah County Commission Seat B,,REP,Under Votes,8
Utah,25PG09,Ballots Cast,,,,240
Utah,25PG09,Ballots Cast,,REP,,240
Utah,25PG09,Ballots Cast Blank,,,,0
Utah,25PG09,Board Of Education District 11 (Multi-County),11,REP,Over Votes,0
Utah,25PG09,Board Of Education District 11 (Multi-County),11,REP,Terry L. Hutchinson,106
Utah,25PG09,Board Of Education District 11 (Multi-County),11,REP,Tracy J. Nuttall,127
Utah,25PG09,Board Of Education District 11 (Multi-County),11,REP,Under Votes,7
Utah,25PG09,Registered Voters,,,,630
Utah,25PG09,Registered Voters,,REP,,630
Utah,25PG09,Senate,21,REP,Brady Brammer,132
Utah,25PG09,Senate,21,REP,Kelly Smith,105
Utah,25PG09,Senate,21,REP,Over Votes,0
Utah,25PG09,Senate,21,REP,Under Votes,3
Utah,25PG09,Utah County Clerk,,REP,Aaron Davidson,119
Utah,25PG09,Utah County Clerk,,REP,Corey K Astill,117
Utah,25PG09,Utah County Clerk,,REP,Over Votes,0
Utah,25PG09,Utah County Clerk,,REP,Under Votes,4
Utah,25PG09,Utah County Commission Seat A,,REP,Brent V. Bowles,108
Utah,25PG09,Utah County Commission Seat A,,REP,Michelle Kaufusi,130
Utah,25PG09,Utah County Commission Seat A,,REP,Over Votes,0
Utah,25PG09,Utah County Commission Seat A,,REP,Under Votes,2
Utah,25PG09,Utah County Commission Seat B,,REP,Carolina Herrin,53
Utah,25PG09,Utah County Commission Seat B,,REP,David M. Spencer,112
Utah,25PG09,Utah County Commission Seat B,,REP,Isaac Paxman,69
Utah,25PG09,Utah County Commission Seat B,,REP,Over Votes,0
Utah,25PG09,Utah County Commission Seat B,,REP,Under Votes,6
Utah,25PG10,Ballots Cast,,,,181
Utah,25PG10,Ballots Cast,,REP,,181
Utah,25PG10,Ballots Cast Blank,,,,0
Utah,25PG10,Board Of Education District 11 (Multi-County),11,REP,Over Votes,0
Utah,25PG10,Board Of Education District 11 (Multi-County),11,REP,Terry L. Hutchinson,74
Utah,25PG10,Board Of Education District 11 (Multi-County),11,REP,Tracy J. Nuttall,100
Utah,25PG10,Board Of Education District 11 (Multi-County),11,REP,Under Votes,7
Utah,25PG10,Registered Voters,,,,504
Utah,25PG10,Registered Voters,,REP,,504
Utah,25PG10,Senate,21,REP,Brady Brammer,92
Utah,25PG10,Senate,21,REP,Kelly Smith,89
Utah,25PG10,Senate,21,REP,Over Votes,0
Utah,25PG10,Senate,21,REP,Under Votes,0
Utah,25PG10,Utah County Clerk,,REP,Aaron Davidson,89
Utah,25PG10,Utah County Clerk,,REP,Corey K Astill,88
Utah,25PG10,Utah County Clerk,,REP,Over Votes,0
Utah,25PG10,Utah County Clerk,,REP,Under Votes,4
Utah,25PG10,Utah County Commission Seat A,,REP,Brent V. Bowles,78
Utah,25PG10,Utah County Commission Seat A,,REP,Michelle Kaufusi,97
Utah,25PG10,Utah County Commission Seat A,,REP,Over Votes,0
Utah,25PG10,Utah County Commission Seat A,,REP,Under Votes,6
Utah,25PG10,Utah County Commission Seat B,,REP,Carolina Herrin,50
Utah,25PG10,Utah County Commission Seat B,,REP,David M. Spencer,72
Utah,25PG10,Utah County Commission Seat B,,REP,Isaac Paxman,55
Utah,25PG10,Utah County Commission Seat B,,REP,Over Votes,0
Utah,25PG10,Utah County Commission Seat B,,REP,Under Votes,4
Utah,25PG11,Ballots Cast,,,,113
Utah,25PG11,Ballots Cast,,REP,,113
Utah,25PG11,Ballots Cast Blank,,,,0
Utah,25PG11,Board Of Education District 11 (Multi-County),11,REP,Over Votes,0
Utah,25PG11,Board Of Education District 11 (Multi-County),11,REP,Terry L. Hutchinson,47
Utah,25PG11,Board Of Education District 11 (Multi-County),11,REP,Tracy J. Nuttall,64
Utah,25PG11,Board Of Education District 11 (Multi-County),11,REP,Under Votes,2
Utah,25PG11,Registered Voters,,,,365
Utah,25PG11,Registered Voters,,REP,,365
Utah,25PG11,Senate,21,REP,Brady Brammer,53
Utah,25PG11,Senate,21,REP,Kelly Smith,59
Utah,25PG11,Senate,21,REP,Over Votes,0
Utah,25PG11,Senate,21,REP,Under Votes,1
Utah,25PG11,Utah County Clerk,,REP,Aaron Davidson,48
Utah,25PG11,Utah County Clerk,,REP,Corey K Astill,61
Utah,25PG11,Utah County Clerk,,REP,Over Votes,0
Utah,25PG11,Utah County Clerk,,REP,Under Votes,4
Utah,25PG11,Utah County Commission Seat A,,REP,Brent V. Bowles,48
Utah,25PG11,Utah County Commission Seat A,,REP,Michelle Kaufusi,65
Utah,25PG11,Utah County Commission Seat A,,REP,Over Votes,0
Utah,25PG11,Utah County Commission Seat A,,REP,Under Votes,0
Utah,25PG11,Utah County Commission Seat B,,REP,Carolina Herrin,31
Utah,25PG11,Utah County Commission Seat B,,REP,David M. Spencer,47
Utah,25PG11,Utah County Commission Seat B,,REP,Isaac Paxman,34
Utah,25PG11,Utah County Commission Seat B,,REP,Over Votes,0
Utah,25PG11,Utah County Commission Seat B,,REP,Under Votes,1
Utah,25PG12,Ballots Cast,,,,159
Utah,25PG12,Ballots Cast,,REP,,159
Utah,25PG12,Ballots Cast Blank,,,,0
Utah,25PG12,Board Of Education District 11 (Multi-County),11,REP,Over Votes,0
Utah,25PG12,Board Of Education District 11 (Multi-County),11,REP,Terry L. Hutchinson,73
Utah,25PG12,Board Of Education District 11 (Multi-County),11,REP,Tracy J. Nuttall,77
Utah,25PG12,Board Of Education District 11 (Multi-County),11,REP,Under Votes,9
Utah,25PG12,Registered Voters,,,,533
Utah,25PG12,Registered Voters,,REP,,533
Utah,25PG12,Senate,21,REP,Brady Brammer,82
Utah,25PG12,Senate,21,REP,Kelly Smith,77
Utah,25PG12,Senate,21,REP,Over Votes,0
Utah,25PG12,Senate,21,REP,Under Votes,0
Utah,25PG12,Utah County Clerk,,REP,Aaron Davidson,76
Utah,25PG12,Utah County Clerk,,REP,Corey K Astill,74
Utah,25PG12,Utah County Clerk,,REP,Over Votes,0
Utah,25PG12,Utah County Clerk,,REP,Under Votes,9
Utah,25PG12,Utah County Commission Seat A,,REP,Brent V. Bowles,52
Utah,25PG12,Utah County Commission Seat A,,REP,Michelle Kaufusi,100
Utah,25PG12,Utah County Commission Seat A,,REP,Over Votes,0
Utah,25PG12,Utah County Commission Seat A,,REP,Under Votes,7
Utah,25PG12,Utah County Commission Seat B,,REP,Carolina Herrin,37
Utah,25PG12,Utah County Commission Seat B,,REP,David M. Spencer,63
Utah,25PG12,Utah County Commission Seat B,,REP,Isaac Paxman,52
Utah,25PG12,Utah County Commission Seat B,,REP,Over Votes,0
Utah,25PG12,Utah County Commission Seat B,,REP,Under Votes,7
Utah,25PG13,Ballots Cast,,,,199
Utah,25PG13,Ballots Cast,,REP,,199
Utah,25PG13,Ballots Cast Blank,,,,0
Utah,25PG13,Board Of Education District 11 (Multi-County),11,REP,Over Votes,0
Utah,25PG13,Board Of Education District 11 (Multi-County),11,REP,Terry L. Hutchinson,97
Utah,25PG13,Board Of Education District 11 (Multi-County),11,REP,Tracy J. Nuttall,96
Utah,25PG13,Board Of Education District 11 (Multi-County),11,REP,Under Votes,6
Utah,25PG13,Registered Voters,,,,538
Utah,25PG13,Registered Voters,,REP,,538
Utah,25PG13,Senate,21,REP,Brady Brammer,92
Utah,25PG13,Senate,21,REP,Kelly Smith,105
Utah,25PG13,Senate,21,REP,Over Votes,0
Utah,25PG13,Senate,21,REP,Under Votes,2
Utah,25PG13,Utah County Clerk,,REP,Aaron Davidson,92
Utah,25PG13,Utah County Clerk,,REP,Corey K Astill,103
Utah,25PG13,Utah County Clerk,,REP,Over Votes,0
Utah,25PG13,Utah County Clerk,,REP,Under Votes,4
Utah,25PG13,Utah County Commission Seat A,,REP,Brent V. Bowles,117
Utah,25PG13,Utah County Commission Seat A,,REP,Michelle Kaufusi,79
Utah,25PG13,Utah County Commission Seat A,,REP,Over Votes,0
Utah,25PG13,Utah County Commission Seat A,,REP,Under Votes,3
Utah,25PG13,Utah County Commission Seat B,,REP,Carolina Herrin,50
Utah,25PG13,Utah County Commission Seat B,,REP,David M. Spencer,93
Utah,25PG13,Utah County Commission Seat B,,REP,Isaac Paxman,52
Utah,25PG13,Utah County Commission Seat B,,REP,Over Votes,0
Utah,25PG13,Utah County Commission Seat B,,REP,Under Votes,4
Utah,25PG14,Ballots Cast,,,,183
Utah,25PG14,Ballots Cast,,REP,,183
Utah,25PG14,Ballots Cast Blank,,,,0
Utah,25PG14,Board Of Education District 11 (Multi-County),11,REP,Over Votes,0
Utah,25PG14,Board Of Education District 11 (Multi-County),11,REP,Terry L. Hutchinson,103
Utah,25PG14,Board Of Education District 11 (Multi-County),11,REP,Tracy J. Nuttall,77
Utah,25PG14,Board Of Education District 11 (Multi-County),11,REP,Under Votes,3
Utah,25PG14,Registered Voters,,,,563
Utah,25PG14,Registered Voters,,REP,,563
Utah,25PG14,Senate,21,REP,Brady Brammer,84
Utah,25PG14,Senate,21,REP,Kelly Smith,98
Utah,25PG14,Senate,21,REP,Over Votes,0
Utah,25PG14,Senate,21,REP,Under Votes,1
Utah,25PG14,Utah County Clerk,,REP,Aaron Davidson,69
Utah,25PG14,Utah County Clerk,,REP,Corey K Astill,108
Utah,25PG14,Utah County Clerk,,REP,Over Votes,0
Utah,25PG14,Utah County Clerk,,REP,Under Votes,6
Utah,25PG14,Utah County Commission Seat A,,REP,Brent V. Bowles,90
Utah,25PG14,Utah County Commission Seat A,,REP,Michelle Kaufusi,89
Utah,25PG14,Utah County Commission Seat A,,REP,Over Votes,0
Utah,25PG14,Utah County Commission Seat A,,REP,Under Votes,4
Utah,25PG14,Utah County Commission Seat B,,REP,Carolina Herrin,38
Utah,25PG14,Utah County Commission Seat B,,REP,David M. Spencer,92
Utah,25PG14,Utah County Commission Seat B,,REP,Isaac Paxman,51
Utah,25PG14,Utah County Commission Seat B,,REP,Over Votes,0
Utah,25PG14,Utah County Commission Seat B,,REP,Under Votes,2
Utah,25PG15,Ballots Cast,,,,118
Utah,25PG15,Ballots Cast,,REP,,118
Utah,25PG15,Ballots Cast Blank,,,,0
Utah,25PG15,Board Of Education District 11 (Multi-County),11,REP,Over Votes,0
Utah,25PG15,Board Of Education District 11 (Multi-County),11,REP,Terry L. Hutchinson,64
Utah,25PG15,Board Of Education District 11 (Multi-County),11,REP,Tracy J. Nuttall,53
Utah,25PG15,Board Of Education District 11 (Multi-County),11,REP,Under Votes,1
Utah,25PG15,Registered Voters,,,,458
Utah,25PG15,Registered Voters,,REP,,458
Utah,25PG15,Senate,21,REP,Brady Brammer,69
Utah,25PG15,Senate,21,REP,Kelly Smith,49
Utah,25PG15,Senate,21,REP,Over Votes,0
Utah,25PG15,Senate,21,REP,Under Votes,0
Utah,25PG15,Utah County Clerk,,REP,Aaron Davidson,66
Utah,25PG15,Utah County Clerk,,REP,Corey K Astill,51
Utah,25PG15,Utah County Clerk,,REP,Over Votes,0
Utah,25PG15,Utah County Clerk,,REP,Under Votes,1
Utah,25PG15,Utah County Commission Seat A,,REP,Brent V. Bowles,62
Utah,25PG15,Utah County Commission Seat A,,REP,Michelle Kaufusi,55
Utah,25PG15,Utah County Commission Seat A,,REP,Over Votes,0
Utah,25PG15,Utah County Commission Seat A,,REP,Under Votes,1
Utah,25PG15,Utah County Commission Seat B,,REP,Carolina Herrin,22
Utah,25PG15,Utah County Commission Seat B,,REP,David M. Spencer,56
Utah,25PG15,Utah County Commission Seat B,,REP,Isaac Paxman,39
Utah,25PG15,Utah County Commission Seat B,,REP,Over Votes,0
Utah,25PG15,Utah County Commission Seat B,,REP,Under Votes,1
Utah,25PG16,Ballots Cast,,,,108
Utah,25PG16,Ballots Cast,,REP,,108
Utah,25PG16,Ballots Cast Blank,,,,0
Utah,25PG16,Board Of Education District 11 (Multi-County),11,REP,Over Votes,0
Utah,25PG16,Board Of Education District 11 (Multi-County),11,REP,Terry L. Hutchinson,50
Utah,25PG16,Board Of Education District 11 (Multi-County),11,REP,Tracy J. Nuttall,57
Utah,25PG16,Board Of Education District 11 (Multi-County),11,REP,Under Votes,1
Utah,25PG16,Registered Voters,,,,459
Utah,25PG16,Registered Voters,,REP,,459
Utah,25PG16,Senate,21,REP,Brady Brammer,55
Utah,25PG16,Senate,21,REP,Kelly Smith,53
Utah,25PG16,Senate,21,REP,Over Votes,0
Utah,25PG16,Senate,21,REP,Under Votes,0
Utah,25PG16,Utah County Clerk,,REP,Aaron Davidson,50
Utah,25PG16,Utah County Clerk,,REP,Corey K Astill,57
Utah,25PG16,Utah County Clerk,,REP,Over Votes,0
Utah,25PG16,Utah County Clerk,,REP,Under Votes,1
Utah,25PG16,Utah County Commission Seat A,,REP,Brent V. Bowles,58
Utah,25PG16,Utah County Commission Seat A,,REP,Michelle Kaufusi,50
Utah,25PG16,Utah County Commission Seat A,,REP,Over Votes,0
Utah,25PG16,Utah County Commission Seat A,,REP,Under Votes,0
Utah,25PG16,Utah County Commission Seat B,,REP,Carolina Herrin,30
Utah,25PG16,Utah County Commission Seat B,,REP,David M. Spencer,49
Utah,25PG16,Utah County Commission Seat B,,REP,Isaac Paxman,28
Utah,25PG16,Utah County Commission Seat B,,REP,Over Votes,0
Utah,25PG16,Utah County Commission Seat B,,REP,Under Votes,1
Utah,25PG17,Ballots Cast,,,,56
Utah,25PG17,Ballots Cast,,REP,,56
Utah,25PG17,Ballots Cast Blank,,,,0
Utah,25PG17,Board Of Education District 11 (Multi-County),11,REP,Over Votes,0
Utah,25PG17,Board Of Education District 11 (Multi-County),11,REP,Terry L. Hutchinson,19
Utah,25PG17,Board Of Education District 11 (Multi-County),11,REP,Tracy J. Nuttall,35
Utah,25PG17,Board Of Education District 11 (Multi-County),11,REP,Under Votes,2
Utah,25PG17,Registered Voters,,,,300
Utah,25PG17,Registered Voters,,REP,,300
Utah,25PG17,Utah County Clerk,,REP,Aaron Davidson,23
Utah,25PG17,Utah County Clerk,,REP,Corey K Astill,32
Utah,25PG17,Utah County Clerk,,REP,Over Votes,0
Utah,25PG17,Utah County Clerk,,REP,Under Votes,1
Utah,25PG17,Utah County Commission Seat A,,REP,Brent V. Bowles,30
Utah,25PG17,Utah County Commission Seat A,,REP,Michelle Kaufusi,24
Utah,25PG17,Utah County Commission Seat A,,REP,Over Votes,0
Utah,25PG17,Utah County Commission Seat A,,REP,Under Votes,2
Utah,25PG17,Utah County Commission Seat B,,REP,Carolina Herrin,20
Utah,25PG17,Utah County Commission Seat B,,REP,David M. Spencer,20
Utah,25PG17,Utah County Commission Seat B,,REP,Isaac Paxman,14
Utah,25PG17,Utah County Commission Seat B,,REP,Over Votes,0
Utah,25PG17,Utah County Commission Seat B,,REP,Under Votes,2
Utah,25PG18,Ballots Cast,,,,71
Utah,25PG18,Ballots Cast,,REP,,71
Utah,25PG18,Ballots Cast Blank,,,,0
Utah,25PG18,Board Of Education District 11 (Multi-County),11,REP,Over Votes,0
Utah,25PG18,Board Of Education District 11 (Multi-County),11,REP,Terry L. Hutchinson,30
Utah,25PG18,Board Of Education District 11 (Multi-County),11,REP,Tracy J. Nuttall,41
Utah,25PG18,Board Of Education District 11 (Multi-County),11,REP,Under Votes,0
Utah,25PG18,Registered Voters,,,,358
Utah,25PG18,Registered Voters,,REP,,358
Utah,25PG18,Utah County Clerk,,REP,Aaron Davidson,26
Utah,25PG18,Utah County Clerk,,REP,Corey K Astill,44
Utah,25PG18,Utah County Clerk,,REP,Over Votes,0
Utah,25PG18,Utah County Clerk,,REP,Under Votes,1
Utah,25PG18,Utah County Commission Seat A,,REP,Brent V. Bowles,35
Utah,25PG18,Utah County Commission Seat A,,REP,Michelle Kaufusi,36
Utah,25PG18,Utah County Commission Seat A,,REP,Over Votes,0
Utah,25PG18,Utah County Commission Seat A,,REP,Under Votes,0
Utah,25PG18,Utah County Commission Seat B,,REP,Carolina Herrin,15
Utah,25PG18,Utah County Commission Seat B,,REP,David M. Spencer,30
Utah,25PG18,Utah County Commission Seat B,,REP,Isaac Paxman,26
Utah,25PG18,Utah County Commission Seat B,,REP,Over Votes,0
Utah,25PG18,Utah County Commission Seat B,,REP,Under Votes,0
Utah,25PG19,Ballots Cast,,,,30
Utah,25PG19,Ballots Cast,,REP,,30
Utah,25PG19,Ballots Cast Blank,,,,0
Utah,25PG19,Board Of Education District 11 (Multi-County),11,REP,Over Votes,0
Utah,25PG19,Board Of Education District 11 (Multi-County),11,REP,Terry L. Hutchinson,19
Utah,25PG19,Board Of Education District 11 (Multi-County),11,REP,Tracy J. Nuttall,11
Utah,25PG19,Board Of Education District 11 (Multi-County),11,REP,Under Votes,0
Utah,25PG19,Registered Voters,,,,188
Utah,25PG19,Registered Voters,,REP,,188
Utah,25PG19,Senate,21,REP,Brady Brammer,18
Utah,25PG19,Senate,21,REP,Kelly Smith,12
Utah,25PG19,Senate,21,REP,Over Votes,0
Utah,25PG19,Senate,21,REP,Under Votes,0
Utah,25PG19,Utah County Clerk,,REP,Aaron Davidson,11
Utah,25PG19,Utah County Clerk,,REP,Corey K Astill,19
Utah,25PG19,Utah County Clerk,,REP,Over Votes,0
Utah,25PG19,Utah County Clerk,,REP,Under Votes,0
Utah,25PG19,Utah County Commission Seat A,,REP,Brent V. Bowles,8
Utah,25PG19,Utah County Commission Seat A,,REP,Michelle Kaufusi,21
Utah,25PG19,Utah County Commission Seat A,,REP,Over Votes,1
Utah,25PG19,Utah County Commission Seat A,,REP,Under Votes,0
Utah,25PG19,Utah County Commission Seat B,,REP,Carolina Herrin,7
Utah,25PG19,Utah County Commission Seat B,,REP,David M. Spencer,12
Utah,25PG19,Utah County Commission Seat B,,REP,Isaac Paxman,11
Utah,25PG19,Utah County Commission Seat B,,REP,Over Votes,0
Utah,25PG19,Utah County Commission Seat B,,REP,Under Votes,0
Utah,25PG20,Ballots Cast,,,,85
Utah,25PG20,Ballots Cast,,REP,,85
Utah,25PG20,Ballots Cast Blank,,,,0
Utah,25PG20,Board Of Education District 11 (Multi-County),11,REP,Over Votes,0
Utah,25PG20,Board Of Education District 11 (Multi-County),11,REP,Terry L. Hutchinson,37
Utah,25PG20,Board Of Education District 11 (Multi-County),11,REP,Tracy J. Nuttall,43
Utah,25PG20,Board Of Education District 11 (Multi-County),11,REP,Under Votes,5
Utah,25PG20,Registered Voters,,,,367
Utah,25PG20,Registered Voters,,REP,,367
Utah,25PG20,Utah County Clerk,,REP,Aaron Davidson,38
Utah,25PG20,Utah County Clerk,,REP,Corey K Astill,44
Utah,25PG20,Utah County Clerk,,REP,Over Votes,0
Utah,25PG20,Utah County Clerk,,REP,Under Votes,3
Utah,25PG20,Utah County Commission Seat A,,REP,Brent V. Bowles,40
Utah,25PG20,Utah County Commission Seat A,,REP,Michelle Kaufusi,43
Utah,25PG20,Utah County Commission Seat A,,REP,Over Votes,0
Utah,25PG20,Utah County Commission Seat A,,REP,Under Votes,2
Utah,25PG20,Utah County Commission Seat B,,REP,Carolina Herrin,27
Utah,25PG20,Utah County Commission Seat B,,REP,David M. Spencer,31
Utah,25PG20,Utah County Commission Seat B,,REP,Isaac Paxman,26
Utah,25PG20,Utah County Commission Seat B,,REP,Over Votes,0
Utah,25PG20,Utah County Commission Seat B,,REP,Under Votes,1
Utah,25PG21,Ballots Cast,,,,44
Utah,25PG21,Ballots Cast,,REP,,44
Utah,25PG21,Ballots Cast Blank,,,,0
Utah,25PG21,Board Of Education District 11 (Multi-County),11,REP,Over Votes,0
Utah,25PG21,Board Of Education District 11 (Multi-County),11,REP,Terry L. Hutchinson,21
Utah,25PG21,Board Of Education District 11 (Multi-County),11,REP,Tracy J. Nuttall,22
Utah,25PG21,Board Of Education District 11 (Multi-County),11,REP,Under Votes,1
Utah,25PG21,Registered Voters,,,,173
Utah,25PG21,Registered Voters,,REP,,173
Utah,25PG21,Utah County Clerk,,REP,Aaron Davidson,21
Utah,25PG21,Utah County Clerk,,REP,Corey K Astill,22
Utah,25PG21,Utah County Clerk,,REP,Over Votes,0
Utah,25PG21,Utah County Clerk,,REP,Under Votes,1
Utah,25PG21,Utah County Commission Seat A,,REP,Brent V. Bowles,25
Utah,25PG21,Utah County Commission Seat A,,REP,Michelle Kaufusi,19
Utah,25PG21,Utah County Commission Seat A,,REP,Over Votes,0
Utah,25PG21,Utah County Commission Seat A,,REP,Under Votes,0
Utah,25PG21,Utah County Commission Seat B,,REP,Carolina Herrin,6
Utah,25PG21,Utah County Commission Seat B,,REP,David M. Spencer,23
Utah,25PG21,Utah County Commission Seat B,,REP,Isaac Paxman,14
Utah,25PG21,Utah County Commission Seat B,,REP,Over Votes,0
Utah,25PG21,Utah County Commission Seat B,,REP,Under Votes,1
Utah,25PG22,Ballots Cast,,,,24
Utah,25PG22,Ballots Cast,,REP,,24
Utah,25PG22,Ballots Cast Blank,,,,0
Utah,25PG22,Registered Voters,,,,124
Utah,25PG22,Registered Voters,,REP,,124
Utah,25PG22,Utah County Clerk,,REP,Aaron Davidson,10
Utah,25PG22,Utah County Clerk,,REP,Corey K Astill,14
Utah,25PG22,Utah County Clerk,,REP,Over Votes,0
Utah,25PG22,Utah County Clerk,,REP,Under Votes,0
Utah,25PG22,Utah County Commission Seat A,,REP,Brent V. Bowles,7
Utah,25PG22,Utah County Commission Seat A,,REP,Michelle Kaufusi,17
Utah,25PG22,Utah County Commission Seat A,,REP,Over Votes,0
Utah,25PG22,Utah County Commission Seat A,,REP,Under Votes,0
Utah,25PG22,Utah County Commission Seat B,,REP,Carolina Herrin,11
Utah,25PG22,Utah County Commission Seat B,,REP,David M. Spencer,9
Utah,25PG22,Utah County Commission Seat B,,REP,Isaac Paxman,4
Utah,25PG22,Utah County Commission Seat B,,REP,Over Votes,0
Utah,25PG22,Utah County Commission Seat B,,REP,Under Votes,0
Utah,25PG23,Ballots Cast,,,,130
Utah,25PG23,Ballots Cast,,REP,,130
Utah,25PG23,Ballots Cast Blank,,,,0
Utah,25PG23,Registered Voters,,,,451
Utah,25PG23,Registered Voters,,REP,,451
Utah,25PG23,Utah County Clerk,,REP,Aaron Davidson,51
Utah,25PG23,Utah County Clerk,,REP,Corey K Astill,78
Utah,25PG23,Utah County Clerk,,REP,Over Votes,0
Utah,25PG23,Utah County Clerk,,REP,Under Votes,1
Utah,25PG23,Utah County Commission Seat A,,REP,Brent V. Bowles,53
Utah,25PG23,Utah County Commission Seat A,,REP,Michelle Kaufusi,77
Utah,25PG23,Utah County Commission Seat A,,REP,Over Votes,0
Utah,25PG23,Utah County Commission Seat A,,REP,Under Votes,0
Utah,25PG23,Utah County Commission Seat B,,REP,Carolina Herrin,25
Utah,25PG23,Utah County Commission Seat B,,REP,David M. Spencer,52
Utah,25PG23,Utah County Commission Seat B,,REP,Isaac Paxman,52
Utah,25PG23,Utah County Commission Seat B,,REP,Over Votes,0
Utah,25PG23,Utah County Commission Seat B,,REP,Under Votes,1
Utah,25PG24,Ballots Cast,,,,53
Utah,25PG24,Ballots Cast,,REP,,53
Utah,25PG24,Ballots Cast Blank,,,,0
Utah,25PG24,Board Of Education District 11 (Multi-County),11,REP,Over Votes,0
Utah,25PG24,Board Of Education District 11 (Multi-County),11,REP,Terry L. Hutchinson,24
Utah,25PG24,Board Of Education District 11 (Multi-County),11,REP,Tracy J. Nuttall,29
Utah,25PG24,Board Of Education District 11 (Multi-County),11,REP,Under Votes,0
Utah,25PG24,Registered Voters,,,,210
Utah,25PG24,Registered Voters,,REP,,210
Utah,25PG24,Utah County Clerk,,REP,Aaron Davidson,21
Utah,25PG24,Utah County Clerk,,REP,Corey K Astill,32
Utah,25PG24,Utah County Clerk,,REP,Over Votes,0
Utah,25PG24,Utah County Clerk,,REP,Under Votes,0
Utah,25PG24,Utah County Commission Seat A,,REP,Brent V. Bowles,21
Utah,25PG24,Utah County Commission Seat A,,REP,Michelle Kaufusi,32
Utah,25PG24,Utah County Commission Seat A,,REP,Over Votes,0
Utah,25PG24,Utah County Commission Seat A,,REP,Under Votes,0
Utah,25PG24,Utah County Commission Seat B,,REP,Carolina Herrin,16
Utah,25PG24,Utah County Commission Seat B,,REP,David M. Spencer,21
Utah,25PG24,Utah County Commission Seat B,,REP,Isaac Paxman,16
Utah,25PG24,Utah County Commission Seat B,,REP,Over Votes,0
Utah,25PG24,Utah County Commission Seat B,,REP,Under Votes,0
Utah,25PG25,Ballots Cast,,,,205
Utah,25PG25,Ballots Cast,,REP,,205
Utah,25PG25,Ballots Cast Blank,,,,0
Utah,25PG25,Registered Voters,,,,694
Utah,25PG25,Registered Voters,,REP,,694
Utah,25PG25,Utah County Clerk,,REP,Aaron Davidson,83
Utah,25PG25,Utah County Clerk,,REP,Corey K Astill,119
Utah,25PG25,Utah County Clerk,,REP,Over Votes,0
Utah,25PG25,Utah County Clerk,,REP,Under Votes,3
Utah,25PG25,Utah County Commission Seat A,,REP,Brent V. Bowles,80
Utah,25PG25,Utah County Commission Seat A,,REP,Michelle Kaufusi,125
Utah,25PG25,Utah County Commission Seat A,,REP,Over Votes,0
Utah,25PG25,Utah County Commission Seat A,,REP,Under Votes,0
Utah,25PG25,Utah County Commission Seat B,,REP,Carolina Herrin,56
Utah,25PG25,Utah County Commission Seat B,,REP,David M. Spencer,88
Utah,25PG25,Utah County Commission Seat B,,REP,Isaac Paxman,54
Utah,25PG25,Utah County Commission Seat B,,REP,Over Votes,0
Utah,25PG25,Utah County Commission Seat B,,REP,Under Votes,7
Utah,25PG26,Ballots Cast,,,,181
Utah,25PG26,Ballots Cast,,REP,,181
Utah,25PG26,Ballots Cast Blank,,,,0
Utah,25PG26,Registered Voters,,,,573
Utah,25PG26,Registered Voters,,REP,,573
Utah,25PG26,Utah County Clerk,,REP,Aaron Davidson,75
Utah,25PG26,Utah County Clerk,,REP,Corey K Astill,102
Utah,25PG26,Utah County Clerk,,REP,Over Votes,0
Utah,25PG26,Utah County Clerk,,REP,Under Votes,4
Utah,25PG26,Utah County Commission Seat A,,REP,Brent V. Bowles,78
Utah,25PG26,Utah County Commission Seat A,,REP,Michelle Kaufusi,103
Utah,25PG26,Utah County Commission Seat A,,REP,Over Votes,0
Utah,25PG26,Utah County Commission Seat A,,REP,Under Votes,0
Utah,25PG26,Utah County Commission Seat B,,REP,Carolina Herrin,51
Utah,25PG26,Utah County Commission Seat B,,REP,David M. Spencer,69
Utah,25PG26,Utah County Commission Seat B,,REP,Isaac Paxman,56
Utah,25PG26,Utah County Commission Seat B,,REP,Over Votes,0
Utah,25PG26,Utah County Commission Seat B,,REP,Under Votes,5
Utah,25PR01 Suppressed,Ballots Cast,,,,1
Utah,25PR01 Suppressed,Ballots Cast,,REP,,1
Utah,25PR01 Suppressed,Ballots Cast Blank,,,,0
Utah,25PR01 Suppressed,Registered Voters,,,,3
Utah,25PR01 Suppressed,Registered Voters,,REP,,3
Utah,25PR04,Ballots Cast,,,,132
Utah,25PR04,Ballots Cast,,REP,,132
Utah,25PR04,Ballots Cast Blank,,,,0
Utah,25PR04,Registered Voters,,,,486
Utah,25PR04,Registered Voters,,REP,,486
Utah,25PR04,U.S. House,3,REP,Celeste Maloy,87
Utah,25PR04,U.S. House,3,REP,Over Votes,0
Utah,25PR04,U.S. House,3,REP,Phil Lyman,41
Utah,25PR04,U.S. House,3,REP,Under Votes,4
Utah,25PR04,Utah County Clerk,,REP,Aaron Davidson,53
Utah,25PR04,Utah County Clerk,,REP,Corey K Astill,77
Utah,25PR04,Utah County Clerk,,REP,Over Votes,0
Utah,25PR04,Utah County Clerk,,REP,Under Votes,2
Utah,25PR04,Utah County Commission Seat A,,REP,Brent V. Bowles,30
Utah,25PR04,Utah County Commission Seat A,,REP,Michelle Kaufusi,102
Utah,25PR04,Utah County Commission Seat A,,REP,Over Votes,0
Utah,25PR04,Utah County Commission Seat A,,REP,Under Votes,0
Utah,25PR04,Utah County Commission Seat B,,REP,Carolina Herrin,12
Utah,25PR04,Utah County Commission Seat B,,REP,David M. Spencer,36
Utah,25PR04,Utah County Commission Seat B,,REP,Isaac Paxman,84
Utah,25PR04,Utah County Commission Seat B,,REP,Over Votes,0
Utah,25PR04,Utah County Commission Seat B,,REP,Under Votes,0
Utah,25PR05,Ballots Cast,,,,107
Utah,25PR05,Ballots Cast,,REP,,107
Utah,25PR05,Ballots Cast Blank,,,,0
Utah,25PR05,Registered Voters,,,,230
Utah,25PR05,Registered Voters,,REP,,230
Utah,25PR05,U.S. House,3,REP,Celeste Maloy,63
Utah,25PR05,U.S. House,3,REP,Over Votes,0
Utah,25PR05,U.S. House,3,REP,Phil Lyman,44
Utah,25PR05,U.S. House,3,REP,Under Votes,0
Utah,25PR05,Utah County Clerk,,REP,Aaron Davidson,56
Utah,25PR05,Utah County Clerk,,REP,Corey K Astill,48
Utah,25PR05,Utah County Clerk,,REP,Over Votes,0
Utah,25PR05,Utah County Clerk,,REP,Under Votes,3
Utah,25PR05,Utah County Commission Seat A,,REP,Brent V. Bowles,44
Utah,25PR05,Utah County Commission Seat A,,REP,Michelle Kaufusi,63
Utah,25PR05,Utah County Commission Seat A,,REP,Over Votes,0
Utah,25PR05,Utah County Commission Seat A,,REP,Under Votes,0
Utah,25PR05,Utah County Commission Seat B,,REP,Carolina Herrin,15
Utah,25PR05,Utah County Commission Seat B,,REP,David M. Spencer,46
Utah,25PR05,Utah County Commission Seat B,,REP,Isaac Paxman,43
Utah,25PR05,Utah County Commission Seat B,,REP,Over Votes,0
Utah,25PR05,Utah County Commission Seat B,,REP,Under Votes,3
Utah,25PR06,Ballots Cast,,,,220
Utah,25PR06,Ballots Cast,,REP,,220
Utah,25PR06,Ballots Cast Blank,,,,0
Utah,25PR06,Registered Voters,,,,511
Utah,25PR06,Registered Voters,,REP,,511
Utah,25PR06,U.S. House,3,REP,Celeste Maloy,125
Utah,25PR06,U.S. House,3,REP,Over Votes,0
Utah,25PR06,U.S. House,3,REP,Phil Lyman,91
Utah,25PR06,U.S. House,3,REP,Under Votes,4
Utah,25PR06,Utah County Clerk,,REP,Aaron Davidson,114
Utah,25PR06,Utah County Clerk,,REP,Corey K Astill,98
Utah,25PR06,Utah County Clerk,,REP,Over Votes,0
Utah,25PR06,Utah County Clerk,,REP,Under Votes,8
Utah,25PR06,Utah County Commission Seat A,,REP,Brent V. Bowles,88
Utah,25PR06,Utah County Commission Seat A,,REP,Michelle Kaufusi,132
Utah,25PR06,Utah County Commission Seat A,,REP,Over Votes,0
Utah,25PR06,Utah County Commission Seat A,,REP,Under Votes,0
Utah,25PR06,Utah County Commission Seat B,,REP,Carolina Herrin,38
Utah,25PR06,Utah County Commission Seat B,,REP,David M. Spencer,78
Utah,25PR06,Utah County Commission Seat B,,REP,Isaac Paxman,99
Utah,25PR06,Utah County Commission Seat B,,REP,Over Votes,0
Utah,25PR06,Utah County Commission Seat B,,REP,Under Votes,5
Utah,25PR07,Ballots Cast,,,,129
Utah,25PR07,Ballots Cast,,REP,,129
Utah,25PR07,Ballots Cast Blank,,,,0
Utah,25PR07,Registered Voters,,,,310
Utah,25PR07,Registered Voters,,REP,,310
Utah,25PR07,U.S. House,3,REP,Celeste Maloy,98
Utah,25PR07,U.S. House,3,REP,Over Votes,0
Utah,25PR07,U.S. House,3,REP,Phil Lyman,26
Utah,25PR07,U.S. House,3,REP,Under Votes,5
Utah,25PR07,Utah County Clerk,,REP,Aaron Davidson,58
Utah,25PR07,Utah County Clerk,,REP,Corey K Astill,63
Utah,25PR07,Utah County Clerk,,REP,Over Votes,0
Utah,25PR07,Utah County Clerk,,REP,Under Votes,8
Utah,25PR07,Utah County Commission Seat A,,REP,Brent V. Bowles,32
Utah,25PR07,Utah County Commission Seat A,,REP,Michelle Kaufusi,97
Utah,25PR07,Utah County Commission Seat A,,REP,Over Votes,0
Utah,25PR07,Utah County Commission Seat A,,REP,Under Votes,0
Utah,25PR07,Utah County Commission Seat B,,REP,Carolina Herrin,16
Utah,25PR07,Utah County Commission Seat B,,REP,David M. Spencer,29
Utah,25PR07,Utah County Commission Seat B,,REP,Isaac Paxman,83
Utah,25PR07,Utah County Commission Seat B,,REP,Over Votes,0
Utah,25PR07,Utah County Commission Seat B,,REP,Under Votes,1
Utah,25PR08,Ballots Cast,,,,303
Utah,25PR08,Ballots Cast,,REP,,303
Utah,25PR08,Ballots Cast Blank,,,,0
Utah,25PR08,Registered Voters,,,,735
Utah,25PR08,Registered Voters,,REP,,735
Utah,25PR08,U.S. House,3,REP,Celeste Maloy,185
Utah,25PR08,U.S. House,3,REP,Over Votes,0
Utah,25PR08,U.S. House,3,REP,Phil Lyman,112
Utah,25PR08,U.S. House,3,REP,Under Votes,6
Utah,25PR08,Utah County Clerk,,REP,Aaron Davidson,143
Utah,25PR08,Utah County Clerk,,REP,Corey K Astill,152
Utah,25PR08,Utah County Clerk,,REP,Over Votes,0
Utah,25PR08,Utah County Clerk,,REP,Under Votes,8
Utah,25PR08,Utah County Commission Seat A,,REP,Brent V. Bowles,86
Utah,25PR08,Utah County Commission Seat A,,REP,Michelle Kaufusi,217
Utah,25PR08,Utah County Commission Seat A,,REP,Over Votes,0
Utah,25PR08,Utah County Commission Seat A,,REP,Under Votes,0
Utah,25PR08,Utah County Commission Seat B,,REP,Carolina Herrin,46
Utah,25PR08,Utah County Commission Seat B,,REP,David M. Spencer,99
Utah,25PR08,Utah County Commission Seat B,,REP,Isaac Paxman,148
Utah,25PR08,Utah County Commission Seat B,,REP,Over Votes,0
Utah,25PR08,Utah County Commission Seat B,,REP,Under Votes,10
Utah,25PR09,Ballots Cast,,,,247
Utah,25PR09,Ballots Cast,,REP,,247
Utah,25PR09,Ballots Cast Blank,,,,1
Utah,25PR09,Registered Voters,,,,644
Utah,25PR09,Registered Voters,,REP,,644
Utah,25PR09,U.S. House,3,REP,Celeste Maloy,150
Utah,25PR09,U.S. House,3,REP,Over Votes,0
Utah,25PR09,U.S. House,3,REP,Phil Lyman,88
Utah,25PR09,U.S. House,3,REP,Under Votes,9
Utah,25PR09,Utah County Clerk,,REP,Aaron Davidson,104
Utah,25PR09,Utah County Clerk,,REP,Corey K Astill,129
Utah,25PR09,Utah County Clerk,,REP,Over Votes,0
Utah,25PR09,Utah County Clerk,,REP,Under Votes,14
Utah,25PR09,Utah County Commission Seat A,,REP,Brent V. Bowles,90
Utah,25PR09,Utah County Commission Seat A,,REP,Michelle Kaufusi,154
Utah,25PR09,Utah County Commission Seat A,,REP,Over Votes,0
Utah,25PR09,Utah County Commission Seat A,,REP,Under Votes,3
Utah,25PR09,Utah County Commission Seat B,,REP,Carolina Herrin,45
Utah,25PR09,Utah County Commission Seat B,,REP,David M. Spencer,92
Utah,25PR09,Utah County Commission Seat B,,REP,Isaac Paxman,103
Utah,25PR09,Utah County Commission Seat B,,REP,Over Votes,0
Utah,25PR09,Utah County Commission Seat B,,REP,Under Votes,7
Utah,25PR10,Ballots Cast,,,,162
Utah,25PR10,Ballots Cast,,REP,,162
Utah,25PR10,Ballots Cast Blank,,,,0
Utah,25PR10,Registered Voters,,,,439
Utah,25PR10,Registered Voters,,REP,,439
Utah,25PR10,U.S. House,3,REP,Celeste Maloy,118
Utah,25PR10,U.S. House,3,REP,Over Votes,0
Utah,25PR10,U.S. House,3,REP,Phil Lyman,42
Utah,25PR10,U.S. House,3,REP,Under Votes,2
Utah,25PR10,Utah County Clerk,,REP,Aaron Davidson,55
Utah,25PR10,Utah County Clerk,,REP,Corey K Astill,97
Utah,25PR10,Utah County Clerk,,REP,Over Votes,0
Utah,25PR10,Utah County Clerk,,REP,Under Votes,10
Utah,25PR10,Utah County Commission Seat A,,REP,Brent V. Bowles,47
Utah,25PR10,Utah County Commission Seat A,,REP,Michelle Kaufusi,115
Utah,25PR10,Utah County Commission Seat A,,REP,Over Votes,0
Utah,25PR10,Utah County Commission Seat A,,REP,Under Votes,0
Utah,25PR10,Utah County Commission Seat B,,REP,Carolina Herrin,24
Utah,25PR10,Utah County Commission Seat B,,REP,David M. Spencer,55
Utah,25PR10,Utah County Commission Seat B,,REP,Isaac Paxman,78
Utah,25PR10,Utah County Commission Seat B,,REP,Over Votes,0
Utah,25PR10,Utah County Commission Seat B,,REP,Under Votes,5
Utah,25PR11,Ballots Cast,,,,215
Utah,25PR11,Ballots Cast,,REP,,215
Utah,25PR11,Ballots Cast Blank,,,,0
Utah,25PR11,Registered Voters,,,,443
Utah,25PR11,Registered Voters,,REP,,443
Utah,25PR11,U.S. House,3,REP,Celeste Maloy,163
Utah,25PR11,U.S. House,3,REP,Over Votes,0
Utah,25PR11,U.S. House,3,REP,Phil Lyman,45
Utah,25PR11,U.S. House,3,REP,Under Votes,7
Utah,25PR11,Utah County Clerk,,REP,Aaron Davidson,93
Utah,25PR11,Utah County Clerk,,REP,Corey K Astill,115
Utah,25PR11,Utah County Clerk,,REP,Over Votes,0
Utah,25PR11,Utah County Clerk,,REP,Under Votes,7
Utah,25PR11,Utah County Commission Seat A,,REP,Brent V. Bowles,78
Utah,25PR11,Utah County Commission Seat A,,REP,Michelle Kaufusi,136
Utah,25PR11,Utah County Commission Seat A,,REP,Over Votes,0
Utah,25PR11,Utah County Commission Seat A,,REP,Under Votes,1
Utah,25PR11,Utah County Commission Seat B,,REP,Carolina Herrin,27
Utah,25PR11,Utah County Commission Seat B,,REP,David M. Spencer,59
Utah,25PR11,Utah County Commission Seat B,,REP,Isaac Paxman,122
Utah,25PR11,Utah County Commission Seat B,,REP,Over Votes,0
Utah,25PR11,Utah County Commission Seat B,,REP,Under Votes,7
Utah,25PR12,Ballots Cast,,,,278
Utah,25PR12,Ballots Cast,,REP,,278
Utah,25PR12,Ballots Cast Blank,,,,0
Utah,25PR12,Registered Voters,,,,542
Utah,25PR12,Registered Voters,,REP,,542
Utah,25PR12,U.S. House,3,REP,Celeste Maloy,190
Utah,25PR12,U.S. House,3,REP,Over Votes,0
Utah,25PR12,U.S. House,3,REP,Phil Lyman,70
Utah,25PR12,U.S. House,3,REP,Under Votes,18
Utah,25PR12,Utah County Clerk,,REP,Aaron Davidson,90
Utah,25PR12,Utah County Clerk,,REP,Corey K Astill,169
Utah,25PR12,Utah County Clerk,,REP,Over Votes,0
Utah,25PR12,Utah County Clerk,,REP,Under Votes,19
Utah,25PR12,Utah County Commission Seat A,,REP,Brent V. Bowles,32
Utah,25PR12,Utah County Commission Seat A,,REP,Michelle Kaufusi,246
Utah,25PR12,Utah County Commission Seat A,,REP,Over Votes,0
Utah,25PR12,Utah County Commission Seat A,,REP,Under Votes,0
Utah,25PR12,Utah County Commission Seat B,,REP,Carolina Herrin,15
Utah,25PR12,Utah County Commission Seat B,,REP,David M. Spencer,20
Utah,25PR12,Utah County Commission Seat B,,REP,Isaac Paxman,241
Utah,25PR12,Utah County Commission Seat B,,REP,Over Votes,0
Utah,25PR12,Utah County Commission Seat B,,REP,Under Votes,2
Utah,25PR13,Ballots Cast,,,,256
Utah,25PR13,Ballots Cast,,REP,,256
Utah,25PR13,Ballots Cast Blank,,,,0
Utah,25PR13,Registered Voters,,,,567
Utah,25PR13,Registered Voters,,REP,,567
Utah,25PR13,U.S. House,3,REP,Celeste Maloy,178
Utah,25PR13,U.S. House,3,REP,Over Votes,0
Utah,25PR13,U.S. House,3,REP,Phil Lyman,74
Utah,25PR13,U.S. House,3,REP,Under Votes,4
Utah,25PR13,Utah County Clerk,,REP,Aaron Davidson,97
Utah,25PR13,Utah County Clerk,,REP,Corey K Astill,144
Utah,25PR13,Utah County Clerk,,REP,Over Votes,0
Utah,25PR13,Utah County Clerk,,REP,Under Votes,15
Utah,25PR13,Utah County Commission Seat A,,REP,Brent V. Bowles,94
Utah,25PR13,Utah County Commission Seat A,,REP,Michelle Kaufusi,162
Utah,25PR13,Utah County Commission Seat A,,REP,Over Votes,0
Utah,25PR13,Utah County Commission Seat A,,REP,Under Votes,0
Utah,25PR13,Utah County Commission Seat B,,REP,Carolina Herrin,22
Utah,25PR13,Utah County Commission Seat B,,REP,David M. Spencer,63
Utah,25PR13,Utah County Commission Seat B,,REP,Isaac Paxman,163
Utah,25PR13,Utah County Commission Seat B,,REP,Over Votes,0
Utah,25PR13,Utah County Commission Seat B,,REP,Under Votes,8
Utah,25PR14,Ballots Cast,,,,298
Utah,25PR14,Ballots Cast,,REP,,298
Utah,25PR14,Ballots Cast Blank,,,,0
Utah,25PR14,Registered Voters,,,,718
Utah,25PR14,Registered Voters,,REP,,718
Utah,25PR14,U.S. House,3,REP,Celeste Maloy,208
Utah,25PR14,U.S. House,3,REP,Over Votes,0
Utah,25PR14,U.S. House,3,REP,Phil Lyman,78
Utah,25PR14,U.S. House,3,REP,Under Votes,12
Utah,25PR14,Utah County Clerk,,REP,Aaron Davidson,100
Utah,25PR14,Utah County Clerk,,REP,Corey K Astill,185
Utah,25PR14,Utah County Clerk,,REP,Over Votes,0
Utah,25PR14,Utah County Clerk,,REP,Under Votes,13
Utah,25PR14,Utah County Commission Seat A,,REP,Brent V. Bowles,123
Utah,25PR14,Utah County Commission Seat A,,REP,Michelle Kaufusi,174
Utah,25PR14,Utah County Commission Seat A,,REP,Over Votes,0
Utah,25PR14,Utah County Commission Seat A,,REP,Under Votes,1
Utah,25PR14,Utah County Commission Seat B,,REP,Carolina Herrin,50
Utah,25PR14,Utah County Commission Seat B,,REP,David M. Spencer,116
Utah,25PR14,Utah County Commission Seat B,,REP,Isaac Paxman,120
Utah,25PR14,Utah County Commission Seat B,,REP,Over Votes,0
Utah,25PR14,Utah County Commission Seat B,,REP,Under Votes,12
Utah,25PR15,Ballots Cast,,,,0
Utah,25PR15,Ballots Cast,,REP,,0
Utah,25PR15,Ballots Cast Blank,,,,0
Utah,25PR15,Registered Voters,,,,0
Utah,25PR15,Registered Voters,,REP,,0
Utah,25PR15,U.S. House,3,REP,Celeste Maloy,0
Utah,25PR15,U.S. House,3,REP,Over Votes,0
Utah,25PR15,U.S. House,3,REP,Phil Lyman,0
Utah,25PR15,U.S. House,3,REP,Under Votes,0
Utah,25PR15,Utah County Clerk,,REP,Aaron Davidson,0
Utah,25PR15,Utah County Clerk,,REP,Corey K Astill,0
Utah,25PR15,Utah County Clerk,,REP,Over Votes,0
Utah,25PR15,Utah County Clerk,,REP,Under Votes,0
Utah,25PR15,Utah County Commission Seat A,,REP,Brent V. Bowles,0
Utah,25PR15,Utah County Commission Seat A,,REP,Michelle Kaufusi,0
Utah,25PR15,Utah County Commission Seat A,,REP,Over Votes,0
Utah,25PR15,Utah County Commission Seat A,,REP,Under Votes,0
Utah,25PR15,Utah County Commission Seat B,,REP,Carolina Herrin,0
Utah,25PR15,Utah County Commission Seat B,,REP,David M. Spencer,0
Utah,25PR15,Utah County Commission Seat B,,REP,Isaac Paxman,0
Utah,25PR15,Utah County Commission Seat B,,REP,Over Votes,0
Utah,25PR15,Utah County Commission Seat B,,REP,Under Votes,0
Utah,25PR16,Ballots Cast,,,,0
Utah,25PR16,Ballots Cast,,REP,,0
Utah,25PR16,Ballots Cast Blank,,,,0
Utah,25PR16,Registered Voters,,,,0
Utah,25PR16,Registered Voters,,REP,,0
Utah,25PR16,U.S. House,3,REP,Celeste Maloy,0
Utah,25PR16,U.S. House,3,REP,Over Votes,0
Utah,25PR16,U.S. House,3,REP,Phil Lyman,0
Utah,25PR16,U.S. House,3,REP,Under Votes,0
Utah,25PR16,Utah County Clerk,,REP,Aaron Davidson,0
Utah,25PR16,Utah County Clerk,,REP,Corey K Astill,0
Utah,25PR16,Utah County Clerk,,REP,Over Votes,0
Utah,25PR16,Utah County Clerk,,REP,Under Votes,0
Utah,25PR16,Utah County Commission Seat A,,REP,Brent V. Bowles,0
Utah,25PR16,Utah County Commission Seat A,,REP,Michelle Kaufusi,0
Utah,25PR16,Utah County Commission Seat A,,REP,Over Votes,0
Utah,25PR16,Utah County Commission Seat A,,REP,Under Votes,0
Utah,25PR16,Utah County Commission Seat B,,REP,Carolina Herrin,0
Utah,25PR16,Utah County Commission Seat B,,REP,David M. Spencer,0
Utah,25PR16,Utah County Commission Seat B,,REP,Isaac Paxman,0
Utah,25PR16,Utah County Commission Seat B,,REP,Over Votes,0
Utah,25PR16,Utah County Commission Seat B,,REP,Under Votes,0
Utah,25PR17,Ballots Cast,,,,76
Utah,25PR17,Ballots Cast,,REP,,76
Utah,25PR17,Ballots Cast Blank,,,,0
Utah,25PR17,Registered Voters,,,,288
Utah,25PR17,Registered Voters,,REP,,288
Utah,25PR17,U.S. House,3,REP,Celeste Maloy,52
Utah,25PR17,U.S. House,3,REP,Over Votes,0
Utah,25PR17,U.S. House,3,REP,Phil Lyman,21
Utah,25PR17,U.S. House,3,REP,Under Votes,3
Utah,25PR17,Utah County Clerk,,REP,Aaron Davidson,35
Utah,25PR17,Utah County Clerk,,REP,Corey K Astill,36
Utah,25PR17,Utah County Clerk,,REP,Over Votes,0
Utah,25PR17,Utah County Clerk,,REP,Under Votes,5
Utah,25PR17,Utah County Commission Seat A,,REP,Brent V. Bowles,21
Utah,25PR17,Utah County Commission Seat A,,REP,Michelle Kaufusi,53
Utah,25PR17,Utah County Commission Seat A,,REP,Over Votes,0
Utah,25PR17,Utah County Commission Seat A,,REP,Under Votes,2
Utah,25PR17,Utah County Commission Seat B,,REP,Carolina Herrin,15
Utah,25PR17,Utah County Commission Seat B,,REP,David M. Spencer,34
Utah,25PR17,Utah County Commission Seat B,,REP,Isaac Paxman,23
Utah,25PR17,Utah County Commission Seat B,,REP,Over Votes,0
Utah,25PR17,Utah County Commission Seat B,,REP,Under Votes,4
Utah,25PR18,Ballots Cast,,,,195
Utah,25PR18,Ballots Cast,,REP,,195
Utah,25PR18,Ballots Cast Blank,,,,0
Utah,25PR18,Registered Voters,,,,424
Utah,25PR18,Registered Voters,,REP,,424
Utah,25PR18,U.S. House,3,REP,Celeste Maloy,136
Utah,25PR18,U.S. House,3,REP,Over Votes,0
Utah,25PR18,U.S. House,3,REP,Phil Lyman,51
Utah,25PR18,U.S. House,3,REP,Under Votes,8
Utah,25PR18,Utah County Clerk,,REP,Aaron Davidson,103
Utah,25PR18,Utah County Clerk,,REP,Corey K Astill,86
Utah,25PR18,Utah County Clerk,,REP,Over Votes,0
Utah,25PR18,Utah County Clerk,,REP,Under Votes,6
Utah,25PR18,Utah County Commission Seat A,,REP,Brent V. Bowles,87
Utah,25PR18,Utah County Commission Seat A,,REP,Michelle Kaufusi,105
Utah,25PR18,Utah County Commission Seat A,,REP,Over Votes,0
Utah,25PR18,Utah County Commission Seat A,,REP,Under Votes,3
Utah,25PR18,Utah County Commission Seat B,,REP,Carolina Herrin,28
Utah,25PR18,Utah County Commission Seat B,,REP,David M. Spencer,78
Utah,25PR18,Utah County Commission Seat B,,REP,Isaac Paxman,83
Utah,25PR18,Utah County Commission Seat B,,REP,Over Votes,0
Utah,25PR18,Utah County Commission Seat B,,REP,Under Votes,6
Utah,25PR19,Ballots Cast,,,,208
Utah,25PR19,Ballots Cast,,REP,,208
Utah,25PR19,Ballots Cast Blank,,,,0
Utah,25PR19,Registered Voters,,,,409
Utah,25PR19,Registered Voters,,REP,,409
Utah,25PR19,U.S. House,3,REP,Celeste Maloy,133
Utah,25PR19,U.S. House,3,REP,Over Votes,0
Utah,25PR19,U.S. House,3,REP,Phil Lyman,71
Utah,25PR19,U.S. House,3,REP,Under Votes,4
Utah,25PR19,Utah County Clerk,,REP,Aaron Davidson,111
Utah,25PR19,Utah County Clerk,,REP,Corey K Astill,85
Utah,25PR19,Utah County Clerk,,REP,Over Votes,0
Utah,25PR19,Utah County Clerk,,REP,Under Votes,12
Utah,25PR19,Utah County Commission Seat A,,REP,Brent V. Bowles,94
Utah,25PR19,Utah County Commission Seat A,,REP,Michelle Kaufusi,114
Utah,25PR19,Utah County Commission Seat A,,REP,Over Votes,0
Utah,25PR19,Utah County Commission Seat A,,REP,Under Votes,0
Utah,25PR19,Utah County Commission Seat B,,REP,Carolina Herrin,35
Utah,25PR19,Utah County Commission Seat B,,REP,David M. Spencer,101
Utah,25PR19,Utah County Commission Seat B,,REP,Isaac Paxman,64
Utah,25PR19,Utah County Commission Seat B,,REP,Over Votes,0
Utah,25PR19,Utah County Commission Seat B,,REP,Under Votes,8
Utah,25PR20,Ballots Cast,,,,196
Utah,25PR20,Ballots Cast,,REP,,196
Utah,25PR20,Ballots Cast Blank,,,,0
Utah,25PR20,Registered Voters,,,,671
Utah,25PR20,Registered Voters,,REP,,671
Utah,25PR20,U.S. House,3,REP,Celeste Maloy,131
Utah,25PR20,U.S. House,3,REP,Over Votes,0
Utah,25PR20,U.S. House,3,REP,Phil Lyman,61
Utah,25PR20,U.S. House,3,REP,Under Votes,4
Utah,25PR20,Utah County Clerk,,REP,Aaron Davidson,72
Utah,25PR20,Utah County Clerk,,REP,Corey K Astill,117
Utah,25PR20,Utah County Clerk,,REP,Over Votes,0
Utah,25PR20,Utah County Clerk,,REP,Under Votes,7
Utah,25PR20,Utah County Commission Seat A,,REP,Brent V. Bowles,98
Utah,25PR20,Utah County Commission Seat A,,REP,Michelle Kaufusi,97
Utah,25PR20,Utah County Commission Seat A,,REP,Over Votes,0
Utah,25PR20,Utah County Commission Seat A,,REP,Under Votes,1
Utah,25PR20,Utah County Commission Seat B,,REP,Carolina Herrin,60
Utah,25PR20,Utah County Commission Seat B,,REP,David M. Spencer,71
Utah,25PR20,Utah County Commission Seat B,,REP,Isaac Paxman,57
Utah,25PR20,Utah County Commission Seat B,,REP,Over Votes,0
Utah,25PR20,Utah County Commission Seat B,,REP,Under Votes,8
Utah,25PR21,Ballots Cast,,,,218
Utah,25PR21,Ballots Cast,,REP,,218
Utah,25PR21,Ballots Cast Blank,,,,0
Utah,25PR21,Registered Voters,,,,552
Utah,25PR21,Registered Voters,,REP,,552
Utah,25PR21,U.S. House,3,REP,Celeste Maloy,153
Utah,25PR21,U.S. House,3,REP,Over Votes,0
Utah,25PR21,U.S. House,3,REP,Phil Lyman,55
Utah,25PR21,U.S. House,3,REP,Under Votes,10
Utah,25PR21,Utah County Clerk,,REP,Aaron Davidson,81
Utah,25PR21,Utah County Clerk,,REP,Corey K Astill,123
Utah,25PR21,Utah County Clerk,,REP,Over Votes,0
Utah,25PR21,Utah County Clerk,,REP,Under Votes,14
Utah,25PR21,Utah County Commission Seat A,,REP,Brent V. Bowles,124
Utah,25PR21,Utah County Commission Seat A,,REP,Michelle Kaufusi,94
Utah,25PR21,Utah County Commission Seat A,,REP,Over Votes,0
Utah,25PR21,Utah County Commission Seat A,,REP,Under Votes,0
Utah,25PR21,Utah County Commission Seat B,,REP,Carolina Herrin,57
Utah,25PR21,Utah County Commission Seat B,,REP,David M. Spencer,75
Utah,25PR21,Utah County Commission Seat B,,REP,Isaac Paxman,80
Utah,25PR21,Utah County Commission Seat B,,REP,Over Votes,0
Utah,25PR21,Utah County Commission Seat B,,REP,Under Votes,6
Utah,25PR22,Ballots Cast,,,,212
Utah,25PR22,Ballots Cast,,REP,,212
Utah,25PR22,Ballots Cast Blank,,,,0
Utah,25PR22,Registered Voters,,,,641
Utah,25PR22,Registered Voters,,REP,,641
Utah,25PR22,U.S. House,3,REP,Celeste Maloy,161
Utah,25PR22,U.S. House,3,REP,Over Votes,0
Utah,25PR22,U.S. House,3,REP,Phil Lyman,47
Utah,25PR22,U.S. House,3,REP,Under Votes,4
Utah,25PR22,Utah County Clerk,,REP,Aaron Davidson,84
Utah,25PR22,Utah County Clerk,,REP,Corey K Astill,121
Utah,25PR22,Utah County Clerk,,REP,Over Votes,0
Utah,25PR22,Utah County Clerk,,REP,Under Votes,7
Utah,25PR22,Utah County Commission Seat A,,REP,Brent V. Bowles,105
Utah,25PR22,Utah County Commission Seat A,,REP,Michelle Kaufusi,103
Utah,25PR22,Utah County Commission Seat A,,REP,Over Votes,0
Utah,25PR22,Utah County Commission Seat A,,REP,Under Votes,4
Utah,25PR22,Utah County Commission Seat B,,REP,Carolina Herrin,58
Utah,25PR22,Utah County Commission Seat B,,REP,David M. Spencer,83
Utah,25PR22,Utah County Commission Seat B,,REP,Isaac Paxman,63
Utah,25PR22,Utah County Commission Seat B,,REP,Over Votes,0
Utah,25PR22,Utah County Commission Seat B,,REP,Under Votes,8
Utah,25PR23,Ballots Cast,,,,247
Utah,25PR23,Ballots Cast,,REP,,247
Utah,25PR23,Ballots Cast Blank,,,,0
Utah,25PR23,Registered Voters,,,,603
Utah,25PR23,Registered Voters,,REP,,603
Utah,25PR23,U.S. House,3,REP,Celeste Maloy,158
Utah,25PR23,U.S. House,3,REP,Over Votes,0
Utah,25PR23,U.S. House,3,REP,Phil Lyman,82
Utah,25PR23,U.S. House,3,REP,Under Votes,7
Utah,25PR23,Utah County Clerk,,REP,Aaron Davidson,95
Utah,25PR23,Utah County Clerk,,REP,Corey K Astill,141
Utah,25PR23,Utah County Clerk,,REP,Over Votes,0
Utah,25PR23,Utah County Clerk,,REP,Under Votes,11
Utah,25PR23,Utah County Commission Seat A,,REP,Brent V. Bowles,91
Utah,25PR23,Utah County Commission Seat A,,REP,Michelle Kaufusi,155
Utah,25PR23,Utah County Commission Seat A,,REP,Over Votes,0
Utah,25PR23,Utah County Commission Seat A,,REP,Under Votes,1
Utah,25PR23,Utah County Commission Seat B,,REP,Carolina Herrin,47
Utah,25PR23,Utah County Commission Seat B,,REP,David M. Spencer,86
Utah,25PR23,Utah County Commission Seat B,,REP,Isaac Paxman,103
Utah,25PR23,Utah County Commission Seat B,,REP,Over Votes,0
Utah,25PR23,Utah County Commission Seat B,,REP,Under Votes,11
Utah,25PR24,Ballots Cast,,,,95
Utah,25PR24,Ballots Cast,,REP,,95
Utah,25PR24,Ballots Cast Blank,,,,0
Utah,25PR24,Registered Voters,,,,302
Utah,25PR24,Registered Voters,,REP,,302
Utah,25PR24,U.S. House,3,REP,Celeste Maloy,61
Utah,25PR24,U.S. House,3,REP,Over Votes,0
Utah,25PR24,U.S. House,3,REP,Phil Lyman,32
Utah,25PR24,U.S. House,3,REP,Under Votes,2
Utah,25PR24,Utah County Clerk,,REP,Aaron Davidson,51
Utah,25PR24,Utah County Clerk,,REP,Corey K Astill,40
Utah,25PR24,Utah County Clerk,,REP,Over Votes,0
Utah,25PR24,Utah County Clerk,,REP,Under Votes,4
Utah,25PR24,Utah County Commission Seat A,,REP,Brent V. Bowles,49
Utah,25PR24,Utah County Commission Seat A,,REP,Michelle Kaufusi,46
Utah,25PR24,Utah County Commission Seat A,,REP,Over Votes,0
Utah,25PR24,Utah County Commission Seat A,,REP,Under Votes,0
Utah,25PR24,Utah County Commission Seat B,,REP,Carolina Herrin,10
Utah,25PR24,Utah County Commission Seat B,,REP,David M. Spencer,55
Utah,25PR24,Utah County Commission Seat B,,REP,Isaac Paxman,29
Utah,25PR24,Utah County Commission Seat B,,REP,Over Votes,0
Utah,25PR24,Utah County Commission Seat B,,REP,Under Votes,1
Utah,25PR25,Ballots Cast,,,,196
Utah,25PR25,Ballots Cast,,REP,,196
Utah,25PR25,Ballots Cast Blank,,,,1
Utah,25PR25,Registered Voters,,,,467
Utah,25PR25,Registered Voters,,REP,,467
Utah,25PR25,U.S. House,3,REP,Celeste Maloy,132
Utah,25PR25,U.S. House,3,REP,Over Votes,0
Utah,25PR25,U.S. House,3,REP,Phil Lyman,57
Utah,25PR25,U.S. House,3,REP,Under Votes,7
Utah,25PR25,Utah County Clerk,,REP,Aaron Davidson,81
Utah,25PR25,Utah County Clerk,,REP,Corey K Astill,107
Utah,25PR25,Utah County Clerk,,REP,Over Votes,0
Utah,25PR25,Utah County Clerk,,REP,Under Votes,8
Utah,25PR25,Utah County Commission Seat A,,REP,Brent V. Bowles,69
Utah,25PR25,Utah County Commission Seat A,,REP,Michelle Kaufusi,126
Utah,25PR25,Utah County Commission Seat A,,REP,Over Votes,0
Utah,25PR25,Utah County Commission Seat A,,REP,Under Votes,1
Utah,25PR25,Utah County Commission Seat B,,REP,Carolina Herrin,38
Utah,25PR25,Utah County Commission Seat B,,REP,David M. Spencer,57
Utah,25PR25,Utah County Commission Seat B,,REP,Isaac Paxman,96
Utah,25PR25,Utah County Commission Seat B,,REP,Over Votes,0
Utah,25PR25,Utah County Commission Seat B,,REP,Under Votes,5
Utah,25PR26,Ballots Cast,,,,109
Utah,25PR26,Ballots Cast,,REP,,109
Utah,25PR26,Ballots Cast Blank,,,,0
Utah,25PR26,Registered Voters,,,,375
Utah,25PR26,Registered Voters,,REP,,375
Utah,25PR26,U.S. House,3,REP,Celeste Maloy,71
Utah,25PR26,U.S. House,3,REP,Over Votes,0
Utah,25PR26,U.S. House,3,REP,Phil Lyman,36
Utah,25PR26,U.S. House,3,REP,Under Votes,2
Utah,25PR26,Utah County Clerk,,REP,Aaron Davidson,41
Utah,25PR26,Utah County Clerk,,REP,Corey K Astill,64
Utah,25PR26,Utah County Clerk,,REP,Over Votes,0
Utah,25PR26,Utah County Clerk,,REP,Under Votes,4
Utah,25PR26,Utah County Commission Seat A,,REP,Brent V. Bowles,47
Utah,25PR26,Utah County Commission Seat A,,REP,Michelle Kaufusi,62
Utah,25PR26,Utah County Commission Seat A,,REP,Over Votes,0
Utah,25PR26,Utah County Commission Seat A,,REP,Under Votes,0
Utah,25PR26,Utah County Commission Seat B,,REP,Carolina Herrin,24
Utah,25PR26,Utah County Commission Seat B,,REP,David M. Spencer,35
Utah,25PR26,Utah County Commission Seat B,,REP,Isaac Paxman,49
Utah,25PR26,Utah County Commission Seat B,,REP,Over Votes,0
Utah,25PR26,Utah County Commission Seat B,,REP,Under Votes,1
Utah,25PR27,Ballots Cast,,,,22
Utah,25PR27,Ballots Cast,,REP,,22
Utah,25PR27,Ballots Cast Blank,,,,0
Utah,25PR27,Registered Voters,,,,363
Utah,25PR27,Registered Voters,,REP,,363
Utah,25PR27,U.S. House,3,REP,Celeste Maloy,12
Utah,25PR27,U.S. House,3,REP,Over Votes,0
Utah,25PR27,U.S. House,3,REP,Phil Lyman,10
Utah,25PR27,U.S. House,3,REP,Under Votes,0
Utah,25PR27,Utah County Clerk,,REP,Aaron Davidson,6
Utah,25PR27,Utah County Clerk,,REP,Corey K Astill,15
Utah,25PR27,Utah County Clerk,,REP,Over Votes,0
Utah,25PR27,Utah County Clerk,,REP,Under Votes,1
Utah,25PR27,Utah County Commission Seat A,,REP,Brent V. Bowles,9
Utah,25PR27,Utah County Commission Seat A,,REP,Michelle Kaufusi,13
Utah,25PR27,Utah County Commission Seat A,,REP,Over Votes,0
Utah,25PR27,Utah County Commission Seat A,,REP,Under Votes,0
Utah,25PR27,Utah County Commission Seat B,,REP,Carolina Herrin,2
Utah,25PR27,Utah County Commission Seat B,,REP,David M. Spencer,8
Utah,25PR27,Utah County Commission Seat B,,REP,Isaac Paxman,12
Utah,25PR27,Utah County Commission Seat B,,REP,Over Votes,0
Utah,25PR27,Utah County Commission Seat B,,REP,Under Votes,0
Utah,25PR28,Ballots Cast,,,,34
Utah,25PR28,Ballots Cast,,REP,,34
Utah,25PR28,Ballots Cast Blank,,,,0
Utah,25PR28,Registered Voters,,,,288
Utah,25PR28,Registered Voters,,REP,,288
Utah,25PR28,U.S. House,3,REP,Celeste Maloy,21
Utah,25PR28,U.S. House,3,REP,Over Votes,0
Utah,25PR28,U.S. House,3,REP,Phil Lyman,13
Utah,25PR28,U.S. House,3,REP,Under Votes,0
Utah,25PR28,Utah County Clerk,,REP,Aaron Davidson,12
Utah,25PR28,Utah County Clerk,,REP,Corey K Astill,22
Utah,25PR28,Utah County Clerk,,REP,Over Votes,0
Utah,25PR28,Utah County Clerk,,REP,Under Votes,0
Utah,25PR28,Utah County Commission Seat A,,REP,Brent V. Bowles,15
Utah,25PR28,Utah County Commission Seat A,,REP,Michelle Kaufusi,19
Utah,25PR28,Utah County Commission Seat A,,REP,Over Votes,0
Utah,25PR28,Utah County Commission Seat A,,REP,Under Votes,0
Utah,25PR28,Utah County Commission Seat B,,REP,Carolina Herrin,11
Utah,25PR28,Utah County Commission Seat B,,REP,David M. Spencer,12
Utah,25PR28,Utah County Commission Seat B,,REP,Isaac Paxman,11
Utah,25PR28,Utah County Commission Seat B,,REP,Over Votes,0
Utah,25PR28,Utah County Commission Seat B,,REP,Under Votes,0
Utah,25PR29,Ballots Cast,,,,163
Utah,25PR29,Ballots Cast,,REP,,163
Utah,25PR29,Ballots Cast Blank,,,,0
Utah,25PR29,Registered Voters,,,,538
Utah,25PR29,Registered Voters,,REP,,538
Utah,25PR29,U.S. House,3,REP,Celeste Maloy,102
Utah,25PR29,U.S. House,3,REP,Over Votes,0
Utah,25PR29,U.S. House,3,REP,Phil Lyman,57
Utah,25PR29,U.S. House,3,REP,Under Votes,4
Utah,25PR29,Utah County Clerk,,REP,Aaron Davidson,65
Utah,25PR29,Utah County Clerk,,REP,Corey K Astill,96
Utah,25PR29,Utah County Clerk,,REP,Over Votes,0
Utah,25PR29,Utah County Clerk,,REP,Under Votes,2
Utah,25PR29,Utah County Commission Seat A,,REP,Brent V. Bowles,70
Utah,25PR29,Utah County Commission Seat A,,REP,Michelle Kaufusi,92
Utah,25PR29,Utah County Commission Seat A,,REP,Over Votes,0
Utah,25PR29,Utah County Commission Seat A,,REP,Under Votes,1
Utah,25PR29,Utah County Commission Seat B,,REP,Carolina Herrin,24
Utah,25PR29,Utah County Commission Seat B,,REP,David M. Spencer,64
Utah,25PR29,Utah County Commission Seat B,,REP,Isaac Paxman,74
Utah,25PR29,Utah County Commission Seat B,,REP,Over Votes,0
Utah,25PR29,Utah County Commission Seat B,,REP,Under Votes,1
Utah,25PR30,Ballots Cast,,,,59
Utah,25PR30,Ballots Cast,,REP,,59
Utah,25PR30,Ballots Cast Blank,,,,0
Utah,25PR30,Registered Voters,,,,209
Utah,25PR30,Registered Voters,,REP,,209
Utah,25PR30,U.S. House,3,REP,Celeste Maloy,36
Utah,25PR30,U.S. House,3,REP,Over Votes,0
Utah,25PR30,U.S. House,3,REP,Phil Lyman,22
Utah,25PR30,U.S. House,3,REP,Under Votes,1
Utah,25PR30,Utah County Clerk,,REP,Aaron Davidson,29
Utah,25PR30,Utah County Clerk,,REP,Corey K Astill,29
Utah,25PR30,Utah County Clerk,,REP,Over Votes,0
Utah,25PR30,Utah County Clerk,,REP,Under Votes,1
Utah,25PR30,Utah County Commission Seat A,,REP,Brent V. Bowles,28
Utah,25PR30,Utah County Commission Seat A,,REP,Michelle Kaufusi,31
Utah,25PR30,Utah County Commission Seat A,,REP,Over Votes,0
Utah,25PR30,Utah County Commission Seat A,,REP,Under Votes,0
Utah,25PR30,Utah County Commission Seat B,,REP,Carolina Herrin,17
Utah,25PR30,Utah County Commission Seat B,,REP,David M. Spencer,21
Utah,25PR30,Utah County Commission Seat B,,REP,Isaac Paxman,20
Utah,25PR30,Utah County Commission Seat B,,REP,Over Votes,0
Utah,25PR30,Utah County Commission Seat B,,REP,Under Votes,1
Utah,25PR31,Ballots Cast,,,,34
Utah,25PR31,Ballots Cast,,REP,,34
Utah,25PR31,Ballots Cast Blank,,,,0
Utah,25PR31,Registered Voters,,,,268
Utah,25PR31,Registered Voters,,REP,,268
Utah,25PR31,U.S. House,3,REP,Celeste Maloy,25
Utah,25PR31,U.S. House,3,REP,Over Votes,0
Utah,25PR31,U.S. House,3,REP,Phil Lyman,9
Utah,25PR31,U.S. House,3,REP,Under Votes,0
Utah,25PR31,Utah County Clerk,,REP,Aaron Davidson,7
Utah,25PR31,Utah County Clerk,,REP,Corey K Astill,26
Utah,25PR31,Utah County Clerk,,REP,Over Votes,0
Utah,25PR31,Utah County Clerk,,REP,Under Votes,1
Utah,25PR31,Utah County Commission Seat A,,REP,Brent V. Bowles,12
Utah,25PR31,Utah County Commission Seat A,,REP,Michelle Kaufusi,21
Utah,25PR31,Utah County Commission Seat A,,REP,Over Votes,0
Utah,25PR31,Utah County Commission Seat A,,REP,Under Votes,1
Utah,25PR31,Utah County Commission Seat B,,REP,Carolina Herrin,4
Utah,25PR31,Utah County Commission Seat B,,REP,David M. Spencer,18
Utah,25PR31,Utah County Commission Seat B,,REP,Isaac Paxman,11
Utah,25PR31,Utah County Commission Seat B,,REP,Over Votes,0
Utah,25PR31,Utah County Commission Seat B,,REP,Under Votes,1
Utah,25PR32,Ballots Cast,,,,281
Utah,25PR32,Ballots Cast,,REP,,281
Utah,25PR32,Ballots Cast Blank,,,,0
Utah,25PR32,Registered Voters,,,,581
Utah,25PR32,Registered Voters,,REP,,581
Utah,25PR32,U.S. House,3,REP,Celeste Maloy,178
Utah,25PR32,U.S. House,3,REP,Over Votes,0
Utah,25PR32,U.S. House,3,REP,Phil Lyman,95
Utah,25PR32,U.S. House,3,REP,Under Votes,8
Utah,25PR32,Utah County Clerk,,REP,Aaron Davidson,138
Utah,25PR32,Utah County Clerk,,REP,Corey K Astill,138
Utah,25PR32,Utah County Clerk,,REP,Over Votes,0
Utah,25PR32,Utah County Clerk,,REP,Under Votes,5
Utah,25PR32,Utah County Commission Seat A,,REP,Brent V. Bowles,93
Utah,25PR32,Utah County Commission Seat A,,REP,Michelle Kaufusi,188
Utah,25PR32,Utah County Commission Seat A,,REP,Over Votes,0
Utah,25PR32,Utah County Commission Seat A,,REP,Under Votes,0
Utah,25PR32,Utah County Commission Seat B,,REP,Carolina Herrin,27
Utah,25PR32,Utah County Commission Seat B,,REP,David M. Spencer,105
Utah,25PR32,Utah County Commission Seat B,,REP,Isaac Paxman,147
Utah,25PR32,Utah County Commission Seat B,,REP,Over Votes,0
Utah,25PR32,Utah County Commission Seat B,,REP,Under Votes,2
Utah,25PR33,Ballots Cast,,,,114
Utah,25PR33,Ballots Cast,,REP,,114
Utah,25PR33,Ballots Cast Blank,,,,0
Utah,25PR33,Registered Voters,,,,304
Utah,25PR33,Registered Voters,,REP,,304
Utah,25PR33,U.S. House,3,REP,Celeste Maloy,82
Utah,25PR33,U.S. House,3,REP,Over Votes,0
Utah,25PR33,U.S. House,3,REP,Phil Lyman,27
Utah,25PR33,U.S. House,3,REP,Under Votes,5
Utah,25PR33,Utah County Clerk,,REP,Aaron Davidson,32
Utah,25PR33,Utah County Clerk,,REP,Corey K Astill,74
Utah,25PR33,Utah County Clerk,,REP,Over Votes,0
Utah,25PR33,Utah County Clerk,,REP,Under Votes,8
Utah,25PR33,Utah County Commission Seat A,,REP,Brent V. Bowles,30
Utah,25PR33,Utah County Commission Seat A,,REP,Michelle Kaufusi,84
Utah,25PR33,Utah County Commission Seat A,,REP,Over Votes,0
Utah,25PR33,Utah County Commission Seat A,,REP,Under Votes,0
Utah,25PR33,Utah County Commission Seat B,,REP,Carolina Herrin,14
Utah,25PR33,Utah County Commission Seat B,,REP,David M. Spencer,32
Utah,25PR33,Utah County Commission Seat B,,REP,Isaac Paxman,63
Utah,25PR33,Utah County Commission Seat B,,REP,Over Votes,0
Utah,25PR33,Utah County Commission Seat B,,REP,Under Votes,5
Utah,25PR34,Ballots Cast,,,,280
Utah,25PR34,Ballots Cast,,REP,,280
Utah,25PR34,Ballots Cast Blank,,,,0
Utah,25PR34,Registered Voters,,,,625
Utah,25PR34,Registered Voters,,REP,,625
Utah,25PR34,U.S. House,3,REP,Celeste Maloy,213
Utah,25PR34,U.S. House,3,REP,Over Votes,0
Utah,25PR34,U.S. House,3,REP,Phil Lyman,62
Utah,25PR34,U.S. House,3,REP,Under Votes,5
Utah,25PR34,Utah County Clerk,,REP,Aaron Davidson,72
Utah,25PR34,Utah County Clerk,,REP,Corey K Astill,203
Utah,25PR34,Utah County Clerk,,REP,Over Votes,0
Utah,25PR34,Utah County Clerk,,REP,Under Votes,5
Utah,25PR34,Utah County Commission Seat A,,REP,Brent V. Bowles,69
Utah,25PR34,Utah County Commission Seat A,,REP,Michelle Kaufusi,209
Utah,25PR34,Utah County Commission Seat A,,REP,Over Votes,0
Utah,25PR34,Utah County Commission Seat A,,REP,Under Votes,2
Utah,25PR34,Utah County Commission Seat B,,REP,Carolina Herrin,38
Utah,25PR34,Utah County Commission Seat B,,REP,David M. Spencer,63
Utah,25PR34,Utah County Commission Seat B,,REP,Isaac Paxman,174
Utah,25PR34,Utah County Commission Seat B,,REP,Over Votes,0
Utah,25PR34,Utah County Commission Seat B,,REP,Under Votes,5
Utah,25PR35,Ballots Cast,,,,86
Utah,25PR35,Ballots Cast,,REP,,86
Utah,25PR35,Ballots Cast Blank,,,,0
Utah,25PR35,Registered Voters,,,,315
Utah,25PR35,Registered Voters,,REP,,315
Utah,25PR35,U.S. House,3,REP,Celeste Maloy,52
Utah,25PR35,U.S. House,3,REP,Over Votes,0
Utah,25PR35,U.S. House,3,REP,Phil Lyman,30
Utah,25PR35,U.S. House,3,REP,Under Votes,4
Utah,25PR35,Utah County Clerk,,REP,Aaron Davidson,28
Utah,25PR35,Utah County Clerk,,REP,Corey K Astill,56
Utah,25PR35,Utah County Clerk,,REP,Over Votes,0
Utah,25PR35,Utah County Clerk,,REP,Under Votes,2
Utah,25PR35,Utah County Commission Seat A,,REP,Brent V. Bowles,19
Utah,25PR35,Utah County Commission Seat A,,REP,Michelle Kaufusi,66
Utah,25PR35,Utah County Commission Seat A,,REP,Over Votes,0
Utah,25PR35,Utah County Commission Seat A,,REP,Under Votes,1
Utah,25PR35,Utah County Commission Seat B,,REP,Carolina Herrin,14
Utah,25PR35,Utah County Commission Seat B,,REP,David M. Spencer,23
Utah,25PR35,Utah County Commission Seat B,,REP,Isaac Paxman,49
Utah,25PR35,Utah County Commission Seat B,,REP,Over Votes,0
Utah,25PR35,Utah County Commission Seat B,,REP,Under Votes,0
Utah,25PR36,Ballots Cast,,,,24
Utah,25PR36,Ballots Cast,,REP,,24
Utah,25PR36,Ballots Cast Blank,,,,0
Utah,25PR36,Registered Voters,,,,279
Utah,25PR36,Registered Voters,,REP,,279
Utah,25PR36,U.S. House,3,REP,Celeste Maloy,18
Utah,25PR36,U.S. House,3,REP,Over Votes,0
Utah,25PR36,U.S. House,3,REP,Phil Lyman,6
Utah,25PR36,U.S. House,3,REP,Under Votes,0
Utah,25PR36,Utah County Clerk,,REP,Aaron Davidson,10
Utah,25PR36,Utah County Clerk,,REP,Corey K Astill,13
Utah,25PR36,Utah County Clerk,,REP,Over Votes,0
Utah,25PR36,Utah County Clerk,,REP,Under Votes,1
Utah,25PR36,Utah County Commission Seat A,,REP,Brent V. Bowles,9
Utah,25PR36,Utah County Commission Seat A,,REP,Michelle Kaufusi,15
Utah,25PR36,Utah County Commission Seat A,,REP,Over Votes,0
Utah,25PR36,Utah County Commission Seat A,,REP,Under Votes,0
Utah,25PR36,Utah County Commission Seat B,,REP,Carolina Herrin,7
Utah,25PR36,Utah County Commission Seat B,,REP,David M. Spencer,5
Utah,25PR36,Utah County Commission Seat B,,REP,Isaac Paxman,12
Utah,25PR36,Utah County Commission Seat B,,REP,Over Votes,0
Utah,25PR36,Utah County Commission Seat B,,REP,Under Votes,0
Utah,25PR37,Ballots Cast,,,,25
Utah,25PR37,Ballots Cast,,REP,,25
Utah,25PR37,Ballots Cast Blank,,,,0
Utah,25PR37,Registered Voters,,,,267
Utah,25PR37,Registered Voters,,REP,,267
Utah,25PR37,U.S. House,3,REP,Celeste Maloy,18
Utah,25PR37,U.S. House,3,REP,Over Votes,0
Utah,25PR37,U.S. House,3,REP,Phil Lyman,6
Utah,25PR37,U.S. House,3,REP,Under Votes,1
Utah,25PR37,Utah County Clerk,,REP,Aaron Davidson,9
Utah,25PR37,Utah County Clerk,,REP,Corey K Astill,16
Utah,25PR37,Utah County Clerk,,REP,Over Votes,0
Utah,25PR37,Utah County Clerk,,REP,Under Votes,0
Utah,25PR37,Utah County Commission Seat A,,REP,Brent V. Bowles,9
Utah,25PR37,Utah County Commission Seat A,,REP,Michelle Kaufusi,16
Utah,25PR37,Utah County Commission Seat A,,REP,Over Votes,0
Utah,25PR37,Utah County Commission Seat A,,REP,Under Votes,0
Utah,25PR37,Utah County Commission Seat B,,REP,Carolina Herrin,4
Utah,25PR37,Utah County Commission Seat B,,REP,David M. Spencer,12
Utah,25PR37,Utah County Commission Seat B,,REP,Isaac Paxman,8
Utah,25PR37,Utah County Commission Seat B,,REP,Over Votes,0
Utah,25PR37,Utah County Commission Seat B,,REP,Under Votes,1
Utah,25PR38,Ballots Cast,,,,18
Utah,25PR38,Ballots Cast,,REP,,18
Utah,25PR38,Ballots Cast Blank,,,,0
Utah,25PR38,Registered Voters,,,,179
Utah,25PR38,Registered Voters,,REP,,179
Utah,25PR38,U.S. House,3,REP,Celeste Maloy,14
Utah,25PR38,U.S. House,3,REP,Over Votes,0
Utah,25PR38,U.S. House,3,REP,Phil Lyman,4
Utah,25PR38,U.S. House,3,REP,Under Votes,0
Utah,25PR38,Utah County Clerk,,REP,Aaron Davidson,10
Utah,25PR38,Utah County Clerk,,REP,Corey K Astill,7
Utah,25PR38,Utah County Clerk,,REP,Over Votes,0
Utah,25PR38,Utah County Clerk,,REP,Under Votes,1
Utah,25PR38,Utah County Commission Seat A,,REP,Brent V. Bowles,7
Utah,25PR38,Utah County Commission Seat A,,REP,Michelle Kaufusi,10
Utah,25PR38,Utah County Commission Seat A,,REP,Over Votes,0
Utah,25PR38,Utah County Commission Seat A,,REP,Under Votes,1
Utah,25PR38,Utah County Commission Seat B,,REP,Carolina Herrin,5
Utah,25PR38,Utah County Commission Seat B,,REP,David M. Spencer,6
Utah,25PR38,Utah County Commission Seat B,,REP,Isaac Paxman,6
Utah,25PR38,Utah County Commission Seat B,,REP,Over Votes,0
Utah,25PR38,Utah County Commission Seat B,,REP,Under Votes,1
Utah,25PR39,Ballots Cast,,,,101
Utah,25PR39,Ballots Cast,,REP,,101
Utah,25PR39,Ballots Cast Blank,,,,0
Utah,25PR39,Registered Voters,,,,416
Utah,25PR39,Registered Voters,,REP,,416
Utah,25PR39,U.S. House,3,REP,Celeste Maloy,69
Utah,25PR39,U.S. House,3,REP,Over Votes,0
Utah,25PR39,U.S. House,3,REP,Phil Lyman,30
Utah,25PR39,U.S. House,3,REP,Under Votes,2
Utah,25PR39,Utah County Clerk,,REP,Aaron Davidson,41
Utah,25PR39,Utah County Clerk,,REP,Corey K Astill,57
Utah,25PR39,Utah County Clerk,,REP,Over Votes,0
Utah,25PR39,Utah County Clerk,,REP,Under Votes,3
Utah,25PR39,Utah County Commission Seat A,,REP,Brent V. Bowles,49
Utah,25PR39,Utah County Commission Seat A,,REP,Michelle Kaufusi,52
Utah,25PR39,Utah County Commission Seat A,,REP,Over Votes,0
Utah,25PR39,Utah County Commission Seat A,,REP,Under Votes,0
Utah,25PR39,Utah County Commission Seat B,,REP,Carolina Herrin,23
Utah,25PR39,Utah County Commission Seat B,,REP,David M. Spencer,42
Utah,25PR39,Utah County Commission Seat B,,REP,Isaac Paxman,35
Utah,25PR39,Utah County Commission Seat B,,REP,Over Votes,0
Utah,25PR39,Utah County Commission Seat B,,REP,Under Votes,1
Utah,25PR40,Ballots Cast,,,,163
Utah,25PR40,Ballots Cast,,REP,,163
Utah,25PR40,Ballots Cast Blank,,,,0
Utah,25PR40,Registered Voters,,,,479
Utah,25PR40,Registered Voters,,REP,,479
Utah,25PR40,U.S. House,3,REP,Celeste Maloy,104
Utah,25PR40,U.S. House,3,REP,Over Votes,0
Utah,25PR40,U.S. House,3,REP,Phil Lyman,58
Utah,25PR40,U.S. House,3,REP,Under Votes,1
Utah,25PR40,Utah County Clerk,,REP,Aaron Davidson,80
Utah,25PR40,Utah County Clerk,,REP,Corey K Astill,76
Utah,25PR40,Utah County Clerk,,REP,Over Votes,0
Utah,25PR40,Utah County Clerk,,REP,Under Votes,7
Utah,25PR40,Utah County Commission Seat A,,REP,Brent V. Bowles,101
Utah,25PR40,Utah County Commission Seat A,,REP,Michelle Kaufusi,60
Utah,25PR40,Utah County Commission Seat A,,REP,Over Votes,0
Utah,25PR40,Utah County Commission Seat A,,REP,Under Votes,2
Utah,25PR40,Utah County Commission Seat B,,REP,Carolina Herrin,42
Utah,25PR40,Utah County Commission Seat B,,REP,David M. Spencer,69
Utah,25PR40,Utah County Commission Seat B,,REP,Isaac Paxman,46
Utah,25PR40,Utah County Commission Seat B,,REP,Over Votes,0
Utah,25PR40,Utah County Commission Seat B,,REP,Under Votes,6
Utah,25PR41,Ballots Cast,,,,56
Utah,25PR41,Ballots Cast,,REP,,56
Utah,25PR41,Ballots Cast Blank,,,,0
Utah,25PR41,Registered Voters,,,,282
Utah,25PR41,Registered Voters,,REP,,282
Utah,25PR41,U.S. House,3,REP,Celeste Maloy,37
Utah,25PR41,U.S. House,3,REP,Over Votes,0
Utah,25PR41,U.S. House,3,REP,Phil Lyman,19
Utah,25PR41,U.S. House,3,REP,Under Votes,0
Utah,25PR41,Utah County Clerk,,REP,Aaron Davidson,18
Utah,25PR41,Utah County Clerk,,REP,Corey K Astill,34
Utah,25PR41,Utah County Clerk,,REP,Over Votes,0
Utah,25PR41,Utah County Clerk,,REP,Under Votes,4
Utah,25PR41,Utah County Commission Seat A,,REP,Brent V. Bowles,23
Utah,25PR41,Utah County Commission Seat A,,REP,Michelle Kaufusi,30
Utah,25PR41,Utah County Commission Seat A,,REP,Over Votes,0
Utah,25PR41,Utah County Commission Seat A,,REP,Under Votes,3
Utah,25PR41,Utah County Commission Seat B,,REP,Carolina Herrin,6
Utah,25PR41,Utah County Commission Seat B,,REP,David M. Spencer,22
Utah,25PR41,Utah County Commission Seat B,,REP,Isaac Paxman,25
Utah,25PR41,Utah County Commission Seat B,,REP,Over Votes,0
Utah,25PR41,Utah County Commission Seat B,,REP,Under Votes,3
Utah,25PR42,Ballots Cast,,,,65
Utah,25PR42,Ballots Cast,,REP,,65
Utah,25PR42,Ballots Cast Blank,,,,1
Utah,25PR42,Registered Voters,,,,224
Utah,25PR42,Registered Voters,,REP,,224
Utah,25PR42,U.S. House,3,REP,Celeste Maloy,36
Utah,25PR42,U.S. House,3,REP,Over Votes,0
Utah,25PR42,U.S. House,3,REP,Phil Lyman,25
Utah,25PR42,U.S. House,3,REP,Under Votes,4
Utah,25PR42,Utah County Clerk,,REP,Aaron Davidson,19
Utah,25PR42,Utah County Clerk,,REP,Corey K Astill,42
Utah,25PR42,Utah County Clerk,,REP,Over Votes,0
Utah,25PR42,Utah County Clerk,,REP,Under Votes,4
Utah,25PR42,Utah County Commission Seat A,,REP,Brent V. Bowles,30
Utah,25PR42,Utah County Commission Seat A,,REP,Michelle Kaufusi,32
Utah,25PR42,Utah County Commission Seat A,,REP,Over Votes,0
Utah,25PR42,Utah County Commission Seat A,,REP,Under Votes,3
Utah,25PR42,Utah County Commission Seat B,,REP,Carolina Herrin,16
Utah,25PR42,Utah County Commission Seat B,,REP,David M. Spencer,22
Utah,25PR42,Utah County Commission Seat B,,REP,Isaac Paxman,23
Utah,25PR42,Utah County Commission Seat B,,REP,Over Votes,0
Utah,25PR42,Utah County Commission Seat B,,REP,Under Votes,4
Utah,25PR43,Ballots Cast,,,,41
Utah,25PR43,Ballots Cast,,REP,,41
Utah,25PR43,Ballots Cast Blank,,,,0
Utah,25PR43,Registered Voters,,,,224
Utah,25PR43,Registered Voters,,REP,,224
Utah,25PR43,U.S. House,3,REP,Celeste Maloy,22
Utah,25PR43,U.S. House,3,REP,Over Votes,0
Utah,25PR43,U.S. House,3,REP,Phil Lyman,17
Utah,25PR43,U.S. House,3,REP,Under Votes,2
Utah,25PR43,Utah County Clerk,,REP,Aaron Davidson,12
Utah,25PR43,Utah County Clerk,,REP,Corey K Astill,29
Utah,25PR43,Utah County Clerk,,REP,Over Votes,0
Utah,25PR43,Utah County Clerk,,REP,Under Votes,0
Utah,25PR43,Utah County Commission Seat A,,REP,Brent V. Bowles,12
Utah,25PR43,Utah County Commission Seat A,,REP,Michelle Kaufusi,29
Utah,25PR43,Utah County Commission Seat A,,REP,Over Votes,0
Utah,25PR43,Utah County Commission Seat A,,REP,Under Votes,0
Utah,25PR43,Utah County Commission Seat B,,REP,Carolina Herrin,14
Utah,25PR43,Utah County Commission Seat B,,REP,David M. Spencer,11
Utah,25PR43,Utah County Commission Seat B,,REP,Isaac Paxman,16
Utah,25PR43,Utah County Commission Seat B,,REP,Over Votes,0
Utah,25PR43,Utah County Commission Seat B,,REP,Under Votes,0
Utah,25PR44,Ballots Cast,,,,28
Utah,25PR44,Ballots Cast,,REP,,28
Utah,25PR44,Ballots Cast Blank,,,,0
Utah,25PR44,Registered Voters,,,,125
Utah,25PR44,Registered Voters,,REP,,125
Utah,25PR44,U.S. House,3,REP,Celeste Maloy,23
Utah,25PR44,U.S. House,3,REP,Over Votes,0
Utah,25PR44,U.S. House,3,REP,Phil Lyman,5
Utah,25PR44,U.S. House,3,REP,Under Votes,0
Utah,25PR44,Utah County Clerk,,REP,Aaron Davidson,11
Utah,25PR44,Utah County Clerk,,REP,Corey K Astill,15
Utah,25PR44,Utah County Clerk,,REP,Over Votes,0
Utah,25PR44,Utah County Clerk,,REP,Under Votes,2
Utah,25PR44,Utah County Commission Seat A,,REP,Brent V. Bowles,3
Utah,25PR44,Utah County Commission Seat A,,REP,Michelle Kaufusi,24
Utah,25PR44,Utah County Commission Seat A,,REP,Over Votes,0
Utah,25PR44,Utah County Commission Seat A,,REP,Under Votes,1
Utah,25PR44,Utah County Commission Seat B,,REP,Carolina Herrin,5
Utah,25PR44,Utah County Commission Seat B,,REP,David M. Spencer,4
Utah,25PR44,Utah County Commission Seat B,,REP,Isaac Paxman,17
Utah,25PR44,Utah County Commission Seat B,,REP,Over Votes,0
Utah,25PR44,Utah County Commission Seat B,,REP,Under Votes,2
Utah,25PR45,Ballots Cast,,,,48
Utah,25PR45,Ballots Cast,,REP,,48
Utah,25PR45,Ballots Cast Blank,,,,0
Utah,25PR45,Registered Voters,,,,331
Utah,25PR45,Registered Voters,,REP,,331
Utah,25PR45,U.S. House,3,REP,Celeste Maloy,27
Utah,25PR45,U.S. House,3,REP,Over Votes,0
Utah,25PR45,U.S. House,3,REP,Phil Lyman,16
Utah,25PR45,U.S. House,3,REP,Under Votes,5
Utah,25PR45,Utah County Clerk,,REP,Aaron Davidson,12
Utah,25PR45,Utah County Clerk,,REP,Corey K Astill,36
Utah,25PR45,Utah County Clerk,,REP,Over Votes,0
Utah,25PR45,Utah County Clerk,,REP,Under Votes,0
Utah,25PR45,Utah County Commission Seat A,,REP,Brent V. Bowles,14
Utah,25PR45,Utah County Commission Seat A,,REP,Michelle Kaufusi,34
Utah,25PR45,Utah County Commission Seat A,,REP,Over Votes,0
Utah,25PR45,Utah County Commission Seat A,,REP,Under Votes,0
Utah,25PR45,Utah County Commission Seat B,,REP,Carolina Herrin,12
Utah,25PR45,Utah County Commission Seat B,,REP,David M. Spencer,16
Utah,25PR45,Utah County Commission Seat B,,REP,Isaac Paxman,20
Utah,25PR45,Utah County Commission Seat B,,REP,Over Votes,0
Utah,25PR45,Utah County Commission Seat B,,REP,Under Votes,0
Utah,25PR46,Ballots Cast,,,,76
Utah,25PR46,Ballots Cast,,REP,,76
Utah,25PR46,Ballots Cast Blank,,,,0
Utah,25PR46,Registered Voters,,,,302
Utah,25PR46,Registered Voters,,REP,,302
Utah,25PR46,U.S. House,3,REP,Celeste Maloy,53
Utah,25PR46,U.S. House,3,REP,Over Votes,0
Utah,25PR46,U.S. House,3,REP,Phil Lyman,23
Utah,25PR46,U.S. House,3,REP,Under Votes,0
Utah,25PR46,Utah County Clerk,,REP,Aaron Davidson,28
Utah,25PR46,Utah County Clerk,,REP,Corey K Astill,46
Utah,25PR46,Utah County Clerk,,REP,Over Votes,0
Utah,25PR46,Utah County Clerk,,REP,Under Votes,2
Utah,25PR46,Utah County Commission Seat A,,REP,Brent V. Bowles,37
Utah,25PR46,Utah County Commission Seat A,,REP,Michelle Kaufusi,38
Utah,25PR46,Utah County Commission Seat A,,REP,Over Votes,0
Utah,25PR46,Utah County Commission Seat A,,REP,Under Votes,1
Utah,25PR46,Utah County Commission Seat B,,REP,Carolina Herrin,11
Utah,25PR46,Utah County Commission Seat B,,REP,David M. Spencer,33
Utah,25PR46,Utah County Commission Seat B,,REP,Isaac Paxman,31
Utah,25PR46,Utah County Commission Seat B,,REP,Over Votes,0
Utah,25PR46,Utah County Commission Seat B,,REP,Under Votes,1
Utah,25PR47,Ballots Cast,,,,29
Utah,25PR47,Ballots Cast,,REP,,29
Utah,25PR47,Ballots Cast Blank,,,,0
Utah,25PR47,Registered Voters,,,,343
Utah,25PR47,Registered Voters,,REP,,343
Utah,25PR47,U.S. House,3,REP,Celeste Maloy,20
Utah,25PR47,U.S. House,3,REP,Over Votes,0
Utah,25PR47,U.S. House,3,REP,Phil Lyman,9
Utah,25PR47,U.S. House,3,REP,Under Votes,0
Utah,25PR47,Utah County Clerk,,REP,Aaron Davidson,8
Utah,25PR47,Utah County Clerk,,REP,Corey K Astill,21
Utah,25PR47,Utah County Clerk,,REP,Over Votes,0
Utah,25PR47,Utah County Clerk,,REP,Under Votes,0
Utah,25PR47,Utah County Commission Seat A,,REP,Brent V. Bowles,15
Utah,25PR47,Utah County Commission Seat A,,REP,Michelle Kaufusi,14
Utah,25PR47,Utah County Commission Seat A,,REP,Over Votes,0
Utah,25PR47,Utah County Commission Seat A,,REP,Under Votes,0
Utah,25PR47,Utah County Commission Seat B,,REP,Carolina Herrin,8
Utah,25PR47,Utah County Commission Seat B,,REP,David M. Spencer,9
Utah,25PR47,Utah County Commission Seat B,,REP,Isaac Paxman,12
Utah,25PR47,Utah County Commission Seat B,,REP,Over Votes,0
Utah,25PR47,Utah County Commission Seat B,,REP,Under Votes,0
Utah,25PR48,Ballots Cast,,,,44
Utah,25PR48,Ballots Cast,,REP,,44
Utah,25PR48,Ballots Cast Blank,,,,0
Utah,25PR48,Registered Voters,,,,279
Utah,25PR48,Registered Voters,,REP,,279
Utah,25PR48,U.S. House,3,REP,Celeste Maloy,29
Utah,25PR48,U.S. House,3,REP,Over Votes,0
Utah,25PR48,U.S. House,3,REP,Phil Lyman,15
Utah,25PR48,U.S. House,3,REP,Under Votes,0
Utah,25PR48,Utah County Clerk,,REP,Aaron Davidson,21
Utah,25PR48,Utah County Clerk,,REP,Corey K Astill,20
Utah,25PR48,Utah County Clerk,,REP,Over Votes,0
Utah,25PR48,Utah County Clerk,,REP,Under Votes,3
Utah,25PR48,Utah County Commission Seat A,,REP,Brent V. Bowles,14
Utah,25PR48,Utah County Commission Seat A,,REP,Michelle Kaufusi,28
Utah,25PR48,Utah County Commission Seat A,,REP,Over Votes,0
Utah,25PR48,Utah County Commission Seat A,,REP,Under Votes,2
Utah,25PR48,Utah County Commission Seat B,,REP,Carolina Herrin,9
Utah,25PR48,Utah County Commission Seat B,,REP,David M. Spencer,17
Utah,25PR48,Utah County Commission Seat B,,REP,Isaac Paxman,16
Utah,25PR48,Utah County Commission Seat B,,REP,Over Votes,0
Utah,25PR48,Utah County Commission Seat B,,REP,Under Votes,2
Utah,25PR49,Ballots Cast,,,,101
Utah,25PR49,Ballots Cast,,REP,,101
Utah,25PR49,Ballots Cast Blank,,,,0
Utah,25PR49,Registered Voters,,,,339
Utah,25PR49,Registered Voters,,REP,,339
Utah,25PR49,U.S. House,3,REP,Celeste Maloy,86
Utah,25PR49,U.S. House,3,REP,Over Votes,0
Utah,25PR49,U.S. House,3,REP,Phil Lyman,12
Utah,25PR49,U.S. House,3,REP,Under Votes,3
Utah,25PR49,Utah County Clerk,,REP,Aaron Davidson,39
Utah,25PR49,Utah County Clerk,,REP,Corey K Astill,61
Utah,25PR49,Utah County Clerk,,REP,Over Votes,0
Utah,25PR49,Utah County Clerk,,REP,Under Votes,1
Utah,25PR49,Utah County Commission Seat A,,REP,Brent V. Bowles,34
Utah,25PR49,Utah County Commission Seat A,,REP,Michelle Kaufusi,65
Utah,25PR49,Utah County Commission Seat A,,REP,Over Votes,0
Utah,25PR49,Utah County Commission Seat A,,REP,Under Votes,2
Utah,25PR49,Utah County Commission Seat B,,REP,Carolina Herrin,24
Utah,25PR49,Utah County Commission Seat B,,REP,David M. Spencer,20
Utah,25PR49,Utah County Commission Seat B,,REP,Isaac Paxman,54
Utah,25PR49,Utah County Commission Seat B,,REP,Over Votes,0
Utah,25PR49,Utah County Commission Seat B,,REP,Under Votes,3
Utah,25PR50,Ballots Cast,,,,72
Utah,25PR50,Ballots Cast,,REP,,72
Utah,25PR50,Ballots Cast Blank,,,,0
Utah,25PR50,Registered Voters,,,,211
Utah,25PR50,Registered Voters,,REP,,211
Utah,25PR50,U.S. House,3,REP,Celeste Maloy,43
Utah,25PR50,U.S. House,3,REP,Over Votes,0
Utah,25PR50,U.S. House,3,REP,Phil Lyman,25
Utah,25PR50,U.S. House,3,REP,Under Votes,4
Utah,25PR50,Utah County Clerk,,REP,Aaron Davidson,27
Utah,25PR50,Utah County Clerk,,REP,Corey K Astill,43
Utah,25PR50,Utah County Clerk,,REP,Over Votes,0
Utah,25PR50,Utah County Clerk,,REP,Under Votes,2
Utah,25PR50,Utah County Commission Seat A,,REP,Brent V. Bowles,23
Utah,25PR50,Utah County Commission Seat A,,REP,Michelle Kaufusi,49
Utah,25PR50,Utah County Commission Seat A,,REP,Over Votes,0
Utah,25PR50,Utah County Commission Seat A,,REP,Under Votes,0
Utah,25PR50,Utah County Commission Seat B,,REP,Carolina Herrin,8
Utah,25PR50,Utah County Commission Seat B,,REP,David M. Spencer,31
Utah,25PR50,Utah County Commission Seat B,,REP,Isaac Paxman,31
Utah,25PR50,Utah County Commission Seat B,,REP,Over Votes,0
Utah,25PR50,Utah County Commission Seat B,,REP,Under Votes,2
Utah,25PR51,Ballots Cast,,,,31
Utah,25PR51,Ballots Cast,,REP,,31
Utah,25PR51,Ballots Cast Blank,,,,0
Utah,25PR51,Registered Voters,,,,177
Utah,25PR51,Registered Voters,,REP,,177
Utah,25PR51,U.S. House,3,REP,Celeste Maloy,17
Utah,25PR51,U.S. House,3,REP,Over Votes,0
Utah,25PR51,U.S. House,3,REP,Phil Lyman,13
Utah,25PR51,U.S. House,3,REP,Under Votes,1
Utah,25PR51,Utah County Clerk,,REP,Aaron Davidson,16
Utah,25PR51,Utah County Clerk,,REP,Corey K Astill,15
Utah,25PR51,Utah County Clerk,,REP,Over Votes,0
Utah,25PR51,Utah County Clerk,,REP,Under Votes,0
Utah,25PR51,Utah County Commission Seat A,,REP,Brent V. Bowles,9
Utah,25PR51,Utah County Commission Seat A,,REP,Michelle Kaufusi,22
Utah,25PR51,Utah County Commission Seat A,,REP,Over Votes,0
Utah,25PR51,Utah County Commission Seat A,,REP,Under Votes,0
Utah,25PR51,Utah County Commission Seat B,,REP,Carolina Herrin,8
Utah,25PR51,Utah County Commission Seat B,,REP,David M. Spencer,8
Utah,25PR51,Utah County Commission Seat B,,REP,Isaac Paxman,15
Utah,25PR51,Utah County Commission Seat B,,REP,Over Votes,0
Utah,25PR51,Utah County Commission Seat B,,REP,Under Votes,0
Utah,25PR52,Ballots Cast,,,,21
Utah,25PR52,Ballots Cast,,REP,,21
Utah,25PR52,Ballots Cast Blank,,,,0
Utah,25PR52,Registered Voters,,,,96
Utah,25PR52,Registered Voters,,REP,,96
Utah,25PR52,U.S. House,3,REP,Celeste Maloy,13
Utah,25PR52,U.S. House,3,REP,Over Votes,0
Utah,25PR52,U.S. House,3,REP,Phil Lyman,8
Utah,25PR52,U.S. House,3,REP,Under Votes,0
Utah,25PR52,Utah County Clerk,,REP,Aaron Davidson,13
Utah,25PR52,Utah County Clerk,,REP,Corey K Astill,8
Utah,25PR52,Utah County Clerk,,REP,Over Votes,0
Utah,25PR52,Utah County Clerk,,REP,Under Votes,0
Utah,25PR52,Utah County Commission Seat A,,REP,Brent V. Bowles,6
Utah,25PR52,Utah County Commission Seat A,,REP,Michelle Kaufusi,15
Utah,25PR52,Utah County Commission Seat A,,REP,Over Votes,0
Utah,25PR52,Utah County Commission Seat A,,REP,Under Votes,0
Utah,25PR52,Utah County Commission Seat B,,REP,Carolina Herrin,2
Utah,25PR52,Utah County Commission Seat B,,REP,David M. Spencer,11
Utah,25PR52,Utah County Commission Seat B,,REP,Isaac Paxman,8
Utah,25PR52,Utah County Commission Seat B,,REP,Over Votes,0
Utah,25PR52,Utah County Commission Seat B,,REP,Under Votes,0
Utah,25PR53,Ballots Cast,,,,128
Utah,25PR53,Ballots Cast,,REP,,128
Utah,25PR53,Ballots Cast Blank,,,,0
Utah,25PR53,Registered Voters,,,,426
Utah,25PR53,Registered Voters,,REP,,426
Utah,25PR53,U.S. House,3,REP,Celeste Maloy,77
Utah,25PR53,U.S. House,3,REP,Over Votes,0
Utah,25PR53,U.S. House,3,REP,Phil Lyman,44
Utah,25PR53,U.S. House,3,REP,Under Votes,7
Utah,25PR53,Utah County Clerk,,REP,Aaron Davidson,52
Utah,25PR53,Utah County Clerk,,REP,Corey K Astill,70
Utah,25PR53,Utah County Clerk,,REP,Over Votes,0
Utah,25PR53,Utah County Clerk,,REP,Under Votes,6
Utah,25PR53,Utah County Commission Seat A,,REP,Brent V. Bowles,49
Utah,25PR53,Utah County Commission Seat A,,REP,Michelle Kaufusi,77
Utah,25PR53,Utah County Commission Seat A,,REP,Over Votes,1
Utah,25PR53,Utah County Commission Seat A,,REP,Under Votes,1
Utah,25PR53,Utah County Commission Seat B,,REP,Carolina Herrin,27
Utah,25PR53,Utah County Commission Seat B,,REP,David M. Spencer,41
Utah,25PR53,Utah County Commission Seat B,,REP,Isaac Paxman,55
Utah,25PR53,Utah County Commission Seat B,,REP,Over Votes,0
Utah,25PR53,Utah County Commission Seat B,,REP,Under Votes,5
Utah,25PR54,Ballots Cast,,,,79
Utah,25PR54,Ballots Cast,,REP,,79
Utah,25PR54,Ballots Cast Blank,,,,0
Utah,25PR54,Registered Voters,,,,307
Utah,25PR54,Registered Voters,,REP,,307
Utah,25PR54,U.S. House,3,REP,Celeste Maloy,49
Utah,25PR54,U.S. House,3,REP,Over Votes,0
Utah,25PR54,U.S. House,3,REP,Phil Lyman,26
Utah,25PR54,U.S. House,3,REP,Under Votes,4
Utah,25PR54,Utah County Clerk,,REP,Aaron Davidson,34
Utah,25PR54,Utah County Clerk,,REP,Corey K Astill,42
Utah,25PR54,Utah County Clerk,,REP,Over Votes,0
Utah,25PR54,Utah County Clerk,,REP,Under Votes,3
Utah,25PR54,Utah County Commission Seat A,,REP,Brent V. Bowles,40
Utah,25PR54,Utah County Commission Seat A,,REP,Michelle Kaufusi,36
Utah,25PR54,Utah County Commission Seat A,,REP,Over Votes,0
Utah,25PR54,Utah County Commission Seat A,,REP,Under Votes,3
Utah,25PR54,Utah County Commission Seat B,,REP,Carolina Herrin,20
Utah,25PR54,Utah County Commission Seat B,,REP,David M. Spencer,28
Utah,25PR54,Utah County Commission Seat B,,REP,Isaac Paxman,29
Utah,25PR54,Utah County Commission Seat B,,REP,Over Votes,0
Utah,25PR54,Utah County Commission Seat B,,REP,Under Votes,2
Utah,25PR55,Ballots Cast,,,,91
Utah,25PR55,Ballots Cast,,REP,,91
Utah,25PR55,Ballots Cast Blank,,,,0
Utah,25PR55,Registered Voters,,,,320
Utah,25PR55,Registered Voters,,REP,,320
Utah,25PR55,U.S. House,3,REP,Celeste Maloy,61
Utah,25PR55,U.S. House,3,REP,Over Votes,0
Utah,25PR55,U.S. House,3,REP,Phil Lyman,28
Utah,25PR55,U.S. House,3,REP,Under Votes,2
Utah,25PR55,Utah County Clerk,,REP,Aaron Davidson,35
Utah,25PR55,Utah County Clerk,,REP,Corey K Astill,49
Utah,25PR55,Utah County Clerk,,REP,Over Votes,0
Utah,25PR55,Utah County Clerk,,REP,Under Votes,7
Utah,25PR55,Utah County Commission Seat A,,REP,Brent V. Bowles,34
Utah,25PR55,Utah County Commission Seat A,,REP,Michelle Kaufusi,57
Utah,25PR55,Utah County Commission Seat A,,REP,Over Votes,0
Utah,25PR55,Utah County Commission Seat A,,REP,Under Votes,0
Utah,25PR55,Utah County Commission Seat B,,REP,Carolina Herrin,18
Utah,25PR55,Utah County Commission Seat B,,REP,David M. Spencer,37
Utah,25PR55,Utah County Commission Seat B,,REP,Isaac Paxman,30
Utah,25PR55,Utah County Commission Seat B,,REP,Over Votes,0
Utah,25PR55,Utah County Commission Seat B,,REP,Under Votes,6
Utah,25PR56,Ballots Cast,,,,112
Utah,25PR56,Ballots Cast,,REP,,112
Utah,25PR56,Ballots Cast Blank,,,,0
Utah,25PR56,Registered Voters,,,,336
Utah,25PR56,Registered Voters,,REP,,336
Utah,25PR56,U.S. House,3,REP,Celeste Maloy,82
Utah,25PR56,U.S. House,3,REP,Over Votes,0
Utah,25PR56,U.S. House,3,REP,Phil Lyman,28
Utah,25PR56,U.S. House,3,REP,Under Votes,2
Utah,25PR56,Utah County Clerk,,REP,Aaron Davidson,59
Utah,25PR56,Utah County Clerk,,REP,Corey K Astill,51
Utah,25PR56,Utah County Clerk,,REP,Over Votes,0
Utah,25PR56,Utah County Clerk,,REP,Under Votes,2
Utah,25PR56,Utah County Commission Seat A,,REP,Brent V. Bowles,58
Utah,25PR56,Utah County Commission Seat A,,REP,Michelle Kaufusi,54
Utah,25PR56,Utah County Commission Seat A,,REP,Over Votes,0
Utah,25PR56,Utah County Commission Seat A,,REP,Under Votes,0
Utah,25PR56,Utah County Commission Seat B,,REP,Carolina Herrin,40
Utah,25PR56,Utah County Commission Seat B,,REP,David M. Spencer,39
Utah,25PR56,Utah County Commission Seat B,,REP,Isaac Paxman,31
Utah,25PR56,Utah County Commission Seat B,,REP,Over Votes,0
Utah,25PR56,Utah County Commission Seat B,,REP,Under Votes,2
Utah,25PR57,Ballots Cast,,,,115
Utah,25PR57,Ballots Cast,,REP,,115
Utah,25PR57,Ballots Cast Blank,,,,0
Utah,25PR57,Registered Voters,,,,343
Utah,25PR57,Registered Voters,,REP,,343
Utah,25PR57,U.S. House,3,REP,Celeste Maloy,77
Utah,25PR57,U.S. House,3,REP,Over Votes,0
Utah,25PR57,U.S. House,3,REP,Phil Lyman,33
Utah,25PR57,U.S. House,3,REP,Under Votes,5
Utah,25PR57,Utah County Clerk,,REP,Aaron Davidson,48
Utah,25PR57,Utah County Clerk,,REP,Corey K Astill,65
Utah,25PR57,Utah County Clerk,,REP,Over Votes,0
Utah,25PR57,Utah County Clerk,,REP,Under Votes,2
Utah,25PR57,Utah County Commission Seat A,,REP,Brent V. Bowles,67
Utah,25PR57,Utah County Commission Seat A,,REP,Michelle Kaufusi,46
Utah,25PR57,Utah County Commission Seat A,,REP,Over Votes,0
Utah,25PR57,Utah County Commission Seat A,,REP,Under Votes,2
Utah,25PR57,Utah County Commission Seat B,,REP,Carolina Herrin,35
Utah,25PR57,Utah County Commission Seat B,,REP,David M. Spencer,43
Utah,25PR57,Utah County Commission Seat B,,REP,Isaac Paxman,36
Utah,25PR57,Utah County Commission Seat B,,REP,Over Votes,0
Utah,25PR57,Utah County Commission Seat B,,REP,Under Votes,1
Utah,25PR58,Ballots Cast,,,,136
Utah,25PR58,Ballots Cast,,REP,,136
Utah,25PR58,Ballots Cast Blank,,,,0
Utah,25PR58,Registered Voters,,,,445
Utah,25PR58,Registered Voters,,REP,,445
Utah,25PR58,U.S. House,3,REP,Celeste Maloy,86
Utah,25PR58,U.S. House,3,REP,Over Votes,0
Utah,25PR58,U.S. House,3,REP,Phil Lyman,49
Utah,25PR58,U.S. House,3,REP,Under Votes,1
Utah,25PR58,Utah County Clerk,,REP,Aaron Davidson,69
Utah,25PR58,Utah County Clerk,,REP,Corey K Astill,64
Utah,25PR58,Utah County Clerk,,REP,Over Votes,0
Utah,25PR58,Utah County Clerk,,REP,Under Votes,3
Utah,25PR58,Utah County Commission Seat A,,REP,Brent V. Bowles,58
Utah,25PR58,Utah County Commission Seat A,,REP,Michelle Kaufusi,77
Utah,25PR58,Utah County Commission Seat A,,REP,Over Votes,0
Utah,25PR58,Utah County Commission Seat A,,REP,Under Votes,1
Utah,25PR58,Utah County Commission Seat B,,REP,Carolina Herrin,45
Utah,25PR58,Utah County Commission Seat B,,REP,David M. Spencer,50
Utah,25PR58,Utah County Commission Seat B,,REP,Isaac Paxman,38
Utah,25PR58,Utah County Commission Seat B,,REP,Over Votes,0
Utah,25PR58,Utah County Commission Seat B,,REP,Under Votes,3
Utah,25PR59,Ballots Cast,,,,160
Utah,25PR59,Ballots Cast,,REP,,160
Utah,25PR59,Ballots Cast Blank,,,,0
Utah,25PR59,Registered Voters,,,,468
Utah,25PR59,Registered Voters,,REP,,468
Utah,25PR59,U.S. House,3,REP,Celeste Maloy,110
Utah,25PR59,U.S. House,3,REP,Over Votes,0
Utah,25PR59,U.S. House,3,REP,Phil Lyman,49
Utah,25PR59,U.S. House,3,REP,Under Votes,1
Utah,25PR59,Utah County Clerk,,REP,Aaron Davidson,68
Utah,25PR59,Utah County Clerk,,REP,Corey K Astill,86
Utah,25PR59,Utah County Clerk,,REP,Over Votes,0
Utah,25PR59,Utah County Clerk,,REP,Under Votes,6
Utah,25PR59,Utah County Commission Seat A,,REP,Brent V. Bowles,66
Utah,25PR59,Utah County Commission Seat A,,REP,Michelle Kaufusi,94
Utah,25PR59,Utah County Commission Seat A,,REP,Over Votes,0
Utah,25PR59,Utah County Commission Seat A,,REP,Under Votes,0
Utah,25PR59,Utah County Commission Seat B,,REP,Carolina Herrin,77
Utah,25PR59,Utah County Commission Seat B,,REP,David M. Spencer,30
Utah,25PR59,Utah County Commission Seat B,,REP,Isaac Paxman,53
Utah,25PR59,Utah County Commission Seat B,,REP,Over Votes,0
Utah,25PR59,Utah County Commission Seat B,,REP,Under Votes,0
Utah,25PR60,Ballots Cast,,,,92
Utah,25PR60,Ballots Cast,,REP,,92
Utah,25PR60,Ballots Cast Blank,,,,0
Utah,25PR60,Registered Voters,,,,386
Utah,25PR60,Registered Voters,,REP,,386
Utah,25PR60,U.S. House,3,REP,Celeste Maloy,56
Utah,25PR60,U.S. House,3,REP,Over Votes,0
Utah,25PR60,U.S. House,3,REP,Phil Lyman,36
Utah,25PR60,U.S. House,3,REP,Under Votes,0
Utah,25PR60,Utah County Clerk,,REP,Aaron Davidson,55
Utah,25PR60,Utah County Clerk,,REP,Corey K Astill,36
Utah,25PR60,Utah County Clerk,,REP,Over Votes,0
Utah,25PR60,Utah County Clerk,,REP,Under Votes,1
Utah,25PR60,Utah County Commission Seat A,,REP,Brent V. Bowles,45
Utah,25PR60,Utah County Commission Seat A,,REP,Michelle Kaufusi,47
Utah,25PR60,Utah County Commission Seat A,,REP,Over Votes,0
Utah,25PR60,Utah County Commission Seat A,,REP,Under Votes,0
Utah,25PR60,Utah County Commission Seat B,,REP,Carolina Herrin,26
Utah,25PR60,Utah County Commission Seat B,,REP,David M. Spencer,37
Utah,25PR60,Utah County Commission Seat B,,REP,Isaac Paxman,28
Utah,25PR60,Utah County Commission Seat B,,REP,Over Votes,0
Utah,25PR60,Utah County Commission Seat B,,REP,Under Votes,1
Utah,25PR61,Ballots Cast,,,,213
Utah,25PR61,Ballots Cast,,REP,,213
Utah,25PR61,Ballots Cast Blank,,,,0
Utah,25PR61,Registered Voters,,,,551
Utah,25PR61,Registered Voters,,REP,,551
Utah,25PR61,U.S. House,3,REP,Celeste Maloy,141
Utah,25PR61,U.S. House,3,REP,Over Votes,0
Utah,25PR61,U.S. House,3,REP,Phil Lyman,70
Utah,25PR61,U.S. House,3,REP,Under Votes,2
Utah,25PR61,Utah County Clerk,,REP,Aaron Davidson,79
Utah,25PR61,Utah County Clerk,,REP,Corey K Astill,120
Utah,25PR61,Utah County Clerk,,REP,Over Votes,0
Utah,25PR61,Utah County Clerk,,REP,Under Votes,14
Utah,25PR61,Utah County Commission Seat A,,REP,Brent V. Bowles,94
Utah,25PR61,Utah County Commission Seat A,,REP,Michelle Kaufusi,117
Utah,25PR61,Utah County Commission Seat A,,REP,Over Votes,0
Utah,25PR61,Utah County Commission Seat A,,REP,Under Votes,2
Utah,25PR61,Utah County Commission Seat B,,REP,Carolina Herrin,49
Utah,25PR61,Utah County Commission Seat B,,REP,David M. Spencer,73
Utah,25PR61,Utah County Commission Seat B,,REP,Isaac Paxman,81
Utah,25PR61,Utah County Commission Seat B,,REP,Over Votes,0
Utah,25PR61,Utah County Commission Seat B,,REP,Under Votes,10
Utah,25PR62,Ballots Cast,,,,135
Utah,25PR62,Ballots Cast,,REP,,135
Utah,25PR62,Ballots Cast Blank,,,,0
Utah,25PR62,Registered Voters,,,,440
Utah,25PR62,Registered Voters,,REP,,440
Utah,25PR62,U.S. House,3,REP,Celeste Maloy,90
Utah,25PR62,U.S. House,3,REP,Over Votes,0
Utah,25PR62,U.S. House,3,REP,Phil Lyman,39
Utah,25PR62,U.S. House,3,REP,Under Votes,6
Utah,25PR62,Utah County Clerk,,REP,Aaron Davidson,40
Utah,25PR62,Utah County Clerk,,REP,Corey K Astill,89
Utah,25PR62,Utah County Clerk,,REP,Over Votes,0
Utah,25PR62,Utah County Clerk,,REP,Under Votes,6
Utah,25PR62,Utah County Commission Seat A,,REP,Brent V. Bowles,61
Utah,25PR62,Utah County Commission Seat A,,REP,Michelle Kaufusi,71
Utah,25PR62,Utah County Commission Seat A,,REP,Over Votes,0
Utah,25PR62,Utah County Commission Seat A,,REP,Under Votes,3
Utah,25PR62,Utah County Commission Seat B,,REP,Carolina Herrin,35
Utah,25PR62,Utah County Commission Seat B,,REP,David M. Spencer,45
Utah,25PR62,Utah County Commission Seat B,,REP,Isaac Paxman,50
Utah,25PR62,Utah County Commission Seat B,,REP,Over Votes,0
Utah,25PR62,Utah County Commission Seat B,,REP,Under Votes,5
Utah,25PR63,Ballots Cast,,,,158
Utah,25PR63,Ballots Cast,,REP,,158
Utah,25PR63,Ballots Cast Blank,,,,1
Utah,25PR63,Registered Voters,,,,564
Utah,25PR63,Registered Voters,,REP,,564
Utah,25PR63,U.S. House,3,REP,Celeste Maloy,110
Utah,25PR63,U.S. House,3,REP,Over Votes,0
Utah,25PR63,U.S. House,3,REP,Phil Lyman,41
Utah,25PR63,U.S. House,3,REP,Under Votes,7
Utah,25PR63,Utah County Clerk,,REP,Aaron Davidson,60
Utah,25PR63,Utah County Clerk,,REP,Corey K Astill,90
Utah,25PR63,Utah County Clerk,,REP,Over Votes,0
Utah,25PR63,Utah County Clerk,,REP,Under Votes,8
Utah,25PR63,Utah County Commission Seat A,,REP,Brent V. Bowles,83
Utah,25PR63,Utah County Commission Seat A,,REP,Michelle Kaufusi,72
Utah,25PR63,Utah County Commission Seat A,,REP,Over Votes,0
Utah,25PR63,Utah County Commission Seat A,,REP,Under Votes,3
Utah,25PR63,Utah County Commission Seat B,,REP,Carolina Herrin,34
Utah,25PR63,Utah County Commission Seat B,,REP,David M. Spencer,48
Utah,25PR63,Utah County Commission Seat B,,REP,Isaac Paxman,68
Utah,25PR63,Utah County Commission Seat B,,REP,Over Votes,0
Utah,25PR63,Utah County Commission Seat B,,REP,Under Votes,8
Utah,25PR64,Ballots Cast,,,,67
Utah,25PR64,Ballots Cast,,REP,,67
Utah,25PR64,Ballots Cast Blank,,,,0
Utah,25PR64,Registered Voters,,,,397
Utah,25PR64,Registered Voters,,REP,,397
Utah,25PR64,U.S. House,3,REP,Celeste Maloy,37
Utah,25PR64,U.S. House,3,REP,Over Votes,0
Utah,25PR64,U.S. House,3,REP,Phil Lyman,29
Utah,25PR64,U.S. House,3,REP,Under Votes,1
Utah,25PR64,Utah County Clerk,,REP,Aaron Davidson,22
Utah,25PR64,Utah County Clerk,,REP,Corey K Astill,43
Utah,25PR64,Utah County Clerk,,REP,Over Votes,0
Utah,25PR64,Utah County Clerk,,REP,Under Votes,2
Utah,25PR64,Utah County Commission Seat A,,REP,Brent V. Bowles,31
Utah,25PR64,Utah County Commission Seat A,,REP,Michelle Kaufusi,36
Utah,25PR64,Utah County Commission Seat A,,REP,Over Votes,0
Utah,25PR64,Utah County Commission Seat A,,REP,Under Votes,0
Utah,25PR64,Utah County Commission Seat B,,REP,Carolina Herrin,20
Utah,25PR64,Utah County Commission Seat B,,REP,David M. Spencer,32
Utah,25PR64,Utah County Commission Seat B,,REP,Isaac Paxman,13
Utah,25PR64,Utah County Commission Seat B,,REP,Over Votes,0
Utah,25PR64,Utah County Commission Seat B,,REP,Under Votes,2
Utah,25PR65,Ballots Cast,,,,65
Utah,25PR65,Ballots Cast,,REP,,65
Utah,25PR65,Ballots Cast Blank,,,,0
Utah,25PR65,Registered Voters,,,,305
Utah,25PR65,Registered Voters,,REP,,305
Utah,25PR65,U.S. House,3,REP,Celeste Maloy,47
Utah,25PR65,U.S. House,3,REP,Over Votes,0
Utah,25PR65,U.S. House,3,REP,Phil Lyman,18
Utah,25PR65,U.S. House,3,REP,Under Votes,0
Utah,25PR65,Utah County Clerk,,REP,Aaron Davidson,35
Utah,25PR65,Utah County Clerk,,REP,Corey K Astill,29
Utah,25PR65,Utah County Clerk,,REP,Over Votes,0
Utah,25PR65,Utah County Clerk,,REP,Under Votes,1
Utah,25PR65,Utah County Commission Seat A,,REP,Brent V. Bowles,31
Utah,25PR65,Utah County Commission Seat A,,REP,Michelle Kaufusi,34
Utah,25PR65,Utah County Commission Seat A,,REP,Over Votes,0
Utah,25PR65,Utah County Commission Seat A,,REP,Under Votes,0
Utah,25PR65,Utah County Commission Seat B,,REP,Carolina Herrin,17
Utah,25PR65,Utah County Commission Seat B,,REP,David M. Spencer,23
Utah,25PR65,Utah County Commission Seat B,,REP,Isaac Paxman,24
Utah,25PR65,Utah County Commission Seat B,,REP,Over Votes,0
Utah,25PR65,Utah County Commission Seat B,,REP,Under Votes,1
Utah,25PR66,Ballots Cast,,,,0
Utah,25PR66,Ballots Cast,,REP,,0
Utah,25PR66,Ballots Cast Blank,,,,0
Utah,25PR66,Registered Voters,,,,0
Utah,25PR66,Registered Voters,,REP,,0
Utah,25PR66,U.S. House,3,REP,Celeste Maloy,0
Utah,25PR66,U.S. House,3,REP,Over Votes,0
Utah,25PR66,U.S. House,3,REP,Phil Lyman,0
Utah,25PR66,U.S. House,3,REP,Under Votes,0
Utah,25PR66,Utah County Clerk,,REP,Aaron Davidson,0
Utah,25PR66,Utah County Clerk,,REP,Corey K Astill,0
Utah,25PR66,Utah County Clerk,,REP,Over Votes,0
Utah,25PR66,Utah County Clerk,,REP,Under Votes,0
Utah,25PR66,Utah County Commission Seat A,,REP,Brent V. Bowles,0
Utah,25PR66,Utah County Commission Seat A,,REP,Michelle Kaufusi,0
Utah,25PR66,Utah County Commission Seat A,,REP,Over Votes,0
Utah,25PR66,Utah County Commission Seat A,,REP,Under Votes,0
Utah,25PR66,Utah County Commission Seat B,,REP,Carolina Herrin,0
Utah,25PR66,Utah County Commission Seat B,,REP,David M. Spencer,0
Utah,25PR66,Utah County Commission Seat B,,REP,Isaac Paxman,0
Utah,25PR66,Utah County Commission Seat B,,REP,Over Votes,0
Utah,25PR66,Utah County Commission Seat B,,REP,Under Votes,0
Utah,25SA01,Ballots Cast,,,,228
Utah,25SA01,Ballots Cast,,NP,,52
Utah,25SA01,Ballots Cast,,REP,,176
Utah,25SA01,Ballots Cast Blank,,,,0
Utah,25SA01,Nebo School District 4 Nebo,4,,Braden Jensen,23
Utah,25SA01,Nebo School District 4 Nebo,4,,Over Votes,0
Utah,25SA01,Nebo School District 4 Nebo,4,,Perry C. Ewell,46
Utah,25SA01,Nebo School District 4 Nebo,4,,Rick B. Ainge,149
Utah,25SA01,Nebo School District 4 Nebo,4,,Under Votes,10
Utah,25SA01,Registered Voters,,,,1161
Utah,25SA01,Registered Voters,,NP,,450
Utah,25SA01,Registered Voters,,REP,,711
Utah,25SA01,U.S. House,3,REP,Celeste Maloy,106
Utah,25SA01,U.S. House,3,REP,Over Votes,0
Utah,25SA01,U.S. House,3,REP,Phil Lyman,68
Utah,25SA01,U.S. House,3,REP,Under Votes,2
Utah,25SA01,Utah County Clerk,,REP,Aaron Davidson,83
Utah,25SA01,Utah County Clerk,,REP,Corey K Astill,82
Utah,25SA01,Utah County Clerk,,REP,Over Votes,0
Utah,25SA01,Utah County Clerk,,REP,Under Votes,11
Utah,25SA01,Utah County Commission Seat A,,REP,Brent V. Bowles,61
Utah,25SA01,Utah County Commission Seat A,,REP,Michelle Kaufusi,108
Utah,25SA01,Utah County Commission Seat A,,REP,Over Votes,0
Utah,25SA01,Utah County Commission Seat A,,REP,Under Votes,7
Utah,25SA01,Utah County Commission Seat B,,REP,Carolina Herrin,47
Utah,25SA01,Utah County Commission Seat B,,REP,David M. Spencer,71
Utah,25SA01,Utah County Commission Seat B,,REP,Isaac Paxman,49
Utah,25SA01,Utah County Commission Seat B,,REP,Over Votes,0
Utah,25SA01,Utah County Commission Seat B,,REP,Under Votes,9
Utah,25SA02,Ballots Cast,,,,254
Utah,25SA02,Ballots Cast,,NP,,45
Utah,25SA02,Ballots Cast,,REP,,209
Utah,25SA02,Ballots Cast Blank,,,,0
Utah,25SA02,Nebo School District 4 Nebo,4,,Braden Jensen,37
Utah,25SA02,Nebo School District 4 Nebo,4,,Over Votes,0
Utah,25SA02,Nebo School District 4 Nebo,4,,Perry C. Ewell,76
Utah,25SA02,Nebo School District 4 Nebo,4,,Rick B. Ainge,128
Utah,25SA02,Nebo School District 4 Nebo,4,,Under Votes,13
Utah,25SA02,Registered Voters,,,,1281
Utah,25SA02,Registered Voters,,NP,,405
Utah,25SA02,Registered Voters,,REP,,876
Utah,25SA02,U.S. House,3,REP,Celeste Maloy,121
Utah,25SA02,U.S. House,3,REP,Over Votes,0
Utah,25SA02,U.S. House,3,REP,Phil Lyman,85
Utah,25SA02,U.S. House,3,REP,Under Votes,3
Utah,25SA02,Utah County Clerk,,REP,Aaron Davidson,101
Utah,25SA02,Utah County Clerk,,REP,Corey K Astill,99
Utah,25SA02,Utah County Clerk,,REP,Over Votes,0
Utah,25SA02,Utah County Clerk,,REP,Under Votes,9
Utah,25SA02,Utah County Commission Seat A,,REP,Brent V. Bowles,89
Utah,25SA02,Utah County Commission Seat A,,REP,Michelle Kaufusi,116
Utah,25SA02,Utah County Commission Seat A,,REP,Over Votes,0
Utah,25SA02,Utah County Commission Seat A,,REP,Under Votes,4
Utah,25SA02,Utah County Commission Seat B,,REP,Carolina Herrin,57
Utah,25SA02,Utah County Commission Seat B,,REP,David M. Spencer,82
Utah,25SA02,Utah County Commission Seat B,,REP,Isaac Paxman,61
Utah,25SA02,Utah County Commission Seat B,,REP,Over Votes,0
Utah,25SA02,Utah County Commission Seat B,,REP,Under Votes,9
Utah,25SA03,Ballots Cast,,,,0
Utah,25SA03,Ballots Cast,,REP,,0
Utah,25SA03,Ballots Cast Blank,,,,0
Utah,25SA03,Board Of Education District 14 (Multi-County),14,REP,Linda Hanks,0
Utah,25SA03,Board Of Education District 14 (Multi-County),14,REP,Nichole Beecher Isom,0
Utah,25SA03,Board Of Education District 14 (Multi-County),14,REP,Over Votes,0
Utah,25SA03,Board Of Education District 14 (Multi-County),14,REP,Under Votes,0
Utah,25SA03,Registered Voters,,,,0
Utah,25SA03,Registered Voters,,REP,,0
Utah,25SA03,U.S. House,3,REP,Celeste Maloy,0
Utah,25SA03,U.S. House,3,REP,Over Votes,0
Utah,25SA03,U.S. House,3,REP,Phil Lyman,0
Utah,25SA03,U.S. House,3,REP,Under Votes,0
Utah,25SA03,Utah County Clerk,,REP,Aaron Davidson,0
Utah,25SA03,Utah County Clerk,,REP,Corey K Astill,0
Utah,25SA03,Utah County Clerk,,REP,Over Votes,0
Utah,25SA03,Utah County Clerk,,REP,Under Votes,0
Utah,25SA03,Utah County Commission Seat A,,REP,Brent V. Bowles,0
Utah,25SA03,Utah County Commission Seat A,,REP,Michelle Kaufusi,0
Utah,25SA03,Utah County Commission Seat A,,REP,Over Votes,0
Utah,25SA03,Utah County Commission Seat A,,REP,Under Votes,0
Utah,25SA03,Utah County Commission Seat B,,REP,Carolina Herrin,0
Utah,25SA03,Utah County Commission Seat B,,REP,David M. Spencer,0
Utah,25SA03,Utah County Commission Seat B,,REP,Isaac Paxman,0
Utah,25SA03,Utah County Commission Seat B,,REP,Over Votes,0
Utah,25SA03,Utah County Commission Seat B,,REP,Under Votes,0
Utah,25SA04,Ballots Cast,,,,301
Utah,25SA04,Ballots Cast,,NP,,53
Utah,25SA04,Ballots Cast,,REP,,248
Utah,25SA04,Ballots Cast Blank,,,,0
Utah,25SA04,Nebo School District 4 Nebo,4,,Braden Jensen,61
Utah,25SA04,Nebo School District 4 Nebo,4,,Over Votes,0
Utah,25SA04,Nebo School District 4 Nebo,4,,Perry C. Ewell,69
Utah,25SA04,Nebo School District 4 Nebo,4,,Rick B. Ainge,163
Utah,25SA04,Nebo School District 4 Nebo,4,,Under Votes,8
Utah,25SA04,Registered Voters,,,,989
Utah,25SA04,Registered Voters,,NP,,330
Utah,25SA04,Registered Voters,,REP,,659
Utah,25SA04,U.S. House,3,REP,Celeste Maloy,187
Utah,25SA04,U.S. House,3,REP,Over Votes,0
Utah,25SA04,U.S. House,3,REP,Phil Lyman,55
Utah,25SA04,U.S. House,3,REP,Under Votes,6
Utah,25SA04,Utah County Clerk,,REP,Aaron Davidson,119
Utah,25SA04,Utah County Clerk,,REP,Corey K Astill,112
Utah,25SA04,Utah County Clerk,,REP,Over Votes,0
Utah,25SA04,Utah County Clerk,,REP,Under Votes,17
Utah,25SA04,Utah County Commission Seat A,,REP,Brent V. Bowles,105
Utah,25SA04,Utah County Commission Seat A,,REP,Michelle Kaufusi,138
Utah,25SA04,Utah County Commission Seat A,,REP,Over Votes,0
Utah,25SA04,Utah County Commission Seat A,,REP,Under Votes,5
Utah,25SA04,Utah County Commission Seat B,,REP,Carolina Herrin,82
Utah,25SA04,Utah County Commission Seat B,,REP,David M. Spencer,95
Utah,25SA04,Utah County Commission Seat B,,REP,Isaac Paxman,59
Utah,25SA04,Utah County Commission Seat B,,REP,Over Votes,0
Utah,25SA04,Utah County Commission Seat B,,REP,Under Votes,12
Utah,25SA05,Ballots Cast,,,,252
Utah,25SA05,Ballots Cast,,NP,,41
Utah,25SA05,Ballots Cast,,REP,,211
Utah,25SA05,Ballots Cast Blank,,,,0
Utah,25SA05,Nebo School District 4 Nebo,4,,Braden Jensen,40
Utah,25SA05,Nebo School District 4 Nebo,4,,Over Votes,0
Utah,25SA05,Nebo School District 4 Nebo,4,,Perry C. Ewell,70
Utah,25SA05,Nebo School District 4 Nebo,4,,Rick B. Ainge,137
Utah,25SA05,Nebo School District 4 Nebo,4,,Under Votes,5
Utah,25SA05,Registered Voters,,,,848
Utah,25SA05,Registered Voters,,NP,,288
Utah,25SA05,Registered Voters,,REP,,560
Utah,25SA05,U.S. House,3,REP,Celeste Maloy,149
Utah,25SA05,U.S. House,3,REP,Over Votes,0
Utah,25SA05,U.S. House,3,REP,Phil Lyman,57
Utah,25SA05,U.S. House,3,REP,Under Votes,5
Utah,25SA05,Utah County Clerk,,REP,Aaron Davidson,90
Utah,25SA05,Utah County Clerk,,REP,Corey K Astill,113
Utah,25SA05,Utah County Clerk,,REP,Over Votes,0
Utah,25SA05,Utah County Clerk,,REP,Under Votes,8
Utah,25SA05,Utah County Commission Seat A,,REP,Brent V. Bowles,91
Utah,25SA05,Utah County Commission Seat A,,REP,Michelle Kaufusi,120
Utah,25SA05,Utah County Commission Seat A,,REP,Over Votes,0
Utah,25SA05,Utah County Commission Seat A,,REP,Under Votes,0
Utah,25SA05,Utah County Commission Seat B,,REP,Carolina Herrin,59
Utah,25SA05,Utah County Commission Seat B,,REP,David M. Spencer,80
Utah,25SA05,Utah County Commission Seat B,,REP,Isaac Paxman,68
Utah,25SA05,Utah County Commission Seat B,,REP,Over Votes,0
Utah,25SA05,Utah County Commission Seat B,,REP,Under Votes,4
Utah,25SA06,Ballots Cast,,,,0
Utah,25SA06,Ballots Cast,,REP,,0
Utah,25SA06,Ballots Cast Blank,,,,0
Utah,25SA06,Registered Voters,,,,0
Utah,25SA06,Registered Voters,,REP,,0
Utah,25SA06,U.S. House,3,REP,Celeste Maloy,0
Utah,25SA06,U.S. House,3,REP,Over Votes,0
Utah,25SA06,U.S. House,3,REP,Phil Lyman,0
Utah,25SA06,U.S. House,3,REP,Under Votes,0
Utah,25SA06,Utah County Clerk,,REP,Aaron Davidson,0
Utah,25SA06,Utah County Clerk,,REP,Corey K Astill,0
Utah,25SA06,Utah County Clerk,,REP,Over Votes,0
Utah,25SA06,Utah County Clerk,,REP,Under Votes,0
Utah,25SA06,Utah County Commission Seat A,,REP,Brent V. Bowles,0
Utah,25SA06,Utah County Commission Seat A,,REP,Michelle Kaufusi,0
Utah,25SA06,Utah County Commission Seat A,,REP,Over Votes,0
Utah,25SA06,Utah County Commission Seat A,,REP,Under Votes,0
Utah,25SA06,Utah County Commission Seat B,,REP,Carolina Herrin,0
Utah,25SA06,Utah County Commission Seat B,,REP,David M. Spencer,0
Utah,25SA06,Utah County Commission Seat B,,REP,Isaac Paxman,0
Utah,25SA06,Utah County Commission Seat B,,REP,Over Votes,0
Utah,25SA06,Utah County Commission Seat B,,REP,Under Votes,0
Utah,25SA07,Ballots Cast,,,,240
Utah,25SA07,Ballots Cast,,NP,,26
Utah,25SA07,Ballots Cast,,REP,,214
Utah,25SA07,Ballots Cast Blank,,,,0
Utah,25SA07,Board Of Education District 14 (Multi-County),14,REP,Linda Hanks,135
Utah,25SA07,Board Of Education District 14 (Multi-County),14,REP,Nichole Beecher Isom,73
Utah,25SA07,Board Of Education District 14 (Multi-County),14,REP,Over Votes,0
Utah,25SA07,Board Of Education District 14 (Multi-County),14,REP,Under Votes,6
Utah,25SA07,Nebo School District 4 Nebo,4,,Braden Jensen,52
Utah,25SA07,Nebo School District 4 Nebo,4,,Over Votes,1
Utah,25SA07,Nebo School District 4 Nebo,4,,Perry C. Ewell,78
Utah,25SA07,Nebo School District 4 Nebo,4,,Rick B. Ainge,103
Utah,25SA07,Nebo School District 4 Nebo,4,,Under Votes,6
Utah,25SA07,Registered Voters,,,,1127
Utah,25SA07,Registered Voters,,NP,,282
Utah,25SA07,Registered Voters,,REP,,845
Utah,25SA07,U.S. House,3,REP,Celeste Maloy,121
Utah,25SA07,U.S. House,3,REP,Over Votes,0
Utah,25SA07,U.S. House,3,REP,Phil Lyman,92
Utah,25SA07,U.S. House,3,REP,Under Votes,1
Utah,25SA07,Utah County Clerk,,REP,Aaron Davidson,115
Utah,25SA07,Utah County Clerk,,REP,Corey K Astill,92
Utah,25SA07,Utah County Clerk,,REP,Over Votes,0
Utah,25SA07,Utah County Clerk,,REP,Under Votes,7
Utah,25SA07,Utah County Commission Seat A,,REP,Brent V. Bowles,106
Utah,25SA07,Utah County Commission Seat A,,REP,Michelle Kaufusi,104
Utah,25SA07,Utah County Commission Seat A,,REP,Over Votes,0
Utah,25SA07,Utah County Commission Seat A,,REP,Under Votes,4
Utah,25SA07,Utah County Commission Seat B,,REP,Carolina Herrin,54
Utah,25SA07,Utah County Commission Seat B,,REP,David M. Spencer,91
Utah,25SA07,Utah County Commission Seat B,,REP,Isaac Paxman,62
Utah,25SA07,Utah County Commission Seat B,,REP,Over Votes,0
Utah,25SA07,Utah County Commission Seat B,,REP,Under Votes,7
Utah,25SA08,Ballots Cast,,,,263
Utah,25SA08,Ballots Cast,,NP,,48
Utah,25SA08,Ballots Cast,,REP,,215
Utah,25SA08,Ballots Cast Blank,,,,0
Utah,25SA08,Board Of Education District 14 (Multi-County),14,REP,Linda Hanks,146
Utah,25SA08,Board Of Education District 14 (Multi-County),14,REP,Nichole Beecher Isom,58
Utah,25SA08,Board Of Education District 14 (Multi-County),14,REP,Over Votes,0
Utah,25SA08,Board Of Education District 14 (Multi-County),14,REP,Under Votes,11
Utah,25SA08,Nebo School District 4 Nebo,4,,Braden Jensen,47
Utah,25SA08,Nebo School District 4 Nebo,4,,Over Votes,0
Utah,25SA08,Nebo School District 4 Nebo,4,,Perry C. Ewell,81
Utah,25SA08,Nebo School District 4 Nebo,4,,Rick B. Ainge,130
Utah,25SA08,Nebo School District 4 Nebo,4,,Under Votes,5
Utah,25SA08,Registered Voters,,,,1046
Utah,25SA08,Registered Voters,,NP,,354
Utah,25SA08,Registered Voters,,REP,,692
Utah,25SA08,U.S. House,3,REP,Celeste Maloy,143
Utah,25SA08,U.S. House,3,REP,Over Votes,0
Utah,25SA08,U.S. House,3,REP,Phil Lyman,70
Utah,25SA08,U.S. House,3,REP,Under Votes,2
Utah,25SA08,Utah County Clerk,,REP,Aaron Davidson,81
Utah,25SA08,Utah County Clerk,,REP,Corey K Astill,124
Utah,25SA08,Utah County Clerk,,REP,Over Votes,0
Utah,25SA08,Utah County Clerk,,REP,Under Votes,10
Utah,25SA08,Utah County Commission Seat A,,REP,Brent V. Bowles,89
Utah,25SA08,Utah County Commission Seat A,,REP,Michelle Kaufusi,123
Utah,25SA08,Utah County Commission Seat A,,REP,Over Votes,0
Utah,25SA08,Utah County Commission Seat A,,REP,Under Votes,3
Utah,25SA08,Utah County Commission Seat B,,REP,Carolina Herrin,74
Utah,25SA08,Utah County Commission Seat B,,REP,David M. Spencer,79
Utah,25SA08,Utah County Commission Seat B,,REP,Isaac Paxman,55
Utah,25SA08,Utah County Commission Seat B,,REP,Over Votes,0
Utah,25SA08,Utah County Commission Seat B,,REP,Under Votes,7
Utah,25SA09,Ballots Cast,,,,252
Utah,25SA09,Ballots Cast,,NP,,51
Utah,25SA09,Ballots Cast,,REP,,201
Utah,25SA09,Ballots Cast Blank,,,,0
Utah,25SA09,Board Of Education District 14 (Multi-County),14,REP,Linda Hanks,125
Utah,25SA09,Board Of Education District 14 (Multi-County),14,REP,Nichole Beecher Isom,56
Utah,25SA09,Board Of Education District 14 (Multi-County),14,REP,Over Votes,0
Utah,25SA09,Board Of Education District 14 (Multi-County),14,REP,Under Votes,20
Utah,25SA09,Nebo School District 4 Nebo,4,,Braden Jensen,42
Utah,25SA09,Nebo School District 4 Nebo,4,,Over Votes,0
Utah,25SA09,Nebo School District 4 Nebo,4,,Perry C. Ewell,83
Utah,25SA09,Nebo School District 4 Nebo,4,,Rick B. Ainge,122
Utah,25SA09,Nebo School District 4 Nebo,4,,Under Votes,5
Utah,25SA09,Registered Voters,,,,1042
Utah,25SA09,Registered Voters,,NP,,311
Utah,25SA09,Registered Voters,,REP,,731
Utah,25SA09,U.S. House,3,REP,Celeste Maloy,117
Utah,25SA09,U.S. House,3,REP,Over Votes,0
Utah,25SA09,U.S. House,3,REP,Phil Lyman,80
Utah,25SA09,U.S. House,3,REP,Under Votes,4
Utah,25SA09,Utah County Clerk,,REP,Aaron Davidson,92
Utah,25SA09,Utah County Clerk,,REP,Corey K Astill,93
Utah,25SA09,Utah County Clerk,,REP,Over Votes,0
Utah,25SA09,Utah County Clerk,,REP,Under Votes,16
Utah,25SA09,Utah County Commission Seat A,,REP,Brent V. Bowles,77
Utah,25SA09,Utah County Commission Seat A,,REP,Michelle Kaufusi,118
Utah,25SA09,Utah County Commission Seat A,,REP,Over Votes,0
Utah,25SA09,Utah County Commission Seat A,,REP,Under Votes,6
Utah,25SA09,Utah County Commission Seat B,,REP,Carolina Herrin,49
Utah,25SA09,Utah County Commission Seat B,,REP,David M. Spencer,76
Utah,25SA09,Utah County Commission Seat B,,REP,Isaac Paxman,63
Utah,25SA09,Utah County Commission Seat B,,REP,Over Votes,0
Utah,25SA09,Utah County Commission Seat B,,REP,Under Votes,13
Utah,25SE01,Ballots Cast,,,,0
Utah,25SE01,Ballots Cast,,REP,,0
Utah,25SE01,Ballots Cast Blank,,,,0
Utah,25SE01,Registered Voters,,,,0
Utah,25SE01,Registered Voters,,REP,,0
Utah,25SE01,U.S. House,3,REP,Celeste Maloy,0
Utah,25SE01,U.S. House,3,REP,Over Votes,0
Utah,25SE01,U.S. House,3,REP,Phil Lyman,0
Utah,25SE01,U.S. House,3,REP,Under Votes,0
Utah,25SE01,Utah County Clerk,,REP,Aaron Davidson,0
Utah,25SE01,Utah County Clerk,,REP,Corey K Astill,0
Utah,25SE01,Utah County Clerk,,REP,Over Votes,0
Utah,25SE01,Utah County Clerk,,REP,Under Votes,0
Utah,25SE01,Utah County Commission Seat A,,REP,Brent V. Bowles,0
Utah,25SE01,Utah County Commission Seat A,,REP,Michelle Kaufusi,0
Utah,25SE01,Utah County Commission Seat A,,REP,Over Votes,0
Utah,25SE01,Utah County Commission Seat A,,REP,Under Votes,0
Utah,25SE01,Utah County Commission Seat B,,REP,Carolina Herrin,0
Utah,25SE01,Utah County Commission Seat B,,REP,David M. Spencer,0
Utah,25SE01,Utah County Commission Seat B,,REP,Isaac Paxman,0
Utah,25SE01,Utah County Commission Seat B,,REP,Over Votes,0
Utah,25SE01,Utah County Commission Seat B,,REP,Under Votes,0
Utah,25SE02,Ballots Cast,,,,20
Utah,25SE02,Ballots Cast,,REP,,20
Utah,25SE02,Ballots Cast Blank,,,,0
Utah,25SE02,Registered Voters,,,,39
Utah,25SE02,Registered Voters,,REP,,39
Utah,25SE02,U.S. House,3,REP,Celeste Maloy,9
Utah,25SE02,U.S. House,3,REP,Over Votes,0
Utah,25SE02,U.S. House,3,REP,Phil Lyman,9
Utah,25SE02,U.S. House,3,REP,Under Votes,2
Utah,25SE02,Utah County Clerk,,REP,Aaron Davidson,11
Utah,25SE02,Utah County Clerk,,REP,Corey K Astill,7
Utah,25SE02,Utah County Clerk,,REP,Over Votes,0
Utah,25SE02,Utah County Clerk,,REP,Under Votes,2
Utah,25SE02,Utah County Commission Seat A,,REP,Brent V. Bowles,14
Utah,25SE02,Utah County Commission Seat A,,REP,Michelle Kaufusi,6
Utah,25SE02,Utah County Commission Seat A,,REP,Over Votes,0
Utah,25SE02,Utah County Commission Seat A,,REP,Under Votes,0
Utah,25SE02,Utah County Commission Seat B,,REP,Carolina Herrin,4
Utah,25SE02,Utah County Commission Seat B,,REP,David M. Spencer,13
Utah,25SE02,Utah County Commission Seat B,,REP,Isaac Paxman,1
Utah,25SE02,Utah County Commission Seat B,,REP,Over Votes,0
Utah,25SE02,Utah County Commission Seat B,,REP,Under Votes,2
Utah,25SE03,Ballots Cast,,,,80
Utah,25SE03,Ballots Cast,,REP,,80
Utah,25SE03,Ballots Cast Blank,,,,0
Utah,25SE03,Registered Voters,,,,173
Utah,25SE03,Registered Voters,,REP,,173
Utah,25SE03,U.S. House,3,REP,Celeste Maloy,40
Utah,25SE03,U.S. House,3,REP,Over Votes,0
Utah,25SE03,U.S. House,3,REP,Phil Lyman,38
Utah,25SE03,U.S. House,3,REP,Under Votes,2
Utah,25SE03,Utah County Clerk,,REP,Aaron Davidson,48
Utah,25SE03,Utah County Clerk,,REP,Corey K Astill,24
Utah,25SE03,Utah County Clerk,,REP,Over Votes,0
Utah,25SE03,Utah County Clerk,,REP,Under Votes,8
Utah,25SE03,Utah County Commission Seat A,,REP,Brent V. Bowles,68
Utah,25SE03,Utah County Commission Seat A,,REP,Michelle Kaufusi,10
Utah,25SE03,Utah County Commission Seat A,,REP,Over Votes,0
Utah,25SE03,Utah County Commission Seat A,,REP,Under Votes,2
Utah,25SE03,Utah County Commission Seat B,,REP,Carolina Herrin,11
Utah,25SE03,Utah County Commission Seat B,,REP,David M. Spencer,49
Utah,25SE03,Utah County Commission Seat B,,REP,Isaac Paxman,14
Utah,25SE03,Utah County Commission Seat B,,REP,Over Votes,0
Utah,25SE03,Utah County Commission Seat B,,REP,Under Votes,6
Utah,25SE04 Suppressed,Ballots Cast,,,,5
Utah,25SE04 Suppressed,Ballots Cast,,REP,,5
Utah,25SE04 Suppressed,Ballots Cast Blank,,,,0
Utah,25SE04 Suppressed,Registered Voters,,,,14
Utah,25SE04 Suppressed,Registered Voters,,REP,,14
Utah,25SE06 Suppressed,Ballots Cast,,,,2
Utah,25SE06 Suppressed,Ballots Cast,,REP,,2
Utah,25SE06 Suppressed,Ballots Cast Blank,,,,0
Utah,25SE06 Suppressed,Registered Voters,,,,2
Utah,25SE06 Suppressed,Registered Voters,,REP,,2
Utah,25SE07,Ballots Cast,,,,0
Utah,25SE07,Ballots Cast,,REP,,0
Utah,25SE07,Ballots Cast Blank,,,,0
Utah,25SE07,Registered Voters,,,,0
Utah,25SE07,Registered Voters,,REP,,0
Utah,25SE07,U.S. House,3,REP,Celeste Maloy,0
Utah,25SE07,U.S. House,3,REP,Over Votes,0
Utah,25SE07,U.S. House,3,REP,Phil Lyman,0
Utah,25SE07,U.S. House,3,REP,Under Votes,0
Utah,25SE07,Utah County Clerk,,REP,Aaron Davidson,0
Utah,25SE07,Utah County Clerk,,REP,Corey K Astill,0
Utah,25SE07,Utah County Clerk,,REP,Over Votes,0
Utah,25SE07,Utah County Clerk,,REP,Under Votes,0
Utah,25SE07,Utah County Commission Seat A,,REP,Brent V. Bowles,0
Utah,25SE07,Utah County Commission Seat A,,REP,Michelle Kaufusi,0
Utah,25SE07,Utah County Commission Seat A,,REP,Over Votes,0
Utah,25SE07,Utah County Commission Seat A,,REP,Under Votes,0
Utah,25SE07,Utah County Commission Seat B,,REP,Carolina Herrin,0
Utah,25SE07,Utah County Commission Seat B,,REP,David M. Spencer,0
Utah,25SE07,Utah County Commission Seat B,,REP,Isaac Paxman,0
Utah,25SE07,Utah County Commission Seat B,,REP,Over Votes,0
Utah,25SE07,Utah County Commission Seat B,,REP,Under Votes,0
Utah,25SE08,Ballots Cast,,,,87
Utah,25SE08,Ballots Cast,,REP,,87
Utah,25SE08,Ballots Cast Blank,,,,0
Utah,25SE08,Registered Voters,,,,236
Utah,25SE08,Registered Voters,,REP,,236
Utah,25SE08,U.S. House,3,REP,Celeste Maloy,44
Utah,25SE08,U.S. House,3,REP,Over Votes,0
Utah,25SE08,U.S. House,3,REP,Phil Lyman,41
Utah,25SE08,U.S. House,3,REP,Under Votes,2
Utah,25SE08,Utah County Clerk,,REP,Aaron Davidson,24
Utah,25SE08,Utah County Clerk,,REP,Corey K Astill,60
Utah,25SE08,Utah County Clerk,,REP,Over Votes,0
Utah,25SE08,Utah County Clerk,,REP,Under Votes,3
Utah,25SE08,Utah County Commission Seat A,,REP,Brent V. Bowles,47
Utah,25SE08,Utah County Commission Seat A,,REP,Michelle Kaufusi,40
Utah,25SE08,Utah County Commission Seat A,,REP,Over Votes,0
Utah,25SE08,Utah County Commission Seat A,,REP,Under Votes,0
Utah,25SE08,Utah County Commission Seat B,,REP,Carolina Herrin,30
Utah,25SE08,Utah County Commission Seat B,,REP,David M. Spencer,40
Utah,25SE08,Utah County Commission Seat B,,REP,Isaac Paxman,15
Utah,25SE08,Utah County Commission Seat B,,REP,Over Votes,0
Utah,25SE08,Utah County Commission Seat B,,REP,Under Votes,2
Utah,25SE10,Ballots Cast,,,,103
Utah,25SE10,Ballots Cast,,NP,,19
Utah,25SE10,Ballots Cast,,REP,,84
Utah,25SE10,Ballots Cast Blank,,,,0
Utah,25SE10,Nebo School District 4 Nebo,4,,Braden Jensen,20
Utah,25SE10,Nebo School District 4 Nebo,4,,Over Votes,0
Utah,25SE10,Nebo School District 4 Nebo,4,,Perry C. Ewell,27
Utah,25SE10,Nebo School District 4 Nebo,4,,Rick B. Ainge,52
Utah,25SE10,Nebo School District 4 Nebo,4,,Under Votes,4
Utah,25SE10,Registered Voters,,,,360
Utah,25SE10,Registered Voters,,NP,,104
Utah,25SE10,Registered Voters,,REP,,256
Utah,25SE10,U.S. House,3,REP,Celeste Maloy,52
Utah,25SE10,U.S. House,3,REP,Over Votes,0
Utah,25SE10,U.S. House,3,REP,Phil Lyman,32
Utah,25SE10,U.S. House,3,REP,Under Votes,0
Utah,25SE10,Utah County Clerk,,REP,Aaron Davidson,30
Utah,25SE10,Utah County Clerk,,REP,Corey K Astill,50
Utah,25SE10,Utah County Clerk,,REP,Over Votes,0
Utah,25SE10,Utah County Clerk,,REP,Under Votes,4
Utah,25SE10,Utah County Commission Seat A,,REP,Brent V. Bowles,36
Utah,25SE10,Utah County Commission Seat A,,REP,Michelle Kaufusi,48
Utah,25SE10,Utah County Commission Seat A,,REP,Over Votes,0
Utah,25SE10,Utah County Commission Seat A,,REP,Under Votes,0
Utah,25SE10,Utah County Commission Seat B,,REP,Carolina Herrin,27
Utah,25SE10,Utah County Commission Seat B,,REP,David M. Spencer,20
Utah,25SE10,Utah County Commission Seat B,,REP,Isaac Paxman,34
Utah,25SE10,Utah County Commission Seat B,,REP,Over Votes,0
Utah,25SE10,Utah County Commission Seat B,,REP,Under Votes,3
Utah,25SE11,Ballots Cast,,,,0
Utah,25SE11,Ballots Cast,,REP,,0
Utah,25SE11,Ballots Cast Blank,,,,0
Utah,25SE11,Registered Voters,,,,0
Utah,25SE11,Registered Voters,,REP,,0
Utah,25SE11,U.S. House,3,REP,Celeste Maloy,0
Utah,25SE11,U.S. House,3,REP,Over Votes,0
Utah,25SE11,U.S. House,3,REP,Phil Lyman,0
Utah,25SE11,U.S. House,3,REP,Under Votes,0
Utah,25SE11,Utah County Clerk,,REP,Aaron Davidson,0
Utah,25SE11,Utah County Clerk,,REP,Corey K Astill,0
Utah,25SE11,Utah County Clerk,,REP,Over Votes,0
Utah,25SE11,Utah County Clerk,,REP,Under Votes,0
Utah,25SE11,Utah County Commission Seat A,,REP,Brent V. Bowles,0
Utah,25SE11,Utah County Commission Seat A,,REP,Michelle Kaufusi,0
Utah,25SE11,Utah County Commission Seat A,,REP,Over Votes,0
Utah,25SE11,Utah County Commission Seat A,,REP,Under Votes,0
Utah,25SE11,Utah County Commission Seat B,,REP,Carolina Herrin,0
Utah,25SE11,Utah County Commission Seat B,,REP,David M. Spencer,0
Utah,25SE11,Utah County Commission Seat B,,REP,Isaac Paxman,0
Utah,25SE11,Utah County Commission Seat B,,REP,Over Votes,0
Utah,25SE11,Utah County Commission Seat B,,REP,Under Votes,0
Utah,25SE12,Ballots Cast,,,,33
Utah,25SE12,Ballots Cast,,REP,,33
Utah,25SE12,Ballots Cast Blank,,,,0
Utah,25SE12,Registered Voters,,,,107
Utah,25SE12,Registered Voters,,REP,,107
Utah,25SE12,U.S. House,3,REP,Celeste Maloy,20
Utah,25SE12,U.S. House,3,REP,Over Votes,0
Utah,25SE12,U.S. House,3,REP,Phil Lyman,13
Utah,25SE12,U.S. House,3,REP,Under Votes,0
Utah,25SE12,Utah County Clerk,,REP,Aaron Davidson,14
Utah,25SE12,Utah County Clerk,,REP,Corey K Astill,18
Utah,25SE12,Utah County Clerk,,REP,Over Votes,0
Utah,25SE12,Utah County Clerk,,REP,Under Votes,1
Utah,25SE12,Utah County Commission Seat A,,REP,Brent V. Bowles,21
Utah,25SE12,Utah County Commission Seat A,,REP,Michelle Kaufusi,12
Utah,25SE12,Utah County Commission Seat A,,REP,Over Votes,0
Utah,25SE12,Utah County Commission Seat A,,REP,Under Votes,0
Utah,25SE12,Utah County Commission Seat B,,REP,Carolina Herrin,8
Utah,25SE12,Utah County Commission Seat B,,REP,David M. Spencer,12
Utah,25SE12,Utah County Commission Seat B,,REP,Isaac Paxman,12
Utah,25SE12,Utah County Commission Seat B,,REP,Over Votes,0
Utah,25SE12,Utah County Commission Seat B,,REP,Under Votes,1
Utah,25SE13,Ballots Cast,,,,168
Utah,25SE13,Ballots Cast,,NP,,26
Utah,25SE13,Ballots Cast,,REP,,142
Utah,25SE13,Ballots Cast Blank,,,,0
Utah,25SE13,Nebo School District 4 Nebo,4,,Braden Jensen,31
Utah,25SE13,Nebo School District 4 Nebo,4,,Over Votes,0
Utah,25SE13,Nebo School District 4 Nebo,4,,Perry C. Ewell,45
Utah,25SE13,Nebo School District 4 Nebo,4,,Rick B. Ainge,86
Utah,25SE13,Nebo School District 4 Nebo,4,,Under Votes,6
Utah,25SE13,Registered Voters,,,,630
Utah,25SE13,Registered Voters,,NP,,157
Utah,25SE13,Registered Voters,,REP,,473
Utah,25SE13,U.S. House,3,REP,Celeste Maloy,98
Utah,25SE13,U.S. House,3,REP,Over Votes,0
Utah,25SE13,U.S. House,3,REP,Phil Lyman,43
Utah,25SE13,U.S. House,3,REP,Under Votes,1
Utah,25SE13,Utah County Clerk,,REP,Aaron Davidson,60
Utah,25SE13,Utah County Clerk,,REP,Corey K Astill,77
Utah,25SE13,Utah County Clerk,,REP,Over Votes,0
Utah,25SE13,Utah County Clerk,,REP,Under Votes,5
Utah,25SE13,Utah County Commission Seat A,,REP,Brent V. Bowles,65
Utah,25SE13,Utah County Commission Seat A,,REP,Michelle Kaufusi,76
Utah,25SE13,Utah County Commission Seat A,,REP,Over Votes,0
Utah,25SE13,Utah County Commission Seat A,,REP,Under Votes,1
Utah,25SE13,Utah County Commission Seat B,,REP,Carolina Herrin,49
Utah,25SE13,Utah County Commission Seat B,,REP,David M. Spencer,36
Utah,25SE13,Utah County Commission Seat B,,REP,Isaac Paxman,52
Utah,25SE13,Utah County Commission Seat B,,REP,Over Votes,0
Utah,25SE13,Utah County Commission Seat B,,REP,Under Votes,5
Utah,25SE14,Ballots Cast,,,,32
Utah,25SE14,Ballots Cast,,REP,,32
Utah,25SE14,Ballots Cast Blank,,,,0
Utah,25SE14,Board Of Education District 14 (Multi-County),14,REP,Linda Hanks,19
Utah,25SE14,Board Of Education District 14 (Multi-County),14,REP,Nichole Beecher Isom,12
Utah,25SE14,Board Of Education District 14 (Multi-County),14,REP,Over Votes,0
Utah,25SE14,Board Of Education District 14 (Multi-County),14,REP,Under Votes,1
Utah,25SE14,Registered Voters,,,,102
Utah,25SE14,Registered Voters,,REP,,102
Utah,25SE14,U.S. House,3,REP,Celeste Maloy,31
Utah,25SE14,U.S. House,3,REP,Over Votes,0
Utah,25SE14,U.S. House,3,REP,Phil Lyman,1
Utah,25SE14,U.S. House,3,REP,Under Votes,0
Utah,25SE14,Utah County Clerk,,REP,Aaron Davidson,18
Utah,25SE14,Utah County Clerk,,REP,Corey K Astill,13
Utah,25SE14,Utah County Clerk,,REP,Over Votes,0
Utah,25SE14,Utah County Clerk,,REP,Under Votes,1
Utah,25SE14,Utah County Commission Seat A,,REP,Brent V. Bowles,16
Utah,25SE14,Utah County Commission Seat A,,REP,Michelle Kaufusi,15
Utah,25SE14,Utah County Commission Seat A,,REP,Over Votes,0
Utah,25SE14,Utah County Commission Seat A,,REP,Under Votes,1
Utah,25SE14,Utah County Commission Seat B,,REP,Carolina Herrin,8
Utah,25SE14,Utah County Commission Seat B,,REP,David M. Spencer,10
Utah,25SE14,Utah County Commission Seat B,,REP,Isaac Paxman,13
Utah,25SE14,Utah County Commission Seat B,,REP,Over Votes,0
Utah,25SE14,Utah County Commission Seat B,,REP,Under Votes,1
Utah,25SE15 Suppressed,Ballots Cast,,,,3
Utah,25SE15 Suppressed,Ballots Cast,,NP,,1
Utah,25SE15 Suppressed,Ballots Cast,,REP,,2
Utah,25SE15 Suppressed,Ballots Cast Blank,,,,0
Utah,25SE15 Suppressed,Registered Voters,,,,15
Utah,25SE15 Suppressed,Registered Voters,,NP,,3
Utah,25SE15 Suppressed,Registered Voters,,REP,,12
Utah,25SE16,Ballots Cast,,,,0
Utah,25SE16,Ballots Cast,,REP,,0
Utah,25SE16,Ballots Cast Blank,,,,0
Utah,25SE16,Board Of Education District 14 (Multi-County),14,REP,Linda Hanks,0
Utah,25SE16,Board Of Education District 14 (Multi-County),14,REP,Nichole Beecher Isom,0
Utah,25SE16,Board Of Education District 14 (Multi-County),14,REP,Over Votes,0
Utah,25SE16,Board Of Education District 14 (Multi-County),14,REP,Under Votes,0
Utah,25SE16,Nebo School District 4 Nebo,4,,Braden Jensen,0
Utah,25SE16,Nebo School District 4 Nebo,4,,Over Votes,0
Utah,25SE16,Nebo School District 4 Nebo,4,,Perry C. Ewell,0
Utah,25SE16,Nebo School District 4 Nebo,4,,Rick B. Ainge,0
Utah,25SE16,Nebo School District 4 Nebo,4,,Under Votes,0
Utah,25SE16,Registered Voters,,,,7
Utah,25SE16,Registered Voters,,NP,,2
Utah,25SE16,Registered Voters,,REP,,5
Utah,25SE16,U.S. House,3,REP,Celeste Maloy,0
Utah,25SE16,U.S. House,3,REP,Over Votes,0
Utah,25SE16,U.S. House,3,REP,Phil Lyman,0
Utah,25SE16,U.S. House,3,REP,Under Votes,0
Utah,25SE16,Utah County Clerk,,REP,Aaron Davidson,0
Utah,25SE16,Utah County Clerk,,REP,Corey K Astill,0
Utah,25SE16,Utah County Clerk,,REP,Over Votes,0
Utah,25SE16,Utah County Clerk,,REP,Under Votes,0
Utah,25SE16,Utah County Commission Seat A,,REP,Brent V. Bowles,0
Utah,25SE16,Utah County Commission Seat A,,REP,Michelle Kaufusi,0
Utah,25SE16,Utah County Commission Seat A,,REP,Over Votes,0
Utah,25SE16,Utah County Commission Seat A,,REP,Under Votes,0
Utah,25SE16,Utah County Commission Seat B,,REP,Carolina Herrin,0
Utah,25SE16,Utah County Commission Seat B,,REP,David M. Spencer,0
Utah,25SE16,Utah County Commission Seat B,,REP,Isaac Paxman,0
Utah,25SE16,Utah County Commission Seat B,,REP,Over Votes,0
Utah,25SE16,Utah County Commission Seat B,,REP,Under Votes,0
Utah,25SE17,Ballots Cast,,,,26
Utah,25SE17,Ballots Cast,,REP,,26
Utah,25SE17,Ballots Cast Blank,,,,0
Utah,25SE17,Board Of Education District 14 (Multi-County),14,REP,Linda Hanks,21
Utah,25SE17,Board Of Education District 14 (Multi-County),14,REP,Nichole Beecher Isom,2
Utah,25SE17,Board Of Education District 14 (Multi-County),14,REP,Over Votes,0
Utah,25SE17,Board Of Education District 14 (Multi-County),14,REP,Under Votes,3
Utah,25SE17,Registered Voters,,,,64
Utah,25SE17,Registered Voters,,REP,,64
Utah,25SE17,U.S. House,3,REP,Celeste Maloy,16
Utah,25SE17,U.S. House,3,REP,Over Votes,0
Utah,25SE17,U.S. House,3,REP,Phil Lyman,10
Utah,25SE17,U.S. House,3,REP,Under Votes,0
Utah,25SE17,Utah County Clerk,,REP,Aaron Davidson,8
Utah,25SE17,Utah County Clerk,,REP,Corey K Astill,18
Utah,25SE17,Utah County Clerk,,REP,Over Votes,0
Utah,25SE17,Utah County Clerk,,REP,Under Votes,0
Utah,25SE17,Utah County Commission Seat A,,REP,Brent V. Bowles,17
Utah,25SE17,Utah County Commission Seat A,,REP,Michelle Kaufusi,9
Utah,25SE17,Utah County Commission Seat A,,REP,Over Votes,0
Utah,25SE17,Utah County Commission Seat A,,REP,Under Votes,0
Utah,25SE17,Utah County Commission Seat B,,REP,Carolina Herrin,5
Utah,25SE17,Utah County Commission Seat B,,REP,David M. Spencer,14
Utah,25SE17,Utah County Commission Seat B,,REP,Isaac Paxman,7
Utah,25SE17,Utah County Commission Seat B,,REP,Over Votes,0
Utah,25SE17,Utah County Commission Seat B,,REP,Under Votes,0
Utah,25SE18,Ballots Cast,,,,30
Utah,25SE18,Ballots Cast,,REP,,30
Utah,25SE18,Ballots Cast Blank,,,,0
Utah,25SE18,Registered Voters,,,,62
Utah,25SE18,Registered Voters,,REP,,62
Utah,25SE18,U.S. House,3,REP,Celeste Maloy,20
Utah,25SE18,U.S. House,3,REP,Over Votes,0
Utah,25SE18,U.S. House,3,REP,Phil Lyman,10
Utah,25SE18,U.S. House,3,REP,Under Votes,0
Utah,25SE18,Utah County Clerk,,REP,Aaron Davidson,5
Utah,25SE18,Utah County Clerk,,REP,Corey K Astill,24
Utah,25SE18,Utah County Clerk,,REP,Over Votes,0
Utah,25SE18,Utah County Clerk,,REP,Under Votes,1
Utah,25SE18,Utah County Commission Seat A,,REP,Brent V. Bowles,11
Utah,25SE18,Utah County Commission Seat A,,REP,Michelle Kaufusi,19
Utah,25SE18,Utah County Commission Seat A,,REP,Over Votes,0
Utah,25SE18,Utah County Commission Seat A,,REP,Under Votes,0
Utah,25SE18,Utah County Commission Seat B,,REP,Carolina Herrin,11
Utah,25SE18,Utah County Commission Seat B,,REP,David M. Spencer,14
Utah,25SE18,Utah County Commission Seat B,,REP,Isaac Paxman,5
Utah,25SE18,Utah County Commission Seat B,,REP,Over Votes,0
Utah,25SE18,Utah County Commission Seat B,,REP,Under Votes,0
Utah,25SE19,Ballots Cast,,,,14
Utah,25SE19,Ballots Cast,,REP,,14
Utah,25SE19,Ballots Cast Blank,,,,0
Utah,25SE19,Board Of Education District 14 (Multi-County),14,REP,Linda Hanks,11
Utah,25SE19,Board Of Education District 14 (Multi-County),14,REP,Nichole Beecher Isom,3
Utah,25SE19,Board Of Education District 14 (Multi-County),14,REP,Over Votes,0
Utah,25SE19,Board Of Education District 14 (Multi-County),14,REP,Under Votes,0
Utah,25SE19,Registered Voters,,,,35
Utah,25SE19,Registered Voters,,REP,,35
Utah,25SE19,U.S. House,3,REP,Celeste Maloy,9
Utah,25SE19,U.S. House,3,REP,Over Votes,0
Utah,25SE19,U.S. House,3,REP,Phil Lyman,5
Utah,25SE19,U.S. House,3,REP,Under Votes,0
Utah,25SE19,Utah County Clerk,,REP,Aaron Davidson,11
Utah,25SE19,Utah County Clerk,,REP,Corey K Astill,3
Utah,25SE19,Utah County Clerk,,REP,Over Votes,0
Utah,25SE19,Utah County Clerk,,REP,Under Votes,0
Utah,25SE19,Utah County Commission Seat A,,REP,Brent V. Bowles,10
Utah,25SE19,Utah County Commission Seat A,,REP,Michelle Kaufusi,4
Utah,25SE19,Utah County Commission Seat A,,REP,Over Votes,0
Utah,25SE19,Utah County Commission Seat A,,REP,Under Votes,0
Utah,25SE19,Utah County Commission Seat B,,REP,Carolina Herrin,5
Utah,25SE19,Utah County Commission Seat B,,REP,David M. Spencer,7
Utah,25SE19,Utah County Commission Seat B,,REP,Isaac Paxman,2
Utah,25SE19,Utah County Commission Seat B,,REP,Over Votes,0
Utah,25SE19,Utah County Commission Seat B,,REP,Under Votes,0
Utah,25SE20,Ballots Cast,,,,24
Utah,25SE20,Ballots Cast,,REP,,24
Utah,25SE20,Ballots Cast Blank,,,,0
Utah,25SE20,Board Of Education District 14 (Multi-County),14,REP,Linda Hanks,19
Utah,25SE20,Board Of Education District 14 (Multi-County),14,REP,Nichole Beecher Isom,5
Utah,25SE20,Board Of Education District 14 (Multi-County),14,REP,Over Votes,0
Utah,25SE20,Board Of Education District 14 (Multi-County),14,REP,Under Votes,0
Utah,25SE20,Registered Voters,,,,70
Utah,25SE20,Registered Voters,,REP,,70
Utah,25SE20,U.S. House,3,REP,Celeste Maloy,13
Utah,25SE20,U.S. House,3,REP,Over Votes,0
Utah,25SE20,U.S. House,3,REP,Phil Lyman,11
Utah,25SE20,U.S. House,3,REP,Under Votes,0
Utah,25SE20,Utah County Clerk,,REP,Aaron Davidson,17
Utah,25SE20,Utah County Clerk,,REP,Corey K Astill,7
Utah,25SE20,Utah County Clerk,,REP,Over Votes,0
Utah,25SE20,Utah County Clerk,,REP,Under Votes,0
Utah,25SE20,Utah County Commission Seat A,,REP,Brent V. Bowles,12
Utah,25SE20,Utah County Commission Seat A,,REP,Michelle Kaufusi,12
Utah,25SE20,Utah County Commission Seat A,,REP,Over Votes,0
Utah,25SE20,Utah County Commission Seat A,,REP,Under Votes,0
Utah,25SE20,Utah County Commission Seat B,,REP,Carolina Herrin,7
Utah,25SE20,Utah County Commission Seat B,,REP,David M. Spencer,13
Utah,25SE20,Utah County Commission Seat B,,REP,Isaac Paxman,4
Utah,25SE20,Utah County Commission Seat B,,REP,Over Votes,0
Utah,25SE20,Utah County Commission Seat B,,REP,Under Votes,0
Utah,25SE21,Ballots Cast,,,,115
Utah,25SE21,Ballots Cast,,NP,,12
Utah,25SE21,Ballots Cast,,REP,,103
Utah,25SE21,Ballots Cast Blank,,,,1
Utah,25SE21,Nebo School District 4 Nebo,4,,Braden Jensen,42
Utah,25SE21,Nebo School District 4 Nebo,4,,Over Votes,0
Utah,25SE21,Nebo School District 4 Nebo,4,,Perry C. Ewell,23
Utah,25SE21,Nebo School District 4 Nebo,4,,Rick B. Ainge,47
Utah,25SE21,Nebo School District 4 Nebo,4,,Under Votes,3
Utah,25SE21,Registered Voters,,,,447
Utah,25SE21,Registered Voters,,NP,,107
Utah,25SE21,Registered Voters,,REP,,340
Utah,25SE21,U.S. House,3,REP,Celeste Maloy,63
Utah,25SE21,U.S. House,3,REP,Over Votes,0
Utah,25SE21,U.S. House,3,REP,Phil Lyman,40
Utah,25SE21,U.S. House,3,REP,Under Votes,0
Utah,25SE21,Utah County Clerk,,REP,Aaron Davidson,55
Utah,25SE21,Utah County Clerk,,REP,Corey K Astill,47
Utah,25SE21,Utah County Clerk,,REP,Over Votes,0
Utah,25SE21,Utah County Clerk,,REP,Under Votes,1
Utah,25SE21,Utah County Commission Seat A,,REP,Brent V. Bowles,61
Utah,25SE21,Utah County Commission Seat A,,REP,Michelle Kaufusi,40
Utah,25SE21,Utah County Commission Seat A,,REP,Over Votes,0
Utah,25SE21,Utah County Commission Seat A,,REP,Under Votes,2
Utah,25SE21,Utah County Commission Seat B,,REP,Carolina Herrin,22
Utah,25SE21,Utah County Commission Seat B,,REP,David M. Spencer,54
Utah,25SE21,Utah County Commission Seat B,,REP,Isaac Paxman,23
Utah,25SE21,Utah County Commission Seat B,,REP,Over Votes,0
Utah,25SE21,Utah County Commission Seat B,,REP,Under Votes,4
Utah,25SF01,Ballots Cast,,,,134
Utah,25SF01,Ballots Cast,,REP,,134
Utah,25SF01,Ballots Cast Blank,,,,0
Utah,25SF01,Registered Voters,,,,419
Utah,25SF01,Registered Voters,,REP,,419
Utah,25SF01,U.S. House,3,REP,Celeste Maloy,89
Utah,25SF01,U.S. House,3,REP,Over Votes,0
Utah,25SF01,U.S. House,3,REP,Phil Lyman,40
Utah,25SF01,U.S. House,3,REP,Under Votes,5
Utah,25SF01,Utah County Clerk,,REP,Aaron Davidson,69
Utah,25SF01,Utah County Clerk,,REP,Corey K Astill,62
Utah,25SF01,Utah County Clerk,,REP,Over Votes,0
Utah,25SF01,Utah County Clerk,,REP,Under Votes,3
Utah,25SF01,Utah County Commission Seat A,,REP,Brent V. Bowles,58
Utah,25SF01,Utah County Commission Seat A,,REP,Michelle Kaufusi,76
Utah,25SF01,Utah County Commission Seat A,,REP,Over Votes,0
Utah,25SF01,Utah County Commission Seat A,,REP,Under Votes,0
Utah,25SF01,Utah County Commission Seat B,,REP,Carolina Herrin,43
Utah,25SF01,Utah County Commission Seat B,,REP,David M. Spencer,45
Utah,25SF01,Utah County Commission Seat B,,REP,Isaac Paxman,43
Utah,25SF01,Utah County Commission Seat B,,REP,Over Votes,0
Utah,25SF01,Utah County Commission Seat B,,REP,Under Votes,3
Utah,25SF02,Ballots Cast,,,,0
Utah,25SF02,Ballots Cast,,REP,,0
Utah,25SF02,Ballots Cast Blank,,,,0
Utah,25SF02,Registered Voters,,,,0
Utah,25SF02,Registered Voters,,REP,,0
Utah,25SF02,U.S. House,3,REP,Celeste Maloy,0
Utah,25SF02,U.S. House,3,REP,Over Votes,0
Utah,25SF02,U.S. House,3,REP,Phil Lyman,0
Utah,25SF02,U.S. House,3,REP,Under Votes,0
Utah,25SF02,Utah County Clerk,,REP,Aaron Davidson,0
Utah,25SF02,Utah County Clerk,,REP,Corey K Astill,0
Utah,25SF02,Utah County Clerk,,REP,Over Votes,0
Utah,25SF02,Utah County Clerk,,REP,Under Votes,0
Utah,25SF02,Utah County Commission Seat A,,REP,Brent V. Bowles,0
Utah,25SF02,Utah County Commission Seat A,,REP,Michelle Kaufusi,0
Utah,25SF02,Utah County Commission Seat A,,REP,Over Votes,0
Utah,25SF02,Utah County Commission Seat A,,REP,Under Votes,0
Utah,25SF02,Utah County Commission Seat B,,REP,Carolina Herrin,0
Utah,25SF02,Utah County Commission Seat B,,REP,David M. Spencer,0
Utah,25SF02,Utah County Commission Seat B,,REP,Isaac Paxman,0
Utah,25SF02,Utah County Commission Seat B,,REP,Over Votes,0
Utah,25SF02,Utah County Commission Seat B,,REP,Under Votes,0
Utah,25SF04,Ballots Cast,,,,91
Utah,25SF04,Ballots Cast,,REP,,91
Utah,25SF04,Ballots Cast Blank,,,,0
Utah,25SF04,Registered Voters,,,,469
Utah,25SF04,Registered Voters,,REP,,469
Utah,25SF04,U.S. House,3,REP,Celeste Maloy,52
Utah,25SF04,U.S. House,3,REP,Over Votes,0
Utah,25SF04,U.S. House,3,REP,Phil Lyman,37
Utah,25SF04,U.S. House,3,REP,Under Votes,2
Utah,25SF04,Utah County Clerk,,REP,Aaron Davidson,38
Utah,25SF04,Utah County Clerk,,REP,Corey K Astill,53
Utah,25SF04,Utah County Clerk,,REP,Over Votes,0
Utah,25SF04,Utah County Clerk,,REP,Under Votes,0
Utah,25SF04,Utah County Commission Seat A,,REP,Brent V. Bowles,46
Utah,25SF04,Utah County Commission Seat A,,REP,Michelle Kaufusi,45
Utah,25SF04,Utah County Commission Seat A,,REP,Over Votes,0
Utah,25SF04,Utah County Commission Seat A,,REP,Under Votes,0
Utah,25SF04,Utah County Commission Seat B,,REP,Carolina Herrin,25
Utah,25SF04,Utah County Commission Seat B,,REP,David M. Spencer,40
Utah,25SF04,Utah County Commission Seat B,,REP,Isaac Paxman,26
Utah,25SF04,Utah County Commission Seat B,,REP,Over Votes,0
Utah,25SF04,Utah County Commission Seat B,,REP,Under Votes,0
Utah,25SF05,Ballots Cast,,,,96
Utah,25SF05,Ballots Cast,,REP,,96
Utah,25SF05,Ballots Cast Blank,,,,0
Utah,25SF05,Registered Voters,,,,473
Utah,25SF05,Registered Voters,,REP,,473
Utah,25SF05,U.S. House,3,REP,Celeste Maloy,59
Utah,25SF05,U.S. House,3,REP,Over Votes,0
Utah,25SF05,U.S. House,3,REP,Phil Lyman,37
Utah,25SF05,U.S. House,3,REP,Under Votes,0
Utah,25SF05,Utah County Clerk,,REP,Aaron Davidson,32
Utah,25SF05,Utah County Clerk,,REP,Corey K Astill,63
Utah,25SF05,Utah County Clerk,,REP,Over Votes,0
Utah,25SF05,Utah County Clerk,,REP,Under Votes,1
Utah,25SF05,Utah County Commission Seat A,,REP,Brent V. Bowles,39
Utah,25SF05,Utah County Commission Seat A,,REP,Michelle Kaufusi,56
Utah,25SF05,Utah County Commission Seat A,,REP,Over Votes,0
Utah,25SF05,Utah County Commission Seat A,,REP,Under Votes,1
Utah,25SF05,Utah County Commission Seat B,,REP,Carolina Herrin,28
Utah,25SF05,Utah County Commission Seat B,,REP,David M. Spencer,41
Utah,25SF05,Utah County Commission Seat B,,REP,Isaac Paxman,26
Utah,25SF05,Utah County Commission Seat B,,REP,Over Votes,0
Utah,25SF05,Utah County Commission Seat B,,REP,Under Votes,1
Utah,25SF06,Ballots Cast,,,,146
Utah,25SF06,Ballots Cast,,REP,,146
Utah,25SF06,Ballots Cast Blank,,,,0
Utah,25SF06,Registered Voters,,,,725
Utah,25SF06,Registered Voters,,REP,,725
Utah,25SF06,U.S. House,3,REP,Celeste Maloy,88
Utah,25SF06,U.S. House,3,REP,Over Votes,0
Utah,25SF06,U.S. House,3,REP,Phil Lyman,54
Utah,25SF06,U.S. House,3,REP,Under Votes,4
Utah,25SF06,Utah County Clerk,,REP,Aaron Davidson,68
Utah,25SF06,Utah County Clerk,,REP,Corey K Astill,73
Utah,25SF06,Utah County Clerk,,REP,Over Votes,0
Utah,25SF06,Utah County Clerk,,REP,Under Votes,5
Utah,25SF06,Utah County Commission Seat A,,REP,Brent V. Bowles,61
Utah,25SF06,Utah County Commission Seat A,,REP,Michelle Kaufusi,83
Utah,25SF06,Utah County Commission Seat A,,REP,Over Votes,0
Utah,25SF06,Utah County Commission Seat A,,REP,Under Votes,2
Utah,25SF06,Utah County Commission Seat B,,REP,Carolina Herrin,44
Utah,25SF06,Utah County Commission Seat B,,REP,David M. Spencer,54
Utah,25SF06,Utah County Commission Seat B,,REP,Isaac Paxman,43
Utah,25SF06,Utah County Commission Seat B,,REP,Over Votes,0
Utah,25SF06,Utah County Commission Seat B,,REP,Under Votes,5
Utah,25SF07,Ballots Cast,,,,128
Utah,25SF07,Ballots Cast,,REP,,128
Utah,25SF07,Ballots Cast Blank,,,,0
Utah,25SF07,Registered Voters,,,,448
Utah,25SF07,Registered Voters,,REP,,448
Utah,25SF07,U.S. House,3,REP,Celeste Maloy,79
Utah,25SF07,U.S. House,3,REP,Over Votes,0
Utah,25SF07,U.S. House,3,REP,Phil Lyman,47
Utah,25SF07,U.S. House,3,REP,Under Votes,2
Utah,25SF07,Utah County Clerk,,REP,Aaron Davidson,55
Utah,25SF07,Utah County Clerk,,REP,Corey K Astill,67
Utah,25SF07,Utah County Clerk,,REP,Over Votes,0
Utah,25SF07,Utah County Clerk,,REP,Under Votes,6
Utah,25SF07,Utah County Commission Seat A,,REP,Brent V. Bowles,75
Utah,25SF07,Utah County Commission Seat A,,REP,Michelle Kaufusi,51
Utah,25SF07,Utah County Commission Seat A,,REP,Over Votes,0
Utah,25SF07,Utah County Commission Seat A,,REP,Under Votes,2
Utah,25SF07,Utah County Commission Seat B,,REP,Carolina Herrin,33
Utah,25SF07,Utah County Commission Seat B,,REP,David M. Spencer,58
Utah,25SF07,Utah County Commission Seat B,,REP,Isaac Paxman,34
Utah,25SF07,Utah County Commission Seat B,,REP,Over Votes,0
Utah,25SF07,Utah County Commission Seat B,,REP,Under Votes,3
Utah,25SF08,Ballots Cast,,,,94
Utah,25SF08,Ballots Cast,,REP,,94
Utah,25SF08,Ballots Cast Blank,,,,0
Utah,25SF08,Registered Voters,,,,397
Utah,25SF08,Registered Voters,,REP,,397
Utah,25SF08,U.S. House,3,REP,Celeste Maloy,60
Utah,25SF08,U.S. House,3,REP,Over Votes,0
Utah,25SF08,U.S. House,3,REP,Phil Lyman,31
Utah,25SF08,U.S. House,3,REP,Under Votes,3
Utah,25SF08,Utah County Clerk,,REP,Aaron Davidson,46
Utah,25SF08,Utah County Clerk,,REP,Corey K Astill,44
Utah,25SF08,Utah County Clerk,,REP,Over Votes,0
Utah,25SF08,Utah County Clerk,,REP,Under Votes,4
Utah,25SF08,Utah County Commission Seat A,,REP,Brent V. Bowles,37
Utah,25SF08,Utah County Commission Seat A,,REP,Michelle Kaufusi,55
Utah,25SF08,Utah County Commission Seat A,,REP,Over Votes,0
Utah,25SF08,Utah County Commission Seat A,,REP,Under Votes,2
Utah,25SF08,Utah County Commission Seat B,,REP,Carolina Herrin,30
Utah,25SF08,Utah County Commission Seat B,,REP,David M. Spencer,40
Utah,25SF08,Utah County Commission Seat B,,REP,Isaac Paxman,22
Utah,25SF08,Utah County Commission Seat B,,REP,Over Votes,0
Utah,25SF08,Utah County Commission Seat B,,REP,Under Votes,2
Utah,25SF09,Ballots Cast,,,,189
Utah,25SF09,Ballots Cast,,REP,,189
Utah,25SF09,Ballots Cast Blank,,,,0
Utah,25SF09,Registered Voters,,,,624
Utah,25SF09,Registered Voters,,REP,,624
Utah,25SF09,U.S. House,3,REP,Celeste Maloy,132
Utah,25SF09,U.S. House,3,REP,Over Votes,0
Utah,25SF09,U.S. House,3,REP,Phil Lyman,51
Utah,25SF09,U.S. House,3,REP,Under Votes,6
Utah,25SF09,Utah County Clerk,,REP,Aaron Davidson,70
Utah,25SF09,Utah County Clerk,,REP,Corey K Astill,112
Utah,25SF09,Utah County Clerk,,REP,Over Votes,0
Utah,25SF09,Utah County Clerk,,REP,Under Votes,7
Utah,25SF09,Utah County Commission Seat A,,REP,Brent V. Bowles,74
Utah,25SF09,Utah County Commission Seat A,,REP,Michelle Kaufusi,114
Utah,25SF09,Utah County Commission Seat A,,REP,Over Votes,0
Utah,25SF09,Utah County Commission Seat A,,REP,Under Votes,1
Utah,25SF09,Utah County Commission Seat B,,REP,Carolina Herrin,73
Utah,25SF09,Utah County Commission Seat B,,REP,David M. Spencer,48
Utah,25SF09,Utah County Commission Seat B,,REP,Isaac Paxman,65
Utah,25SF09,Utah County Commission Seat B,,REP,Over Votes,0
Utah,25SF09,Utah County Commission Seat B,,REP,Under Votes,3
Utah,25SF10,Ballots Cast,,,,202
Utah,25SF10,Ballots Cast,,REP,,202
Utah,25SF10,Ballots Cast Blank,,,,0
Utah,25SF10,Registered Voters,,,,596
Utah,25SF10,Registered Voters,,REP,,596
Utah,25SF10,U.S. House,3,REP,Celeste Maloy,143
Utah,25SF10,U.S. House,3,REP,Over Votes,0
Utah,25SF10,U.S. House,3,REP,Phil Lyman,55
Utah,25SF10,U.S. House,3,REP,Under Votes,4
Utah,25SF10,Utah County Clerk,,REP,Aaron Davidson,82
Utah,25SF10,Utah County Clerk,,REP,Corey K Astill,113
Utah,25SF10,Utah County Clerk,,REP,Over Votes,0
Utah,25SF10,Utah County Clerk,,REP,Under Votes,7
Utah,25SF10,Utah County Commission Seat A,,REP,Brent V. Bowles,94
Utah,25SF10,Utah County Commission Seat A,,REP,Michelle Kaufusi,107
Utah,25SF10,Utah County Commission Seat A,,REP,Over Votes,0
Utah,25SF10,Utah County Commission Seat A,,REP,Under Votes,1
Utah,25SF10,Utah County Commission Seat B,,REP,Carolina Herrin,61
Utah,25SF10,Utah County Commission Seat B,,REP,David M. Spencer,82
Utah,25SF10,Utah County Commission Seat B,,REP,Isaac Paxman,56
Utah,25SF10,Utah County Commission Seat B,,REP,Over Votes,0
Utah,25SF10,Utah County Commission Seat B,,REP,Under Votes,3
Utah,25SF11,Ballots Cast,,,,216
Utah,25SF11,Ballots Cast,,REP,,216
Utah,25SF11,Ballots Cast Blank,,,,0
Utah,25SF11,Registered Voters,,,,732
Utah,25SF11,Registered Voters,,REP,,732
Utah,25SF11,U.S. House,3,REP,Celeste Maloy,136
Utah,25SF11,U.S. House,3,REP,Over Votes,0
Utah,25SF11,U.S. House,3,REP,Phil Lyman,79
Utah,25SF11,U.S. House,3,REP,Under Votes,1
Utah,25SF11,Utah County Clerk,,REP,Aaron Davidson,107
Utah,25SF11,Utah County Clerk,,REP,Corey K Astill,105
Utah,25SF11,Utah County Clerk,,REP,Over Votes,0
Utah,25SF11,Utah County Clerk,,REP,Under Votes,4
Utah,25SF11,Utah County Commission Seat A,,REP,Brent V. Bowles,97
Utah,25SF11,Utah County Commission Seat A,,REP,Michelle Kaufusi,119
Utah,25SF11,Utah County Commission Seat A,,REP,Over Votes,0
Utah,25SF11,Utah County Commission Seat A,,REP,Under Votes,0
Utah,25SF11,Utah County Commission Seat B,,REP,Carolina Herrin,77
Utah,25SF11,Utah County Commission Seat B,,REP,David M. Spencer,72
Utah,25SF11,Utah County Commission Seat B,,REP,Isaac Paxman,66
Utah,25SF11,Utah County Commission Seat B,,REP,Over Votes,0
Utah,25SF11,Utah County Commission Seat B,,REP,Under Votes,1
Utah,25SF12,Ballots Cast,,,,171
Utah,25SF12,Ballots Cast,,REP,,171
Utah,25SF12,Ballots Cast Blank,,,,0
Utah,25SF12,Registered Voters,,,,689
Utah,25SF12,Registered Voters,,REP,,689
Utah,25SF12,U.S. House,3,REP,Celeste Maloy,128
Utah,25SF12,U.S. House,3,REP,Over Votes,0
Utah,25SF12,U.S. House,3,REP,Phil Lyman,41
Utah,25SF12,U.S. House,3,REP,Under Votes,2
Utah,25SF12,Utah County Clerk,,REP,Aaron Davidson,79
Utah,25SF12,Utah County Clerk,,REP,Corey K Astill,89
Utah,25SF12,Utah County Clerk,,REP,Over Votes,0
Utah,25SF12,Utah County Clerk,,REP,Under Votes,3
Utah,25SF12,Utah County Commission Seat A,,REP,Brent V. Bowles,61
Utah,25SF12,Utah County Commission Seat A,,REP,Michelle Kaufusi,110
Utah,25SF12,Utah County Commission Seat A,,REP,Over Votes,0
Utah,25SF12,Utah County Commission Seat A,,REP,Under Votes,0
Utah,25SF12,Utah County Commission Seat B,,REP,Carolina Herrin,52
Utah,25SF12,Utah County Commission Seat B,,REP,David M. Spencer,49
Utah,25SF12,Utah County Commission Seat B,,REP,Isaac Paxman,70
Utah,25SF12,Utah County Commission Seat B,,REP,Over Votes,0
Utah,25SF12,Utah County Commission Seat B,,REP,Under Votes,0
Utah,25SF13,Ballots Cast,,,,99
Utah,25SF13,Ballots Cast,,REP,,99
Utah,25SF13,Ballots Cast Blank,,,,0
Utah,25SF13,Registered Voters,,,,454
Utah,25SF13,Registered Voters,,REP,,454
Utah,25SF13,U.S. House,3,REP,Celeste Maloy,64
Utah,25SF13,U.S. House,3,REP,Over Votes,0
Utah,25SF13,U.S. House,3,REP,Phil Lyman,33
Utah,25SF13,U.S. House,3,REP,Under Votes,2
Utah,25SF13,Utah County Clerk,,REP,Aaron Davidson,27
Utah,25SF13,Utah County Clerk,,REP,Corey K Astill,71
Utah,25SF13,Utah County Clerk,,REP,Over Votes,0
Utah,25SF13,Utah County Clerk,,REP,Under Votes,1
Utah,25SF13,Utah County Commission Seat A,,REP,Brent V. Bowles,47
Utah,25SF13,Utah County Commission Seat A,,REP,Michelle Kaufusi,52
Utah,25SF13,Utah County Commission Seat A,,REP,Over Votes,0
Utah,25SF13,Utah County Commission Seat A,,REP,Under Votes,0
Utah,25SF13,Utah County Commission Seat B,,REP,Carolina Herrin,28
Utah,25SF13,Utah County Commission Seat B,,REP,David M. Spencer,44
Utah,25SF13,Utah County Commission Seat B,,REP,Isaac Paxman,26
Utah,25SF13,Utah County Commission Seat B,,REP,Over Votes,0
Utah,25SF13,Utah County Commission Seat B,,REP,Under Votes,1
Utah,25SF15,Ballots Cast,,,,235
Utah,25SF15,Ballots Cast,,REP,,235
Utah,25SF15,Ballots Cast Blank,,,,0
Utah,25SF15,Registered Voters,,,,640
Utah,25SF15,Registered Voters,,REP,,640
Utah,25SF15,U.S. House,3,REP,Celeste Maloy,154
Utah,25SF15,U.S. House,3,REP,Over Votes,0
Utah,25SF15,U.S. House,3,REP,Phil Lyman,80
Utah,25SF15,U.S. House,3,REP,Under Votes,1
Utah,25SF15,Utah County Clerk,,REP,Aaron Davidson,92
Utah,25SF15,Utah County Clerk,,REP,Corey K Astill,134
Utah,25SF15,Utah County Clerk,,REP,Over Votes,0
Utah,25SF15,Utah County Clerk,,REP,Under Votes,9
Utah,25SF15,Utah County Commission Seat A,,REP,Brent V. Bowles,101
Utah,25SF15,Utah County Commission Seat A,,REP,Michelle Kaufusi,132
Utah,25SF15,Utah County Commission Seat A,,REP,Over Votes,0
Utah,25SF15,Utah County Commission Seat A,,REP,Under Votes,2
Utah,25SF15,Utah County Commission Seat B,,REP,Carolina Herrin,76
Utah,25SF15,Utah County Commission Seat B,,REP,David M. Spencer,77
Utah,25SF15,Utah County Commission Seat B,,REP,Isaac Paxman,80
Utah,25SF15,Utah County Commission Seat B,,REP,Over Votes,0
Utah,25SF15,Utah County Commission Seat B,,REP,Under Votes,2
Utah,25SF16,Ballots Cast,,,,166
Utah,25SF16,Ballots Cast,,REP,,166
Utah,25SF16,Ballots Cast Blank,,,,0
Utah,25SF16,Registered Voters,,,,664
Utah,25SF16,Registered Voters,,REP,,664
Utah,25SF16,U.S. House,3,REP,Celeste Maloy,117
Utah,25SF16,U.S. House,3,REP,Over Votes,0
Utah,25SF16,U.S. House,3,REP,Phil Lyman,45
Utah,25SF16,U.S. House,3,REP,Under Votes,4
Utah,25SF16,Utah County Clerk,,REP,Aaron Davidson,64
Utah,25SF16,Utah County Clerk,,REP,Corey K Astill,94
Utah,25SF16,Utah County Clerk,,REP,Over Votes,0
Utah,25SF16,Utah County Clerk,,REP,Under Votes,8
Utah,25SF16,Utah County Commission Seat A,,REP,Brent V. Bowles,73
Utah,25SF16,Utah County Commission Seat A,,REP,Michelle Kaufusi,90
Utah,25SF16,Utah County Commission Seat A,,REP,Over Votes,0
Utah,25SF16,Utah County Commission Seat A,,REP,Under Votes,3
Utah,25SF16,Utah County Commission Seat B,,REP,Carolina Herrin,54
Utah,25SF16,Utah County Commission Seat B,,REP,David M. Spencer,56
Utah,25SF16,Utah County Commission Seat B,,REP,Isaac Paxman,49
Utah,25SF16,Utah County Commission Seat B,,REP,Over Votes,0
Utah,25SF16,Utah County Commission Seat B,,REP,Under Votes,7
Utah,25SF17,Ballots Cast,,,,242
Utah,25SF17,Ballots Cast,,REP,,242
Utah,25SF17,Ballots Cast Blank,,,,0
Utah,25SF17,Registered Voters,,,,750
Utah,25SF17,Registered Voters,,REP,,750
Utah,25SF17,U.S. House,3,REP,Celeste Maloy,172
Utah,25SF17,U.S. House,3,REP,Over Votes,0
Utah,25SF17,U.S. House,3,REP,Phil Lyman,65
Utah,25SF17,U.S. House,3,REP,Under Votes,5
Utah,25SF17,Utah County Clerk,,REP,Aaron Davidson,91
Utah,25SF17,Utah County Clerk,,REP,Corey K Astill,135
Utah,25SF17,Utah County Clerk,,REP,Over Votes,0
Utah,25SF17,Utah County Clerk,,REP,Under Votes,16
Utah,25SF17,Utah County Commission Seat A,,REP,Brent V. Bowles,112
Utah,25SF17,Utah County Commission Seat A,,REP,Michelle Kaufusi,123
Utah,25SF17,Utah County Commission Seat A,,REP,Over Votes,0
Utah,25SF17,Utah County Commission Seat A,,REP,Under Votes,7
Utah,25SF17,Utah County Commission Seat B,,REP,Carolina Herrin,120
Utah,25SF17,Utah County Commission Seat B,,REP,David M. Spencer,70
Utah,25SF17,Utah County Commission Seat B,,REP,Isaac Paxman,45
Utah,25SF17,Utah County Commission Seat B,,REP,Over Votes,0
Utah,25SF17,Utah County Commission Seat B,,REP,Under Votes,7
Utah,25SF18,Ballots Cast,,,,89
Utah,25SF18,Ballots Cast,,REP,,89
Utah,25SF18,Ballots Cast Blank,,,,0
Utah,25SF18,Registered Voters,,,,478
Utah,25SF18,Registered Voters,,REP,,478
Utah,25SF18,U.S. House,3,REP,Celeste Maloy,50
Utah,25SF18,U.S. House,3,REP,Over Votes,0
Utah,25SF18,U.S. House,3,REP,Phil Lyman,38
Utah,25SF18,U.S. House,3,REP,Under Votes,1
Utah,25SF18,Utah County Clerk,,REP,Aaron Davidson,42
Utah,25SF18,Utah County Clerk,,REP,Corey K Astill,40
Utah,25SF18,Utah County Clerk,,REP,Over Votes,0
Utah,25SF18,Utah County Clerk,,REP,Under Votes,7
Utah,25SF18,Utah County Commission Seat A,,REP,Brent V. Bowles,48
Utah,25SF18,Utah County Commission Seat A,,REP,Michelle Kaufusi,37
Utah,25SF18,Utah County Commission Seat A,,REP,Over Votes,0
Utah,25SF18,Utah County Commission Seat A,,REP,Under Votes,4
Utah,25SF18,Utah County Commission Seat B,,REP,Carolina Herrin,27
Utah,25SF18,Utah County Commission Seat B,,REP,David M. Spencer,34
Utah,25SF18,Utah County Commission Seat B,,REP,Isaac Paxman,24
Utah,25SF18,Utah County Commission Seat B,,REP,Over Votes,0
Utah,25SF18,Utah County Commission Seat B,,REP,Under Votes,4
Utah,25SF19,Ballots Cast,,,,163
Utah,25SF19,Ballots Cast,,REP,,163
Utah,25SF19,Ballots Cast Blank,,,,0
Utah,25SF19,Registered Voters,,,,658
Utah,25SF19,Registered Voters,,REP,,658
Utah,25SF19,U.S. House,3,REP,Celeste Maloy,87
Utah,25SF19,U.S. House,3,REP,Over Votes,0
Utah,25SF19,U.S. House,3,REP,Phil Lyman,70
Utah,25SF19,U.S. House,3,REP,Under Votes,6
Utah,25SF19,Utah County Clerk,,REP,Aaron Davidson,75
Utah,25SF19,Utah County Clerk,,REP,Corey K Astill,83
Utah,25SF19,Utah County Clerk,,REP,Over Votes,0
Utah,25SF19,Utah County Clerk,,REP,Under Votes,5
Utah,25SF19,Utah County Commission Seat A,,REP,Brent V. Bowles,82
Utah,25SF19,Utah County Commission Seat A,,REP,Michelle Kaufusi,77
Utah,25SF19,Utah County Commission Seat A,,REP,Over Votes,0
Utah,25SF19,Utah County Commission Seat A,,REP,Under Votes,4
Utah,25SF19,Utah County Commission Seat B,,REP,Carolina Herrin,57
Utah,25SF19,Utah County Commission Seat B,,REP,David M. Spencer,59
Utah,25SF19,Utah County Commission Seat B,,REP,Isaac Paxman,44
Utah,25SF19,Utah County Commission Seat B,,REP,Over Votes,0
Utah,25SF19,Utah County Commission Seat B,,REP,Under Votes,3
Utah,25SF20,Ballots Cast,,,,157
Utah,25SF20,Ballots Cast,,REP,,157
Utah,25SF20,Ballots Cast Blank,,,,1
Utah,25SF20,Registered Voters,,,,577
Utah,25SF20,Registered Voters,,REP,,577
Utah,25SF20,U.S. House,3,REP,Celeste Maloy,96
Utah,25SF20,U.S. House,3,REP,Over Votes,0
Utah,25SF20,U.S. House,3,REP,Phil Lyman,54
Utah,25SF20,U.S. House,3,REP,Under Votes,7
Utah,25SF20,Utah County Clerk,,REP,Aaron Davidson,56
Utah,25SF20,Utah County Clerk,,REP,Corey K Astill,96
Utah,25SF20,Utah County Clerk,,REP,Over Votes,0
Utah,25SF20,Utah County Clerk,,REP,Under Votes,5
Utah,25SF20,Utah County Commission Seat A,,REP,Brent V. Bowles,68
Utah,25SF20,Utah County Commission Seat A,,REP,Michelle Kaufusi,87
Utah,25SF20,Utah County Commission Seat A,,REP,Over Votes,0
Utah,25SF20,Utah County Commission Seat A,,REP,Under Votes,2
Utah,25SF20,Utah County Commission Seat B,,REP,Carolina Herrin,54
Utah,25SF20,Utah County Commission Seat B,,REP,David M. Spencer,64
Utah,25SF20,Utah County Commission Seat B,,REP,Isaac Paxman,37
Utah,25SF20,Utah County Commission Seat B,,REP,Over Votes,0
Utah,25SF20,Utah County Commission Seat B,,REP,Under Votes,2
Utah,25SF21,Ballots Cast,,,,205
Utah,25SF21,Ballots Cast,,REP,,205
Utah,25SF21,Ballots Cast Blank,,,,0
Utah,25SF21,Registered Voters,,,,736
Utah,25SF21,Registered Voters,,REP,,736
Utah,25SF21,U.S. House,3,REP,Celeste Maloy,149
Utah,25SF21,U.S. House,3,REP,Over Votes,0
Utah,25SF21,U.S. House,3,REP,Phil Lyman,52
Utah,25SF21,U.S. House,3,REP,Under Votes,4
Utah,25SF21,Utah County Clerk,,REP,Aaron Davidson,87
Utah,25SF21,Utah County Clerk,,REP,Corey K Astill,114
Utah,25SF21,Utah County Clerk,,REP,Over Votes,0
Utah,25SF21,Utah County Clerk,,REP,Under Votes,4
Utah,25SF21,Utah County Commission Seat A,,REP,Brent V. Bowles,70
Utah,25SF21,Utah County Commission Seat A,,REP,Michelle Kaufusi,131
Utah,25SF21,Utah County Commission Seat A,,REP,Over Votes,0
Utah,25SF21,Utah County Commission Seat A,,REP,Under Votes,4
Utah,25SF21,Utah County Commission Seat B,,REP,Carolina Herrin,60
Utah,25SF21,Utah County Commission Seat B,,REP,David M. Spencer,57
Utah,25SF21,Utah County Commission Seat B,,REP,Isaac Paxman,86
Utah,25SF21,Utah County Commission Seat B,,REP,Over Votes,0
Utah,25SF21,Utah County Commission Seat B,,REP,Under Votes,2
Utah,25SF22,Ballots Cast,,,,118
Utah,25SF22,Ballots Cast,,REP,,118
Utah,25SF22,Ballots Cast Blank,,,,0
Utah,25SF22,Registered Voters,,,,390
Utah,25SF22,Registered Voters,,REP,,390
Utah,25SF22,U.S. House,3,REP,Celeste Maloy,91
Utah,25SF22,U.S. House,3,REP,Over Votes,0
Utah,25SF22,U.S. House,3,REP,Phil Lyman,27
Utah,25SF22,U.S. House,3,REP,Under Votes,0
Utah,25SF22,Utah County Clerk,,REP,Aaron Davidson,47
Utah,25SF22,Utah County Clerk,,REP,Corey K Astill,63
Utah,25SF22,Utah County Clerk,,REP,Over Votes,0
Utah,25SF22,Utah County Clerk,,REP,Under Votes,8
Utah,25SF22,Utah County Commission Seat A,,REP,Brent V. Bowles,50
Utah,25SF22,Utah County Commission Seat A,,REP,Michelle Kaufusi,65
Utah,25SF22,Utah County Commission Seat A,,REP,Over Votes,0
Utah,25SF22,Utah County Commission Seat A,,REP,Under Votes,3
Utah,25SF22,Utah County Commission Seat B,,REP,Carolina Herrin,31
Utah,25SF22,Utah County Commission Seat B,,REP,David M. Spencer,44
Utah,25SF22,Utah County Commission Seat B,,REP,Isaac Paxman,36
Utah,25SF22,Utah County Commission Seat B,,REP,Over Votes,0
Utah,25SF22,Utah County Commission Seat B,,REP,Under Votes,7
Utah,25SF23,Ballots Cast,,,,183
Utah,25SF23,Ballots Cast,,REP,,183
Utah,25SF23,Ballots Cast Blank,,,,0
Utah,25SF23,Registered Voters,,,,519
Utah,25SF23,Registered Voters,,REP,,519
Utah,25SF23,U.S. House,3,REP,Celeste Maloy,124
Utah,25SF23,U.S. House,3,REP,Over Votes,0
Utah,25SF23,U.S. House,3,REP,Phil Lyman,57
Utah,25SF23,U.S. House,3,REP,Under Votes,2
Utah,25SF23,Utah County Clerk,,REP,Aaron Davidson,79
Utah,25SF23,Utah County Clerk,,REP,Corey K Astill,100
Utah,25SF23,Utah County Clerk,,REP,Over Votes,0
Utah,25SF23,Utah County Clerk,,REP,Under Votes,4
Utah,25SF23,Utah County Commission Seat A,,REP,Brent V. Bowles,75
Utah,25SF23,Utah County Commission Seat A,,REP,Michelle Kaufusi,108
Utah,25SF23,Utah County Commission Seat A,,REP,Over Votes,0
Utah,25SF23,Utah County Commission Seat A,,REP,Under Votes,0
Utah,25SF23,Utah County Commission Seat B,,REP,Carolina Herrin,64
Utah,25SF23,Utah County Commission Seat B,,REP,David M. Spencer,50
Utah,25SF23,Utah County Commission Seat B,,REP,Isaac Paxman,68
Utah,25SF23,Utah County Commission Seat B,,REP,Over Votes,0
Utah,25SF23,Utah County Commission Seat B,,REP,Under Votes,1
Utah,25SF24,Ballots Cast,,,,192
Utah,25SF24,Ballots Cast,,REP,,192
Utah,25SF24,Ballots Cast Blank,,,,0
Utah,25SF24,Registered Voters,,,,550
Utah,25SF24,Registered Voters,,REP,,550
Utah,25SF24,U.S. House,3,REP,Celeste Maloy,120
Utah,25SF24,U.S. House,3,REP,Over Votes,0
Utah,25SF24,U.S. House,3,REP,Phil Lyman,66
Utah,25SF24,U.S. House,3,REP,Under Votes,6
Utah,25SF24,Utah County Clerk,,REP,Aaron Davidson,67
Utah,25SF24,Utah County Clerk,,REP,Corey K Astill,120
Utah,25SF24,Utah County Clerk,,REP,Over Votes,0
Utah,25SF24,Utah County Clerk,,REP,Under Votes,5
Utah,25SF24,Utah County Commission Seat A,,REP,Brent V. Bowles,96
Utah,25SF24,Utah County Commission Seat A,,REP,Michelle Kaufusi,96
Utah,25SF24,Utah County Commission Seat A,,REP,Over Votes,0
Utah,25SF24,Utah County Commission Seat A,,REP,Under Votes,0
Utah,25SF24,Utah County Commission Seat B,,REP,Carolina Herrin,59
Utah,25SF24,Utah County Commission Seat B,,REP,David M. Spencer,77
Utah,25SF24,Utah County Commission Seat B,,REP,Isaac Paxman,56
Utah,25SF24,Utah County Commission Seat B,,REP,Over Votes,0
Utah,25SF24,Utah County Commission Seat B,,REP,Under Votes,0
Utah,25SF25,Ballots Cast,,,,196
Utah,25SF25,Ballots Cast,,REP,,196
Utah,25SF25,Ballots Cast Blank,,,,0
Utah,25SF25,Registered Voters,,,,463
Utah,25SF25,Registered Voters,,REP,,463
Utah,25SF25,U.S. House,3,REP,Celeste Maloy,135
Utah,25SF25,U.S. House,3,REP,Over Votes,0
Utah,25SF25,U.S. House,3,REP,Phil Lyman,61
Utah,25SF25,U.S. House,3,REP,Under Votes,0
Utah,25SF25,Utah County Clerk,,REP,Aaron Davidson,79
Utah,25SF25,Utah County Clerk,,REP,Corey K Astill,100
Utah,25SF25,Utah County Clerk,,REP,Over Votes,0
Utah,25SF25,Utah County Clerk,,REP,Under Votes,17
Utah,25SF25,Utah County Commission Seat A,,REP,Brent V. Bowles,89
Utah,25SF25,Utah County Commission Seat A,,REP,Michelle Kaufusi,105
Utah,25SF25,Utah County Commission Seat A,,REP,Over Votes,0
Utah,25SF25,Utah County Commission Seat A,,REP,Under Votes,2
Utah,25SF25,Utah County Commission Seat B,,REP,Carolina Herrin,50
Utah,25SF25,Utah County Commission Seat B,,REP,David M. Spencer,73
Utah,25SF25,Utah County Commission Seat B,,REP,Isaac Paxman,61
Utah,25SF25,Utah County Commission Seat B,,REP,Over Votes,0
Utah,25SF25,Utah County Commission Seat B,,REP,Under Votes,12
Utah,25SF26,Ballots Cast,,,,117
Utah,25SF26,Ballots Cast,,REP,,117
Utah,25SF26,Ballots Cast Blank,,,,0
Utah,25SF26,Registered Voters,,,,421
Utah,25SF26,Registered Voters,,REP,,421
Utah,25SF26,U.S. House,3,REP,Celeste Maloy,80
Utah,25SF26,U.S. House,3,REP,Over Votes,0
Utah,25SF26,U.S. House,3,REP,Phil Lyman,34
Utah,25SF26,U.S. House,3,REP,Under Votes,3
Utah,25SF26,Utah County Clerk,,REP,Aaron Davidson,45
Utah,25SF26,Utah County Clerk,,REP,Corey K Astill,67
Utah,25SF26,Utah County Clerk,,REP,Over Votes,0
Utah,25SF26,Utah County Clerk,,REP,Under Votes,5
Utah,25SF26,Utah County Commission Seat A,,REP,Brent V. Bowles,46
Utah,25SF26,Utah County Commission Seat A,,REP,Michelle Kaufusi,68
Utah,25SF26,Utah County Commission Seat A,,REP,Over Votes,0
Utah,25SF26,Utah County Commission Seat A,,REP,Under Votes,3
Utah,25SF26,Utah County Commission Seat B,,REP,Carolina Herrin,31
Utah,25SF26,Utah County Commission Seat B,,REP,David M. Spencer,42
Utah,25SF26,Utah County Commission Seat B,,REP,Isaac Paxman,39
Utah,25SF26,Utah County Commission Seat B,,REP,Over Votes,1
Utah,25SF26,Utah County Commission Seat B,,REP,Under Votes,4
Utah,25SF27,Ballots Cast,,,,189
Utah,25SF27,Ballots Cast,,NP,,52
Utah,25SF27,Ballots Cast,,REP,,137
Utah,25SF27,Ballots Cast Blank,,,,0
Utah,25SF27,Nebo School District 4 Nebo,4,,Braden Jensen,52
Utah,25SF27,Nebo School District 4 Nebo,4,,Over Votes,0
Utah,25SF27,Nebo School District 4 Nebo,4,,Perry C. Ewell,58
Utah,25SF27,Nebo School District 4 Nebo,4,,Rick B. Ainge,75
Utah,25SF27,Nebo School District 4 Nebo,4,,Under Votes,4
Utah,25SF27,Registered Voters,,,,962
Utah,25SF27,Registered Voters,,NP,,432
Utah,25SF27,Registered Voters,,REP,,530
Utah,25SF27,U.S. House,3,REP,Celeste Maloy,97
Utah,25SF27,U.S. House,3,REP,Over Votes,0
Utah,25SF27,U.S. House,3,REP,Phil Lyman,39
Utah,25SF27,U.S. House,3,REP,Under Votes,1
Utah,25SF27,Utah County Clerk,,REP,Aaron Davidson,60
Utah,25SF27,Utah County Clerk,,REP,Corey K Astill,76
Utah,25SF27,Utah County Clerk,,REP,Over Votes,0
Utah,25SF27,Utah County Clerk,,REP,Under Votes,1
Utah,25SF27,Utah County Commission Seat A,,REP,Brent V. Bowles,62
Utah,25SF27,Utah County Commission Seat A,,REP,Michelle Kaufusi,74
Utah,25SF27,Utah County Commission Seat A,,REP,Over Votes,0
Utah,25SF27,Utah County Commission Seat A,,REP,Under Votes,1
Utah,25SF27,Utah County Commission Seat B,,REP,Carolina Herrin,39
Utah,25SF27,Utah County Commission Seat B,,REP,David M. Spencer,57
Utah,25SF27,Utah County Commission Seat B,,REP,Isaac Paxman,38
Utah,25SF27,Utah County Commission Seat B,,REP,Over Votes,0
Utah,25SF27,Utah County Commission Seat B,,REP,Under Votes,3
Utah,25SF28,Ballots Cast,,,,228
Utah,25SF28,Ballots Cast,,NP,,51
Utah,25SF28,Ballots Cast,,REP,,177
Utah,25SF28,Ballots Cast Blank,,,,0
Utah,25SF28,Nebo School District 4 Nebo,4,,Braden Jensen,58
Utah,25SF28,Nebo School District 4 Nebo,4,,Over Votes,0
Utah,25SF28,Nebo School District 4 Nebo,4,,Perry C. Ewell,56
Utah,25SF28,Nebo School District 4 Nebo,4,,Rick B. Ainge,106
Utah,25SF28,Nebo School District 4 Nebo,4,,Under Votes,8
Utah,25SF28,Registered Voters,,,,1173
Utah,25SF28,Registered Voters,,NP,,473
Utah,25SF28,Registered Voters,,REP,,700
Utah,25SF28,U.S. House,3,REP,Celeste Maloy,115
Utah,25SF28,U.S. House,3,REP,Over Votes,0
Utah,25SF28,U.S. House,3,REP,Phil Lyman,57
Utah,25SF28,U.S. House,3,REP,Under Votes,5
Utah,25SF28,Utah County Clerk,,REP,Aaron Davidson,67
Utah,25SF28,Utah County Clerk,,REP,Corey K Astill,101
Utah,25SF28,Utah County Clerk,,REP,Over Votes,0
Utah,25SF28,Utah County Clerk,,REP,Under Votes,9
Utah,25SF28,Utah County Commission Seat A,,REP,Brent V. Bowles,71
Utah,25SF28,Utah County Commission Seat A,,REP,Michelle Kaufusi,100
Utah,25SF28,Utah County Commission Seat A,,REP,Over Votes,0
Utah,25SF28,Utah County Commission Seat A,,REP,Under Votes,6
Utah,25SF28,Utah County Commission Seat B,,REP,Carolina Herrin,56
Utah,25SF28,Utah County Commission Seat B,,REP,David M. Spencer,50
Utah,25SF28,Utah County Commission Seat B,,REP,Isaac Paxman,66
Utah,25SF28,Utah County Commission Seat B,,REP,Over Votes,0
Utah,25SF28,Utah County Commission Seat B,,REP,Under Votes,5
Utah,25SF29,Ballots Cast,,,,272
Utah,25SF29,Ballots Cast,,NP,,48
Utah,25SF29,Ballots Cast,,REP,,224
Utah,25SF29,Ballots Cast Blank,,,,0
Utah,25SF29,Nebo School District 4 Nebo,4,,Braden Jensen,50
Utah,25SF29,Nebo School District 4 Nebo,4,,Over Votes,0
Utah,25SF29,Nebo School District 4 Nebo,4,,Perry C. Ewell,93
Utah,25SF29,Nebo School District 4 Nebo,4,,Rick B. Ainge,122
Utah,25SF29,Nebo School District 4 Nebo,4,,Under Votes,7
Utah,25SF29,Registered Voters,,,,1235
Utah,25SF29,Registered Voters,,NP,,399
Utah,25SF29,Registered Voters,,REP,,836
Utah,25SF29,U.S. House,3,REP,Celeste Maloy,149
Utah,25SF29,U.S. House,3,REP,Over Votes,0
Utah,25SF29,U.S. House,3,REP,Phil Lyman,72
Utah,25SF29,U.S. House,3,REP,Under Votes,3
Utah,25SF29,Utah County Clerk,,REP,Aaron Davidson,81
Utah,25SF29,Utah County Clerk,,REP,Corey K Astill,134
Utah,25SF29,Utah County Clerk,,REP,Over Votes,0
Utah,25SF29,Utah County Clerk,,REP,Under Votes,9
Utah,25SF29,Utah County Commission Seat A,,REP,Brent V. Bowles,79
Utah,25SF29,Utah County Commission Seat A,,REP,Michelle Kaufusi,142
Utah,25SF29,Utah County Commission Seat A,,REP,Over Votes,0
Utah,25SF29,Utah County Commission Seat A,,REP,Under Votes,3
Utah,25SF29,Utah County Commission Seat B,,REP,Carolina Herrin,66
Utah,25SF29,Utah County Commission Seat B,,REP,David M. Spencer,74
Utah,25SF29,Utah County Commission Seat B,,REP,Isaac Paxman,73
Utah,25SF29,Utah County Commission Seat B,,REP,Over Votes,0
Utah,25SF29,Utah County Commission Seat B,,REP,Under Votes,11
Utah,25SF30,Ballots Cast,,,,0
Utah,25SF30,Ballots Cast,,REP,,0
Utah,25SF30,Ballots Cast Blank,,,,0
Utah,25SF30,Registered Voters,,,,2
Utah,25SF30,Registered Voters,,REP,,2
Utah,25SF30,U.S. House,3,REP,Celeste Maloy,0
Utah,25SF30,U.S. House,3,REP,Over Votes,0
Utah,25SF30,U.S. House,3,REP,Phil Lyman,0
Utah,25SF30,U.S. House,3,REP,Under Votes,0
Utah,25SF30,Utah County Clerk,,REP,Aaron Davidson,0
Utah,25SF30,Utah County Clerk,,REP,Corey K Astill,0
Utah,25SF30,Utah County Clerk,,REP,Over Votes,0
Utah,25SF30,Utah County Clerk,,REP,Under Votes,0
Utah,25SF30,Utah County Commission Seat A,,REP,Brent V. Bowles,0
Utah,25SF30,Utah County Commission Seat A,,REP,Michelle Kaufusi,0
Utah,25SF30,Utah County Commission Seat A,,REP,Over Votes,0
Utah,25SF30,Utah County Commission Seat A,,REP,Under Votes,0
Utah,25SF30,Utah County Commission Seat B,,REP,Carolina Herrin,0
Utah,25SF30,Utah County Commission Seat B,,REP,David M. Spencer,0
Utah,25SF30,Utah County Commission Seat B,,REP,Isaac Paxman,0
Utah,25SF30,Utah County Commission Seat B,,REP,Over Votes,0
Utah,25SF30,Utah County Commission Seat B,,REP,Under Votes,0
Utah,25SL01,Ballots Cast,,,,92
Utah,25SL01,Ballots Cast,,REP,,92
Utah,25SL01,Ballots Cast Blank,,,,0
Utah,25SL01,Board Of Education District 14 (Multi-County),14,REP,Linda Hanks,62
Utah,25SL01,Board Of Education District 14 (Multi-County),14,REP,Nichole Beecher Isom,30
Utah,25SL01,Board Of Education District 14 (Multi-County),14,REP,Over Votes,0
Utah,25SL01,Board Of Education District 14 (Multi-County),14,REP,Under Votes,0
Utah,25SL01,Registered Voters,,,,226
Utah,25SL01,Registered Voters,,REP,,226
Utah,25SL01,U.S. House,3,REP,Celeste Maloy,53
Utah,25SL01,U.S. House,3,REP,Over Votes,0
Utah,25SL01,U.S. House,3,REP,Phil Lyman,39
Utah,25SL01,U.S. House,3,REP,Under Votes,0
Utah,25SL01,Utah County Clerk,,REP,Aaron Davidson,47
Utah,25SL01,Utah County Clerk,,REP,Corey K Astill,44
Utah,25SL01,Utah County Clerk,,REP,Over Votes,0
Utah,25SL01,Utah County Clerk,,REP,Under Votes,1
Utah,25SL01,Utah County Commission Seat A,,REP,Brent V. Bowles,57
Utah,25SL01,Utah County Commission Seat A,,REP,Michelle Kaufusi,35
Utah,25SL01,Utah County Commission Seat A,,REP,Over Votes,0
Utah,25SL01,Utah County Commission Seat A,,REP,Under Votes,0
Utah,25SL01,Utah County Commission Seat B,,REP,Carolina Herrin,25
Utah,25SL01,Utah County Commission Seat B,,REP,David M. Spencer,48
Utah,25SL01,Utah County Commission Seat B,,REP,Isaac Paxman,19
Utah,25SL01,Utah County Commission Seat B,,REP,Over Votes,0
Utah,25SL01,Utah County Commission Seat B,,REP,Under Votes,0
Utah,25SL02 Suppressed,Ballots Cast,,,,5
Utah,25SL02 Suppressed,Ballots Cast,,REP,,5
Utah,25SL02 Suppressed,Ballots Cast Blank,,,,0
Utah,25SL02 Suppressed,Registered Voters,,,,36
Utah,25SL02 Suppressed,Registered Voters,,REP,,36
Utah,25SP01,Ballots Cast,,,,100
Utah,25SP01,Ballots Cast,,REP,,100
Utah,25SP01,Ballots Cast Blank,,,,0
Utah,25SP01,Registered Voters,,,,392
Utah,25SP01,Registered Voters,,REP,,392
Utah,25SP01,U.S. House,3,REP,Celeste Maloy,58
Utah,25SP01,U.S. House,3,REP,Over Votes,0
Utah,25SP01,U.S. House,3,REP,Phil Lyman,35
Utah,25SP01,U.S. House,3,REP,Under Votes,7
Utah,25SP01,Utah County Clerk,,REP,Aaron Davidson,37
Utah,25SP01,Utah County Clerk,,REP,Corey K Astill,54
Utah,25SP01,Utah County Clerk,,REP,Over Votes,0
Utah,25SP01,Utah County Clerk,,REP,Under Votes,9
Utah,25SP01,Utah County Commission Seat A,,REP,Brent V. Bowles,37
Utah,25SP01,Utah County Commission Seat A,,REP,Michelle Kaufusi,61
Utah,25SP01,Utah County Commission Seat A,,REP,Over Votes,0
Utah,25SP01,Utah County Commission Seat A,,REP,Under Votes,2
Utah,25SP01,Utah County Commission Seat B,,REP,Carolina Herrin,31
Utah,25SP01,Utah County Commission Seat B,,REP,David M. Spencer,32
Utah,25SP01,Utah County Commission Seat B,,REP,Isaac Paxman,32
Utah,25SP01,Utah County Commission Seat B,,REP,Over Votes,0
Utah,25SP01,Utah County Commission Seat B,,REP,Under Votes,5
Utah,25SP02,Ballots Cast,,,,118
Utah,25SP02,Ballots Cast,,REP,,118
Utah,25SP02,Ballots Cast Blank,,,,0
Utah,25SP02,Registered Voters,,,,435
Utah,25SP02,Registered Voters,,REP,,435
Utah,25SP02,U.S. House,3,REP,Celeste Maloy,70
Utah,25SP02,U.S. House,3,REP,Over Votes,0
Utah,25SP02,U.S. House,3,REP,Phil Lyman,45
Utah,25SP02,U.S. House,3,REP,Under Votes,3
Utah,25SP02,Utah County Clerk,,REP,Aaron Davidson,60
Utah,25SP02,Utah County Clerk,,REP,Corey K Astill,55
Utah,25SP02,Utah County Clerk,,REP,Over Votes,0
Utah,25SP02,Utah County Clerk,,REP,Under Votes,3
Utah,25SP02,Utah County Commission Seat A,,REP,Brent V. Bowles,53
Utah,25SP02,Utah County Commission Seat A,,REP,Michelle Kaufusi,65
Utah,25SP02,Utah County Commission Seat A,,REP,Over Votes,0
Utah,25SP02,Utah County Commission Seat A,,REP,Under Votes,0
Utah,25SP02,Utah County Commission Seat B,,REP,Carolina Herrin,27
Utah,25SP02,Utah County Commission Seat B,,REP,David M. Spencer,57
Utah,25SP02,Utah County Commission Seat B,,REP,Isaac Paxman,31
Utah,25SP02,Utah County Commission Seat B,,REP,Over Votes,0
Utah,25SP02,Utah County Commission Seat B,,REP,Under Votes,3
Utah,25SP03,Ballots Cast,,,,166
Utah,25SP03,Ballots Cast,,REP,,166
Utah,25SP03,Ballots Cast Blank,,,,0
Utah,25SP03,Registered Voters,,,,427
Utah,25SP03,Registered Voters,,REP,,427
Utah,25SP03,U.S. House,3,REP,Celeste Maloy,122
Utah,25SP03,U.S. House,3,REP,Over Votes,0
Utah,25SP03,U.S. House,3,REP,Phil Lyman,39
Utah,25SP03,U.S. House,3,REP,Under Votes,5
Utah,25SP03,Utah County Clerk,,REP,Aaron Davidson,68
Utah,25SP03,Utah County Clerk,,REP,Corey K Astill,95
Utah,25SP03,Utah County Clerk,,REP,Over Votes,0
Utah,25SP03,Utah County Clerk,,REP,Under Votes,3
Utah,25SP03,Utah County Commission Seat A,,REP,Brent V. Bowles,60
Utah,25SP03,Utah County Commission Seat A,,REP,Michelle Kaufusi,104
Utah,25SP03,Utah County Commission Seat A,,REP,Over Votes,0
Utah,25SP03,Utah County Commission Seat A,,REP,Under Votes,2
Utah,25SP03,Utah County Commission Seat B,,REP,Carolina Herrin,44
Utah,25SP03,Utah County Commission Seat B,,REP,David M. Spencer,45
Utah,25SP03,Utah County Commission Seat B,,REP,Isaac Paxman,76
Utah,25SP03,Utah County Commission Seat B,,REP,Over Votes,0
Utah,25SP03,Utah County Commission Seat B,,REP,Under Votes,1
Utah,25SP04,Ballots Cast,,,,187
Utah,25SP04,Ballots Cast,,REP,,187
Utah,25SP04,Ballots Cast Blank,,,,0
Utah,25SP04,Registered Voters,,,,569
Utah,25SP04,Registered Voters,,REP,,569
Utah,25SP04,U.S. House,3,REP,Celeste Maloy,137
Utah,25SP04,U.S. House,3,REP,Over Votes,0
Utah,25SP04,U.S. House,3,REP,Phil Lyman,49
Utah,25SP04,U.S. House,3,REP,Under Votes,1
Utah,25SP04,Utah County Clerk,,REP,Aaron Davidson,91
Utah,25SP04,Utah County Clerk,,REP,Corey K Astill,91
Utah,25SP04,Utah County Clerk,,REP,Over Votes,0
Utah,25SP04,Utah County Clerk,,REP,Under Votes,5
Utah,25SP04,Utah County Commission Seat A,,REP,Brent V. Bowles,80
Utah,25SP04,Utah County Commission Seat A,,REP,Michelle Kaufusi,105
Utah,25SP04,Utah County Commission Seat A,,REP,Over Votes,0
Utah,25SP04,Utah County Commission Seat A,,REP,Under Votes,2
Utah,25SP04,Utah County Commission Seat B,,REP,Carolina Herrin,47
Utah,25SP04,Utah County Commission Seat B,,REP,David M. Spencer,68
Utah,25SP04,Utah County Commission Seat B,,REP,Isaac Paxman,71
Utah,25SP04,Utah County Commission Seat B,,REP,Over Votes,0
Utah,25SP04,Utah County Commission Seat B,,REP,Under Votes,1
Utah,25SP05,Ballots Cast,,,,229
Utah,25SP05,Ballots Cast,,REP,,229
Utah,25SP05,Ballots Cast Blank,,,,0
Utah,25SP05,Registered Voters,,,,578
Utah,25SP05,Registered Voters,,REP,,578
Utah,25SP05,U.S. House,3,REP,Celeste Maloy,152
Utah,25SP05,U.S. House,3,REP,Over Votes,0
Utah,25SP05,U.S. House,3,REP,Phil Lyman,71
Utah,25SP05,U.S. House,3,REP,Under Votes,6
Utah,25SP05,Utah County Clerk,,REP,Aaron Davidson,109
Utah,25SP05,Utah County Clerk,,REP,Corey K Astill,112
Utah,25SP05,Utah County Clerk,,REP,Over Votes,0
Utah,25SP05,Utah County Clerk,,REP,Under Votes,8
Utah,25SP05,Utah County Commission Seat A,,REP,Brent V. Bowles,106
Utah,25SP05,Utah County Commission Seat A,,REP,Michelle Kaufusi,121
Utah,25SP05,Utah County Commission Seat A,,REP,Over Votes,0
Utah,25SP05,Utah County Commission Seat A,,REP,Under Votes,2
Utah,25SP05,Utah County Commission Seat B,,REP,Carolina Herrin,62
Utah,25SP05,Utah County Commission Seat B,,REP,David M. Spencer,91
Utah,25SP05,Utah County Commission Seat B,,REP,Isaac Paxman,69
Utah,25SP05,Utah County Commission Seat B,,REP,Over Votes,0
Utah,25SP05,Utah County Commission Seat B,,REP,Under Votes,7
Utah,25SP06,Ballots Cast,,,,134
Utah,25SP06,Ballots Cast,,REP,,134
Utah,25SP06,Ballots Cast Blank,,,,0
Utah,25SP06,Registered Voters,,,,463
Utah,25SP06,Registered Voters,,REP,,463
Utah,25SP06,U.S. House,3,REP,Celeste Maloy,84
Utah,25SP06,U.S. House,3,REP,Over Votes,0
Utah,25SP06,U.S. House,3,REP,Phil Lyman,47
Utah,25SP06,U.S. House,3,REP,Under Votes,3
Utah,25SP06,Utah County Clerk,,REP,Aaron Davidson,46
Utah,25SP06,Utah County Clerk,,REP,Corey K Astill,84
Utah,25SP06,Utah County Clerk,,REP,Over Votes,0
Utah,25SP06,Utah County Clerk,,REP,Under Votes,4
Utah,25SP06,Utah County Commission Seat A,,REP,Brent V. Bowles,48
Utah,25SP06,Utah County Commission Seat A,,REP,Michelle Kaufusi,84
Utah,25SP06,Utah County Commission Seat A,,REP,Over Votes,1
Utah,25SP06,Utah County Commission Seat A,,REP,Under Votes,1
Utah,25SP06,Utah County Commission Seat B,,REP,Carolina Herrin,43
Utah,25SP06,Utah County Commission Seat B,,REP,David M. Spencer,44
Utah,25SP06,Utah County Commission Seat B,,REP,Isaac Paxman,43
Utah,25SP06,Utah County Commission Seat B,,REP,Over Votes,0
Utah,25SP06,Utah County Commission Seat B,,REP,Under Votes,4
Utah,25SP07,Ballots Cast,,,,226
Utah,25SP07,Ballots Cast,,REP,,226
Utah,25SP07,Ballots Cast Blank,,,,0
Utah,25SP07,Registered Voters,,,,640
Utah,25SP07,Registered Voters,,REP,,640
Utah,25SP07,U.S. House,3,REP,Celeste Maloy,149
Utah,25SP07,U.S. House,3,REP,Over Votes,0
Utah,25SP07,U.S. House,3,REP,Phil Lyman,72
Utah,25SP07,U.S. House,3,REP,Under Votes,5
Utah,25SP07,Utah County Clerk,,REP,Aaron Davidson,97
Utah,25SP07,Utah County Clerk,,REP,Corey K Astill,124
Utah,25SP07,Utah County Clerk,,REP,Over Votes,0
Utah,25SP07,Utah County Clerk,,REP,Under Votes,5
Utah,25SP07,Utah County Commission Seat A,,REP,Brent V. Bowles,92
Utah,25SP07,Utah County Commission Seat A,,REP,Michelle Kaufusi,130
Utah,25SP07,Utah County Commission Seat A,,REP,Over Votes,0
Utah,25SP07,Utah County Commission Seat A,,REP,Under Votes,4
Utah,25SP07,Utah County Commission Seat B,,REP,Carolina Herrin,57
Utah,25SP07,Utah County Commission Seat B,,REP,David M. Spencer,74
Utah,25SP07,Utah County Commission Seat B,,REP,Isaac Paxman,93
Utah,25SP07,Utah County Commission Seat B,,REP,Over Votes,0
Utah,25SP07,Utah County Commission Seat B,,REP,Under Votes,2
Utah,25SP08,Ballots Cast,,,,108
Utah,25SP08,Ballots Cast,,REP,,108
Utah,25SP08,Ballots Cast Blank,,,,0
Utah,25SP08,Registered Voters,,,,250
Utah,25SP08,Registered Voters,,REP,,250
Utah,25SP08,U.S. House,3,REP,Celeste Maloy,77
Utah,25SP08,U.S. House,3,REP,Over Votes,0
Utah,25SP08,U.S. House,3,REP,Phil Lyman,29
Utah,25SP08,U.S. House,3,REP,Under Votes,2
Utah,25SP08,Utah County Clerk,,REP,Aaron Davidson,41
Utah,25SP08,Utah County Clerk,,REP,Corey K Astill,66
Utah,25SP08,Utah County Clerk,,REP,Over Votes,0
Utah,25SP08,Utah County Clerk,,REP,Under Votes,1
Utah,25SP08,Utah County Commission Seat A,,REP,Brent V. Bowles,45
Utah,25SP08,Utah County Commission Seat A,,REP,Michelle Kaufusi,61
Utah,25SP08,Utah County Commission Seat A,,REP,Over Votes,0
Utah,25SP08,Utah County Commission Seat A,,REP,Under Votes,2
Utah,25SP08,Utah County Commission Seat B,,REP,Carolina Herrin,19
Utah,25SP08,Utah County Commission Seat B,,REP,David M. Spencer,44
Utah,25SP08,Utah County Commission Seat B,,REP,Isaac Paxman,44
Utah,25SP08,Utah County Commission Seat B,,REP,Over Votes,0
Utah,25SP08,Utah County Commission Seat B,,REP,Under Votes,1
Utah,25SP09,Ballots Cast,,,,220
Utah,25SP09,Ballots Cast,,REP,,220
Utah,25SP09,Ballots Cast Blank,,,,0
Utah,25SP09,Registered Voters,,,,550
Utah,25SP09,Registered Voters,,REP,,550
Utah,25SP09,U.S. House,3,REP,Celeste Maloy,160
Utah,25SP09,U.S. House,3,REP,Over Votes,0
Utah,25SP09,U.S. House,3,REP,Phil Lyman,54
Utah,25SP09,U.S. House,3,REP,Under Votes,6
Utah,25SP09,Utah County Clerk,,REP,Aaron Davidson,99
Utah,25SP09,Utah County Clerk,,REP,Corey K Astill,109
Utah,25SP09,Utah County Clerk,,REP,Over Votes,0
Utah,25SP09,Utah County Clerk,,REP,Under Votes,12
Utah,25SP09,Utah County Commission Seat A,,REP,Brent V. Bowles,84
Utah,25SP09,Utah County Commission Seat A,,REP,Michelle Kaufusi,131
Utah,25SP09,Utah County Commission Seat A,,REP,Over Votes,0
Utah,25SP09,Utah County Commission Seat A,,REP,Under Votes,5
Utah,25SP09,Utah County Commission Seat B,,REP,Carolina Herrin,56
Utah,25SP09,Utah County Commission Seat B,,REP,David M. Spencer,86
Utah,25SP09,Utah County Commission Seat B,,REP,Isaac Paxman,66
Utah,25SP09,Utah County Commission Seat B,,REP,Over Votes,0
Utah,25SP09,Utah County Commission Seat B,,REP,Under Votes,12
Utah,25SP10,Ballots Cast,,,,161
Utah,25SP10,Ballots Cast,,REP,,161
Utah,25SP10,Ballots Cast Blank,,,,0
Utah,25SP10,Registered Voters,,,,468
Utah,25SP10,Registered Voters,,REP,,468
Utah,25SP10,U.S. House,3,REP,Celeste Maloy,113
Utah,25SP10,U.S. House,3,REP,Over Votes,0
Utah,25SP10,U.S. House,3,REP,Phil Lyman,43
Utah,25SP10,U.S. House,3,REP,Under Votes,5
Utah,25SP10,Utah County Clerk,,REP,Aaron Davidson,64
Utah,25SP10,Utah County Clerk,,REP,Corey K Astill,92
Utah,25SP10,Utah County Clerk,,REP,Over Votes,0
Utah,25SP10,Utah County Clerk,,REP,Under Votes,5
Utah,25SP10,Utah County Commission Seat A,,REP,Brent V. Bowles,77
Utah,25SP10,Utah County Commission Seat A,,REP,Michelle Kaufusi,81
Utah,25SP10,Utah County Commission Seat A,,REP,Over Votes,0
Utah,25SP10,Utah County Commission Seat A,,REP,Under Votes,3
Utah,25SP10,Utah County Commission Seat B,,REP,Carolina Herrin,56
Utah,25SP10,Utah County Commission Seat B,,REP,David M. Spencer,39
Utah,25SP10,Utah County Commission Seat B,,REP,Isaac Paxman,62
Utah,25SP10,Utah County Commission Seat B,,REP,Over Votes,0
Utah,25SP10,Utah County Commission Seat B,,REP,Under Votes,4
Utah,25SP11,Ballots Cast,,,,140
Utah,25SP11,Ballots Cast,,REP,,140
Utah,25SP11,Ballots Cast Blank,,,,0
Utah,25SP11,Registered Voters,,,,354
Utah,25SP11,Registered Voters,,REP,,354
Utah,25SP11,U.S. House,3,REP,Celeste Maloy,105
Utah,25SP11,U.S. House,3,REP,Over Votes,0
Utah,25SP11,U.S. House,3,REP,Phil Lyman,33
Utah,25SP11,U.S. House,3,REP,Under Votes,2
Utah,25SP11,Utah County Clerk,,REP,Aaron Davidson,41
Utah,25SP11,Utah County Clerk,,REP,Corey K Astill,95
Utah,25SP11,Utah County Clerk,,REP,Over Votes,0
Utah,25SP11,Utah County Clerk,,REP,Under Votes,4
Utah,25SP11,Utah County Commission Seat A,,REP,Brent V. Bowles,59
Utah,25SP11,Utah County Commission Seat A,,REP,Michelle Kaufusi,81
Utah,25SP11,Utah County Commission Seat A,,REP,Over Votes,0
Utah,25SP11,Utah County Commission Seat A,,REP,Under Votes,0
Utah,25SP11,Utah County Commission Seat B,,REP,Carolina Herrin,23
Utah,25SP11,Utah County Commission Seat B,,REP,David M. Spencer,67
Utah,25SP11,Utah County Commission Seat B,,REP,Isaac Paxman,47
Utah,25SP11,Utah County Commission Seat B,,REP,Over Votes,0
Utah,25SP11,Utah County Commission Seat B,,REP,Under Votes,3
Utah,25SP12,Ballots Cast,,,,194
Utah,25SP12,Ballots Cast,,REP,,194
Utah,25SP12,Ballots Cast Blank,,,,0
Utah,25SP12,Registered Voters,,,,482
Utah,25SP12,Registered Voters,,REP,,482
Utah,25SP12,U.S. House,3,REP,Celeste Maloy,134
Utah,25SP12,U.S. House,3,REP,Over Votes,0
Utah,25SP12,U.S. House,3,REP,Phil Lyman,54
Utah,25SP12,U.S. House,3,REP,Under Votes,6
Utah,25SP12,Utah County Clerk,,REP,Aaron Davidson,80
Utah,25SP12,Utah County Clerk,,REP,Corey K Astill,105
Utah,25SP12,Utah County Clerk,,REP,Over Votes,0
Utah,25SP12,Utah County Clerk,,REP,Under Votes,9
Utah,25SP12,Utah County Commission Seat A,,REP,Brent V. Bowles,64
Utah,25SP12,Utah County Commission Seat A,,REP,Michelle Kaufusi,127
Utah,25SP12,Utah County Commission Seat A,,REP,Over Votes,0
Utah,25SP12,Utah County Commission Seat A,,REP,Under Votes,3
Utah,25SP12,Utah County Commission Seat B,,REP,Carolina Herrin,48
Utah,25SP12,Utah County Commission Seat B,,REP,David M. Spencer,60
Utah,25SP12,Utah County Commission Seat B,,REP,Isaac Paxman,82
Utah,25SP12,Utah County Commission Seat B,,REP,Over Votes,0
Utah,25SP12,Utah County Commission Seat B,,REP,Under Votes,4
Utah,25SP13,Ballots Cast,,,,185
Utah,25SP13,Ballots Cast,,REP,,185
Utah,25SP13,Ballots Cast Blank,,,,0
Utah,25SP13,Registered Voters,,,,474
Utah,25SP13,Registered Voters,,REP,,474
Utah,25SP13,U.S. House,3,REP,Celeste Maloy,139
Utah,25SP13,U.S. House,3,REP,Over Votes,0
Utah,25SP13,U.S. House,3,REP,Phil Lyman,43
Utah,25SP13,U.S. House,3,REP,Under Votes,3
Utah,25SP13,Utah County Clerk,,REP,Aaron Davidson,92
Utah,25SP13,Utah County Clerk,,REP,Corey K Astill,81
Utah,25SP13,Utah County Clerk,,REP,Over Votes,0
Utah,25SP13,Utah County Clerk,,REP,Under Votes,12
Utah,25SP13,Utah County Commission Seat A,,REP,Brent V. Bowles,58
Utah,25SP13,Utah County Commission Seat A,,REP,Michelle Kaufusi,126
Utah,25SP13,Utah County Commission Seat A,,REP,Over Votes,0
Utah,25SP13,Utah County Commission Seat A,,REP,Under Votes,1
Utah,25SP13,Utah County Commission Seat B,,REP,Carolina Herrin,43
Utah,25SP13,Utah County Commission Seat B,,REP,David M. Spencer,51
Utah,25SP13,Utah County Commission Seat B,,REP,Isaac Paxman,84
Utah,25SP13,Utah County Commission Seat B,,REP,Over Votes,0
Utah,25SP13,Utah County Commission Seat B,,REP,Under Votes,7
Utah,25SP14,Ballots Cast,,,,195
Utah,25SP14,Ballots Cast,,REP,,195
Utah,25SP14,Ballots Cast Blank,,,,0
Utah,25SP14,Registered Voters,,,,731
Utah,25SP14,Registered Voters,,REP,,731
Utah,25SP14,U.S. House,3,REP,Celeste Maloy,134
Utah,25SP14,U.S. House,3,REP,Over Votes,0
Utah,25SP14,U.S. House,3,REP,Phil Lyman,55
Utah,25SP14,U.S. House,3,REP,Under Votes,6
Utah,25SP14,Utah County Clerk,,REP,Aaron Davidson,76
Utah,25SP14,Utah County Clerk,,REP,Corey K Astill,111
Utah,25SP14,Utah County Clerk,,REP,Over Votes,0
Utah,25SP14,Utah County Clerk,,REP,Under Votes,8
Utah,25SP14,Utah County Commission Seat A,,REP,Brent V. Bowles,95
Utah,25SP14,Utah County Commission Seat A,,REP,Michelle Kaufusi,99
Utah,25SP14,Utah County Commission Seat A,,REP,Over Votes,0
Utah,25SP14,Utah County Commission Seat A,,REP,Under Votes,1
Utah,25SP14,Utah County Commission Seat B,,REP,Carolina Herrin,49
Utah,25SP14,Utah County Commission Seat B,,REP,David M. Spencer,63
Utah,25SP14,Utah County Commission Seat B,,REP,Isaac Paxman,79
Utah,25SP14,Utah County Commission Seat B,,REP,Over Votes,0
Utah,25SP14,Utah County Commission Seat B,,REP,Under Votes,4
Utah,25SP15,Ballots Cast,,,,51
Utah,25SP15,Ballots Cast,,REP,,51
Utah,25SP15,Ballots Cast Blank,,,,0
Utah,25SP15,Registered Voters,,,,321
Utah,25SP15,Registered Voters,,REP,,321
Utah,25SP15,U.S. House,3,REP,Celeste Maloy,32
Utah,25SP15,U.S. House,3,REP,Over Votes,0
Utah,25SP15,U.S. House,3,REP,Phil Lyman,18
Utah,25SP15,U.S. House,3,REP,Under Votes,1
Utah,25SP15,Utah County Clerk,,REP,Aaron Davidson,18
Utah,25SP15,Utah County Clerk,,REP,Corey K Astill,27
Utah,25SP15,Utah County Clerk,,REP,Over Votes,0
Utah,25SP15,Utah County Clerk,,REP,Under Votes,6
Utah,25SP15,Utah County Commission Seat A,,REP,Brent V. Bowles,24
Utah,25SP15,Utah County Commission Seat A,,REP,Michelle Kaufusi,25
Utah,25SP15,Utah County Commission Seat A,,REP,Over Votes,0
Utah,25SP15,Utah County Commission Seat A,,REP,Under Votes,2
Utah,25SP15,Utah County Commission Seat B,,REP,Carolina Herrin,19
Utah,25SP15,Utah County Commission Seat B,,REP,David M. Spencer,15
Utah,25SP15,Utah County Commission Seat B,,REP,Isaac Paxman,12
Utah,25SP15,Utah County Commission Seat B,,REP,Over Votes,0
Utah,25SP15,Utah County Commission Seat B,,REP,Under Votes,5
Utah,25SP16,Ballots Cast,,,,172
Utah,25SP16,Ballots Cast,,REP,,172
Utah,25SP16,Ballots Cast Blank,,,,0
Utah,25SP16,Registered Voters,,,,479
Utah,25SP16,Registered Voters,,REP,,479
Utah,25SP16,U.S. House,3,REP,Celeste Maloy,118
Utah,25SP16,U.S. House,3,REP,Over Votes,0
Utah,25SP16,U.S. House,3,REP,Phil Lyman,51
Utah,25SP16,U.S. House,3,REP,Under Votes,3
Utah,25SP16,Utah County Clerk,,REP,Aaron Davidson,79
Utah,25SP16,Utah County Clerk,,REP,Corey K Astill,87
Utah,25SP16,Utah County Clerk,,REP,Over Votes,0
Utah,25SP16,Utah County Clerk,,REP,Under Votes,6
Utah,25SP16,Utah County Commission Seat A,,REP,Brent V. Bowles,68
Utah,25SP16,Utah County Commission Seat A,,REP,Michelle Kaufusi,102
Utah,25SP16,Utah County Commission Seat A,,REP,Over Votes,0
Utah,25SP16,Utah County Commission Seat A,,REP,Under Votes,2
Utah,25SP16,Utah County Commission Seat B,,REP,Carolina Herrin,69
Utah,25SP16,Utah County Commission Seat B,,REP,David M. Spencer,48
Utah,25SP16,Utah County Commission Seat B,,REP,Isaac Paxman,52
Utah,25SP16,Utah County Commission Seat B,,REP,Over Votes,0
Utah,25SP16,Utah County Commission Seat B,,REP,Under Votes,3
Utah,25SP17,Ballots Cast,,,,71
Utah,25SP17,Ballots Cast,,REP,,71
Utah,25SP17,Ballots Cast Blank,,,,0
Utah,25SP17,Registered Voters,,,,382
Utah,25SP17,Registered Voters,,REP,,382
Utah,25SP17,U.S. House,3,REP,Celeste Maloy,48
Utah,25SP17,U.S. House,3,REP,Over Votes,0
Utah,25SP17,U.S. House,3,REP,Phil Lyman,21
Utah,25SP17,U.S. House,3,REP,Under Votes,2
Utah,25SP17,Utah County Clerk,,REP,Aaron Davidson,24
Utah,25SP17,Utah County Clerk,,REP,Corey K Astill,44
Utah,25SP17,Utah County Clerk,,REP,Over Votes,0
Utah,25SP17,Utah County Clerk,,REP,Under Votes,3
Utah,25SP17,Utah County Commission Seat A,,REP,Brent V. Bowles,28
Utah,25SP17,Utah County Commission Seat A,,REP,Michelle Kaufusi,42
Utah,25SP17,Utah County Commission Seat A,,REP,Over Votes,0
Utah,25SP17,Utah County Commission Seat A,,REP,Under Votes,1
Utah,25SP17,Utah County Commission Seat B,,REP,Carolina Herrin,17
Utah,25SP17,Utah County Commission Seat B,,REP,David M. Spencer,25
Utah,25SP17,Utah County Commission Seat B,,REP,Isaac Paxman,28
Utah,25SP17,Utah County Commission Seat B,,REP,Over Votes,0
Utah,25SP17,Utah County Commission Seat B,,REP,Under Votes,1
Utah,25SP18,Ballots Cast,,,,180
Utah,25SP18,Ballots Cast,,REP,,180
Utah,25SP18,Ballots Cast Blank,,,,0
Utah,25SP18,Registered Voters,,,,561
Utah,25SP18,Registered Voters,,REP,,561
Utah,25SP18,U.S. House,3,REP,Celeste Maloy,115
Utah,25SP18,U.S. House,3,REP,Over Votes,0
Utah,25SP18,U.S. House,3,REP,Phil Lyman,63
Utah,25SP18,U.S. House,3,REP,Under Votes,2
Utah,25SP18,Utah County Clerk,,REP,Aaron Davidson,88
Utah,25SP18,Utah County Clerk,,REP,Corey K Astill,89
Utah,25SP18,Utah County Clerk,,REP,Over Votes,0
Utah,25SP18,Utah County Clerk,,REP,Under Votes,3
Utah,25SP18,Utah County Commission Seat A,,REP,Brent V. Bowles,87
Utah,25SP18,Utah County Commission Seat A,,REP,Michelle Kaufusi,90
Utah,25SP18,Utah County Commission Seat A,,REP,Over Votes,0
Utah,25SP18,Utah County Commission Seat A,,REP,Under Votes,3
Utah,25SP18,Utah County Commission Seat B,,REP,Carolina Herrin,50
Utah,25SP18,Utah County Commission Seat B,,REP,David M. Spencer,75
Utah,25SP18,Utah County Commission Seat B,,REP,Isaac Paxman,50
Utah,25SP18,Utah County Commission Seat B,,REP,Over Votes,2
Utah,25SP18,Utah County Commission Seat B,,REP,Under Votes,3
Utah,25SP19,Ballots Cast,,,,64
Utah,25SP19,Ballots Cast,,REP,,64
Utah,25SP19,Ballots Cast Blank,,,,0
Utah,25SP19,Registered Voters,,,,308
Utah,25SP19,Registered Voters,,REP,,308
Utah,25SP19,U.S. House,3,REP,Celeste Maloy,33
Utah,25SP19,U.S. House,3,REP,Over Votes,0
Utah,25SP19,U.S. House,3,REP,Phil Lyman,28
Utah,25SP19,U.S. House,3,REP,Under Votes,3
Utah,25SP19,Utah County Clerk,,REP,Aaron Davidson,24
Utah,25SP19,Utah County Clerk,,REP,Corey K Astill,38
Utah,25SP19,Utah County Clerk,,REP,Over Votes,0
Utah,25SP19,Utah County Clerk,,REP,Under Votes,2
Utah,25SP19,Utah County Commission Seat A,,REP,Brent V. Bowles,36
Utah,25SP19,Utah County Commission Seat A,,REP,Michelle Kaufusi,28
Utah,25SP19,Utah County Commission Seat A,,REP,Over Votes,0
Utah,25SP19,Utah County Commission Seat A,,REP,Under Votes,0
Utah,25SP19,Utah County Commission Seat B,,REP,Carolina Herrin,19
Utah,25SP19,Utah County Commission Seat B,,REP,David M. Spencer,18
Utah,25SP19,Utah County Commission Seat B,,REP,Isaac Paxman,26
Utah,25SP19,Utah County Commission Seat B,,REP,Over Votes,0
Utah,25SP19,Utah County Commission Seat B,,REP,Under Votes,1
Utah,25SP20,Ballots Cast,,,,0
Utah,25SP20,Ballots Cast,,REP,,0
Utah,25SP20,Ballots Cast Blank,,,,0
Utah,25SP20,Registered Voters,,,,0
Utah,25SP20,Registered Voters,,REP,,0
Utah,25SP20,U.S. House,3,REP,Celeste Maloy,0
Utah,25SP20,U.S. House,3,REP,Over Votes,0
Utah,25SP20,U.S. House,3,REP,Phil Lyman,0
Utah,25SP20,U.S. House,3,REP,Under Votes,0
Utah,25SP20,Utah County Clerk,,REP,Aaron Davidson,0
Utah,25SP20,Utah County Clerk,,REP,Corey K Astill,0
Utah,25SP20,Utah County Clerk,,REP,Over Votes,0
Utah,25SP20,Utah County Clerk,,REP,Under Votes,0
Utah,25SP20,Utah County Commission Seat A,,REP,Brent V. Bowles,0
Utah,25SP20,Utah County Commission Seat A,,REP,Michelle Kaufusi,0
Utah,25SP20,Utah County Commission Seat A,,REP,Over Votes,0
Utah,25SP20,Utah County Commission Seat A,,REP,Under Votes,0
Utah,25SP20,Utah County Commission Seat B,,REP,Carolina Herrin,0
Utah,25SP20,Utah County Commission Seat B,,REP,David M. Spencer,0
Utah,25SP20,Utah County Commission Seat B,,REP,Isaac Paxman,0
Utah,25SP20,Utah County Commission Seat B,,REP,Over Votes,0
Utah,25SP20,Utah County Commission Seat B,,REP,Under Votes,0
Utah,25SP21,Ballots Cast,,,,180
Utah,25SP21,Ballots Cast,,REP,,180
Utah,25SP21,Ballots Cast Blank,,,,0
Utah,25SP21,Registered Voters,,,,511
Utah,25SP21,Registered Voters,,REP,,511
Utah,25SP21,U.S. House,3,REP,Celeste Maloy,113
Utah,25SP21,U.S. House,3,REP,Over Votes,0
Utah,25SP21,U.S. House,3,REP,Phil Lyman,64
Utah,25SP21,U.S. House,3,REP,Under Votes,3
Utah,25SP21,Utah County Clerk,,REP,Aaron Davidson,59
Utah,25SP21,Utah County Clerk,,REP,Corey K Astill,115
Utah,25SP21,Utah County Clerk,,REP,Over Votes,0
Utah,25SP21,Utah County Clerk,,REP,Under Votes,6
Utah,25SP21,Utah County Commission Seat A,,REP,Brent V. Bowles,87
Utah,25SP21,Utah County Commission Seat A,,REP,Michelle Kaufusi,92
Utah,25SP21,Utah County Commission Seat A,,REP,Over Votes,0
Utah,25SP21,Utah County Commission Seat A,,REP,Under Votes,1
Utah,25SP21,Utah County Commission Seat B,,REP,Carolina Herrin,56
Utah,25SP21,Utah County Commission Seat B,,REP,David M. Spencer,65
Utah,25SP21,Utah County Commission Seat B,,REP,Isaac Paxman,49
Utah,25SP21,Utah County Commission Seat B,,REP,Over Votes,2
Utah,25SP21,Utah County Commission Seat B,,REP,Under Votes,8
Utah,25SP22,Ballots Cast,,,,17
Utah,25SP22,Ballots Cast,,REP,,17
Utah,25SP22,Ballots Cast Blank,,,,1
Utah,25SP22,Registered Voters,,,,52
Utah,25SP22,Registered Voters,,REP,,52
Utah,25SP22,U.S. House,3,REP,Celeste Maloy,14
Utah,25SP22,U.S. House,3,REP,Over Votes,0
Utah,25SP22,U.S. House,3,REP,Phil Lyman,2
Utah,25SP22,U.S. House,3,REP,Under Votes,1
Utah,25SP22,Utah County Clerk,,REP,Aaron Davidson,3
Utah,25SP22,Utah County Clerk,,REP,Corey K Astill,11
Utah,25SP22,Utah County Clerk,,REP,Over Votes,0
Utah,25SP22,Utah County Clerk,,REP,Under Votes,3
Utah,25SP22,Utah County Commission Seat A,,REP,Brent V. Bowles,5
Utah,25SP22,Utah County Commission Seat A,,REP,Michelle Kaufusi,9
Utah,25SP22,Utah County Commission Seat A,,REP,Over Votes,0
Utah,25SP22,Utah County Commission Seat A,,REP,Under Votes,3
Utah,25SP22,Utah County Commission Seat B,,REP,Carolina Herrin,8
Utah,25SP22,Utah County Commission Seat B,,REP,David M. Spencer,3
Utah,25SP22,Utah County Commission Seat B,,REP,Isaac Paxman,3
Utah,25SP22,Utah County Commission Seat B,,REP,Over Votes,0
Utah,25SP22,Utah County Commission Seat B,,REP,Under Votes,3
Utah,25SP23,Ballots Cast,,,,73
Utah,25SP23,Ballots Cast,,REP,,73
Utah,25SP23,Ballots Cast Blank,,,,0
Utah,25SP23,Registered Voters,,,,268
Utah,25SP23,Registered Voters,,REP,,268
Utah,25SP23,U.S. House,3,REP,Celeste Maloy,50
Utah,25SP23,U.S. House,3,REP,Over Votes,0
Utah,25SP23,U.S. House,3,REP,Phil Lyman,23
Utah,25SP23,U.S. House,3,REP,Under Votes,0
Utah,25SP23,Utah County Clerk,,REP,Aaron Davidson,24
Utah,25SP23,Utah County Clerk,,REP,Corey K Astill,45
Utah,25SP23,Utah County Clerk,,REP,Over Votes,0
Utah,25SP23,Utah County Clerk,,REP,Under Votes,4
Utah,25SP23,Utah County Commission Seat A,,REP,Brent V. Bowles,35
Utah,25SP23,Utah County Commission Seat A,,REP,Michelle Kaufusi,35
Utah,25SP23,Utah County Commission Seat A,,REP,Over Votes,0
Utah,25SP23,Utah County Commission Seat A,,REP,Under Votes,3
Utah,25SP23,Utah County Commission Seat B,,REP,Carolina Herrin,14
Utah,25SP23,Utah County Commission Seat B,,REP,David M. Spencer,23
Utah,25SP23,Utah County Commission Seat B,,REP,Isaac Paxman,31
Utah,25SP23,Utah County Commission Seat B,,REP,Over Votes,0
Utah,25SP23,Utah County Commission Seat B,,REP,Under Votes,5
Utah,25SP24,Ballots Cast,,,,141
Utah,25SP24,Ballots Cast,,REP,,141
Utah,25SP24,Ballots Cast Blank,,,,0
Utah,25SP24,Registered Voters,,,,519
Utah,25SP24,Registered Voters,,REP,,519
Utah,25SP24,U.S. House,3,REP,Celeste Maloy,86
Utah,25SP24,U.S. House,3,REP,Over Votes,0
Utah,25SP24,U.S. House,3,REP,Phil Lyman,52
Utah,25SP24,U.S. House,3,REP,Under Votes,3
Utah,25SP24,Utah County Clerk,,REP,Aaron Davidson,45
Utah,25SP24,Utah County Clerk,,REP,Corey K Astill,93
Utah,25SP24,Utah County Clerk,,REP,Over Votes,0
Utah,25SP24,Utah County Clerk,,REP,Under Votes,3
Utah,25SP24,Utah County Commission Seat A,,REP,Brent V. Bowles,66
Utah,25SP24,Utah County Commission Seat A,,REP,Michelle Kaufusi,75
Utah,25SP24,Utah County Commission Seat A,,REP,Over Votes,0
Utah,25SP24,Utah County Commission Seat A,,REP,Under Votes,0
Utah,25SP24,Utah County Commission Seat B,,REP,Carolina Herrin,28
Utah,25SP24,Utah County Commission Seat B,,REP,David M. Spencer,57
Utah,25SP24,Utah County Commission Seat B,,REP,Isaac Paxman,50
Utah,25SP24,Utah County Commission Seat B,,REP,Over Votes,0
Utah,25SP24,Utah County Commission Seat B,,REP,Under Votes,6
Utah,25SQ01,Ballots Cast,,,,121
Utah,25SQ01,Ballots Cast,,REP,,121
Utah,25SQ01,Ballots Cast Blank,,,,0
Utah,25SQ01,Board Of Education District 14 (Multi-County),14,REP,Linda Hanks,78
Utah,25SQ01,Board Of Education District 14 (Multi-County),14,REP,Nichole Beecher Isom,42
Utah,25SQ01,Board Of Education District 14 (Multi-County),14,REP,Over Votes,0
Utah,25SQ01,Board Of Education District 14 (Multi-County),14,REP,Under Votes,1
Utah,25SQ01,Registered Voters,,,,727
Utah,25SQ01,Registered Voters,,REP,,727
Utah,25SQ01,Utah County Clerk,,REP,Aaron Davidson,69
Utah,25SQ01,Utah County Clerk,,REP,Corey K Astill,51
Utah,25SQ01,Utah County Clerk,,REP,Over Votes,0
Utah,25SQ01,Utah County Clerk,,REP,Under Votes,1
Utah,25SQ01,Utah County Commission Seat A,,REP,Brent V. Bowles,67
Utah,25SQ01,Utah County Commission Seat A,,REP,Michelle Kaufusi,54
Utah,25SQ01,Utah County Commission Seat A,,REP,Over Votes,0
Utah,25SQ01,Utah County Commission Seat A,,REP,Under Votes,0
Utah,25SQ01,Utah County Commission Seat B,,REP,Carolina Herrin,28
Utah,25SQ01,Utah County Commission Seat B,,REP,David M. Spencer,54
Utah,25SQ01,Utah County Commission Seat B,,REP,Isaac Paxman,39
Utah,25SQ01,Utah County Commission Seat B,,REP,Over Votes,0
Utah,25SQ01,Utah County Commission Seat B,,REP,Under Votes,0
Utah,25SQ02,Ballots Cast,,,,112
Utah,25SQ02,Ballots Cast,,REP,,112
Utah,25SQ02,Ballots Cast Blank,,,,0
Utah,25SQ02,Board Of Education District 14 (Multi-County),14,REP,Linda Hanks,65
Utah,25SQ02,Board Of Education District 14 (Multi-County),14,REP,Nichole Beecher Isom,45
Utah,25SQ02,Board Of Education District 14 (Multi-County),14,REP,Over Votes,0
Utah,25SQ02,Board Of Education District 14 (Multi-County),14,REP,Under Votes,2
Utah,25SQ02,Registered Voters,,,,727
Utah,25SQ02,Registered Voters,,REP,,727
Utah,25SQ02,Utah County Clerk,,REP,Aaron Davidson,48
Utah,25SQ02,Utah County Clerk,,REP,Corey K Astill,61
Utah,25SQ02,Utah County Clerk,,REP,Over Votes,0
Utah,25SQ02,Utah County Clerk,,REP,Under Votes,3
Utah,25SQ02,Utah County Commission Seat A,,REP,Brent V. Bowles,64
Utah,25SQ02,Utah County Commission Seat A,,REP,Michelle Kaufusi,48
Utah,25SQ02,Utah County Commission Seat A,,REP,Over Votes,0
Utah,25SQ02,Utah County Commission Seat A,,REP,Under Votes,0
Utah,25SQ02,Utah County Commission Seat B,,REP,Carolina Herrin,26
Utah,25SQ02,Utah County Commission Seat B,,REP,David M. Spencer,55
Utah,25SQ02,Utah County Commission Seat B,,REP,Isaac Paxman,29
Utah,25SQ02,Utah County Commission Seat B,,REP,Over Votes,0
Utah,25SQ02,Utah County Commission Seat B,,REP,Under Votes,2
Utah,25SQ03,Ballots Cast,,,,133
Utah,25SQ03,Ballots Cast,,REP,,133
Utah,25SQ03,Ballots Cast Blank,,,,0
Utah,25SQ03,Board Of Education District 14 (Multi-County),14,REP,Linda Hanks,58
Utah,25SQ03,Board Of Education District 14 (Multi-County),14,REP,Nichole Beecher Isom,73
Utah,25SQ03,Board Of Education District 14 (Multi-County),14,REP,Over Votes,0
Utah,25SQ03,Board Of Education District 14 (Multi-County),14,REP,Under Votes,2
Utah,25SQ03,Registered Voters,,,,504
Utah,25SQ03,Registered Voters,,REP,,504
Utah,25SQ03,Utah County Clerk,,REP,Aaron Davidson,78
Utah,25SQ03,Utah County Clerk,,REP,Corey K Astill,51
Utah,25SQ03,Utah County Clerk,,REP,Over Votes,0
Utah,25SQ03,Utah County Clerk,,REP,Under Votes,4
Utah,25SQ03,Utah County Commission Seat A,,REP,Brent V. Bowles,81
Utah,25SQ03,Utah County Commission Seat A,,REP,Michelle Kaufusi,51
Utah,25SQ03,Utah County Commission Seat A,,REP,Over Votes,0
Utah,25SQ03,Utah County Commission Seat A,,REP,Under Votes,1
Utah,25SQ03,Utah County Commission Seat B,,REP,Carolina Herrin,39
Utah,25SQ03,Utah County Commission Seat B,,REP,David M. Spencer,70
Utah,25SQ03,Utah County Commission Seat B,,REP,Isaac Paxman,22
Utah,25SQ03,Utah County Commission Seat B,,REP,Over Votes,0
Utah,25SQ03,Utah County Commission Seat B,,REP,Under Votes,2
Utah,25SQ04,Ballots Cast,,,,164
Utah,25SQ04,Ballots Cast,,REP,,164
Utah,25SQ04,Ballots Cast Blank,,,,0
Utah,25SQ04,Board Of Education District 14 (Multi-County),14,REP,Linda Hanks,98
Utah,25SQ04,Board Of Education District 14 (Multi-County),14,REP,Nichole Beecher Isom,66
Utah,25SQ04,Board Of Education District 14 (Multi-County),14,REP,Over Votes,0
Utah,25SQ04,Board Of Education District 14 (Multi-County),14,REP,Under Votes,0
Utah,25SQ04,Registered Voters,,,,652
Utah,25SQ04,Registered Voters,,REP,,652
Utah,25SQ04,Utah County Clerk,,REP,Aaron Davidson,90
Utah,25SQ04,Utah County Clerk,,REP,Corey K Astill,71
Utah,25SQ04,Utah County Clerk,,REP,Over Votes,0
Utah,25SQ04,Utah County Clerk,,REP,Under Votes,3
Utah,25SQ04,Utah County Commission Seat A,,REP,Brent V. Bowles,94
Utah,25SQ04,Utah County Commission Seat A,,REP,Michelle Kaufusi,70
Utah,25SQ04,Utah County Commission Seat A,,REP,Over Votes,0
Utah,25SQ04,Utah County Commission Seat A,,REP,Under Votes,0
Utah,25SQ04,Utah County Commission Seat B,,REP,Carolina Herrin,42
Utah,25SQ04,Utah County Commission Seat B,,REP,David M. Spencer,73
Utah,25SQ04,Utah County Commission Seat B,,REP,Isaac Paxman,49
Utah,25SQ04,Utah County Commission Seat B,,REP,Over Votes,0
Utah,25SQ04,Utah County Commission Seat B,,REP,Under Votes,0
Utah,25SQ05,Ballots Cast,,,,156
Utah,25SQ05,Ballots Cast,,REP,,156
Utah,25SQ05,Ballots Cast Blank,,,,0
Utah,25SQ05,Board Of Education District 14 (Multi-County),14,REP,Linda Hanks,93
Utah,25SQ05,Board Of Education District 14 (Multi-County),14,REP,Nichole Beecher Isom,58
Utah,25SQ05,Board Of Education District 14 (Multi-County),14,REP,Over Votes,0
Utah,25SQ05,Board Of Education District 14 (Multi-County),14,REP,Under Votes,5
Utah,25SQ05,Registered Voters,,,,666
Utah,25SQ05,Registered Voters,,REP,,666
Utah,25SQ05,Utah County Clerk,,REP,Aaron Davidson,79
Utah,25SQ05,Utah County Clerk,,REP,Corey K Astill,73
Utah,25SQ05,Utah County Clerk,,REP,Over Votes,0
Utah,25SQ05,Utah County Clerk,,REP,Under Votes,4
Utah,25SQ05,Utah County Commission Seat A,,REP,Brent V. Bowles,84
Utah,25SQ05,Utah County Commission Seat A,,REP,Michelle Kaufusi,70
Utah,25SQ05,Utah County Commission Seat A,,REP,Over Votes,0
Utah,25SQ05,Utah County Commission Seat A,,REP,Under Votes,2
Utah,25SQ05,Utah County Commission Seat B,,REP,Carolina Herrin,38
Utah,25SQ05,Utah County Commission Seat B,,REP,David M. Spencer,76
Utah,25SQ05,Utah County Commission Seat B,,REP,Isaac Paxman,40
Utah,25SQ05,Utah County Commission Seat B,,REP,Over Votes,0
Utah,25SQ05,Utah County Commission Seat B,,REP,Under Votes,2
Utah,25SQ06,Ballots Cast,,,,72
Utah,25SQ06,Ballots Cast,,REP,,72
Utah,25SQ06,Ballots Cast Blank,,,,0
Utah,25SQ06,Board Of Education District 14 (Multi-County),14,REP,Linda Hanks,38
Utah,25SQ06,Board Of Education District 14 (Multi-County),14,REP,Nichole Beecher Isom,32
Utah,25SQ06,Board Of Education District 14 (Multi-County),14,REP,Over Votes,0
Utah,25SQ06,Board Of Education District 14 (Multi-County),14,REP,Under Votes,2
Utah,25SQ06,Registered Voters,,,,517
Utah,25SQ06,Registered Voters,,REP,,517
Utah,25SQ06,Utah County Clerk,,REP,Aaron Davidson,40
Utah,25SQ06,Utah County Clerk,,REP,Corey K Astill,30
Utah,25SQ06,Utah County Clerk,,REP,Over Votes,0
Utah,25SQ06,Utah County Clerk,,REP,Under Votes,2
Utah,25SQ06,Utah County Commission Seat A,,REP,Brent V. Bowles,35
Utah,25SQ06,Utah County Commission Seat A,,REP,Michelle Kaufusi,37
Utah,25SQ06,Utah County Commission Seat A,,REP,Over Votes,0
Utah,25SQ06,Utah County Commission Seat A,,REP,Under Votes,0
Utah,25SQ06,Utah County Commission Seat B,,REP,Carolina Herrin,24
Utah,25SQ06,Utah County Commission Seat B,,REP,David M. Spencer,30
Utah,25SQ06,Utah County Commission Seat B,,REP,Isaac Paxman,18
Utah,25SQ06,Utah County Commission Seat B,,REP,Over Votes,0
Utah,25SQ06,Utah County Commission Seat B,,REP,Under Votes,0
Utah,25SQ07,Ballots Cast,,,,131
Utah,25SQ07,Ballots Cast,,REP,,131
Utah,25SQ07,Ballots Cast Blank,,,,0
Utah,25SQ07,Board Of Education District 14 (Multi-County),14,REP,Linda Hanks,74
Utah,25SQ07,Board Of Education District 14 (Multi-County),14,REP,Nichole Beecher Isom,56
Utah,25SQ07,Board Of Education District 14 (Multi-County),14,REP,Over Votes,0
Utah,25SQ07,Board Of Education District 14 (Multi-County),14,REP,Under Votes,1
Utah,25SQ07,Registered Voters,,,,795
Utah,25SQ07,Registered Voters,,REP,,795
Utah,25SQ07,Utah County Clerk,,REP,Aaron Davidson,57
Utah,25SQ07,Utah County Clerk,,REP,Corey K Astill,69
Utah,25SQ07,Utah County Clerk,,REP,Over Votes,0
Utah,25SQ07,Utah County Clerk,,REP,Under Votes,5
Utah,25SQ07,Utah County Commission Seat A,,REP,Brent V. Bowles,70
Utah,25SQ07,Utah County Commission Seat A,,REP,Michelle Kaufusi,59
Utah,25SQ07,Utah County Commission Seat A,,REP,Over Votes,0
Utah,25SQ07,Utah County Commission Seat A,,REP,Under Votes,2
Utah,25SQ07,Utah County Commission Seat B,,REP,Carolina Herrin,55
Utah,25SQ07,Utah County Commission Seat B,,REP,David M. Spencer,49
Utah,25SQ07,Utah County Commission Seat B,,REP,Isaac Paxman,25
Utah,25SQ07,Utah County Commission Seat B,,REP,Over Votes,0
Utah,25SQ07,Utah County Commission Seat B,,REP,Under Votes,2
Utah,25SQ08,Ballots Cast,,,,174
Utah,25SQ08,Ballots Cast,,REP,,174
Utah,25SQ08,Ballots Cast Blank,,,,0
Utah,25SQ08,Board Of Education District 14 (Multi-County),14,REP,Linda Hanks,108
Utah,25SQ08,Board Of Education District 14 (Multi-County),14,REP,Nichole Beecher Isom,60
Utah,25SQ08,Board Of Education District 14 (Multi-County),14,REP,Over Votes,0
Utah,25SQ08,Board Of Education District 14 (Multi-County),14,REP,Under Votes,6
Utah,25SQ08,Registered Voters,,,,898
Utah,25SQ08,Registered Voters,,REP,,898
Utah,25SQ08,Utah County Clerk,,REP,Aaron Davidson,69
Utah,25SQ08,Utah County Clerk,,REP,Corey K Astill,100
Utah,25SQ08,Utah County Clerk,,REP,Over Votes,0
Utah,25SQ08,Utah County Clerk,,REP,Under Votes,5
Utah,25SQ08,Utah County Commission Seat A,,REP,Brent V. Bowles,94
Utah,25SQ08,Utah County Commission Seat A,,REP,Michelle Kaufusi,79
Utah,25SQ08,Utah County Commission Seat A,,REP,Over Votes,0
Utah,25SQ08,Utah County Commission Seat A,,REP,Under Votes,1
Utah,25SQ08,Utah County Commission Seat B,,REP,Carolina Herrin,36
Utah,25SQ08,Utah County Commission Seat B,,REP,David M. Spencer,101
Utah,25SQ08,Utah County Commission Seat B,,REP,Isaac Paxman,34
Utah,25SQ08,Utah County Commission Seat B,,REP,Over Votes,0
Utah,25SQ08,Utah County Commission Seat B,,REP,Under Votes,3
Utah,25SQ09,Ballots Cast,,,,88
Utah,25SQ09,Ballots Cast,,REP,,88
Utah,25SQ09,Ballots Cast Blank,,,,0
Utah,25SQ09,Board Of Education District 14 (Multi-County),14,REP,Linda Hanks,44
Utah,25SQ09,Board Of Education District 14 (Multi-County),14,REP,Nichole Beecher Isom,42
Utah,25SQ09,Board Of Education District 14 (Multi-County),14,REP,Over Votes,0
Utah,25SQ09,Board Of Education District 14 (Multi-County),14,REP,Under Votes,2
Utah,25SQ09,Registered Voters,,,,470
Utah,25SQ09,Registered Voters,,REP,,470
Utah,25SQ09,Utah County Clerk,,REP,Aaron Davidson,44
Utah,25SQ09,Utah County Clerk,,REP,Corey K Astill,42
Utah,25SQ09,Utah County Clerk,,REP,Over Votes,0
Utah,25SQ09,Utah County Clerk,,REP,Under Votes,2
Utah,25SQ09,Utah County Commission Seat A,,REP,Brent V. Bowles,40
Utah,25SQ09,Utah County Commission Seat A,,REP,Michelle Kaufusi,48
Utah,25SQ09,Utah County Commission Seat A,,REP,Over Votes,0
Utah,25SQ09,Utah County Commission Seat A,,REP,Under Votes,0
Utah,25SQ09,Utah County Commission Seat B,,REP,Carolina Herrin,19
Utah,25SQ09,Utah County Commission Seat B,,REP,David M. Spencer,43
Utah,25SQ09,Utah County Commission Seat B,,REP,Isaac Paxman,25
Utah,25SQ09,Utah County Commission Seat B,,REP,Over Votes,0
Utah,25SQ09,Utah County Commission Seat B,,REP,Under Votes,1
Utah,25SR01,Ballots Cast,,,,66
Utah,25SR01,Ballots Cast,,REP,,66
Utah,25SR01,Ballots Cast Blank,,,,0
Utah,25SR01,Registered Voters,,,,381
Utah,25SR01,Registered Voters,,REP,,381
Utah,25SR01,Senate,18,REP,Daniel McCay,20
Utah,25SR01,Senate,18,REP,Doug Fiefia,46
Utah,25SR01,Senate,18,REP,Over Votes,0
Utah,25SR01,Senate,18,REP,Under Votes,0
Utah,25SR01,Utah County Clerk,,REP,Aaron Davidson,23
Utah,25SR01,Utah County Clerk,,REP,Corey K Astill,42
Utah,25SR01,Utah County Clerk,,REP,Over Votes,0
Utah,25SR01,Utah County Clerk,,REP,Under Votes,1
Utah,25SR01,Utah County Commission Seat A,,REP,Brent V. Bowles,17
Utah,25SR01,Utah County Commission Seat A,,REP,Michelle Kaufusi,48
Utah,25SR01,Utah County Commission Seat A,,REP,Over Votes,0
Utah,25SR01,Utah County Commission Seat A,,REP,Under Votes,1
Utah,25SR01,Utah County Commission Seat B,,REP,Carolina Herrin,16
Utah,25SR01,Utah County Commission Seat B,,REP,David M. Spencer,20
Utah,25SR01,Utah County Commission Seat B,,REP,Isaac Paxman,29
Utah,25SR01,Utah County Commission Seat B,,REP,Over Votes,0
Utah,25SR01,Utah County Commission Seat B,,REP,Under Votes,1
Utah,25SR02,Ballots Cast,,,,94
Utah,25SR02,Ballots Cast,,REP,,94
Utah,25SR02,Ballots Cast Blank,,,,0
Utah,25SR02,Registered Voters,,,,392
Utah,25SR02,Registered Voters,,REP,,392
Utah,25SR02,Senate,18,REP,Daniel McCay,24
Utah,25SR02,Senate,18,REP,Doug Fiefia,70
Utah,25SR02,Senate,18,REP,Over Votes,0
Utah,25SR02,Senate,18,REP,Under Votes,0
Utah,25SR02,Utah County Clerk,,REP,Aaron Davidson,43
Utah,25SR02,Utah County Clerk,,REP,Corey K Astill,49
Utah,25SR02,Utah County Clerk,,REP,Over Votes,0
Utah,25SR02,Utah County Clerk,,REP,Under Votes,2
Utah,25SR02,Utah County Commission Seat A,,REP,Brent V. Bowles,45
Utah,25SR02,Utah County Commission Seat A,,REP,Michelle Kaufusi,48
Utah,25SR02,Utah County Commission Seat A,,REP,Over Votes,0
Utah,25SR02,Utah County Commission Seat A,,REP,Under Votes,1
Utah,25SR02,Utah County Commission Seat B,,REP,Carolina Herrin,20
Utah,25SR02,Utah County Commission Seat B,,REP,David M. Spencer,36
Utah,25SR02,Utah County Commission Seat B,,REP,Isaac Paxman,35
Utah,25SR02,Utah County Commission Seat B,,REP,Over Votes,0
Utah,25SR02,Utah County Commission Seat B,,REP,Under Votes,3
Utah,25SR03,Ballots Cast,,,,100
Utah,25SR03,Ballots Cast,,REP,,100
Utah,25SR03,Ballots Cast Blank,,,,0
Utah,25SR03,Registered Voters,,,,642
Utah,25SR03,Registered Voters,,REP,,642
Utah,25SR03,Senate,18,REP,Daniel McCay,30
Utah,25SR03,Senate,18,REP,Doug Fiefia,70
Utah,25SR03,Senate,18,REP,Over Votes,0
Utah,25SR03,Senate,18,REP,Under Votes,0
Utah,25SR03,Utah County Clerk,,REP,Aaron Davidson,27
Utah,25SR03,Utah County Clerk,,REP,Corey K Astill,71
Utah,25SR03,Utah County Clerk,,REP,Over Votes,0
Utah,25SR03,Utah County Clerk,,REP,Under Votes,2
Utah,25SR03,Utah County Commission Seat A,,REP,Brent V. Bowles,40
Utah,25SR03,Utah County Commission Seat A,,REP,Michelle Kaufusi,58
Utah,25SR03,Utah County Commission Seat A,,REP,Over Votes,0
Utah,25SR03,Utah County Commission Seat A,,REP,Under Votes,2
Utah,25SR03,Utah County Commission Seat B,,REP,Carolina Herrin,23
Utah,25SR03,Utah County Commission Seat B,,REP,David M. Spencer,43
Utah,25SR03,Utah County Commission Seat B,,REP,Isaac Paxman,31
Utah,25SR03,Utah County Commission Seat B,,REP,Over Votes,0
Utah,25SR03,Utah County Commission Seat B,,REP,Under Votes,3
Utah,25SR04,Ballots Cast,,,,148
Utah,25SR04,Ballots Cast,,REP,,148
Utah,25SR04,Ballots Cast Blank,,,,0
Utah,25SR04,Registered Voters,,,,918
Utah,25SR04,Registered Voters,,REP,,918
Utah,25SR04,Senate,18,REP,Daniel McCay,58
Utah,25SR04,Senate,18,REP,Doug Fiefia,90
Utah,25SR04,Senate,18,REP,Over Votes,0
Utah,25SR04,Senate,18,REP,Under Votes,0
Utah,25SR04,Utah County Clerk,,REP,Aaron Davidson,57
Utah,25SR04,Utah County Clerk,,REP,Corey K Astill,84
Utah,25SR04,Utah County Clerk,,REP,Over Votes,0
Utah,25SR04,Utah County Clerk,,REP,Under Votes,7
Utah,25SR04,Utah County Commission Seat A,,REP,Brent V. Bowles,71
Utah,25SR04,Utah County Commission Seat A,,REP,Michelle Kaufusi,76
Utah,25SR04,Utah County Commission Seat A,,REP,Over Votes,0
Utah,25SR04,Utah County Commission Seat A,,REP,Under Votes,1
Utah,25SR04,Utah County Commission Seat B,,REP,Carolina Herrin,42
Utah,25SR04,Utah County Commission Seat B,,REP,David M. Spencer,53
Utah,25SR04,Utah County Commission Seat B,,REP,Isaac Paxman,45
Utah,25SR04,Utah County Commission Seat B,,REP,Over Votes,0
Utah,25SR04,Utah County Commission Seat B,,REP,Under Votes,8
Utah,25SR05,Ballots Cast,,,,0
Utah,25SR05,Ballots Cast,,REP,,0
Utah,25SR05,Ballots Cast Blank,,,,0
Utah,25SR05,Registered Voters,,,,0
Utah,25SR05,Registered Voters,,REP,,0
Utah,25SR05,Utah County Clerk,,REP,Aaron Davidson,0
Utah,25SR05,Utah County Clerk,,REP,Corey K Astill,0
Utah,25SR05,Utah County Clerk,,REP,Over Votes,0
Utah,25SR05,Utah County Clerk,,REP,Under Votes,0
Utah,25SR05,Utah County Commission Seat A,,REP,Brent V. Bowles,0
Utah,25SR05,Utah County Commission Seat A,,REP,Michelle Kaufusi,0
Utah,25SR05,Utah County Commission Seat A,,REP,Over Votes,0
Utah,25SR05,Utah County Commission Seat A,,REP,Under Votes,0
Utah,25SR05,Utah County Commission Seat B,,REP,Carolina Herrin,0
Utah,25SR05,Utah County Commission Seat B,,REP,David M. Spencer,0
Utah,25SR05,Utah County Commission Seat B,,REP,Isaac Paxman,0
Utah,25SR05,Utah County Commission Seat B,,REP,Over Votes,0
Utah,25SR05,Utah County Commission Seat B,,REP,Under Votes,0
Utah,25SR06,Ballots Cast,,,,103
Utah,25SR06,Ballots Cast,,REP,,103
Utah,25SR06,Ballots Cast Blank,,,,0
Utah,25SR06,Registered Voters,,,,547
Utah,25SR06,Registered Voters,,REP,,547
Utah,25SR06,Utah County Clerk,,REP,Aaron Davidson,31
Utah,25SR06,Utah County Clerk,,REP,Corey K Astill,71
Utah,25SR06,Utah County Clerk,,REP,Over Votes,0
Utah,25SR06,Utah County Clerk,,REP,Under Votes,1
Utah,25SR06,Utah County Commission Seat A,,REP,Brent V. Bowles,43
Utah,25SR06,Utah County Commission Seat A,,REP,Michelle Kaufusi,59
Utah,25SR06,Utah County Commission Seat A,,REP,Over Votes,0
Utah,25SR06,Utah County Commission Seat A,,REP,Under Votes,1
Utah,25SR06,Utah County Commission Seat B,,REP,Carolina Herrin,31
Utah,25SR06,Utah County Commission Seat B,,REP,David M. Spencer,32
Utah,25SR06,Utah County Commission Seat B,,REP,Isaac Paxman,40
Utah,25SR06,Utah County Commission Seat B,,REP,Over Votes,0
Utah,25SR06,Utah County Commission Seat B,,REP,Under Votes,0
Utah,25SR07,Ballots Cast,,,,91
Utah,25SR07,Ballots Cast,,REP,,91
Utah,25SR07,Ballots Cast Blank,,,,0
Utah,25SR07,Registered Voters,,,,457
Utah,25SR07,Registered Voters,,REP,,457
Utah,25SR07,Utah County Clerk,,REP,Aaron Davidson,33
Utah,25SR07,Utah County Clerk,,REP,Corey K Astill,57
Utah,25SR07,Utah County Clerk,,REP,Over Votes,0
Utah,25SR07,Utah County Clerk,,REP,Under Votes,1
Utah,25SR07,Utah County Commission Seat A,,REP,Brent V. Bowles,35
Utah,25SR07,Utah County Commission Seat A,,REP,Michelle Kaufusi,56
Utah,25SR07,Utah County Commission Seat A,,REP,Over Votes,0
Utah,25SR07,Utah County Commission Seat A,,REP,Under Votes,0
Utah,25SR07,Utah County Commission Seat B,,REP,Carolina Herrin,22
Utah,25SR07,Utah County Commission Seat B,,REP,David M. Spencer,30
Utah,25SR07,Utah County Commission Seat B,,REP,Isaac Paxman,38
Utah,25SR07,Utah County Commission Seat B,,REP,Over Votes,0
Utah,25SR07,Utah County Commission Seat B,,REP,Under Votes,1
Utah,25SR08,Ballots Cast,,,,24
Utah,25SR08,Ballots Cast,,REP,,24
Utah,25SR08,Ballots Cast Blank,,,,0
Utah,25SR08,Board Of Education District 11 (Multi-County),11,REP,Over Votes,0
Utah,25SR08,Board Of Education District 11 (Multi-County),11,REP,Terry L. Hutchinson,10
Utah,25SR08,Board Of Education District 11 (Multi-County),11,REP,Tracy J. Nuttall,14
Utah,25SR08,Board Of Education District 11 (Multi-County),11,REP,Under Votes,0
Utah,25SR08,Registered Voters,,,,251
Utah,25SR08,Registered Voters,,REP,,251
Utah,25SR08,Utah County Clerk,,REP,Aaron Davidson,6
Utah,25SR08,Utah County Clerk,,REP,Corey K Astill,17
Utah,25SR08,Utah County Clerk,,REP,Over Votes,0
Utah,25SR08,Utah County Clerk,,REP,Under Votes,1
Utah,25SR08,Utah County Commission Seat A,,REP,Brent V. Bowles,14
Utah,25SR08,Utah County Commission Seat A,,REP,Michelle Kaufusi,10
Utah,25SR08,Utah County Commission Seat A,,REP,Over Votes,0
Utah,25SR08,Utah County Commission Seat A,,REP,Under Votes,0
Utah,25SR08,Utah County Commission Seat B,,REP,Carolina Herrin,1
Utah,25SR08,Utah County Commission Seat B,,REP,David M. Spencer,8
Utah,25SR08,Utah County Commission Seat B,,REP,Isaac Paxman,14
Utah,25SR08,Utah County Commission Seat B,,REP,Over Votes,0
Utah,25SR08,Utah County Commission Seat B,,REP,Under Votes,1
Utah,25SR09,Ballots Cast,,,,89
Utah,25SR09,Ballots Cast,,REP,,89
Utah,25SR09,Ballots Cast Blank,,,,0
Utah,25SR09,Registered Voters,,,,525
Utah,25SR09,Registered Voters,,REP,,525
Utah,25SR09,Utah County Clerk,,REP,Aaron Davidson,32
Utah,25SR09,Utah County Clerk,,REP,Corey K Astill,57
Utah,25SR09,Utah County Clerk,,REP,Over Votes,0
Utah,25SR09,Utah County Clerk,,REP,Under Votes,0
Utah,25SR09,Utah County Commission Seat A,,REP,Brent V. Bowles,44
Utah,25SR09,Utah County Commission Seat A,,REP,Michelle Kaufusi,42
Utah,25SR09,Utah County Commission Seat A,,REP,Over Votes,0
Utah,25SR09,Utah County Commission Seat A,,REP,Under Votes,3
Utah,25SR09,Utah County Commission Seat B,,REP,Carolina Herrin,18
Utah,25SR09,Utah County Commission Seat B,,REP,David M. Spencer,43
Utah,25SR09,Utah County Commission Seat B,,REP,Isaac Paxman,25
Utah,25SR09,Utah County Commission Seat B,,REP,Over Votes,0
Utah,25SR09,Utah County Commission Seat B,,REP,Under Votes,3
Utah,25SR10,Ballots Cast,,,,59
Utah,25SR10,Ballots Cast,,REP,,59
Utah,25SR10,Ballots Cast Blank,,,,0
Utah,25SR10,Registered Voters,,,,351
Utah,25SR10,Registered Voters,,REP,,351
Utah,25SR10,Utah County Clerk,,REP,Aaron Davidson,27
Utah,25SR10,Utah County Clerk,,REP,Corey K Astill,32
Utah,25SR10,Utah County Clerk,,REP,Over Votes,0
Utah,25SR10,Utah County Clerk,,REP,Under Votes,0
Utah,25SR10,Utah County Commission Seat A,,REP,Brent V. Bowles,27
Utah,25SR10,Utah County Commission Seat A,,REP,Michelle Kaufusi,32
Utah,25SR10,Utah County Commission Seat A,,REP,Over Votes,0
Utah,25SR10,Utah County Commission Seat A,,REP,Under Votes,0
Utah,25SR10,Utah County Commission Seat B,,REP,Carolina Herrin,13
Utah,25SR10,Utah County Commission Seat B,,REP,David M. Spencer,32
Utah,25SR10,Utah County Commission Seat B,,REP,Isaac Paxman,14
Utah,25SR10,Utah County Commission Seat B,,REP,Over Votes,0
Utah,25SR10,Utah County Commission Seat B,,REP,Under Votes,0
Utah,25SR11,Ballots Cast,,,,31
Utah,25SR11,Ballots Cast,,REP,,31
Utah,25SR11,Ballots Cast Blank,,,,0
Utah,25SR11,Registered Voters,,,,186
Utah,25SR11,Registered Voters,,REP,,186
Utah,25SR11,Utah County Clerk,,REP,Aaron Davidson,13
Utah,25SR11,Utah County Clerk,,REP,Corey K Astill,18
Utah,25SR11,Utah County Clerk,,REP,Over Votes,0
Utah,25SR11,Utah County Clerk,,REP,Under Votes,0
Utah,25SR11,Utah County Commission Seat A,,REP,Brent V. Bowles,18
Utah,25SR11,Utah County Commission Seat A,,REP,Michelle Kaufusi,13
Utah,25SR11,Utah County Commission Seat A,,REP,Over Votes,0
Utah,25SR11,Utah County Commission Seat A,,REP,Under Votes,0
Utah,25SR11,Utah County Commission Seat B,,REP,Carolina Herrin,8
Utah,25SR11,Utah County Commission Seat B,,REP,David M. Spencer,10
Utah,25SR11,Utah County Commission Seat B,,REP,Isaac Paxman,13
Utah,25SR11,Utah County Commission Seat B,,REP,Over Votes,0
Utah,25SR11,Utah County Commission Seat B,,REP,Under Votes,0
Utah,25SR12,Ballots Cast,,,,72
Utah,25SR12,Ballots Cast,,REP,,72
Utah,25SR12,Ballots Cast Blank,,,,0
Utah,25SR12,Registered Voters,,,,623
Utah,25SR12,Registered Voters,,REP,,623
Utah,25SR12,Utah County Clerk,,REP,Aaron Davidson,21
Utah,25SR12,Utah County Clerk,,REP,Corey K Astill,48
Utah,25SR12,Utah County Clerk,,REP,Over Votes,0
Utah,25SR12,Utah County Clerk,,REP,Under Votes,3
Utah,25SR12,Utah County Commission Seat A,,REP,Brent V. Bowles,32
Utah,25SR12,Utah County Commission Seat A,,REP,Michelle Kaufusi,39
Utah,25SR12,Utah County Commission Seat A,,REP,Over Votes,0
Utah,25SR12,Utah County Commission Seat A,,REP,Under Votes,1
Utah,25SR12,Utah County Commission Seat B,,REP,Carolina Herrin,24
Utah,25SR12,Utah County Commission Seat B,,REP,David M. Spencer,21
Utah,25SR12,Utah County Commission Seat B,,REP,Isaac Paxman,23
Utah,25SR12,Utah County Commission Seat B,,REP,Over Votes,0
Utah,25SR12,Utah County Commission Seat B,,REP,Under Votes,4
Utah,25SR13,Ballots Cast,,,,68
Utah,25SR13,Ballots Cast,,REP,,68
Utah,25SR13,Ballots Cast Blank,,,,0
Utah,25SR13,Registered Voters,,,,659
Utah,25SR13,Registered Voters,,REP,,659
Utah,25SR13,Utah County Clerk,,REP,Aaron Davidson,15
Utah,25SR13,Utah County Clerk,,REP,Corey K Astill,52
Utah,25SR13,Utah County Clerk,,REP,Over Votes,0
Utah,25SR13,Utah County Clerk,,REP,Under Votes,1
Utah,25SR13,Utah County Commission Seat A,,REP,Brent V. Bowles,26
Utah,25SR13,Utah County Commission Seat A,,REP,Michelle Kaufusi,42
Utah,25SR13,Utah County Commission Seat A,,REP,Over Votes,0
Utah,25SR13,Utah County Commission Seat A,,REP,Under Votes,0
Utah,25SR13,Utah County Commission Seat B,,REP,Carolina Herrin,11
Utah,25SR13,Utah County Commission Seat B,,REP,David M. Spencer,25
Utah,25SR13,Utah County Commission Seat B,,REP,Isaac Paxman,31
Utah,25SR13,Utah County Commission Seat B,,REP,Over Votes,0
Utah,25SR13,Utah County Commission Seat B,,REP,Under Votes,1
Utah,25SR14,Ballots Cast,,,,81
Utah,25SR14,Ballots Cast,,REP,,81
Utah,25SR14,Ballots Cast Blank,,,,0
Utah,25SR14,Registered Voters,,,,590
Utah,25SR14,Registered Voters,,REP,,590
Utah,25SR14,Utah County Clerk,,REP,Aaron Davidson,22
Utah,25SR14,Utah County Clerk,,REP,Corey K Astill,58
Utah,25SR14,Utah County Clerk,,REP,Over Votes,0
Utah,25SR14,Utah County Clerk,,REP,Under Votes,1
Utah,25SR14,Utah County Commission Seat A,,REP,Brent V. Bowles,32
Utah,25SR14,Utah County Commission Seat A,,REP,Michelle Kaufusi,49
Utah,25SR14,Utah County Commission Seat A,,REP,Over Votes,0
Utah,25SR14,Utah County Commission Seat A,,REP,Under Votes,0
Utah,25SR14,Utah County Commission Seat B,,REP,Carolina Herrin,18
Utah,25SR14,Utah County Commission Seat B,,REP,David M. Spencer,31
Utah,25SR14,Utah County Commission Seat B,,REP,Isaac Paxman,32
Utah,25SR14,Utah County Commission Seat B,,REP,Over Votes,0
Utah,25SR14,Utah County Commission Seat B,,REP,Under Votes,0
Utah,25SR15,Ballots Cast,,,,59
Utah,25SR15,Ballots Cast,,REP,,59
Utah,25SR15,Ballots Cast Blank,,,,0
Utah,25SR15,Registered Voters,,,,616
Utah,25SR15,Registered Voters,,REP,,616
Utah,25SR15,Utah County Clerk,,REP,Aaron Davidson,21
Utah,25SR15,Utah County Clerk,,REP,Corey K Astill,38
Utah,25SR15,Utah County Clerk,,REP,Over Votes,0
Utah,25SR15,Utah County Clerk,,REP,Under Votes,0
Utah,25SR15,Utah County Commission Seat A,,REP,Brent V. Bowles,25
Utah,25SR15,Utah County Commission Seat A,,REP,Michelle Kaufusi,34
Utah,25SR15,Utah County Commission Seat A,,REP,Over Votes,0
Utah,25SR15,Utah County Commission Seat A,,REP,Under Votes,0
Utah,25SR15,Utah County Commission Seat B,,REP,Carolina Herrin,16
Utah,25SR15,Utah County Commission Seat B,,REP,David M. Spencer,25
Utah,25SR15,Utah County Commission Seat B,,REP,Isaac Paxman,15
Utah,25SR15,Utah County Commission Seat B,,REP,Over Votes,0
Utah,25SR15,Utah County Commission Seat B,,REP,Under Votes,3
Utah,25SR16,Ballots Cast,,,,30
Utah,25SR16,Ballots Cast,,REP,,30
Utah,25SR16,Ballots Cast Blank,,,,0
Utah,25SR16,Board Of Education District 11 (Multi-County),11,REP,Over Votes,0
Utah,25SR16,Board Of Education District 11 (Multi-County),11,REP,Terry L. Hutchinson,14
Utah,25SR16,Board Of Education District 11 (Multi-County),11,REP,Tracy J. Nuttall,13
Utah,25SR16,Board Of Education District 11 (Multi-County),11,REP,Under Votes,3
Utah,25SR16,Registered Voters,,,,275
Utah,25SR16,Registered Voters,,REP,,275
Utah,25SR16,Utah County Clerk,,REP,Aaron Davidson,7
Utah,25SR16,Utah County Clerk,,REP,Corey K Astill,23
Utah,25SR16,Utah County Clerk,,REP,Over Votes,0
Utah,25SR16,Utah County Clerk,,REP,Under Votes,0
Utah,25SR16,Utah County Commission Seat A,,REP,Brent V. Bowles,18
Utah,25SR16,Utah County Commission Seat A,,REP,Michelle Kaufusi,12
Utah,25SR16,Utah County Commission Seat A,,REP,Over Votes,0
Utah,25SR16,Utah County Commission Seat A,,REP,Under Votes,0
Utah,25SR16,Utah County Commission Seat B,,REP,Carolina Herrin,9
Utah,25SR16,Utah County Commission Seat B,,REP,David M. Spencer,7
Utah,25SR16,Utah County Commission Seat B,,REP,Isaac Paxman,14
Utah,25SR16,Utah County Commission Seat B,,REP,Over Votes,0
Utah,25SR16,Utah County Commission Seat B,,REP,Under Votes,0
Utah,25SR17,Ballots Cast,,,,26
Utah,25SR17,Ballots Cast,,REP,,26
Utah,25SR17,Ballots Cast Blank,,,,0
Utah,25SR17,Registered Voters,,,,338
Utah,25SR17,Registered Voters,,REP,,338
Utah,25SR17,Utah County Clerk,,REP,Aaron Davidson,6
Utah,25SR17,Utah County Clerk,,REP,Corey K Astill,20
Utah,25SR17,Utah County Clerk,,REP,Over Votes,0
Utah,25SR17,Utah County Clerk,,REP,Under Votes,0
Utah,25SR17,Utah County Commission Seat A,,REP,Brent V. Bowles,13
Utah,25SR17,Utah County Commission Seat A,,REP,Michelle Kaufusi,13
Utah,25SR17,Utah County Commission Seat A,,REP,Over Votes,0
Utah,25SR17,Utah County Commission Seat A,,REP,Under Votes,0
Utah,25SR17,Utah County Commission Seat B,,REP,Carolina Herrin,10
Utah,25SR17,Utah County Commission Seat B,,REP,David M. Spencer,9
Utah,25SR17,Utah County Commission Seat B,,REP,Isaac Paxman,7
Utah,25SR17,Utah County Commission Seat B,,REP,Over Votes,0
Utah,25SR17,Utah County Commission Seat B,,REP,Under Votes,0
Utah,25SR18,Ballots Cast,,,,107
Utah,25SR18,Ballots Cast,,REP,,107
Utah,25SR18,Ballots Cast Blank,,,,0
Utah,25SR18,Registered Voters,,,,476
Utah,25SR18,Registered Voters,,REP,,476
Utah,25SR18,Utah County Clerk,,REP,Aaron Davidson,43
Utah,25SR18,Utah County Clerk,,REP,Corey K Astill,64
Utah,25SR18,Utah County Clerk,,REP,Over Votes,0
Utah,25SR18,Utah County Clerk,,REP,Under Votes,0
Utah,25SR18,Utah County Commission Seat A,,REP,Brent V. Bowles,35
Utah,25SR18,Utah County Commission Seat A,,REP,Michelle Kaufusi,72
Utah,25SR18,Utah County Commission Seat A,,REP,Over Votes,0
Utah,25SR18,Utah County Commission Seat A,,REP,Under Votes,0
Utah,25SR18,Utah County Commission Seat B,,REP,Carolina Herrin,21
Utah,25SR18,Utah County Commission Seat B,,REP,David M. Spencer,42
Utah,25SR18,Utah County Commission Seat B,,REP,Isaac Paxman,44
Utah,25SR18,Utah County Commission Seat B,,REP,Over Votes,0
Utah,25SR18,Utah County Commission Seat B,,REP,Under Votes,0
Utah,25SR19,Ballots Cast,,,,84
Utah,25SR19,Ballots Cast,,REP,,84
Utah,25SR19,Ballots Cast Blank,,,,0
Utah,25SR19,Registered Voters,,,,405
Utah,25SR19,Registered Voters,,REP,,405
Utah,25SR19,Utah County Clerk,,REP,Aaron Davidson,41
Utah,25SR19,Utah County Clerk,,REP,Corey K Astill,42
Utah,25SR19,Utah County Clerk,,REP,Over Votes,0
Utah,25SR19,Utah County Clerk,,REP,Under Votes,1
Utah,25SR19,Utah County Commission Seat A,,REP,Brent V. Bowles,54
Utah,25SR19,Utah County Commission Seat A,,REP,Michelle Kaufusi,30
Utah,25SR19,Utah County Commission Seat A,,REP,Over Votes,0
Utah,25SR19,Utah County Commission Seat A,,REP,Under Votes,0
Utah,25SR19,Utah County Commission Seat B,,REP,Carolina Herrin,19
Utah,25SR19,Utah County Commission Seat B,,REP,David M. Spencer,32
Utah,25SR19,Utah County Commission Seat B,,REP,Isaac Paxman,32
Utah,25SR19,Utah County Commission Seat B,,REP,Over Votes,0
Utah,25SR19,Utah County Commission Seat B,,REP,Under Votes,1
Utah,25SR20,Ballots Cast,,,,97
Utah,25SR20,Ballots Cast,,REP,,97
Utah,25SR20,Ballots Cast Blank,,,,0
Utah,25SR20,Registered Voters,,,,430
Utah,25SR20,Registered Voters,,REP,,430
Utah,25SR20,Utah County Clerk,,REP,Aaron Davidson,32
Utah,25SR20,Utah County Clerk,,REP,Corey K Astill,64
Utah,25SR20,Utah County Clerk,,REP,Over Votes,0
Utah,25SR20,Utah County Clerk,,REP,Under Votes,1
Utah,25SR20,Utah County Commission Seat A,,REP,Brent V. Bowles,39
Utah,25SR20,Utah County Commission Seat A,,REP,Michelle Kaufusi,58
Utah,25SR20,Utah County Commission Seat A,,REP,Over Votes,0
Utah,25SR20,Utah County Commission Seat A,,REP,Under Votes,0
Utah,25SR20,Utah County Commission Seat B,,REP,Carolina Herrin,33
Utah,25SR20,Utah County Commission Seat B,,REP,David M. Spencer,34
Utah,25SR20,Utah County Commission Seat B,,REP,Isaac Paxman,30
Utah,25SR20,Utah County Commission Seat B,,REP,Over Votes,0
Utah,25SR20,Utah County Commission Seat B,,REP,Under Votes,0
Utah,25SR21,Ballots Cast,,,,77
Utah,25SR21,Ballots Cast,,REP,,77
Utah,25SR21,Ballots Cast Blank,,,,0
Utah,25SR21,Registered Voters,,,,425
Utah,25SR21,Registered Voters,,REP,,425
Utah,25SR21,Utah County Clerk,,REP,Aaron Davidson,34
Utah,25SR21,Utah County Clerk,,REP,Corey K Astill,43
Utah,25SR21,Utah County Clerk,,REP,Over Votes,0
Utah,25SR21,Utah County Clerk,,REP,Under Votes,0
Utah,25SR21,Utah County Commission Seat A,,REP,Brent V. Bowles,39
Utah,25SR21,Utah County Commission Seat A,,REP,Michelle Kaufusi,38
Utah,25SR21,Utah County Commission Seat A,,REP,Over Votes,0
Utah,25SR21,Utah County Commission Seat A,,REP,Under Votes,0
Utah,25SR21,Utah County Commission Seat B,,REP,Carolina Herrin,18
Utah,25SR21,Utah County Commission Seat B,,REP,David M. Spencer,29
Utah,25SR21,Utah County Commission Seat B,,REP,Isaac Paxman,30
Utah,25SR21,Utah County Commission Seat B,,REP,Over Votes,0
Utah,25SR21,Utah County Commission Seat B,,REP,Under Votes,0
Utah,25SR22,Ballots Cast,,,,43
Utah,25SR22,Ballots Cast,,REP,,43
Utah,25SR22,Ballots Cast Blank,,,,0
Utah,25SR22,Registered Voters,,,,300
Utah,25SR22,Registered Voters,,REP,,300
Utah,25SR22,Utah County Clerk,,REP,Aaron Davidson,17
Utah,25SR22,Utah County Clerk,,REP,Corey K Astill,26
Utah,25SR22,Utah County Clerk,,REP,Over Votes,0
Utah,25SR22,Utah County Clerk,,REP,Under Votes,0
Utah,25SR22,Utah County Commission Seat A,,REP,Brent V. Bowles,22
Utah,25SR22,Utah County Commission Seat A,,REP,Michelle Kaufusi,21
Utah,25SR22,Utah County Commission Seat A,,REP,Over Votes,0
Utah,25SR22,Utah County Commission Seat A,,REP,Under Votes,0
Utah,25SR22,Utah County Commission Seat B,,REP,Carolina Herrin,4
Utah,25SR22,Utah County Commission Seat B,,REP,David M. Spencer,22
Utah,25SR22,Utah County Commission Seat B,,REP,Isaac Paxman,16
Utah,25SR22,Utah County Commission Seat B,,REP,Over Votes,0
Utah,25SR22,Utah County Commission Seat B,,REP,Under Votes,1
Utah,25SR23,Ballots Cast,,,,0
Utah,25SR23,Ballots Cast,,REP,,0
Utah,25SR23,Ballots Cast Blank,,,,0
Utah,25SR23,Registered Voters,,,,1
Utah,25SR23,Registered Voters,,REP,,1
Utah,25SR23,Utah County Clerk,,REP,Aaron Davidson,0
Utah,25SR23,Utah County Clerk,,REP,Corey K Astill,0
Utah,25SR23,Utah County Clerk,,REP,Over Votes,0
Utah,25SR23,Utah County Clerk,,REP,Under Votes,0
Utah,25SR23,Utah County Commission Seat A,,REP,Brent V. Bowles,0
Utah,25SR23,Utah County Commission Seat A,,REP,Michelle Kaufusi,0
Utah,25SR23,Utah County Commission Seat A,,REP,Over Votes,0
Utah,25SR23,Utah County Commission Seat A,,REP,Under Votes,0
Utah,25SR23,Utah County Commission Seat B,,REP,Carolina Herrin,0
Utah,25SR23,Utah County Commission Seat B,,REP,David M. Spencer,0
Utah,25SR23,Utah County Commission Seat B,,REP,Isaac Paxman,0
Utah,25SR23,Utah County Commission Seat B,,REP,Over Votes,0
Utah,25SR23,Utah County Commission Seat B,,REP,Under Votes,0
Utah,25SR24,Ballots Cast,,,,106
Utah,25SR24,Ballots Cast,,REP,,106
Utah,25SR24,Ballots Cast Blank,,,,0
Utah,25SR24,Registered Voters,,,,595
Utah,25SR24,Registered Voters,,REP,,595
Utah,25SR24,Utah County Clerk,,REP,Aaron Davidson,48
Utah,25SR24,Utah County Clerk,,REP,Corey K Astill,54
Utah,25SR24,Utah County Clerk,,REP,Over Votes,0
Utah,25SR24,Utah County Clerk,,REP,Under Votes,4
Utah,25SR24,Utah County Commission Seat A,,REP,Brent V. Bowles,53
Utah,25SR24,Utah County Commission Seat A,,REP,Michelle Kaufusi,53
Utah,25SR24,Utah County Commission Seat A,,REP,Over Votes,0
Utah,25SR24,Utah County Commission Seat A,,REP,Under Votes,0
Utah,25SR24,Utah County Commission Seat B,,REP,Carolina Herrin,19
Utah,25SR24,Utah County Commission Seat B,,REP,David M. Spencer,43
Utah,25SR24,Utah County Commission Seat B,,REP,Isaac Paxman,41
Utah,25SR24,Utah County Commission Seat B,,REP,Over Votes,0
Utah,25SR24,Utah County Commission Seat B,,REP,Under Votes,3
Utah,25SR25,Ballots Cast,,,,73
Utah,25SR25,Ballots Cast,,REP,,73
Utah,25SR25,Ballots Cast Blank,,,,0
Utah,25SR25,Registered Voters,,,,450
Utah,25SR25,Registered Voters,,REP,,450
Utah,25SR25,Utah County Clerk,,REP,Aaron Davidson,31
Utah,25SR25,Utah County Clerk,,REP,Corey K Astill,42
Utah,25SR25,Utah County Clerk,,REP,Over Votes,0
Utah,25SR25,Utah County Clerk,,REP,Under Votes,0
Utah,25SR25,Utah County Commission Seat A,,REP,Brent V. Bowles,37
Utah,25SR25,Utah County Commission Seat A,,REP,Michelle Kaufusi,36
Utah,25SR25,Utah County Commission Seat A,,REP,Over Votes,0
Utah,25SR25,Utah County Commission Seat A,,REP,Under Votes,0
Utah,25SR25,Utah County Commission Seat B,,REP,Carolina Herrin,20
Utah,25SR25,Utah County Commission Seat B,,REP,David M. Spencer,28
Utah,25SR25,Utah County Commission Seat B,,REP,Isaac Paxman,25
Utah,25SR25,Utah County Commission Seat B,,REP,Over Votes,0
Utah,25SR25,Utah County Commission Seat B,,REP,Under Votes,0
Utah,25SR26,Ballots Cast,,,,24
Utah,25SR26,Ballots Cast,,REP,,24
Utah,25SR26,Ballots Cast Blank,,,,0
Utah,25SR26,Registered Voters,,,,184
Utah,25SR26,Registered Voters,,REP,,184
Utah,25SR26,Utah County Clerk,,REP,Aaron Davidson,9
Utah,25SR26,Utah County Clerk,,REP,Corey K Astill,15
Utah,25SR26,Utah County Clerk,,REP,Over Votes,0
Utah,25SR26,Utah County Clerk,,REP,Under Votes,0
Utah,25SR26,Utah County Commission Seat A,,REP,Brent V. Bowles,11
Utah,25SR26,Utah County Commission Seat A,,REP,Michelle Kaufusi,13
Utah,25SR26,Utah County Commission Seat A,,REP,Over Votes,0
Utah,25SR26,Utah County Commission Seat A,,REP,Under Votes,0
Utah,25SR26,Utah County Commission Seat B,,REP,Carolina Herrin,3
Utah,25SR26,Utah County Commission Seat B,,REP,David M. Spencer,10
Utah,25SR26,Utah County Commission Seat B,,REP,Isaac Paxman,9
Utah,25SR26,Utah County Commission Seat B,,REP,Over Votes,0
Utah,25SR26,Utah County Commission Seat B,,REP,Under Votes,2
Utah,25SR27,Ballots Cast,,,,137
Utah,25SR27,Ballots Cast,,REP,,137
Utah,25SR27,Ballots Cast Blank,,,,0
Utah,25SR27,Registered Voters,,,,690
Utah,25SR27,Registered Voters,,REP,,690
Utah,25SR27,Utah County Clerk,,REP,Aaron Davidson,50
Utah,25SR27,Utah County Clerk,,REP,Corey K Astill,87
Utah,25SR27,Utah County Clerk,,REP,Over Votes,0
Utah,25SR27,Utah County Clerk,,REP,Under Votes,0
Utah,25SR27,Utah County Commission Seat A,,REP,Brent V. Bowles,70
Utah,25SR27,Utah County Commission Seat A,,REP,Michelle Kaufusi,67
Utah,25SR27,Utah County Commission Seat A,,REP,Over Votes,0
Utah,25SR27,Utah County Commission Seat A,,REP,Under Votes,0
Utah,25SR27,Utah County Commission Seat B,,REP,Carolina Herrin,33
Utah,25SR27,Utah County Commission Seat B,,REP,David M. Spencer,62
Utah,25SR27,Utah County Commission Seat B,,REP,Isaac Paxman,42
Utah,25SR27,Utah County Commission Seat B,,REP,Over Votes,0
Utah,25SR27,Utah County Commission Seat B,,REP,Under Votes,0
Utah,25SR28,Ballots Cast,,,,195
Utah,25SR28,Ballots Cast,,REP,,195
Utah,25SR28,Ballots Cast Blank,,,,0
Utah,25SR28,Registered Voters,,,,756
Utah,25SR28,Registered Voters,,REP,,756
Utah,25SR28,Utah County Clerk,,REP,Aaron Davidson,95
Utah,25SR28,Utah County Clerk,,REP,Corey K Astill,100
Utah,25SR28,Utah County Clerk,,REP,Over Votes,0
Utah,25SR28,Utah County Clerk,,REP,Under Votes,0
Utah,25SR28,Utah County Commission Seat A,,REP,Brent V. Bowles,110
Utah,25SR28,Utah County Commission Seat A,,REP,Michelle Kaufusi,85
Utah,25SR28,Utah County Commission Seat A,,REP,Over Votes,0
Utah,25SR28,Utah County Commission Seat A,,REP,Under Votes,0
Utah,25SR28,Utah County Commission Seat B,,REP,Carolina Herrin,33
Utah,25SR28,Utah County Commission Seat B,,REP,David M. Spencer,91
Utah,25SR28,Utah County Commission Seat B,,REP,Isaac Paxman,71
Utah,25SR28,Utah County Commission Seat B,,REP,Over Votes,0
Utah,25SR28,Utah County Commission Seat B,,REP,Under Votes,0
Utah,25SR29,Ballots Cast,,,,118
Utah,25SR29,Ballots Cast,,REP,,118
Utah,25SR29,Ballots Cast Blank,,,,0
Utah,25SR29,Registered Voters,,,,647
Utah,25SR29,Registered Voters,,REP,,647
Utah,25SR29,Utah County Clerk,,REP,Aaron Davidson,60
Utah,25SR29,Utah County Clerk,,REP,Corey K Astill,57
Utah,25SR29,Utah County Clerk,,REP,Over Votes,0
Utah,25SR29,Utah County Clerk,,REP,Under Votes,1
Utah,25SR29,Utah County Commission Seat A,,REP,Brent V. Bowles,60
Utah,25SR29,Utah County Commission Seat A,,REP,Michelle Kaufusi,58
Utah,25SR29,Utah County Commission Seat A,,REP,Over Votes,0
Utah,25SR29,Utah County Commission Seat A,,REP,Under Votes,0
Utah,25SR29,Utah County Commission Seat B,,REP,Carolina Herrin,27
Utah,25SR29,Utah County Commission Seat B,,REP,David M. Spencer,57
Utah,25SR29,Utah County Commission Seat B,,REP,Isaac Paxman,32
Utah,25SR29,Utah County Commission Seat B,,REP,Over Votes,0
Utah,25SR29,Utah County Commission Seat B,,REP,Under Votes,2
Utah,25SR30,Ballots Cast,,,,118
Utah,25SR30,Ballots Cast,,REP,,118
Utah,25SR30,Ballots Cast Blank,,,,0
Utah,25SR30,Registered Voters,,,,682
Utah,25SR30,Registered Voters,,REP,,682
Utah,25SR30,Utah County Clerk,,REP,Aaron Davidson,51
Utah,25SR30,Utah County Clerk,,REP,Corey K Astill,66
Utah,25SR30,Utah County Clerk,,REP,Over Votes,0
Utah,25SR30,Utah County Clerk,,REP,Under Votes,1
Utah,25SR30,Utah County Commission Seat A,,REP,Brent V. Bowles,70
Utah,25SR30,Utah County Commission Seat A,,REP,Michelle Kaufusi,47
Utah,25SR30,Utah County Commission Seat A,,REP,Over Votes,0
Utah,25SR30,Utah County Commission Seat A,,REP,Under Votes,1
Utah,25SR30,Utah County Commission Seat B,,REP,Carolina Herrin,37
Utah,25SR30,Utah County Commission Seat B,,REP,David M. Spencer,42
Utah,25SR30,Utah County Commission Seat B,,REP,Isaac Paxman,37
Utah,25SR30,Utah County Commission Seat B,,REP,Over Votes,0
Utah,25SR30,Utah County Commission Seat B,,REP,Under Votes,2
Utah,25SR31,Ballots Cast,,,,89
Utah,25SR31,Ballots Cast,,REP,,89
Utah,25SR31,Ballots Cast Blank,,,,0
Utah,25SR31,Registered Voters,,,,587
Utah,25SR31,Registered Voters,,REP,,587
Utah,25SR31,Utah County Clerk,,REP,Aaron Davidson,43
Utah,25SR31,Utah County Clerk,,REP,Corey K Astill,46
Utah,25SR31,Utah County Clerk,,REP,Over Votes,0
Utah,25SR31,Utah County Clerk,,REP,Under Votes,0
Utah,25SR31,Utah County Commission Seat A,,REP,Brent V. Bowles,52
Utah,25SR31,Utah County Commission Seat A,,REP,Michelle Kaufusi,37
Utah,25SR31,Utah County Commission Seat A,,REP,Over Votes,0
Utah,25SR31,Utah County Commission Seat A,,REP,Under Votes,0
Utah,25SR31,Utah County Commission Seat B,,REP,Carolina Herrin,22
Utah,25SR31,Utah County Commission Seat B,,REP,David M. Spencer,44
Utah,25SR31,Utah County Commission Seat B,,REP,Isaac Paxman,23
Utah,25SR31,Utah County Commission Seat B,,REP,Over Votes,0
Utah,25SR31,Utah County Commission Seat B,,REP,Under Votes,0
Utah,25SR32,Ballots Cast,,,,53
Utah,25SR32,Ballots Cast,,REP,,53
Utah,25SR32,Ballots Cast Blank,,,,0
Utah,25SR32,Registered Voters,,,,341
Utah,25SR32,Registered Voters,,REP,,341
Utah,25SR32,Utah County Clerk,,REP,Aaron Davidson,23
Utah,25SR32,Utah County Clerk,,REP,Corey K Astill,30
Utah,25SR32,Utah County Clerk,,REP,Over Votes,0
Utah,25SR32,Utah County Clerk,,REP,Under Votes,0
Utah,25SR32,Utah County Commission Seat A,,REP,Brent V. Bowles,35
Utah,25SR32,Utah County Commission Seat A,,REP,Michelle Kaufusi,18
Utah,25SR32,Utah County Commission Seat A,,REP,Over Votes,0
Utah,25SR32,Utah County Commission Seat A,,REP,Under Votes,0
Utah,25SR32,Utah County Commission Seat B,,REP,Carolina Herrin,16
Utah,25SR32,Utah County Commission Seat B,,REP,David M. Spencer,23
Utah,25SR32,Utah County Commission Seat B,,REP,Isaac Paxman,14
Utah,25SR32,Utah County Commission Seat B,,REP,Over Votes,0
Utah,25SR32,Utah County Commission Seat B,,REP,Under Votes,0
Utah,25SR33,Ballots Cast,,,,98
Utah,25SR33,Ballots Cast,,REP,,98
Utah,25SR33,Ballots Cast Blank,,,,0
Utah,25SR33,Registered Voters,,,,538
Utah,25SR33,Registered Voters,,REP,,538
Utah,25SR33,Utah County Clerk,,REP,Aaron Davidson,41
Utah,25SR33,Utah County Clerk,,REP,Corey K Astill,57
Utah,25SR33,Utah County Clerk,,REP,Over Votes,0
Utah,25SR33,Utah County Clerk,,REP,Under Votes,0
Utah,25SR33,Utah County Commission Seat A,,REP,Brent V. Bowles,47
Utah,25SR33,Utah County Commission Seat A,,REP,Michelle Kaufusi,51
Utah,25SR33,Utah County Commission Seat A,,REP,Over Votes,0
Utah,25SR33,Utah County Commission Seat A,,REP,Under Votes,0
Utah,25SR33,Utah County Commission Seat B,,REP,Carolina Herrin,24
Utah,25SR33,Utah County Commission Seat B,,REP,David M. Spencer,33
Utah,25SR33,Utah County Commission Seat B,,REP,Isaac Paxman,41
Utah,25SR33,Utah County Commission Seat B,,REP,Over Votes,0
Utah,25SR33,Utah County Commission Seat B,,REP,Under Votes,0
Utah,25SR34,Ballots Cast,,,,123
Utah,25SR34,Ballots Cast,,REP,,123
Utah,25SR34,Ballots Cast Blank,,,,0
Utah,25SR34,Registered Voters,,,,693
Utah,25SR34,Registered Voters,,REP,,693
Utah,25SR34,Utah County Clerk,,REP,Aaron Davidson,75
Utah,25SR34,Utah County Clerk,,REP,Corey K Astill,47
Utah,25SR34,Utah County Clerk,,REP,Over Votes,0
Utah,25SR34,Utah County Clerk,,REP,Under Votes,1
Utah,25SR34,Utah County Commission Seat A,,REP,Brent V. Bowles,83
Utah,25SR34,Utah County Commission Seat A,,REP,Michelle Kaufusi,40
Utah,25SR34,Utah County Commission Seat A,,REP,Over Votes,0
Utah,25SR34,Utah County Commission Seat A,,REP,Under Votes,0
Utah,25SR34,Utah County Commission Seat B,,REP,Carolina Herrin,25
Utah,25SR34,Utah County Commission Seat B,,REP,David M. Spencer,59
Utah,25SR34,Utah County Commission Seat B,,REP,Isaac Paxman,39
Utah,25SR34,Utah County Commission Seat B,,REP,Over Votes,0
Utah,25SR34,Utah County Commission Seat B,,REP,Under Votes,0
Utah,25SW01 Suppressed,Ballots Cast,,,,6
Utah,25SW01 Suppressed,Ballots Cast,,REP,,6
Utah,25SW01 Suppressed,Ballots Cast Blank,,,,0
Utah,25SW01 Suppressed,Registered Voters,,,,23
Utah,25SW01 Suppressed,Registered Voters,,REP,,23
Utah,25SW03,Ballots Cast,,,,0
Utah,25SW03,Ballots Cast,,REP,,0
Utah,25SW03,Ballots Cast Blank,,,,0
Utah,25SW03,Board Of Education District 14 (Multi-County),14,REP,Linda Hanks,0
Utah,25SW03,Board Of Education District 14 (Multi-County),14,REP,Nichole Beecher Isom,0
Utah,25SW03,Board Of Education District 14 (Multi-County),14,REP,Over Votes,0
Utah,25SW03,Board Of Education District 14 (Multi-County),14,REP,Under Votes,0
Utah,25SW03,Registered Voters,,,,0
Utah,25SW03,Registered Voters,,REP,,0
Utah,25SW03,Utah County Clerk,,REP,Aaron Davidson,0
Utah,25SW03,Utah County Clerk,,REP,Corey K Astill,0
Utah,25SW03,Utah County Clerk,,REP,Over Votes,0
Utah,25SW03,Utah County Clerk,,REP,Under Votes,0
Utah,25SW03,Utah County Commission Seat A,,REP,Brent V. Bowles,0
Utah,25SW03,Utah County Commission Seat A,,REP,Michelle Kaufusi,0
Utah,25SW03,Utah County Commission Seat A,,REP,Over Votes,0
Utah,25SW03,Utah County Commission Seat A,,REP,Under Votes,0
Utah,25SW03,Utah County Commission Seat B,,REP,Carolina Herrin,0
Utah,25SW03,Utah County Commission Seat B,,REP,David M. Spencer,0
Utah,25SW03,Utah County Commission Seat B,,REP,Isaac Paxman,0
Utah,25SW03,Utah County Commission Seat B,,REP,Over Votes,0
Utah,25SW03,Utah County Commission Seat B,,REP,Under Votes,0
Utah,25SW04,Ballots Cast,,,,0
Utah,25SW04,Ballots Cast,,REP,,0
Utah,25SW04,Ballots Cast Blank,,,,0
Utah,25SW04,Board Of Education District 14 (Multi-County),14,REP,Linda Hanks,0
Utah,25SW04,Board Of Education District 14 (Multi-County),14,REP,Nichole Beecher Isom,0
Utah,25SW04,Board Of Education District 14 (Multi-County),14,REP,Over Votes,0
Utah,25SW04,Board Of Education District 14 (Multi-County),14,REP,Under Votes,0
Utah,25SW04,Registered Voters,,,,0
Utah,25SW04,Registered Voters,,REP,,0
Utah,25SW04,Utah County Clerk,,REP,Aaron Davidson,0
Utah,25SW04,Utah County Clerk,,REP,Corey K Astill,0
Utah,25SW04,Utah County Clerk,,REP,Over Votes,0
Utah,25SW04,Utah County Clerk,,REP,Under Votes,0
Utah,25SW04,Utah County Commission Seat A,,REP,Brent V. Bowles,0
Utah,25SW04,Utah County Commission Seat A,,REP,Michelle Kaufusi,0
Utah,25SW04,Utah County Commission Seat A,,REP,Over Votes,0
Utah,25SW04,Utah County Commission Seat A,,REP,Under Votes,0
Utah,25SW04,Utah County Commission Seat B,,REP,Carolina Herrin,0
Utah,25SW04,Utah County Commission Seat B,,REP,David M. Spencer,0
Utah,25SW04,Utah County Commission Seat B,,REP,Isaac Paxman,0
Utah,25SW04,Utah County Commission Seat B,,REP,Over Votes,0
Utah,25SW04,Utah County Commission Seat B,,REP,Under Votes,0
Utah,25SW05,Ballots Cast,,,,11
Utah,25SW05,Ballots Cast,,NP,,1
Utah,25SW05,Ballots Cast,,REP,,10
Utah,25SW05,Ballots Cast Blank,,,,0
Utah,25SW05,Board Of Education District 14 (Multi-County),14,REP,Linda Hanks,5
Utah,25SW05,Board Of Education District 14 (Multi-County),14,REP,Nichole Beecher Isom,4
Utah,25SW05,Board Of Education District 14 (Multi-County),14,REP,Over Votes,0
Utah,25SW05,Board Of Education District 14 (Multi-County),14,REP,Under Votes,1
Utah,25SW05,Nebo School District 4 Nebo,4,,Braden Jensen,3
Utah,25SW05,Nebo School District 4 Nebo,4,,Over Votes,0
Utah,25SW05,Nebo School District 4 Nebo,4,,Perry C. Ewell,2
Utah,25SW05,Nebo School District 4 Nebo,4,,Rick B. Ainge,5
Utah,25SW05,Nebo School District 4 Nebo,4,,Under Votes,1
Utah,25SW05,Registered Voters,,,,80
Utah,25SW05,Registered Voters,,NP,,10
Utah,25SW05,Registered Voters,,REP,,70
Utah,25SW05,U.S. House,3,REP,Celeste Maloy,8
Utah,25SW05,U.S. House,3,REP,Over Votes,0
Utah,25SW05,U.S. House,3,REP,Phil Lyman,2
Utah,25SW05,U.S. House,3,REP,Under Votes,0
Utah,25SW05,Utah County Clerk,,REP,Aaron Davidson,3
Utah,25SW05,Utah County Clerk,,REP,Corey K Astill,5
Utah,25SW05,Utah County Clerk,,REP,Over Votes,0
Utah,25SW05,Utah County Clerk,,REP,Under Votes,2
Utah,25SW05,Utah County Commission Seat A,,REP,Brent V. Bowles,2
Utah,25SW05,Utah County Commission Seat A,,REP,Michelle Kaufusi,7
Utah,25SW05,Utah County Commission Seat A,,REP,Over Votes,0
Utah,25SW05,Utah County Commission Seat A,,REP,Under Votes,1
Utah,25SW05,Utah County Commission Seat B,,REP,Carolina Herrin,4
Utah,25SW05,Utah County Commission Seat B,,REP,David M. Spencer,3
Utah,25SW05,Utah County Commission Seat B,,REP,Isaac Paxman,1
Utah,25SW05,Utah County Commission Seat B,,REP,Over Votes,0
Utah,25SW05,Utah County Commission Seat B,,REP,Under Votes,2
Utah,25SW06,Ballots Cast,,,,47
Utah,25SW06,Ballots Cast,,NP,,8
Utah,25SW06,Ballots Cast,,REP,,39
Utah,25SW06,Ballots Cast Blank,,,,0
Utah,25SW06,Board Of Education District 14 (Multi-County),14,REP,Linda Hanks,32
Utah,25SW06,Board Of Education District 14 (Multi-County),14,REP,Nichole Beecher Isom,4
Utah,25SW06,Board Of Education District 14 (Multi-County),14,REP,Over Votes,0
Utah,25SW06,Board Of Education District 14 (Multi-County),14,REP,Under Votes,3
Utah,25SW06,Nebo School District 4 Nebo,4,,Braden Jensen,12
Utah,25SW06,Nebo School District 4 Nebo,4,,Over Votes,0
Utah,25SW06,Nebo School District 4 Nebo,4,,Perry C. Ewell,9
Utah,25SW06,Nebo School District 4 Nebo,4,,Rick B. Ainge,26
Utah,25SW06,Nebo School District 4 Nebo,4,,Under Votes,0
Utah,25SW06,Registered Voters,,,,130
Utah,25SW06,Registered Voters,,NP,,34
Utah,25SW06,Registered Voters,,REP,,96
Utah,25SW06,U.S. House,3,REP,Celeste Maloy,25
Utah,25SW06,U.S. House,3,REP,Over Votes,0
Utah,25SW06,U.S. House,3,REP,Phil Lyman,14
Utah,25SW06,U.S. House,3,REP,Under Votes,0
Utah,25SW06,Utah County Clerk,,REP,Aaron Davidson,16
Utah,25SW06,Utah County Clerk,,REP,Corey K Astill,23
Utah,25SW06,Utah County Clerk,,REP,Over Votes,0
Utah,25SW06,Utah County Clerk,,REP,Under Votes,0
Utah,25SW06,Utah County Commission Seat A,,REP,Brent V. Bowles,21
Utah,25SW06,Utah County Commission Seat A,,REP,Michelle Kaufusi,18
Utah,25SW06,Utah County Commission Seat A,,REP,Over Votes,0
Utah,25SW06,Utah County Commission Seat A,,REP,Under Votes,0
Utah,25SW06,Utah County Commission Seat B,,REP,Carolina Herrin,10
Utah,25SW06,Utah County Commission Seat B,,REP,David M. Spencer,17
Utah,25SW06,Utah County Commission Seat B,,REP,Isaac Paxman,12
Utah,25SW06,Utah County Commission Seat B,,REP,Over Votes,0
Utah,25SW06,Utah County Commission Seat B,,REP,Under Votes,0
Utah,25SW07,Ballots Cast,,,,199
Utah,25SW07,Ballots Cast,,REP,,199
Utah,25SW07,Ballots Cast Blank,,,,0
Utah,25SW07,Board Of Education District 14 (Multi-County),14,REP,Linda Hanks,122
Utah,25SW07,Board Of Education District 14 (Multi-County),14,REP,Nichole Beecher Isom,68
Utah,25SW07,Board Of Education District 14 (Multi-County),14,REP,Over Votes,0
Utah,25SW07,Board Of Education District 14 (Multi-County),14,REP,Under Votes,9
Utah,25SW07,Registered Voters,,,,684
Utah,25SW07,Registered Voters,,REP,,684
Utah,25SW07,U.S. House,3,REP,Celeste Maloy,122
Utah,25SW07,U.S. House,3,REP,Over Votes,0
Utah,25SW07,U.S. House,3,REP,Phil Lyman,77
Utah,25SW07,U.S. House,3,REP,Under Votes,0
Utah,25SW07,Utah County Clerk,,REP,Aaron Davidson,94
Utah,25SW07,Utah County Clerk,,REP,Corey K Astill,96
Utah,25SW07,Utah County Clerk,,REP,Over Votes,0
Utah,25SW07,Utah County Clerk,,REP,Under Votes,9
Utah,25SW07,Utah County Commission Seat A,,REP,Brent V. Bowles,112
Utah,25SW07,Utah County Commission Seat A,,REP,Michelle Kaufusi,82
Utah,25SW07,Utah County Commission Seat A,,REP,Over Votes,0
Utah,25SW07,Utah County Commission Seat A,,REP,Under Votes,5
Utah,25SW07,Utah County Commission Seat B,,REP,Carolina Herrin,36
Utah,25SW07,Utah County Commission Seat B,,REP,David M. Spencer,117
Utah,25SW07,Utah County Commission Seat B,,REP,Isaac Paxman,38
Utah,25SW07,Utah County Commission Seat B,,REP,Over Votes,1
Utah,25SW07,Utah County Commission Seat B,,REP,Under Votes,7
Utah,25SW08 Suppressed,Ballots Cast,,,,7
Utah,25SW08 Suppressed,Ballots Cast,,REP,,7
Utah,25SW08 Suppressed,Ballots Cast Blank,,,,0
Utah,25SW08 Suppressed,Registered Voters,,,,21
Utah,25SW08 Suppressed,Registered Voters,,REP,,21
Utah,25SW09,Ballots Cast,,,,26
Utah,25SW09,Ballots Cast,,REP,,26
Utah,25SW09,Ballots Cast Blank,,,,0
Utah,25SW09,Board Of Education District 14 (Multi-County),14,REP,Linda Hanks,17
Utah,25SW09,Board Of Education District 14 (Multi-County),14,REP,Nichole Beecher Isom,9
Utah,25SW09,Board Of Education District 14 (Multi-County),14,REP,Over Votes,0
Utah,25SW09,Board Of Education District 14 (Multi-County),14,REP,Under Votes,0
Utah,25SW09,Registered Voters,,,,115
Utah,25SW09,Registered Voters,,REP,,115
Utah,25SW09,Utah County Clerk,,REP,Aaron Davidson,17
Utah,25SW09,Utah County Clerk,,REP,Corey K Astill,8
Utah,25SW09,Utah County Clerk,,REP,Over Votes,0
Utah,25SW09,Utah County Clerk,,REP,Under Votes,1
Utah,25SW09,Utah County Commission Seat A,,REP,Brent V. Bowles,15
Utah,25SW09,Utah County Commission Seat A,,REP,Michelle Kaufusi,11
Utah,25SW09,Utah County Commission Seat A,,REP,Over Votes,0
Utah,25SW09,Utah County Commission Seat A,,REP,Under Votes,0
Utah,25SW09,Utah County Commission Seat B,,REP,Carolina Herrin,10
Utah,25SW09,Utah County Commission Seat B,,REP,David M. Spencer,10
Utah,25SW09,Utah County Commission Seat B,,REP,Isaac Paxman,6
Utah,25SW09,Utah County Commission Seat B,,REP,Over Votes,0
Utah,25SW09,Utah County Commission Seat B,,REP,Under Votes,0
Utah,25SW10,Ballots Cast,,,,0
Utah,25SW10,Ballots Cast,,REP,,0
Utah,25SW10,Ballots Cast Blank,,,,0
Utah,25SW10,Registered Voters,,,,3
Utah,25SW10,Registered Voters,,REP,,3
Utah,25SW10,Utah County Clerk,,REP,Aaron Davidson,0
Utah,25SW10,Utah County Clerk,,REP,Corey K Astill,0
Utah,25SW10,Utah County Clerk,,REP,Over Votes,0
Utah,25SW10,Utah County Clerk,,REP,Under Votes,0
Utah,25SW10,Utah County Commission Seat A,,REP,Brent V. Bowles,0
Utah,25SW10,Utah County Commission Seat A,,REP,Michelle Kaufusi,0
Utah,25SW10,Utah County Commission Seat A,,REP,Over Votes,0
Utah,25SW10,Utah County Commission Seat A,,REP,Under Votes,0
Utah,25SW10,Utah County Commission Seat B,,REP,Carolina Herrin,0
Utah,25SW10,Utah County Commission Seat B,,REP,David M. Spencer,0
Utah,25SW10,Utah County Commission Seat B,,REP,Isaac Paxman,0
Utah,25SW10,Utah County Commission Seat B,,REP,Over Votes,0
Utah,25SW10,Utah County Commission Seat B,,REP,Under Votes,0
Utah,25SW11,Ballots Cast,,,,0
Utah,25SW11,Ballots Cast,,REP,,0
Utah,25SW11,Ballots Cast Blank,,,,0
Utah,25SW11,Board Of Education District 14 (Multi-County),14,REP,Linda Hanks,0
Utah,25SW11,Board Of Education District 14 (Multi-County),14,REP,Nichole Beecher Isom,0
Utah,25SW11,Board Of Education District 14 (Multi-County),14,REP,Over Votes,0
Utah,25SW11,Board Of Education District 14 (Multi-County),14,REP,Under Votes,0
Utah,25SW11,Registered Voters,,,,0
Utah,25SW11,Registered Voters,,REP,,0
Utah,25SW11,Utah County Clerk,,REP,Aaron Davidson,0
Utah,25SW11,Utah County Clerk,,REP,Corey K Astill,0
Utah,25SW11,Utah County Clerk,,REP,Over Votes,0
Utah,25SW11,Utah County Clerk,,REP,Under Votes,0
Utah,25SW11,Utah County Commission Seat A,,REP,Brent V. Bowles,0
Utah,25SW11,Utah County Commission Seat A,,REP,Michelle Kaufusi,0
Utah,25SW11,Utah County Commission Seat A,,REP,Over Votes,0
Utah,25SW11,Utah County Commission Seat A,,REP,Under Votes,0
Utah,25SW11,Utah County Commission Seat B,,REP,Carolina Herrin,0
Utah,25SW11,Utah County Commission Seat B,,REP,David M. Spencer,0
Utah,25SW11,Utah County Commission Seat B,,REP,Isaac Paxman,0
Utah,25SW11,Utah County Commission Seat B,,REP,Over Votes,0
Utah,25SW11,Utah County Commission Seat B,,REP,Under Votes,0
Utah,25SW12,Ballots Cast,,,,0
Utah,25SW12,Ballots Cast,,REP,,0
Utah,25SW12,Ballots Cast Blank,,,,0
Utah,25SW12,Registered Voters,,,,3
Utah,25SW12,Registered Voters,,REP,,3
Utah,25SW12,Utah County Clerk,,REP,Aaron Davidson,0
Utah,25SW12,Utah County Clerk,,REP,Corey K Astill,0
Utah,25SW12,Utah County Clerk,,REP,Over Votes,0
Utah,25SW12,Utah County Clerk,,REP,Under Votes,0
Utah,25SW12,Utah County Commission Seat A,,REP,Brent V. Bowles,0
Utah,25SW12,Utah County Commission Seat A,,REP,Michelle Kaufusi,0
Utah,25SW12,Utah County Commission Seat A,,REP,Over Votes,0
Utah,25SW12,Utah County Commission Seat A,,REP,Under Votes,0
Utah,25SW12,Utah County Commission Seat B,,REP,Carolina Herrin,0
Utah,25SW12,Utah County Commission Seat B,,REP,David M. Spencer,0
Utah,25SW12,Utah County Commission Seat B,,REP,Isaac Paxman,0
Utah,25SW12,Utah County Commission Seat B,,REP,Over Votes,0
Utah,25SW12,Utah County Commission Seat B,,REP,Under Votes,0
Utah,25SW13,Ballots Cast,,,,32
Utah,25SW13,Ballots Cast,,REP,,32
Utah,25SW13,Ballots Cast Blank,,,,0
Utah,25SW13,Board Of Education District 14 (Multi-County),14,REP,Linda Hanks,19
Utah,25SW13,Board Of Education District 14 (Multi-County),14,REP,Nichole Beecher Isom,13
Utah,25SW13,Board Of Education District 14 (Multi-County),14,REP,Over Votes,0
Utah,25SW13,Board Of Education District 14 (Multi-County),14,REP,Under Votes,0
Utah,25SW13,Registered Voters,,,,143
Utah,25SW13,Registered Voters,,REP,,143
Utah,25SW13,Utah County Clerk,,REP,Aaron Davidson,4
Utah,25SW13,Utah County Clerk,,REP,Corey K Astill,28
Utah,25SW13,Utah County Clerk,,REP,Over Votes,0
Utah,25SW13,Utah County Clerk,,REP,Under Votes,0
Utah,25SW13,Utah County Commission Seat A,,REP,Brent V. Bowles,16
Utah,25SW13,Utah County Commission Seat A,,REP,Michelle Kaufusi,16
Utah,25SW13,Utah County Commission Seat A,,REP,Over Votes,0
Utah,25SW13,Utah County Commission Seat A,,REP,Under Votes,0
Utah,25SW13,Utah County Commission Seat B,,REP,Carolina Herrin,6
Utah,25SW13,Utah County Commission Seat B,,REP,David M. Spencer,15
Utah,25SW13,Utah County Commission Seat B,,REP,Isaac Paxman,11
Utah,25SW13,Utah County Commission Seat B,,REP,Over Votes,0
Utah,25SW13,Utah County Commission Seat B,,REP,Under Votes,0
Utah,25SW14,Ballots Cast,,,,0
Utah,25SW14,Ballots Cast,,REP,,0
Utah,25SW14,Ballots Cast Blank,,,,0
Utah,25SW14,Board Of Education District 14 (Multi-County),14,REP,Linda Hanks,0
Utah,25SW14,Board Of Education District 14 (Multi-County),14,REP,Nichole Beecher Isom,0
Utah,25SW14,Board Of Education District 14 (Multi-County),14,REP,Over Votes,0
Utah,25SW14,Board Of Education District 14 (Multi-County),14,REP,Under Votes,0
Utah,25SW14,Registered Voters,,,,3
Utah,25SW14,Registered Voters,,REP,,3
Utah,25SW14,Utah County Clerk,,REP,Aaron Davidson,0
Utah,25SW14,Utah County Clerk,,REP,Corey K Astill,0
Utah,25SW14,Utah County Clerk,,REP,Over Votes,0
Utah,25SW14,Utah County Clerk,,REP,Under Votes,0
Utah,25SW14,Utah County Commission Seat A,,REP,Brent V. Bowles,0
Utah,25SW14,Utah County Commission Seat A,,REP,Michelle Kaufusi,0
Utah,25SW14,Utah County Commission Seat A,,REP,Over Votes,0
Utah,25SW14,Utah County Commission Seat A,,REP,Under Votes,0
Utah,25SW14,Utah County Commission Seat B,,REP,Carolina Herrin,0
Utah,25SW14,Utah County Commission Seat B,,REP,David M. Spencer,0
Utah,25SW14,Utah County Commission Seat B,,REP,Isaac Paxman,0
Utah,25SW14,Utah County Commission Seat B,,REP,Over Votes,0
Utah,25SW14,Utah County Commission Seat B,,REP,Under Votes,0
Utah,25UL01,Ballots Cast,,,,0
Utah,25UL01,Ballots Cast,,REP,,0
Utah,25UL01,Ballots Cast Blank,,,,0
Utah,25UL01,Registered Voters,,,,0
Utah,25UL01,Registered Voters,,REP,,0
Utah,25UL01,Utah County Clerk,,REP,Aaron Davidson,0
Utah,25UL01,Utah County Clerk,,REP,Corey K Astill,0
Utah,25UL01,Utah County Clerk,,REP,Over Votes,0
Utah,25UL01,Utah County Clerk,,REP,Under Votes,0
Utah,25UL01,Utah County Commission Seat A,,REP,Brent V. Bowles,0
Utah,25UL01,Utah County Commission Seat A,,REP,Michelle Kaufusi,0
Utah,25UL01,Utah County Commission Seat A,,REP,Over Votes,0
Utah,25UL01,Utah County Commission Seat A,,REP,Under Votes,0
Utah,25UL01,Utah County Commission Seat B,,REP,Carolina Herrin,0
Utah,25UL01,Utah County Commission Seat B,,REP,David M. Spencer,0
Utah,25UL01,Utah County Commission Seat B,,REP,Isaac Paxman,0
Utah,25UL01,Utah County Commission Seat B,,REP,Over Votes,0
Utah,25UL01,Utah County Commission Seat B,,REP,Under Votes,0
Utah,25UL02,Ballots Cast,,,,0
Utah,25UL02,Ballots Cast,,REP,,0
Utah,25UL02,Ballots Cast Blank,,,,0
Utah,25UL02,Registered Voters,,,,0
Utah,25UL02,Registered Voters,,REP,,0
Utah,25UL02,Utah County Clerk,,REP,Aaron Davidson,0
Utah,25UL02,Utah County Clerk,,REP,Corey K Astill,0
Utah,25UL02,Utah County Clerk,,REP,Over Votes,0
Utah,25UL02,Utah County Clerk,,REP,Under Votes,0
Utah,25UL02,Utah County Commission Seat A,,REP,Brent V. Bowles,0
Utah,25UL02,Utah County Commission Seat A,,REP,Michelle Kaufusi,0
Utah,25UL02,Utah County Commission Seat A,,REP,Over Votes,0
Utah,25UL02,Utah County Commission Seat A,,REP,Under Votes,0
Utah,25UL02,Utah County Commission Seat B,,REP,Carolina Herrin,0
Utah,25UL02,Utah County Commission Seat B,,REP,David M. Spencer,0
Utah,25UL02,Utah County Commission Seat B,,REP,Isaac Paxman,0
Utah,25UL02,Utah County Commission Seat B,,REP,Over Votes,0
Utah,25UL02,Utah County Commission Seat B,,REP,Under Votes,0
Utah,25UL03,Ballots Cast,,,,0
Utah,25UL03,Ballots Cast,,REP,,0
Utah,25UL03,Ballots Cast Blank,,,,0
Utah,25UL03,Registered Voters,,,,0
Utah,25UL03,Registered Voters,,REP,,0
Utah,25UL03,Utah County Clerk,,REP,Aaron Davidson,0
Utah,25UL03,Utah County Clerk,,REP,Corey K Astill,0
Utah,25UL03,Utah County Clerk,,REP,Over Votes,0
Utah,25UL03,Utah County Clerk,,REP,Under Votes,0
Utah,25UL03,Utah County Commission Seat A,,REP,Brent V. Bowles,0
Utah,25UL03,Utah County Commission Seat A,,REP,Michelle Kaufusi,0
Utah,25UL03,Utah County Commission Seat A,,REP,Over Votes,0
Utah,25UL03,Utah County Commission Seat A,,REP,Under Votes,0
Utah,25UL03,Utah County Commission Seat B,,REP,Carolina Herrin,0
Utah,25UL03,Utah County Commission Seat B,,REP,David M. Spencer,0
Utah,25UL03,Utah County Commission Seat B,,REP,Isaac Paxman,0
Utah,25UL03,Utah County Commission Seat B,,REP,Over Votes,0
Utah,25UL03,Utah County Commission Seat B,,REP,Under Votes,0
Utah,25UL04,Ballots Cast,,,,0
Utah,25UL04,Ballots Cast,,REP,,0
Utah,25UL04,Ballots Cast Blank,,,,0
Utah,25UL04,Registered Voters,,,,0
Utah,25UL04,Registered Voters,,REP,,0
Utah,25UL04,Utah County Clerk,,REP,Aaron Davidson,0
Utah,25UL04,Utah County Clerk,,REP,Corey K Astill,0
Utah,25UL04,Utah County Clerk,,REP,Over Votes,0
Utah,25UL04,Utah County Clerk,,REP,Under Votes,0
Utah,25UL04,Utah County Commission Seat A,,REP,Brent V. Bowles,0
Utah,25UL04,Utah County Commission Seat A,,REP,Michelle Kaufusi,0
Utah,25UL04,Utah County Commission Seat A,,REP,Over Votes,0
Utah,25UL04,Utah County Commission Seat A,,REP,Under Votes,0
Utah,25UL04,Utah County Commission Seat B,,REP,Carolina Herrin,0
Utah,25UL04,Utah County Commission Seat B,,REP,David M. Spencer,0
Utah,25UL04,Utah County Commission Seat B,,REP,Isaac Paxman,0
Utah,25UL04,Utah County Commission Seat B,,REP,Over Votes,0
Utah,25UL04,Utah County Commission Seat B,,REP,Under Votes,0
Utah,25UL05,Ballots Cast,,,,0
Utah,25UL05,Ballots Cast,,REP,,0
Utah,25UL05,Ballots Cast Blank,,,,0
Utah,25UL05,Registered Voters,,,,0
Utah,25UL05,Registered Voters,,REP,,0
Utah,25UL05,U.S. House,3,REP,Celeste Maloy,0
Utah,25UL05,U.S. House,3,REP,Over Votes,0
Utah,25UL05,U.S. House,3,REP,Phil Lyman,0
Utah,25UL05,U.S. House,3,REP,Under Votes,0
Utah,25UL05,Utah County Clerk,,REP,Aaron Davidson,0
Utah,25UL05,Utah County Clerk,,REP,Corey K Astill,0
Utah,25UL05,Utah County Clerk,,REP,Over Votes,0
Utah,25UL05,Utah County Clerk,,REP,Under Votes,0
Utah,25UL05,Utah County Commission Seat A,,REP,Brent V. Bowles,0
Utah,25UL05,Utah County Commission Seat A,,REP,Michelle Kaufusi,0
Utah,25UL05,Utah County Commission Seat A,,REP,Over Votes,0
Utah,25UL05,Utah County Commission Seat A,,REP,Under Votes,0
Utah,25UL05,Utah County Commission Seat B,,REP,Carolina Herrin,0
Utah,25UL05,Utah County Commission Seat B,,REP,David M. Spencer,0
Utah,25UL05,Utah County Commission Seat B,,REP,Isaac Paxman,0
Utah,25UL05,Utah County Commission Seat B,,REP,Over Votes,0
Utah,25UL05,Utah County Commission Seat B,,REP,Under Votes,0
Utah,25UL06,Ballots Cast,,,,0
Utah,25UL06,Ballots Cast,,REP,,0
Utah,25UL06,Ballots Cast Blank,,,,0
Utah,25UL06,Registered Voters,,,,0
Utah,25UL06,Registered Voters,,REP,,0
Utah,25UL06,U.S. House,3,REP,Celeste Maloy,0
Utah,25UL06,U.S. House,3,REP,Over Votes,0
Utah,25UL06,U.S. House,3,REP,Phil Lyman,0
Utah,25UL06,U.S. House,3,REP,Under Votes,0
Utah,25UL06,Utah County Clerk,,REP,Aaron Davidson,0
Utah,25UL06,Utah County Clerk,,REP,Corey K Astill,0
Utah,25UL06,Utah County Clerk,,REP,Over Votes,0
Utah,25UL06,Utah County Clerk,,REP,Under Votes,0
Utah,25UL06,Utah County Commission Seat A,,REP,Brent V. Bowles,0
Utah,25UL06,Utah County Commission Seat A,,REP,Michelle Kaufusi,0
Utah,25UL06,Utah County Commission Seat A,,REP,Over Votes,0
Utah,25UL06,Utah County Commission Seat A,,REP,Under Votes,0
Utah,25UL06,Utah County Commission Seat B,,REP,Carolina Herrin,0
Utah,25UL06,Utah County Commission Seat B,,REP,David M. Spencer,0
Utah,25UL06,Utah County Commission Seat B,,REP,Isaac Paxman,0
Utah,25UL06,Utah County Commission Seat B,,REP,Over Votes,0
Utah,25UL06,Utah County Commission Seat B,,REP,Under Votes,0
Utah,25UL07,Ballots Cast,,,,0
Utah,25UL07,Ballots Cast,,REP,,0
Utah,25UL07,Ballots Cast Blank,,,,0
Utah,25UL07,Registered Voters,,,,0
Utah,25UL07,Registered Voters,,REP,,0
Utah,25UL07,U.S. House,3,REP,Celeste Maloy,0
Utah,25UL07,U.S. House,3,REP,Over Votes,0
Utah,25UL07,U.S. House,3,REP,Phil Lyman,0
Utah,25UL07,U.S. House,3,REP,Under Votes,0
Utah,25UL07,Utah County Clerk,,REP,Aaron Davidson,0
Utah,25UL07,Utah County Clerk,,REP,Corey K Astill,0
Utah,25UL07,Utah County Clerk,,REP,Over Votes,0
Utah,25UL07,Utah County Clerk,,REP,Under Votes,0
Utah,25UL07,Utah County Commission Seat A,,REP,Brent V. Bowles,0
Utah,25UL07,Utah County Commission Seat A,,REP,Michelle Kaufusi,0
Utah,25UL07,Utah County Commission Seat A,,REP,Over Votes,0
Utah,25UL07,Utah County Commission Seat A,,REP,Under Votes,0
Utah,25UL07,Utah County Commission Seat B,,REP,Carolina Herrin,0
Utah,25UL07,Utah County Commission Seat B,,REP,David M. Spencer,0
Utah,25UL07,Utah County Commission Seat B,,REP,Isaac Paxman,0
Utah,25UL07,Utah County Commission Seat B,,REP,Over Votes,0
Utah,25UL07,Utah County Commission Seat B,,REP,Under Votes,0
Utah,25VI01,Ballots Cast,,,,34
Utah,25VI01,Ballots Cast,,REP,,34
Utah,25VI01,Ballots Cast Blank,,,,0
Utah,25VI01,Registered Voters,,,,377
Utah,25VI01,Registered Voters,,REP,,377
Utah,25VI01,Utah County Clerk,,REP,Aaron Davidson,14
Utah,25VI01,Utah County Clerk,,REP,Corey K Astill,20
Utah,25VI01,Utah County Clerk,,REP,Over Votes,0
Utah,25VI01,Utah County Clerk,,REP,Under Votes,0
Utah,25VI01,Utah County Commission Seat A,,REP,Brent V. Bowles,16
Utah,25VI01,Utah County Commission Seat A,,REP,Michelle Kaufusi,18
Utah,25VI01,Utah County Commission Seat A,,REP,Over Votes,0
Utah,25VI01,Utah County Commission Seat A,,REP,Under Votes,0
Utah,25VI01,Utah County Commission Seat B,,REP,Carolina Herrin,11
Utah,25VI01,Utah County Commission Seat B,,REP,David M. Spencer,11
Utah,25VI01,Utah County Commission Seat B,,REP,Isaac Paxman,12
Utah,25VI01,Utah County Commission Seat B,,REP,Over Votes,0
Utah,25VI01,Utah County Commission Seat B,,REP,Under Votes,0
Utah,25VI02,Ballots Cast,,,,142
Utah,25VI02,Ballots Cast,,REP,,142
Utah,25VI02,Ballots Cast Blank,,,,0
Utah,25VI02,Registered Voters,,,,458
Utah,25VI02,Registered Voters,,REP,,458
Utah,25VI02,Utah County Clerk,,REP,Aaron Davidson,63
Utah,25VI02,Utah County Clerk,,REP,Corey K Astill,75
Utah,25VI02,Utah County Clerk,,REP,Over Votes,0
Utah,25VI02,Utah County Clerk,,REP,Under Votes,4
Utah,25VI02,Utah County Commission Seat A,,REP,Brent V. Bowles,72
Utah,25VI02,Utah County Commission Seat A,,REP,Michelle Kaufusi,69
Utah,25VI02,Utah County Commission Seat A,,REP,Over Votes,0
Utah,25VI02,Utah County Commission Seat A,,REP,Under Votes,1
Utah,25VI02,Utah County Commission Seat B,,REP,Carolina Herrin,39
Utah,25VI02,Utah County Commission Seat B,,REP,David M. Spencer,53
Utah,25VI02,Utah County Commission Seat B,,REP,Isaac Paxman,47
Utah,25VI02,Utah County Commission Seat B,,REP,Over Votes,0
Utah,25VI02,Utah County Commission Seat B,,REP,Under Votes,3
Utah,25VI03,Ballots Cast,,,,55
Utah,25VI03,Ballots Cast,,REP,,55
Utah,25VI03,Ballots Cast Blank,,,,0
Utah,25VI03,Registered Voters,,,,389
Utah,25VI03,Registered Voters,,REP,,389
Utah,25VI03,Utah County Clerk,,REP,Aaron Davidson,24
Utah,25VI03,Utah County Clerk,,REP,Corey K Astill,31
Utah,25VI03,Utah County Clerk,,REP,Over Votes,0
Utah,25VI03,Utah County Clerk,,REP,Under Votes,0
Utah,25VI03,Utah County Commission Seat A,,REP,Brent V. Bowles,17
Utah,25VI03,Utah County Commission Seat A,,REP,Michelle Kaufusi,38
Utah,25VI03,Utah County Commission Seat A,,REP,Over Votes,0
Utah,25VI03,Utah County Commission Seat A,,REP,Under Votes,0
Utah,25VI03,Utah County Commission Seat B,,REP,Carolina Herrin,10
Utah,25VI03,Utah County Commission Seat B,,REP,David M. Spencer,16
Utah,25VI03,Utah County Commission Seat B,,REP,Isaac Paxman,29
Utah,25VI03,Utah County Commission Seat B,,REP,Over Votes,0
Utah,25VI03,Utah County Commission Seat B,,REP,Under Votes,0
Utah,25VI04,Ballots Cast,,,,15
Utah,25VI04,Ballots Cast,,REP,,15
Utah,25VI04,Ballots Cast Blank,,,,0
Utah,25VI04,Registered Voters,,,,208
Utah,25VI04,Registered Voters,,REP,,208
Utah,25VI04,Utah County Clerk,,REP,Aaron Davidson,7
Utah,25VI04,Utah County Clerk,,REP,Corey K Astill,8
Utah,25VI04,Utah County Clerk,,REP,Over Votes,0
Utah,25VI04,Utah County Clerk,,REP,Under Votes,0
Utah,25VI04,Utah County Commission Seat A,,REP,Brent V. Bowles,7
Utah,25VI04,Utah County Commission Seat A,,REP,Michelle Kaufusi,8
Utah,25VI04,Utah County Commission Seat A,,REP,Over Votes,0
Utah,25VI04,Utah County Commission Seat A,,REP,Under Votes,0
Utah,25VI04,Utah County Commission Seat B,,REP,Carolina Herrin,5
Utah,25VI04,Utah County Commission Seat B,,REP,David M. Spencer,9
Utah,25VI04,Utah County Commission Seat B,,REP,Isaac Paxman,1
Utah,25VI04,Utah County Commission Seat B,,REP,Over Votes,0
Utah,25VI04,Utah County Commission Seat B,,REP,Under Votes,0
Utah,25VI05,Ballots Cast,,,,32
Utah,25VI05,Ballots Cast,,REP,,32
Utah,25VI05,Ballots Cast Blank,,,,0
Utah,25VI05,Registered Voters,,,,314
Utah,25VI05,Registered Voters,,REP,,314
Utah,25VI05,Utah County Clerk,,REP,Aaron Davidson,13
Utah,25VI05,Utah County Clerk,,REP,Corey K Astill,19
Utah,25VI05,Utah County Clerk,,REP,Over Votes,0
Utah,25VI05,Utah County Clerk,,REP,Under Votes,0
Utah,25VI05,Utah County Commission Seat A,,REP,Brent V. Bowles,12
Utah,25VI05,Utah County Commission Seat A,,REP,Michelle Kaufusi,20
Utah,25VI05,Utah County Commission Seat A,,REP,Over Votes,0
Utah,25VI05,Utah County Commission Seat A,,REP,Under Votes,0
Utah,25VI05,Utah County Commission Seat B,,REP,Carolina Herrin,7
Utah,25VI05,Utah County Commission Seat B,,REP,David M. Spencer,12
Utah,25VI05,Utah County Commission Seat B,,REP,Isaac Paxman,13
Utah,25VI05,Utah County Commission Seat B,,REP,Over Votes,0
Utah,25VI05,Utah County Commission Seat B,,REP,Under Votes,0
Utah,25VI06,Ballots Cast,,,,109
Utah,25VI06,Ballots Cast,,REP,,109
Utah,25VI06,Ballots Cast Blank,,,,0
Utah,25VI06,Registered Voters,,,,643
Utah,25VI06,Registered Voters,,REP,,643
Utah,25VI06,Utah County Clerk,,REP,Aaron Davidson,46
Utah,25VI06,Utah County Clerk,,REP,Corey K Astill,62
Utah,25VI06,Utah County Clerk,,REP,Over Votes,0
Utah,25VI06,Utah County Clerk,,REP,Under Votes,1
Utah,25VI06,Utah County Commission Seat A,,REP,Brent V. Bowles,49
Utah,25VI06,Utah County Commission Seat A,,REP,Michelle Kaufusi,60
Utah,25VI06,Utah County Commission Seat A,,REP,Over Votes,0
Utah,25VI06,Utah County Commission Seat A,,REP,Under Votes,0
Utah,25VI06,Utah County Commission Seat B,,REP,Carolina Herrin,29
Utah,25VI06,Utah County Commission Seat B,,REP,David M. Spencer,51
Utah,25VI06,Utah County Commission Seat B,,REP,Isaac Paxman,28
Utah,25VI06,Utah County Commission Seat B,,REP,Over Votes,0
Utah,25VI06,Utah County Commission Seat B,,REP,Under Votes,1
Utah,25VI07,Ballots Cast,,,,147
Utah,25VI07,Ballots Cast,,REP,,147
Utah,25VI07,Ballots Cast Blank,,,,0
Utah,25VI07,Registered Voters,,,,795
Utah,25VI07,Registered Voters,,REP,,795
Utah,25VI07,Utah County Clerk,,REP,Aaron Davidson,60
Utah,25VI07,Utah County Clerk,,REP,Corey K Astill,82
Utah,25VI07,Utah County Clerk,,REP,Over Votes,0
Utah,25VI07,Utah County Clerk,,REP,Under Votes,5
Utah,25VI07,Utah County Commission Seat A,,REP,Brent V. Bowles,56
Utah,25VI07,Utah County Commission Seat A,,REP,Michelle Kaufusi,91
Utah,25VI07,Utah County Commission Seat A,,REP,Over Votes,0
Utah,25VI07,Utah County Commission Seat A,,REP,Under Votes,0
Utah,25VI07,Utah County Commission Seat B,,REP,Carolina Herrin,15
Utah,25VI07,Utah County Commission Seat B,,REP,David M. Spencer,78
Utah,25VI07,Utah County Commission Seat B,,REP,Isaac Paxman,50
Utah,25VI07,Utah County Commission Seat B,,REP,Over Votes,0
Utah,25VI07,Utah County Commission Seat B,,REP,Under Votes,4
Utah,25VI08,Ballots Cast,,,,87
Utah,25VI08,Ballots Cast,,REP,,87
Utah,25VI08,Ballots Cast Blank,,,,0
Utah,25VI08,Registered Voters,,,,560
Utah,25VI08,Registered Voters,,REP,,560
Utah,25VI08,Utah County Clerk,,REP,Aaron Davidson,32
Utah,25VI08,Utah County Clerk,,REP,Corey K Astill,55
Utah,25VI08,Utah County Clerk,,REP,Over Votes,0
Utah,25VI08,Utah County Clerk,,REP,Under Votes,0
Utah,25VI08,Utah County Commission Seat A,,REP,Brent V. Bowles,39
Utah,25VI08,Utah County Commission Seat A,,REP,Michelle Kaufusi,48
Utah,25VI08,Utah County Commission Seat A,,REP,Over Votes,0
Utah,25VI08,Utah County Commission Seat A,,REP,Under Votes,0
Utah,25VI08,Utah County Commission Seat B,,REP,Carolina Herrin,12
Utah,25VI08,Utah County Commission Seat B,,REP,David M. Spencer,43
Utah,25VI08,Utah County Commission Seat B,,REP,Isaac Paxman,32
Utah,25VI08,Utah County Commission Seat B,,REP,Over Votes,0
Utah,25VI08,Utah County Commission Seat B,,REP,Under Votes,0
Utah,25VI09,Ballots Cast,,,,0
Utah,25VI09,Ballots Cast,,REP,,0
Utah,25VI09,Ballots Cast Blank,,,,0
Utah,25VI09,Registered Voters,,,,0
Utah,25VI09,Registered Voters,,REP,,0
Utah,25VI09,U.S. House,3,REP,Celeste Maloy,0
Utah,25VI09,U.S. House,3,REP,Over Votes,0
Utah,25VI09,U.S. House,3,REP,Phil Lyman,0
Utah,25VI09,U.S. House,3,REP,Under Votes,0
Utah,25VI09,Utah County Clerk,,REP,Aaron Davidson,0
Utah,25VI09,Utah County Clerk,,REP,Corey K Astill,0
Utah,25VI09,Utah County Clerk,,REP,Over Votes,0
Utah,25VI09,Utah County Clerk,,REP,Under Votes,0
Utah,25VI09,Utah County Commission Seat A,,REP,Brent V. Bowles,0
Utah,25VI09,Utah County Commission Seat A,,REP,Michelle Kaufusi,0
Utah,25VI09,Utah County Commission Seat A,,REP,Over Votes,0
Utah,25VI09,Utah County Commission Seat A,,REP,Under Votes,0
Utah,25VI09,Utah County Commission Seat B,,REP,Carolina Herrin,0
Utah,25VI09,Utah County Commission Seat B,,REP,David M. Spencer,0
Utah,25VI09,Utah County Commission Seat B,,REP,Isaac Paxman,0
Utah,25VI09,Utah County Commission Seat B,,REP,Over Votes,0
Utah,25VI09,Utah County Commission Seat B,,REP,Under Votes,0
Utah,25WH01,Ballots Cast,,,,376
Utah,25WH01,Ballots Cast,,NP,,53
Utah,25WH01,Ballots Cast,,REP,,323
Utah,25WH01,Ballots Cast Blank,,,,0
Utah,25WH01,Board Of Education District 14 (Multi-County),14,REP,Linda Hanks,190
Utah,25WH01,Board Of Education District 14 (Multi-County),14,REP,Nichole Beecher Isom,119
Utah,25WH01,Board Of Education District 14 (Multi-County),14,REP,Over Votes,0
Utah,25WH01,Board Of Education District 14 (Multi-County),14,REP,Under Votes,14
Utah,25WH01,Nebo School District 4 Nebo,4,,Braden Jensen,75
Utah,25WH01,Nebo School District 4 Nebo,4,,Over Votes,0
Utah,25WH01,Nebo School District 4 Nebo,4,,Perry C. Ewell,111
Utah,25WH01,Nebo School District 4 Nebo,4,,Rick B. Ainge,173
Utah,25WH01,Nebo School District 4 Nebo,4,,Under Votes,17
Utah,25WH01,Registered Voters,,,,1206
Utah,25WH01,Registered Voters,,NP,,353
Utah,25WH01,Registered Voters,,REP,,853
Utah,25WH01,U.S. House,3,REP,Celeste Maloy,199
Utah,25WH01,U.S. House,3,REP,Over Votes,0
Utah,25WH01,U.S. House,3,REP,Phil Lyman,120
Utah,25WH01,U.S. House,3,REP,Under Votes,4
Utah,25WH01,Utah County Clerk,,REP,Aaron Davidson,154
Utah,25WH01,Utah County Clerk,,REP,Corey K Astill,154
Utah,25WH01,Utah County Clerk,,REP,Over Votes,0
Utah,25WH01,Utah County Clerk,,REP,Under Votes,15
Utah,25WH01,Utah County Commission Seat A,,REP,Brent V. Bowles,136
Utah,25WH01,Utah County Commission Seat A,,REP,Michelle Kaufusi,180
Utah,25WH01,Utah County Commission Seat A,,REP,Over Votes,0
Utah,25WH01,Utah County Commission Seat A,,REP,Under Votes,7
Utah,25WH01,Utah County Commission Seat B,,REP,Carolina Herrin,82
Utah,25WH01,Utah County Commission Seat B,,REP,David M. Spencer,117
Utah,25WH01,Utah County Commission Seat B,,REP,Isaac Paxman,111
Utah,25WH01,Utah County Commission Seat B,,REP,Over Votes,0
Utah,25WH01,Utah County Commission Seat B,,REP,Under Votes,13
Utah,FED 301 Suppressed,Ballots Cast,,,,8
Utah,FED 301 Suppressed,Ballots Cast,,REP,,8
Utah,FED 301 Suppressed,Ballots Cast Blank,,,,2
Utah,FED 301 Suppressed,Registered Voters,,,,0
Utah,FED 301 Suppressed,Registered Voters,,REP,,0
