county,precinct,office,district,party,candidate,votes
Weber,29CN01 Suppressed,Ballots Cast,,,,3
Weber,29CN01 Suppressed,Ballots Cast,,DEM,,0
Weber,29CN01 Suppressed,Ballots Cast,,REP,,3
Weber,29CN01 Suppressed,Registered Voters,,,,3
Weber,29CN02,Ballots Cast,,,,0
Weber,29CN02,Ballots Cast,,DEM,,0
Weber,29CN02,Ballots Cast,,REP,,0
Weber,29CN02,County Commissioner Seat A,,REP,Duane D Kearsley,0
Weber,29CN02,County Commissioner Seat A,,REP,James Ebert,0
Weber,29CN02,County Commissioner Seat A,,REP,Katrina C. Gibson,0
Weber,29CN02,County Commissioner Seat A,,REP,Over Votes,0
Weber,29CN02,County Commissioner Seat A,,REP,Richard Hyer,0
Weber,29CN02,County Commissioner Seat A,,REP,Under Votes,0
Weber,29CN02,County Commissioner Seat B,,REP,Jon D. Beesley,0
Weber,29CN02,County Commissioner Seat B,,REP,Over Votes,0
Weber,29CN02,County Commissioner Seat B,,REP,Sharon Arrington Bolos,0
Weber,29CN02,County Commissioner Seat B,,REP,Under Votes,0
Weber,29CN02,Registered Voters,,,,10
Weber,29CN02,U.S. House,2,REP,Blake D. Moore,0
Weber,29CN02,U.S. House,2,REP,Karianne Lisonbee,0
Weber,29CN02,U.S. House,2,REP,Over Votes,0
Weber,29CN02,U.S. House,2,REP,Under Votes,0
Weber,29CN03 Suppressed,Ballots Cast,,,,2
Weber,29CN03 Suppressed,Ballots Cast,,DEM,,0
Weber,29CN03 Suppressed,Ballots Cast,,REP,,2
Weber,29CN03 Suppressed,Registered Voters,,,,5
Weber,29CN04 Suppressed,Ballots Cast,,,,11
Weber,29CN04 Suppressed,Ballots Cast,,DEM,,0
Weber,29CN04 Suppressed,Ballots Cast,,REP,,11
Weber,29CN04 Suppressed,Registered Voters,,,,28
Weber,29CN05 Suppressed,Ballots Cast,,,,4
Weber,29CN05 Suppressed,Ballots Cast,,DEM,,0
Weber,29CN05 Suppressed,Ballots Cast,,REP,,4
Weber,29CN05 Suppressed,Registered Voters,,,,8
Weber,29CS01,Ballots Cast,,,,291
Weber,29CS01,Ballots Cast,,DEM,,39
Weber,29CS01,Ballots Cast,,REP,,252
Weber,29CS01,County Commissioner Seat A,,REP,Duane D Kearsley,51
Weber,29CS01,County Commissioner Seat A,,REP,James Ebert,86
Weber,29CS01,County Commissioner Seat A,,REP,Katrina C. Gibson,67
Weber,29CS01,County Commissioner Seat A,,REP,Over Votes,1
Weber,29CS01,County Commissioner Seat A,,REP,Richard Hyer,41
Weber,29CS01,County Commissioner Seat A,,REP,Under Votes,6
Weber,29CS01,County Commissioner Seat B,,REP,Jon D. Beesley,106
Weber,29CS01,County Commissioner Seat B,,REP,Over Votes,0
Weber,29CS01,County Commissioner Seat B,,REP,Sharon Arrington Bolos,143
Weber,29CS01,County Commissioner Seat B,,REP,Under Votes,3
Weber,29CS01,Registered Voters,,,,650
Weber,29CS01,State Senate,5,DEM,Dakota Wurth,10
Weber,29CS01,State Senate,5,DEM,Over Votes,0
Weber,29CS01,State Senate,5,DEM,Under Votes,0
Weber,29CS01,U.S. House,2,REP,Blake D. Moore,150
Weber,29CS01,U.S. House,2,REP,Karianne Lisonbee,101
Weber,29CS01,U.S. House,2,REP,Over Votes,0
Weber,29CS01,U.S. House,2,REP,Under Votes,1
Weber,29CS02,Ballots Cast,,,,277
Weber,29CS02,Ballots Cast,,DEM,,65
Weber,29CS02,Ballots Cast,,REP,,212
Weber,29CS02,County Commissioner Seat A,,REP,Duane D Kearsley,49
Weber,29CS02,County Commissioner Seat A,,REP,James Ebert,77
Weber,29CS02,County Commissioner Seat A,,REP,Katrina C. Gibson,42
Weber,29CS02,County Commissioner Seat A,,REP,Over Votes,2
Weber,29CS02,County Commissioner Seat A,,REP,Richard Hyer,38
Weber,29CS02,County Commissioner Seat A,,REP,Under Votes,4
Weber,29CS02,County Commissioner Seat B,,REP,Jon D. Beesley,92
Weber,29CS02,County Commissioner Seat B,,REP,Over Votes,0
Weber,29CS02,County Commissioner Seat B,,REP,Sharon Arrington Bolos,114
Weber,29CS02,County Commissioner Seat B,,REP,Under Votes,6
Weber,29CS02,Registered Voters,,,,572
Weber,29CS02,State Senate,5,DEM,Dakota Wurth,19
Weber,29CS02,State Senate,5,DEM,Over Votes,0
Weber,29CS02,State Senate,5,DEM,Under Votes,0
Weber,29CS02,U.S. House,2,REP,Blake D. Moore,139
Weber,29CS02,U.S. House,2,REP,Karianne Lisonbee,69
Weber,29CS02,U.S. House,2,REP,Over Votes,0
Weber,29CS02,U.S. House,2,REP,Under Votes,4
Weber,29CV01,Ballots Cast,,,,17
Weber,29CV01,Ballots Cast,,DEM,,0
Weber,29CV01,Ballots Cast,,REP,,17
Weber,29CV01,County Commissioner Seat A,,REP,Duane D Kearsley,5
Weber,29CV01,County Commissioner Seat A,,REP,James Ebert,4
Weber,29CV01,County Commissioner Seat A,,REP,Katrina C. Gibson,4
Weber,29CV01,County Commissioner Seat A,,REP,Over Votes,0
Weber,29CV01,County Commissioner Seat A,,REP,Richard Hyer,4
Weber,29CV01,County Commissioner Seat A,,REP,Under Votes,0
Weber,29CV01,County Commissioner Seat B,,REP,Jon D. Beesley,4
Weber,29CV01,County Commissioner Seat B,,REP,Over Votes,0
Weber,29CV01,County Commissioner Seat B,,REP,Sharon Arrington Bolos,13
Weber,29CV01,County Commissioner Seat B,,REP,Under Votes,0
Weber,29CV01,Registered Voters,,,,60
Weber,29CV01,U.S. House,2,REP,Blake D. Moore,8
Weber,29CV01,U.S. House,2,REP,Karianne Lisonbee,9
Weber,29CV01,U.S. House,2,REP,Over Votes,0
Weber,29CV01,U.S. House,2,REP,Under Votes,0
Weber,29CV02,Ballots Cast,,,,0
Weber,29CV02,Ballots Cast,,DEM,,0
Weber,29CV02,Ballots Cast,,REP,,0
Weber,29CV02,County Commissioner Seat A,,REP,Duane D Kearsley,0
Weber,29CV02,County Commissioner Seat A,,REP,James Ebert,0
Weber,29CV02,County Commissioner Seat A,,REP,Katrina C. Gibson,0
Weber,29CV02,County Commissioner Seat A,,REP,Over Votes,0
Weber,29CV02,County Commissioner Seat A,,REP,Richard Hyer,0
Weber,29CV02,County Commissioner Seat A,,REP,Under Votes,0
Weber,29CV02,County Commissioner Seat B,,REP,Jon D. Beesley,0
Weber,29CV02,County Commissioner Seat B,,REP,Over Votes,0
Weber,29CV02,County Commissioner Seat B,,REP,Sharon Arrington Bolos,0
Weber,29CV02,County Commissioner Seat B,,REP,Under Votes,0
Weber,29CV02,Registered Voters,,,,0
Weber,29CV02,State Senate,5,DEM,Dakota Wurth,0
Weber,29CV02,State Senate,5,DEM,Over Votes,0
Weber,29CV02,State Senate,5,DEM,Under Votes,0
Weber,29CV02,U.S. House,2,REP,Blake D. Moore,0
Weber,29CV02,U.S. House,2,REP,Karianne Lisonbee,0
Weber,29CV02,U.S. House,2,REP,Over Votes,0
Weber,29CV02,U.S. House,2,REP,Under Votes,0
Weber,29CV03,Ballots Cast,,,,16
Weber,29CV03,Ballots Cast,,DEM,,0
Weber,29CV03,Ballots Cast,,REP,,16
Weber,29CV03,County Commissioner Seat A,,REP,Duane D Kearsley,3
Weber,29CV03,County Commissioner Seat A,,REP,James Ebert,3
Weber,29CV03,County Commissioner Seat A,,REP,Katrina C. Gibson,2
Weber,29CV03,County Commissioner Seat A,,REP,Over Votes,0
Weber,29CV03,County Commissioner Seat A,,REP,Richard Hyer,8
Weber,29CV03,County Commissioner Seat A,,REP,Under Votes,0
Weber,29CV03,County Commissioner Seat B,,REP,Jon D. Beesley,15
Weber,29CV03,County Commissioner Seat B,,REP,Over Votes,0
Weber,29CV03,County Commissioner Seat B,,REP,Sharon Arrington Bolos,1
Weber,29CV03,County Commissioner Seat B,,REP,Under Votes,0
Weber,29CV03,Registered Voters,,,,52
Weber,29CV03,U.S. House,2,REP,Blake D. Moore,3
Weber,29CV03,U.S. House,2,REP,Karianne Lisonbee,13
Weber,29CV03,U.S. House,2,REP,Over Votes,0
Weber,29CV03,U.S. House,2,REP,Under Votes,0
Weber,29CV04,Ballots Cast,,,,0
Weber,29CV04,Ballots Cast,,DEM,,0
Weber,29CV04,Ballots Cast,,REP,,0
Weber,29CV04,County Commissioner Seat A,,REP,Duane D Kearsley,0
Weber,29CV04,County Commissioner Seat A,,REP,James Ebert,0
Weber,29CV04,County Commissioner Seat A,,REP,Katrina C. Gibson,0
Weber,29CV04,County Commissioner Seat A,,REP,Over Votes,0
Weber,29CV04,County Commissioner Seat A,,REP,Richard Hyer,0
Weber,29CV04,County Commissioner Seat A,,REP,Under Votes,0
Weber,29CV04,County Commissioner Seat B,,REP,Jon D. Beesley,0
Weber,29CV04,County Commissioner Seat B,,REP,Over Votes,0
Weber,29CV04,County Commissioner Seat B,,REP,Sharon Arrington Bolos,0
Weber,29CV04,County Commissioner Seat B,,REP,Under Votes,0
Weber,29CV04,Registered Voters,,,,0
Weber,29CV04,U.S. House,3,REP,Celeste Maloy,0
Weber,29CV04,U.S. House,3,REP,Over Votes,0
Weber,29CV04,U.S. House,3,REP,Phil Lyman,0
Weber,29CV04,U.S. House,3,REP,Under Votes,0
Weber,29CV05,Ballots Cast,,,,0
Weber,29CV05,Ballots Cast,,DEM,,0
Weber,29CV05,Ballots Cast,,REP,,0
Weber,29CV05,County Commissioner Seat A,,REP,Duane D Kearsley,0
Weber,29CV05,County Commissioner Seat A,,REP,James Ebert,0
Weber,29CV05,County Commissioner Seat A,,REP,Katrina C. Gibson,0
Weber,29CV05,County Commissioner Seat A,,REP,Over Votes,0
Weber,29CV05,County Commissioner Seat A,,REP,Richard Hyer,0
Weber,29CV05,County Commissioner Seat A,,REP,Under Votes,0
Weber,29CV05,County Commissioner Seat B,,REP,Jon D. Beesley,0
Weber,29CV05,County Commissioner Seat B,,REP,Over Votes,0
Weber,29CV05,County Commissioner Seat B,,REP,Sharon Arrington Bolos,0
Weber,29CV05,County Commissioner Seat B,,REP,Under Votes,0
Weber,29CV05,Registered Voters,,,,0
Weber,29CV05,U.S. House,2,REP,Blake D. Moore,0
Weber,29CV05,U.S. House,2,REP,Karianne Lisonbee,0
Weber,29CV05,U.S. House,2,REP,Over Votes,0
Weber,29CV05,U.S. House,2,REP,Under Votes,0
Weber,29CV06,Ballots Cast,,,,0
Weber,29CV06,Ballots Cast,,DEM,,0
Weber,29CV06,Ballots Cast,,REP,,0
Weber,29CV06,County Commissioner Seat A,,REP,Duane D Kearsley,0
Weber,29CV06,County Commissioner Seat A,,REP,James Ebert,0
Weber,29CV06,County Commissioner Seat A,,REP,Katrina C. Gibson,0
Weber,29CV06,County Commissioner Seat A,,REP,Over Votes,0
Weber,29CV06,County Commissioner Seat A,,REP,Richard Hyer,0
Weber,29CV06,County Commissioner Seat A,,REP,Under Votes,0
Weber,29CV06,County Commissioner Seat B,,REP,Jon D. Beesley,0
Weber,29CV06,County Commissioner Seat B,,REP,Over Votes,0
Weber,29CV06,County Commissioner Seat B,,REP,Sharon Arrington Bolos,0
Weber,29CV06,County Commissioner Seat B,,REP,Under Votes,0
Weber,29CV06,Registered Voters,,,,0
Weber,29CV06,State Senate,5,DEM,Dakota Wurth,0
Weber,29CV06,State Senate,5,DEM,Over Votes,0
Weber,29CV06,State Senate,5,DEM,Under Votes,0
Weber,29CV06,U.S. House,3,REP,Celeste Maloy,0
Weber,29CV06,U.S. House,3,REP,Over Votes,0
Weber,29CV06,U.S. House,3,REP,Phil Lyman,0
Weber,29CV06,U.S. House,3,REP,Under Votes,0
Weber,29CV07,Ballots Cast,,,,0
Weber,29CV07,Ballots Cast,,DEM,,0
Weber,29CV07,Ballots Cast,,REP,,0
Weber,29CV07,County Commissioner Seat A,,REP,Duane D Kearsley,0
Weber,29CV07,County Commissioner Seat A,,REP,James Ebert,0
Weber,29CV07,County Commissioner Seat A,,REP,Katrina C. Gibson,0
Weber,29CV07,County Commissioner Seat A,,REP,Over Votes,0
Weber,29CV07,County Commissioner Seat A,,REP,Richard Hyer,0
Weber,29CV07,County Commissioner Seat A,,REP,Under Votes,0
Weber,29CV07,County Commissioner Seat B,,REP,Jon D. Beesley,0
Weber,29CV07,County Commissioner Seat B,,REP,Over Votes,0
Weber,29CV07,County Commissioner Seat B,,REP,Sharon Arrington Bolos,0
Weber,29CV07,County Commissioner Seat B,,REP,Under Votes,0
Weber,29CV07,Registered Voters,,,,0
Weber,29CV07,U.S. House,3,REP,Celeste Maloy,0
Weber,29CV07,U.S. House,3,REP,Over Votes,0
Weber,29CV07,U.S. House,3,REP,Phil Lyman,0
Weber,29CV07,U.S. House,3,REP,Under Votes,0
Weber,29CV08,Ballots Cast,,,,0
Weber,29CV08,Ballots Cast,,DEM,,0
Weber,29CV08,Ballots Cast,,REP,,0
Weber,29CV08,County Commissioner Seat A,,REP,Duane D Kearsley,0
Weber,29CV08,County Commissioner Seat A,,REP,James Ebert,0
Weber,29CV08,County Commissioner Seat A,,REP,Katrina C. Gibson,0
Weber,29CV08,County Commissioner Seat A,,REP,Over Votes,0
Weber,29CV08,County Commissioner Seat A,,REP,Richard Hyer,0
Weber,29CV08,County Commissioner Seat A,,REP,Under Votes,0
Weber,29CV08,County Commissioner Seat B,,REP,Jon D. Beesley,0
Weber,29CV08,County Commissioner Seat B,,REP,Over Votes,0
Weber,29CV08,County Commissioner Seat B,,REP,Sharon Arrington Bolos,0
Weber,29CV08,County Commissioner Seat B,,REP,Under Votes,0
Weber,29CV08,Registered Voters,,,,0
Weber,29CV08,State Senate,5,DEM,Dakota Wurth,0
Weber,29CV08,State Senate,5,DEM,Over Votes,0
Weber,29CV08,State Senate,5,DEM,Under Votes,0
Weber,29CV08,U.S. House,3,REP,Celeste Maloy,0
Weber,29CV08,U.S. House,3,REP,Over Votes,0
Weber,29CV08,U.S. House,3,REP,Phil Lyman,0
Weber,29CV08,U.S. House,3,REP,Under Votes,0
Weber,29CW01,Ballots Cast,,,,143
Weber,29CW01,Ballots Cast,,DEM,,0
Weber,29CW01,Ballots Cast,,REP,,143
Weber,29CW01,County Commissioner Seat A,,REP,Duane D Kearsley,115
Weber,29CW01,County Commissioner Seat A,,REP,James Ebert,10
Weber,29CW01,County Commissioner Seat A,,REP,Katrina C. Gibson,12
Weber,29CW01,County Commissioner Seat A,,REP,Over Votes,0
Weber,29CW01,County Commissioner Seat A,,REP,Richard Hyer,6
Weber,29CW01,County Commissioner Seat A,,REP,Under Votes,0
Weber,29CW01,County Commissioner Seat B,,REP,Jon D. Beesley,94
Weber,29CW01,County Commissioner Seat B,,REP,Over Votes,0
Weber,29CW01,County Commissioner Seat B,,REP,Sharon Arrington Bolos,45
Weber,29CW01,County Commissioner Seat B,,REP,Under Votes,4
Weber,29CW01,Registered Voters,,,,228
Weber,29CW01,U.S. House,2,REP,Blake D. Moore,62
Weber,29CW01,U.S. House,2,REP,Karianne Lisonbee,80
Weber,29CW01,U.S. House,2,REP,Over Votes,0
Weber,29CW01,U.S. House,2,REP,Under Votes,1
Weber,29CW02,Ballots Cast,,,,204
Weber,29CW02,Ballots Cast,,DEM,,0
Weber,29CW02,Ballots Cast,,REP,,204
Weber,29CW02,County Commissioner Seat A,,REP,Duane D Kearsley,68
Weber,29CW02,County Commissioner Seat A,,REP,James Ebert,60
Weber,29CW02,County Commissioner Seat A,,REP,Katrina C. Gibson,57
Weber,29CW02,County Commissioner Seat A,,REP,Over Votes,0
Weber,29CW02,County Commissioner Seat A,,REP,Richard Hyer,15
Weber,29CW02,County Commissioner Seat A,,REP,Under Votes,4
Weber,29CW02,County Commissioner Seat B,,REP,Jon D. Beesley,122
Weber,29CW02,County Commissioner Seat B,,REP,Over Votes,1
Weber,29CW02,County Commissioner Seat B,,REP,Sharon Arrington Bolos,79
Weber,29CW02,County Commissioner Seat B,,REP,Under Votes,2
Weber,29CW02,Registered Voters,,,,418
Weber,29CW02,U.S. House,2,REP,Blake D. Moore,115
Weber,29CW02,U.S. House,2,REP,Karianne Lisonbee,87
Weber,29CW02,U.S. House,2,REP,Over Votes,0
Weber,29CW02,U.S. House,2,REP,Under Votes,2
Weber,29CW03,Ballots Cast,,,,112
Weber,29CW03,Ballots Cast,,DEM,,0
Weber,29CW03,Ballots Cast,,REP,,112
Weber,29CW03,County Commissioner Seat A,,REP,Duane D Kearsley,80
Weber,29CW03,County Commissioner Seat A,,REP,James Ebert,18
Weber,29CW03,County Commissioner Seat A,,REP,Katrina C. Gibson,4
Weber,29CW03,County Commissioner Seat A,,REP,Over Votes,0
Weber,29CW03,County Commissioner Seat A,,REP,Richard Hyer,10
Weber,29CW03,County Commissioner Seat A,,REP,Under Votes,0
Weber,29CW03,County Commissioner Seat B,,REP,Jon D. Beesley,67
Weber,29CW03,County Commissioner Seat B,,REP,Over Votes,0
Weber,29CW03,County Commissioner Seat B,,REP,Sharon Arrington Bolos,45
Weber,29CW03,County Commissioner Seat B,,REP,Under Votes,0
Weber,29CW03,Registered Voters,,,,281
Weber,29CW03,U.S. House,2,REP,Blake D. Moore,55
Weber,29CW03,U.S. House,2,REP,Karianne Lisonbee,57
Weber,29CW03,U.S. House,2,REP,Over Votes,0
Weber,29CW03,U.S. House,2,REP,Under Votes,0
Weber,29CW04,Ballots Cast,,,,164
Weber,29CW04,Ballots Cast,,DEM,,0
Weber,29CW04,Ballots Cast,,REP,,164
Weber,29CW04,County Commissioner Seat A,,REP,Duane D Kearsley,71
Weber,29CW04,County Commissioner Seat A,,REP,James Ebert,26
Weber,29CW04,County Commissioner Seat A,,REP,Katrina C. Gibson,45
Weber,29CW04,County Commissioner Seat A,,REP,Over Votes,0
Weber,29CW04,County Commissioner Seat A,,REP,Richard Hyer,14
Weber,29CW04,County Commissioner Seat A,,REP,Under Votes,8
Weber,29CW04,County Commissioner Seat B,,REP,Jon D. Beesley,108
Weber,29CW04,County Commissioner Seat B,,REP,Over Votes,0
Weber,29CW04,County Commissioner Seat B,,REP,Sharon Arrington Bolos,56
Weber,29CW04,County Commissioner Seat B,,REP,Under Votes,0
Weber,29CW04,Registered Voters,,,,422
Weber,29CW04,U.S. House,2,REP,Blake D. Moore,92
Weber,29CW04,U.S. House,2,REP,Karianne Lisonbee,67
Weber,29CW04,U.S. House,2,REP,Over Votes,0
Weber,29CW04,U.S. House,2,REP,Under Votes,5
Weber,29CW05,Ballots Cast,,,,251
Weber,29CW05,Ballots Cast,,DEM,,0
Weber,29CW05,Ballots Cast,,REP,,251
Weber,29CW05,County Commissioner Seat A,,REP,Duane D Kearsley,111
Weber,29CW05,County Commissioner Seat A,,REP,James Ebert,38
Weber,29CW05,County Commissioner Seat A,,REP,Katrina C. Gibson,53
Weber,29CW05,County Commissioner Seat A,,REP,Over Votes,3
Weber,29CW05,County Commissioner Seat A,,REP,Richard Hyer,45
Weber,29CW05,County Commissioner Seat A,,REP,Under Votes,1
Weber,29CW05,County Commissioner Seat B,,REP,Jon D. Beesley,179
Weber,29CW05,County Commissioner Seat B,,REP,Over Votes,0
Weber,29CW05,County Commissioner Seat B,,REP,Sharon Arrington Bolos,65
Weber,29CW05,County Commissioner Seat B,,REP,Under Votes,7
Weber,29CW05,Registered Voters,,,,719
Weber,29CW05,U.S. House,2,REP,Blake D. Moore,139
Weber,29CW05,U.S. House,2,REP,Karianne Lisonbee,110
Weber,29CW05,U.S. House,2,REP,Over Votes,0
Weber,29CW05,U.S. House,2,REP,Under Votes,2
Weber,29CW05:B Suppressed,Ballots Cast,,,,3
Weber,29CW05:B Suppressed,Ballots Cast,,DEM,,0
Weber,29CW05:B Suppressed,Ballots Cast,,REP,,3
Weber,29CW05:B Suppressed,Registered Voters,,,,12
Weber,29CW06,Ballots Cast,,,,133
Weber,29CW06,Ballots Cast,,DEM,,0
Weber,29CW06,Ballots Cast,,REP,,133
Weber,29CW06,County Commissioner Seat A,,REP,Duane D Kearsley,68
Weber,29CW06,County Commissioner Seat A,,REP,James Ebert,19
Weber,29CW06,County Commissioner Seat A,,REP,Katrina C. Gibson,31
Weber,29CW06,County Commissioner Seat A,,REP,Over Votes,0
Weber,29CW06,County Commissioner Seat A,,REP,Richard Hyer,15
Weber,29CW06,County Commissioner Seat A,,REP,Under Votes,0
Weber,29CW06,County Commissioner Seat B,,REP,Jon D. Beesley,101
Weber,29CW06,County Commissioner Seat B,,REP,Over Votes,0
Weber,29CW06,County Commissioner Seat B,,REP,Sharon Arrington Bolos,30
Weber,29CW06,County Commissioner Seat B,,REP,Under Votes,2
Weber,29CW06,Registered Voters,,,,289
Weber,29CW06,U.S. House,2,REP,Blake D. Moore,57
Weber,29CW06,U.S. House,2,REP,Karianne Lisonbee,73
Weber,29CW06,U.S. House,2,REP,Over Votes,0
Weber,29CW06,U.S. House,2,REP,Under Votes,3
Weber,29CW07,Ballots Cast,,,,71
Weber,29CW07,Ballots Cast,,DEM,,0
Weber,29CW07,Ballots Cast,,REP,,71
Weber,29CW07,County Commissioner Seat A,,REP,Duane D Kearsley,37
Weber,29CW07,County Commissioner Seat A,,REP,James Ebert,14
Weber,29CW07,County Commissioner Seat A,,REP,Katrina C. Gibson,14
Weber,29CW07,County Commissioner Seat A,,REP,Over Votes,0
Weber,29CW07,County Commissioner Seat A,,REP,Richard Hyer,6
Weber,29CW07,County Commissioner Seat A,,REP,Under Votes,0
Weber,29CW07,County Commissioner Seat B,,REP,Jon D. Beesley,34
Weber,29CW07,County Commissioner Seat B,,REP,Over Votes,0
Weber,29CW07,County Commissioner Seat B,,REP,Sharon Arrington Bolos,35
Weber,29CW07,County Commissioner Seat B,,REP,Under Votes,2
Weber,29CW07,Registered Voters,,,,220
Weber,29CW07,U.S. House,2,REP,Blake D. Moore,33
Weber,29CW07,U.S. House,2,REP,Karianne Lisonbee,35
Weber,29CW07,U.S. House,2,REP,Over Votes,0
Weber,29CW07,U.S. House,2,REP,Under Votes,3
Weber,29CW08,Ballots Cast,,,,0
Weber,29CW08,Ballots Cast,,DEM,,0
Weber,29CW08,Ballots Cast,,REP,,0
Weber,29CW08,County Commissioner Seat A,,REP,Duane D Kearsley,0
Weber,29CW08,County Commissioner Seat A,,REP,James Ebert,0
Weber,29CW08,County Commissioner Seat A,,REP,Katrina C. Gibson,0
Weber,29CW08,County Commissioner Seat A,,REP,Over Votes,0
Weber,29CW08,County Commissioner Seat A,,REP,Richard Hyer,0
Weber,29CW08,County Commissioner Seat A,,REP,Under Votes,0
Weber,29CW08,County Commissioner Seat B,,REP,Jon D. Beesley,0
Weber,29CW08,County Commissioner Seat B,,REP,Over Votes,0
Weber,29CW08,County Commissioner Seat B,,REP,Sharon Arrington Bolos,0
Weber,29CW08,County Commissioner Seat B,,REP,Under Votes,0
Weber,29CW08,Registered Voters,,,,2
Weber,29CW08,State Senate,5,DEM,Dakota Wurth,0
Weber,29CW08,State Senate,5,DEM,Over Votes,0
Weber,29CW08,State Senate,5,DEM,Under Votes,0
Weber,29CW08,U.S. House,2,REP,Blake D. Moore,0
Weber,29CW08,U.S. House,2,REP,Karianne Lisonbee,0
Weber,29CW08,U.S. House,2,REP,Over Votes,0
Weber,29CW08,U.S. House,2,REP,Under Votes,0
Weber,29CW09,Ballots Cast,,,,0
Weber,29CW09,Ballots Cast,,DEM,,0
Weber,29CW09,Ballots Cast,,REP,,0
Weber,29CW09,County Commissioner Seat A,,REP,Duane D Kearsley,0
Weber,29CW09,County Commissioner Seat A,,REP,James Ebert,0
Weber,29CW09,County Commissioner Seat A,,REP,Katrina C. Gibson,0
Weber,29CW09,County Commissioner Seat A,,REP,Over Votes,0
Weber,29CW09,County Commissioner Seat A,,REP,Richard Hyer,0
Weber,29CW09,County Commissioner Seat A,,REP,Under Votes,0
Weber,29CW09,County Commissioner Seat B,,REP,Jon D. Beesley,0
Weber,29CW09,County Commissioner Seat B,,REP,Over Votes,0
Weber,29CW09,County Commissioner Seat B,,REP,Sharon Arrington Bolos,0
Weber,29CW09,County Commissioner Seat B,,REP,Under Votes,0
Weber,29CW09,Registered Voters,,,,0
Weber,29CW09,U.S. House,2,REP,Blake D. Moore,0
Weber,29CW09,U.S. House,2,REP,Karianne Lisonbee,0
Weber,29CW09,U.S. House,2,REP,Over Votes,0
Weber,29CW09,U.S. House,2,REP,Under Votes,0
Weber,29CW10,Ballots Cast,,,,0
Weber,29CW10,Ballots Cast,,DEM,,0
Weber,29CW10,Ballots Cast,,REP,,0
Weber,29CW10,County Commissioner Seat A,,REP,Duane D Kearsley,0
Weber,29CW10,County Commissioner Seat A,,REP,James Ebert,0
Weber,29CW10,County Commissioner Seat A,,REP,Katrina C. Gibson,0
Weber,29CW10,County Commissioner Seat A,,REP,Over Votes,0
Weber,29CW10,County Commissioner Seat A,,REP,Richard Hyer,0
Weber,29CW10,County Commissioner Seat A,,REP,Under Votes,0
Weber,29CW10,County Commissioner Seat B,,REP,Jon D. Beesley,0
Weber,29CW10,County Commissioner Seat B,,REP,Over Votes,0
Weber,29CW10,County Commissioner Seat B,,REP,Sharon Arrington Bolos,0
Weber,29CW10,County Commissioner Seat B,,REP,Under Votes,0
Weber,29CW10,Registered Voters,,,,1
Weber,29CW10,U.S. House,2,REP,Blake D. Moore,0
Weber,29CW10,U.S. House,2,REP,Karianne Lisonbee,0
Weber,29CW10,U.S. House,2,REP,Over Votes,0
Weber,29CW10,U.S. House,2,REP,Under Votes,0
Weber,29FW01,Ballots Cast,,,,211
Weber,29FW01,Ballots Cast,,DEM,,0
Weber,29FW01,Ballots Cast,,REP,,211
Weber,29FW01,County Commissioner Seat A,,REP,Duane D Kearsley,59
Weber,29FW01,County Commissioner Seat A,,REP,James Ebert,80
Weber,29FW01,County Commissioner Seat A,,REP,Katrina C. Gibson,46
Weber,29FW01,County Commissioner Seat A,,REP,Over Votes,1
Weber,29FW01,County Commissioner Seat A,,REP,Richard Hyer,20
Weber,29FW01,County Commissioner Seat A,,REP,Under Votes,5
Weber,29FW01,County Commissioner Seat B,,REP,Jon D. Beesley,129
Weber,29FW01,County Commissioner Seat B,,REP,Over Votes,0
Weber,29FW01,County Commissioner Seat B,,REP,Sharon Arrington Bolos,79
Weber,29FW01,County Commissioner Seat B,,REP,Under Votes,3
Weber,29FW01,Registered Voters,,,,591
Weber,29FW01,U.S. House,2,REP,Blake D. Moore,118
Weber,29FW01,U.S. House,2,REP,Karianne Lisonbee,92
Weber,29FW01,U.S. House,2,REP,Over Votes,0
Weber,29FW01,U.S. House,2,REP,Under Votes,1
Weber,29FW02,Ballots Cast,,,,245
Weber,29FW02,Ballots Cast,,DEM,,0
Weber,29FW02,Ballots Cast,,REP,,245
Weber,29FW02,County Commissioner Seat A,,REP,Duane D Kearsley,99
Weber,29FW02,County Commissioner Seat A,,REP,James Ebert,61
Weber,29FW02,County Commissioner Seat A,,REP,Katrina C. Gibson,40
Weber,29FW02,County Commissioner Seat A,,REP,Over Votes,0
Weber,29FW02,County Commissioner Seat A,,REP,Richard Hyer,39
Weber,29FW02,County Commissioner Seat A,,REP,Under Votes,6
Weber,29FW02,County Commissioner Seat B,,REP,Jon D. Beesley,149
Weber,29FW02,County Commissioner Seat B,,REP,Over Votes,0
Weber,29FW02,County Commissioner Seat B,,REP,Sharon Arrington Bolos,90
Weber,29FW02,County Commissioner Seat B,,REP,Under Votes,6
Weber,29FW02,Registered Voters,,,,671
Weber,29FW02,U.S. House,2,REP,Blake D. Moore,118
Weber,29FW02,U.S. House,2,REP,Karianne Lisonbee,125
Weber,29FW02,U.S. House,2,REP,Over Votes,0
Weber,29FW02,U.S. House,2,REP,Under Votes,2
Weber,29FW03,Ballots Cast,,,,219
Weber,29FW03,Ballots Cast,,DEM,,0
Weber,29FW03,Ballots Cast,,REP,,219
Weber,29FW03,County Commissioner Seat A,,REP,Duane D Kearsley,61
Weber,29FW03,County Commissioner Seat A,,REP,James Ebert,84
Weber,29FW03,County Commissioner Seat A,,REP,Katrina C. Gibson,45
Weber,29FW03,County Commissioner Seat A,,REP,Over Votes,0
Weber,29FW03,County Commissioner Seat A,,REP,Richard Hyer,26
Weber,29FW03,County Commissioner Seat A,,REP,Under Votes,3
Weber,29FW03,County Commissioner Seat B,,REP,Jon D. Beesley,115
Weber,29FW03,County Commissioner Seat B,,REP,Over Votes,0
Weber,29FW03,County Commissioner Seat B,,REP,Sharon Arrington Bolos,104
Weber,29FW03,County Commissioner Seat B,,REP,Under Votes,0
Weber,29FW03,Registered Voters,,,,625
Weber,29FW03,U.S. House,2,REP,Blake D. Moore,128
Weber,29FW03,U.S. House,2,REP,Karianne Lisonbee,90
Weber,29FW03,U.S. House,2,REP,Over Votes,0
Weber,29FW03,U.S. House,2,REP,Under Votes,1
Weber,29FW04,Ballots Cast,,,,202
Weber,29FW04,Ballots Cast,,DEM,,0
Weber,29FW04,Ballots Cast,,REP,,202
Weber,29FW04,County Commissioner Seat A,,REP,Duane D Kearsley,68
Weber,29FW04,County Commissioner Seat A,,REP,James Ebert,55
Weber,29FW04,County Commissioner Seat A,,REP,Katrina C. Gibson,56
Weber,29FW04,County Commissioner Seat A,,REP,Over Votes,0
Weber,29FW04,County Commissioner Seat A,,REP,Richard Hyer,19
Weber,29FW04,County Commissioner Seat A,,REP,Under Votes,4
Weber,29FW04,County Commissioner Seat B,,REP,Jon D. Beesley,99
Weber,29FW04,County Commissioner Seat B,,REP,Over Votes,0
Weber,29FW04,County Commissioner Seat B,,REP,Sharon Arrington Bolos,101
Weber,29FW04,County Commissioner Seat B,,REP,Under Votes,2
Weber,29FW04,Registered Voters,,,,432
Weber,29FW04,U.S. House,2,REP,Blake D. Moore,110
Weber,29FW04,U.S. House,2,REP,Karianne Lisonbee,88
Weber,29FW04,U.S. House,2,REP,Over Votes,0
Weber,29FW04,U.S. House,2,REP,Under Votes,4
Weber,29FW05,Ballots Cast,,,,323
Weber,29FW05,Ballots Cast,,DEM,,0
Weber,29FW05,Ballots Cast,,REP,,323
Weber,29FW05,County Commissioner Seat A,,REP,Duane D Kearsley,58
Weber,29FW05,County Commissioner Seat A,,REP,James Ebert,199
Weber,29FW05,County Commissioner Seat A,,REP,Katrina C. Gibson,36
Weber,29FW05,County Commissioner Seat A,,REP,Over Votes,0
Weber,29FW05,County Commissioner Seat A,,REP,Richard Hyer,28
Weber,29FW05,County Commissioner Seat A,,REP,Under Votes,2
Weber,29FW05,County Commissioner Seat B,,REP,Jon D. Beesley,160
Weber,29FW05,County Commissioner Seat B,,REP,Over Votes,0
Weber,29FW05,County Commissioner Seat B,,REP,Sharon Arrington Bolos,153
Weber,29FW05,County Commissioner Seat B,,REP,Under Votes,10
Weber,29FW05,Registered Voters,,,,639
Weber,29FW05,U.S. House,2,REP,Blake D. Moore,194
Weber,29FW05,U.S. House,2,REP,Karianne Lisonbee,128
Weber,29FW05,U.S. House,2,REP,Over Votes,0
Weber,29FW05,U.S. House,2,REP,Under Votes,1
Weber,29HA01,Ballots Cast,,,,41
Weber,29HA01,Ballots Cast,,DEM,,0
Weber,29HA01,Ballots Cast,,REP,,41
Weber,29HA01,County Commissioner Seat A,,REP,Duane D Kearsley,7
Weber,29HA01,County Commissioner Seat A,,REP,James Ebert,9
Weber,29HA01,County Commissioner Seat A,,REP,Katrina C. Gibson,17
Weber,29HA01,County Commissioner Seat A,,REP,Over Votes,0
Weber,29HA01,County Commissioner Seat A,,REP,Richard Hyer,8
Weber,29HA01,County Commissioner Seat A,,REP,Under Votes,0
Weber,29HA01,County Commissioner Seat B,,REP,Jon D. Beesley,19
Weber,29HA01,County Commissioner Seat B,,REP,Over Votes,0
Weber,29HA01,County Commissioner Seat B,,REP,Sharon Arrington Bolos,22
Weber,29HA01,County Commissioner Seat B,,REP,Under Votes,0
Weber,29HA01,Registered Voters,,,,115
Weber,29HA01,U.S. House,2,REP,Blake D. Moore,20
Weber,29HA01,U.S. House,2,REP,Karianne Lisonbee,21
Weber,29HA01,U.S. House,2,REP,Over Votes,0
Weber,29HA01,U.S. House,2,REP,Under Votes,0
Weber,29HA02,Ballots Cast,,,,224
Weber,29HA02,Ballots Cast,,DEM,,0
Weber,29HA02,Ballots Cast,,REP,,224
Weber,29HA02,County Commissioner Seat A,,REP,Duane D Kearsley,58
Weber,29HA02,County Commissioner Seat A,,REP,James Ebert,46
Weber,29HA02,County Commissioner Seat A,,REP,Katrina C. Gibson,69
Weber,29HA02,County Commissioner Seat A,,REP,Over Votes,2
Weber,29HA02,County Commissioner Seat A,,REP,Richard Hyer,47
Weber,29HA02,County Commissioner Seat A,,REP,Under Votes,2
Weber,29HA02,County Commissioner Seat B,,REP,Jon D. Beesley,112
Weber,29HA02,County Commissioner Seat B,,REP,Over Votes,0
Weber,29HA02,County Commissioner Seat B,,REP,Sharon Arrington Bolos,110
Weber,29HA02,County Commissioner Seat B,,REP,Under Votes,2
Weber,29HA02,Registered Voters,,,,563
Weber,29HA02,U.S. House,2,REP,Blake D. Moore,122
Weber,29HA02,U.S. House,2,REP,Karianne Lisonbee,99
Weber,29HA02,U.S. House,2,REP,Over Votes,0
Weber,29HA02,U.S. House,2,REP,Under Votes,3
Weber,29HA03,Ballots Cast,,,,175
Weber,29HA03,Ballots Cast,,DEM,,0
Weber,29HA03,Ballots Cast,,REP,,175
Weber,29HA03,County Commissioner Seat A,,REP,Duane D Kearsley,63
Weber,29HA03,County Commissioner Seat A,,REP,James Ebert,27
Weber,29HA03,County Commissioner Seat A,,REP,Katrina C. Gibson,35
Weber,29HA03,County Commissioner Seat A,,REP,Over Votes,1
Weber,29HA03,County Commissioner Seat A,,REP,Richard Hyer,47
Weber,29HA03,County Commissioner Seat A,,REP,Under Votes,2
Weber,29HA03,County Commissioner Seat B,,REP,Jon D. Beesley,114
Weber,29HA03,County Commissioner Seat B,,REP,Over Votes,0
Weber,29HA03,County Commissioner Seat B,,REP,Sharon Arrington Bolos,59
Weber,29HA03,County Commissioner Seat B,,REP,Under Votes,2
Weber,29HA03,Registered Voters,,,,488
Weber,29HA03,U.S. House,2,REP,Blake D. Moore,76
Weber,29HA03,U.S. House,2,REP,Karianne Lisonbee,99
Weber,29HA03,U.S. House,2,REP,Over Votes,0
Weber,29HA03,U.S. House,2,REP,Under Votes,0
Weber,29HA04,Ballots Cast,,,,264
Weber,29HA04,Ballots Cast,,DEM,,0
Weber,29HA04,Ballots Cast,,REP,,264
Weber,29HA04,County Commissioner Seat A,,REP,Duane D Kearsley,74
Weber,29HA04,County Commissioner Seat A,,REP,James Ebert,47
Weber,29HA04,County Commissioner Seat A,,REP,Katrina C. Gibson,78
Weber,29HA04,County Commissioner Seat A,,REP,Over Votes,3
Weber,29HA04,County Commissioner Seat A,,REP,Richard Hyer,61
Weber,29HA04,County Commissioner Seat A,,REP,Under Votes,1
Weber,29HA04,County Commissioner Seat B,,REP,Jon D. Beesley,151
Weber,29HA04,County Commissioner Seat B,,REP,Over Votes,0
Weber,29HA04,County Commissioner Seat B,,REP,Sharon Arrington Bolos,109
Weber,29HA04,County Commissioner Seat B,,REP,Under Votes,4
Weber,29HA04,Registered Voters,,,,612
Weber,29HA04,U.S. House,2,REP,Blake D. Moore,159
Weber,29HA04,U.S. House,2,REP,Karianne Lisonbee,101
Weber,29HA04,U.S. House,2,REP,Over Votes,0
Weber,29HA04,U.S. House,2,REP,Under Votes,4
Weber,29HP10 Suppressed,Ballots Cast,,,,6
Weber,29HP10 Suppressed,Ballots Cast,,DEM,,0
Weber,29HP10 Suppressed,Ballots Cast,,REP,,6
Weber,29HP10 Suppressed,Registered Voters,,,,19
Weber,29HP10:T Suppressed,Ballots Cast,,,,8
Weber,29HP10:T Suppressed,Ballots Cast,,DEM,,0
Weber,29HP10:T Suppressed,Ballots Cast,,REP,,8
Weber,29HP10:T Suppressed,Registered Voters,,,,38
Weber,29HP11,Ballots Cast,,,,200
Weber,29HP11,Ballots Cast,,DEM,,0
Weber,29HP11,Ballots Cast,,REP,,200
Weber,29HP11,County Commissioner Seat A,,REP,Duane D Kearsley,110
Weber,29HP11,County Commissioner Seat A,,REP,James Ebert,32
Weber,29HP11,County Commissioner Seat A,,REP,Katrina C. Gibson,31
Weber,29HP11,County Commissioner Seat A,,REP,Over Votes,1
Weber,29HP11,County Commissioner Seat A,,REP,Richard Hyer,19
Weber,29HP11,County Commissioner Seat A,,REP,Under Votes,7
Weber,29HP11,County Commissioner Seat B,,REP,Jon D. Beesley,125
Weber,29HP11,County Commissioner Seat B,,REP,Over Votes,0
Weber,29HP11,County Commissioner Seat B,,REP,Sharon Arrington Bolos,68
Weber,29HP11,County Commissioner Seat B,,REP,Under Votes,7
Weber,29HP11,Registered Voters,,,,503
Weber,29HP11,U.S. House,2,REP,Blake D. Moore,103
Weber,29HP11,U.S. House,2,REP,Karianne Lisonbee,95
Weber,29HP11,U.S. House,2,REP,Over Votes,0
Weber,29HP11,U.S. House,2,REP,Under Votes,2
Weber,29HP12,Ballots Cast,,,,190
Weber,29HP12,Ballots Cast,,DEM,,0
Weber,29HP12,Ballots Cast,,REP,,190
Weber,29HP12,County Commissioner Seat A,,REP,Duane D Kearsley,97
Weber,29HP12,County Commissioner Seat A,,REP,James Ebert,36
Weber,29HP12,County Commissioner Seat A,,REP,Katrina C. Gibson,45
Weber,29HP12,County Commissioner Seat A,,REP,Over Votes,0
Weber,29HP12,County Commissioner Seat A,,REP,Richard Hyer,8
Weber,29HP12,County Commissioner Seat A,,REP,Under Votes,4
Weber,29HP12,County Commissioner Seat B,,REP,Jon D. Beesley,116
Weber,29HP12,County Commissioner Seat B,,REP,Over Votes,0
Weber,29HP12,County Commissioner Seat B,,REP,Sharon Arrington Bolos,70
Weber,29HP12,County Commissioner Seat B,,REP,Under Votes,4
Weber,29HP12,Registered Voters,,,,638
Weber,29HP12,U.S. House,2,REP,Blake D. Moore,95
Weber,29HP12,U.S. House,2,REP,Karianne Lisonbee,92
Weber,29HP12,U.S. House,2,REP,Over Votes,0
Weber,29HP12,U.S. House,2,REP,Under Votes,3
Weber,29HP20,Ballots Cast,,,,113
Weber,29HP20,Ballots Cast,,DEM,,0
Weber,29HP20,Ballots Cast,,REP,,113
Weber,29HP20,County Commissioner Seat A,,REP,Duane D Kearsley,48
Weber,29HP20,County Commissioner Seat A,,REP,James Ebert,12
Weber,29HP20,County Commissioner Seat A,,REP,Katrina C. Gibson,22
Weber,29HP20,County Commissioner Seat A,,REP,Over Votes,0
Weber,29HP20,County Commissioner Seat A,,REP,Richard Hyer,29
Weber,29HP20,County Commissioner Seat A,,REP,Under Votes,2
Weber,29HP20,County Commissioner Seat B,,REP,Jon D. Beesley,68
Weber,29HP20,County Commissioner Seat B,,REP,Over Votes,0
Weber,29HP20,County Commissioner Seat B,,REP,Sharon Arrington Bolos,43
Weber,29HP20,County Commissioner Seat B,,REP,Under Votes,2
Weber,29HP20,Registered Voters,,,,332
Weber,29HP20,U.S. House,2,REP,Blake D. Moore,53
Weber,29HP20,U.S. House,2,REP,Karianne Lisonbee,59
Weber,29HP20,U.S. House,2,REP,Over Votes,0
Weber,29HP20,U.S. House,2,REP,Under Votes,1
Weber,29HP21,Ballots Cast,,,,216
Weber,29HP21,Ballots Cast,,DEM,,0
Weber,29HP21,Ballots Cast,,REP,,216
Weber,29HP21,County Commissioner Seat A,,REP,Duane D Kearsley,91
Weber,29HP21,County Commissioner Seat A,,REP,James Ebert,50
Weber,29HP21,County Commissioner Seat A,,REP,Katrina C. Gibson,49
Weber,29HP21,County Commissioner Seat A,,REP,Over Votes,2
Weber,29HP21,County Commissioner Seat A,,REP,Richard Hyer,20
Weber,29HP21,County Commissioner Seat A,,REP,Under Votes,4
Weber,29HP21,County Commissioner Seat B,,REP,Jon D. Beesley,121
Weber,29HP21,County Commissioner Seat B,,REP,Over Votes,0
Weber,29HP21,County Commissioner Seat B,,REP,Sharon Arrington Bolos,92
Weber,29HP21,County Commissioner Seat B,,REP,Under Votes,3
Weber,29HP21,Registered Voters,,,,607
Weber,29HP21,U.S. House,2,REP,Blake D. Moore,132
Weber,29HP21,U.S. House,2,REP,Karianne Lisonbee,81
Weber,29HP21,U.S. House,2,REP,Over Votes,0
Weber,29HP21,U.S. House,2,REP,Under Votes,3
Weber,29HP22,Ballots Cast,,,,170
Weber,29HP22,Ballots Cast,,DEM,,0
Weber,29HP22,Ballots Cast,,REP,,170
Weber,29HP22,County Commissioner Seat A,,REP,Duane D Kearsley,79
Weber,29HP22,County Commissioner Seat A,,REP,James Ebert,37
Weber,29HP22,County Commissioner Seat A,,REP,Katrina C. Gibson,41
Weber,29HP22,County Commissioner Seat A,,REP,Over Votes,0
Weber,29HP22,County Commissioner Seat A,,REP,Richard Hyer,9
Weber,29HP22,County Commissioner Seat A,,REP,Under Votes,4
Weber,29HP22,County Commissioner Seat B,,REP,Jon D. Beesley,89
Weber,29HP22,County Commissioner Seat B,,REP,Over Votes,0
Weber,29HP22,County Commissioner Seat B,,REP,Sharon Arrington Bolos,77
Weber,29HP22,County Commissioner Seat B,,REP,Under Votes,4
Weber,29HP22,Registered Voters,,,,413
Weber,29HP22,U.S. House,2,REP,Blake D. Moore,104
Weber,29HP22,U.S. House,2,REP,Karianne Lisonbee,66
Weber,29HP22,U.S. House,2,REP,Over Votes,0
Weber,29HP22,U.S. House,2,REP,Under Votes,0
Weber,29HP30,Ballots Cast,,,,186
Weber,29HP30,Ballots Cast,,DEM,,0
Weber,29HP30,Ballots Cast,,REP,,186
Weber,29HP30,County Commissioner Seat A,,REP,Duane D Kearsley,91
Weber,29HP30,County Commissioner Seat A,,REP,James Ebert,30
Weber,29HP30,County Commissioner Seat A,,REP,Katrina C. Gibson,33
Weber,29HP30,County Commissioner Seat A,,REP,Over Votes,0
Weber,29HP30,County Commissioner Seat A,,REP,Richard Hyer,26
Weber,29HP30,County Commissioner Seat A,,REP,Under Votes,6
Weber,29HP30,County Commissioner Seat B,,REP,Jon D. Beesley,101
Weber,29HP30,County Commissioner Seat B,,REP,Over Votes,0
Weber,29HP30,County Commissioner Seat B,,REP,Sharon Arrington Bolos,80
Weber,29HP30,County Commissioner Seat B,,REP,Under Votes,5
Weber,29HP30,Registered Voters,,,,556
Weber,29HP30,U.S. House,2,REP,Blake D. Moore,110
Weber,29HP30,U.S. House,2,REP,Karianne Lisonbee,74
Weber,29HP30,U.S. House,2,REP,Over Votes,0
Weber,29HP30,U.S. House,2,REP,Under Votes,2
Weber,29HP31,Ballots Cast,,,,111
Weber,29HP31,Ballots Cast,,DEM,,0
Weber,29HP31,Ballots Cast,,REP,,111
Weber,29HP31,County Commissioner Seat A,,REP,Duane D Kearsley,56
Weber,29HP31,County Commissioner Seat A,,REP,James Ebert,30
Weber,29HP31,County Commissioner Seat A,,REP,Katrina C. Gibson,16
Weber,29HP31,County Commissioner Seat A,,REP,Over Votes,0
Weber,29HP31,County Commissioner Seat A,,REP,Richard Hyer,7
Weber,29HP31,County Commissioner Seat A,,REP,Under Votes,2
Weber,29HP31,County Commissioner Seat B,,REP,Jon D. Beesley,51
Weber,29HP31,County Commissioner Seat B,,REP,Over Votes,0
Weber,29HP31,County Commissioner Seat B,,REP,Sharon Arrington Bolos,60
Weber,29HP31,County Commissioner Seat B,,REP,Under Votes,0
Weber,29HP31,Registered Voters,,,,448
Weber,29HP31,U.S. House,2,REP,Blake D. Moore,57
Weber,29HP31,U.S. House,2,REP,Karianne Lisonbee,54
Weber,29HP31,U.S. House,2,REP,Over Votes,0
Weber,29HP31,U.S. House,2,REP,Under Votes,0
Weber,29HP31:X Suppressed,Ballots Cast,,,,2
Weber,29HP31:X Suppressed,Ballots Cast,,DEM,,0
Weber,29HP31:X Suppressed,Ballots Cast,,REP,,2
Weber,29HP31:X Suppressed,Registered Voters,,,,7
Weber,29HU01,Ballots Cast,,,,111
Weber,29HU01,Ballots Cast,,DEM,,0
Weber,29HU01,Ballots Cast,,REP,,111
Weber,29HU01,County Commissioner Seat A,,REP,Duane D Kearsley,42
Weber,29HU01,County Commissioner Seat A,,REP,James Ebert,14
Weber,29HU01,County Commissioner Seat A,,REP,Katrina C. Gibson,23
Weber,29HU01,County Commissioner Seat A,,REP,Over Votes,0
Weber,29HU01,County Commissioner Seat A,,REP,Richard Hyer,28
Weber,29HU01,County Commissioner Seat A,,REP,Under Votes,4
Weber,29HU01,County Commissioner Seat B,,REP,Jon D. Beesley,72
Weber,29HU01,County Commissioner Seat B,,REP,Over Votes,0
Weber,29HU01,County Commissioner Seat B,,REP,Sharon Arrington Bolos,36
Weber,29HU01,County Commissioner Seat B,,REP,Under Votes,3
Weber,29HU01,Registered Voters,,,,230
Weber,29HU01,U.S. House,2,REP,Blake D. Moore,69
Weber,29HU01,U.S. House,2,REP,Karianne Lisonbee,42
Weber,29HU01,U.S. House,2,REP,Over Votes,0
Weber,29HU01,U.S. House,2,REP,Under Votes,0
Weber,29MS01,Ballots Cast,,,,219
Weber,29MS01,Ballots Cast,,DEM,,0
Weber,29MS01,Ballots Cast,,REP,,219
Weber,29MS01,County Commissioner Seat A,,REP,Duane D Kearsley,84
Weber,29MS01,County Commissioner Seat A,,REP,James Ebert,50
Weber,29MS01,County Commissioner Seat A,,REP,Katrina C. Gibson,46
Weber,29MS01,County Commissioner Seat A,,REP,Over Votes,1
Weber,29MS01,County Commissioner Seat A,,REP,Richard Hyer,31
Weber,29MS01,County Commissioner Seat A,,REP,Under Votes,7
Weber,29MS01,County Commissioner Seat B,,REP,Jon D. Beesley,144
Weber,29MS01,County Commissioner Seat B,,REP,Over Votes,0
Weber,29MS01,County Commissioner Seat B,,REP,Sharon Arrington Bolos,67
Weber,29MS01,County Commissioner Seat B,,REP,Under Votes,8
Weber,29MS01,Registered Voters,,,,461
Weber,29MS01,U.S. House,2,REP,Blake D. Moore,121
Weber,29MS01,U.S. House,2,REP,Karianne Lisonbee,97
Weber,29MS01,U.S. House,2,REP,Over Votes,0
Weber,29MS01,U.S. House,2,REP,Under Votes,1
Weber,29MS02,Ballots Cast,,,,128
Weber,29MS02,Ballots Cast,,DEM,,0
Weber,29MS02,Ballots Cast,,REP,,128
Weber,29MS02,County Commissioner Seat A,,REP,Duane D Kearsley,61
Weber,29MS02,County Commissioner Seat A,,REP,James Ebert,25
Weber,29MS02,County Commissioner Seat A,,REP,Katrina C. Gibson,28
Weber,29MS02,County Commissioner Seat A,,REP,Over Votes,0
Weber,29MS02,County Commissioner Seat A,,REP,Richard Hyer,13
Weber,29MS02,County Commissioner Seat A,,REP,Under Votes,1
Weber,29MS02,County Commissioner Seat B,,REP,Jon D. Beesley,83
Weber,29MS02,County Commissioner Seat B,,REP,Over Votes,0
Weber,29MS02,County Commissioner Seat B,,REP,Sharon Arrington Bolos,41
Weber,29MS02,County Commissioner Seat B,,REP,Under Votes,4
Weber,29MS02,Registered Voters,,,,250
Weber,29MS02,U.S. House,2,REP,Blake D. Moore,63
Weber,29MS02,U.S. House,2,REP,Karianne Lisonbee,64
Weber,29MS02,U.S. House,2,REP,Over Votes,0
Weber,29MS02,U.S. House,2,REP,Under Votes,1
Weber,29MS03 Suppressed,Ballots Cast,,,,2
Weber,29MS03 Suppressed,Ballots Cast,,DEM,,0
Weber,29MS03 Suppressed,Ballots Cast,,REP,,2
Weber,29MS03 Suppressed,Registered Voters,,,,2
Weber,29MS04,Ballots Cast,,,,15
Weber,29MS04,Ballots Cast,,DEM,,0
Weber,29MS04,Ballots Cast,,REP,,15
Weber,29MS04,County Commissioner Seat A,,REP,Duane D Kearsley,5
Weber,29MS04,County Commissioner Seat A,,REP,James Ebert,3
Weber,29MS04,County Commissioner Seat A,,REP,Katrina C. Gibson,0
Weber,29MS04,County Commissioner Seat A,,REP,Over Votes,0
Weber,29MS04,County Commissioner Seat A,,REP,Richard Hyer,6
Weber,29MS04,County Commissioner Seat A,,REP,Under Votes,1
Weber,29MS04,County Commissioner Seat B,,REP,Jon D. Beesley,4
Weber,29MS04,County Commissioner Seat B,,REP,Over Votes,0
Weber,29MS04,County Commissioner Seat B,,REP,Sharon Arrington Bolos,10
Weber,29MS04,County Commissioner Seat B,,REP,Under Votes,1
Weber,29MS04,Registered Voters,,,,32
Weber,29MS04,U.S. House,2,REP,Blake D. Moore,8
Weber,29MS04,U.S. House,2,REP,Karianne Lisonbee,7
Weber,29MS04,U.S. House,2,REP,Over Votes,0
Weber,29MS04,U.S. House,2,REP,Under Votes,0
Weber,29NO01,Ballots Cast,,,,219
Weber,29NO01,Ballots Cast,,DEM,,0
Weber,29NO01,Ballots Cast,,REP,,219
Weber,29NO01,County Commissioner Seat A,,REP,Duane D Kearsley,63
Weber,29NO01,County Commissioner Seat A,,REP,James Ebert,49
Weber,29NO01,County Commissioner Seat A,,REP,Katrina C. Gibson,63
Weber,29NO01,County Commissioner Seat A,,REP,Over Votes,1
Weber,29NO01,County Commissioner Seat A,,REP,Richard Hyer,38
Weber,29NO01,County Commissioner Seat A,,REP,Under Votes,5
Weber,29NO01,County Commissioner Seat B,,REP,Jon D. Beesley,106
Weber,29NO01,County Commissioner Seat B,,REP,Over Votes,1
Weber,29NO01,County Commissioner Seat B,,REP,Sharon Arrington Bolos,100
Weber,29NO01,County Commissioner Seat B,,REP,Under Votes,12
Weber,29NO01,Registered Voters,,,,656
Weber,29NO01,U.S. House,2,REP,Blake D. Moore,98
Weber,29NO01,U.S. House,2,REP,Karianne Lisonbee,118
Weber,29NO01,U.S. House,2,REP,Over Votes,0
Weber,29NO01,U.S. House,2,REP,Under Votes,3
Weber,29NO02,Ballots Cast,,,,101
Weber,29NO02,Ballots Cast,,DEM,,0
Weber,29NO02,Ballots Cast,,REP,,101
Weber,29NO02,County Commissioner Seat A,,REP,Duane D Kearsley,33
Weber,29NO02,County Commissioner Seat A,,REP,James Ebert,22
Weber,29NO02,County Commissioner Seat A,,REP,Katrina C. Gibson,21
Weber,29NO02,County Commissioner Seat A,,REP,Over Votes,2
Weber,29NO02,County Commissioner Seat A,,REP,Richard Hyer,21
Weber,29NO02,County Commissioner Seat A,,REP,Under Votes,2
Weber,29NO02,County Commissioner Seat B,,REP,Jon D. Beesley,47
Weber,29NO02,County Commissioner Seat B,,REP,Over Votes,0
Weber,29NO02,County Commissioner Seat B,,REP,Sharon Arrington Bolos,53
Weber,29NO02,County Commissioner Seat B,,REP,Under Votes,1
Weber,29NO02,Registered Voters,,,,317
Weber,29NO02,U.S. House,2,REP,Blake D. Moore,49
Weber,29NO02,U.S. House,2,REP,Karianne Lisonbee,52
Weber,29NO02,U.S. House,2,REP,Over Votes,0
Weber,29NO02,U.S. House,2,REP,Under Votes,0
Weber,29NO03,Ballots Cast,,,,184
Weber,29NO03,Ballots Cast,,DEM,,0
Weber,29NO03,Ballots Cast,,REP,,184
Weber,29NO03,County Commissioner Seat A,,REP,Duane D Kearsley,45
Weber,29NO03,County Commissioner Seat A,,REP,James Ebert,58
Weber,29NO03,County Commissioner Seat A,,REP,Katrina C. Gibson,42
Weber,29NO03,County Commissioner Seat A,,REP,Over Votes,0
Weber,29NO03,County Commissioner Seat A,,REP,Richard Hyer,35
Weber,29NO03,County Commissioner Seat A,,REP,Under Votes,4
Weber,29NO03,County Commissioner Seat B,,REP,Jon D. Beesley,100
Weber,29NO03,County Commissioner Seat B,,REP,Over Votes,0
Weber,29NO03,County Commissioner Seat B,,REP,Sharon Arrington Bolos,82
Weber,29NO03,County Commissioner Seat B,,REP,Under Votes,2
Weber,29NO03,Registered Voters,,,,483
Weber,29NO03,U.S. House,2,REP,Blake D. Moore,107
Weber,29NO03,U.S. House,2,REP,Karianne Lisonbee,76
Weber,29NO03,U.S. House,2,REP,Over Votes,0
Weber,29NO03,U.S. House,2,REP,Under Votes,1
Weber,29NO04,Ballots Cast,,,,212
Weber,29NO04,Ballots Cast,,DEM,,0
Weber,29NO04,Ballots Cast,,REP,,212
Weber,29NO04,County Commissioner Seat A,,REP,Duane D Kearsley,33
Weber,29NO04,County Commissioner Seat A,,REP,James Ebert,77
Weber,29NO04,County Commissioner Seat A,,REP,Katrina C. Gibson,36
Weber,29NO04,County Commissioner Seat A,,REP,Over Votes,2
Weber,29NO04,County Commissioner Seat A,,REP,Richard Hyer,52
Weber,29NO04,County Commissioner Seat A,,REP,Under Votes,12
Weber,29NO04,County Commissioner Seat B,,REP,Jon D. Beesley,88
Weber,29NO04,County Commissioner Seat B,,REP,Over Votes,0
Weber,29NO04,County Commissioner Seat B,,REP,Sharon Arrington Bolos,115
Weber,29NO04,County Commissioner Seat B,,REP,Under Votes,9
Weber,29NO04,Registered Voters,,,,526
Weber,29NO04,U.S. House,2,REP,Blake D. Moore,146
Weber,29NO04,U.S. House,2,REP,Karianne Lisonbee,64
Weber,29NO04,U.S. House,2,REP,Over Votes,0
Weber,29NO04,U.S. House,2,REP,Under Votes,2
Weber,29NO05,Ballots Cast,,,,205
Weber,29NO05,Ballots Cast,,DEM,,0
Weber,29NO05,Ballots Cast,,REP,,205
Weber,29NO05,County Commissioner Seat A,,REP,Duane D Kearsley,47
Weber,29NO05,County Commissioner Seat A,,REP,James Ebert,64
Weber,29NO05,County Commissioner Seat A,,REP,Katrina C. Gibson,53
Weber,29NO05,County Commissioner Seat A,,REP,Over Votes,1
Weber,29NO05,County Commissioner Seat A,,REP,Richard Hyer,34
Weber,29NO05,County Commissioner Seat A,,REP,Under Votes,6
Weber,29NO05,County Commissioner Seat B,,REP,Jon D. Beesley,72
Weber,29NO05,County Commissioner Seat B,,REP,Over Votes,0
Weber,29NO05,County Commissioner Seat B,,REP,Sharon Arrington Bolos,123
Weber,29NO05,County Commissioner Seat B,,REP,Under Votes,10
Weber,29NO05,Registered Voters,,,,514
Weber,29NO05,U.S. House,2,REP,Blake D. Moore,127
Weber,29NO05,U.S. House,2,REP,Karianne Lisonbee,76
Weber,29NO05,U.S. House,2,REP,Over Votes,0
Weber,29NO05,U.S. House,2,REP,Under Votes,2
Weber,29NO06,Ballots Cast,,,,221
Weber,29NO06,Ballots Cast,,DEM,,0
Weber,29NO06,Ballots Cast,,REP,,221
Weber,29NO06,County Commissioner Seat A,,REP,Duane D Kearsley,52
Weber,29NO06,County Commissioner Seat A,,REP,James Ebert,70
Weber,29NO06,County Commissioner Seat A,,REP,Katrina C. Gibson,59
Weber,29NO06,County Commissioner Seat A,,REP,Over Votes,1
Weber,29NO06,County Commissioner Seat A,,REP,Richard Hyer,32
Weber,29NO06,County Commissioner Seat A,,REP,Under Votes,7
Weber,29NO06,County Commissioner Seat B,,REP,Jon D. Beesley,94
Weber,29NO06,County Commissioner Seat B,,REP,Over Votes,0
Weber,29NO06,County Commissioner Seat B,,REP,Sharon Arrington Bolos,117
Weber,29NO06,County Commissioner Seat B,,REP,Under Votes,10
Weber,29NO06,Registered Voters,,,,581
Weber,29NO06,U.S. House,2,REP,Blake D. Moore,137
Weber,29NO06,U.S. House,2,REP,Karianne Lisonbee,82
Weber,29NO06,U.S. House,2,REP,Over Votes,0
Weber,29NO06,U.S. House,2,REP,Under Votes,2
Weber,29NO07,Ballots Cast,,,,234
Weber,29NO07,Ballots Cast,,DEM,,0
Weber,29NO07,Ballots Cast,,REP,,234
Weber,29NO07,County Commissioner Seat A,,REP,Duane D Kearsley,59
Weber,29NO07,County Commissioner Seat A,,REP,James Ebert,57
Weber,29NO07,County Commissioner Seat A,,REP,Katrina C. Gibson,63
Weber,29NO07,County Commissioner Seat A,,REP,Over Votes,3
Weber,29NO07,County Commissioner Seat A,,REP,Richard Hyer,44
Weber,29NO07,County Commissioner Seat A,,REP,Under Votes,8
Weber,29NO07,County Commissioner Seat B,,REP,Jon D. Beesley,113
Weber,29NO07,County Commissioner Seat B,,REP,Over Votes,0
Weber,29NO07,County Commissioner Seat B,,REP,Sharon Arrington Bolos,112
Weber,29NO07,County Commissioner Seat B,,REP,Under Votes,9
Weber,29NO07,Registered Voters,,,,563
Weber,29NO07,U.S. House,2,REP,Blake D. Moore,133
Weber,29NO07,U.S. House,2,REP,Karianne Lisonbee,98
Weber,29NO07,U.S. House,2,REP,Over Votes,0
Weber,29NO07,U.S. House,2,REP,Under Votes,3
Weber,29NO08,Ballots Cast,,,,219
Weber,29NO08,Ballots Cast,,DEM,,0
Weber,29NO08,Ballots Cast,,REP,,219
Weber,29NO08,County Commissioner Seat A,,REP,Duane D Kearsley,50
Weber,29NO08,County Commissioner Seat A,,REP,James Ebert,55
Weber,29NO08,County Commissioner Seat A,,REP,Katrina C. Gibson,67
Weber,29NO08,County Commissioner Seat A,,REP,Over Votes,3
Weber,29NO08,County Commissioner Seat A,,REP,Richard Hyer,37
Weber,29NO08,County Commissioner Seat A,,REP,Under Votes,7
Weber,29NO08,County Commissioner Seat B,,REP,Jon D. Beesley,98
Weber,29NO08,County Commissioner Seat B,,REP,Over Votes,0
Weber,29NO08,County Commissioner Seat B,,REP,Sharon Arrington Bolos,118
Weber,29NO08,County Commissioner Seat B,,REP,Under Votes,3
Weber,29NO08,Registered Voters,,,,509
Weber,29NO08,U.S. House,2,REP,Blake D. Moore,122
Weber,29NO08,U.S. House,2,REP,Karianne Lisonbee,96
Weber,29NO08,U.S. House,2,REP,Over Votes,0
Weber,29NO08,U.S. House,2,REP,Under Votes,1
Weber,29NO09,Ballots Cast,,,,225
Weber,29NO09,Ballots Cast,,DEM,,0
Weber,29NO09,Ballots Cast,,REP,,225
Weber,29NO09,County Commissioner Seat A,,REP,Duane D Kearsley,56
Weber,29NO09,County Commissioner Seat A,,REP,James Ebert,64
Weber,29NO09,County Commissioner Seat A,,REP,Katrina C. Gibson,49
Weber,29NO09,County Commissioner Seat A,,REP,Over Votes,1
Weber,29NO09,County Commissioner Seat A,,REP,Richard Hyer,53
Weber,29NO09,County Commissioner Seat A,,REP,Under Votes,2
Weber,29NO09,County Commissioner Seat B,,REP,Jon D. Beesley,129
Weber,29NO09,County Commissioner Seat B,,REP,Over Votes,0
Weber,29NO09,County Commissioner Seat B,,REP,Sharon Arrington Bolos,94
Weber,29NO09,County Commissioner Seat B,,REP,Under Votes,2
Weber,29NO09,Registered Voters,,,,572
Weber,29NO09,U.S. House,2,REP,Blake D. Moore,102
Weber,29NO09,U.S. House,2,REP,Karianne Lisonbee,122
Weber,29NO09,U.S. House,2,REP,Over Votes,0
Weber,29NO09,U.S. House,2,REP,Under Votes,1
Weber,29NO10,Ballots Cast,,,,253
Weber,29NO10,Ballots Cast,,DEM,,0
Weber,29NO10,Ballots Cast,,REP,,253
Weber,29NO10,County Commissioner Seat A,,REP,Duane D Kearsley,58
Weber,29NO10,County Commissioner Seat A,,REP,James Ebert,75
Weber,29NO10,County Commissioner Seat A,,REP,Katrina C. Gibson,58
Weber,29NO10,County Commissioner Seat A,,REP,Over Votes,3
Weber,29NO10,County Commissioner Seat A,,REP,Richard Hyer,53
Weber,29NO10,County Commissioner Seat A,,REP,Under Votes,6
Weber,29NO10,County Commissioner Seat B,,REP,Jon D. Beesley,129
Weber,29NO10,County Commissioner Seat B,,REP,Over Votes,0
Weber,29NO10,County Commissioner Seat B,,REP,Sharon Arrington Bolos,121
Weber,29NO10,County Commissioner Seat B,,REP,Under Votes,3
Weber,29NO10,Registered Voters,,,,523
Weber,29NO10,U.S. House,2,REP,Blake D. Moore,140
Weber,29NO10,U.S. House,2,REP,Karianne Lisonbee,110
Weber,29NO10,U.S. House,2,REP,Over Votes,0
Weber,29NO10,U.S. House,2,REP,Under Votes,3
Weber,29NO11,Ballots Cast,,,,224
Weber,29NO11,Ballots Cast,,DEM,,0
Weber,29NO11,Ballots Cast,,REP,,224
Weber,29NO11,County Commissioner Seat A,,REP,Duane D Kearsley,42
Weber,29NO11,County Commissioner Seat A,,REP,James Ebert,73
Weber,29NO11,County Commissioner Seat A,,REP,Katrina C. Gibson,35
Weber,29NO11,County Commissioner Seat A,,REP,Over Votes,2
Weber,29NO11,County Commissioner Seat A,,REP,Richard Hyer,67
Weber,29NO11,County Commissioner Seat A,,REP,Under Votes,5
Weber,29NO11,County Commissioner Seat B,,REP,Jon D. Beesley,111
Weber,29NO11,County Commissioner Seat B,,REP,Over Votes,0
Weber,29NO11,County Commissioner Seat B,,REP,Sharon Arrington Bolos,103
Weber,29NO11,County Commissioner Seat B,,REP,Under Votes,10
Weber,29NO11,Registered Voters,,,,448
Weber,29NO11,U.S. House,2,REP,Blake D. Moore,121
Weber,29NO11,U.S. House,2,REP,Karianne Lisonbee,99
Weber,29NO11,U.S. House,2,REP,Over Votes,0
Weber,29NO11,U.S. House,2,REP,Under Votes,4
Weber,29NO12,Ballots Cast,,,,137
Weber,29NO12,Ballots Cast,,DEM,,0
Weber,29NO12,Ballots Cast,,REP,,137
Weber,29NO12,County Commissioner Seat A,,REP,Duane D Kearsley,31
Weber,29NO12,County Commissioner Seat A,,REP,James Ebert,39
Weber,29NO12,County Commissioner Seat A,,REP,Katrina C. Gibson,43
Weber,29NO12,County Commissioner Seat A,,REP,Over Votes,0
Weber,29NO12,County Commissioner Seat A,,REP,Richard Hyer,20
Weber,29NO12,County Commissioner Seat A,,REP,Under Votes,4
Weber,29NO12,County Commissioner Seat B,,REP,Jon D. Beesley,62
Weber,29NO12,County Commissioner Seat B,,REP,Over Votes,0
Weber,29NO12,County Commissioner Seat B,,REP,Sharon Arrington Bolos,68
Weber,29NO12,County Commissioner Seat B,,REP,Under Votes,7
Weber,29NO12,Registered Voters,,,,439
Weber,29NO12,U.S. House,2,REP,Blake D. Moore,70
Weber,29NO12,U.S. House,2,REP,Karianne Lisonbee,63
Weber,29NO12,U.S. House,2,REP,Over Votes,0
Weber,29NO12,U.S. House,2,REP,Under Votes,4
Weber,29NO13,Ballots Cast,,,,186
Weber,29NO13,Ballots Cast,,DEM,,0
Weber,29NO13,Ballots Cast,,REP,,186
Weber,29NO13,County Commissioner Seat A,,REP,Duane D Kearsley,58
Weber,29NO13,County Commissioner Seat A,,REP,James Ebert,46
Weber,29NO13,County Commissioner Seat A,,REP,Katrina C. Gibson,42
Weber,29NO13,County Commissioner Seat A,,REP,Over Votes,1
Weber,29NO13,County Commissioner Seat A,,REP,Richard Hyer,32
Weber,29NO13,County Commissioner Seat A,,REP,Under Votes,7
Weber,29NO13,County Commissioner Seat B,,REP,Jon D. Beesley,112
Weber,29NO13,County Commissioner Seat B,,REP,Over Votes,0
Weber,29NO13,County Commissioner Seat B,,REP,Sharon Arrington Bolos,67
Weber,29NO13,County Commissioner Seat B,,REP,Under Votes,7
Weber,29NO13,Registered Voters,,,,493
Weber,29NO13,U.S. House,2,REP,Blake D. Moore,109
Weber,29NO13,U.S. House,2,REP,Karianne Lisonbee,76
Weber,29NO13,U.S. House,2,REP,Over Votes,0
Weber,29NO13,U.S. House,2,REP,Under Votes,1
Weber,29NO14,Ballots Cast,,,,167
Weber,29NO14,Ballots Cast,,DEM,,0
Weber,29NO14,Ballots Cast,,REP,,167
Weber,29NO14,County Commissioner Seat A,,REP,Duane D Kearsley,30
Weber,29NO14,County Commissioner Seat A,,REP,James Ebert,37
Weber,29NO14,County Commissioner Seat A,,REP,Katrina C. Gibson,55
Weber,29NO14,County Commissioner Seat A,,REP,Over Votes,1
Weber,29NO14,County Commissioner Seat A,,REP,Richard Hyer,40
Weber,29NO14,County Commissioner Seat A,,REP,Under Votes,4
Weber,29NO14,County Commissioner Seat B,,REP,Jon D. Beesley,98
Weber,29NO14,County Commissioner Seat B,,REP,Over Votes,0
Weber,29NO14,County Commissioner Seat B,,REP,Sharon Arrington Bolos,65
Weber,29NO14,County Commissioner Seat B,,REP,Under Votes,4
Weber,29NO14,Registered Voters,,,,505
Weber,29NO14,U.S. House,2,REP,Blake D. Moore,81
Weber,29NO14,U.S. House,2,REP,Karianne Lisonbee,86
Weber,29NO14,U.S. House,2,REP,Over Votes,0
Weber,29NO14,U.S. House,2,REP,Under Votes,0
Weber,29OG01,Ballots Cast,,,,77
Weber,29OG01,Ballots Cast,,DEM,,0
Weber,29OG01,Ballots Cast,,REP,,77
Weber,29OG01,County Commissioner Seat A,,REP,Duane D Kearsley,10
Weber,29OG01,County Commissioner Seat A,,REP,James Ebert,16
Weber,29OG01,County Commissioner Seat A,,REP,Katrina C. Gibson,26
Weber,29OG01,County Commissioner Seat A,,REP,Over Votes,0
Weber,29OG01,County Commissioner Seat A,,REP,Richard Hyer,24
Weber,29OG01,County Commissioner Seat A,,REP,Under Votes,1
Weber,29OG01,County Commissioner Seat B,,REP,Jon D. Beesley,28
Weber,29OG01,County Commissioner Seat B,,REP,Over Votes,0
Weber,29OG01,County Commissioner Seat B,,REP,Sharon Arrington Bolos,48
Weber,29OG01,County Commissioner Seat B,,REP,Under Votes,1
Weber,29OG01,Registered Voters,,,,259
Weber,29OG01,U.S. House,2,REP,Blake D. Moore,48
Weber,29OG01,U.S. House,2,REP,Karianne Lisonbee,29
Weber,29OG01,U.S. House,2,REP,Over Votes,0
Weber,29OG01,U.S. House,2,REP,Under Votes,0
Weber,29OG02,Ballots Cast,,,,141
Weber,29OG02,Ballots Cast,,DEM,,0
Weber,29OG02,Ballots Cast,,REP,,141
Weber,29OG02,County Commissioner Seat A,,REP,Duane D Kearsley,16
Weber,29OG02,County Commissioner Seat A,,REP,James Ebert,14
Weber,29OG02,County Commissioner Seat A,,REP,Katrina C. Gibson,26
Weber,29OG02,County Commissioner Seat A,,REP,Over Votes,0
Weber,29OG02,County Commissioner Seat A,,REP,Richard Hyer,79
Weber,29OG02,County Commissioner Seat A,,REP,Under Votes,6
Weber,29OG02,County Commissioner Seat B,,REP,Jon D. Beesley,75
Weber,29OG02,County Commissioner Seat B,,REP,Over Votes,0
Weber,29OG02,County Commissioner Seat B,,REP,Sharon Arrington Bolos,61
Weber,29OG02,County Commissioner Seat B,,REP,Under Votes,5
Weber,29OG02,Registered Voters,,,,425
Weber,29OG02,U.S. House,2,REP,Blake D. Moore,87
Weber,29OG02,U.S. House,2,REP,Karianne Lisonbee,53
Weber,29OG02,U.S. House,2,REP,Over Votes,0
Weber,29OG02,U.S. House,2,REP,Under Votes,1
Weber,29OG03,Ballots Cast,,,,104
Weber,29OG03,Ballots Cast,,DEM,,0
Weber,29OG03,Ballots Cast,,REP,,104
Weber,29OG03,County Commissioner Seat A,,REP,Duane D Kearsley,23
Weber,29OG03,County Commissioner Seat A,,REP,James Ebert,12
Weber,29OG03,County Commissioner Seat A,,REP,Katrina C. Gibson,16
Weber,29OG03,County Commissioner Seat A,,REP,Over Votes,0
Weber,29OG03,County Commissioner Seat A,,REP,Richard Hyer,53
Weber,29OG03,County Commissioner Seat A,,REP,Under Votes,0
Weber,29OG03,County Commissioner Seat B,,REP,Jon D. Beesley,58
Weber,29OG03,County Commissioner Seat B,,REP,Over Votes,0
Weber,29OG03,County Commissioner Seat B,,REP,Sharon Arrington Bolos,46
Weber,29OG03,County Commissioner Seat B,,REP,Under Votes,0
Weber,29OG03,Registered Voters,,,,309
Weber,29OG03,U.S. House,2,REP,Blake D. Moore,54
Weber,29OG03,U.S. House,2,REP,Karianne Lisonbee,50
Weber,29OG03,U.S. House,2,REP,Over Votes,0
Weber,29OG03,U.S. House,2,REP,Under Votes,0
Weber,29OG04,Ballots Cast,,,,81
Weber,29OG04,Ballots Cast,,DEM,,0
Weber,29OG04,Ballots Cast,,REP,,81
Weber,29OG04,County Commissioner Seat A,,REP,Duane D Kearsley,15
Weber,29OG04,County Commissioner Seat A,,REP,James Ebert,12
Weber,29OG04,County Commissioner Seat A,,REP,Katrina C. Gibson,21
Weber,29OG04,County Commissioner Seat A,,REP,Over Votes,0
Weber,29OG04,County Commissioner Seat A,,REP,Richard Hyer,32
Weber,29OG04,County Commissioner Seat A,,REP,Under Votes,1
Weber,29OG04,County Commissioner Seat B,,REP,Jon D. Beesley,49
Weber,29OG04,County Commissioner Seat B,,REP,Over Votes,0
Weber,29OG04,County Commissioner Seat B,,REP,Sharon Arrington Bolos,30
Weber,29OG04,County Commissioner Seat B,,REP,Under Votes,2
Weber,29OG04,Registered Voters,,,,321
Weber,29OG04,U.S. House,2,REP,Blake D. Moore,48
Weber,29OG04,U.S. House,2,REP,Karianne Lisonbee,33
Weber,29OG04,U.S. House,2,REP,Over Votes,0
Weber,29OG04,U.S. House,2,REP,Under Votes,0
Weber,29OG05 Suppressed,Ballots Cast,,,,12
Weber,29OG05 Suppressed,Ballots Cast,,DEM,,0
Weber,29OG05 Suppressed,Ballots Cast,,REP,,12
Weber,29OG05 Suppressed,Registered Voters,,,,94
Weber,29OG06,Ballots Cast,,,,106
Weber,29OG06,Ballots Cast,,DEM,,0
Weber,29OG06,Ballots Cast,,REP,,106
Weber,29OG06,County Commissioner Seat A,,REP,Duane D Kearsley,23
Weber,29OG06,County Commissioner Seat A,,REP,James Ebert,21
Weber,29OG06,County Commissioner Seat A,,REP,Katrina C. Gibson,30
Weber,29OG06,County Commissioner Seat A,,REP,Over Votes,0
Weber,29OG06,County Commissioner Seat A,,REP,Richard Hyer,31
Weber,29OG06,County Commissioner Seat A,,REP,Under Votes,1
Weber,29OG06,County Commissioner Seat B,,REP,Jon D. Beesley,57
Weber,29OG06,County Commissioner Seat B,,REP,Over Votes,0
Weber,29OG06,County Commissioner Seat B,,REP,Sharon Arrington Bolos,47
Weber,29OG06,County Commissioner Seat B,,REP,Under Votes,2
Weber,29OG06,Registered Voters,,,,346
Weber,29OG06,U.S. House,2,REP,Blake D. Moore,60
Weber,29OG06,U.S. House,2,REP,Karianne Lisonbee,46
Weber,29OG06,U.S. House,2,REP,Over Votes,0
Weber,29OG06,U.S. House,2,REP,Under Votes,0
Weber,29OG07,Ballots Cast,,,,89
Weber,29OG07,Ballots Cast,,DEM,,0
Weber,29OG07,Ballots Cast,,REP,,89
Weber,29OG07,County Commissioner Seat A,,REP,Duane D Kearsley,8
Weber,29OG07,County Commissioner Seat A,,REP,James Ebert,24
Weber,29OG07,County Commissioner Seat A,,REP,Katrina C. Gibson,20
Weber,29OG07,County Commissioner Seat A,,REP,Over Votes,0
Weber,29OG07,County Commissioner Seat A,,REP,Richard Hyer,36
Weber,29OG07,County Commissioner Seat A,,REP,Under Votes,1
Weber,29OG07,County Commissioner Seat B,,REP,Jon D. Beesley,44
Weber,29OG07,County Commissioner Seat B,,REP,Over Votes,0
Weber,29OG07,County Commissioner Seat B,,REP,Sharon Arrington Bolos,44
Weber,29OG07,County Commissioner Seat B,,REP,Under Votes,1
Weber,29OG07,Registered Voters,,,,265
Weber,29OG07,U.S. House,2,REP,Blake D. Moore,53
Weber,29OG07,U.S. House,2,REP,Karianne Lisonbee,36
Weber,29OG07,U.S. House,2,REP,Over Votes,0
Weber,29OG07,U.S. House,2,REP,Under Votes,0
Weber,29OG08,Ballots Cast,,,,59
Weber,29OG08,Ballots Cast,,DEM,,0
Weber,29OG08,Ballots Cast,,REP,,59
Weber,29OG08,County Commissioner Seat A,,REP,Duane D Kearsley,12
Weber,29OG08,County Commissioner Seat A,,REP,James Ebert,12
Weber,29OG08,County Commissioner Seat A,,REP,Katrina C. Gibson,14
Weber,29OG08,County Commissioner Seat A,,REP,Over Votes,0
Weber,29OG08,County Commissioner Seat A,,REP,Richard Hyer,20
Weber,29OG08,County Commissioner Seat A,,REP,Under Votes,1
Weber,29OG08,County Commissioner Seat B,,REP,Jon D. Beesley,28
Weber,29OG08,County Commissioner Seat B,,REP,Over Votes,0
Weber,29OG08,County Commissioner Seat B,,REP,Sharon Arrington Bolos,30
Weber,29OG08,County Commissioner Seat B,,REP,Under Votes,1
Weber,29OG08,Registered Voters,,,,203
Weber,29OG08,U.S. House,2,REP,Blake D. Moore,37
Weber,29OG08,U.S. House,2,REP,Karianne Lisonbee,19
Weber,29OG08,U.S. House,2,REP,Over Votes,0
Weber,29OG08,U.S. House,2,REP,Under Votes,3
Weber,29OG09,Ballots Cast,,,,63
Weber,29OG09,Ballots Cast,,DEM,,0
Weber,29OG09,Ballots Cast,,REP,,63
Weber,29OG09,County Commissioner Seat A,,REP,Duane D Kearsley,15
Weber,29OG09,County Commissioner Seat A,,REP,James Ebert,12
Weber,29OG09,County Commissioner Seat A,,REP,Katrina C. Gibson,22
Weber,29OG09,County Commissioner Seat A,,REP,Over Votes,0
Weber,29OG09,County Commissioner Seat A,,REP,Richard Hyer,14
Weber,29OG09,County Commissioner Seat A,,REP,Under Votes,0
Weber,29OG09,County Commissioner Seat B,,REP,Jon D. Beesley,32
Weber,29OG09,County Commissioner Seat B,,REP,Over Votes,0
Weber,29OG09,County Commissioner Seat B,,REP,Sharon Arrington Bolos,31
Weber,29OG09,County Commissioner Seat B,,REP,Under Votes,0
Weber,29OG09,Registered Voters,,,,271
Weber,29OG09,U.S. House,2,REP,Blake D. Moore,41
Weber,29OG09,U.S. House,2,REP,Karianne Lisonbee,22
Weber,29OG09,U.S. House,2,REP,Over Votes,0
Weber,29OG09,U.S. House,2,REP,Under Votes,0
Weber,29OG10,Ballots Cast,,,,103
Weber,29OG10,Ballots Cast,,DEM,,0
Weber,29OG10,Ballots Cast,,REP,,103
Weber,29OG10,County Commissioner Seat A,,REP,Duane D Kearsley,25
Weber,29OG10,County Commissioner Seat A,,REP,James Ebert,24
Weber,29OG10,County Commissioner Seat A,,REP,Katrina C. Gibson,25
Weber,29OG10,County Commissioner Seat A,,REP,Over Votes,0
Weber,29OG10,County Commissioner Seat A,,REP,Richard Hyer,26
Weber,29OG10,County Commissioner Seat A,,REP,Under Votes,3
Weber,29OG10,County Commissioner Seat B,,REP,Jon D. Beesley,57
Weber,29OG10,County Commissioner Seat B,,REP,Over Votes,0
Weber,29OG10,County Commissioner Seat B,,REP,Sharon Arrington Bolos,43
Weber,29OG10,County Commissioner Seat B,,REP,Under Votes,3
Weber,29OG10,Registered Voters,,,,373
Weber,29OG10,U.S. House,2,REP,Blake D. Moore,64
Weber,29OG10,U.S. House,2,REP,Karianne Lisonbee,39
Weber,29OG10,U.S. House,2,REP,Over Votes,0
Weber,29OG10,U.S. House,2,REP,Under Votes,0
Weber,29OG11,Ballots Cast,,,,111
Weber,29OG11,Ballots Cast,,DEM,,0
Weber,29OG11,Ballots Cast,,REP,,111
Weber,29OG11,County Commissioner Seat A,,REP,Duane D Kearsley,27
Weber,29OG11,County Commissioner Seat A,,REP,James Ebert,17
Weber,29OG11,County Commissioner Seat A,,REP,Katrina C. Gibson,23
Weber,29OG11,County Commissioner Seat A,,REP,Over Votes,1
Weber,29OG11,County Commissioner Seat A,,REP,Richard Hyer,40
Weber,29OG11,County Commissioner Seat A,,REP,Under Votes,3
Weber,29OG11,County Commissioner Seat B,,REP,Jon D. Beesley,53
Weber,29OG11,County Commissioner Seat B,,REP,Over Votes,0
Weber,29OG11,County Commissioner Seat B,,REP,Sharon Arrington Bolos,54
Weber,29OG11,County Commissioner Seat B,,REP,Under Votes,4
Weber,29OG11,Registered Voters,,,,359
Weber,29OG11,U.S. House,2,REP,Blake D. Moore,71
Weber,29OG11,U.S. House,2,REP,Karianne Lisonbee,40
Weber,29OG11,U.S. House,2,REP,Over Votes,0
Weber,29OG11,U.S. House,2,REP,Under Votes,0
Weber,29OG12,Ballots Cast,,,,103
Weber,29OG12,Ballots Cast,,DEM,,0
Weber,29OG12,Ballots Cast,,REP,,103
Weber,29OG12,County Commissioner Seat A,,REP,Duane D Kearsley,20
Weber,29OG12,County Commissioner Seat A,,REP,James Ebert,19
Weber,29OG12,County Commissioner Seat A,,REP,Katrina C. Gibson,34
Weber,29OG12,County Commissioner Seat A,,REP,Over Votes,0
Weber,29OG12,County Commissioner Seat A,,REP,Richard Hyer,29
Weber,29OG12,County Commissioner Seat A,,REP,Under Votes,1
Weber,29OG12,County Commissioner Seat B,,REP,Jon D. Beesley,51
Weber,29OG12,County Commissioner Seat B,,REP,Over Votes,0
Weber,29OG12,County Commissioner Seat B,,REP,Sharon Arrington Bolos,51
Weber,29OG12,County Commissioner Seat B,,REP,Under Votes,1
Weber,29OG12,Registered Voters,,,,368
Weber,29OG12,U.S. House,2,REP,Blake D. Moore,44
Weber,29OG12,U.S. House,2,REP,Karianne Lisonbee,57
Weber,29OG12,U.S. House,2,REP,Over Votes,0
Weber,29OG12,U.S. House,2,REP,Under Votes,2
Weber,29OG13,Ballots Cast,,,,154
Weber,29OG13,Ballots Cast,,DEM,,0
Weber,29OG13,Ballots Cast,,REP,,154
Weber,29OG13,County Commissioner Seat A,,REP,Duane D Kearsley,54
Weber,29OG13,County Commissioner Seat A,,REP,James Ebert,26
Weber,29OG13,County Commissioner Seat A,,REP,Katrina C. Gibson,30
Weber,29OG13,County Commissioner Seat A,,REP,Over Votes,0
Weber,29OG13,County Commissioner Seat A,,REP,Richard Hyer,42
Weber,29OG13,County Commissioner Seat A,,REP,Under Votes,2
Weber,29OG13,County Commissioner Seat B,,REP,Jon D. Beesley,75
Weber,29OG13,County Commissioner Seat B,,REP,Over Votes,0
Weber,29OG13,County Commissioner Seat B,,REP,Sharon Arrington Bolos,73
Weber,29OG13,County Commissioner Seat B,,REP,Under Votes,6
Weber,29OG13,Registered Voters,,,,418
Weber,29OG13,U.S. House,2,REP,Blake D. Moore,95
Weber,29OG13,U.S. House,2,REP,Karianne Lisonbee,59
Weber,29OG13,U.S. House,2,REP,Over Votes,0
Weber,29OG13,U.S. House,2,REP,Under Votes,0
Weber,29OG14,Ballots Cast,,,,117
Weber,29OG14,Ballots Cast,,DEM,,0
Weber,29OG14,Ballots Cast,,REP,,117
Weber,29OG14,County Commissioner Seat A,,REP,Duane D Kearsley,29
Weber,29OG14,County Commissioner Seat A,,REP,James Ebert,16
Weber,29OG14,County Commissioner Seat A,,REP,Katrina C. Gibson,47
Weber,29OG14,County Commissioner Seat A,,REP,Over Votes,0
Weber,29OG14,County Commissioner Seat A,,REP,Richard Hyer,24
Weber,29OG14,County Commissioner Seat A,,REP,Under Votes,1
Weber,29OG14,County Commissioner Seat B,,REP,Jon D. Beesley,61
Weber,29OG14,County Commissioner Seat B,,REP,Over Votes,0
Weber,29OG14,County Commissioner Seat B,,REP,Sharon Arrington Bolos,54
Weber,29OG14,County Commissioner Seat B,,REP,Under Votes,2
Weber,29OG14,Registered Voters,,,,352
Weber,29OG14,U.S. House,2,REP,Blake D. Moore,67
Weber,29OG14,U.S. House,2,REP,Karianne Lisonbee,50
Weber,29OG14,U.S. House,2,REP,Over Votes,0
Weber,29OG14,U.S. House,2,REP,Under Votes,0
Weber,29OG15,Ballots Cast,,,,69
Weber,29OG15,Ballots Cast,,DEM,,0
Weber,29OG15,Ballots Cast,,REP,,69
Weber,29OG15,County Commissioner Seat A,,REP,Duane D Kearsley,17
Weber,29OG15,County Commissioner Seat A,,REP,James Ebert,15
Weber,29OG15,County Commissioner Seat A,,REP,Katrina C. Gibson,28
Weber,29OG15,County Commissioner Seat A,,REP,Over Votes,0
Weber,29OG15,County Commissioner Seat A,,REP,Richard Hyer,8
Weber,29OG15,County Commissioner Seat A,,REP,Under Votes,1
Weber,29OG15,County Commissioner Seat B,,REP,Jon D. Beesley,28
Weber,29OG15,County Commissioner Seat B,,REP,Over Votes,0
Weber,29OG15,County Commissioner Seat B,,REP,Sharon Arrington Bolos,39
Weber,29OG15,County Commissioner Seat B,,REP,Under Votes,2
Weber,29OG15,Registered Voters,,,,274
Weber,29OG15,U.S. House,2,REP,Blake D. Moore,35
Weber,29OG15,U.S. House,2,REP,Karianne Lisonbee,34
Weber,29OG15,U.S. House,2,REP,Over Votes,0
Weber,29OG15,U.S. House,2,REP,Under Votes,0
Weber,29OG16,Ballots Cast,,,,91
Weber,29OG16,Ballots Cast,,DEM,,0
Weber,29OG16,Ballots Cast,,REP,,91
Weber,29OG16,County Commissioner Seat A,,REP,Duane D Kearsley,23
Weber,29OG16,County Commissioner Seat A,,REP,James Ebert,19
Weber,29OG16,County Commissioner Seat A,,REP,Katrina C. Gibson,28
Weber,29OG16,County Commissioner Seat A,,REP,Over Votes,0
Weber,29OG16,County Commissioner Seat A,,REP,Richard Hyer,19
Weber,29OG16,County Commissioner Seat A,,REP,Under Votes,2
Weber,29OG16,County Commissioner Seat B,,REP,Jon D. Beesley,47
Weber,29OG16,County Commissioner Seat B,,REP,Over Votes,0
Weber,29OG16,County Commissioner Seat B,,REP,Sharon Arrington Bolos,42
Weber,29OG16,County Commissioner Seat B,,REP,Under Votes,2
Weber,29OG16,Registered Voters,,,,290
Weber,29OG16,U.S. House,2,REP,Blake D. Moore,43
Weber,29OG16,U.S. House,2,REP,Karianne Lisonbee,48
Weber,29OG16,U.S. House,2,REP,Over Votes,0
Weber,29OG16,U.S. House,2,REP,Under Votes,0
Weber,29OG17,Ballots Cast,,,,120
Weber,29OG17,Ballots Cast,,DEM,,0
Weber,29OG17,Ballots Cast,,REP,,120
Weber,29OG17,County Commissioner Seat A,,REP,Duane D Kearsley,21
Weber,29OG17,County Commissioner Seat A,,REP,James Ebert,29
Weber,29OG17,County Commissioner Seat A,,REP,Katrina C. Gibson,40
Weber,29OG17,County Commissioner Seat A,,REP,Over Votes,0
Weber,29OG17,County Commissioner Seat A,,REP,Richard Hyer,24
Weber,29OG17,County Commissioner Seat A,,REP,Under Votes,6
Weber,29OG17,County Commissioner Seat B,,REP,Jon D. Beesley,65
Weber,29OG17,County Commissioner Seat B,,REP,Over Votes,0
Weber,29OG17,County Commissioner Seat B,,REP,Sharon Arrington Bolos,49
Weber,29OG17,County Commissioner Seat B,,REP,Under Votes,6
Weber,29OG17,Registered Voters,,,,325
Weber,29OG17,U.S. House,2,REP,Blake D. Moore,71
Weber,29OG17,U.S. House,2,REP,Karianne Lisonbee,47
Weber,29OG17,U.S. House,2,REP,Over Votes,0
Weber,29OG17,U.S. House,2,REP,Under Votes,2
Weber,29OG18,Ballots Cast,,,,35
Weber,29OG18,Ballots Cast,,DEM,,0
Weber,29OG18,Ballots Cast,,REP,,35
Weber,29OG18,County Commissioner Seat A,,REP,Duane D Kearsley,10
Weber,29OG18,County Commissioner Seat A,,REP,James Ebert,4
Weber,29OG18,County Commissioner Seat A,,REP,Katrina C. Gibson,15
Weber,29OG18,County Commissioner Seat A,,REP,Over Votes,0
Weber,29OG18,County Commissioner Seat A,,REP,Richard Hyer,6
Weber,29OG18,County Commissioner Seat A,,REP,Under Votes,0
Weber,29OG18,County Commissioner Seat B,,REP,Jon D. Beesley,13
Weber,29OG18,County Commissioner Seat B,,REP,Over Votes,0
Weber,29OG18,County Commissioner Seat B,,REP,Sharon Arrington Bolos,21
Weber,29OG18,County Commissioner Seat B,,REP,Under Votes,1
Weber,29OG18,Registered Voters,,,,131
Weber,29OG18,U.S. House,2,REP,Blake D. Moore,17
Weber,29OG18,U.S. House,2,REP,Karianne Lisonbee,16
Weber,29OG18,U.S. House,2,REP,Over Votes,0
Weber,29OG18,U.S. House,2,REP,Under Votes,2
Weber,29OG19,Ballots Cast,,,,113
Weber,29OG19,Ballots Cast,,DEM,,0
Weber,29OG19,Ballots Cast,,REP,,113
Weber,29OG19,County Commissioner Seat A,,REP,Duane D Kearsley,30
Weber,29OG19,County Commissioner Seat A,,REP,James Ebert,19
Weber,29OG19,County Commissioner Seat A,,REP,Katrina C. Gibson,36
Weber,29OG19,County Commissioner Seat A,,REP,Over Votes,0
Weber,29OG19,County Commissioner Seat A,,REP,Richard Hyer,26
Weber,29OG19,County Commissioner Seat A,,REP,Under Votes,2
Weber,29OG19,County Commissioner Seat B,,REP,Jon D. Beesley,71
Weber,29OG19,County Commissioner Seat B,,REP,Over Votes,0
Weber,29OG19,County Commissioner Seat B,,REP,Sharon Arrington Bolos,40
Weber,29OG19,County Commissioner Seat B,,REP,Under Votes,2
Weber,29OG19,Registered Voters,,,,278
Weber,29OG19,U.S. House,2,REP,Blake D. Moore,56
Weber,29OG19,U.S. House,2,REP,Karianne Lisonbee,56
Weber,29OG19,U.S. House,2,REP,Over Votes,0
Weber,29OG19,U.S. House,2,REP,Under Votes,1
Weber,29OG20,Ballots Cast,,,,45
Weber,29OG20,Ballots Cast,,DEM,,28
Weber,29OG20,Ballots Cast,,REP,,17
Weber,29OG20,County Commissioner Seat A,,REP,Duane D Kearsley,3
Weber,29OG20,County Commissioner Seat A,,REP,James Ebert,2
Weber,29OG20,County Commissioner Seat A,,REP,Katrina C. Gibson,7
Weber,29OG20,County Commissioner Seat A,,REP,Over Votes,0
Weber,29OG20,County Commissioner Seat A,,REP,Richard Hyer,4
Weber,29OG20,County Commissioner Seat A,,REP,Under Votes,1
Weber,29OG20,County Commissioner Seat B,,REP,Jon D. Beesley,13
Weber,29OG20,County Commissioner Seat B,,REP,Over Votes,0
Weber,29OG20,County Commissioner Seat B,,REP,Sharon Arrington Bolos,4
Weber,29OG20,County Commissioner Seat B,,REP,Under Votes,0
Weber,29OG20,Registered Voters,,,,201
Weber,29OG20,State Senate,5,DEM,Dakota Wurth,9
Weber,29OG20,State Senate,5,DEM,Over Votes,0
Weber,29OG20,State Senate,5,DEM,Under Votes,0
Weber,29OG20,U.S. House,2,REP,Blake D. Moore,9
Weber,29OG20,U.S. House,2,REP,Karianne Lisonbee,8
Weber,29OG20,U.S. House,2,REP,Over Votes,0
Weber,29OG20,U.S. House,2,REP,Under Votes,0
Weber,29OG21,Ballots Cast,,,,161
Weber,29OG21,Ballots Cast,,DEM,,82
Weber,29OG21,Ballots Cast,,REP,,79
Weber,29OG21,County Commissioner Seat A,,REP,Duane D Kearsley,14
Weber,29OG21,County Commissioner Seat A,,REP,James Ebert,21
Weber,29OG21,County Commissioner Seat A,,REP,Katrina C. Gibson,26
Weber,29OG21,County Commissioner Seat A,,REP,Over Votes,0
Weber,29OG21,County Commissioner Seat A,,REP,Richard Hyer,15
Weber,29OG21,County Commissioner Seat A,,REP,Under Votes,3
Weber,29OG21,County Commissioner Seat B,,REP,Jon D. Beesley,41
Weber,29OG21,County Commissioner Seat B,,REP,Over Votes,0
Weber,29OG21,County Commissioner Seat B,,REP,Sharon Arrington Bolos,36
Weber,29OG21,County Commissioner Seat B,,REP,Under Votes,2
Weber,29OG21,Registered Voters,,,,593
Weber,29OG21,State Senate,5,DEM,Dakota Wurth,33
Weber,29OG21,State Senate,5,DEM,Over Votes,0
Weber,29OG21,State Senate,5,DEM,Under Votes,1
Weber,29OG21,U.S. House,2,REP,Blake D. Moore,47
Weber,29OG21,U.S. House,2,REP,Karianne Lisonbee,32
Weber,29OG21,U.S. House,2,REP,Over Votes,0
Weber,29OG21,U.S. House,2,REP,Under Votes,0
Weber,29OG22,Ballots Cast,,,,104
Weber,29OG22,Ballots Cast,,DEM,,61
Weber,29OG22,Ballots Cast,,REP,,43
Weber,29OG22,County Commissioner Seat A,,REP,Duane D Kearsley,7
Weber,29OG22,County Commissioner Seat A,,REP,James Ebert,10
Weber,29OG22,County Commissioner Seat A,,REP,Katrina C. Gibson,13
Weber,29OG22,County Commissioner Seat A,,REP,Over Votes,0
Weber,29OG22,County Commissioner Seat A,,REP,Richard Hyer,11
Weber,29OG22,County Commissioner Seat A,,REP,Under Votes,2
Weber,29OG22,County Commissioner Seat B,,REP,Jon D. Beesley,20
Weber,29OG22,County Commissioner Seat B,,REP,Over Votes,0
Weber,29OG22,County Commissioner Seat B,,REP,Sharon Arrington Bolos,21
Weber,29OG22,County Commissioner Seat B,,REP,Under Votes,2
Weber,29OG22,Registered Voters,,,,329
Weber,29OG22,State Senate,5,DEM,Dakota Wurth,45
Weber,29OG22,State Senate,5,DEM,Over Votes,0
Weber,29OG22,State Senate,5,DEM,Under Votes,0
Weber,29OG22,U.S. House,2,REP,Blake D. Moore,23
Weber,29OG22,U.S. House,2,REP,Karianne Lisonbee,18
Weber,29OG22,U.S. House,2,REP,Over Votes,0
Weber,29OG22,U.S. House,2,REP,Under Votes,2
Weber,29OG23,Ballots Cast,,,,111
Weber,29OG23,Ballots Cast,,DEM,,0
Weber,29OG23,Ballots Cast,,REP,,111
Weber,29OG23,County Commissioner Seat A,,REP,Duane D Kearsley,37
Weber,29OG23,County Commissioner Seat A,,REP,James Ebert,14
Weber,29OG23,County Commissioner Seat A,,REP,Katrina C. Gibson,25
Weber,29OG23,County Commissioner Seat A,,REP,Over Votes,0
Weber,29OG23,County Commissioner Seat A,,REP,Richard Hyer,31
Weber,29OG23,County Commissioner Seat A,,REP,Under Votes,4
Weber,29OG23,County Commissioner Seat B,,REP,Jon D. Beesley,61
Weber,29OG23,County Commissioner Seat B,,REP,Over Votes,0
Weber,29OG23,County Commissioner Seat B,,REP,Sharon Arrington Bolos,47
Weber,29OG23,County Commissioner Seat B,,REP,Under Votes,3
Weber,29OG23,Registered Voters,,,,272
Weber,29OG23,U.S. House,2,REP,Blake D. Moore,66
Weber,29OG23,U.S. House,2,REP,Karianne Lisonbee,43
Weber,29OG23,U.S. House,2,REP,Over Votes,0
Weber,29OG23,U.S. House,2,REP,Under Votes,2
Weber,29OG24,Ballots Cast,,,,221
Weber,29OG24,Ballots Cast,,DEM,,132
Weber,29OG24,Ballots Cast,,REP,,89
Weber,29OG24,County Commissioner Seat A,,REP,Duane D Kearsley,23
Weber,29OG24,County Commissioner Seat A,,REP,James Ebert,24
Weber,29OG24,County Commissioner Seat A,,REP,Katrina C. Gibson,27
Weber,29OG24,County Commissioner Seat A,,REP,Over Votes,0
Weber,29OG24,County Commissioner Seat A,,REP,Richard Hyer,14
Weber,29OG24,County Commissioner Seat A,,REP,Under Votes,1
Weber,29OG24,County Commissioner Seat B,,REP,Jon D. Beesley,39
Weber,29OG24,County Commissioner Seat B,,REP,Over Votes,0
Weber,29OG24,County Commissioner Seat B,,REP,Sharon Arrington Bolos,47
Weber,29OG24,County Commissioner Seat B,,REP,Under Votes,3
Weber,29OG24,Registered Voters,,,,582
Weber,29OG24,State Senate,5,DEM,Dakota Wurth,71
Weber,29OG24,State Senate,5,DEM,Over Votes,0
Weber,29OG24,State Senate,5,DEM,Under Votes,0
Weber,29OG24,U.S. House,2,REP,Blake D. Moore,40
Weber,29OG24,U.S. House,2,REP,Karianne Lisonbee,48
Weber,29OG24,U.S. House,2,REP,Over Votes,0
Weber,29OG24,U.S. House,2,REP,Under Votes,1
Weber,29OG25,Ballots Cast,,,,175
Weber,29OG25,Ballots Cast,,DEM,,82
Weber,29OG25,Ballots Cast,,REP,,93
Weber,29OG25,County Commissioner Seat A,,REP,Duane D Kearsley,15
Weber,29OG25,County Commissioner Seat A,,REP,James Ebert,22
Weber,29OG25,County Commissioner Seat A,,REP,Katrina C. Gibson,34
Weber,29OG25,County Commissioner Seat A,,REP,Over Votes,0
Weber,29OG25,County Commissioner Seat A,,REP,Richard Hyer,21
Weber,29OG25,County Commissioner Seat A,,REP,Under Votes,1
Weber,29OG25,County Commissioner Seat B,,REP,Jon D. Beesley,51
Weber,29OG25,County Commissioner Seat B,,REP,Over Votes,0
Weber,29OG25,County Commissioner Seat B,,REP,Sharon Arrington Bolos,41
Weber,29OG25,County Commissioner Seat B,,REP,Under Votes,1
Weber,29OG25,Registered Voters,,,,425
Weber,29OG25,State Senate,5,DEM,Dakota Wurth,43
Weber,29OG25,State Senate,5,DEM,Over Votes,0
Weber,29OG25,State Senate,5,DEM,Under Votes,0
Weber,29OG25,U.S. House,2,REP,Blake D. Moore,52
Weber,29OG25,U.S. House,2,REP,Karianne Lisonbee,41
Weber,29OG25,U.S. House,2,REP,Over Votes,0
Weber,29OG25,U.S. House,2,REP,Under Votes,0
Weber,29OG26,Ballots Cast,,,,149
Weber,29OG26,Ballots Cast,,DEM,,73
Weber,29OG26,Ballots Cast,,REP,,76
Weber,29OG26,County Commissioner Seat A,,REP,Duane D Kearsley,22
Weber,29OG26,County Commissioner Seat A,,REP,James Ebert,12
Weber,29OG26,County Commissioner Seat A,,REP,Katrina C. Gibson,23
Weber,29OG26,County Commissioner Seat A,,REP,Over Votes,2
Weber,29OG26,County Commissioner Seat A,,REP,Richard Hyer,15
Weber,29OG26,County Commissioner Seat A,,REP,Under Votes,2
Weber,29OG26,County Commissioner Seat B,,REP,Jon D. Beesley,37
Weber,29OG26,County Commissioner Seat B,,REP,Over Votes,0
Weber,29OG26,County Commissioner Seat B,,REP,Sharon Arrington Bolos,38
Weber,29OG26,County Commissioner Seat B,,REP,Under Votes,1
Weber,29OG26,Registered Voters,,,,337
Weber,29OG26,State Senate,5,DEM,Dakota Wurth,23
Weber,29OG26,State Senate,5,DEM,Over Votes,0
Weber,29OG26,State Senate,5,DEM,Under Votes,0
Weber,29OG26,U.S. House,2,REP,Blake D. Moore,48
Weber,29OG26,U.S. House,2,REP,Karianne Lisonbee,27
Weber,29OG26,U.S. House,2,REP,Over Votes,0
Weber,29OG26,U.S. House,2,REP,Under Votes,1
Weber,29OG27,Ballots Cast,,,,83
Weber,29OG27,Ballots Cast,,DEM,,54
Weber,29OG27,Ballots Cast,,REP,,29
Weber,29OG27,County Commissioner Seat A,,REP,Duane D Kearsley,10
Weber,29OG27,County Commissioner Seat A,,REP,James Ebert,6
Weber,29OG27,County Commissioner Seat A,,REP,Katrina C. Gibson,6
Weber,29OG27,County Commissioner Seat A,,REP,Over Votes,0
Weber,29OG27,County Commissioner Seat A,,REP,Richard Hyer,6
Weber,29OG27,County Commissioner Seat A,,REP,Under Votes,1
Weber,29OG27,County Commissioner Seat B,,REP,Jon D. Beesley,20
Weber,29OG27,County Commissioner Seat B,,REP,Over Votes,0
Weber,29OG27,County Commissioner Seat B,,REP,Sharon Arrington Bolos,9
Weber,29OG27,County Commissioner Seat B,,REP,Under Votes,0
Weber,29OG27,Registered Voters,,,,263
Weber,29OG27,State Senate,5,DEM,Dakota Wurth,32
Weber,29OG27,State Senate,5,DEM,Over Votes,0
Weber,29OG27,State Senate,5,DEM,Under Votes,0
Weber,29OG27,U.S. House,2,REP,Blake D. Moore,15
Weber,29OG27,U.S. House,2,REP,Karianne Lisonbee,14
Weber,29OG27,U.S. House,2,REP,Over Votes,0
Weber,29OG27,U.S. House,2,REP,Under Votes,0
Weber,29OG28,Ballots Cast,,,,101
Weber,29OG28,Ballots Cast,,DEM,,59
Weber,29OG28,Ballots Cast,,REP,,42
Weber,29OG28,County Commissioner Seat A,,REP,Duane D Kearsley,8
Weber,29OG28,County Commissioner Seat A,,REP,James Ebert,9
Weber,29OG28,County Commissioner Seat A,,REP,Katrina C. Gibson,21
Weber,29OG28,County Commissioner Seat A,,REP,Over Votes,0
Weber,29OG28,County Commissioner Seat A,,REP,Richard Hyer,4
Weber,29OG28,County Commissioner Seat A,,REP,Under Votes,0
Weber,29OG28,County Commissioner Seat B,,REP,Jon D. Beesley,24
Weber,29OG28,County Commissioner Seat B,,REP,Over Votes,0
Weber,29OG28,County Commissioner Seat B,,REP,Sharon Arrington Bolos,18
Weber,29OG28,County Commissioner Seat B,,REP,Under Votes,0
Weber,29OG28,Registered Voters,,,,347
Weber,29OG28,State Senate,5,DEM,Dakota Wurth,35
Weber,29OG28,State Senate,5,DEM,Over Votes,0
Weber,29OG28,State Senate,5,DEM,Under Votes,0
Weber,29OG28,U.S. House,2,REP,Blake D. Moore,21
Weber,29OG28,U.S. House,2,REP,Karianne Lisonbee,21
Weber,29OG28,U.S. House,2,REP,Over Votes,0
Weber,29OG28,U.S. House,2,REP,Under Votes,0
Weber,29OG29,Ballots Cast,,,,247
Weber,29OG29,Ballots Cast,,DEM,,103
Weber,29OG29,Ballots Cast,,REP,,144
Weber,29OG29,County Commissioner Seat A,,REP,Duane D Kearsley,18
Weber,29OG29,County Commissioner Seat A,,REP,James Ebert,38
Weber,29OG29,County Commissioner Seat A,,REP,Katrina C. Gibson,44
Weber,29OG29,County Commissioner Seat A,,REP,Over Votes,0
Weber,29OG29,County Commissioner Seat A,,REP,Richard Hyer,40
Weber,29OG29,County Commissioner Seat A,,REP,Under Votes,4
Weber,29OG29,County Commissioner Seat B,,REP,Jon D. Beesley,52
Weber,29OG29,County Commissioner Seat B,,REP,Over Votes,0
Weber,29OG29,County Commissioner Seat B,,REP,Sharon Arrington Bolos,88
Weber,29OG29,County Commissioner Seat B,,REP,Under Votes,4
Weber,29OG29,Registered Voters,,,,513
Weber,29OG29,State Senate,5,DEM,Dakota Wurth,37
Weber,29OG29,State Senate,5,DEM,Over Votes,0
Weber,29OG29,State Senate,5,DEM,Under Votes,1
Weber,29OG29,U.S. House,2,REP,Blake D. Moore,90
Weber,29OG29,U.S. House,2,REP,Karianne Lisonbee,50
Weber,29OG29,U.S. House,2,REP,Over Votes,0
Weber,29OG29,U.S. House,2,REP,Under Votes,4
Weber,29OG30,Ballots Cast,,,,415
Weber,29OG30,Ballots Cast,,DEM,,160
Weber,29OG30,Ballots Cast,,REP,,255
Weber,29OG30,County Commissioner Seat A,,REP,Duane D Kearsley,59
Weber,29OG30,County Commissioner Seat A,,REP,James Ebert,68
Weber,29OG30,County Commissioner Seat A,,REP,Katrina C. Gibson,50
Weber,29OG30,County Commissioner Seat A,,REP,Over Votes,1
Weber,29OG30,County Commissioner Seat A,,REP,Richard Hyer,71
Weber,29OG30,County Commissioner Seat A,,REP,Under Votes,6
Weber,29OG30,County Commissioner Seat B,,REP,Jon D. Beesley,131
Weber,29OG30,County Commissioner Seat B,,REP,Over Votes,0
Weber,29OG30,County Commissioner Seat B,,REP,Sharon Arrington Bolos,115
Weber,29OG30,County Commissioner Seat B,,REP,Under Votes,9
Weber,29OG30,Registered Voters,,,,778
Weber,29OG30,State Senate,5,DEM,Dakota Wurth,54
Weber,29OG30,State Senate,5,DEM,Over Votes,0
Weber,29OG30,State Senate,5,DEM,Under Votes,0
Weber,29OG30,U.S. House,2,REP,Blake D. Moore,159
Weber,29OG30,U.S. House,2,REP,Karianne Lisonbee,89
Weber,29OG30,U.S. House,2,REP,Over Votes,0
Weber,29OG30,U.S. House,2,REP,Under Votes,7
Weber,29OG31 Suppressed,Ballots Cast,,,,1
Weber,29OG31 Suppressed,Ballots Cast,,DEM,,0
Weber,29OG31 Suppressed,Ballots Cast,,REP,,1
Weber,29OG31 Suppressed,Registered Voters,,,,27
Weber,29OG32,Ballots Cast,,,,88
Weber,29OG32,Ballots Cast,,DEM,,59
Weber,29OG32,Ballots Cast,,REP,,29
Weber,29OG32,County Commissioner Seat A,,REP,Duane D Kearsley,5
Weber,29OG32,County Commissioner Seat A,,REP,James Ebert,5
Weber,29OG32,County Commissioner Seat A,,REP,Katrina C. Gibson,17
Weber,29OG32,County Commissioner Seat A,,REP,Over Votes,0
Weber,29OG32,County Commissioner Seat A,,REP,Richard Hyer,1
Weber,29OG32,County Commissioner Seat A,,REP,Under Votes,1
Weber,29OG32,County Commissioner Seat B,,REP,Jon D. Beesley,20
Weber,29OG32,County Commissioner Seat B,,REP,Over Votes,0
Weber,29OG32,County Commissioner Seat B,,REP,Sharon Arrington Bolos,8
Weber,29OG32,County Commissioner Seat B,,REP,Under Votes,1
Weber,29OG32,Registered Voters,,,,338
Weber,29OG32,State Senate,5,DEM,Dakota Wurth,24
Weber,29OG32,State Senate,5,DEM,Over Votes,0
Weber,29OG32,State Senate,5,DEM,Under Votes,0
Weber,29OG32,U.S. House,2,REP,Blake D. Moore,15
Weber,29OG32,U.S. House,2,REP,Karianne Lisonbee,14
Weber,29OG32,U.S. House,2,REP,Over Votes,0
Weber,29OG32,U.S. House,2,REP,Under Votes,0
Weber,29OG33,Ballots Cast,,,,140
Weber,29OG33,Ballots Cast,,DEM,,66
Weber,29OG33,Ballots Cast,,REP,,74
Weber,29OG33,County Commissioner Seat A,,REP,Duane D Kearsley,14
Weber,29OG33,County Commissioner Seat A,,REP,James Ebert,19
Weber,29OG33,County Commissioner Seat A,,REP,Katrina C. Gibson,15
Weber,29OG33,County Commissioner Seat A,,REP,Over Votes,0
Weber,29OG33,County Commissioner Seat A,,REP,Richard Hyer,24
Weber,29OG33,County Commissioner Seat A,,REP,Under Votes,2
Weber,29OG33,County Commissioner Seat B,,REP,Jon D. Beesley,44
Weber,29OG33,County Commissioner Seat B,,REP,Over Votes,0
Weber,29OG33,County Commissioner Seat B,,REP,Sharon Arrington Bolos,27
Weber,29OG33,County Commissioner Seat B,,REP,Under Votes,3
Weber,29OG33,Registered Voters,,,,546
Weber,29OG33,State Senate,5,DEM,Dakota Wurth,35
Weber,29OG33,State Senate,5,DEM,Over Votes,0
Weber,29OG33,State Senate,5,DEM,Under Votes,0
Weber,29OG33,U.S. House,2,REP,Blake D. Moore,40
Weber,29OG33,U.S. House,2,REP,Karianne Lisonbee,33
Weber,29OG33,U.S. House,2,REP,Over Votes,0
Weber,29OG33,U.S. House,2,REP,Under Votes,1
Weber,29OG34,Ballots Cast,,,,129
Weber,29OG34,Ballots Cast,,DEM,,62
Weber,29OG34,Ballots Cast,,REP,,67
Weber,29OG34,County Commissioner Seat A,,REP,Duane D Kearsley,10
Weber,29OG34,County Commissioner Seat A,,REP,James Ebert,16
Weber,29OG34,County Commissioner Seat A,,REP,Katrina C. Gibson,21
Weber,29OG34,County Commissioner Seat A,,REP,Over Votes,0
Weber,29OG34,County Commissioner Seat A,,REP,Richard Hyer,17
Weber,29OG34,County Commissioner Seat A,,REP,Under Votes,3
Weber,29OG34,County Commissioner Seat B,,REP,Jon D. Beesley,31
Weber,29OG34,County Commissioner Seat B,,REP,Over Votes,0
Weber,29OG34,County Commissioner Seat B,,REP,Sharon Arrington Bolos,33
Weber,29OG34,County Commissioner Seat B,,REP,Under Votes,3
Weber,29OG34,Registered Voters,,,,384
Weber,29OG34,State Senate,5,DEM,Dakota Wurth,36
Weber,29OG34,State Senate,5,DEM,Over Votes,0
Weber,29OG34,State Senate,5,DEM,Under Votes,0
Weber,29OG34,U.S. House,2,REP,Blake D. Moore,36
Weber,29OG34,U.S. House,2,REP,Karianne Lisonbee,28
Weber,29OG34,U.S. House,2,REP,Over Votes,0
Weber,29OG34,U.S. House,2,REP,Under Votes,3
Weber,29OG35,Ballots Cast,,,,97
Weber,29OG35,Ballots Cast,,DEM,,42
Weber,29OG35,Ballots Cast,,REP,,55
Weber,29OG35,County Commissioner Seat A,,REP,Duane D Kearsley,11
Weber,29OG35,County Commissioner Seat A,,REP,James Ebert,12
Weber,29OG35,County Commissioner Seat A,,REP,Katrina C. Gibson,18
Weber,29OG35,County Commissioner Seat A,,REP,Over Votes,0
Weber,29OG35,County Commissioner Seat A,,REP,Richard Hyer,13
Weber,29OG35,County Commissioner Seat A,,REP,Under Votes,1
Weber,29OG35,County Commissioner Seat B,,REP,Jon D. Beesley,17
Weber,29OG35,County Commissioner Seat B,,REP,Over Votes,0
Weber,29OG35,County Commissioner Seat B,,REP,Sharon Arrington Bolos,37
Weber,29OG35,County Commissioner Seat B,,REP,Under Votes,1
Weber,29OG35,Registered Voters,,,,364
Weber,29OG35,State Senate,5,DEM,Dakota Wurth,18
Weber,29OG35,State Senate,5,DEM,Over Votes,0
Weber,29OG35,State Senate,5,DEM,Under Votes,0
Weber,29OG35,U.S. House,2,REP,Blake D. Moore,40
Weber,29OG35,U.S. House,2,REP,Karianne Lisonbee,15
Weber,29OG35,U.S. House,2,REP,Over Votes,0
Weber,29OG35,U.S. House,2,REP,Under Votes,0
Weber,29OG36,Ballots Cast,,,,285
Weber,29OG36,Ballots Cast,,DEM,,116
Weber,29OG36,Ballots Cast,,REP,,169
Weber,29OG36,County Commissioner Seat A,,REP,Duane D Kearsley,42
Weber,29OG36,County Commissioner Seat A,,REP,James Ebert,38
Weber,29OG36,County Commissioner Seat A,,REP,Katrina C. Gibson,44
Weber,29OG36,County Commissioner Seat A,,REP,Over Votes,0
Weber,29OG36,County Commissioner Seat A,,REP,Richard Hyer,41
Weber,29OG36,County Commissioner Seat A,,REP,Under Votes,4
Weber,29OG36,County Commissioner Seat B,,REP,Jon D. Beesley,87
Weber,29OG36,County Commissioner Seat B,,REP,Over Votes,0
Weber,29OG36,County Commissioner Seat B,,REP,Sharon Arrington Bolos,77
Weber,29OG36,County Commissioner Seat B,,REP,Under Votes,5
Weber,29OG36,Registered Voters,,,,667
Weber,29OG36,State Senate,5,DEM,Dakota Wurth,48
Weber,29OG36,State Senate,5,DEM,Over Votes,0
Weber,29OG36,State Senate,5,DEM,Under Votes,0
Weber,29OG36,U.S. House,2,REP,Blake D. Moore,120
Weber,29OG36,U.S. House,2,REP,Karianne Lisonbee,49
Weber,29OG36,U.S. House,2,REP,Over Votes,0
Weber,29OG36,U.S. House,2,REP,Under Votes,0
Weber,29OG37,Ballots Cast,,,,168
Weber,29OG37,Ballots Cast,,DEM,,63
Weber,29OG37,Ballots Cast,,REP,,105
Weber,29OG37,County Commissioner Seat A,,REP,Duane D Kearsley,34
Weber,29OG37,County Commissioner Seat A,,REP,James Ebert,23
Weber,29OG37,County Commissioner Seat A,,REP,Katrina C. Gibson,29
Weber,29OG37,County Commissioner Seat A,,REP,Over Votes,0
Weber,29OG37,County Commissioner Seat A,,REP,Richard Hyer,18
Weber,29OG37,County Commissioner Seat A,,REP,Under Votes,1
Weber,29OG37,County Commissioner Seat B,,REP,Jon D. Beesley,60
Weber,29OG37,County Commissioner Seat B,,REP,Over Votes,0
Weber,29OG37,County Commissioner Seat B,,REP,Sharon Arrington Bolos,43
Weber,29OG37,County Commissioner Seat B,,REP,Under Votes,2
Weber,29OG37,Registered Voters,,,,440
Weber,29OG37,State Senate,5,DEM,Dakota Wurth,24
Weber,29OG37,State Senate,5,DEM,Over Votes,0
Weber,29OG37,State Senate,5,DEM,Under Votes,0
Weber,29OG37,U.S. House,2,REP,Blake D. Moore,51
Weber,29OG37,U.S. House,2,REP,Karianne Lisonbee,51
Weber,29OG37,U.S. House,2,REP,Over Votes,0
Weber,29OG37,U.S. House,2,REP,Under Votes,3
Weber,29OG38,Ballots Cast,,,,199
Weber,29OG38,Ballots Cast,,DEM,,69
Weber,29OG38,Ballots Cast,,REP,,130
Weber,29OG38,County Commissioner Seat A,,REP,Duane D Kearsley,28
Weber,29OG38,County Commissioner Seat A,,REP,James Ebert,29
Weber,29OG38,County Commissioner Seat A,,REP,Katrina C. Gibson,32
Weber,29OG38,County Commissioner Seat A,,REP,Over Votes,0
Weber,29OG38,County Commissioner Seat A,,REP,Richard Hyer,38
Weber,29OG38,County Commissioner Seat A,,REP,Under Votes,3
Weber,29OG38,County Commissioner Seat B,,REP,Jon D. Beesley,61
Weber,29OG38,County Commissioner Seat B,,REP,Over Votes,0
Weber,29OG38,County Commissioner Seat B,,REP,Sharon Arrington Bolos,67
Weber,29OG38,County Commissioner Seat B,,REP,Under Votes,2
Weber,29OG38,Registered Voters,,,,517
Weber,29OG38,State Senate,5,DEM,Dakota Wurth,20
Weber,29OG38,State Senate,5,DEM,Over Votes,0
Weber,29OG38,State Senate,5,DEM,Under Votes,0
Weber,29OG38,U.S. House,2,REP,Blake D. Moore,86
Weber,29OG38,U.S. House,2,REP,Karianne Lisonbee,41
Weber,29OG38,U.S. House,2,REP,Over Votes,0
Weber,29OG38,U.S. House,2,REP,Under Votes,3
Weber,29OG39,Ballots Cast,,,,343
Weber,29OG39,Ballots Cast,,DEM,,94
Weber,29OG39,Ballots Cast,,REP,,249
Weber,29OG39,County Commissioner Seat A,,REP,Duane D Kearsley,52
Weber,29OG39,County Commissioner Seat A,,REP,James Ebert,76
Weber,29OG39,County Commissioner Seat A,,REP,Katrina C. Gibson,61
Weber,29OG39,County Commissioner Seat A,,REP,Over Votes,1
Weber,29OG39,County Commissioner Seat A,,REP,Richard Hyer,53
Weber,29OG39,County Commissioner Seat A,,REP,Under Votes,6
Weber,29OG39,County Commissioner Seat B,,REP,Jon D. Beesley,115
Weber,29OG39,County Commissioner Seat B,,REP,Over Votes,0
Weber,29OG39,County Commissioner Seat B,,REP,Sharon Arrington Bolos,130
Weber,29OG39,County Commissioner Seat B,,REP,Under Votes,4
Weber,29OG39,Registered Voters,,,,644
Weber,29OG39,State Senate,5,DEM,Dakota Wurth,25
Weber,29OG39,State Senate,5,DEM,Over Votes,0
Weber,29OG39,State Senate,5,DEM,Under Votes,0
Weber,29OG39,U.S. House,2,REP,Blake D. Moore,167
Weber,29OG39,U.S. House,2,REP,Karianne Lisonbee,79
Weber,29OG39,U.S. House,2,REP,Over Votes,0
Weber,29OG39,U.S. House,2,REP,Under Votes,3
Weber,29OG40,Ballots Cast,,,,359
Weber,29OG40,Ballots Cast,,DEM,,124
Weber,29OG40,Ballots Cast,,REP,,235
Weber,29OG40,County Commissioner Seat A,,REP,Duane D Kearsley,41
Weber,29OG40,County Commissioner Seat A,,REP,James Ebert,89
Weber,29OG40,County Commissioner Seat A,,REP,Katrina C. Gibson,58
Weber,29OG40,County Commissioner Seat A,,REP,Over Votes,0
Weber,29OG40,County Commissioner Seat A,,REP,Richard Hyer,40
Weber,29OG40,County Commissioner Seat A,,REP,Under Votes,7
Weber,29OG40,County Commissioner Seat B,,REP,Jon D. Beesley,86
Weber,29OG40,County Commissioner Seat B,,REP,Over Votes,0
Weber,29OG40,County Commissioner Seat B,,REP,Sharon Arrington Bolos,141
Weber,29OG40,County Commissioner Seat B,,REP,Under Votes,8
Weber,29OG40,Registered Voters,,,,674
Weber,29OG40,State Senate,5,DEM,Dakota Wurth,25
Weber,29OG40,State Senate,5,DEM,Over Votes,1
Weber,29OG40,State Senate,5,DEM,Under Votes,0
Weber,29OG40,U.S. House,2,REP,Blake D. Moore,161
Weber,29OG40,U.S. House,2,REP,Karianne Lisonbee,69
Weber,29OG40,U.S. House,2,REP,Over Votes,0
Weber,29OG40,U.S. House,2,REP,Under Votes,5
Weber,29OG41,Ballots Cast,,,,402
Weber,29OG41,Ballots Cast,,DEM,,115
Weber,29OG41,Ballots Cast,,REP,,287
Weber,29OG41,County Commissioner Seat A,,REP,Duane D Kearsley,48
Weber,29OG41,County Commissioner Seat A,,REP,James Ebert,104
Weber,29OG41,County Commissioner Seat A,,REP,Katrina C. Gibson,64
Weber,29OG41,County Commissioner Seat A,,REP,Over Votes,0
Weber,29OG41,County Commissioner Seat A,,REP,Richard Hyer,67
Weber,29OG41,County Commissioner Seat A,,REP,Under Votes,4
Weber,29OG41,County Commissioner Seat B,,REP,Jon D. Beesley,148
Weber,29OG41,County Commissioner Seat B,,REP,Over Votes,0
Weber,29OG41,County Commissioner Seat B,,REP,Sharon Arrington Bolos,135
Weber,29OG41,County Commissioner Seat B,,REP,Under Votes,4
Weber,29OG41,Registered Voters,,,,712
Weber,29OG41,State Senate,5,DEM,Dakota Wurth,23
Weber,29OG41,State Senate,5,DEM,Over Votes,0
Weber,29OG41,State Senate,5,DEM,Under Votes,0
Weber,29OG41,U.S. House,2,REP,Blake D. Moore,181
Weber,29OG41,U.S. House,2,REP,Karianne Lisonbee,105
Weber,29OG41,U.S. House,2,REP,Over Votes,0
Weber,29OG41,U.S. House,2,REP,Under Votes,1
Weber,29OG41:U Suppressed,Ballots Cast,,,,7
Weber,29OG41:U Suppressed,Ballots Cast,,DEM,,0
Weber,29OG41:U Suppressed,Ballots Cast,,REP,,7
Weber,29OG41:U Suppressed,Registered Voters,,,,17
Weber,29OG41:U Suppressed,State Senate,5,DEM,Dakota Wurth,0
Weber,29OG41:U Suppressed,State Senate,5,DEM,Over Votes,0
Weber,29OG41:U Suppressed,State Senate,5,DEM,Under Votes,0
Weber,29OV01,Ballots Cast,,,,213
Weber,29OV01,Ballots Cast,,DEM,,0
Weber,29OV01,Ballots Cast,,REP,,213
Weber,29OV01,County Commissioner Seat A,,REP,Duane D Kearsley,84
Weber,29OV01,County Commissioner Seat A,,REP,James Ebert,20
Weber,29OV01,County Commissioner Seat A,,REP,Katrina C. Gibson,67
Weber,29OV01,County Commissioner Seat A,,REP,Over Votes,0
Weber,29OV01,County Commissioner Seat A,,REP,Richard Hyer,39
Weber,29OV01,County Commissioner Seat A,,REP,Under Votes,3
Weber,29OV01,County Commissioner Seat B,,REP,Jon D. Beesley,159
Weber,29OV01,County Commissioner Seat B,,REP,Over Votes,0
Weber,29OV01,County Commissioner Seat B,,REP,Sharon Arrington Bolos,49
Weber,29OV01,County Commissioner Seat B,,REP,Under Votes,5
Weber,29OV01,Registered Voters,,,,577
Weber,29OV01,U.S. House,2,REP,Blake D. Moore,100
Weber,29OV01,U.S. House,2,REP,Karianne Lisonbee,108
Weber,29OV01,U.S. House,2,REP,Over Votes,0
Weber,29OV01,U.S. House,2,REP,Under Votes,5
Weber,29OV02,Ballots Cast,,,,168
Weber,29OV02,Ballots Cast,,DEM,,0
Weber,29OV02,Ballots Cast,,REP,,168
Weber,29OV02,County Commissioner Seat A,,REP,Duane D Kearsley,76
Weber,29OV02,County Commissioner Seat A,,REP,James Ebert,19
Weber,29OV02,County Commissioner Seat A,,REP,Katrina C. Gibson,30
Weber,29OV02,County Commissioner Seat A,,REP,Over Votes,0
Weber,29OV02,County Commissioner Seat A,,REP,Richard Hyer,39
Weber,29OV02,County Commissioner Seat A,,REP,Under Votes,4
Weber,29OV02,County Commissioner Seat B,,REP,Jon D. Beesley,119
Weber,29OV02,County Commissioner Seat B,,REP,Over Votes,0
Weber,29OV02,County Commissioner Seat B,,REP,Sharon Arrington Bolos,44
Weber,29OV02,County Commissioner Seat B,,REP,Under Votes,5
Weber,29OV02,Registered Voters,,,,394
Weber,29OV02,U.S. House,2,REP,Blake D. Moore,104
Weber,29OV02,U.S. House,2,REP,Karianne Lisonbee,59
Weber,29OV02,U.S. House,2,REP,Over Votes,0
Weber,29OV02,U.S. House,2,REP,Under Votes,5
Weber,29OV03,Ballots Cast,,,,67
Weber,29OV03,Ballots Cast,,DEM,,0
Weber,29OV03,Ballots Cast,,REP,,67
Weber,29OV03,County Commissioner Seat A,,REP,Duane D Kearsley,25
Weber,29OV03,County Commissioner Seat A,,REP,James Ebert,16
Weber,29OV03,County Commissioner Seat A,,REP,Katrina C. Gibson,20
Weber,29OV03,County Commissioner Seat A,,REP,Over Votes,0
Weber,29OV03,County Commissioner Seat A,,REP,Richard Hyer,4
Weber,29OV03,County Commissioner Seat A,,REP,Under Votes,2
Weber,29OV03,County Commissioner Seat B,,REP,Jon D. Beesley,44
Weber,29OV03,County Commissioner Seat B,,REP,Over Votes,0
Weber,29OV03,County Commissioner Seat B,,REP,Sharon Arrington Bolos,20
Weber,29OV03,County Commissioner Seat B,,REP,Under Votes,3
Weber,29OV03,Registered Voters,,,,141
Weber,29OV03,U.S. House,2,REP,Blake D. Moore,45
Weber,29OV03,U.S. House,2,REP,Karianne Lisonbee,21
Weber,29OV03,U.S. House,2,REP,Over Votes,0
Weber,29OV03,U.S. House,2,REP,Under Votes,1
Weber,29OV03:X,Ballots Cast,,,,196
Weber,29OV03:X,Ballots Cast,,DEM,,0
Weber,29OV03:X,Ballots Cast,,REP,,196
Weber,29OV03:X,County Commissioner Seat A,,REP,Duane D Kearsley,64
Weber,29OV03:X,County Commissioner Seat A,,REP,James Ebert,68
Weber,29OV03:X,County Commissioner Seat A,,REP,Katrina C. Gibson,35
Weber,29OV03:X,County Commissioner Seat A,,REP,Over Votes,0
Weber,29OV03:X,County Commissioner Seat A,,REP,Richard Hyer,25
Weber,29OV03:X,County Commissioner Seat A,,REP,Under Votes,4
Weber,29OV03:X,County Commissioner Seat B,,REP,Jon D. Beesley,114
Weber,29OV03:X,County Commissioner Seat B,,REP,Over Votes,0
Weber,29OV03:X,County Commissioner Seat B,,REP,Sharon Arrington Bolos,78
Weber,29OV03:X,County Commissioner Seat B,,REP,Under Votes,4
Weber,29OV03:X,Registered Voters,,,,433
Weber,29OV03:X,U.S. House,2,REP,Blake D. Moore,139
Weber,29OV03:X,U.S. House,2,REP,Karianne Lisonbee,50
Weber,29OV03:X,U.S. House,2,REP,Over Votes,0
Weber,29OV03:X,U.S. House,2,REP,Under Votes,7
Weber,29OV04,Ballots Cast,,,,249
Weber,29OV04,Ballots Cast,,DEM,,0
Weber,29OV04,Ballots Cast,,REP,,249
Weber,29OV04,County Commissioner Seat A,,REP,Duane D Kearsley,95
Weber,29OV04,County Commissioner Seat A,,REP,James Ebert,30
Weber,29OV04,County Commissioner Seat A,,REP,Katrina C. Gibson,64
Weber,29OV04,County Commissioner Seat A,,REP,Over Votes,0
Weber,29OV04,County Commissioner Seat A,,REP,Richard Hyer,53
Weber,29OV04,County Commissioner Seat A,,REP,Under Votes,7
Weber,29OV04,County Commissioner Seat B,,REP,Jon D. Beesley,179
Weber,29OV04,County Commissioner Seat B,,REP,Over Votes,0
Weber,29OV04,County Commissioner Seat B,,REP,Sharon Arrington Bolos,64
Weber,29OV04,County Commissioner Seat B,,REP,Under Votes,6
Weber,29OV04,Registered Voters,,,,581
Weber,29OV04,U.S. House,2,REP,Blake D. Moore,140
Weber,29OV04,U.S. House,2,REP,Karianne Lisonbee,102
Weber,29OV04,U.S. House,2,REP,Over Votes,0
Weber,29OV04,U.S. House,2,REP,Under Votes,7
Weber,29OV04:X Suppressed,Ballots Cast,,,,6
Weber,29OV04:X Suppressed,Ballots Cast,,DEM,,0
Weber,29OV04:X Suppressed,Ballots Cast,,REP,,6
Weber,29OV04:X Suppressed,Registered Voters,,,,15
Weber,29OV05,Ballots Cast,,,,274
Weber,29OV05,Ballots Cast,,DEM,,0
Weber,29OV05,Ballots Cast,,REP,,274
Weber,29OV05,County Commissioner Seat A,,REP,Duane D Kearsley,97
Weber,29OV05,County Commissioner Seat A,,REP,James Ebert,54
Weber,29OV05,County Commissioner Seat A,,REP,Katrina C. Gibson,65
Weber,29OV05,County Commissioner Seat A,,REP,Over Votes,2
Weber,29OV05,County Commissioner Seat A,,REP,Richard Hyer,42
Weber,29OV05,County Commissioner Seat A,,REP,Under Votes,14
Weber,29OV05,County Commissioner Seat B,,REP,Jon D. Beesley,157
Weber,29OV05,County Commissioner Seat B,,REP,Over Votes,0
Weber,29OV05,County Commissioner Seat B,,REP,Sharon Arrington Bolos,106
Weber,29OV05,County Commissioner Seat B,,REP,Under Votes,11
Weber,29OV05,Registered Voters,,,,586
Weber,29OV05,U.S. House,2,REP,Blake D. Moore,166
Weber,29OV05,U.S. House,2,REP,Karianne Lisonbee,103
Weber,29OV05,U.S. House,2,REP,Over Votes,0
Weber,29OV05,U.S. House,2,REP,Under Votes,5
Weber,29OV06 Suppressed,Ballots Cast,,,,25
Weber,29OV06 Suppressed,Ballots Cast,,DEM,,7
Weber,29OV06 Suppressed,Ballots Cast,,REP,,18
Weber,29OV06 Suppressed,County Commissioner Seat A,,REP,Duane D Kearsley,6
Weber,29OV06 Suppressed,County Commissioner Seat A,,REP,James Ebert,2
Weber,29OV06 Suppressed,County Commissioner Seat A,,REP,Katrina C. Gibson,1
Weber,29OV06 Suppressed,County Commissioner Seat A,,REP,Over Votes,0
Weber,29OV06 Suppressed,County Commissioner Seat A,,REP,Richard Hyer,8
Weber,29OV06 Suppressed,County Commissioner Seat A,,REP,Under Votes,1
Weber,29OV06 Suppressed,County Commissioner Seat B,,REP,Jon D. Beesley,11
Weber,29OV06 Suppressed,County Commissioner Seat B,,REP,Over Votes,0
Weber,29OV06 Suppressed,County Commissioner Seat B,,REP,Sharon Arrington Bolos,7
Weber,29OV06 Suppressed,County Commissioner Seat B,,REP,Under Votes,0
Weber,29OV06 Suppressed,Registered Voters,,,,55
Weber,29OV06 Suppressed,U.S. House,2,REP,Blake D. Moore,12
Weber,29OV06 Suppressed,U.S. House,2,REP,Karianne Lisonbee,6
Weber,29OV06 Suppressed,U.S. House,2,REP,Over Votes,0
Weber,29OV06 Suppressed,U.S. House,2,REP,Under Votes,0
Weber,29OV07,Ballots Cast,,,,88
Weber,29OV07,Ballots Cast,,DEM,,18
Weber,29OV07,Ballots Cast,,REP,,70
Weber,29OV07,County Commissioner Seat A,,REP,Duane D Kearsley,21
Weber,29OV07,County Commissioner Seat A,,REP,James Ebert,5
Weber,29OV07,County Commissioner Seat A,,REP,Katrina C. Gibson,24
Weber,29OV07,County Commissioner Seat A,,REP,Over Votes,0
Weber,29OV07,County Commissioner Seat A,,REP,Richard Hyer,13
Weber,29OV07,County Commissioner Seat A,,REP,Under Votes,7
Weber,29OV07,County Commissioner Seat B,,REP,Jon D. Beesley,52
Weber,29OV07,County Commissioner Seat B,,REP,Over Votes,0
Weber,29OV07,County Commissioner Seat B,,REP,Sharon Arrington Bolos,10
Weber,29OV07,County Commissioner Seat B,,REP,Under Votes,8
Weber,29OV07,Registered Voters,,,,194
Weber,29OV07,State Senate,5,DEM,Dakota Wurth,4
Weber,29OV07,State Senate,5,DEM,Over Votes,0
Weber,29OV07,State Senate,5,DEM,Under Votes,0
Weber,29OV07,U.S. House,3,REP,Celeste Maloy,53
Weber,29OV07,U.S. House,3,REP,Over Votes,0
Weber,29OV07,U.S. House,3,REP,Phil Lyman,14
Weber,29OV07,U.S. House,3,REP,Under Votes,3
Weber,29OV08 Suppressed,Ballots Cast,,,,6
Weber,29OV08 Suppressed,Ballots Cast,,DEM,,0
Weber,29OV08 Suppressed,Ballots Cast,,REP,,6
Weber,29OV08 Suppressed,Registered Voters,,,,7
Weber,29OV09,Ballots Cast,,,,0
Weber,29OV09,Ballots Cast,,DEM,,0
Weber,29OV09,Ballots Cast,,REP,,0
Weber,29OV09,County Commissioner Seat A,,REP,Duane D Kearsley,0
Weber,29OV09,County Commissioner Seat A,,REP,James Ebert,0
Weber,29OV09,County Commissioner Seat A,,REP,Katrina C. Gibson,0
Weber,29OV09,County Commissioner Seat A,,REP,Over Votes,0
Weber,29OV09,County Commissioner Seat A,,REP,Richard Hyer,0
Weber,29OV09,County Commissioner Seat A,,REP,Under Votes,0
Weber,29OV09,County Commissioner Seat B,,REP,Jon D. Beesley,0
Weber,29OV09,County Commissioner Seat B,,REP,Over Votes,0
Weber,29OV09,County Commissioner Seat B,,REP,Sharon Arrington Bolos,0
Weber,29OV09,County Commissioner Seat B,,REP,Under Votes,0
Weber,29OV09,Registered Voters,,,,1
Weber,29OV09,State Senate,5,DEM,Dakota Wurth,0
Weber,29OV09,State Senate,5,DEM,Over Votes,0
Weber,29OV09,State Senate,5,DEM,Under Votes,0
Weber,29OV09,U.S. House,3,REP,Celeste Maloy,0
Weber,29OV09,U.S. House,3,REP,Over Votes,0
Weber,29OV09,U.S. House,3,REP,Phil Lyman,0
Weber,29OV09,U.S. House,3,REP,Under Votes,0
Weber,29PC01,Ballots Cast,,,,337
Weber,29PC01,Ballots Cast,,DEM,,0
Weber,29PC01,Ballots Cast,,REP,,337
Weber,29PC01,County Commissioner Seat A,,REP,Duane D Kearsley,147
Weber,29PC01,County Commissioner Seat A,,REP,James Ebert,83
Weber,29PC01,County Commissioner Seat A,,REP,Katrina C. Gibson,54
Weber,29PC01,County Commissioner Seat A,,REP,Over Votes,0
Weber,29PC01,County Commissioner Seat A,,REP,Richard Hyer,46
Weber,29PC01,County Commissioner Seat A,,REP,Under Votes,7
Weber,29PC01,County Commissioner Seat B,,REP,Jon D. Beesley,204
Weber,29PC01,County Commissioner Seat B,,REP,Over Votes,0
Weber,29PC01,County Commissioner Seat B,,REP,Sharon Arrington Bolos,129
Weber,29PC01,County Commissioner Seat B,,REP,Under Votes,4
Weber,29PC01,Registered Voters,,,,718
Weber,29PC01,U.S. House,2,REP,Blake D. Moore,195
Weber,29PC01,U.S. House,2,REP,Karianne Lisonbee,133
Weber,29PC01,U.S. House,2,REP,Over Votes,0
Weber,29PC01,U.S. House,2,REP,Under Votes,9
Weber,29PC02,Ballots Cast,,,,195
Weber,29PC02,Ballots Cast,,DEM,,0
Weber,29PC02,Ballots Cast,,REP,,195
Weber,29PC02,County Commissioner Seat A,,REP,Duane D Kearsley,67
Weber,29PC02,County Commissioner Seat A,,REP,James Ebert,57
Weber,29PC02,County Commissioner Seat A,,REP,Katrina C. Gibson,33
Weber,29PC02,County Commissioner Seat A,,REP,Over Votes,0
Weber,29PC02,County Commissioner Seat A,,REP,Richard Hyer,35
Weber,29PC02,County Commissioner Seat A,,REP,Under Votes,3
Weber,29PC02,County Commissioner Seat B,,REP,Jon D. Beesley,102
Weber,29PC02,County Commissioner Seat B,,REP,Over Votes,0
Weber,29PC02,County Commissioner Seat B,,REP,Sharon Arrington Bolos,90
Weber,29PC02,County Commissioner Seat B,,REP,Under Votes,3
Weber,29PC02,Registered Voters,,,,652
Weber,29PC02,U.S. House,2,REP,Blake D. Moore,111
Weber,29PC02,U.S. House,2,REP,Karianne Lisonbee,80
Weber,29PC02,U.S. House,2,REP,Over Votes,0
Weber,29PC02,U.S. House,2,REP,Under Votes,4
Weber,29PC03,Ballots Cast,,,,296
Weber,29PC03,Ballots Cast,,DEM,,0
Weber,29PC03,Ballots Cast,,REP,,296
Weber,29PC03,County Commissioner Seat A,,REP,Duane D Kearsley,137
Weber,29PC03,County Commissioner Seat A,,REP,James Ebert,62
Weber,29PC03,County Commissioner Seat A,,REP,Katrina C. Gibson,60
Weber,29PC03,County Commissioner Seat A,,REP,Over Votes,2
Weber,29PC03,County Commissioner Seat A,,REP,Richard Hyer,32
Weber,29PC03,County Commissioner Seat A,,REP,Under Votes,3
Weber,29PC03,County Commissioner Seat B,,REP,Jon D. Beesley,203
Weber,29PC03,County Commissioner Seat B,,REP,Over Votes,0
Weber,29PC03,County Commissioner Seat B,,REP,Sharon Arrington Bolos,93
Weber,29PC03,County Commissioner Seat B,,REP,Under Votes,0
Weber,29PC03,Registered Voters,,,,732
Weber,29PC03,U.S. House,2,REP,Blake D. Moore,173
Weber,29PC03,U.S. House,2,REP,Karianne Lisonbee,120
Weber,29PC03,U.S. House,2,REP,Over Votes,0
Weber,29PC03,U.S. House,2,REP,Under Votes,3
Weber,29PC04,Ballots Cast,,,,337
Weber,29PC04,Ballots Cast,,DEM,,0
Weber,29PC04,Ballots Cast,,REP,,337
Weber,29PC04,County Commissioner Seat A,,REP,Duane D Kearsley,161
Weber,29PC04,County Commissioner Seat A,,REP,James Ebert,91
Weber,29PC04,County Commissioner Seat A,,REP,Katrina C. Gibson,44
Weber,29PC04,County Commissioner Seat A,,REP,Over Votes,3
Weber,29PC04,County Commissioner Seat A,,REP,Richard Hyer,30
Weber,29PC04,County Commissioner Seat A,,REP,Under Votes,8
Weber,29PC04,County Commissioner Seat B,,REP,Jon D. Beesley,190
Weber,29PC04,County Commissioner Seat B,,REP,Over Votes,0
Weber,29PC04,County Commissioner Seat B,,REP,Sharon Arrington Bolos,140
Weber,29PC04,County Commissioner Seat B,,REP,Under Votes,7
Weber,29PC04,Registered Voters,,,,798
Weber,29PC04,U.S. House,2,REP,Blake D. Moore,193
Weber,29PC04,U.S. House,2,REP,Karianne Lisonbee,137
Weber,29PC04,U.S. House,2,REP,Over Votes,1
Weber,29PC04,U.S. House,2,REP,Under Votes,6
Weber,29PC05,Ballots Cast,,,,172
Weber,29PC05,Ballots Cast,,DEM,,0
Weber,29PC05,Ballots Cast,,REP,,172
Weber,29PC05,County Commissioner Seat A,,REP,Duane D Kearsley,65
Weber,29PC05,County Commissioner Seat A,,REP,James Ebert,57
Weber,29PC05,County Commissioner Seat A,,REP,Katrina C. Gibson,33
Weber,29PC05,County Commissioner Seat A,,REP,Over Votes,1
Weber,29PC05,County Commissioner Seat A,,REP,Richard Hyer,15
Weber,29PC05,County Commissioner Seat A,,REP,Under Votes,1
Weber,29PC05,County Commissioner Seat B,,REP,Jon D. Beesley,92
Weber,29PC05,County Commissioner Seat B,,REP,Over Votes,0
Weber,29PC05,County Commissioner Seat B,,REP,Sharon Arrington Bolos,76
Weber,29PC05,County Commissioner Seat B,,REP,Under Votes,4
Weber,29PC05,Registered Voters,,,,500
Weber,29PC05,U.S. House,2,REP,Blake D. Moore,97
Weber,29PC05,U.S. House,2,REP,Karianne Lisonbee,70
Weber,29PC05,U.S. House,2,REP,Over Votes,1
Weber,29PC05,U.S. House,2,REP,Under Votes,4
Weber,29PV01,Ballots Cast,,,,141
Weber,29PV01,Ballots Cast,,DEM,,0
Weber,29PV01,Ballots Cast,,REP,,141
Weber,29PV01,County Commissioner Seat A,,REP,Duane D Kearsley,41
Weber,29PV01,County Commissioner Seat A,,REP,James Ebert,41
Weber,29PV01,County Commissioner Seat A,,REP,Katrina C. Gibson,24
Weber,29PV01,County Commissioner Seat A,,REP,Over Votes,0
Weber,29PV01,County Commissioner Seat A,,REP,Richard Hyer,34
Weber,29PV01,County Commissioner Seat A,,REP,Under Votes,1
Weber,29PV01,County Commissioner Seat B,,REP,Jon D. Beesley,71
Weber,29PV01,County Commissioner Seat B,,REP,Over Votes,0
Weber,29PV01,County Commissioner Seat B,,REP,Sharon Arrington Bolos,68
Weber,29PV01,County Commissioner Seat B,,REP,Under Votes,2
Weber,29PV01,Registered Voters,,,,329
Weber,29PV01,U.S. House,2,REP,Blake D. Moore,89
Weber,29PV01,U.S. House,2,REP,Karianne Lisonbee,51
Weber,29PV01,U.S. House,2,REP,Over Votes,0
Weber,29PV01,U.S. House,2,REP,Under Votes,1
Weber,29PV02,Ballots Cast,,,,200
Weber,29PV02,Ballots Cast,,DEM,,0
Weber,29PV02,Ballots Cast,,REP,,200
Weber,29PV02,County Commissioner Seat A,,REP,Duane D Kearsley,53
Weber,29PV02,County Commissioner Seat A,,REP,James Ebert,72
Weber,29PV02,County Commissioner Seat A,,REP,Katrina C. Gibson,38
Weber,29PV02,County Commissioner Seat A,,REP,Over Votes,2
Weber,29PV02,County Commissioner Seat A,,REP,Richard Hyer,31
Weber,29PV02,County Commissioner Seat A,,REP,Under Votes,4
Weber,29PV02,County Commissioner Seat B,,REP,Jon D. Beesley,98
Weber,29PV02,County Commissioner Seat B,,REP,Over Votes,0
Weber,29PV02,County Commissioner Seat B,,REP,Sharon Arrington Bolos,99
Weber,29PV02,County Commissioner Seat B,,REP,Under Votes,3
Weber,29PV02,Registered Voters,,,,498
Weber,29PV02,U.S. House,2,REP,Blake D. Moore,129
Weber,29PV02,U.S. House,2,REP,Karianne Lisonbee,71
Weber,29PV02,U.S. House,2,REP,Over Votes,0
Weber,29PV02,U.S. House,2,REP,Under Votes,0
Weber,29PV03,Ballots Cast,,,,125
Weber,29PV03,Ballots Cast,,DEM,,0
Weber,29PV03,Ballots Cast,,REP,,125
Weber,29PV03,County Commissioner Seat A,,REP,Duane D Kearsley,39
Weber,29PV03,County Commissioner Seat A,,REP,James Ebert,27
Weber,29PV03,County Commissioner Seat A,,REP,Katrina C. Gibson,33
Weber,29PV03,County Commissioner Seat A,,REP,Over Votes,1
Weber,29PV03,County Commissioner Seat A,,REP,Richard Hyer,22
Weber,29PV03,County Commissioner Seat A,,REP,Under Votes,3
Weber,29PV03,County Commissioner Seat B,,REP,Jon D. Beesley,65
Weber,29PV03,County Commissioner Seat B,,REP,Over Votes,0
Weber,29PV03,County Commissioner Seat B,,REP,Sharon Arrington Bolos,58
Weber,29PV03,County Commissioner Seat B,,REP,Under Votes,2
Weber,29PV03,Registered Voters,,,,333
Weber,29PV03,U.S. House,2,REP,Blake D. Moore,74
Weber,29PV03,U.S. House,2,REP,Karianne Lisonbee,51
Weber,29PV03,U.S. House,2,REP,Over Votes,0
Weber,29PV03,U.S. House,2,REP,Under Votes,0
Weber,29PV04 Suppressed,Ballots Cast,,,,8
Weber,29PV04 Suppressed,Ballots Cast,,DEM,,0
Weber,29PV04 Suppressed,Ballots Cast,,REP,,8
Weber,29PV04 Suppressed,Registered Voters,,,,18
Weber,29PV05,Ballots Cast,,,,67
Weber,29PV05,Ballots Cast,,DEM,,0
Weber,29PV05,Ballots Cast,,REP,,67
Weber,29PV05,County Commissioner Seat A,,REP,Duane D Kearsley,29
Weber,29PV05,County Commissioner Seat A,,REP,James Ebert,11
Weber,29PV05,County Commissioner Seat A,,REP,Katrina C. Gibson,18
Weber,29PV05,County Commissioner Seat A,,REP,Over Votes,0
Weber,29PV05,County Commissioner Seat A,,REP,Richard Hyer,6
Weber,29PV05,County Commissioner Seat A,,REP,Under Votes,3
Weber,29PV05,County Commissioner Seat B,,REP,Jon D. Beesley,37
Weber,29PV05,County Commissioner Seat B,,REP,Over Votes,0
Weber,29PV05,County Commissioner Seat B,,REP,Sharon Arrington Bolos,28
Weber,29PV05,County Commissioner Seat B,,REP,Under Votes,2
Weber,29PV05,Registered Voters,,,,226
Weber,29PV05,U.S. House,2,REP,Blake D. Moore,36
Weber,29PV05,U.S. House,2,REP,Karianne Lisonbee,30
Weber,29PV05,U.S. House,2,REP,Over Votes,0
Weber,29PV05,U.S. House,2,REP,Under Votes,1
Weber,29PV06,Ballots Cast,,,,95
Weber,29PV06,Ballots Cast,,DEM,,0
Weber,29PV06,Ballots Cast,,REP,,95
Weber,29PV06,County Commissioner Seat A,,REP,Duane D Kearsley,29
Weber,29PV06,County Commissioner Seat A,,REP,James Ebert,31
Weber,29PV06,County Commissioner Seat A,,REP,Katrina C. Gibson,10
Weber,29PV06,County Commissioner Seat A,,REP,Over Votes,0
Weber,29PV06,County Commissioner Seat A,,REP,Richard Hyer,23
Weber,29PV06,County Commissioner Seat A,,REP,Under Votes,2
Weber,29PV06,County Commissioner Seat B,,REP,Jon D. Beesley,54
Weber,29PV06,County Commissioner Seat B,,REP,Over Votes,0
Weber,29PV06,County Commissioner Seat B,,REP,Sharon Arrington Bolos,39
Weber,29PV06,County Commissioner Seat B,,REP,Under Votes,2
Weber,29PV06,Registered Voters,,,,215
Weber,29PV06,U.S. House,2,REP,Blake D. Moore,52
Weber,29PV06,U.S. House,2,REP,Karianne Lisonbee,43
Weber,29PV06,U.S. House,2,REP,Over Votes,0
Weber,29PV06,U.S. House,2,REP,Under Votes,0
Weber,29PV07,Ballots Cast,,,,248
Weber,29PV07,Ballots Cast,,DEM,,0
Weber,29PV07,Ballots Cast,,REP,,248
Weber,29PV07,County Commissioner Seat A,,REP,Duane D Kearsley,49
Weber,29PV07,County Commissioner Seat A,,REP,James Ebert,96
Weber,29PV07,County Commissioner Seat A,,REP,Katrina C. Gibson,58
Weber,29PV07,County Commissioner Seat A,,REP,Over Votes,2
Weber,29PV07,County Commissioner Seat A,,REP,Richard Hyer,43
Weber,29PV07,County Commissioner Seat A,,REP,Under Votes,0
Weber,29PV07,County Commissioner Seat B,,REP,Jon D. Beesley,122
Weber,29PV07,County Commissioner Seat B,,REP,Over Votes,0
Weber,29PV07,County Commissioner Seat B,,REP,Sharon Arrington Bolos,126
Weber,29PV07,County Commissioner Seat B,,REP,Under Votes,0
Weber,29PV07,Registered Voters,,,,538
Weber,29PV07,U.S. House,2,REP,Blake D. Moore,137
Weber,29PV07,U.S. House,2,REP,Karianne Lisonbee,109
Weber,29PV07,U.S. House,2,REP,Over Votes,0
Weber,29PV07,U.S. House,2,REP,Under Votes,2
Weber,29PV08,Ballots Cast,,,,181
Weber,29PV08,Ballots Cast,,DEM,,0
Weber,29PV08,Ballots Cast,,REP,,181
Weber,29PV08,County Commissioner Seat A,,REP,Duane D Kearsley,45
Weber,29PV08,County Commissioner Seat A,,REP,James Ebert,45
Weber,29PV08,County Commissioner Seat A,,REP,Katrina C. Gibson,55
Weber,29PV08,County Commissioner Seat A,,REP,Over Votes,2
Weber,29PV08,County Commissioner Seat A,,REP,Richard Hyer,31
Weber,29PV08,County Commissioner Seat A,,REP,Under Votes,3
Weber,29PV08,County Commissioner Seat B,,REP,Jon D. Beesley,91
Weber,29PV08,County Commissioner Seat B,,REP,Over Votes,0
Weber,29PV08,County Commissioner Seat B,,REP,Sharon Arrington Bolos,87
Weber,29PV08,County Commissioner Seat B,,REP,Under Votes,3
Weber,29PV08,Registered Voters,,,,567
Weber,29PV08,U.S. House,2,REP,Blake D. Moore,100
Weber,29PV08,U.S. House,2,REP,Karianne Lisonbee,81
Weber,29PV08,U.S. House,2,REP,Over Votes,0
Weber,29PV08,U.S. House,2,REP,Under Votes,0
Weber,29PV09,Ballots Cast,,,,212
Weber,29PV09,Ballots Cast,,DEM,,0
Weber,29PV09,Ballots Cast,,REP,,212
Weber,29PV09,County Commissioner Seat A,,REP,Duane D Kearsley,67
Weber,29PV09,County Commissioner Seat A,,REP,James Ebert,39
Weber,29PV09,County Commissioner Seat A,,REP,Katrina C. Gibson,49
Weber,29PV09,County Commissioner Seat A,,REP,Over Votes,4
Weber,29PV09,County Commissioner Seat A,,REP,Richard Hyer,47
Weber,29PV09,County Commissioner Seat A,,REP,Under Votes,6
Weber,29PV09,County Commissioner Seat B,,REP,Jon D. Beesley,98
Weber,29PV09,County Commissioner Seat B,,REP,Over Votes,0
Weber,29PV09,County Commissioner Seat B,,REP,Sharon Arrington Bolos,112
Weber,29PV09,County Commissioner Seat B,,REP,Under Votes,2
Weber,29PV09,Registered Voters,,,,494
Weber,29PV09,U.S. House,2,REP,Blake D. Moore,114
Weber,29PV09,U.S. House,2,REP,Karianne Lisonbee,97
Weber,29PV09,U.S. House,2,REP,Over Votes,0
Weber,29PV09,U.S. House,2,REP,Under Votes,1
Weber,29PV10,Ballots Cast,,,,187
Weber,29PV10,Ballots Cast,,DEM,,0
Weber,29PV10,Ballots Cast,,REP,,187
Weber,29PV10,County Commissioner Seat A,,REP,Duane D Kearsley,44
Weber,29PV10,County Commissioner Seat A,,REP,James Ebert,51
Weber,29PV10,County Commissioner Seat A,,REP,Katrina C. Gibson,49
Weber,29PV10,County Commissioner Seat A,,REP,Over Votes,1
Weber,29PV10,County Commissioner Seat A,,REP,Richard Hyer,38
Weber,29PV10,County Commissioner Seat A,,REP,Under Votes,4
Weber,29PV10,County Commissioner Seat B,,REP,Jon D. Beesley,85
Weber,29PV10,County Commissioner Seat B,,REP,Over Votes,0
Weber,29PV10,County Commissioner Seat B,,REP,Sharon Arrington Bolos,101
Weber,29PV10,County Commissioner Seat B,,REP,Under Votes,1
Weber,29PV10,Registered Voters,,,,476
Weber,29PV10,U.S. House,2,REP,Blake D. Moore,105
Weber,29PV10,U.S. House,2,REP,Karianne Lisonbee,80
Weber,29PV10,U.S. House,2,REP,Over Votes,0
Weber,29PV10,U.S. House,2,REP,Under Votes,2
Weber,29PV11,Ballots Cast,,,,30
Weber,29PV11,Ballots Cast,,DEM,,0
Weber,29PV11,Ballots Cast,,REP,,30
Weber,29PV11,County Commissioner Seat A,,REP,Duane D Kearsley,9
Weber,29PV11,County Commissioner Seat A,,REP,James Ebert,7
Weber,29PV11,County Commissioner Seat A,,REP,Katrina C. Gibson,12
Weber,29PV11,County Commissioner Seat A,,REP,Over Votes,0
Weber,29PV11,County Commissioner Seat A,,REP,Richard Hyer,2
Weber,29PV11,County Commissioner Seat A,,REP,Under Votes,0
Weber,29PV11,County Commissioner Seat B,,REP,Jon D. Beesley,11
Weber,29PV11,County Commissioner Seat B,,REP,Over Votes,0
Weber,29PV11,County Commissioner Seat B,,REP,Sharon Arrington Bolos,19
Weber,29PV11,County Commissioner Seat B,,REP,Under Votes,0
Weber,29PV11,Registered Voters,,,,181
Weber,29PV11,U.S. House,2,REP,Blake D. Moore,12
Weber,29PV11,U.S. House,2,REP,Karianne Lisonbee,18
Weber,29PV11,U.S. House,2,REP,Over Votes,0
Weber,29PV11,U.S. House,2,REP,Under Votes,0
Weber,29RI01,Ballots Cast,,,,306
Weber,29RI01,Ballots Cast,,DEM,,80
Weber,29RI01,Ballots Cast,,REP,,226
Weber,29RI01,County Commissioner Seat A,,REP,Duane D Kearsley,46
Weber,29RI01,County Commissioner Seat A,,REP,James Ebert,58
Weber,29RI01,County Commissioner Seat A,,REP,Katrina C. Gibson,66
Weber,29RI01,County Commissioner Seat A,,REP,Over Votes,0
Weber,29RI01,County Commissioner Seat A,,REP,Richard Hyer,50
Weber,29RI01,County Commissioner Seat A,,REP,Under Votes,6
Weber,29RI01,County Commissioner Seat B,,REP,Jon D. Beesley,125
Weber,29RI01,County Commissioner Seat B,,REP,Over Votes,0
Weber,29RI01,County Commissioner Seat B,,REP,Sharon Arrington Bolos,94
Weber,29RI01,County Commissioner Seat B,,REP,Under Votes,7
Weber,29RI01,Registered Voters,,,,732
Weber,29RI01,State Senate,5,DEM,Dakota Wurth,35
Weber,29RI01,State Senate,5,DEM,Over Votes,0
Weber,29RI01,State Senate,5,DEM,Under Votes,0
Weber,29RI01,U.S. House,2,REP,Blake D. Moore,140
Weber,29RI01,U.S. House,2,REP,Karianne Lisonbee,85
Weber,29RI01,U.S. House,2,REP,Over Votes,0
Weber,29RI01,U.S. House,2,REP,Under Votes,1
Weber,29RI02,Ballots Cast,,,,236
Weber,29RI02,Ballots Cast,,DEM,,65
Weber,29RI02,Ballots Cast,,REP,,171
Weber,29RI02,County Commissioner Seat A,,REP,Duane D Kearsley,52
Weber,29RI02,County Commissioner Seat A,,REP,James Ebert,43
Weber,29RI02,County Commissioner Seat A,,REP,Katrina C. Gibson,46
Weber,29RI02,County Commissioner Seat A,,REP,Over Votes,0
Weber,29RI02,County Commissioner Seat A,,REP,Richard Hyer,25
Weber,29RI02,County Commissioner Seat A,,REP,Under Votes,5
Weber,29RI02,County Commissioner Seat B,,REP,Jon D. Beesley,94
Weber,29RI02,County Commissioner Seat B,,REP,Over Votes,0
Weber,29RI02,County Commissioner Seat B,,REP,Sharon Arrington Bolos,73
Weber,29RI02,County Commissioner Seat B,,REP,Under Votes,4
Weber,29RI02,Registered Voters,,,,650
Weber,29RI02,State Senate,5,DEM,Dakota Wurth,28
Weber,29RI02,State Senate,5,DEM,Over Votes,0
Weber,29RI02,State Senate,5,DEM,Under Votes,0
Weber,29RI02,U.S. House,2,REP,Blake D. Moore,86
Weber,29RI02,U.S. House,2,REP,Karianne Lisonbee,85
Weber,29RI02,U.S. House,2,REP,Over Votes,0
Weber,29RI02,U.S. House,2,REP,Under Votes,0
Weber,29RI03,Ballots Cast,,,,160
Weber,29RI03,Ballots Cast,,DEM,,44
Weber,29RI03,Ballots Cast,,REP,,116
Weber,29RI03,County Commissioner Seat A,,REP,Duane D Kearsley,24
Weber,29RI03,County Commissioner Seat A,,REP,James Ebert,25
Weber,29RI03,County Commissioner Seat A,,REP,Katrina C. Gibson,45
Weber,29RI03,County Commissioner Seat A,,REP,Over Votes,0
Weber,29RI03,County Commissioner Seat A,,REP,Richard Hyer,17
Weber,29RI03,County Commissioner Seat A,,REP,Under Votes,5
Weber,29RI03,County Commissioner Seat B,,REP,Jon D. Beesley,58
Weber,29RI03,County Commissioner Seat B,,REP,Over Votes,0
Weber,29RI03,County Commissioner Seat B,,REP,Sharon Arrington Bolos,54
Weber,29RI03,County Commissioner Seat B,,REP,Under Votes,4
Weber,29RI03,Registered Voters,,,,518
Weber,29RI03,State Senate,5,DEM,Dakota Wurth,24
Weber,29RI03,State Senate,5,DEM,Over Votes,0
Weber,29RI03,State Senate,5,DEM,Under Votes,0
Weber,29RI03,U.S. House,2,REP,Blake D. Moore,67
Weber,29RI03,U.S. House,2,REP,Karianne Lisonbee,49
Weber,29RI03,U.S. House,2,REP,Over Votes,0
Weber,29RI03,U.S. House,2,REP,Under Votes,0
Weber,29RI04,Ballots Cast,,,,260
Weber,29RI04,Ballots Cast,,DEM,,68
Weber,29RI04,Ballots Cast,,REP,,192
Weber,29RI04,County Commissioner Seat A,,REP,Duane D Kearsley,44
Weber,29RI04,County Commissioner Seat A,,REP,James Ebert,32
Weber,29RI04,County Commissioner Seat A,,REP,Katrina C. Gibson,79
Weber,29RI04,County Commissioner Seat A,,REP,Over Votes,0
Weber,29RI04,County Commissioner Seat A,,REP,Richard Hyer,31
Weber,29RI04,County Commissioner Seat A,,REP,Under Votes,6
Weber,29RI04,County Commissioner Seat B,,REP,Jon D. Beesley,87
Weber,29RI04,County Commissioner Seat B,,REP,Over Votes,0
Weber,29RI04,County Commissioner Seat B,,REP,Sharon Arrington Bolos,100
Weber,29RI04,County Commissioner Seat B,,REP,Under Votes,5
Weber,29RI04,Registered Voters,,,,630
Weber,29RI04,State Senate,5,DEM,Dakota Wurth,24
Weber,29RI04,State Senate,5,DEM,Over Votes,1
Weber,29RI04,State Senate,5,DEM,Under Votes,4
Weber,29RI04,U.S. House,2,REP,Blake D. Moore,94
Weber,29RI04,U.S. House,2,REP,Karianne Lisonbee,96
Weber,29RI04,U.S. House,2,REP,Over Votes,0
Weber,29RI04,U.S. House,2,REP,Under Votes,2
Weber,29RY01,Ballots Cast,,,,70
Weber,29RY01,Ballots Cast,,DEM,,0
Weber,29RY01,Ballots Cast,,REP,,70
Weber,29RY01,County Commissioner Seat A,,REP,Duane D Kearsley,15
Weber,29RY01,County Commissioner Seat A,,REP,James Ebert,22
Weber,29RY01,County Commissioner Seat A,,REP,Katrina C. Gibson,28
Weber,29RY01,County Commissioner Seat A,,REP,Over Votes,0
Weber,29RY01,County Commissioner Seat A,,REP,Richard Hyer,5
Weber,29RY01,County Commissioner Seat A,,REP,Under Votes,0
Weber,29RY01,County Commissioner Seat B,,REP,Jon D. Beesley,28
Weber,29RY01,County Commissioner Seat B,,REP,Over Votes,0
Weber,29RY01,County Commissioner Seat B,,REP,Sharon Arrington Bolos,42
Weber,29RY01,County Commissioner Seat B,,REP,Under Votes,0
Weber,29RY01,Registered Voters,,,,218
Weber,29RY01,U.S. House,2,REP,Blake D. Moore,41
Weber,29RY01,U.S. House,2,REP,Karianne Lisonbee,29
Weber,29RY01,U.S. House,2,REP,Over Votes,0
Weber,29RY01,U.S. House,2,REP,Under Votes,0
Weber,29RY01:H,Ballots Cast,,,,0
Weber,29RY01:H,Ballots Cast,,DEM,,0
Weber,29RY01:H,Ballots Cast,,REP,,0
Weber,29RY01:H,County Commissioner Seat A,,REP,Duane D Kearsley,0
Weber,29RY01:H,County Commissioner Seat A,,REP,James Ebert,0
Weber,29RY01:H,County Commissioner Seat A,,REP,Katrina C. Gibson,0
Weber,29RY01:H,County Commissioner Seat A,,REP,Over Votes,0
Weber,29RY01:H,County Commissioner Seat A,,REP,Richard Hyer,0
Weber,29RY01:H,County Commissioner Seat A,,REP,Under Votes,0
Weber,29RY01:H,County Commissioner Seat B,,REP,Jon D. Beesley,0
Weber,29RY01:H,County Commissioner Seat B,,REP,Over Votes,0
Weber,29RY01:H,County Commissioner Seat B,,REP,Sharon Arrington Bolos,0
Weber,29RY01:H,County Commissioner Seat B,,REP,Under Votes,0
Weber,29RY01:H,Registered Voters,,,,0
Weber,29RY01:H,U.S. House,2,REP,Blake D. Moore,0
Weber,29RY01:H,U.S. House,2,REP,Karianne Lisonbee,0
Weber,29RY01:H,U.S. House,2,REP,Over Votes,0
Weber,29RY01:H,U.S. House,2,REP,Under Votes,0
Weber,29RY02,Ballots Cast,,,,125
Weber,29RY02,Ballots Cast,,DEM,,0
Weber,29RY02,Ballots Cast,,REP,,125
Weber,29RY02,County Commissioner Seat A,,REP,Duane D Kearsley,42
Weber,29RY02,County Commissioner Seat A,,REP,James Ebert,35
Weber,29RY02,County Commissioner Seat A,,REP,Katrina C. Gibson,37
Weber,29RY02,County Commissioner Seat A,,REP,Over Votes,0
Weber,29RY02,County Commissioner Seat A,,REP,Richard Hyer,10
Weber,29RY02,County Commissioner Seat A,,REP,Under Votes,1
Weber,29RY02,County Commissioner Seat B,,REP,Jon D. Beesley,68
Weber,29RY02,County Commissioner Seat B,,REP,Over Votes,0
Weber,29RY02,County Commissioner Seat B,,REP,Sharon Arrington Bolos,54
Weber,29RY02,County Commissioner Seat B,,REP,Under Votes,3
Weber,29RY02,Registered Voters,,,,370
Weber,29RY02,U.S. House,2,REP,Blake D. Moore,73
Weber,29RY02,U.S. House,2,REP,Karianne Lisonbee,52
Weber,29RY02,U.S. House,2,REP,Over Votes,0
Weber,29RY02,U.S. House,2,REP,Under Votes,0
Weber,29RY03,Ballots Cast,,,,83
Weber,29RY03,Ballots Cast,,DEM,,0
Weber,29RY03,Ballots Cast,,REP,,83
Weber,29RY03,County Commissioner Seat A,,REP,Duane D Kearsley,25
Weber,29RY03,County Commissioner Seat A,,REP,James Ebert,33
Weber,29RY03,County Commissioner Seat A,,REP,Katrina C. Gibson,15
Weber,29RY03,County Commissioner Seat A,,REP,Over Votes,1
Weber,29RY03,County Commissioner Seat A,,REP,Richard Hyer,8
Weber,29RY03,County Commissioner Seat A,,REP,Under Votes,1
Weber,29RY03,County Commissioner Seat B,,REP,Jon D. Beesley,37
Weber,29RY03,County Commissioner Seat B,,REP,Over Votes,0
Weber,29RY03,County Commissioner Seat B,,REP,Sharon Arrington Bolos,44
Weber,29RY03,County Commissioner Seat B,,REP,Under Votes,2
Weber,29RY03,Registered Voters,,,,273
Weber,29RY03,U.S. House,2,REP,Blake D. Moore,51
Weber,29RY03,U.S. House,2,REP,Karianne Lisonbee,31
Weber,29RY03,U.S. House,2,REP,Over Votes,0
Weber,29RY03,U.S. House,2,REP,Under Votes,1
Weber,29RY04,Ballots Cast,,,,156
Weber,29RY04,Ballots Cast,,DEM,,0
Weber,29RY04,Ballots Cast,,REP,,156
Weber,29RY04,County Commissioner Seat A,,REP,Duane D Kearsley,31
Weber,29RY04,County Commissioner Seat A,,REP,James Ebert,54
Weber,29RY04,County Commissioner Seat A,,REP,Katrina C. Gibson,54
Weber,29RY04,County Commissioner Seat A,,REP,Over Votes,0
Weber,29RY04,County Commissioner Seat A,,REP,Richard Hyer,14
Weber,29RY04,County Commissioner Seat A,,REP,Under Votes,3
Weber,29RY04,County Commissioner Seat B,,REP,Jon D. Beesley,87
Weber,29RY04,County Commissioner Seat B,,REP,Over Votes,0
Weber,29RY04,County Commissioner Seat B,,REP,Sharon Arrington Bolos,65
Weber,29RY04,County Commissioner Seat B,,REP,Under Votes,4
Weber,29RY04,Registered Voters,,,,386
Weber,29RY04,U.S. House,2,REP,Blake D. Moore,79
Weber,29RY04,U.S. House,2,REP,Karianne Lisonbee,77
Weber,29RY04,U.S. House,2,REP,Over Votes,0
Weber,29RY04,U.S. House,2,REP,Under Votes,0
Weber,29RY05,Ballots Cast,,,,118
Weber,29RY05,Ballots Cast,,DEM,,0
Weber,29RY05,Ballots Cast,,REP,,118
Weber,29RY05,County Commissioner Seat A,,REP,Duane D Kearsley,47
Weber,29RY05,County Commissioner Seat A,,REP,James Ebert,32
Weber,29RY05,County Commissioner Seat A,,REP,Katrina C. Gibson,27
Weber,29RY05,County Commissioner Seat A,,REP,Over Votes,0
Weber,29RY05,County Commissioner Seat A,,REP,Richard Hyer,8
Weber,29RY05,County Commissioner Seat A,,REP,Under Votes,4
Weber,29RY05,County Commissioner Seat B,,REP,Jon D. Beesley,69
Weber,29RY05,County Commissioner Seat B,,REP,Over Votes,0
Weber,29RY05,County Commissioner Seat B,,REP,Sharon Arrington Bolos,48
Weber,29RY05,County Commissioner Seat B,,REP,Under Votes,1
Weber,29RY05,Registered Voters,,,,495
Weber,29RY05,U.S. House,2,REP,Blake D. Moore,57
Weber,29RY05,U.S. House,2,REP,Karianne Lisonbee,58
Weber,29RY05,U.S. House,2,REP,Over Votes,0
Weber,29RY05,U.S. House,2,REP,Under Votes,3
Weber,29RY05:H,Ballots Cast,,,,0
Weber,29RY05:H,Ballots Cast,,DEM,,0
Weber,29RY05:H,Ballots Cast,,REP,,0
Weber,29RY05:H,County Commissioner Seat A,,REP,Duane D Kearsley,0
Weber,29RY05:H,County Commissioner Seat A,,REP,James Ebert,0
Weber,29RY05:H,County Commissioner Seat A,,REP,Katrina C. Gibson,0
Weber,29RY05:H,County Commissioner Seat A,,REP,Over Votes,0
Weber,29RY05:H,County Commissioner Seat A,,REP,Richard Hyer,0
Weber,29RY05:H,County Commissioner Seat A,,REP,Under Votes,0
Weber,29RY05:H,County Commissioner Seat B,,REP,Jon D. Beesley,0
Weber,29RY05:H,County Commissioner Seat B,,REP,Over Votes,0
Weber,29RY05:H,County Commissioner Seat B,,REP,Sharon Arrington Bolos,0
Weber,29RY05:H,County Commissioner Seat B,,REP,Under Votes,0
Weber,29RY05:H,Registered Voters,,,,5
Weber,29RY05:H,U.S. House,2,REP,Blake D. Moore,0
Weber,29RY05:H,U.S. House,2,REP,Karianne Lisonbee,0
Weber,29RY05:H,U.S. House,2,REP,Over Votes,0
Weber,29RY05:H,U.S. House,2,REP,Under Votes,0
Weber,29RY05:H1 Suppressed,Ballots Cast,,,,9
Weber,29RY05:H1 Suppressed,Ballots Cast,,DEM,,0
Weber,29RY05:H1 Suppressed,Ballots Cast,,REP,,9
Weber,29RY05:H1 Suppressed,Registered Voters,,,,15
Weber,29RY06,Ballots Cast,,,,120
Weber,29RY06,Ballots Cast,,DEM,,0
Weber,29RY06,Ballots Cast,,REP,,120
Weber,29RY06,County Commissioner Seat A,,REP,Duane D Kearsley,43
Weber,29RY06,County Commissioner Seat A,,REP,James Ebert,28
Weber,29RY06,County Commissioner Seat A,,REP,Katrina C. Gibson,31
Weber,29RY06,County Commissioner Seat A,,REP,Over Votes,0
Weber,29RY06,County Commissioner Seat A,,REP,Richard Hyer,17
Weber,29RY06,County Commissioner Seat A,,REP,Under Votes,1
Weber,29RY06,County Commissioner Seat B,,REP,Jon D. Beesley,74
Weber,29RY06,County Commissioner Seat B,,REP,Over Votes,0
Weber,29RY06,County Commissioner Seat B,,REP,Sharon Arrington Bolos,45
Weber,29RY06,County Commissioner Seat B,,REP,Under Votes,1
Weber,29RY06,Registered Voters,,,,393
Weber,29RY06,U.S. House,2,REP,Blake D. Moore,59
Weber,29RY06,U.S. House,2,REP,Karianne Lisonbee,61
Weber,29RY06,U.S. House,2,REP,Over Votes,0
Weber,29RY06,U.S. House,2,REP,Under Votes,0
Weber,29RY07,Ballots Cast,,,,126
Weber,29RY07,Ballots Cast,,DEM,,0
Weber,29RY07,Ballots Cast,,REP,,126
Weber,29RY07,County Commissioner Seat A,,REP,Duane D Kearsley,39
Weber,29RY07,County Commissioner Seat A,,REP,James Ebert,32
Weber,29RY07,County Commissioner Seat A,,REP,Katrina C. Gibson,32
Weber,29RY07,County Commissioner Seat A,,REP,Over Votes,3
Weber,29RY07,County Commissioner Seat A,,REP,Richard Hyer,15
Weber,29RY07,County Commissioner Seat A,,REP,Under Votes,5
Weber,29RY07,County Commissioner Seat B,,REP,Jon D. Beesley,68
Weber,29RY07,County Commissioner Seat B,,REP,Over Votes,0
Weber,29RY07,County Commissioner Seat B,,REP,Sharon Arrington Bolos,52
Weber,29RY07,County Commissioner Seat B,,REP,Under Votes,6
Weber,29RY07,Registered Voters,,,,303
Weber,29RY07,U.S. House,2,REP,Blake D. Moore,69
Weber,29RY07,U.S. House,2,REP,Karianne Lisonbee,57
Weber,29RY07,U.S. House,2,REP,Over Votes,0
Weber,29RY07,U.S. House,2,REP,Under Votes,0
Weber,29RY08,Ballots Cast,,,,158
Weber,29RY08,Ballots Cast,,DEM,,0
Weber,29RY08,Ballots Cast,,REP,,158
Weber,29RY08,County Commissioner Seat A,,REP,Duane D Kearsley,49
Weber,29RY08,County Commissioner Seat A,,REP,James Ebert,50
Weber,29RY08,County Commissioner Seat A,,REP,Katrina C. Gibson,36
Weber,29RY08,County Commissioner Seat A,,REP,Over Votes,0
Weber,29RY08,County Commissioner Seat A,,REP,Richard Hyer,19
Weber,29RY08,County Commissioner Seat A,,REP,Under Votes,4
Weber,29RY08,County Commissioner Seat B,,REP,Jon D. Beesley,83
Weber,29RY08,County Commissioner Seat B,,REP,Over Votes,0
Weber,29RY08,County Commissioner Seat B,,REP,Sharon Arrington Bolos,70
Weber,29RY08,County Commissioner Seat B,,REP,Under Votes,5
Weber,29RY08,Registered Voters,,,,412
Weber,29RY08,U.S. House,2,REP,Blake D. Moore,93
Weber,29RY08,U.S. House,2,REP,Karianne Lisonbee,62
Weber,29RY08,U.S. House,2,REP,Over Votes,1
Weber,29RY08,U.S. House,2,REP,Under Votes,2
Weber,29RY09,Ballots Cast,,,,176
Weber,29RY09,Ballots Cast,,DEM,,0
Weber,29RY09,Ballots Cast,,REP,,176
Weber,29RY09,County Commissioner Seat A,,REP,Duane D Kearsley,47
Weber,29RY09,County Commissioner Seat A,,REP,James Ebert,52
Weber,29RY09,County Commissioner Seat A,,REP,Katrina C. Gibson,56
Weber,29RY09,County Commissioner Seat A,,REP,Over Votes,0
Weber,29RY09,County Commissioner Seat A,,REP,Richard Hyer,19
Weber,29RY09,County Commissioner Seat A,,REP,Under Votes,2
Weber,29RY09,County Commissioner Seat B,,REP,Jon D. Beesley,98
Weber,29RY09,County Commissioner Seat B,,REP,Over Votes,0
Weber,29RY09,County Commissioner Seat B,,REP,Sharon Arrington Bolos,77
Weber,29RY09,County Commissioner Seat B,,REP,Under Votes,1
Weber,29RY09,Registered Voters,,,,529
Weber,29RY09,U.S. House,2,REP,Blake D. Moore,83
Weber,29RY09,U.S. House,2,REP,Karianne Lisonbee,93
Weber,29RY09,U.S. House,2,REP,Over Votes,0
Weber,29RY09,U.S. House,2,REP,Under Votes,0
Weber,29RY10,Ballots Cast,,,,104
Weber,29RY10,Ballots Cast,,DEM,,0
Weber,29RY10,Ballots Cast,,REP,,104
Weber,29RY10,County Commissioner Seat A,,REP,Duane D Kearsley,49
Weber,29RY10,County Commissioner Seat A,,REP,James Ebert,22
Weber,29RY10,County Commissioner Seat A,,REP,Katrina C. Gibson,17
Weber,29RY10,County Commissioner Seat A,,REP,Over Votes,0
Weber,29RY10,County Commissioner Seat A,,REP,Richard Hyer,16
Weber,29RY10,County Commissioner Seat A,,REP,Under Votes,0
Weber,29RY10,County Commissioner Seat B,,REP,Jon D. Beesley,83
Weber,29RY10,County Commissioner Seat B,,REP,Over Votes,0
Weber,29RY10,County Commissioner Seat B,,REP,Sharon Arrington Bolos,21
Weber,29RY10,County Commissioner Seat B,,REP,Under Votes,0
Weber,29RY10,Registered Voters,,,,272
Weber,29RY10,U.S. House,2,REP,Blake D. Moore,40
Weber,29RY10,U.S. House,2,REP,Karianne Lisonbee,64
Weber,29RY10,U.S. House,2,REP,Over Votes,0
Weber,29RY10,U.S. House,2,REP,Under Votes,0
Weber,29RY11,Ballots Cast,,,,166
Weber,29RY11,Ballots Cast,,DEM,,0
Weber,29RY11,Ballots Cast,,REP,,166
Weber,29RY11,County Commissioner Seat A,,REP,Duane D Kearsley,63
Weber,29RY11,County Commissioner Seat A,,REP,James Ebert,27
Weber,29RY11,County Commissioner Seat A,,REP,Katrina C. Gibson,44
Weber,29RY11,County Commissioner Seat A,,REP,Over Votes,0
Weber,29RY11,County Commissioner Seat A,,REP,Richard Hyer,27
Weber,29RY11,County Commissioner Seat A,,REP,Under Votes,5
Weber,29RY11,County Commissioner Seat B,,REP,Jon D. Beesley,113
Weber,29RY11,County Commissioner Seat B,,REP,Over Votes,0
Weber,29RY11,County Commissioner Seat B,,REP,Sharon Arrington Bolos,47
Weber,29RY11,County Commissioner Seat B,,REP,Under Votes,6
Weber,29RY11,Registered Voters,,,,524
Weber,29RY11,U.S. House,2,REP,Blake D. Moore,96
Weber,29RY11,U.S. House,2,REP,Karianne Lisonbee,69
Weber,29RY11,U.S. House,2,REP,Over Votes,0
Weber,29RY11,U.S. House,2,REP,Under Votes,1
Weber,29RY12,Ballots Cast,,,,100
Weber,29RY12,Ballots Cast,,DEM,,0
Weber,29RY12,Ballots Cast,,REP,,100
Weber,29RY12,County Commissioner Seat A,,REP,Duane D Kearsley,30
Weber,29RY12,County Commissioner Seat A,,REP,James Ebert,27
Weber,29RY12,County Commissioner Seat A,,REP,Katrina C. Gibson,25
Weber,29RY12,County Commissioner Seat A,,REP,Over Votes,1
Weber,29RY12,County Commissioner Seat A,,REP,Richard Hyer,15
Weber,29RY12,County Commissioner Seat A,,REP,Under Votes,2
Weber,29RY12,County Commissioner Seat B,,REP,Jon D. Beesley,67
Weber,29RY12,County Commissioner Seat B,,REP,Over Votes,0
Weber,29RY12,County Commissioner Seat B,,REP,Sharon Arrington Bolos,32
Weber,29RY12,County Commissioner Seat B,,REP,Under Votes,1
Weber,29RY12,Registered Voters,,,,318
Weber,29RY12,U.S. House,2,REP,Blake D. Moore,51
Weber,29RY12,U.S. House,2,REP,Karianne Lisonbee,45
Weber,29RY12,U.S. House,2,REP,Over Votes,0
Weber,29RY12,U.S. House,2,REP,Under Votes,4
Weber,29RY13,Ballots Cast,,,,89
Weber,29RY13,Ballots Cast,,DEM,,0
Weber,29RY13,Ballots Cast,,REP,,89
Weber,29RY13,County Commissioner Seat A,,REP,Duane D Kearsley,34
Weber,29RY13,County Commissioner Seat A,,REP,James Ebert,22
Weber,29RY13,County Commissioner Seat A,,REP,Katrina C. Gibson,18
Weber,29RY13,County Commissioner Seat A,,REP,Over Votes,0
Weber,29RY13,County Commissioner Seat A,,REP,Richard Hyer,8
Weber,29RY13,County Commissioner Seat A,,REP,Under Votes,7
Weber,29RY13,County Commissioner Seat B,,REP,Jon D. Beesley,52
Weber,29RY13,County Commissioner Seat B,,REP,Over Votes,0
Weber,29RY13,County Commissioner Seat B,,REP,Sharon Arrington Bolos,32
Weber,29RY13,County Commissioner Seat B,,REP,Under Votes,5
Weber,29RY13,Registered Voters,,,,279
Weber,29RY13,U.S. House,2,REP,Blake D. Moore,48
Weber,29RY13,U.S. House,2,REP,Karianne Lisonbee,41
Weber,29RY13,U.S. House,2,REP,Over Votes,0
Weber,29RY13,U.S. House,2,REP,Under Votes,0
Weber,29RY14,Ballots Cast,,,,50
Weber,29RY14,Ballots Cast,,DEM,,18
Weber,29RY14,Ballots Cast,,REP,,32
Weber,29RY14,County Commissioner Seat A,,REP,Duane D Kearsley,12
Weber,29RY14,County Commissioner Seat A,,REP,James Ebert,6
Weber,29RY14,County Commissioner Seat A,,REP,Katrina C. Gibson,9
Weber,29RY14,County Commissioner Seat A,,REP,Over Votes,0
Weber,29RY14,County Commissioner Seat A,,REP,Richard Hyer,2
Weber,29RY14,County Commissioner Seat A,,REP,Under Votes,3
Weber,29RY14,County Commissioner Seat B,,REP,Jon D. Beesley,10
Weber,29RY14,County Commissioner Seat B,,REP,Over Votes,0
Weber,29RY14,County Commissioner Seat B,,REP,Sharon Arrington Bolos,18
Weber,29RY14,County Commissioner Seat B,,REP,Under Votes,4
Weber,29RY14,Registered Voters,,,,188
Weber,29RY14,State Senate,5,DEM,Dakota Wurth,8
Weber,29RY14,State Senate,5,DEM,Over Votes,0
Weber,29RY14,State Senate,5,DEM,Under Votes,0
Weber,29RY14,U.S. House,2,REP,Blake D. Moore,19
Weber,29RY14,U.S. House,2,REP,Karianne Lisonbee,13
Weber,29RY14,U.S. House,2,REP,Over Votes,0
Weber,29RY14,U.S. House,2,REP,Under Votes,0
Weber,29RY15,Ballots Cast,,,,97
Weber,29RY15,Ballots Cast,,DEM,,0
Weber,29RY15,Ballots Cast,,REP,,97
Weber,29RY15,County Commissioner Seat A,,REP,Duane D Kearsley,47
Weber,29RY15,County Commissioner Seat A,,REP,James Ebert,17
Weber,29RY15,County Commissioner Seat A,,REP,Katrina C. Gibson,20
Weber,29RY15,County Commissioner Seat A,,REP,Over Votes,2
Weber,29RY15,County Commissioner Seat A,,REP,Richard Hyer,8
Weber,29RY15,County Commissioner Seat A,,REP,Under Votes,3
Weber,29RY15,County Commissioner Seat B,,REP,Jon D. Beesley,64
Weber,29RY15,County Commissioner Seat B,,REP,Over Votes,0
Weber,29RY15,County Commissioner Seat B,,REP,Sharon Arrington Bolos,32
Weber,29RY15,County Commissioner Seat B,,REP,Under Votes,1
Weber,29RY15,Registered Voters,,,,334
Weber,29RY15,U.S. House,2,REP,Blake D. Moore,40
Weber,29RY15,U.S. House,2,REP,Karianne Lisonbee,57
Weber,29RY15,U.S. House,2,REP,Over Votes,0
Weber,29RY15,U.S. House,2,REP,Under Votes,0
Weber,29RY16,Ballots Cast,,,,73
Weber,29RY16,Ballots Cast,,DEM,,0
Weber,29RY16,Ballots Cast,,REP,,73
Weber,29RY16,County Commissioner Seat A,,REP,Duane D Kearsley,36
Weber,29RY16,County Commissioner Seat A,,REP,James Ebert,22
Weber,29RY16,County Commissioner Seat A,,REP,Katrina C. Gibson,8
Weber,29RY16,County Commissioner Seat A,,REP,Over Votes,0
Weber,29RY16,County Commissioner Seat A,,REP,Richard Hyer,7
Weber,29RY16,County Commissioner Seat A,,REP,Under Votes,0
Weber,29RY16,County Commissioner Seat B,,REP,Jon D. Beesley,49
Weber,29RY16,County Commissioner Seat B,,REP,Over Votes,0
Weber,29RY16,County Commissioner Seat B,,REP,Sharon Arrington Bolos,24
Weber,29RY16,County Commissioner Seat B,,REP,Under Votes,0
Weber,29RY16,Registered Voters,,,,251
Weber,29RY16,U.S. House,2,REP,Blake D. Moore,36
Weber,29RY16,U.S. House,2,REP,Karianne Lisonbee,37
Weber,29RY16,U.S. House,2,REP,Over Votes,0
Weber,29RY16,U.S. House,2,REP,Under Votes,0
Weber,29RY17,Ballots Cast,,,,176
Weber,29RY17,Ballots Cast,,DEM,,0
Weber,29RY17,Ballots Cast,,REP,,176
Weber,29RY17,County Commissioner Seat A,,REP,Duane D Kearsley,64
Weber,29RY17,County Commissioner Seat A,,REP,James Ebert,38
Weber,29RY17,County Commissioner Seat A,,REP,Katrina C. Gibson,49
Weber,29RY17,County Commissioner Seat A,,REP,Over Votes,0
Weber,29RY17,County Commissioner Seat A,,REP,Richard Hyer,21
Weber,29RY17,County Commissioner Seat A,,REP,Under Votes,4
Weber,29RY17,County Commissioner Seat B,,REP,Jon D. Beesley,108
Weber,29RY17,County Commissioner Seat B,,REP,Over Votes,0
Weber,29RY17,County Commissioner Seat B,,REP,Sharon Arrington Bolos,64
Weber,29RY17,County Commissioner Seat B,,REP,Under Votes,4
Weber,29RY17,Registered Voters,,,,510
Weber,29RY17,U.S. House,2,REP,Blake D. Moore,92
Weber,29RY17,U.S. House,2,REP,Karianne Lisonbee,83
Weber,29RY17,U.S. House,2,REP,Over Votes,0
Weber,29RY17,U.S. House,2,REP,Under Votes,1
Weber,29RY18,Ballots Cast,,,,133
Weber,29RY18,Ballots Cast,,DEM,,0
Weber,29RY18,Ballots Cast,,REP,,133
Weber,29RY18,County Commissioner Seat A,,REP,Duane D Kearsley,40
Weber,29RY18,County Commissioner Seat A,,REP,James Ebert,33
Weber,29RY18,County Commissioner Seat A,,REP,Katrina C. Gibson,41
Weber,29RY18,County Commissioner Seat A,,REP,Over Votes,2
Weber,29RY18,County Commissioner Seat A,,REP,Richard Hyer,15
Weber,29RY18,County Commissioner Seat A,,REP,Under Votes,2
Weber,29RY18,County Commissioner Seat B,,REP,Jon D. Beesley,64
Weber,29RY18,County Commissioner Seat B,,REP,Over Votes,0
Weber,29RY18,County Commissioner Seat B,,REP,Sharon Arrington Bolos,67
Weber,29RY18,County Commissioner Seat B,,REP,Under Votes,2
Weber,29RY18,Registered Voters,,,,404
Weber,29RY18,U.S. House,2,REP,Blake D. Moore,65
Weber,29RY18,U.S. House,2,REP,Karianne Lisonbee,68
Weber,29RY18,U.S. House,2,REP,Over Votes,0
Weber,29RY18,U.S. House,2,REP,Under Votes,0
Weber,29RY19,Ballots Cast,,,,99
Weber,29RY19,Ballots Cast,,DEM,,0
Weber,29RY19,Ballots Cast,,REP,,99
Weber,29RY19,County Commissioner Seat A,,REP,Duane D Kearsley,39
Weber,29RY19,County Commissioner Seat A,,REP,James Ebert,15
Weber,29RY19,County Commissioner Seat A,,REP,Katrina C. Gibson,25
Weber,29RY19,County Commissioner Seat A,,REP,Over Votes,0
Weber,29RY19,County Commissioner Seat A,,REP,Richard Hyer,18
Weber,29RY19,County Commissioner Seat A,,REP,Under Votes,2
Weber,29RY19,County Commissioner Seat B,,REP,Jon D. Beesley,51
Weber,29RY19,County Commissioner Seat B,,REP,Over Votes,0
Weber,29RY19,County Commissioner Seat B,,REP,Sharon Arrington Bolos,46
Weber,29RY19,County Commissioner Seat B,,REP,Under Votes,2
Weber,29RY19,Registered Voters,,,,436
Weber,29RY19,U.S. House,2,REP,Blake D. Moore,51
Weber,29RY19,U.S. House,2,REP,Karianne Lisonbee,48
Weber,29RY19,U.S. House,2,REP,Over Votes,0
Weber,29RY19,U.S. House,2,REP,Under Votes,0
Weber,29RY20,Ballots Cast,,,,157
Weber,29RY20,Ballots Cast,,DEM,,0
Weber,29RY20,Ballots Cast,,REP,,157
Weber,29RY20,County Commissioner Seat A,,REP,Duane D Kearsley,28
Weber,29RY20,County Commissioner Seat A,,REP,James Ebert,64
Weber,29RY20,County Commissioner Seat A,,REP,Katrina C. Gibson,36
Weber,29RY20,County Commissioner Seat A,,REP,Over Votes,2
Weber,29RY20,County Commissioner Seat A,,REP,Richard Hyer,22
Weber,29RY20,County Commissioner Seat A,,REP,Under Votes,5
Weber,29RY20,County Commissioner Seat B,,REP,Jon D. Beesley,88
Weber,29RY20,County Commissioner Seat B,,REP,Over Votes,0
Weber,29RY20,County Commissioner Seat B,,REP,Sharon Arrington Bolos,65
Weber,29RY20,County Commissioner Seat B,,REP,Under Votes,4
Weber,29RY20,Registered Voters,,,,485
Weber,29RY20,U.S. House,2,REP,Blake D. Moore,84
Weber,29RY20,U.S. House,2,REP,Karianne Lisonbee,70
Weber,29RY20,U.S. House,2,REP,Over Votes,0
Weber,29RY20,U.S. House,2,REP,Under Votes,3
Weber,29RY21,Ballots Cast,,,,113
Weber,29RY21,Ballots Cast,,DEM,,0
Weber,29RY21,Ballots Cast,,REP,,113
Weber,29RY21,County Commissioner Seat A,,REP,Duane D Kearsley,34
Weber,29RY21,County Commissioner Seat A,,REP,James Ebert,27
Weber,29RY21,County Commissioner Seat A,,REP,Katrina C. Gibson,37
Weber,29RY21,County Commissioner Seat A,,REP,Over Votes,0
Weber,29RY21,County Commissioner Seat A,,REP,Richard Hyer,13
Weber,29RY21,County Commissioner Seat A,,REP,Under Votes,2
Weber,29RY21,County Commissioner Seat B,,REP,Jon D. Beesley,66
Weber,29RY21,County Commissioner Seat B,,REP,Over Votes,0
Weber,29RY21,County Commissioner Seat B,,REP,Sharon Arrington Bolos,45
Weber,29RY21,County Commissioner Seat B,,REP,Under Votes,2
Weber,29RY21,Registered Voters,,,,371
Weber,29RY21,U.S. House,2,REP,Blake D. Moore,59
Weber,29RY21,U.S. House,2,REP,Karianne Lisonbee,54
Weber,29RY21,U.S. House,2,REP,Over Votes,0
Weber,29RY21,U.S. House,2,REP,Under Votes,0
Weber,29RY22,Ballots Cast,,,,64
Weber,29RY22,Ballots Cast,,DEM,,0
Weber,29RY22,Ballots Cast,,REP,,64
Weber,29RY22,County Commissioner Seat A,,REP,Duane D Kearsley,20
Weber,29RY22,County Commissioner Seat A,,REP,James Ebert,15
Weber,29RY22,County Commissioner Seat A,,REP,Katrina C. Gibson,21
Weber,29RY22,County Commissioner Seat A,,REP,Over Votes,0
Weber,29RY22,County Commissioner Seat A,,REP,Richard Hyer,7
Weber,29RY22,County Commissioner Seat A,,REP,Under Votes,1
Weber,29RY22,County Commissioner Seat B,,REP,Jon D. Beesley,39
Weber,29RY22,County Commissioner Seat B,,REP,Over Votes,0
Weber,29RY22,County Commissioner Seat B,,REP,Sharon Arrington Bolos,24
Weber,29RY22,County Commissioner Seat B,,REP,Under Votes,1
Weber,29RY22,Registered Voters,,,,240
Weber,29RY22,U.S. House,2,REP,Blake D. Moore,35
Weber,29RY22,U.S. House,2,REP,Karianne Lisonbee,29
Weber,29RY22,U.S. House,2,REP,Over Votes,0
Weber,29RY22,U.S. House,2,REP,Under Votes,0
Weber,29RY23,Ballots Cast,,,,161
Weber,29RY23,Ballots Cast,,DEM,,0
Weber,29RY23,Ballots Cast,,REP,,161
Weber,29RY23,County Commissioner Seat A,,REP,Duane D Kearsley,58
Weber,29RY23,County Commissioner Seat A,,REP,James Ebert,47
Weber,29RY23,County Commissioner Seat A,,REP,Katrina C. Gibson,35
Weber,29RY23,County Commissioner Seat A,,REP,Over Votes,0
Weber,29RY23,County Commissioner Seat A,,REP,Richard Hyer,17
Weber,29RY23,County Commissioner Seat A,,REP,Under Votes,4
Weber,29RY23,County Commissioner Seat B,,REP,Jon D. Beesley,103
Weber,29RY23,County Commissioner Seat B,,REP,Over Votes,0
Weber,29RY23,County Commissioner Seat B,,REP,Sharon Arrington Bolos,55
Weber,29RY23,County Commissioner Seat B,,REP,Under Votes,3
Weber,29RY23,Registered Voters,,,,392
Weber,29RY23,U.S. House,2,REP,Blake D. Moore,80
Weber,29RY23,U.S. House,2,REP,Karianne Lisonbee,80
Weber,29RY23,U.S. House,2,REP,Over Votes,0
Weber,29RY23,U.S. House,2,REP,Under Votes,1
Weber,29SO01,Ballots Cast,,,,171
Weber,29SO01,Ballots Cast,,DEM,,84
Weber,29SO01,Ballots Cast,,REP,,87
Weber,29SO01,County Commissioner Seat A,,REP,Duane D Kearsley,34
Weber,29SO01,County Commissioner Seat A,,REP,James Ebert,15
Weber,29SO01,County Commissioner Seat A,,REP,Katrina C. Gibson,19
Weber,29SO01,County Commissioner Seat A,,REP,Over Votes,0
Weber,29SO01,County Commissioner Seat A,,REP,Richard Hyer,13
Weber,29SO01,County Commissioner Seat A,,REP,Under Votes,6
Weber,29SO01,County Commissioner Seat B,,REP,Jon D. Beesley,42
Weber,29SO01,County Commissioner Seat B,,REP,Over Votes,0
Weber,29SO01,County Commissioner Seat B,,REP,Sharon Arrington Bolos,40
Weber,29SO01,County Commissioner Seat B,,REP,Under Votes,5
Weber,29SO01,Registered Voters,,,,567
Weber,29SO01,State Senate,5,DEM,Dakota Wurth,42
Weber,29SO01,State Senate,5,DEM,Over Votes,0
Weber,29SO01,State Senate,5,DEM,Under Votes,0
Weber,29SO01,U.S. House,2,REP,Blake D. Moore,43
Weber,29SO01,U.S. House,2,REP,Karianne Lisonbee,40
Weber,29SO01,U.S. House,2,REP,Over Votes,0
Weber,29SO01,U.S. House,2,REP,Under Votes,4
Weber,29SO02,Ballots Cast,,,,171
Weber,29SO02,Ballots Cast,,DEM,,59
Weber,29SO02,Ballots Cast,,REP,,112
Weber,29SO02,County Commissioner Seat A,,REP,Duane D Kearsley,29
Weber,29SO02,County Commissioner Seat A,,REP,James Ebert,30
Weber,29SO02,County Commissioner Seat A,,REP,Katrina C. Gibson,32
Weber,29SO02,County Commissioner Seat A,,REP,Over Votes,1
Weber,29SO02,County Commissioner Seat A,,REP,Richard Hyer,17
Weber,29SO02,County Commissioner Seat A,,REP,Under Votes,3
Weber,29SO02,County Commissioner Seat B,,REP,Jon D. Beesley,54
Weber,29SO02,County Commissioner Seat B,,REP,Over Votes,0
Weber,29SO02,County Commissioner Seat B,,REP,Sharon Arrington Bolos,56
Weber,29SO02,County Commissioner Seat B,,REP,Under Votes,2
Weber,29SO02,Registered Voters,,,,470
Weber,29SO02,State Senate,5,DEM,Dakota Wurth,32
Weber,29SO02,State Senate,5,DEM,Over Votes,0
Weber,29SO02,State Senate,5,DEM,Under Votes,0
Weber,29SO02,U.S. House,2,REP,Blake D. Moore,64
Weber,29SO02,U.S. House,2,REP,Karianne Lisonbee,48
Weber,29SO02,U.S. House,2,REP,Over Votes,0
Weber,29SO02,U.S. House,2,REP,Under Votes,0
Weber,29SO03,Ballots Cast,,,,191
Weber,29SO03,Ballots Cast,,DEM,,64
Weber,29SO03,Ballots Cast,,REP,,127
Weber,29SO03,County Commissioner Seat A,,REP,Duane D Kearsley,20
Weber,29SO03,County Commissioner Seat A,,REP,James Ebert,47
Weber,29SO03,County Commissioner Seat A,,REP,Katrina C. Gibson,23
Weber,29SO03,County Commissioner Seat A,,REP,Over Votes,1
Weber,29SO03,County Commissioner Seat A,,REP,Richard Hyer,35
Weber,29SO03,County Commissioner Seat A,,REP,Under Votes,1
Weber,29SO03,County Commissioner Seat B,,REP,Jon D. Beesley,64
Weber,29SO03,County Commissioner Seat B,,REP,Over Votes,0
Weber,29SO03,County Commissioner Seat B,,REP,Sharon Arrington Bolos,61
Weber,29SO03,County Commissioner Seat B,,REP,Under Votes,2
Weber,29SO03,Registered Voters,,,,428
Weber,29SO03,State Senate,5,DEM,Dakota Wurth,24
Weber,29SO03,State Senate,5,DEM,Over Votes,0
Weber,29SO03,State Senate,5,DEM,Under Votes,0
Weber,29SO03,U.S. House,2,REP,Blake D. Moore,93
Weber,29SO03,U.S. House,2,REP,Karianne Lisonbee,32
Weber,29SO03,U.S. House,2,REP,Over Votes,0
Weber,29SO03,U.S. House,2,REP,Under Votes,2
Weber,29SO04,Ballots Cast,,,,209
Weber,29SO04,Ballots Cast,,DEM,,81
Weber,29SO04,Ballots Cast,,REP,,128
Weber,29SO04,County Commissioner Seat A,,REP,Duane D Kearsley,27
Weber,29SO04,County Commissioner Seat A,,REP,James Ebert,43
Weber,29SO04,County Commissioner Seat A,,REP,Katrina C. Gibson,38
Weber,29SO04,County Commissioner Seat A,,REP,Over Votes,0
Weber,29SO04,County Commissioner Seat A,,REP,Richard Hyer,19
Weber,29SO04,County Commissioner Seat A,,REP,Under Votes,1
Weber,29SO04,County Commissioner Seat B,,REP,Jon D. Beesley,71
Weber,29SO04,County Commissioner Seat B,,REP,Over Votes,0
Weber,29SO04,County Commissioner Seat B,,REP,Sharon Arrington Bolos,55
Weber,29SO04,County Commissioner Seat B,,REP,Under Votes,2
Weber,29SO04,Registered Voters,,,,469
Weber,29SO04,State Senate,5,DEM,Dakota Wurth,39
Weber,29SO04,State Senate,5,DEM,Over Votes,0
Weber,29SO04,State Senate,5,DEM,Under Votes,0
Weber,29SO04,U.S. House,2,REP,Blake D. Moore,60
Weber,29SO04,U.S. House,2,REP,Karianne Lisonbee,68
Weber,29SO04,U.S. House,2,REP,Over Votes,0
Weber,29SO04,U.S. House,2,REP,Under Votes,0
Weber,29SO05,Ballots Cast,,,,257
Weber,29SO05,Ballots Cast,,DEM,,74
Weber,29SO05,Ballots Cast,,REP,,183
Weber,29SO05,County Commissioner Seat A,,REP,Duane D Kearsley,43
Weber,29SO05,County Commissioner Seat A,,REP,James Ebert,37
Weber,29SO05,County Commissioner Seat A,,REP,Katrina C. Gibson,56
Weber,29SO05,County Commissioner Seat A,,REP,Over Votes,1
Weber,29SO05,County Commissioner Seat A,,REP,Richard Hyer,41
Weber,29SO05,County Commissioner Seat A,,REP,Under Votes,5
Weber,29SO05,County Commissioner Seat B,,REP,Jon D. Beesley,89
Weber,29SO05,County Commissioner Seat B,,REP,Over Votes,1
Weber,29SO05,County Commissioner Seat B,,REP,Sharon Arrington Bolos,87
Weber,29SO05,County Commissioner Seat B,,REP,Under Votes,6
Weber,29SO05,Registered Voters,,,,608
Weber,29SO05,State Senate,5,DEM,Dakota Wurth,35
Weber,29SO05,State Senate,5,DEM,Over Votes,0
Weber,29SO05,State Senate,5,DEM,Under Votes,0
Weber,29SO05,U.S. House,2,REP,Blake D. Moore,114
Weber,29SO05,U.S. House,2,REP,Karianne Lisonbee,67
Weber,29SO05,U.S. House,2,REP,Over Votes,0
Weber,29SO05,U.S. House,2,REP,Under Votes,2
Weber,29SO06,Ballots Cast,,,,308
Weber,29SO06,Ballots Cast,,DEM,,94
Weber,29SO06,Ballots Cast,,REP,,214
Weber,29SO06,County Commissioner Seat A,,REP,Duane D Kearsley,37
Weber,29SO06,County Commissioner Seat A,,REP,James Ebert,78
Weber,29SO06,County Commissioner Seat A,,REP,Katrina C. Gibson,59
Weber,29SO06,County Commissioner Seat A,,REP,Over Votes,1
Weber,29SO06,County Commissioner Seat A,,REP,Richard Hyer,33
Weber,29SO06,County Commissioner Seat A,,REP,Under Votes,6
Weber,29SO06,County Commissioner Seat B,,REP,Jon D. Beesley,98
Weber,29SO06,County Commissioner Seat B,,REP,Over Votes,0
Weber,29SO06,County Commissioner Seat B,,REP,Sharon Arrington Bolos,109
Weber,29SO06,County Commissioner Seat B,,REP,Under Votes,7
Weber,29SO06,Registered Voters,,,,629
Weber,29SO06,State Senate,5,DEM,Dakota Wurth,33
Weber,29SO06,State Senate,5,DEM,Over Votes,0
Weber,29SO06,State Senate,5,DEM,Under Votes,1
Weber,29SO06,U.S. House,2,REP,Blake D. Moore,138
Weber,29SO06,U.S. House,2,REP,Karianne Lisonbee,76
Weber,29SO06,U.S. House,2,REP,Over Votes,0
Weber,29SO06,U.S. House,2,REP,Under Votes,0
Weber,29SO07,Ballots Cast,,,,283
Weber,29SO07,Ballots Cast,,DEM,,110
Weber,29SO07,Ballots Cast,,REP,,173
Weber,29SO07,County Commissioner Seat A,,REP,Duane D Kearsley,33
Weber,29SO07,County Commissioner Seat A,,REP,James Ebert,46
Weber,29SO07,County Commissioner Seat A,,REP,Katrina C. Gibson,62
Weber,29SO07,County Commissioner Seat A,,REP,Over Votes,0
Weber,29SO07,County Commissioner Seat A,,REP,Richard Hyer,25
Weber,29SO07,County Commissioner Seat A,,REP,Under Votes,7
Weber,29SO07,County Commissioner Seat B,,REP,Jon D. Beesley,76
Weber,29SO07,County Commissioner Seat B,,REP,Over Votes,0
Weber,29SO07,County Commissioner Seat B,,REP,Sharon Arrington Bolos,91
Weber,29SO07,County Commissioner Seat B,,REP,Under Votes,6
Weber,29SO07,Registered Voters,,,,590
Weber,29SO07,State Senate,5,DEM,Dakota Wurth,48
Weber,29SO07,State Senate,5,DEM,Over Votes,1
Weber,29SO07,State Senate,5,DEM,Under Votes,0
Weber,29SO07,U.S. House,2,REP,Blake D. Moore,98
Weber,29SO07,U.S. House,2,REP,Karianne Lisonbee,74
Weber,29SO07,U.S. House,2,REP,Over Votes,0
Weber,29SO07,U.S. House,2,REP,Under Votes,1
Weber,29SO08,Ballots Cast,,,,139
Weber,29SO08,Ballots Cast,,DEM,,69
Weber,29SO08,Ballots Cast,,REP,,70
Weber,29SO08,County Commissioner Seat A,,REP,Duane D Kearsley,18
Weber,29SO08,County Commissioner Seat A,,REP,James Ebert,14
Weber,29SO08,County Commissioner Seat A,,REP,Katrina C. Gibson,27
Weber,29SO08,County Commissioner Seat A,,REP,Over Votes,1
Weber,29SO08,County Commissioner Seat A,,REP,Richard Hyer,9
Weber,29SO08,County Commissioner Seat A,,REP,Under Votes,1
Weber,29SO08,County Commissioner Seat B,,REP,Jon D. Beesley,39
Weber,29SO08,County Commissioner Seat B,,REP,Over Votes,0
Weber,29SO08,County Commissioner Seat B,,REP,Sharon Arrington Bolos,30
Weber,29SO08,County Commissioner Seat B,,REP,Under Votes,1
Weber,29SO08,Registered Voters,,,,392
Weber,29SO08,State Senate,5,DEM,Dakota Wurth,32
Weber,29SO08,State Senate,5,DEM,Over Votes,0
Weber,29SO08,State Senate,5,DEM,Under Votes,1
Weber,29SO08,U.S. House,2,REP,Blake D. Moore,37
Weber,29SO08,U.S. House,2,REP,Karianne Lisonbee,33
Weber,29SO08,U.S. House,2,REP,Over Votes,0
Weber,29SO08,U.S. House,2,REP,Under Votes,0
Weber,29SO09,Ballots Cast,,,,278
Weber,29SO09,Ballots Cast,,DEM,,66
Weber,29SO09,Ballots Cast,,REP,,212
Weber,29SO09,County Commissioner Seat A,,REP,Duane D Kearsley,37
Weber,29SO09,County Commissioner Seat A,,REP,James Ebert,63
Weber,29SO09,County Commissioner Seat A,,REP,Katrina C. Gibson,59
Weber,29SO09,County Commissioner Seat A,,REP,Over Votes,1
Weber,29SO09,County Commissioner Seat A,,REP,Richard Hyer,42
Weber,29SO09,County Commissioner Seat A,,REP,Under Votes,10
Weber,29SO09,County Commissioner Seat B,,REP,Jon D. Beesley,71
Weber,29SO09,County Commissioner Seat B,,REP,Over Votes,0
Weber,29SO09,County Commissioner Seat B,,REP,Sharon Arrington Bolos,133
Weber,29SO09,County Commissioner Seat B,,REP,Under Votes,8
Weber,29SO09,Registered Voters,,,,597
Weber,29SO09,State Senate,5,DEM,Dakota Wurth,16
Weber,29SO09,State Senate,5,DEM,Over Votes,0
Weber,29SO09,State Senate,5,DEM,Under Votes,1
Weber,29SO09,U.S. House,2,REP,Blake D. Moore,138
Weber,29SO09,U.S. House,2,REP,Karianne Lisonbee,71
Weber,29SO09,U.S. House,2,REP,Over Votes,0
Weber,29SO09,U.S. House,2,REP,Under Votes,3
Weber,29SO10,Ballots Cast,,,,218
Weber,29SO10,Ballots Cast,,DEM,,72
Weber,29SO10,Ballots Cast,,REP,,146
Weber,29SO10,County Commissioner Seat A,,REP,Duane D Kearsley,27
Weber,29SO10,County Commissioner Seat A,,REP,James Ebert,47
Weber,29SO10,County Commissioner Seat A,,REP,Katrina C. Gibson,44
Weber,29SO10,County Commissioner Seat A,,REP,Over Votes,0
Weber,29SO10,County Commissioner Seat A,,REP,Richard Hyer,22
Weber,29SO10,County Commissioner Seat A,,REP,Under Votes,6
Weber,29SO10,County Commissioner Seat B,,REP,Jon D. Beesley,67
Weber,29SO10,County Commissioner Seat B,,REP,Over Votes,0
Weber,29SO10,County Commissioner Seat B,,REP,Sharon Arrington Bolos,74
Weber,29SO10,County Commissioner Seat B,,REP,Under Votes,5
Weber,29SO10,Registered Voters,,,,598
Weber,29SO10,State Senate,5,DEM,Dakota Wurth,34
Weber,29SO10,State Senate,5,DEM,Over Votes,0
Weber,29SO10,State Senate,5,DEM,Under Votes,1
Weber,29SO10,U.S. House,2,REP,Blake D. Moore,101
Weber,29SO10,U.S. House,2,REP,Karianne Lisonbee,44
Weber,29SO10,U.S. House,2,REP,Over Votes,0
Weber,29SO10,U.S. House,2,REP,Under Votes,1
Weber,29SO11,Ballots Cast,,,,55
Weber,29SO11,Ballots Cast,,DEM,,20
Weber,29SO11,Ballots Cast,,REP,,35
Weber,29SO11,County Commissioner Seat A,,REP,Duane D Kearsley,6
Weber,29SO11,County Commissioner Seat A,,REP,James Ebert,12
Weber,29SO11,County Commissioner Seat A,,REP,Katrina C. Gibson,12
Weber,29SO11,County Commissioner Seat A,,REP,Over Votes,0
Weber,29SO11,County Commissioner Seat A,,REP,Richard Hyer,4
Weber,29SO11,County Commissioner Seat A,,REP,Under Votes,1
Weber,29SO11,County Commissioner Seat B,,REP,Jon D. Beesley,14
Weber,29SO11,County Commissioner Seat B,,REP,Over Votes,0
Weber,29SO11,County Commissioner Seat B,,REP,Sharon Arrington Bolos,20
Weber,29SO11,County Commissioner Seat B,,REP,Under Votes,1
Weber,29SO11,Registered Voters,,,,185
Weber,29SO11,State Senate,5,DEM,Dakota Wurth,8
Weber,29SO11,State Senate,5,DEM,Over Votes,0
Weber,29SO11,State Senate,5,DEM,Under Votes,0
Weber,29SO11,U.S. House,2,REP,Blake D. Moore,24
Weber,29SO11,U.S. House,2,REP,Karianne Lisonbee,10
Weber,29SO11,U.S. House,2,REP,Over Votes,0
Weber,29SO11,U.S. House,2,REP,Under Votes,1
Weber,29UI01,Ballots Cast,,,,201
Weber,29UI01,Ballots Cast,,DEM,,27
Weber,29UI01,Ballots Cast,,REP,,174
Weber,29UI01,County Commissioner Seat A,,REP,Duane D Kearsley,32
Weber,29UI01,County Commissioner Seat A,,REP,James Ebert,44
Weber,29UI01,County Commissioner Seat A,,REP,Katrina C. Gibson,47
Weber,29UI01,County Commissioner Seat A,,REP,Over Votes,2
Weber,29UI01,County Commissioner Seat A,,REP,Richard Hyer,47
Weber,29UI01,County Commissioner Seat A,,REP,Under Votes,2
Weber,29UI01,County Commissioner Seat B,,REP,Jon D. Beesley,87
Weber,29UI01,County Commissioner Seat B,,REP,Over Votes,0
Weber,29UI01,County Commissioner Seat B,,REP,Sharon Arrington Bolos,85
Weber,29UI01,County Commissioner Seat B,,REP,Under Votes,2
Weber,29UI01,Registered Voters,,,,519
Weber,29UI01,State Senate,5,DEM,Dakota Wurth,9
Weber,29UI01,State Senate,5,DEM,Over Votes,0
Weber,29UI01,State Senate,5,DEM,Under Votes,0
Weber,29UI01,U.S. House,2,REP,Blake D. Moore,90
Weber,29UI01,U.S. House,2,REP,Karianne Lisonbee,84
Weber,29UI01,U.S. House,2,REP,Over Votes,0
Weber,29UI01,U.S. House,2,REP,Under Votes,0
Weber,29UI02 Suppressed,Ballots Cast,,,,4
Weber,29UI02 Suppressed,Ballots Cast,,DEM,,3
Weber,29UI02 Suppressed,Ballots Cast,,REP,,1
Weber,29UI02 Suppressed,Registered Voters,,,,18
Weber,29WH01,Ballots Cast,,,,128
Weber,29WH01,Ballots Cast,,DEM,,0
Weber,29WH01,Ballots Cast,,REP,,128
Weber,29WH01,County Commissioner Seat A,,REP,Duane D Kearsley,48
Weber,29WH01,County Commissioner Seat A,,REP,James Ebert,37
Weber,29WH01,County Commissioner Seat A,,REP,Katrina C. Gibson,29
Weber,29WH01,County Commissioner Seat A,,REP,Over Votes,0
Weber,29WH01,County Commissioner Seat A,,REP,Richard Hyer,10
Weber,29WH01,County Commissioner Seat A,,REP,Under Votes,4
Weber,29WH01,County Commissioner Seat B,,REP,Jon D. Beesley,72
Weber,29WH01,County Commissioner Seat B,,REP,Over Votes,0
Weber,29WH01,County Commissioner Seat B,,REP,Sharon Arrington Bolos,54
Weber,29WH01,County Commissioner Seat B,,REP,Under Votes,2
Weber,29WH01,Registered Voters,,,,765
Weber,29WH01,U.S. House,2,REP,Blake D. Moore,73
Weber,29WH01,U.S. House,2,REP,Karianne Lisonbee,54
Weber,29WH01,U.S. House,2,REP,Over Votes,0
Weber,29WH01,U.S. House,2,REP,Under Votes,1
Weber,29WH02 Suppressed,Ballots Cast,,,,10
Weber,29WH02 Suppressed,Ballots Cast,,DEM,,0
Weber,29WH02 Suppressed,Ballots Cast,,REP,,10
Weber,29WH02 Suppressed,Registered Voters,,,,93
Weber,29WH03,Ballots Cast,,,,96
Weber,29WH03,Ballots Cast,,DEM,,0
Weber,29WH03,Ballots Cast,,REP,,96
Weber,29WH03,County Commissioner Seat A,,REP,Duane D Kearsley,50
Weber,29WH03,County Commissioner Seat A,,REP,James Ebert,24
Weber,29WH03,County Commissioner Seat A,,REP,Katrina C. Gibson,11
Weber,29WH03,County Commissioner Seat A,,REP,Over Votes,0
Weber,29WH03,County Commissioner Seat A,,REP,Richard Hyer,9
Weber,29WH03,County Commissioner Seat A,,REP,Under Votes,2
Weber,29WH03,County Commissioner Seat B,,REP,Jon D. Beesley,70
Weber,29WH03,County Commissioner Seat B,,REP,Over Votes,0
Weber,29WH03,County Commissioner Seat B,,REP,Sharon Arrington Bolos,26
Weber,29WH03,County Commissioner Seat B,,REP,Under Votes,0
Weber,29WH03,Registered Voters,,,,260
Weber,29WH03,U.S. House,2,REP,Blake D. Moore,54
Weber,29WH03,U.S. House,2,REP,Karianne Lisonbee,42
Weber,29WH03,U.S. House,2,REP,Over Votes,0
Weber,29WH03,U.S. House,2,REP,Under Votes,0
Weber,29WH04,Ballots Cast,,,,63
Weber,29WH04,Ballots Cast,,DEM,,0
Weber,29WH04,Ballots Cast,,REP,,63
Weber,29WH04,County Commissioner Seat A,,REP,Duane D Kearsley,24
Weber,29WH04,County Commissioner Seat A,,REP,James Ebert,13
Weber,29WH04,County Commissioner Seat A,,REP,Katrina C. Gibson,14
Weber,29WH04,County Commissioner Seat A,,REP,Over Votes,0
Weber,29WH04,County Commissioner Seat A,,REP,Richard Hyer,11
Weber,29WH04,County Commissioner Seat A,,REP,Under Votes,1
Weber,29WH04,County Commissioner Seat B,,REP,Jon D. Beesley,57
Weber,29WH04,County Commissioner Seat B,,REP,Over Votes,0
Weber,29WH04,County Commissioner Seat B,,REP,Sharon Arrington Bolos,6
Weber,29WH04,County Commissioner Seat B,,REP,Under Votes,0
Weber,29WH04,Registered Voters,,,,150
Weber,29WH04,U.S. House,2,REP,Blake D. Moore,39
Weber,29WH04,U.S. House,2,REP,Karianne Lisonbee,23
Weber,29WH04,U.S. House,2,REP,Over Votes,1
Weber,29WH04,U.S. House,2,REP,Under Votes,0
Weber,29WH05,Ballots Cast,,,,158
Weber,29WH05,Ballots Cast,,DEM,,0
Weber,29WH05,Ballots Cast,,REP,,158
Weber,29WH05,County Commissioner Seat A,,REP,Duane D Kearsley,59
Weber,29WH05,County Commissioner Seat A,,REP,James Ebert,24
Weber,29WH05,County Commissioner Seat A,,REP,Katrina C. Gibson,53
Weber,29WH05,County Commissioner Seat A,,REP,Over Votes,0
Weber,29WH05,County Commissioner Seat A,,REP,Richard Hyer,14
Weber,29WH05,County Commissioner Seat A,,REP,Under Votes,8
Weber,29WH05,County Commissioner Seat B,,REP,Jon D. Beesley,104
Weber,29WH05,County Commissioner Seat B,,REP,Over Votes,0
Weber,29WH05,County Commissioner Seat B,,REP,Sharon Arrington Bolos,50
Weber,29WH05,County Commissioner Seat B,,REP,Under Votes,4
Weber,29WH05,Registered Voters,,,,451
Weber,29WH05,U.S. House,2,REP,Blake D. Moore,80
Weber,29WH05,U.S. House,2,REP,Karianne Lisonbee,74
Weber,29WH05,U.S. House,2,REP,Over Votes,0
Weber,29WH05,U.S. House,2,REP,Under Votes,4
Weber,29WH05:X,Ballots Cast,,,,0
Weber,29WH05:X,Ballots Cast,,DEM,,0
Weber,29WH05:X,Ballots Cast,,REP,,0
Weber,29WH05:X,County Commissioner Seat A,,REP,Duane D Kearsley,0
Weber,29WH05:X,County Commissioner Seat A,,REP,James Ebert,0
Weber,29WH05:X,County Commissioner Seat A,,REP,Katrina C. Gibson,0
Weber,29WH05:X,County Commissioner Seat A,,REP,Over Votes,0
Weber,29WH05:X,County Commissioner Seat A,,REP,Richard Hyer,0
Weber,29WH05:X,County Commissioner Seat A,,REP,Under Votes,0
Weber,29WH05:X,County Commissioner Seat B,,REP,Jon D. Beesley,0
Weber,29WH05:X,County Commissioner Seat B,,REP,Over Votes,0
Weber,29WH05:X,County Commissioner Seat B,,REP,Sharon Arrington Bolos,0
Weber,29WH05:X,County Commissioner Seat B,,REP,Under Votes,0
Weber,29WH05:X,Registered Voters,,,,2
Weber,29WH05:X,U.S. House,2,REP,Blake D. Moore,0
Weber,29WH05:X,U.S. House,2,REP,Karianne Lisonbee,0
Weber,29WH05:X,U.S. House,2,REP,Over Votes,0
Weber,29WH05:X,U.S. House,2,REP,Under Votes,0
Weber,29WH06,Ballots Cast,,,,200
Weber,29WH06,Ballots Cast,,DEM,,0
Weber,29WH06,Ballots Cast,,REP,,200
Weber,29WH06,County Commissioner Seat A,,REP,Duane D Kearsley,75
Weber,29WH06,County Commissioner Seat A,,REP,James Ebert,42
Weber,29WH06,County Commissioner Seat A,,REP,Katrina C. Gibson,43
Weber,29WH06,County Commissioner Seat A,,REP,Over Votes,0
Weber,29WH06,County Commissioner Seat A,,REP,Richard Hyer,37
Weber,29WH06,County Commissioner Seat A,,REP,Under Votes,3
Weber,29WH06,County Commissioner Seat B,,REP,Jon D. Beesley,135
Weber,29WH06,County Commissioner Seat B,,REP,Over Votes,0
Weber,29WH06,County Commissioner Seat B,,REP,Sharon Arrington Bolos,64
Weber,29WH06,County Commissioner Seat B,,REP,Under Votes,1
Weber,29WH06,Registered Voters,,,,617
Weber,29WH06,U.S. House,2,REP,Blake D. Moore,98
Weber,29WH06,U.S. House,2,REP,Karianne Lisonbee,97
Weber,29WH06,U.S. House,2,REP,Over Votes,0
Weber,29WH06,U.S. House,2,REP,Under Votes,5
Weber,29WH07,Ballots Cast,,,,145
Weber,29WH07,Ballots Cast,,DEM,,0
Weber,29WH07,Ballots Cast,,REP,,145
Weber,29WH07,County Commissioner Seat A,,REP,Duane D Kearsley,48
Weber,29WH07,County Commissioner Seat A,,REP,James Ebert,35
Weber,29WH07,County Commissioner Seat A,,REP,Katrina C. Gibson,34
Weber,29WH07,County Commissioner Seat A,,REP,Over Votes,3
Weber,29WH07,County Commissioner Seat A,,REP,Richard Hyer,24
Weber,29WH07,County Commissioner Seat A,,REP,Under Votes,1
Weber,29WH07,County Commissioner Seat B,,REP,Jon D. Beesley,94
Weber,29WH07,County Commissioner Seat B,,REP,Over Votes,0
Weber,29WH07,County Commissioner Seat B,,REP,Sharon Arrington Bolos,51
Weber,29WH07,County Commissioner Seat B,,REP,Under Votes,0
Weber,29WH07,Registered Voters,,,,394
Weber,29WH07,U.S. House,2,REP,Blake D. Moore,83
Weber,29WH07,U.S. House,2,REP,Karianne Lisonbee,61
Weber,29WH07,U.S. House,2,REP,Over Votes,1
Weber,29WH07,U.S. House,2,REP,Under Votes,0
Weber,29WH08,Ballots Cast,,,,106
Weber,29WH08,Ballots Cast,,DEM,,0
Weber,29WH08,Ballots Cast,,REP,,106
Weber,29WH08,County Commissioner Seat A,,REP,Duane D Kearsley,59
Weber,29WH08,County Commissioner Seat A,,REP,James Ebert,21
Weber,29WH08,County Commissioner Seat A,,REP,Katrina C. Gibson,17
Weber,29WH08,County Commissioner Seat A,,REP,Over Votes,0
Weber,29WH08,County Commissioner Seat A,,REP,Richard Hyer,8
Weber,29WH08,County Commissioner Seat A,,REP,Under Votes,1
Weber,29WH08,County Commissioner Seat B,,REP,Jon D. Beesley,73
Weber,29WH08,County Commissioner Seat B,,REP,Over Votes,0
Weber,29WH08,County Commissioner Seat B,,REP,Sharon Arrington Bolos,32
Weber,29WH08,County Commissioner Seat B,,REP,Under Votes,1
Weber,29WH08,Registered Voters,,,,401
Weber,29WH08,U.S. House,2,REP,Blake D. Moore,54
Weber,29WH08,U.S. House,2,REP,Karianne Lisonbee,50
Weber,29WH08,U.S. House,2,REP,Over Votes,0
Weber,29WH08,U.S. House,2,REP,Under Votes,2
Weber,29WH09,Ballots Cast,,,,217
Weber,29WH09,Ballots Cast,,DEM,,0
Weber,29WH09,Ballots Cast,,REP,,217
Weber,29WH09,County Commissioner Seat A,,REP,Duane D Kearsley,93
Weber,29WH09,County Commissioner Seat A,,REP,James Ebert,56
Weber,29WH09,County Commissioner Seat A,,REP,Katrina C. Gibson,51
Weber,29WH09,County Commissioner Seat A,,REP,Over Votes,0
Weber,29WH09,County Commissioner Seat A,,REP,Richard Hyer,13
Weber,29WH09,County Commissioner Seat A,,REP,Under Votes,4
Weber,29WH09,County Commissioner Seat B,,REP,Jon D. Beesley,96
Weber,29WH09,County Commissioner Seat B,,REP,Over Votes,0
Weber,29WH09,County Commissioner Seat B,,REP,Sharon Arrington Bolos,121
Weber,29WH09,County Commissioner Seat B,,REP,Under Votes,0
Weber,29WH09,Registered Voters,,,,464
Weber,29WH09,U.S. House,2,REP,Blake D. Moore,136
Weber,29WH09,U.S. House,2,REP,Karianne Lisonbee,76
Weber,29WH09,U.S. House,2,REP,Over Votes,0
Weber,29WH09,U.S. House,2,REP,Under Votes,5
Weber,29WH10,Ballots Cast,,,,215
Weber,29WH10,Ballots Cast,,DEM,,0
Weber,29WH10,Ballots Cast,,REP,,215
Weber,29WH10,County Commissioner Seat A,,REP,Duane D Kearsley,66
Weber,29WH10,County Commissioner Seat A,,REP,James Ebert,49
Weber,29WH10,County Commissioner Seat A,,REP,Katrina C. Gibson,57
Weber,29WH10,County Commissioner Seat A,,REP,Over Votes,1
Weber,29WH10,County Commissioner Seat A,,REP,Richard Hyer,35
Weber,29WH10,County Commissioner Seat A,,REP,Under Votes,7
Weber,29WH10,County Commissioner Seat B,,REP,Jon D. Beesley,148
Weber,29WH10,County Commissioner Seat B,,REP,Over Votes,0
Weber,29WH10,County Commissioner Seat B,,REP,Sharon Arrington Bolos,64
Weber,29WH10,County Commissioner Seat B,,REP,Under Votes,3
Weber,29WH10,Registered Voters,,,,571
Weber,29WH10,U.S. House,2,REP,Blake D. Moore,106
Weber,29WH10,U.S. House,2,REP,Karianne Lisonbee,106
Weber,29WH10,U.S. House,2,REP,Over Votes,0
Weber,29WH10,U.S. House,2,REP,Under Votes,3
Weber,29WH11,Ballots Cast,,,,286
Weber,29WH11,Ballots Cast,,DEM,,0
Weber,29WH11,Ballots Cast,,REP,,286
Weber,29WH11,County Commissioner Seat A,,REP,Duane D Kearsley,97
Weber,29WH11,County Commissioner Seat A,,REP,James Ebert,82
Weber,29WH11,County Commissioner Seat A,,REP,Katrina C. Gibson,61
Weber,29WH11,County Commissioner Seat A,,REP,Over Votes,0
Weber,29WH11,County Commissioner Seat A,,REP,Richard Hyer,46
Weber,29WH11,County Commissioner Seat A,,REP,Under Votes,0
Weber,29WH11,County Commissioner Seat B,,REP,Jon D. Beesley,153
Weber,29WH11,County Commissioner Seat B,,REP,Over Votes,0
Weber,29WH11,County Commissioner Seat B,,REP,Sharon Arrington Bolos,133
Weber,29WH11,County Commissioner Seat B,,REP,Under Votes,0
Weber,29WH11,Registered Voters,,,,624
Weber,29WH11,U.S. House,2,REP,Blake D. Moore,151
Weber,29WH11,U.S. House,2,REP,Karianne Lisonbee,133
Weber,29WH11,U.S. House,2,REP,Over Votes,0
Weber,29WH11,U.S. House,2,REP,Under Votes,2
Weber,29WH12,Ballots Cast,,,,178
Weber,29WH12,Ballots Cast,,DEM,,0
Weber,29WH12,Ballots Cast,,REP,,178
Weber,29WH12,County Commissioner Seat A,,REP,Duane D Kearsley,66
Weber,29WH12,County Commissioner Seat A,,REP,James Ebert,51
Weber,29WH12,County Commissioner Seat A,,REP,Katrina C. Gibson,34
Weber,29WH12,County Commissioner Seat A,,REP,Over Votes,0
Weber,29WH12,County Commissioner Seat A,,REP,Richard Hyer,19
Weber,29WH12,County Commissioner Seat A,,REP,Under Votes,8
Weber,29WH12,County Commissioner Seat B,,REP,Jon D. Beesley,96
Weber,29WH12,County Commissioner Seat B,,REP,Over Votes,0
Weber,29WH12,County Commissioner Seat B,,REP,Sharon Arrington Bolos,71
Weber,29WH12,County Commissioner Seat B,,REP,Under Votes,11
Weber,29WH12,Registered Voters,,,,597
Weber,29WH12,U.S. House,2,REP,Blake D. Moore,108
Weber,29WH12,U.S. House,2,REP,Karianne Lisonbee,66
Weber,29WH12,U.S. House,2,REP,Over Votes,0
Weber,29WH12,U.S. House,2,REP,Under Votes,4
Weber,29WH13,Ballots Cast,,,,49
Weber,29WH13,Ballots Cast,,DEM,,0
Weber,29WH13,Ballots Cast,,REP,,49
Weber,29WH13,County Commissioner Seat A,,REP,Duane D Kearsley,12
Weber,29WH13,County Commissioner Seat A,,REP,James Ebert,11
Weber,29WH13,County Commissioner Seat A,,REP,Katrina C. Gibson,20
Weber,29WH13,County Commissioner Seat A,,REP,Over Votes,0
Weber,29WH13,County Commissioner Seat A,,REP,Richard Hyer,5
Weber,29WH13,County Commissioner Seat A,,REP,Under Votes,1
Weber,29WH13,County Commissioner Seat B,,REP,Jon D. Beesley,27
Weber,29WH13,County Commissioner Seat B,,REP,Over Votes,0
Weber,29WH13,County Commissioner Seat B,,REP,Sharon Arrington Bolos,21
Weber,29WH13,County Commissioner Seat B,,REP,Under Votes,1
Weber,29WH13,Registered Voters,,,,283
Weber,29WH13,U.S. House,2,REP,Blake D. Moore,24
Weber,29WH13,U.S. House,2,REP,Karianne Lisonbee,24
Weber,29WH13,U.S. House,2,REP,Over Votes,0
Weber,29WH13,U.S. House,2,REP,Under Votes,1
Weber,29WH14,Ballots Cast,,,,159
Weber,29WH14,Ballots Cast,,DEM,,0
Weber,29WH14,Ballots Cast,,REP,,159
Weber,29WH14,County Commissioner Seat A,,REP,Duane D Kearsley,51
Weber,29WH14,County Commissioner Seat A,,REP,James Ebert,51
Weber,29WH14,County Commissioner Seat A,,REP,Katrina C. Gibson,39
Weber,29WH14,County Commissioner Seat A,,REP,Over Votes,2
Weber,29WH14,County Commissioner Seat A,,REP,Richard Hyer,13
Weber,29WH14,County Commissioner Seat A,,REP,Under Votes,3
Weber,29WH14,County Commissioner Seat B,,REP,Jon D. Beesley,95
Weber,29WH14,County Commissioner Seat B,,REP,Over Votes,0
Weber,29WH14,County Commissioner Seat B,,REP,Sharon Arrington Bolos,63
Weber,29WH14,County Commissioner Seat B,,REP,Under Votes,1
Weber,29WH14,Registered Voters,,,,421
Weber,29WH14,U.S. House,2,REP,Blake D. Moore,99
Weber,29WH14,U.S. House,2,REP,Karianne Lisonbee,59
Weber,29WH14,U.S. House,2,REP,Over Votes,0
Weber,29WH14,U.S. House,2,REP,Under Votes,1
Weber,29WT01,Ballots Cast,,,,153
Weber,29WT01,Ballots Cast,,DEM,,55
Weber,29WT01,Ballots Cast,,REP,,98
Weber,29WT01,County Commissioner Seat A,,REP,Duane D Kearsley,25
Weber,29WT01,County Commissioner Seat A,,REP,James Ebert,20
Weber,29WT01,County Commissioner Seat A,,REP,Katrina C. Gibson,34
Weber,29WT01,County Commissioner Seat A,,REP,Over Votes,0
Weber,29WT01,County Commissioner Seat A,,REP,Richard Hyer,14
Weber,29WT01,County Commissioner Seat A,,REP,Under Votes,5
Weber,29WT01,County Commissioner Seat B,,REP,Jon D. Beesley,61
Weber,29WT01,County Commissioner Seat B,,REP,Over Votes,0
Weber,29WT01,County Commissioner Seat B,,REP,Sharon Arrington Bolos,34
Weber,29WT01,County Commissioner Seat B,,REP,Under Votes,3
Weber,29WT01,Registered Voters,,,,405
Weber,29WT01,State Senate,5,DEM,Dakota Wurth,20
Weber,29WT01,State Senate,5,DEM,Over Votes,0
Weber,29WT01,State Senate,5,DEM,Under Votes,0
Weber,29WT01,U.S. House,2,REP,Blake D. Moore,43
Weber,29WT01,U.S. House,2,REP,Karianne Lisonbee,54
Weber,29WT01,U.S. House,2,REP,Over Votes,0
Weber,29WT01,U.S. House,2,REP,Under Votes,1
Weber,29WT02,Ballots Cast,,,,145
Weber,29WT02,Ballots Cast,,DEM,,45
Weber,29WT02,Ballots Cast,,REP,,100
Weber,29WT02,County Commissioner Seat A,,REP,Duane D Kearsley,22
Weber,29WT02,County Commissioner Seat A,,REP,James Ebert,22
Weber,29WT02,County Commissioner Seat A,,REP,Katrina C. Gibson,31
Weber,29WT02,County Commissioner Seat A,,REP,Over Votes,0
Weber,29WT02,County Commissioner Seat A,,REP,Richard Hyer,24
Weber,29WT02,County Commissioner Seat A,,REP,Under Votes,1
Weber,29WT02,County Commissioner Seat B,,REP,Jon D. Beesley,57
Weber,29WT02,County Commissioner Seat B,,REP,Over Votes,0
Weber,29WT02,County Commissioner Seat B,,REP,Sharon Arrington Bolos,41
Weber,29WT02,County Commissioner Seat B,,REP,Under Votes,2
Weber,29WT02,Registered Voters,,,,402
Weber,29WT02,State Senate,5,DEM,Dakota Wurth,23
Weber,29WT02,State Senate,5,DEM,Over Votes,0
Weber,29WT02,State Senate,5,DEM,Under Votes,0
Weber,29WT02,U.S. House,2,REP,Blake D. Moore,49
Weber,29WT02,U.S. House,2,REP,Karianne Lisonbee,51
Weber,29WT02,U.S. House,2,REP,Over Votes,0
Weber,29WT02,U.S. House,2,REP,Under Votes,0
Weber,29WT03,Ballots Cast,,,,218
Weber,29WT03,Ballots Cast,,DEM,,77
Weber,29WT03,Ballots Cast,,REP,,141
Weber,29WT03,County Commissioner Seat A,,REP,Duane D Kearsley,43
Weber,29WT03,County Commissioner Seat A,,REP,James Ebert,31
Weber,29WT03,County Commissioner Seat A,,REP,Katrina C. Gibson,43
Weber,29WT03,County Commissioner Seat A,,REP,Over Votes,0
Weber,29WT03,County Commissioner Seat A,,REP,Richard Hyer,23
Weber,29WT03,County Commissioner Seat A,,REP,Under Votes,1
Weber,29WT03,County Commissioner Seat B,,REP,Jon D. Beesley,50
Weber,29WT03,County Commissioner Seat B,,REP,Over Votes,0
Weber,29WT03,County Commissioner Seat B,,REP,Sharon Arrington Bolos,87
Weber,29WT03,County Commissioner Seat B,,REP,Under Votes,4
Weber,29WT03,Registered Voters,,,,626
Weber,29WT03,State Senate,5,DEM,Dakota Wurth,36
Weber,29WT03,State Senate,5,DEM,Over Votes,0
Weber,29WT03,State Senate,5,DEM,Under Votes,0
Weber,29WT03,U.S. House,2,REP,Blake D. Moore,75
Weber,29WT03,U.S. House,2,REP,Karianne Lisonbee,65
Weber,29WT03,U.S. House,2,REP,Over Votes,0
Weber,29WT03,U.S. House,2,REP,Under Votes,1
Weber,29WT04,Ballots Cast,,,,282
Weber,29WT04,Ballots Cast,,DEM,,83
Weber,29WT04,Ballots Cast,,REP,,199
Weber,29WT04,County Commissioner Seat A,,REP,Duane D Kearsley,36
Weber,29WT04,County Commissioner Seat A,,REP,James Ebert,54
Weber,29WT04,County Commissioner Seat A,,REP,Katrina C. Gibson,65
Weber,29WT04,County Commissioner Seat A,,REP,Over Votes,0
Weber,29WT04,County Commissioner Seat A,,REP,Richard Hyer,38
Weber,29WT04,County Commissioner Seat A,,REP,Under Votes,6
Weber,29WT04,County Commissioner Seat B,,REP,Jon D. Beesley,89
Weber,29WT04,County Commissioner Seat B,,REP,Over Votes,0
Weber,29WT04,County Commissioner Seat B,,REP,Sharon Arrington Bolos,104
Weber,29WT04,County Commissioner Seat B,,REP,Under Votes,6
Weber,29WT04,Registered Voters,,,,611
Weber,29WT04,State Senate,5,DEM,Dakota Wurth,29
Weber,29WT04,State Senate,5,DEM,Over Votes,0
Weber,29WT04,State Senate,5,DEM,Under Votes,0
Weber,29WT04,U.S. House,2,REP,Blake D. Moore,112
Weber,29WT04,U.S. House,2,REP,Karianne Lisonbee,86
Weber,29WT04,U.S. House,2,REP,Over Votes,0
Weber,29WT04,U.S. House,2,REP,Under Votes,1
Weber,29WT05,Ballots Cast,,,,267
Weber,29WT05,Ballots Cast,,DEM,,75
Weber,29WT05,Ballots Cast,,REP,,192
Weber,29WT05,County Commissioner Seat A,,REP,Duane D Kearsley,45
Weber,29WT05,County Commissioner Seat A,,REP,James Ebert,48
Weber,29WT05,County Commissioner Seat A,,REP,Katrina C. Gibson,52
Weber,29WT05,County Commissioner Seat A,,REP,Over Votes,0
Weber,29WT05,County Commissioner Seat A,,REP,Richard Hyer,45
Weber,29WT05,County Commissioner Seat A,,REP,Under Votes,2
Weber,29WT05,County Commissioner Seat B,,REP,Jon D. Beesley,89
Weber,29WT05,County Commissioner Seat B,,REP,Over Votes,0
Weber,29WT05,County Commissioner Seat B,,REP,Sharon Arrington Bolos,96
Weber,29WT05,County Commissioner Seat B,,REP,Under Votes,7
Weber,29WT05,Registered Voters,,,,533
Weber,29WT05,State Senate,5,DEM,Dakota Wurth,27
Weber,29WT05,State Senate,5,DEM,Over Votes,0
Weber,29WT05,State Senate,5,DEM,Under Votes,0
Weber,29WT05,U.S. House,2,REP,Blake D. Moore,133
Weber,29WT05,U.S. House,2,REP,Karianne Lisonbee,57
Weber,29WT05,U.S. House,2,REP,Over Votes,0
Weber,29WT05,U.S. House,2,REP,Under Votes,2
Weber,FED01,Ballots Cast,,,,0
Weber,FED01,Ballots Cast,,DEM,,0
Weber,FED01,Ballots Cast,,REP,,0
Weber,FED01,Registered Voters,,,,0
Weber,FED01,U.S. House,2,REP,Blake D. Moore,0
Weber,FED01,U.S. House,2,REP,Karianne Lisonbee,0
Weber,FED01,U.S. House,2,REP,Over Votes,0
Weber,FED01,U.S. House,2,REP,Under Votes,0
Weber,FED02,Ballots Cast,,,,0
Weber,FED02,Ballots Cast,,DEM,,0
Weber,FED02,Ballots Cast,,REP,,0
Weber,FED02,Registered Voters,,,,0
Weber,FED02,U.S. House,3,REP,Celeste Maloy,0
Weber,FED02,U.S. House,3,REP,Over Votes,0
Weber,FED02,U.S. House,3,REP,Phil Lyman,0
Weber,FED02,U.S. House,3,REP,Under Votes,0
