county,precinct,office,district,party,candidate,votes
Washington,27APV:01,Ballots Cast,,,,174
Washington,27APV:01,Ballots Cast Blank,,,,0
Washington,27APV:01,County Commission Seat A,,REP,Bill Hoster,105
Washington,27APV:01,County Commission Seat A,,REP,Gil Almquist,60
Washington,27APV:01,County Commission Seat A,,REP,Over Votes,0
Washington,27APV:01,County Commission Seat A,,REP,Under Votes,9
Washington,27APV:01,County Commission Seat B,,REP,Over Votes,0
Washington,27APV:01,County Commission Seat B,,REP,Troy G Belliston,83
Washington,27APV:01,County Commission Seat B,,REP,Under Votes,9
Washington,27APV:01,County Commission Seat B,,REP,Victor Iverson,82
Washington,27APV:01,Registered Voters,,,,391
Washington,27APV:01,U.S. House,3,REP,Celeste Maloy,92
Washington,27APV:01,U.S. House,3,REP,Over Votes,0
Washington,27APV:01,U.S. House,3,REP,Phil Lyman,82
Washington,27APV:01,U.S. House,3,REP,Under Votes,0
Washington,27ENT:01,Ballots Cast,,,,175
Washington,27ENT:01,Ballots Cast Blank,,,,1
Washington,27ENT:01,County Commission Seat A,,REP,Bill Hoster,61
Washington,27ENT:01,County Commission Seat A,,REP,Gil Almquist,106
Washington,27ENT:01,County Commission Seat A,,REP,Over Votes,0
Washington,27ENT:01,County Commission Seat A,,REP,Under Votes,8
Washington,27ENT:01,County Commission Seat B,,REP,Over Votes,0
Washington,27ENT:01,County Commission Seat B,,REP,Troy G Belliston,69
Washington,27ENT:01,County Commission Seat B,,REP,Under Votes,7
Washington,27ENT:01,County Commission Seat B,,REP,Victor Iverson,99
Washington,27ENT:01,Registered Voters,,,,508
Washington,27ENT:01,U.S. House,3,REP,Celeste Maloy,113
Washington,27ENT:01,U.S. House,3,REP,Over Votes,0
Washington,27ENT:01,U.S. House,3,REP,Phil Lyman,61
Washington,27ENT:01,U.S. House,3,REP,Under Votes,1
Washington,27ENT:02,Ballots Cast,,,,155
Washington,27ENT:02,Ballots Cast Blank,,,,0
Washington,27ENT:02,County Commission Seat A,,REP,Bill Hoster,67
Washington,27ENT:02,County Commission Seat A,,REP,Gil Almquist,84
Washington,27ENT:02,County Commission Seat A,,REP,Over Votes,0
Washington,27ENT:02,County Commission Seat A,,REP,Under Votes,4
Washington,27ENT:02,County Commission Seat B,,REP,Over Votes,0
Washington,27ENT:02,County Commission Seat B,,REP,Troy G Belliston,62
Washington,27ENT:02,County Commission Seat B,,REP,Under Votes,4
Washington,27ENT:02,County Commission Seat B,,REP,Victor Iverson,89
Washington,27ENT:02,Registered Voters,,,,492
Washington,27ENT:02,U.S. House,3,REP,Celeste Maloy,87
Washington,27ENT:02,U.S. House,3,REP,Over Votes,0
Washington,27ENT:02,U.S. House,3,REP,Phil Lyman,67
Washington,27ENT:02,U.S. House,3,REP,Under Votes,1
Washington,27FED:00,Ballots Cast,,,,0
Washington,27FED:00,Ballots Cast Blank,,,,0
Washington,27FED:00,Registered Voters,,,,0
Washington,27FED:00,U.S. House,3,REP,Celeste Maloy,0
Washington,27FED:00,U.S. House,3,REP,Over Votes,0
Washington,27FED:00,U.S. House,3,REP,Phil Lyman,0
Washington,27FED:00,U.S. House,3,REP,Under Votes,0
Washington,27HIL:01,Ballots Cast,,,,67
Washington,27HIL:01,Ballots Cast Blank,,,,0
Washington,27HIL:01,County Commission Seat A,,REP,Bill Hoster,26
Washington,27HIL:01,County Commission Seat A,,REP,Gil Almquist,41
Washington,27HIL:01,County Commission Seat A,,REP,Over Votes,0
Washington,27HIL:01,County Commission Seat A,,REP,Under Votes,0
Washington,27HIL:01,County Commission Seat B,,REP,Over Votes,0
Washington,27HIL:01,County Commission Seat B,,REP,Troy G Belliston,28
Washington,27HIL:01,County Commission Seat B,,REP,Under Votes,0
Washington,27HIL:01,County Commission Seat B,,REP,Victor Iverson,39
Washington,27HIL:01,Registered Voters,,,,295
Washington,27HIL:01,U.S. House,3,REP,Celeste Maloy,40
Washington,27HIL:01,U.S. House,3,REP,Over Votes,0
Washington,27HIL:01,U.S. House,3,REP,Phil Lyman,27
Washington,27HIL:01,U.S. House,3,REP,Under Votes,0
Washington,27HUR:01,Ballots Cast,,,,150
Washington,27HUR:01,Ballots Cast Blank,,,,0
Washington,27HUR:01,County Commission Seat A,,REP,Bill Hoster,67
Washington,27HUR:01,County Commission Seat A,,REP,Gil Almquist,80
Washington,27HUR:01,County Commission Seat A,,REP,Over Votes,0
Washington,27HUR:01,County Commission Seat A,,REP,Under Votes,3
Washington,27HUR:01,County Commission Seat B,,REP,Over Votes,0
Washington,27HUR:01,County Commission Seat B,,REP,Troy G Belliston,70
Washington,27HUR:01,County Commission Seat B,,REP,Under Votes,2
Washington,27HUR:01,County Commission Seat B,,REP,Victor Iverson,78
Washington,27HUR:01,Registered Voters,,,,557
Washington,27HUR:01,U.S. House,3,REP,Celeste Maloy,83
Washington,27HUR:01,U.S. House,3,REP,Over Votes,0
Washington,27HUR:01,U.S. House,3,REP,Phil Lyman,67
Washington,27HUR:01,U.S. House,3,REP,Under Votes,0
Washington,27HUR:02,Ballots Cast,,,,139
Washington,27HUR:02,Ballots Cast Blank,,,,0
Washington,27HUR:02,County Commission Seat A,,REP,Bill Hoster,57
Washington,27HUR:02,County Commission Seat A,,REP,Gil Almquist,80
Washington,27HUR:02,County Commission Seat A,,REP,Over Votes,0
Washington,27HUR:02,County Commission Seat A,,REP,Under Votes,2
Washington,27HUR:02,County Commission Seat B,,REP,Over Votes,0
Washington,27HUR:02,County Commission Seat B,,REP,Troy G Belliston,73
Washington,27HUR:02,County Commission Seat B,,REP,Under Votes,4
Washington,27HUR:02,County Commission Seat B,,REP,Victor Iverson,62
Washington,27HUR:02,Registered Voters,,,,407
Washington,27HUR:02,U.S. House,3,REP,Celeste Maloy,89
Washington,27HUR:02,U.S. House,3,REP,Over Votes,0
Washington,27HUR:02,U.S. House,3,REP,Phil Lyman,49
Washington,27HUR:02,U.S. House,3,REP,Under Votes,1
Washington,27HUR:03,Ballots Cast,,,,325
Washington,27HUR:03,Ballots Cast Blank,,,,0
Washington,27HUR:03,County Commission Seat A,,REP,Bill Hoster,128
Washington,27HUR:03,County Commission Seat A,,REP,Gil Almquist,179
Washington,27HUR:03,County Commission Seat A,,REP,Over Votes,0
Washington,27HUR:03,County Commission Seat A,,REP,Under Votes,18
Washington,27HUR:03,County Commission Seat B,,REP,Over Votes,0
Washington,27HUR:03,County Commission Seat B,,REP,Troy G Belliston,145
Washington,27HUR:03,County Commission Seat B,,REP,Under Votes,18
Washington,27HUR:03,County Commission Seat B,,REP,Victor Iverson,162
Washington,27HUR:03,Registered Voters,,,,712
Washington,27HUR:03,U.S. House,3,REP,Celeste Maloy,218
Washington,27HUR:03,U.S. House,3,REP,Over Votes,0
Washington,27HUR:03,U.S. House,3,REP,Phil Lyman,105
Washington,27HUR:03,U.S. House,3,REP,Under Votes,2
Washington,27HUR:04,Ballots Cast,,,,263
Washington,27HUR:04,Ballots Cast Blank,,,,0
Washington,27HUR:04,County Commission Seat A,,REP,Bill Hoster,125
Washington,27HUR:04,County Commission Seat A,,REP,Gil Almquist,127
Washington,27HUR:04,County Commission Seat A,,REP,Over Votes,0
Washington,27HUR:04,County Commission Seat A,,REP,Under Votes,11
Washington,27HUR:04,County Commission Seat B,,REP,Over Votes,0
Washington,27HUR:04,County Commission Seat B,,REP,Troy G Belliston,123
Washington,27HUR:04,County Commission Seat B,,REP,Under Votes,8
Washington,27HUR:04,County Commission Seat B,,REP,Victor Iverson,132
Washington,27HUR:04,Registered Voters,,,,726
Washington,27HUR:04,U.S. House,3,REP,Celeste Maloy,162
Washington,27HUR:04,U.S. House,3,REP,Over Votes,0
Washington,27HUR:04,U.S. House,3,REP,Phil Lyman,98
Washington,27HUR:04,U.S. House,3,REP,Under Votes,3
Washington,27HUR:05,Ballots Cast,,,,190
Washington,27HUR:05,Ballots Cast Blank,,,,0
Washington,27HUR:05,County Commission Seat A,,REP,Bill Hoster,67
Washington,27HUR:05,County Commission Seat A,,REP,Gil Almquist,121
Washington,27HUR:05,County Commission Seat A,,REP,Over Votes,0
Washington,27HUR:05,County Commission Seat A,,REP,Under Votes,2
Washington,27HUR:05,County Commission Seat B,,REP,Over Votes,0
Washington,27HUR:05,County Commission Seat B,,REP,Troy G Belliston,85
Washington,27HUR:05,County Commission Seat B,,REP,Under Votes,1
Washington,27HUR:05,County Commission Seat B,,REP,Victor Iverson,104
Washington,27HUR:05,Registered Voters,,,,553
Washington,27HUR:05,U.S. House,3,REP,Celeste Maloy,108
Washington,27HUR:05,U.S. House,3,REP,Over Votes,0
Washington,27HUR:05,U.S. House,3,REP,Phil Lyman,82
Washington,27HUR:05,U.S. House,3,REP,Under Votes,0
Washington,27HUR:06,Ballots Cast,,,,201
Washington,27HUR:06,Ballots Cast Blank,,,,0
Washington,27HUR:06,County Commission Seat A,,REP,Bill Hoster,73
Washington,27HUR:06,County Commission Seat A,,REP,Gil Almquist,125
Washington,27HUR:06,County Commission Seat A,,REP,Over Votes,0
Washington,27HUR:06,County Commission Seat A,,REP,Under Votes,3
Washington,27HUR:06,County Commission Seat B,,REP,Over Votes,0
Washington,27HUR:06,County Commission Seat B,,REP,Troy G Belliston,85
Washington,27HUR:06,County Commission Seat B,,REP,Under Votes,3
Washington,27HUR:06,County Commission Seat B,,REP,Victor Iverson,113
Washington,27HUR:06,Registered Voters,,,,626
Washington,27HUR:06,U.S. House,3,REP,Celeste Maloy,124
Washington,27HUR:06,U.S. House,3,REP,Over Votes,0
Washington,27HUR:06,U.S. House,3,REP,Phil Lyman,77
Washington,27HUR:06,U.S. House,3,REP,Under Votes,0
Washington,27HUR:07,Ballots Cast,,,,319
Washington,27HUR:07,Ballots Cast Blank,,,,0
Washington,27HUR:07,County Commission Seat A,,REP,Bill Hoster,76
Washington,27HUR:07,County Commission Seat A,,REP,Gil Almquist,233
Washington,27HUR:07,County Commission Seat A,,REP,Over Votes,0
Washington,27HUR:07,County Commission Seat A,,REP,Under Votes,10
Washington,27HUR:07,County Commission Seat B,,REP,Over Votes,0
Washington,27HUR:07,County Commission Seat B,,REP,Troy G Belliston,107
Washington,27HUR:07,County Commission Seat B,,REP,Under Votes,6
Washington,27HUR:07,County Commission Seat B,,REP,Victor Iverson,206
Washington,27HUR:07,Registered Voters,,,,708
Washington,27HUR:07,U.S. House,3,REP,Celeste Maloy,183
Washington,27HUR:07,U.S. House,3,REP,Over Votes,0
Washington,27HUR:07,U.S. House,3,REP,Phil Lyman,134
Washington,27HUR:07,U.S. House,3,REP,Under Votes,2
Washington,27HUR:08,Ballots Cast,,,,271
Washington,27HUR:08,Ballots Cast Blank,,,,0
Washington,27HUR:08,County Commission Seat A,,REP,Bill Hoster,70
Washington,27HUR:08,County Commission Seat A,,REP,Gil Almquist,188
Washington,27HUR:08,County Commission Seat A,,REP,Over Votes,0
Washington,27HUR:08,County Commission Seat A,,REP,Under Votes,13
Washington,27HUR:08,County Commission Seat B,,REP,Over Votes,0
Washington,27HUR:08,County Commission Seat B,,REP,Troy G Belliston,85
Washington,27HUR:08,County Commission Seat B,,REP,Under Votes,5
Washington,27HUR:08,County Commission Seat B,,REP,Victor Iverson,181
Washington,27HUR:08,Registered Voters,,,,739
Washington,27HUR:08,U.S. House,3,REP,Celeste Maloy,183
Washington,27HUR:08,U.S. House,3,REP,Over Votes,0
Washington,27HUR:08,U.S. House,3,REP,Phil Lyman,88
Washington,27HUR:08,U.S. House,3,REP,Under Votes,0
Washington,27HUR:09,Ballots Cast,,,,279
Washington,27HUR:09,Ballots Cast Blank,,,,0
Washington,27HUR:09,County Commission Seat A,,REP,Bill Hoster,115
Washington,27HUR:09,County Commission Seat A,,REP,Gil Almquist,159
Washington,27HUR:09,County Commission Seat A,,REP,Over Votes,0
Washington,27HUR:09,County Commission Seat A,,REP,Under Votes,5
Washington,27HUR:09,County Commission Seat B,,REP,Over Votes,0
Washington,27HUR:09,County Commission Seat B,,REP,Troy G Belliston,111
Washington,27HUR:09,County Commission Seat B,,REP,Under Votes,4
Washington,27HUR:09,County Commission Seat B,,REP,Victor Iverson,164
Washington,27HUR:09,Registered Voters,,,,706
Washington,27HUR:09,U.S. House,3,REP,Celeste Maloy,180
Washington,27HUR:09,U.S. House,3,REP,Over Votes,0
Washington,27HUR:09,U.S. House,3,REP,Phil Lyman,94
Washington,27HUR:09,U.S. House,3,REP,Under Votes,5
Washington,27HUR:10,Ballots Cast,,,,306
Washington,27HUR:10,Ballots Cast Blank,,,,0
Washington,27HUR:10,County Commission Seat A,,REP,Bill Hoster,119
Washington,27HUR:10,County Commission Seat A,,REP,Gil Almquist,176
Washington,27HUR:10,County Commission Seat A,,REP,Over Votes,0
Washington,27HUR:10,County Commission Seat A,,REP,Under Votes,11
Washington,27HUR:10,County Commission Seat B,,REP,Over Votes,0
Washington,27HUR:10,County Commission Seat B,,REP,Troy G Belliston,97
Washington,27HUR:10,County Commission Seat B,,REP,Under Votes,4
Washington,27HUR:10,County Commission Seat B,,REP,Victor Iverson,205
Washington,27HUR:10,Registered Voters,,,,735
Washington,27HUR:10,U.S. House,3,REP,Celeste Maloy,221
Washington,27HUR:10,U.S. House,3,REP,Over Votes,0
Washington,27HUR:10,U.S. House,3,REP,Phil Lyman,85
Washington,27HUR:10,U.S. House,3,REP,Under Votes,0
Washington,27HUR:11,Ballots Cast,,,,254
Washington,27HUR:11,Ballots Cast Blank,,,,0
Washington,27HUR:11,County Commission Seat A,,REP,Bill Hoster,118
Washington,27HUR:11,County Commission Seat A,,REP,Gil Almquist,125
Washington,27HUR:11,County Commission Seat A,,REP,Over Votes,0
Washington,27HUR:11,County Commission Seat A,,REP,Under Votes,11
Washington,27HUR:11,County Commission Seat B,,REP,Over Votes,0
Washington,27HUR:11,County Commission Seat B,,REP,Troy G Belliston,127
Washington,27HUR:11,County Commission Seat B,,REP,Under Votes,3
Washington,27HUR:11,County Commission Seat B,,REP,Victor Iverson,124
Washington,27HUR:11,Registered Voters,,,,741
Washington,27HUR:11,U.S. House,3,REP,Celeste Maloy,158
Washington,27HUR:11,U.S. House,3,REP,Over Votes,0
Washington,27HUR:11,U.S. House,3,REP,Phil Lyman,95
Washington,27HUR:11,U.S. House,3,REP,Under Votes,1
Washington,27HUR:12,Ballots Cast,,,,139
Washington,27HUR:12,Ballots Cast Blank,,,,0
Washington,27HUR:12,County Commission Seat A,,REP,Bill Hoster,75
Washington,27HUR:12,County Commission Seat A,,REP,Gil Almquist,60
Washington,27HUR:12,County Commission Seat A,,REP,Over Votes,0
Washington,27HUR:12,County Commission Seat A,,REP,Under Votes,4
Washington,27HUR:12,County Commission Seat B,,REP,Over Votes,0
Washington,27HUR:12,County Commission Seat B,,REP,Troy G Belliston,70
Washington,27HUR:12,County Commission Seat B,,REP,Under Votes,2
Washington,27HUR:12,County Commission Seat B,,REP,Victor Iverson,67
Washington,27HUR:12,Registered Voters,,,,381
Washington,27HUR:12,U.S. House,3,REP,Celeste Maloy,99
Washington,27HUR:12,U.S. House,3,REP,Over Votes,0
Washington,27HUR:12,U.S. House,3,REP,Phil Lyman,39
Washington,27HUR:12,U.S. House,3,REP,Under Votes,1
Washington,27HUR:13,Ballots Cast,,,,174
Washington,27HUR:13,Ballots Cast Blank,,,,0
Washington,27HUR:13,County Commission Seat A,,REP,Bill Hoster,88
Washington,27HUR:13,County Commission Seat A,,REP,Gil Almquist,81
Washington,27HUR:13,County Commission Seat A,,REP,Over Votes,0
Washington,27HUR:13,County Commission Seat A,,REP,Under Votes,5
Washington,27HUR:13,County Commission Seat B,,REP,Over Votes,1
Washington,27HUR:13,County Commission Seat B,,REP,Troy G Belliston,85
Washington,27HUR:13,County Commission Seat B,,REP,Under Votes,3
Washington,27HUR:13,County Commission Seat B,,REP,Victor Iverson,85
Washington,27HUR:13,Registered Voters,,,,500
Washington,27HUR:13,U.S. House,3,REP,Celeste Maloy,107
Washington,27HUR:13,U.S. House,3,REP,Over Votes,0
Washington,27HUR:13,U.S. House,3,REP,Phil Lyman,67
Washington,27HUR:13,U.S. House,3,REP,Under Votes,0
Washington,27HUR:14,Ballots Cast,,,,226
Washington,27HUR:14,Ballots Cast Blank,,,,0
Washington,27HUR:14,County Commission Seat A,,REP,Bill Hoster,109
Washington,27HUR:14,County Commission Seat A,,REP,Gil Almquist,111
Washington,27HUR:14,County Commission Seat A,,REP,Over Votes,0
Washington,27HUR:14,County Commission Seat A,,REP,Under Votes,6
Washington,27HUR:14,County Commission Seat B,,REP,Over Votes,0
Washington,27HUR:14,County Commission Seat B,,REP,Troy G Belliston,123
Washington,27HUR:14,County Commission Seat B,,REP,Under Votes,4
Washington,27HUR:14,County Commission Seat B,,REP,Victor Iverson,99
Washington,27HUR:14,Registered Voters,,,,568
Washington,27HUR:14,U.S. House,3,REP,Celeste Maloy,152
Washington,27HUR:14,U.S. House,3,REP,Over Votes,0
Washington,27HUR:14,U.S. House,3,REP,Phil Lyman,72
Washington,27HUR:14,U.S. House,3,REP,Under Votes,2
Washington,27IVN:01,Ballots Cast,,,,211
Washington,27IVN:01,Ballots Cast Blank,,,,0
Washington,27IVN:01,County Commission Seat A,,REP,Bill Hoster,108
Washington,27IVN:01,County Commission Seat A,,REP,Gil Almquist,92
Washington,27IVN:01,County Commission Seat A,,REP,Over Votes,0
Washington,27IVN:01,County Commission Seat A,,REP,Under Votes,11
Washington,27IVN:01,County Commission Seat B,,REP,Over Votes,0
Washington,27IVN:01,County Commission Seat B,,REP,Troy G Belliston,131
Washington,27IVN:01,County Commission Seat B,,REP,Under Votes,13
Washington,27IVN:01,County Commission Seat B,,REP,Victor Iverson,67
Washington,27IVN:01,Registered Voters,,,,436
Washington,27IVN:01,U.S. House,3,REP,Celeste Maloy,97
Washington,27IVN:01,U.S. House,3,REP,Over Votes,0
Washington,27IVN:01,U.S. House,3,REP,Phil Lyman,105
Washington,27IVN:01,U.S. House,3,REP,Under Votes,9
Washington,27IVN:02,Ballots Cast,,,,267
Washington,27IVN:02,Ballots Cast Blank,,,,0
Washington,27IVN:02,County Commission Seat A,,REP,Bill Hoster,113
Washington,27IVN:02,County Commission Seat A,,REP,Gil Almquist,144
Washington,27IVN:02,County Commission Seat A,,REP,Over Votes,0
Washington,27IVN:02,County Commission Seat A,,REP,Under Votes,10
Washington,27IVN:02,County Commission Seat B,,REP,Over Votes,0
Washington,27IVN:02,County Commission Seat B,,REP,Troy G Belliston,124
Washington,27IVN:02,County Commission Seat B,,REP,Under Votes,12
Washington,27IVN:02,County Commission Seat B,,REP,Victor Iverson,131
Washington,27IVN:02,Registered Voters,,,,572
Washington,27IVN:02,U.S. House,3,REP,Celeste Maloy,180
Washington,27IVN:02,U.S. House,3,REP,Over Votes,0
Washington,27IVN:02,U.S. House,3,REP,Phil Lyman,85
Washington,27IVN:02,U.S. House,3,REP,Under Votes,2
Washington,27IVN:03,Ballots Cast,,,,296
Washington,27IVN:03,Ballots Cast Blank,,,,0
Washington,27IVN:03,County Commission Seat A,,REP,Bill Hoster,119
Washington,27IVN:03,County Commission Seat A,,REP,Gil Almquist,163
Washington,27IVN:03,County Commission Seat A,,REP,Over Votes,0
Washington,27IVN:03,County Commission Seat A,,REP,Under Votes,14
Washington,27IVN:03,County Commission Seat B,,REP,Over Votes,0
Washington,27IVN:03,County Commission Seat B,,REP,Troy G Belliston,145
Washington,27IVN:03,County Commission Seat B,,REP,Under Votes,16
Washington,27IVN:03,County Commission Seat B,,REP,Victor Iverson,135
Washington,27IVN:03,Registered Voters,,,,579
Washington,27IVN:03,U.S. House,3,REP,Celeste Maloy,200
Washington,27IVN:03,U.S. House,3,REP,Over Votes,0
Washington,27IVN:03,U.S. House,3,REP,Phil Lyman,91
Washington,27IVN:03,U.S. House,3,REP,Under Votes,5
Washington,27IVN:04,Ballots Cast,,,,335
Washington,27IVN:04,Ballots Cast Blank,,,,1
Washington,27IVN:04,County Commission Seat A,,REP,Bill Hoster,165
Washington,27IVN:04,County Commission Seat A,,REP,Gil Almquist,158
Washington,27IVN:04,County Commission Seat A,,REP,Over Votes,1
Washington,27IVN:04,County Commission Seat A,,REP,Under Votes,11
Washington,27IVN:04,County Commission Seat B,,REP,Over Votes,1
Washington,27IVN:04,County Commission Seat B,,REP,Troy G Belliston,174
Washington,27IVN:04,County Commission Seat B,,REP,Under Votes,14
Washington,27IVN:04,County Commission Seat B,,REP,Victor Iverson,146
Washington,27IVN:04,Registered Voters,,,,678
Washington,27IVN:04,U.S. House,3,REP,Celeste Maloy,207
Washington,27IVN:04,U.S. House,3,REP,Over Votes,1
Washington,27IVN:04,U.S. House,3,REP,Phil Lyman,122
Washington,27IVN:04,U.S. House,3,REP,Under Votes,5
Washington,27IVN:05,Ballots Cast,,,,155
Washington,27IVN:05,Ballots Cast Blank,,,,1
Washington,27IVN:05,County Commission Seat A,,REP,Bill Hoster,69
Washington,27IVN:05,County Commission Seat A,,REP,Gil Almquist,82
Washington,27IVN:05,County Commission Seat A,,REP,Over Votes,0
Washington,27IVN:05,County Commission Seat A,,REP,Under Votes,4
Washington,27IVN:05,County Commission Seat B,,REP,Over Votes,0
Washington,27IVN:05,County Commission Seat B,,REP,Troy G Belliston,61
Washington,27IVN:05,County Commission Seat B,,REP,Under Votes,3
Washington,27IVN:05,County Commission Seat B,,REP,Victor Iverson,91
Washington,27IVN:05,Registered Voters,,,,373
Washington,27IVN:05,U.S. House,3,REP,Celeste Maloy,99
Washington,27IVN:05,U.S. House,3,REP,Over Votes,0
Washington,27IVN:05,U.S. House,3,REP,Phil Lyman,52
Washington,27IVN:05,U.S. House,3,REP,Under Votes,4
Washington,27IVN:06,Ballots Cast,,,,256
Washington,27IVN:06,Ballots Cast Blank,,,,1
Washington,27IVN:06,County Commission Seat A,,REP,Bill Hoster,140
Washington,27IVN:06,County Commission Seat A,,REP,Gil Almquist,110
Washington,27IVN:06,County Commission Seat A,,REP,Over Votes,0
Washington,27IVN:06,County Commission Seat A,,REP,Under Votes,6
Washington,27IVN:06,County Commission Seat B,,REP,Over Votes,0
Washington,27IVN:06,County Commission Seat B,,REP,Troy G Belliston,124
Washington,27IVN:06,County Commission Seat B,,REP,Under Votes,4
Washington,27IVN:06,County Commission Seat B,,REP,Victor Iverson,128
Washington,27IVN:06,Registered Voters,,,,571
Washington,27IVN:06,U.S. House,3,REP,Celeste Maloy,164
Washington,27IVN:06,U.S. House,3,REP,Over Votes,0
Washington,27IVN:06,U.S. House,3,REP,Phil Lyman,88
Washington,27IVN:06,U.S. House,3,REP,Under Votes,4
Washington,27IVN:07,Ballots Cast,,,,163
Washington,27IVN:07,Ballots Cast Blank,,,,0
Washington,27IVN:07,County Commission Seat A,,REP,Bill Hoster,72
Washington,27IVN:07,County Commission Seat A,,REP,Gil Almquist,89
Washington,27IVN:07,County Commission Seat A,,REP,Over Votes,0
Washington,27IVN:07,County Commission Seat A,,REP,Under Votes,2
Washington,27IVN:07,County Commission Seat B,,REP,Over Votes,0
Washington,27IVN:07,County Commission Seat B,,REP,Troy G Belliston,89
Washington,27IVN:07,County Commission Seat B,,REP,Under Votes,3
Washington,27IVN:07,County Commission Seat B,,REP,Victor Iverson,71
Washington,27IVN:07,Registered Voters,,,,385
Washington,27IVN:07,U.S. House,3,REP,Celeste Maloy,99
Washington,27IVN:07,U.S. House,3,REP,Over Votes,0
Washington,27IVN:07,U.S. House,3,REP,Phil Lyman,63
Washington,27IVN:07,U.S. House,3,REP,Under Votes,1
Washington,27LAV:01,Ballots Cast,,,,167
Washington,27LAV:01,Ballots Cast Blank,,,,0
Washington,27LAV:01,County Commission Seat A,,REP,Bill Hoster,60
Washington,27LAV:01,County Commission Seat A,,REP,Gil Almquist,97
Washington,27LAV:01,County Commission Seat A,,REP,Over Votes,0
Washington,27LAV:01,County Commission Seat A,,REP,Under Votes,10
Washington,27LAV:01,County Commission Seat B,,REP,Over Votes,0
Washington,27LAV:01,County Commission Seat B,,REP,Troy G Belliston,59
Washington,27LAV:01,County Commission Seat B,,REP,Under Votes,0
Washington,27LAV:01,County Commission Seat B,,REP,Victor Iverson,108
Washington,27LAV:01,Registered Voters,,,,397
Washington,27LAV:01,U.S. House,3,REP,Celeste Maloy,109
Washington,27LAV:01,U.S. House,3,REP,Over Votes,0
Washington,27LAV:01,U.S. House,3,REP,Phil Lyman,57
Washington,27LAV:01,U.S. House,3,REP,Under Votes,1
Washington,27LAV:02,Ballots Cast,,,,164
Washington,27LAV:02,Ballots Cast Blank,,,,0
Washington,27LAV:02,County Commission Seat A,,REP,Bill Hoster,50
Washington,27LAV:02,County Commission Seat A,,REP,Gil Almquist,106
Washington,27LAV:02,County Commission Seat A,,REP,Over Votes,0
Washington,27LAV:02,County Commission Seat A,,REP,Under Votes,8
Washington,27LAV:02,County Commission Seat B,,REP,Over Votes,0
Washington,27LAV:02,County Commission Seat B,,REP,Troy G Belliston,43
Washington,27LAV:02,County Commission Seat B,,REP,Under Votes,3
Washington,27LAV:02,County Commission Seat B,,REP,Victor Iverson,118
Washington,27LAV:02,Registered Voters,,,,445
Washington,27LAV:02,U.S. House,3,REP,Celeste Maloy,105
Washington,27LAV:02,U.S. House,3,REP,Over Votes,0
Washington,27LAV:02,U.S. House,3,REP,Phil Lyman,59
Washington,27LAV:02,U.S. House,3,REP,Under Votes,0
Washington,27LAV:03,Ballots Cast,,,,210
Washington,27LAV:03,Ballots Cast Blank,,,,0
Washington,27LAV:03,County Commission Seat A,,REP,Bill Hoster,80
Washington,27LAV:03,County Commission Seat A,,REP,Gil Almquist,126
Washington,27LAV:03,County Commission Seat A,,REP,Over Votes,0
Washington,27LAV:03,County Commission Seat A,,REP,Under Votes,4
Washington,27LAV:03,County Commission Seat B,,REP,Over Votes,0
Washington,27LAV:03,County Commission Seat B,,REP,Troy G Belliston,78
Washington,27LAV:03,County Commission Seat B,,REP,Under Votes,2
Washington,27LAV:03,County Commission Seat B,,REP,Victor Iverson,130
Washington,27LAV:03,Registered Voters,,,,541
Washington,27LAV:03,U.S. House,3,REP,Celeste Maloy,144
Washington,27LAV:03,U.S. House,3,REP,Over Votes,0
Washington,27LAV:03,U.S. House,3,REP,Phil Lyman,64
Washington,27LAV:03,U.S. House,3,REP,Under Votes,2
Washington,27LEED:01,Ballots Cast,,,,257
Washington,27LEED:01,Ballots Cast Blank,,,,0
Washington,27LEED:01,County Commission Seat A,,REP,Bill Hoster,96
Washington,27LEED:01,County Commission Seat A,,REP,Gil Almquist,158
Washington,27LEED:01,County Commission Seat A,,REP,Over Votes,0
Washington,27LEED:01,County Commission Seat A,,REP,Under Votes,3
Washington,27LEED:01,County Commission Seat B,,REP,Over Votes,0
Washington,27LEED:01,County Commission Seat B,,REP,Troy G Belliston,112
Washington,27LEED:01,County Commission Seat B,,REP,Under Votes,4
Washington,27LEED:01,County Commission Seat B,,REP,Victor Iverson,141
Washington,27LEED:01,Registered Voters,,,,463
Washington,27LEED:01,U.S. House,3,REP,Celeste Maloy,162
Washington,27LEED:01,U.S. House,3,REP,Over Votes,0
Washington,27LEED:01,U.S. House,3,REP,Phil Lyman,87
Washington,27LEED:01,U.S. House,3,REP,Under Votes,8
Washington,27NHT:01,Ballots Cast,,,,61
Washington,27NHT:01,Ballots Cast Blank,,,,0
Washington,27NHT:01,County Commission Seat A,,REP,Bill Hoster,16
Washington,27NHT:01,County Commission Seat A,,REP,Gil Almquist,45
Washington,27NHT:01,County Commission Seat A,,REP,Over Votes,0
Washington,27NHT:01,County Commission Seat A,,REP,Under Votes,0
Washington,27NHT:01,County Commission Seat B,,REP,Over Votes,0
Washington,27NHT:01,County Commission Seat B,,REP,Troy G Belliston,20
Washington,27NHT:01,County Commission Seat B,,REP,Under Votes,0
Washington,27NHT:01,County Commission Seat B,,REP,Victor Iverson,41
Washington,27NHT:01,Registered Voters,,,,138
Washington,27NHT:01,U.S. House,3,REP,Celeste Maloy,53
Washington,27NHT:01,U.S. House,3,REP,Over Votes,0
Washington,27NHT:01,U.S. House,3,REP,Phil Lyman,8
Washington,27NHT:01,U.S. House,3,REP,Under Votes,0
Washington,27RCK:01,Ballots Cast,,,,26
Washington,27RCK:01,Ballots Cast Blank,,,,0
Washington,27RCK:01,County Commission Seat A,,REP,Bill Hoster,10
Washington,27RCK:01,County Commission Seat A,,REP,Gil Almquist,15
Washington,27RCK:01,County Commission Seat A,,REP,Over Votes,0
Washington,27RCK:01,County Commission Seat A,,REP,Under Votes,1
Washington,27RCK:01,County Commission Seat B,,REP,Over Votes,0
Washington,27RCK:01,County Commission Seat B,,REP,Troy G Belliston,13
Washington,27RCK:01,County Commission Seat B,,REP,Under Votes,0
Washington,27RCK:01,County Commission Seat B,,REP,Victor Iverson,13
Washington,27RCK:01,Registered Voters,,,,63
Washington,27RCK:01,U.S. House,3,REP,Celeste Maloy,17
Washington,27RCK:01,U.S. House,3,REP,Over Votes,0
Washington,27RCK:01,U.S. House,3,REP,Phil Lyman,8
Washington,27RCK:01,U.S. House,3,REP,Under Votes,1
Washington,27SC:01,Ballots Cast,,,,237
Washington,27SC:01,Ballots Cast Blank,,,,0
Washington,27SC:01,County Commission Seat A,,REP,Bill Hoster,97
Washington,27SC:01,County Commission Seat A,,REP,Gil Almquist,139
Washington,27SC:01,County Commission Seat A,,REP,Over Votes,0
Washington,27SC:01,County Commission Seat A,,REP,Under Votes,1
Washington,27SC:01,County Commission Seat B,,REP,Over Votes,0
Washington,27SC:01,County Commission Seat B,,REP,Troy G Belliston,122
Washington,27SC:01,County Commission Seat B,,REP,Under Votes,4
Washington,27SC:01,County Commission Seat B,,REP,Victor Iverson,111
Washington,27SC:01,Registered Voters,,,,781
Washington,27SC:01,U.S. House,3,REP,Celeste Maloy,163
Washington,27SC:01,U.S. House,3,REP,Over Votes,0
Washington,27SC:01,U.S. House,3,REP,Phil Lyman,70
Washington,27SC:01,U.S. House,3,REP,Under Votes,4
Washington,27SC:02,Ballots Cast,,,,271
Washington,27SC:02,Ballots Cast Blank,,,,0
Washington,27SC:02,County Commission Seat A,,REP,Bill Hoster,114
Washington,27SC:02,County Commission Seat A,,REP,Gil Almquist,150
Washington,27SC:02,County Commission Seat A,,REP,Over Votes,0
Washington,27SC:02,County Commission Seat A,,REP,Under Votes,7
Washington,27SC:02,County Commission Seat B,,REP,Over Votes,0
Washington,27SC:02,County Commission Seat B,,REP,Troy G Belliston,130
Washington,27SC:02,County Commission Seat B,,REP,Under Votes,6
Washington,27SC:02,County Commission Seat B,,REP,Victor Iverson,135
Washington,27SC:02,Registered Voters,,,,626
Washington,27SC:02,U.S. House,3,REP,Celeste Maloy,186
Washington,27SC:02,U.S. House,3,REP,Over Votes,0
Washington,27SC:02,U.S. House,3,REP,Phil Lyman,82
Washington,27SC:02,U.S. House,3,REP,Under Votes,3
Washington,27SC:03,Ballots Cast,,,,253
Washington,27SC:03,Ballots Cast Blank,,,,0
Washington,27SC:03,County Commission Seat A,,REP,Bill Hoster,100
Washington,27SC:03,County Commission Seat A,,REP,Gil Almquist,150
Washington,27SC:03,County Commission Seat A,,REP,Over Votes,0
Washington,27SC:03,County Commission Seat A,,REP,Under Votes,3
Washington,27SC:03,County Commission Seat B,,REP,Over Votes,0
Washington,27SC:03,County Commission Seat B,,REP,Troy G Belliston,121
Washington,27SC:03,County Commission Seat B,,REP,Under Votes,3
Washington,27SC:03,County Commission Seat B,,REP,Victor Iverson,129
Washington,27SC:03,Registered Voters,,,,600
Washington,27SC:03,U.S. House,3,REP,Celeste Maloy,192
Washington,27SC:03,U.S. House,3,REP,Over Votes,0
Washington,27SC:03,U.S. House,3,REP,Phil Lyman,61
Washington,27SC:03,U.S. House,3,REP,Under Votes,0
Washington,27SC:04,Ballots Cast,,,,236
Washington,27SC:04,Ballots Cast Blank,,,,0
Washington,27SC:04,County Commission Seat A,,REP,Bill Hoster,98
Washington,27SC:04,County Commission Seat A,,REP,Gil Almquist,134
Washington,27SC:04,County Commission Seat A,,REP,Over Votes,0
Washington,27SC:04,County Commission Seat A,,REP,Under Votes,4
Washington,27SC:04,County Commission Seat B,,REP,Over Votes,0
Washington,27SC:04,County Commission Seat B,,REP,Troy G Belliston,128
Washington,27SC:04,County Commission Seat B,,REP,Under Votes,4
Washington,27SC:04,County Commission Seat B,,REP,Victor Iverson,104
Washington,27SC:04,Registered Voters,,,,543
Washington,27SC:04,U.S. House,3,REP,Celeste Maloy,171
Washington,27SC:04,U.S. House,3,REP,Over Votes,0
Washington,27SC:04,U.S. House,3,REP,Phil Lyman,65
Washington,27SC:04,U.S. House,3,REP,Under Votes,0
Washington,27SC:05,Ballots Cast,,,,240
Washington,27SC:05,Ballots Cast Blank,,,,0
Washington,27SC:05,County Commission Seat A,,REP,Bill Hoster,96
Washington,27SC:05,County Commission Seat A,,REP,Gil Almquist,137
Washington,27SC:05,County Commission Seat A,,REP,Over Votes,0
Washington,27SC:05,County Commission Seat A,,REP,Under Votes,7
Washington,27SC:05,County Commission Seat B,,REP,Over Votes,0
Washington,27SC:05,County Commission Seat B,,REP,Troy G Belliston,106
Washington,27SC:05,County Commission Seat B,,REP,Under Votes,9
Washington,27SC:05,County Commission Seat B,,REP,Victor Iverson,125
Washington,27SC:05,Registered Voters,,,,584
Washington,27SC:05,U.S. House,3,REP,Celeste Maloy,180
Washington,27SC:05,U.S. House,3,REP,Over Votes,0
Washington,27SC:05,U.S. House,3,REP,Phil Lyman,59
Washington,27SC:05,U.S. House,3,REP,Under Votes,1
Washington,27SPR:01,Ballots Cast,,,,76
Washington,27SPR:01,Ballots Cast Blank,,,,0
Washington,27SPR:01,County Commission Seat A,,REP,Bill Hoster,30
Washington,27SPR:01,County Commission Seat A,,REP,Gil Almquist,39
Washington,27SPR:01,County Commission Seat A,,REP,Over Votes,0
Washington,27SPR:01,County Commission Seat A,,REP,Under Votes,7
Washington,27SPR:01,County Commission Seat B,,REP,Over Votes,0
Washington,27SPR:01,County Commission Seat B,,REP,Troy G Belliston,34
Washington,27SPR:01,County Commission Seat B,,REP,Under Votes,7
Washington,27SPR:01,County Commission Seat B,,REP,Victor Iverson,35
Washington,27SPR:01,Registered Voters,,,,145
Washington,27SPR:01,U.S. House,3,REP,Celeste Maloy,47
Washington,27SPR:01,U.S. House,3,REP,Over Votes,0
Washington,27SPR:01,U.S. House,3,REP,Phil Lyman,27
Washington,27SPR:01,U.S. House,3,REP,Under Votes,2
Washington,27STG:01,Ballots Cast,,,,125
Washington,27STG:01,Ballots Cast Blank,,,,0
Washington,27STG:01,County Commission Seat A,,REP,Bill Hoster,55
Washington,27STG:01,County Commission Seat A,,REP,Gil Almquist,64
Washington,27STG:01,County Commission Seat A,,REP,Over Votes,0
Washington,27STG:01,County Commission Seat A,,REP,Under Votes,6
Washington,27STG:01,County Commission Seat B,,REP,Over Votes,0
Washington,27STG:01,County Commission Seat B,,REP,Troy G Belliston,66
Washington,27STG:01,County Commission Seat B,,REP,Under Votes,4
Washington,27STG:01,County Commission Seat B,,REP,Victor Iverson,55
Washington,27STG:01,Registered Voters,,,,481
Washington,27STG:01,U.S. House,3,REP,Celeste Maloy,78
Washington,27STG:01,U.S. House,3,REP,Over Votes,0
Washington,27STG:01,U.S. House,3,REP,Phil Lyman,44
Washington,27STG:01,U.S. House,3,REP,Under Votes,3
Washington,27STG:02,Ballots Cast,,,,173
Washington,27STG:02,Ballots Cast Blank,,,,1
Washington,27STG:02,County Commission Seat A,,REP,Bill Hoster,75
Washington,27STG:02,County Commission Seat A,,REP,Gil Almquist,91
Washington,27STG:02,County Commission Seat A,,REP,Over Votes,0
Washington,27STG:02,County Commission Seat A,,REP,Under Votes,7
Washington,27STG:02,County Commission Seat B,,REP,Over Votes,0
Washington,27STG:02,County Commission Seat B,,REP,Troy G Belliston,87
Washington,27STG:02,County Commission Seat B,,REP,Under Votes,6
Washington,27STG:02,County Commission Seat B,,REP,Victor Iverson,80
Washington,27STG:02,Registered Voters,,,,480
Washington,27STG:02,U.S. House,3,REP,Celeste Maloy,127
Washington,27STG:02,U.S. House,3,REP,Over Votes,0
Washington,27STG:02,U.S. House,3,REP,Phil Lyman,43
Washington,27STG:02,U.S. House,3,REP,Under Votes,3
Washington,27STG:03,Ballots Cast,,,,158
Washington,27STG:03,Ballots Cast Blank,,,,0
Washington,27STG:03,County Commission Seat A,,REP,Bill Hoster,68
Washington,27STG:03,County Commission Seat A,,REP,Gil Almquist,89
Washington,27STG:03,County Commission Seat A,,REP,Over Votes,0
Washington,27STG:03,County Commission Seat A,,REP,Under Votes,1
Washington,27STG:03,County Commission Seat B,,REP,Over Votes,0
Washington,27STG:03,County Commission Seat B,,REP,Troy G Belliston,74
Washington,27STG:03,County Commission Seat B,,REP,Under Votes,1
Washington,27STG:03,County Commission Seat B,,REP,Victor Iverson,83
Washington,27STG:03,Registered Voters,,,,525
Washington,27STG:03,U.S. House,3,REP,Celeste Maloy,90
Washington,27STG:03,U.S. House,3,REP,Over Votes,0
Washington,27STG:03,U.S. House,3,REP,Phil Lyman,66
Washington,27STG:03,U.S. House,3,REP,Under Votes,2
Washington,27STG:04,Ballots Cast,,,,217
Washington,27STG:04,Ballots Cast Blank,,,,0
Washington,27STG:04,County Commission Seat A,,REP,Bill Hoster,91
Washington,27STG:04,County Commission Seat A,,REP,Gil Almquist,124
Washington,27STG:04,County Commission Seat A,,REP,Over Votes,0
Washington,27STG:04,County Commission Seat A,,REP,Under Votes,2
Washington,27STG:04,County Commission Seat B,,REP,Over Votes,0
Washington,27STG:04,County Commission Seat B,,REP,Troy G Belliston,108
Washington,27STG:04,County Commission Seat B,,REP,Under Votes,3
Washington,27STG:04,County Commission Seat B,,REP,Victor Iverson,106
Washington,27STG:04,Registered Voters,,,,479
Washington,27STG:04,U.S. House,3,REP,Celeste Maloy,143
Washington,27STG:04,U.S. House,3,REP,Over Votes,0
Washington,27STG:04,U.S. House,3,REP,Phil Lyman,73
Washington,27STG:04,U.S. House,3,REP,Under Votes,1
Washington,27STG:05,Ballots Cast,,,,110
Washington,27STG:05,Ballots Cast Blank,,,,0
Washington,27STG:05,County Commission Seat A,,REP,Bill Hoster,48
Washington,27STG:05,County Commission Seat A,,REP,Gil Almquist,61
Washington,27STG:05,County Commission Seat A,,REP,Over Votes,0
Washington,27STG:05,County Commission Seat A,,REP,Under Votes,1
Washington,27STG:05,County Commission Seat B,,REP,Over Votes,0
Washington,27STG:05,County Commission Seat B,,REP,Troy G Belliston,71
Washington,27STG:05,County Commission Seat B,,REP,Under Votes,2
Washington,27STG:05,County Commission Seat B,,REP,Victor Iverson,37
Washington,27STG:05,Registered Voters,,,,467
Washington,27STG:05,U.S. House,3,REP,Celeste Maloy,63
Washington,27STG:05,U.S. House,3,REP,Over Votes,0
Washington,27STG:05,U.S. House,3,REP,Phil Lyman,46
Washington,27STG:05,U.S. House,3,REP,Under Votes,1
Washington,27STG:06,Ballots Cast,,,,166
Washington,27STG:06,Ballots Cast Blank,,,,0
Washington,27STG:06,County Commission Seat A,,REP,Bill Hoster,61
Washington,27STG:06,County Commission Seat A,,REP,Gil Almquist,102
Washington,27STG:06,County Commission Seat A,,REP,Over Votes,0
Washington,27STG:06,County Commission Seat A,,REP,Under Votes,3
Washington,27STG:06,County Commission Seat B,,REP,Over Votes,0
Washington,27STG:06,County Commission Seat B,,REP,Troy G Belliston,76
Washington,27STG:06,County Commission Seat B,,REP,Under Votes,1
Washington,27STG:06,County Commission Seat B,,REP,Victor Iverson,89
Washington,27STG:06,Registered Voters,,,,443
Washington,27STG:06,U.S. House,3,REP,Celeste Maloy,107
Washington,27STG:06,U.S. House,3,REP,Over Votes,0
Washington,27STG:06,U.S. House,3,REP,Phil Lyman,56
Washington,27STG:06,U.S. House,3,REP,Under Votes,3
Washington,27STG:07,Ballots Cast,,,,359
Washington,27STG:07,Ballots Cast Blank,,,,0
Washington,27STG:07,County Commission Seat A,,REP,Bill Hoster,129
Washington,27STG:07,County Commission Seat A,,REP,Gil Almquist,226
Washington,27STG:07,County Commission Seat A,,REP,Over Votes,0
Washington,27STG:07,County Commission Seat A,,REP,Under Votes,4
Washington,27STG:07,County Commission Seat B,,REP,Over Votes,0
Washington,27STG:07,County Commission Seat B,,REP,Troy G Belliston,150
Washington,27STG:07,County Commission Seat B,,REP,Under Votes,4
Washington,27STG:07,County Commission Seat B,,REP,Victor Iverson,205
Washington,27STG:07,Registered Voters,,,,733
Washington,27STG:07,U.S. House,3,REP,Celeste Maloy,233
Washington,27STG:07,U.S. House,3,REP,Over Votes,0
Washington,27STG:07,U.S. House,3,REP,Phil Lyman,122
Washington,27STG:07,U.S. House,3,REP,Under Votes,4
Washington,27STG:08,Ballots Cast,,,,268
Washington,27STG:08,Ballots Cast Blank,,,,0
Washington,27STG:08,County Commission Seat A,,REP,Bill Hoster,108
Washington,27STG:08,County Commission Seat A,,REP,Gil Almquist,155
Washington,27STG:08,County Commission Seat A,,REP,Over Votes,0
Washington,27STG:08,County Commission Seat A,,REP,Under Votes,5
Washington,27STG:08,County Commission Seat B,,REP,Over Votes,0
Washington,27STG:08,County Commission Seat B,,REP,Troy G Belliston,119
Washington,27STG:08,County Commission Seat B,,REP,Under Votes,2
Washington,27STG:08,County Commission Seat B,,REP,Victor Iverson,147
Washington,27STG:08,Registered Voters,,,,587
Washington,27STG:08,U.S. House,3,REP,Celeste Maloy,186
Washington,27STG:08,U.S. House,3,REP,Over Votes,0
Washington,27STG:08,U.S. House,3,REP,Phil Lyman,80
Washington,27STG:08,U.S. House,3,REP,Under Votes,2
Washington,27STG:09,Ballots Cast,,,,224
Washington,27STG:09,Ballots Cast Blank,,,,0
Washington,27STG:09,County Commission Seat A,,REP,Bill Hoster,96
Washington,27STG:09,County Commission Seat A,,REP,Gil Almquist,121
Washington,27STG:09,County Commission Seat A,,REP,Over Votes,0
Washington,27STG:09,County Commission Seat A,,REP,Under Votes,7
Washington,27STG:09,County Commission Seat B,,REP,Over Votes,0
Washington,27STG:09,County Commission Seat B,,REP,Troy G Belliston,117
Washington,27STG:09,County Commission Seat B,,REP,Under Votes,4
Washington,27STG:09,County Commission Seat B,,REP,Victor Iverson,103
Washington,27STG:09,Registered Voters,,,,725
Washington,27STG:09,U.S. House,3,REP,Celeste Maloy,138
Washington,27STG:09,U.S. House,3,REP,Over Votes,0
Washington,27STG:09,U.S. House,3,REP,Phil Lyman,82
Washington,27STG:09,U.S. House,3,REP,Under Votes,4
Washington,27STG:10,Ballots Cast,,,,311
Washington,27STG:10,Ballots Cast Blank,,,,0
Washington,27STG:10,County Commission Seat A,,REP,Bill Hoster,124
Washington,27STG:10,County Commission Seat A,,REP,Gil Almquist,174
Washington,27STG:10,County Commission Seat A,,REP,Over Votes,0
Washington,27STG:10,County Commission Seat A,,REP,Under Votes,13
Washington,27STG:10,County Commission Seat B,,REP,Over Votes,0
Washington,27STG:10,County Commission Seat B,,REP,Troy G Belliston,174
Washington,27STG:10,County Commission Seat B,,REP,Under Votes,10
Washington,27STG:10,County Commission Seat B,,REP,Victor Iverson,127
Washington,27STG:10,Registered Voters,,,,696
Washington,27STG:10,U.S. House,3,REP,Celeste Maloy,208
Washington,27STG:10,U.S. House,3,REP,Over Votes,0
Washington,27STG:10,U.S. House,3,REP,Phil Lyman,98
Washington,27STG:10,U.S. House,3,REP,Under Votes,5
Washington,27STG:11,Ballots Cast,,,,245
Washington,27STG:11,Ballots Cast Blank,,,,1
Washington,27STG:11,County Commission Seat A,,REP,Bill Hoster,81
Washington,27STG:11,County Commission Seat A,,REP,Gil Almquist,160
Washington,27STG:11,County Commission Seat A,,REP,Over Votes,0
Washington,27STG:11,County Commission Seat A,,REP,Under Votes,4
Washington,27STG:11,County Commission Seat B,,REP,Over Votes,0
Washington,27STG:11,County Commission Seat B,,REP,Troy G Belliston,114
Washington,27STG:11,County Commission Seat B,,REP,Under Votes,4
Washington,27STG:11,County Commission Seat B,,REP,Victor Iverson,127
Washington,27STG:11,Registered Voters,,,,613
Washington,27STG:11,U.S. House,3,REP,Celeste Maloy,158
Washington,27STG:11,U.S. House,3,REP,Over Votes,0
Washington,27STG:11,U.S. House,3,REP,Phil Lyman,85
Washington,27STG:11,U.S. House,3,REP,Under Votes,2
Washington,27STG:12,Ballots Cast,,,,291
Washington,27STG:12,Ballots Cast Blank,,,,0
Washington,27STG:12,County Commission Seat A,,REP,Bill Hoster,97
Washington,27STG:12,County Commission Seat A,,REP,Gil Almquist,188
Washington,27STG:12,County Commission Seat A,,REP,Over Votes,0
Washington,27STG:12,County Commission Seat A,,REP,Under Votes,6
Washington,27STG:12,County Commission Seat B,,REP,Over Votes,0
Washington,27STG:12,County Commission Seat B,,REP,Troy G Belliston,133
Washington,27STG:12,County Commission Seat B,,REP,Under Votes,6
Washington,27STG:12,County Commission Seat B,,REP,Victor Iverson,152
Washington,27STG:12,Registered Voters,,,,633
Washington,27STG:12,U.S. House,3,REP,Celeste Maloy,224
Washington,27STG:12,U.S. House,3,REP,Over Votes,0
Washington,27STG:12,U.S. House,3,REP,Phil Lyman,66
Washington,27STG:12,U.S. House,3,REP,Under Votes,1
Washington,27STG:13,Ballots Cast,,,,287
Washington,27STG:13,Ballots Cast Blank,,,,1
Washington,27STG:13,County Commission Seat A,,REP,Bill Hoster,92
Washington,27STG:13,County Commission Seat A,,REP,Gil Almquist,193
Washington,27STG:13,County Commission Seat A,,REP,Over Votes,0
Washington,27STG:13,County Commission Seat A,,REP,Under Votes,2
Washington,27STG:13,County Commission Seat B,,REP,Over Votes,0
Washington,27STG:13,County Commission Seat B,,REP,Troy G Belliston,142
Washington,27STG:13,County Commission Seat B,,REP,Under Votes,6
Washington,27STG:13,County Commission Seat B,,REP,Victor Iverson,139
Washington,27STG:13,Registered Voters,,,,712
Washington,27STG:13,U.S. House,3,REP,Celeste Maloy,196
Washington,27STG:13,U.S. House,3,REP,Over Votes,0
Washington,27STG:13,U.S. House,3,REP,Phil Lyman,86
Washington,27STG:13,U.S. House,3,REP,Under Votes,5
Washington,27STG:14,Ballots Cast,,,,287
Washington,27STG:14,Ballots Cast Blank,,,,0
Washington,27STG:14,County Commission Seat A,,REP,Bill Hoster,104
Washington,27STG:14,County Commission Seat A,,REP,Gil Almquist,182
Washington,27STG:14,County Commission Seat A,,REP,Over Votes,0
Washington,27STG:14,County Commission Seat A,,REP,Under Votes,1
Washington,27STG:14,County Commission Seat B,,REP,Over Votes,0
Washington,27STG:14,County Commission Seat B,,REP,Troy G Belliston,149
Washington,27STG:14,County Commission Seat B,,REP,Under Votes,4
Washington,27STG:14,County Commission Seat B,,REP,Victor Iverson,134
Washington,27STG:14,Registered Voters,,,,787
Washington,27STG:14,U.S. House,3,REP,Celeste Maloy,192
Washington,27STG:14,U.S. House,3,REP,Over Votes,0
Washington,27STG:14,U.S. House,3,REP,Phil Lyman,92
Washington,27STG:14,U.S. House,3,REP,Under Votes,3
Washington,27STG:15,Ballots Cast,,,,265
Washington,27STG:15,Ballots Cast Blank,,,,0
Washington,27STG:15,County Commission Seat A,,REP,Bill Hoster,116
Washington,27STG:15,County Commission Seat A,,REP,Gil Almquist,145
Washington,27STG:15,County Commission Seat A,,REP,Over Votes,0
Washington,27STG:15,County Commission Seat A,,REP,Under Votes,4
Washington,27STG:15,County Commission Seat B,,REP,Over Votes,0
Washington,27STG:15,County Commission Seat B,,REP,Troy G Belliston,141
Washington,27STG:15,County Commission Seat B,,REP,Under Votes,3
Washington,27STG:15,County Commission Seat B,,REP,Victor Iverson,121
Washington,27STG:15,Registered Voters,,,,818
Washington,27STG:15,U.S. House,3,REP,Celeste Maloy,179
Washington,27STG:15,U.S. House,3,REP,Over Votes,0
Washington,27STG:15,U.S. House,3,REP,Phil Lyman,83
Washington,27STG:15,U.S. House,3,REP,Under Votes,3
Washington,27STG:16,Ballots Cast,,,,285
Washington,27STG:16,Ballots Cast Blank,,,,0
Washington,27STG:16,County Commission Seat A,,REP,Bill Hoster,87
Washington,27STG:16,County Commission Seat A,,REP,Gil Almquist,196
Washington,27STG:16,County Commission Seat A,,REP,Over Votes,0
Washington,27STG:16,County Commission Seat A,,REP,Under Votes,2
Washington,27STG:16,County Commission Seat B,,REP,Over Votes,0
Washington,27STG:16,County Commission Seat B,,REP,Troy G Belliston,139
Washington,27STG:16,County Commission Seat B,,REP,Under Votes,2
Washington,27STG:16,County Commission Seat B,,REP,Victor Iverson,144
Washington,27STG:16,Registered Voters,,,,682
Washington,27STG:16,U.S. House,3,REP,Celeste Maloy,189
Washington,27STG:16,U.S. House,3,REP,Over Votes,0
Washington,27STG:16,U.S. House,3,REP,Phil Lyman,94
Washington,27STG:16,U.S. House,3,REP,Under Votes,2
Washington,27STG:17,Ballots Cast,,,,191
Washington,27STG:17,Ballots Cast Blank,,,,2
Washington,27STG:17,County Commission Seat A,,REP,Bill Hoster,68
Washington,27STG:17,County Commission Seat A,,REP,Gil Almquist,120
Washington,27STG:17,County Commission Seat A,,REP,Over Votes,0
Washington,27STG:17,County Commission Seat A,,REP,Under Votes,3
Washington,27STG:17,County Commission Seat B,,REP,Over Votes,0
Washington,27STG:17,County Commission Seat B,,REP,Troy G Belliston,102
Washington,27STG:17,County Commission Seat B,,REP,Under Votes,3
Washington,27STG:17,County Commission Seat B,,REP,Victor Iverson,86
Washington,27STG:17,Registered Voters,,,,439
Washington,27STG:17,U.S. House,3,REP,Celeste Maloy,123
Washington,27STG:17,U.S. House,3,REP,Over Votes,0
Washington,27STG:17,U.S. House,3,REP,Phil Lyman,64
Washington,27STG:17,U.S. House,3,REP,Under Votes,4
Washington,27STG:18,Ballots Cast,,,,197
Washington,27STG:18,Ballots Cast Blank,,,,1
Washington,27STG:18,County Commission Seat A,,REP,Bill Hoster,52
Washington,27STG:18,County Commission Seat A,,REP,Gil Almquist,140
Washington,27STG:18,County Commission Seat A,,REP,Over Votes,0
Washington,27STG:18,County Commission Seat A,,REP,Under Votes,5
Washington,27STG:18,County Commission Seat B,,REP,Over Votes,0
Washington,27STG:18,County Commission Seat B,,REP,Troy G Belliston,94
Washington,27STG:18,County Commission Seat B,,REP,Under Votes,6
Washington,27STG:18,County Commission Seat B,,REP,Victor Iverson,97
Washington,27STG:18,Registered Voters,,,,580
Washington,27STG:18,U.S. House,3,REP,Celeste Maloy,108
Washington,27STG:18,U.S. House,3,REP,Over Votes,0
Washington,27STG:18,U.S. House,3,REP,Phil Lyman,83
Washington,27STG:18,U.S. House,3,REP,Under Votes,6
Washington,27STG:19,Ballots Cast,,,,204
Washington,27STG:19,Ballots Cast Blank,,,,1
Washington,27STG:19,County Commission Seat A,,REP,Bill Hoster,77
Washington,27STG:19,County Commission Seat A,,REP,Gil Almquist,123
Washington,27STG:19,County Commission Seat A,,REP,Over Votes,0
Washington,27STG:19,County Commission Seat A,,REP,Under Votes,4
Washington,27STG:19,County Commission Seat B,,REP,Over Votes,0
Washington,27STG:19,County Commission Seat B,,REP,Troy G Belliston,110
Washington,27STG:19,County Commission Seat B,,REP,Under Votes,2
Washington,27STG:19,County Commission Seat B,,REP,Victor Iverson,92
Washington,27STG:19,Registered Voters,,,,775
Washington,27STG:19,U.S. House,3,REP,Celeste Maloy,123
Washington,27STG:19,U.S. House,3,REP,Over Votes,0
Washington,27STG:19,U.S. House,3,REP,Phil Lyman,76
Washington,27STG:19,U.S. House,3,REP,Under Votes,5
Washington,27STG:20,Ballots Cast,,,,180
Washington,27STG:20,Ballots Cast Blank,,,,0
Washington,27STG:20,County Commission Seat A,,REP,Bill Hoster,70
Washington,27STG:20,County Commission Seat A,,REP,Gil Almquist,106
Washington,27STG:20,County Commission Seat A,,REP,Over Votes,0
Washington,27STG:20,County Commission Seat A,,REP,Under Votes,4
Washington,27STG:20,County Commission Seat B,,REP,Over Votes,0
Washington,27STG:20,County Commission Seat B,,REP,Troy G Belliston,79
Washington,27STG:20,County Commission Seat B,,REP,Under Votes,4
Washington,27STG:20,County Commission Seat B,,REP,Victor Iverson,97
Washington,27STG:20,Registered Voters,,,,683
Washington,27STG:20,U.S. House,3,REP,Celeste Maloy,91
Washington,27STG:20,U.S. House,3,REP,Over Votes,0
Washington,27STG:20,U.S. House,3,REP,Phil Lyman,87
Washington,27STG:20,U.S. House,3,REP,Under Votes,2
Washington,27STG:21,Ballots Cast,,,,197
Washington,27STG:21,Ballots Cast Blank,,,,0
Washington,27STG:21,County Commission Seat A,,REP,Bill Hoster,82
Washington,27STG:21,County Commission Seat A,,REP,Gil Almquist,112
Washington,27STG:21,County Commission Seat A,,REP,Over Votes,0
Washington,27STG:21,County Commission Seat A,,REP,Under Votes,3
Washington,27STG:21,County Commission Seat B,,REP,Over Votes,0
Washington,27STG:21,County Commission Seat B,,REP,Troy G Belliston,86
Washington,27STG:21,County Commission Seat B,,REP,Under Votes,1
Washington,27STG:21,County Commission Seat B,,REP,Victor Iverson,110
Washington,27STG:21,Registered Voters,,,,787
Washington,27STG:21,U.S. House,3,REP,Celeste Maloy,122
Washington,27STG:21,U.S. House,3,REP,Over Votes,0
Washington,27STG:21,U.S. House,3,REP,Phil Lyman,73
Washington,27STG:21,U.S. House,3,REP,Under Votes,2
Washington,27STG:22,Ballots Cast,,,,174
Washington,27STG:22,Ballots Cast Blank,,,,0
Washington,27STG:22,County Commission Seat A,,REP,Bill Hoster,70
Washington,27STG:22,County Commission Seat A,,REP,Gil Almquist,100
Washington,27STG:22,County Commission Seat A,,REP,Over Votes,0
Washington,27STG:22,County Commission Seat A,,REP,Under Votes,4
Washington,27STG:22,County Commission Seat B,,REP,Over Votes,0
Washington,27STG:22,County Commission Seat B,,REP,Troy G Belliston,95
Washington,27STG:22,County Commission Seat B,,REP,Under Votes,3
Washington,27STG:22,County Commission Seat B,,REP,Victor Iverson,76
Washington,27STG:22,Registered Voters,,,,821
Washington,27STG:22,U.S. House,3,REP,Celeste Maloy,94
Washington,27STG:22,U.S. House,3,REP,Over Votes,0
Washington,27STG:22,U.S. House,3,REP,Phil Lyman,76
Washington,27STG:22,U.S. House,3,REP,Under Votes,4
Washington,27STG:23,Ballots Cast,,,,172
Washington,27STG:23,Ballots Cast Blank,,,,0
Washington,27STG:23,County Commission Seat A,,REP,Bill Hoster,85
Washington,27STG:23,County Commission Seat A,,REP,Gil Almquist,85
Washington,27STG:23,County Commission Seat A,,REP,Over Votes,0
Washington,27STG:23,County Commission Seat A,,REP,Under Votes,2
Washington,27STG:23,County Commission Seat B,,REP,Over Votes,0
Washington,27STG:23,County Commission Seat B,,REP,Troy G Belliston,97
Washington,27STG:23,County Commission Seat B,,REP,Under Votes,4
Washington,27STG:23,County Commission Seat B,,REP,Victor Iverson,71
Washington,27STG:23,Registered Voters,,,,624
Washington,27STG:23,U.S. House,3,REP,Celeste Maloy,101
Washington,27STG:23,U.S. House,3,REP,Over Votes,0
Washington,27STG:23,U.S. House,3,REP,Phil Lyman,71
Washington,27STG:23,U.S. House,3,REP,Under Votes,0
Washington,27STG:24,Ballots Cast,,,,107
Washington,27STG:24,Ballots Cast Blank,,,,0
Washington,27STG:24,County Commission Seat A,,REP,Bill Hoster,63
Washington,27STG:24,County Commission Seat A,,REP,Gil Almquist,42
Washington,27STG:24,County Commission Seat A,,REP,Over Votes,0
Washington,27STG:24,County Commission Seat A,,REP,Under Votes,2
Washington,27STG:24,County Commission Seat B,,REP,Over Votes,0
Washington,27STG:24,County Commission Seat B,,REP,Troy G Belliston,57
Washington,27STG:24,County Commission Seat B,,REP,Under Votes,2
Washington,27STG:24,County Commission Seat B,,REP,Victor Iverson,48
Washington,27STG:24,Registered Voters,,,,628
Washington,27STG:24,U.S. House,3,REP,Celeste Maloy,49
Washington,27STG:24,U.S. House,3,REP,Over Votes,0
Washington,27STG:24,U.S. House,3,REP,Phil Lyman,58
Washington,27STG:24,U.S. House,3,REP,Under Votes,0
Washington,27STG:25,Ballots Cast,,,,241
Washington,27STG:25,Ballots Cast Blank,,,,0
Washington,27STG:25,County Commission Seat A,,REP,Bill Hoster,116
Washington,27STG:25,County Commission Seat A,,REP,Gil Almquist,118
Washington,27STG:25,County Commission Seat A,,REP,Over Votes,0
Washington,27STG:25,County Commission Seat A,,REP,Under Votes,7
Washington,27STG:25,County Commission Seat B,,REP,Over Votes,0
Washington,27STG:25,County Commission Seat B,,REP,Troy G Belliston,134
Washington,27STG:25,County Commission Seat B,,REP,Under Votes,6
Washington,27STG:25,County Commission Seat B,,REP,Victor Iverson,101
Washington,27STG:25,Registered Voters,,,,841
Washington,27STG:25,U.S. House,3,REP,Celeste Maloy,157
Washington,27STG:25,U.S. House,3,REP,Over Votes,0
Washington,27STG:25,U.S. House,3,REP,Phil Lyman,84
Washington,27STG:25,U.S. House,3,REP,Under Votes,0
Washington,27STG:26,Ballots Cast,,,,256
Washington,27STG:26,Ballots Cast Blank,,,,0
Washington,27STG:26,County Commission Seat A,,REP,Bill Hoster,111
Washington,27STG:26,County Commission Seat A,,REP,Gil Almquist,143
Washington,27STG:26,County Commission Seat A,,REP,Over Votes,0
Washington,27STG:26,County Commission Seat A,,REP,Under Votes,2
Washington,27STG:26,County Commission Seat B,,REP,Over Votes,0
Washington,27STG:26,County Commission Seat B,,REP,Troy G Belliston,135
Washington,27STG:26,County Commission Seat B,,REP,Under Votes,3
Washington,27STG:26,County Commission Seat B,,REP,Victor Iverson,118
Washington,27STG:26,Registered Voters,,,,912
Washington,27STG:26,U.S. House,3,REP,Celeste Maloy,162
Washington,27STG:26,U.S. House,3,REP,Over Votes,0
Washington,27STG:26,U.S. House,3,REP,Phil Lyman,91
Washington,27STG:26,U.S. House,3,REP,Under Votes,3
Washington,27STG:27,Ballots Cast,,,,367
Washington,27STG:27,Ballots Cast Blank,,,,1
Washington,27STG:27,County Commission Seat A,,REP,Bill Hoster,160
Washington,27STG:27,County Commission Seat A,,REP,Gil Almquist,198
Washington,27STG:27,County Commission Seat A,,REP,Over Votes,0
Washington,27STG:27,County Commission Seat A,,REP,Under Votes,9
Washington,27STG:27,County Commission Seat B,,REP,Over Votes,0
Washington,27STG:27,County Commission Seat B,,REP,Troy G Belliston,167
Washington,27STG:27,County Commission Seat B,,REP,Under Votes,10
Washington,27STG:27,County Commission Seat B,,REP,Victor Iverson,190
Washington,27STG:27,Registered Voters,,,,563
Washington,27STG:27,U.S. House,3,REP,Celeste Maloy,258
Washington,27STG:27,U.S. House,3,REP,Over Votes,0
Washington,27STG:27,U.S. House,3,REP,Phil Lyman,105
Washington,27STG:27,U.S. House,3,REP,Under Votes,4
Washington,27STG:28,Ballots Cast,,,,468
Washington,27STG:28,Ballots Cast Blank,,,,0
Washington,27STG:28,County Commission Seat A,,REP,Bill Hoster,199
Washington,27STG:28,County Commission Seat A,,REP,Gil Almquist,253
Washington,27STG:28,County Commission Seat A,,REP,Over Votes,0
Washington,27STG:28,County Commission Seat A,,REP,Under Votes,16
Washington,27STG:28,County Commission Seat B,,REP,Over Votes,0
Washington,27STG:28,County Commission Seat B,,REP,Troy G Belliston,230
Washington,27STG:28,County Commission Seat B,,REP,Under Votes,13
Washington,27STG:28,County Commission Seat B,,REP,Victor Iverson,225
Washington,27STG:28,Registered Voters,,,,762
Washington,27STG:28,U.S. House,3,REP,Celeste Maloy,325
Washington,27STG:28,U.S. House,3,REP,Over Votes,0
Washington,27STG:28,U.S. House,3,REP,Phil Lyman,142
Washington,27STG:28,U.S. House,3,REP,Under Votes,1
Washington,27STG:29,Ballots Cast,,,,280
Washington,27STG:29,Ballots Cast Blank,,,,0
Washington,27STG:29,County Commission Seat A,,REP,Bill Hoster,122
Washington,27STG:29,County Commission Seat A,,REP,Gil Almquist,154
Washington,27STG:29,County Commission Seat A,,REP,Over Votes,0
Washington,27STG:29,County Commission Seat A,,REP,Under Votes,4
Washington,27STG:29,County Commission Seat B,,REP,Over Votes,0
Washington,27STG:29,County Commission Seat B,,REP,Troy G Belliston,145
Washington,27STG:29,County Commission Seat B,,REP,Under Votes,6
Washington,27STG:29,County Commission Seat B,,REP,Victor Iverson,129
Washington,27STG:29,Registered Voters,,,,450
Washington,27STG:29,U.S. House,3,REP,Celeste Maloy,199
Washington,27STG:29,U.S. House,3,REP,Over Votes,0
Washington,27STG:29,U.S. House,3,REP,Phil Lyman,78
Washington,27STG:29,U.S. House,3,REP,Under Votes,3
Washington,27STG:30,Ballots Cast,,,,297
Washington,27STG:30,Ballots Cast Blank,,,,0
Washington,27STG:30,County Commission Seat A,,REP,Bill Hoster,136
Washington,27STG:30,County Commission Seat A,,REP,Gil Almquist,157
Washington,27STG:30,County Commission Seat A,,REP,Over Votes,0
Washington,27STG:30,County Commission Seat A,,REP,Under Votes,4
Washington,27STG:30,County Commission Seat B,,REP,Over Votes,0
Washington,27STG:30,County Commission Seat B,,REP,Troy G Belliston,115
Washington,27STG:30,County Commission Seat B,,REP,Under Votes,8
Washington,27STG:30,County Commission Seat B,,REP,Victor Iverson,174
Washington,27STG:30,Registered Voters,,,,525
Washington,27STG:30,U.S. House,3,REP,Celeste Maloy,219
Washington,27STG:30,U.S. House,3,REP,Over Votes,0
Washington,27STG:30,U.S. House,3,REP,Phil Lyman,72
Washington,27STG:30,U.S. House,3,REP,Under Votes,6
Washington,27STG:31,Ballots Cast,,,,150
Washington,27STG:31,Ballots Cast Blank,,,,0
Washington,27STG:31,County Commission Seat A,,REP,Bill Hoster,73
Washington,27STG:31,County Commission Seat A,,REP,Gil Almquist,76
Washington,27STG:31,County Commission Seat A,,REP,Over Votes,0
Washington,27STG:31,County Commission Seat A,,REP,Under Votes,1
Washington,27STG:31,County Commission Seat B,,REP,Over Votes,0
Washington,27STG:31,County Commission Seat B,,REP,Troy G Belliston,72
Washington,27STG:31,County Commission Seat B,,REP,Under Votes,4
Washington,27STG:31,County Commission Seat B,,REP,Victor Iverson,74
Washington,27STG:31,Registered Voters,,,,413
Washington,27STG:31,U.S. House,3,REP,Celeste Maloy,79
Washington,27STG:31,U.S. House,3,REP,Over Votes,0
Washington,27STG:31,U.S. House,3,REP,Phil Lyman,70
Washington,27STG:31,U.S. House,3,REP,Under Votes,1
Washington,27STG:32,Ballots Cast,,,,221
Washington,27STG:32,Ballots Cast Blank,,,,0
Washington,27STG:32,County Commission Seat A,,REP,Bill Hoster,95
Washington,27STG:32,County Commission Seat A,,REP,Gil Almquist,124
Washington,27STG:32,County Commission Seat A,,REP,Over Votes,0
Washington,27STG:32,County Commission Seat A,,REP,Under Votes,2
Washington,27STG:32,County Commission Seat B,,REP,Over Votes,0
Washington,27STG:32,County Commission Seat B,,REP,Troy G Belliston,126
Washington,27STG:32,County Commission Seat B,,REP,Under Votes,1
Washington,27STG:32,County Commission Seat B,,REP,Victor Iverson,94
Washington,27STG:32,Registered Voters,,,,510
Washington,27STG:32,U.S. House,3,REP,Celeste Maloy,140
Washington,27STG:32,U.S. House,3,REP,Over Votes,0
Washington,27STG:32,U.S. House,3,REP,Phil Lyman,78
Washington,27STG:32,U.S. House,3,REP,Under Votes,3
Washington,27STG:33,Ballots Cast,,,,223
Washington,27STG:33,Ballots Cast Blank,,,,0
Washington,27STG:33,County Commission Seat A,,REP,Bill Hoster,95
Washington,27STG:33,County Commission Seat A,,REP,Gil Almquist,122
Washington,27STG:33,County Commission Seat A,,REP,Over Votes,0
Washington,27STG:33,County Commission Seat A,,REP,Under Votes,6
Washington,27STG:33,County Commission Seat B,,REP,Over Votes,0
Washington,27STG:33,County Commission Seat B,,REP,Troy G Belliston,130
Washington,27STG:33,County Commission Seat B,,REP,Under Votes,3
Washington,27STG:33,County Commission Seat B,,REP,Victor Iverson,90
Washington,27STG:33,Registered Voters,,,,622
Washington,27STG:33,U.S. House,3,REP,Celeste Maloy,151
Washington,27STG:33,U.S. House,3,REP,Over Votes,0
Washington,27STG:33,U.S. House,3,REP,Phil Lyman,69
Washington,27STG:33,U.S. House,3,REP,Under Votes,3
Washington,27STG:34,Ballots Cast,,,,233
Washington,27STG:34,Ballots Cast Blank,,,,0
Washington,27STG:34,County Commission Seat A,,REP,Bill Hoster,102
Washington,27STG:34,County Commission Seat A,,REP,Gil Almquist,126
Washington,27STG:34,County Commission Seat A,,REP,Over Votes,0
Washington,27STG:34,County Commission Seat A,,REP,Under Votes,5
Washington,27STG:34,County Commission Seat B,,REP,Over Votes,0
Washington,27STG:34,County Commission Seat B,,REP,Troy G Belliston,118
Washington,27STG:34,County Commission Seat B,,REP,Under Votes,6
Washington,27STG:34,County Commission Seat B,,REP,Victor Iverson,109
Washington,27STG:34,Registered Voters,,,,642
Washington,27STG:34,U.S. House,3,REP,Celeste Maloy,148
Washington,27STG:34,U.S. House,3,REP,Over Votes,0
Washington,27STG:34,U.S. House,3,REP,Phil Lyman,82
Washington,27STG:34,U.S. House,3,REP,Under Votes,3
Washington,27STG:35,Ballots Cast,,,,253
Washington,27STG:35,Ballots Cast Blank,,,,0
Washington,27STG:35,County Commission Seat A,,REP,Bill Hoster,120
Washington,27STG:35,County Commission Seat A,,REP,Gil Almquist,130
Washington,27STG:35,County Commission Seat A,,REP,Over Votes,0
Washington,27STG:35,County Commission Seat A,,REP,Under Votes,3
Washington,27STG:35,County Commission Seat B,,REP,Over Votes,0
Washington,27STG:35,County Commission Seat B,,REP,Troy G Belliston,143
Washington,27STG:35,County Commission Seat B,,REP,Under Votes,2
Washington,27STG:35,County Commission Seat B,,REP,Victor Iverson,108
Washington,27STG:35,Registered Voters,,,,621
Washington,27STG:35,U.S. House,3,REP,Celeste Maloy,161
Washington,27STG:35,U.S. House,3,REP,Over Votes,0
Washington,27STG:35,U.S. House,3,REP,Phil Lyman,92
Washington,27STG:35,U.S. House,3,REP,Under Votes,0
Washington,27STG:36,Ballots Cast,,,,234
Washington,27STG:36,Ballots Cast Blank,,,,0
Washington,27STG:36,County Commission Seat A,,REP,Bill Hoster,105
Washington,27STG:36,County Commission Seat A,,REP,Gil Almquist,125
Washington,27STG:36,County Commission Seat A,,REP,Over Votes,0
Washington,27STG:36,County Commission Seat A,,REP,Under Votes,4
Washington,27STG:36,County Commission Seat B,,REP,Over Votes,0
Washington,27STG:36,County Commission Seat B,,REP,Troy G Belliston,111
Washington,27STG:36,County Commission Seat B,,REP,Under Votes,5
Washington,27STG:36,County Commission Seat B,,REP,Victor Iverson,118
Washington,27STG:36,Registered Voters,,,,444
Washington,27STG:36,U.S. House,3,REP,Celeste Maloy,159
Washington,27STG:36,U.S. House,3,REP,Over Votes,0
Washington,27STG:36,U.S. House,3,REP,Phil Lyman,74
Washington,27STG:36,U.S. House,3,REP,Under Votes,1
Washington,27STG:37,Ballots Cast,,,,184
Washington,27STG:37,Ballots Cast Blank,,,,0
Washington,27STG:37,County Commission Seat A,,REP,Bill Hoster,70
Washington,27STG:37,County Commission Seat A,,REP,Gil Almquist,110
Washington,27STG:37,County Commission Seat A,,REP,Over Votes,0
Washington,27STG:37,County Commission Seat A,,REP,Under Votes,4
Washington,27STG:37,County Commission Seat B,,REP,Over Votes,0
Washington,27STG:37,County Commission Seat B,,REP,Troy G Belliston,102
Washington,27STG:37,County Commission Seat B,,REP,Under Votes,4
Washington,27STG:37,County Commission Seat B,,REP,Victor Iverson,78
Washington,27STG:37,Registered Voters,,,,507
Washington,27STG:37,U.S. House,3,REP,Celeste Maloy,122
Washington,27STG:37,U.S. House,3,REP,Over Votes,0
Washington,27STG:37,U.S. House,3,REP,Phil Lyman,61
Washington,27STG:37,U.S. House,3,REP,Under Votes,1
Washington,27STG:38,Ballots Cast,,,,151
Washington,27STG:38,Ballots Cast Blank,,,,0
Washington,27STG:38,County Commission Seat A,,REP,Bill Hoster,63
Washington,27STG:38,County Commission Seat A,,REP,Gil Almquist,84
Washington,27STG:38,County Commission Seat A,,REP,Over Votes,0
Washington,27STG:38,County Commission Seat A,,REP,Under Votes,4
Washington,27STG:38,County Commission Seat B,,REP,Over Votes,0
Washington,27STG:38,County Commission Seat B,,REP,Troy G Belliston,84
Washington,27STG:38,County Commission Seat B,,REP,Under Votes,4
Washington,27STG:38,County Commission Seat B,,REP,Victor Iverson,63
Washington,27STG:38,Registered Voters,,,,395
Washington,27STG:38,U.S. House,3,REP,Celeste Maloy,98
Washington,27STG:38,U.S. House,3,REP,Over Votes,0
Washington,27STG:38,U.S. House,3,REP,Phil Lyman,53
Washington,27STG:38,U.S. House,3,REP,Under Votes,0
Washington,27STG:39,Ballots Cast,,,,120
Washington,27STG:39,Ballots Cast Blank,,,,0
Washington,27STG:39,County Commission Seat A,,REP,Bill Hoster,47
Washington,27STG:39,County Commission Seat A,,REP,Gil Almquist,73
Washington,27STG:39,County Commission Seat A,,REP,Over Votes,0
Washington,27STG:39,County Commission Seat A,,REP,Under Votes,0
Washington,27STG:39,County Commission Seat B,,REP,Over Votes,0
Washington,27STG:39,County Commission Seat B,,REP,Troy G Belliston,64
Washington,27STG:39,County Commission Seat B,,REP,Under Votes,0
Washington,27STG:39,County Commission Seat B,,REP,Victor Iverson,56
Washington,27STG:39,Registered Voters,,,,304
Washington,27STG:39,U.S. House,3,REP,Celeste Maloy,75
Washington,27STG:39,U.S. House,3,REP,Over Votes,0
Washington,27STG:39,U.S. House,3,REP,Phil Lyman,45
Washington,27STG:39,U.S. House,3,REP,Under Votes,0
Washington,27STG:40,Ballots Cast,,,,162
Washington,27STG:40,Ballots Cast Blank,,,,0
Washington,27STG:40,County Commission Seat A,,REP,Bill Hoster,69
Washington,27STG:40,County Commission Seat A,,REP,Gil Almquist,91
Washington,27STG:40,County Commission Seat A,,REP,Over Votes,0
Washington,27STG:40,County Commission Seat A,,REP,Under Votes,2
Washington,27STG:40,County Commission Seat B,,REP,Over Votes,0
Washington,27STG:40,County Commission Seat B,,REP,Troy G Belliston,84
Washington,27STG:40,County Commission Seat B,,REP,Under Votes,3
Washington,27STG:40,County Commission Seat B,,REP,Victor Iverson,75
Washington,27STG:40,Registered Voters,,,,459
Washington,27STG:40,U.S. House,3,REP,Celeste Maloy,111
Washington,27STG:40,U.S. House,3,REP,Over Votes,0
Washington,27STG:40,U.S. House,3,REP,Phil Lyman,51
Washington,27STG:40,U.S. House,3,REP,Under Votes,0
Washington,27STG:41,Ballots Cast,,,,140
Washington,27STG:41,Ballots Cast Blank,,,,0
Washington,27STG:41,County Commission Seat A,,REP,Bill Hoster,48
Washington,27STG:41,County Commission Seat A,,REP,Gil Almquist,88
Washington,27STG:41,County Commission Seat A,,REP,Over Votes,0
Washington,27STG:41,County Commission Seat A,,REP,Under Votes,4
Washington,27STG:41,County Commission Seat B,,REP,Over Votes,0
Washington,27STG:41,County Commission Seat B,,REP,Troy G Belliston,75
Washington,27STG:41,County Commission Seat B,,REP,Under Votes,10
Washington,27STG:41,County Commission Seat B,,REP,Victor Iverson,55
Washington,27STG:41,Registered Voters,,,,343
Washington,27STG:41,U.S. House,3,REP,Celeste Maloy,55
Washington,27STG:41,U.S. House,3,REP,Over Votes,0
Washington,27STG:41,U.S. House,3,REP,Phil Lyman,81
Washington,27STG:41,U.S. House,3,REP,Under Votes,4
Washington,27STG:42,Ballots Cast,,,,164
Washington,27STG:42,Ballots Cast Blank,,,,0
Washington,27STG:42,County Commission Seat A,,REP,Bill Hoster,64
Washington,27STG:42,County Commission Seat A,,REP,Gil Almquist,98
Washington,27STG:42,County Commission Seat A,,REP,Over Votes,0
Washington,27STG:42,County Commission Seat A,,REP,Under Votes,2
Washington,27STG:42,County Commission Seat B,,REP,Over Votes,1
Washington,27STG:42,County Commission Seat B,,REP,Troy G Belliston,69
Washington,27STG:42,County Commission Seat B,,REP,Under Votes,3
Washington,27STG:42,County Commission Seat B,,REP,Victor Iverson,91
Washington,27STG:42,Registered Voters,,,,435
Washington,27STG:42,U.S. House,3,REP,Celeste Maloy,115
Washington,27STG:42,U.S. House,3,REP,Over Votes,0
Washington,27STG:42,U.S. House,3,REP,Phil Lyman,46
Washington,27STG:42,U.S. House,3,REP,Under Votes,3
Washington,27STG:43,Ballots Cast,,,,245
Washington,27STG:43,Ballots Cast Blank,,,,0
Washington,27STG:43,County Commission Seat A,,REP,Bill Hoster,91
Washington,27STG:43,County Commission Seat A,,REP,Gil Almquist,150
Washington,27STG:43,County Commission Seat A,,REP,Over Votes,0
Washington,27STG:43,County Commission Seat A,,REP,Under Votes,4
Washington,27STG:43,County Commission Seat B,,REP,Over Votes,0
Washington,27STG:43,County Commission Seat B,,REP,Troy G Belliston,123
Washington,27STG:43,County Commission Seat B,,REP,Under Votes,3
Washington,27STG:43,County Commission Seat B,,REP,Victor Iverson,119
Washington,27STG:43,Registered Voters,,,,525
Washington,27STG:43,U.S. House,3,REP,Celeste Maloy,163
Washington,27STG:43,U.S. House,3,REP,Over Votes,0
Washington,27STG:43,U.S. House,3,REP,Phil Lyman,82
Washington,27STG:43,U.S. House,3,REP,Under Votes,0
Washington,27STG:44,Ballots Cast,,,,235
Washington,27STG:44,Ballots Cast Blank,,,,1
Washington,27STG:44,County Commission Seat A,,REP,Bill Hoster,92
Washington,27STG:44,County Commission Seat A,,REP,Gil Almquist,133
Washington,27STG:44,County Commission Seat A,,REP,Over Votes,0
Washington,27STG:44,County Commission Seat A,,REP,Under Votes,10
Washington,27STG:44,County Commission Seat B,,REP,Over Votes,0
Washington,27STG:44,County Commission Seat B,,REP,Troy G Belliston,112
Washington,27STG:44,County Commission Seat B,,REP,Under Votes,10
Washington,27STG:44,County Commission Seat B,,REP,Victor Iverson,113
Washington,27STG:44,Registered Voters,,,,600
Washington,27STG:44,U.S. House,3,REP,Celeste Maloy,138
Washington,27STG:44,U.S. House,3,REP,Over Votes,0
Washington,27STG:44,U.S. House,3,REP,Phil Lyman,96
Washington,27STG:44,U.S. House,3,REP,Under Votes,1
Washington,27STG:45,Ballots Cast,,,,185
Washington,27STG:45,Ballots Cast Blank,,,,0
Washington,27STG:45,County Commission Seat A,,REP,Bill Hoster,79
Washington,27STG:45,County Commission Seat A,,REP,Gil Almquist,102
Washington,27STG:45,County Commission Seat A,,REP,Over Votes,0
Washington,27STG:45,County Commission Seat A,,REP,Under Votes,4
Washington,27STG:45,County Commission Seat B,,REP,Over Votes,1
Washington,27STG:45,County Commission Seat B,,REP,Troy G Belliston,106
Washington,27STG:45,County Commission Seat B,,REP,Under Votes,6
Washington,27STG:45,County Commission Seat B,,REP,Victor Iverson,72
Washington,27STG:45,Registered Voters,,,,439
Washington,27STG:45,U.S. House,3,REP,Celeste Maloy,109
Washington,27STG:45,U.S. House,3,REP,Over Votes,0
Washington,27STG:45,U.S. House,3,REP,Phil Lyman,76
Washington,27STG:45,U.S. House,3,REP,Under Votes,0
Washington,27STG:46,Ballots Cast,,,,185
Washington,27STG:46,Ballots Cast Blank,,,,0
Washington,27STG:46,County Commission Seat A,,REP,Bill Hoster,62
Washington,27STG:46,County Commission Seat A,,REP,Gil Almquist,108
Washington,27STG:46,County Commission Seat A,,REP,Over Votes,5
Washington,27STG:46,County Commission Seat A,,REP,Under Votes,10
Washington,27STG:46,County Commission Seat B,,REP,Over Votes,5
Washington,27STG:46,County Commission Seat B,,REP,Troy G Belliston,96
Washington,27STG:46,County Commission Seat B,,REP,Under Votes,8
Washington,27STG:46,County Commission Seat B,,REP,Victor Iverson,76
Washington,27STG:46,Registered Voters,,,,536
Washington,27STG:46,U.S. House,3,REP,Celeste Maloy,119
Washington,27STG:46,U.S. House,3,REP,Over Votes,0
Washington,27STG:46,U.S. House,3,REP,Phil Lyman,62
Washington,27STG:46,U.S. House,3,REP,Under Votes,4
Washington,27STG:47,Ballots Cast,,,,228
Washington,27STG:47,Ballots Cast Blank,,,,0
Washington,27STG:47,County Commission Seat A,,REP,Bill Hoster,92
Washington,27STG:47,County Commission Seat A,,REP,Gil Almquist,134
Washington,27STG:47,County Commission Seat A,,REP,Over Votes,0
Washington,27STG:47,County Commission Seat A,,REP,Under Votes,2
Washington,27STG:47,County Commission Seat B,,REP,Over Votes,0
Washington,27STG:47,County Commission Seat B,,REP,Troy G Belliston,112
Washington,27STG:47,County Commission Seat B,,REP,Under Votes,7
Washington,27STG:47,County Commission Seat B,,REP,Victor Iverson,109
Washington,27STG:47,Registered Voters,,,,691
Washington,27STG:47,U.S. House,3,REP,Celeste Maloy,147
Washington,27STG:47,U.S. House,3,REP,Over Votes,0
Washington,27STG:47,U.S. House,3,REP,Phil Lyman,78
Washington,27STG:47,U.S. House,3,REP,Under Votes,3
Washington,27STG:48,Ballots Cast,,,,217
Washington,27STG:48,Ballots Cast Blank,,,,0
Washington,27STG:48,County Commission Seat A,,REP,Bill Hoster,73
Washington,27STG:48,County Commission Seat A,,REP,Gil Almquist,142
Washington,27STG:48,County Commission Seat A,,REP,Over Votes,0
Washington,27STG:48,County Commission Seat A,,REP,Under Votes,2
Washington,27STG:48,County Commission Seat B,,REP,Over Votes,0
Washington,27STG:48,County Commission Seat B,,REP,Troy G Belliston,119
Washington,27STG:48,County Commission Seat B,,REP,Under Votes,2
Washington,27STG:48,County Commission Seat B,,REP,Victor Iverson,96
Washington,27STG:48,Registered Voters,,,,554
Washington,27STG:48,U.S. House,3,REP,Celeste Maloy,141
Washington,27STG:48,U.S. House,3,REP,Over Votes,0
Washington,27STG:48,U.S. House,3,REP,Phil Lyman,75
Washington,27STG:48,U.S. House,3,REP,Under Votes,1
Washington,27STG:49,Ballots Cast,,,,232
Washington,27STG:49,Ballots Cast Blank,,,,0
Washington,27STG:49,County Commission Seat A,,REP,Bill Hoster,97
Washington,27STG:49,County Commission Seat A,,REP,Gil Almquist,135
Washington,27STG:49,County Commission Seat A,,REP,Over Votes,0
Washington,27STG:49,County Commission Seat A,,REP,Under Votes,0
Washington,27STG:49,County Commission Seat B,,REP,Over Votes,0
Washington,27STG:49,County Commission Seat B,,REP,Troy G Belliston,133
Washington,27STG:49,County Commission Seat B,,REP,Under Votes,0
Washington,27STG:49,County Commission Seat B,,REP,Victor Iverson,99
Washington,27STG:49,Registered Voters,,,,579
Washington,27STG:49,U.S. House,3,REP,Celeste Maloy,154
Washington,27STG:49,U.S. House,3,REP,Over Votes,0
Washington,27STG:49,U.S. House,3,REP,Phil Lyman,78
Washington,27STG:49,U.S. House,3,REP,Under Votes,0
Washington,27STG:50,Ballots Cast,,,,234
Washington,27STG:50,Ballots Cast Blank,,,,0
Washington,27STG:50,County Commission Seat A,,REP,Bill Hoster,99
Washington,27STG:50,County Commission Seat A,,REP,Gil Almquist,132
Washington,27STG:50,County Commission Seat A,,REP,Over Votes,0
Washington,27STG:50,County Commission Seat A,,REP,Under Votes,3
Washington,27STG:50,County Commission Seat B,,REP,Over Votes,0
Washington,27STG:50,County Commission Seat B,,REP,Troy G Belliston,124
Washington,27STG:50,County Commission Seat B,,REP,Under Votes,5
Washington,27STG:50,County Commission Seat B,,REP,Victor Iverson,105
Washington,27STG:50,Registered Voters,,,,618
Washington,27STG:50,U.S. House,3,REP,Celeste Maloy,163
Washington,27STG:50,U.S. House,3,REP,Over Votes,0
Washington,27STG:50,U.S. House,3,REP,Phil Lyman,67
Washington,27STG:50,U.S. House,3,REP,Under Votes,4
Washington,27STG:51,Ballots Cast,,,,234
Washington,27STG:51,Ballots Cast Blank,,,,0
Washington,27STG:51,County Commission Seat A,,REP,Bill Hoster,115
Washington,27STG:51,County Commission Seat A,,REP,Gil Almquist,118
Washington,27STG:51,County Commission Seat A,,REP,Over Votes,0
Washington,27STG:51,County Commission Seat A,,REP,Under Votes,1
Washington,27STG:51,County Commission Seat B,,REP,Over Votes,0
Washington,27STG:51,County Commission Seat B,,REP,Troy G Belliston,132
Washington,27STG:51,County Commission Seat B,,REP,Under Votes,1
Washington,27STG:51,County Commission Seat B,,REP,Victor Iverson,101
Washington,27STG:51,Registered Voters,,,,498
Washington,27STG:51,U.S. House,3,REP,Celeste Maloy,156
Washington,27STG:51,U.S. House,3,REP,Over Votes,0
Washington,27STG:51,U.S. House,3,REP,Phil Lyman,76
Washington,27STG:51,U.S. House,3,REP,Under Votes,2
Washington,27STG:52,Ballots Cast,,,,112
Washington,27STG:52,Ballots Cast Blank,,,,0
Washington,27STG:52,County Commission Seat A,,REP,Bill Hoster,47
Washington,27STG:52,County Commission Seat A,,REP,Gil Almquist,63
Washington,27STG:52,County Commission Seat A,,REP,Over Votes,0
Washington,27STG:52,County Commission Seat A,,REP,Under Votes,2
Washington,27STG:52,County Commission Seat B,,REP,Over Votes,0
Washington,27STG:52,County Commission Seat B,,REP,Troy G Belliston,57
Washington,27STG:52,County Commission Seat B,,REP,Under Votes,4
Washington,27STG:52,County Commission Seat B,,REP,Victor Iverson,51
Washington,27STG:52,Registered Voters,,,,382
Washington,27STG:52,U.S. House,3,REP,Celeste Maloy,74
Washington,27STG:52,U.S. House,3,REP,Over Votes,0
Washington,27STG:52,U.S. House,3,REP,Phil Lyman,38
Washington,27STG:52,U.S. House,3,REP,Under Votes,0
Washington,27STG:53,Ballots Cast,,,,96
Washington,27STG:53,Ballots Cast Blank,,,,0
Washington,27STG:53,County Commission Seat A,,REP,Bill Hoster,50
Washington,27STG:53,County Commission Seat A,,REP,Gil Almquist,45
Washington,27STG:53,County Commission Seat A,,REP,Over Votes,0
Washington,27STG:53,County Commission Seat A,,REP,Under Votes,1
Washington,27STG:53,County Commission Seat B,,REP,Over Votes,0
Washington,27STG:53,County Commission Seat B,,REP,Troy G Belliston,57
Washington,27STG:53,County Commission Seat B,,REP,Under Votes,1
Washington,27STG:53,County Commission Seat B,,REP,Victor Iverson,38
Washington,27STG:53,Registered Voters,,,,351
Washington,27STG:53,U.S. House,3,REP,Celeste Maloy,60
Washington,27STG:53,U.S. House,3,REP,Over Votes,0
Washington,27STG:53,U.S. House,3,REP,Phil Lyman,35
Washington,27STG:53,U.S. House,3,REP,Under Votes,1
Washington,27STG:54,Ballots Cast,,,,190
Washington,27STG:54,Ballots Cast Blank,,,,0
Washington,27STG:54,County Commission Seat A,,REP,Bill Hoster,84
Washington,27STG:54,County Commission Seat A,,REP,Gil Almquist,103
Washington,27STG:54,County Commission Seat A,,REP,Over Votes,0
Washington,27STG:54,County Commission Seat A,,REP,Under Votes,3
Washington,27STG:54,County Commission Seat B,,REP,Over Votes,0
Washington,27STG:54,County Commission Seat B,,REP,Troy G Belliston,92
Washington,27STG:54,County Commission Seat B,,REP,Under Votes,4
Washington,27STG:54,County Commission Seat B,,REP,Victor Iverson,94
Washington,27STG:54,Registered Voters,,,,452
Washington,27STG:54,U.S. House,3,REP,Celeste Maloy,116
Washington,27STG:54,U.S. House,3,REP,Over Votes,0
Washington,27STG:54,U.S. House,3,REP,Phil Lyman,73
Washington,27STG:54,U.S. House,3,REP,Under Votes,1
Washington,27STG:55,Ballots Cast,,,,180
Washington,27STG:55,Ballots Cast Blank,,,,0
Washington,27STG:55,County Commission Seat A,,REP,Bill Hoster,66
Washington,27STG:55,County Commission Seat A,,REP,Gil Almquist,113
Washington,27STG:55,County Commission Seat A,,REP,Over Votes,0
Washington,27STG:55,County Commission Seat A,,REP,Under Votes,1
Washington,27STG:55,County Commission Seat B,,REP,Over Votes,1
Washington,27STG:55,County Commission Seat B,,REP,Troy G Belliston,69
Washington,27STG:55,County Commission Seat B,,REP,Under Votes,1
Washington,27STG:55,County Commission Seat B,,REP,Victor Iverson,109
Washington,27STG:55,Registered Voters,,,,450
Washington,27STG:55,U.S. House,3,REP,Celeste Maloy,120
Washington,27STG:55,U.S. House,3,REP,Over Votes,0
Washington,27STG:55,U.S. House,3,REP,Phil Lyman,58
Washington,27STG:55,U.S. House,3,REP,Under Votes,2
Washington,27STG:56,Ballots Cast,,,,249
Washington,27STG:56,Ballots Cast Blank,,,,1
Washington,27STG:56,County Commission Seat A,,REP,Bill Hoster,94
Washington,27STG:56,County Commission Seat A,,REP,Gil Almquist,150
Washington,27STG:56,County Commission Seat A,,REP,Over Votes,0
Washington,27STG:56,County Commission Seat A,,REP,Under Votes,5
Washington,27STG:56,County Commission Seat B,,REP,Over Votes,0
Washington,27STG:56,County Commission Seat B,,REP,Troy G Belliston,126
Washington,27STG:56,County Commission Seat B,,REP,Under Votes,4
Washington,27STG:56,County Commission Seat B,,REP,Victor Iverson,119
Washington,27STG:56,Registered Voters,,,,554
Washington,27STG:56,U.S. House,3,REP,Celeste Maloy,180
Washington,27STG:56,U.S. House,3,REP,Over Votes,0
Washington,27STG:56,U.S. House,3,REP,Phil Lyman,66
Washington,27STG:56,U.S. House,3,REP,Under Votes,3
Washington,27STG:57,Ballots Cast,,,,340
Washington,27STG:57,Ballots Cast Blank,,,,0
Washington,27STG:57,County Commission Seat A,,REP,Bill Hoster,148
Washington,27STG:57,County Commission Seat A,,REP,Gil Almquist,186
Washington,27STG:57,County Commission Seat A,,REP,Over Votes,0
Washington,27STG:57,County Commission Seat A,,REP,Under Votes,6
Washington,27STG:57,County Commission Seat B,,REP,Over Votes,0
Washington,27STG:57,County Commission Seat B,,REP,Troy G Belliston,180
Washington,27STG:57,County Commission Seat B,,REP,Under Votes,7
Washington,27STG:57,County Commission Seat B,,REP,Victor Iverson,153
Washington,27STG:57,Registered Voters,,,,632
Washington,27STG:57,U.S. House,3,REP,Celeste Maloy,237
Washington,27STG:57,U.S. House,3,REP,Over Votes,0
Washington,27STG:57,U.S. House,3,REP,Phil Lyman,101
Washington,27STG:57,U.S. House,3,REP,Under Votes,2
Washington,27STG:58,Ballots Cast,,,,241
Washington,27STG:58,Ballots Cast Blank,,,,0
Washington,27STG:58,County Commission Seat A,,REP,Bill Hoster,107
Washington,27STG:58,County Commission Seat A,,REP,Gil Almquist,128
Washington,27STG:58,County Commission Seat A,,REP,Over Votes,0
Washington,27STG:58,County Commission Seat A,,REP,Under Votes,6
Washington,27STG:58,County Commission Seat B,,REP,Over Votes,0
Washington,27STG:58,County Commission Seat B,,REP,Troy G Belliston,141
Washington,27STG:58,County Commission Seat B,,REP,Under Votes,5
Washington,27STG:58,County Commission Seat B,,REP,Victor Iverson,95
Washington,27STG:58,Registered Voters,,,,465
Washington,27STG:58,U.S. House,3,REP,Celeste Maloy,128
Washington,27STG:58,U.S. House,3,REP,Over Votes,0
Washington,27STG:58,U.S. House,3,REP,Phil Lyman,112
Washington,27STG:58,U.S. House,3,REP,Under Votes,1
Washington,27STG:59,Ballots Cast,,,,86
Washington,27STG:59,Ballots Cast Blank,,,,0
Washington,27STG:59,County Commission Seat A,,REP,Bill Hoster,53
Washington,27STG:59,County Commission Seat A,,REP,Gil Almquist,32
Washington,27STG:59,County Commission Seat A,,REP,Over Votes,0
Washington,27STG:59,County Commission Seat A,,REP,Under Votes,1
Washington,27STG:59,County Commission Seat B,,REP,Over Votes,0
Washington,27STG:59,County Commission Seat B,,REP,Troy G Belliston,51
Washington,27STG:59,County Commission Seat B,,REP,Under Votes,1
Washington,27STG:59,County Commission Seat B,,REP,Victor Iverson,34
Washington,27STG:59,Registered Voters,,,,577
Washington,27STG:59,U.S. House,3,REP,Celeste Maloy,55
Washington,27STG:59,U.S. House,3,REP,Over Votes,0
Washington,27STG:59,U.S. House,3,REP,Phil Lyman,31
Washington,27STG:59,U.S. House,3,REP,Under Votes,0
Washington,27STG:60,Ballots Cast,,,,272
Washington,27STG:60,Ballots Cast Blank,,,,0
Washington,27STG:60,County Commission Seat A,,REP,Bill Hoster,116
Washington,27STG:60,County Commission Seat A,,REP,Gil Almquist,145
Washington,27STG:60,County Commission Seat A,,REP,Over Votes,0
Washington,27STG:60,County Commission Seat A,,REP,Under Votes,11
Washington,27STG:60,County Commission Seat B,,REP,Over Votes,0
Washington,27STG:60,County Commission Seat B,,REP,Troy G Belliston,139
Washington,27STG:60,County Commission Seat B,,REP,Under Votes,10
Washington,27STG:60,County Commission Seat B,,REP,Victor Iverson,123
Washington,27STG:60,Registered Voters,,,,548
Washington,27STG:60,U.S. House,3,REP,Celeste Maloy,204
Washington,27STG:60,U.S. House,3,REP,Over Votes,0
Washington,27STG:60,U.S. House,3,REP,Phil Lyman,67
Washington,27STG:60,U.S. House,3,REP,Under Votes,1
Washington,27TOQ:01,Ballots Cast,,,,229
Washington,27TOQ:01,Ballots Cast Blank,,,,0
Washington,27TOQ:01,County Commission Seat A,,REP,Bill Hoster,101
Washington,27TOQ:01,County Commission Seat A,,REP,Gil Almquist,122
Washington,27TOQ:01,County Commission Seat A,,REP,Over Votes,1
Washington,27TOQ:01,County Commission Seat A,,REP,Under Votes,5
Washington,27TOQ:01,County Commission Seat B,,REP,Over Votes,0
Washington,27TOQ:01,County Commission Seat B,,REP,Troy G Belliston,107
Washington,27TOQ:01,County Commission Seat B,,REP,Under Votes,4
Washington,27TOQ:01,County Commission Seat B,,REP,Victor Iverson,118
Washington,27TOQ:01,Registered Voters,,,,528
Washington,27TOQ:01,U.S. House,3,REP,Celeste Maloy,118
Washington,27TOQ:01,U.S. House,3,REP,Over Votes,0
Washington,27TOQ:01,U.S. House,3,REP,Phil Lyman,110
Washington,27TOQ:01,U.S. House,3,REP,Under Votes,1
Washington,27TOQ:02,Ballots Cast,,,,156
Washington,27TOQ:02,Ballots Cast Blank,,,,0
Washington,27TOQ:02,County Commission Seat A,,REP,Bill Hoster,53
Washington,27TOQ:02,County Commission Seat A,,REP,Gil Almquist,98
Washington,27TOQ:02,County Commission Seat A,,REP,Over Votes,0
Washington,27TOQ:02,County Commission Seat A,,REP,Under Votes,5
Washington,27TOQ:02,County Commission Seat B,,REP,Over Votes,0
Washington,27TOQ:02,County Commission Seat B,,REP,Troy G Belliston,63
Washington,27TOQ:02,County Commission Seat B,,REP,Under Votes,6
Washington,27TOQ:02,County Commission Seat B,,REP,Victor Iverson,87
Washington,27TOQ:02,Registered Voters,,,,274
Washington,27TOQ:02,U.S. House,3,REP,Celeste Maloy,105
Washington,27TOQ:02,U.S. House,3,REP,Over Votes,0
Washington,27TOQ:02,U.S. House,3,REP,Phil Lyman,50
Washington,27TOQ:02,U.S. House,3,REP,Under Votes,1
Washington,27VIR:01,Ballots Cast,,,,117
Washington,27VIR:01,Ballots Cast Blank,,,,0
Washington,27VIR:01,County Commission Seat A,,REP,Bill Hoster,42
Washington,27VIR:01,County Commission Seat A,,REP,Gil Almquist,72
Washington,27VIR:01,County Commission Seat A,,REP,Over Votes,0
Washington,27VIR:01,County Commission Seat A,,REP,Under Votes,3
Washington,27VIR:01,County Commission Seat B,,REP,Over Votes,0
Washington,27VIR:01,County Commission Seat B,,REP,Troy G Belliston,46
Washington,27VIR:01,County Commission Seat B,,REP,Under Votes,2
Washington,27VIR:01,County Commission Seat B,,REP,Victor Iverson,69
Washington,27VIR:01,Registered Voters,,,,238
Washington,27VIR:01,U.S. House,3,REP,Celeste Maloy,82
Washington,27VIR:01,U.S. House,3,REP,Over Votes,0
Washington,27VIR:01,U.S. House,3,REP,Phil Lyman,33
Washington,27VIR:01,U.S. House,3,REP,Under Votes,2
Washington,27WAS:01,Ballots Cast,,,,443
Washington,27WAS:01,Ballots Cast Blank,,,,1
Washington,27WAS:01,County Commission Seat A,,REP,Bill Hoster,284
Washington,27WAS:01,County Commission Seat A,,REP,Gil Almquist,140
Washington,27WAS:01,County Commission Seat A,,REP,Over Votes,3
Washington,27WAS:01,County Commission Seat A,,REP,Under Votes,16
Washington,27WAS:01,County Commission Seat B,,REP,Over Votes,3
Washington,27WAS:01,County Commission Seat B,,REP,Troy G Belliston,240
Washington,27WAS:01,County Commission Seat B,,REP,Under Votes,18
Washington,27WAS:01,County Commission Seat B,,REP,Victor Iverson,182
Washington,27WAS:01,Registered Voters,,,,742
Washington,27WAS:01,U.S. House,3,REP,Celeste Maloy,254
Washington,27WAS:01,U.S. House,3,REP,Over Votes,0
Washington,27WAS:01,U.S. House,3,REP,Phil Lyman,184
Washington,27WAS:01,U.S. House,3,REP,Under Votes,5
Washington,27WAS:02,Ballots Cast,,,,415
Washington,27WAS:02,Ballots Cast Blank,,,,0
Washington,27WAS:02,County Commission Seat A,,REP,Bill Hoster,215
Washington,27WAS:02,County Commission Seat A,,REP,Gil Almquist,192
Washington,27WAS:02,County Commission Seat A,,REP,Over Votes,0
Washington,27WAS:02,County Commission Seat A,,REP,Under Votes,8
Washington,27WAS:02,County Commission Seat B,,REP,Over Votes,0
Washington,27WAS:02,County Commission Seat B,,REP,Troy G Belliston,262
Washington,27WAS:02,County Commission Seat B,,REP,Under Votes,9
Washington,27WAS:02,County Commission Seat B,,REP,Victor Iverson,144
Washington,27WAS:02,Registered Voters,,,,689
Washington,27WAS:02,U.S. House,3,REP,Celeste Maloy,278
Washington,27WAS:02,U.S. House,3,REP,Over Votes,0
Washington,27WAS:02,U.S. House,3,REP,Phil Lyman,134
Washington,27WAS:02,U.S. House,3,REP,Under Votes,3
Washington,27WAS:03,Ballots Cast,,,,234
Washington,27WAS:03,Ballots Cast Blank,,,,0
Washington,27WAS:03,County Commission Seat A,,REP,Bill Hoster,105
Washington,27WAS:03,County Commission Seat A,,REP,Gil Almquist,121
Washington,27WAS:03,County Commission Seat A,,REP,Over Votes,0
Washington,27WAS:03,County Commission Seat A,,REP,Under Votes,8
Washington,27WAS:03,County Commission Seat B,,REP,Over Votes,0
Washington,27WAS:03,County Commission Seat B,,REP,Troy G Belliston,155
Washington,27WAS:03,County Commission Seat B,,REP,Under Votes,5
Washington,27WAS:03,County Commission Seat B,,REP,Victor Iverson,74
Washington,27WAS:03,Registered Voters,,,,422
Washington,27WAS:03,U.S. House,3,REP,Celeste Maloy,162
Washington,27WAS:03,U.S. House,3,REP,Over Votes,0
Washington,27WAS:03,U.S. House,3,REP,Phil Lyman,67
Washington,27WAS:03,U.S. House,3,REP,Under Votes,5
Washington,27WAS:04,Ballots Cast,,,,174
Washington,27WAS:04,Ballots Cast Blank,,,,0
Washington,27WAS:04,County Commission Seat A,,REP,Bill Hoster,88
Washington,27WAS:04,County Commission Seat A,,REP,Gil Almquist,77
Washington,27WAS:04,County Commission Seat A,,REP,Over Votes,0
Washington,27WAS:04,County Commission Seat A,,REP,Under Votes,9
Washington,27WAS:04,County Commission Seat B,,REP,Over Votes,0
Washington,27WAS:04,County Commission Seat B,,REP,Troy G Belliston,110
Washington,27WAS:04,County Commission Seat B,,REP,Under Votes,7
Washington,27WAS:04,County Commission Seat B,,REP,Victor Iverson,57
Washington,27WAS:04,Registered Voters,,,,551
Washington,27WAS:04,U.S. House,3,REP,Celeste Maloy,129
Washington,27WAS:04,U.S. House,3,REP,Over Votes,0
Washington,27WAS:04,U.S. House,3,REP,Phil Lyman,44
Washington,27WAS:04,U.S. House,3,REP,Under Votes,1
Washington,27WAS:05,Ballots Cast,,,,210
Washington,27WAS:05,Ballots Cast Blank,,,,0
Washington,27WAS:05,County Commission Seat A,,REP,Bill Hoster,82
Washington,27WAS:05,County Commission Seat A,,REP,Gil Almquist,123
Washington,27WAS:05,County Commission Seat A,,REP,Over Votes,0
Washington,27WAS:05,County Commission Seat A,,REP,Under Votes,5
Washington,27WAS:05,County Commission Seat B,,REP,Over Votes,0
Washington,27WAS:05,County Commission Seat B,,REP,Troy G Belliston,100
Washington,27WAS:05,County Commission Seat B,,REP,Under Votes,3
Washington,27WAS:05,County Commission Seat B,,REP,Victor Iverson,107
Washington,27WAS:05,Registered Voters,,,,581
Washington,27WAS:05,U.S. House,3,REP,Celeste Maloy,118
Washington,27WAS:05,U.S. House,3,REP,Over Votes,0
Washington,27WAS:05,U.S. House,3,REP,Phil Lyman,90
Washington,27WAS:05,U.S. House,3,REP,Under Votes,2
Washington,27WAS:06,Ballots Cast,,,,149
Washington,27WAS:06,Ballots Cast Blank,,,,0
Washington,27WAS:06,County Commission Seat A,,REP,Bill Hoster,63
Washington,27WAS:06,County Commission Seat A,,REP,Gil Almquist,86
Washington,27WAS:06,County Commission Seat A,,REP,Over Votes,0
Washington,27WAS:06,County Commission Seat A,,REP,Under Votes,0
Washington,27WAS:06,County Commission Seat B,,REP,Over Votes,0
Washington,27WAS:06,County Commission Seat B,,REP,Troy G Belliston,94
Washington,27WAS:06,County Commission Seat B,,REP,Under Votes,0
Washington,27WAS:06,County Commission Seat B,,REP,Victor Iverson,55
Washington,27WAS:06,Registered Voters,,,,421
Washington,27WAS:06,U.S. House,3,REP,Celeste Maloy,79
Washington,27WAS:06,U.S. House,3,REP,Over Votes,0
Washington,27WAS:06,U.S. House,3,REP,Phil Lyman,68
Washington,27WAS:06,U.S. House,3,REP,Under Votes,2
Washington,27WAS:07,Ballots Cast,,,,184
Washington,27WAS:07,Ballots Cast Blank,,,,0
Washington,27WAS:07,County Commission Seat A,,REP,Bill Hoster,80
Washington,27WAS:07,County Commission Seat A,,REP,Gil Almquist,97
Washington,27WAS:07,County Commission Seat A,,REP,Over Votes,0
Washington,27WAS:07,County Commission Seat A,,REP,Under Votes,7
Washington,27WAS:07,County Commission Seat B,,REP,Over Votes,0
Washington,27WAS:07,County Commission Seat B,,REP,Troy G Belliston,81
Washington,27WAS:07,County Commission Seat B,,REP,Under Votes,5
Washington,27WAS:07,County Commission Seat B,,REP,Victor Iverson,98
Washington,27WAS:07,Registered Voters,,,,469
Washington,27WAS:07,U.S. House,3,REP,Celeste Maloy,129
Washington,27WAS:07,U.S. House,3,REP,Over Votes,0
Washington,27WAS:07,U.S. House,3,REP,Phil Lyman,53
Washington,27WAS:07,U.S. House,3,REP,Under Votes,2
Washington,27WAS:08,Ballots Cast,,,,205
Washington,27WAS:08,Ballots Cast Blank,,,,0
Washington,27WAS:08,County Commission Seat A,,REP,Bill Hoster,98
Washington,27WAS:08,County Commission Seat A,,REP,Gil Almquist,97
Washington,27WAS:08,County Commission Seat A,,REP,Over Votes,0
Washington,27WAS:08,County Commission Seat A,,REP,Under Votes,10
Washington,27WAS:08,County Commission Seat B,,REP,Over Votes,0
Washington,27WAS:08,County Commission Seat B,,REP,Troy G Belliston,125
Washington,27WAS:08,County Commission Seat B,,REP,Under Votes,5
Washington,27WAS:08,County Commission Seat B,,REP,Victor Iverson,75
Washington,27WAS:08,Registered Voters,,,,489
Washington,27WAS:08,U.S. House,3,REP,Celeste Maloy,139
Washington,27WAS:08,U.S. House,3,REP,Over Votes,0
Washington,27WAS:08,U.S. House,3,REP,Phil Lyman,63
Washington,27WAS:08,U.S. House,3,REP,Under Votes,3
Washington,27WAS:09,Ballots Cast,,,,209
Washington,27WAS:09,Ballots Cast Blank,,,,0
Washington,27WAS:09,County Commission Seat A,,REP,Bill Hoster,82
Washington,27WAS:09,County Commission Seat A,,REP,Gil Almquist,123
Washington,27WAS:09,County Commission Seat A,,REP,Over Votes,0
Washington,27WAS:09,County Commission Seat A,,REP,Under Votes,4
Washington,27WAS:09,County Commission Seat B,,REP,Over Votes,0
Washington,27WAS:09,County Commission Seat B,,REP,Troy G Belliston,122
Washington,27WAS:09,County Commission Seat B,,REP,Under Votes,5
Washington,27WAS:09,County Commission Seat B,,REP,Victor Iverson,82
Washington,27WAS:09,Registered Voters,,,,418
Washington,27WAS:09,U.S. House,3,REP,Celeste Maloy,150
Washington,27WAS:09,U.S. House,3,REP,Over Votes,0
Washington,27WAS:09,U.S. House,3,REP,Phil Lyman,59
Washington,27WAS:09,U.S. House,3,REP,Under Votes,0
Washington,27WAS:10,Ballots Cast,,,,271
Washington,27WAS:10,Ballots Cast Blank,,,,0
Washington,27WAS:10,County Commission Seat A,,REP,Bill Hoster,115
Washington,27WAS:10,County Commission Seat A,,REP,Gil Almquist,152
Washington,27WAS:10,County Commission Seat A,,REP,Over Votes,0
Washington,27WAS:10,County Commission Seat A,,REP,Under Votes,4
Washington,27WAS:10,County Commission Seat B,,REP,Over Votes,0
Washington,27WAS:10,County Commission Seat B,,REP,Troy G Belliston,142
Washington,27WAS:10,County Commission Seat B,,REP,Under Votes,4
Washington,27WAS:10,County Commission Seat B,,REP,Victor Iverson,125
Washington,27WAS:10,Registered Voters,,,,631
Washington,27WAS:10,U.S. House,3,REP,Celeste Maloy,152
Washington,27WAS:10,U.S. House,3,REP,Over Votes,0
Washington,27WAS:10,U.S. House,3,REP,Phil Lyman,116
Washington,27WAS:10,U.S. House,3,REP,Under Votes,3
Washington,27WAS:11,Ballots Cast,,,,159
Washington,27WAS:11,Ballots Cast Blank,,,,0
Washington,27WAS:11,County Commission Seat A,,REP,Bill Hoster,70
Washington,27WAS:11,County Commission Seat A,,REP,Gil Almquist,84
Washington,27WAS:11,County Commission Seat A,,REP,Over Votes,0
Washington,27WAS:11,County Commission Seat A,,REP,Under Votes,5
Washington,27WAS:11,County Commission Seat B,,REP,Over Votes,0
Washington,27WAS:11,County Commission Seat B,,REP,Troy G Belliston,83
Washington,27WAS:11,County Commission Seat B,,REP,Under Votes,4
Washington,27WAS:11,County Commission Seat B,,REP,Victor Iverson,72
Washington,27WAS:11,Registered Voters,,,,549
Washington,27WAS:11,U.S. House,3,REP,Celeste Maloy,104
Washington,27WAS:11,U.S. House,3,REP,Over Votes,0
Washington,27WAS:11,U.S. House,3,REP,Phil Lyman,55
Washington,27WAS:11,U.S. House,3,REP,Under Votes,0
Washington,27WAS:12,Ballots Cast,,,,280
Washington,27WAS:12,Ballots Cast Blank,,,,0
Washington,27WAS:12,County Commission Seat A,,REP,Bill Hoster,111
Washington,27WAS:12,County Commission Seat A,,REP,Gil Almquist,160
Washington,27WAS:12,County Commission Seat A,,REP,Over Votes,0
Washington,27WAS:12,County Commission Seat A,,REP,Under Votes,9
Washington,27WAS:12,County Commission Seat B,,REP,Over Votes,0
Washington,27WAS:12,County Commission Seat B,,REP,Troy G Belliston,175
Washington,27WAS:12,County Commission Seat B,,REP,Under Votes,4
Washington,27WAS:12,County Commission Seat B,,REP,Victor Iverson,101
Washington,27WAS:12,Registered Voters,,,,781
Washington,27WAS:12,U.S. House,3,REP,Celeste Maloy,175
Washington,27WAS:12,U.S. House,3,REP,Over Votes,0
Washington,27WAS:12,U.S. House,3,REP,Phil Lyman,104
Washington,27WAS:12,U.S. House,3,REP,Under Votes,1
Washington,27WAS:13,Ballots Cast,,,,138
Washington,27WAS:13,Ballots Cast Blank,,,,0
Washington,27WAS:13,County Commission Seat A,,REP,Bill Hoster,49
Washington,27WAS:13,County Commission Seat A,,REP,Gil Almquist,86
Washington,27WAS:13,County Commission Seat A,,REP,Over Votes,0
Washington,27WAS:13,County Commission Seat A,,REP,Under Votes,3
Washington,27WAS:13,County Commission Seat B,,REP,Over Votes,0
Washington,27WAS:13,County Commission Seat B,,REP,Troy G Belliston,79
Washington,27WAS:13,County Commission Seat B,,REP,Under Votes,1
Washington,27WAS:13,County Commission Seat B,,REP,Victor Iverson,58
Washington,27WAS:13,Registered Voters,,,,502
Washington,27WAS:13,U.S. House,3,REP,Celeste Maloy,69
Washington,27WAS:13,U.S. House,3,REP,Over Votes,0
Washington,27WAS:13,U.S. House,3,REP,Phil Lyman,69
Washington,27WAS:13,U.S. House,3,REP,Under Votes,0
Washington,27WAS:14,Ballots Cast,,,,277
Washington,27WAS:14,Ballots Cast Blank,,,,0
Washington,27WAS:14,County Commission Seat A,,REP,Bill Hoster,100
Washington,27WAS:14,County Commission Seat A,,REP,Gil Almquist,166
Washington,27WAS:14,County Commission Seat A,,REP,Over Votes,0
Washington,27WAS:14,County Commission Seat A,,REP,Under Votes,11
Washington,27WAS:14,County Commission Seat B,,REP,Over Votes,0
Washington,27WAS:14,County Commission Seat B,,REP,Troy G Belliston,131
Washington,27WAS:14,County Commission Seat B,,REP,Under Votes,7
Washington,27WAS:14,County Commission Seat B,,REP,Victor Iverson,139
Washington,27WAS:14,Registered Voters,,,,849
Washington,27WAS:14,U.S. House,3,REP,Celeste Maloy,176
Washington,27WAS:14,U.S. House,3,REP,Over Votes,0
Washington,27WAS:14,U.S. House,3,REP,Phil Lyman,98
Washington,27WAS:14,U.S. House,3,REP,Under Votes,3
Washington,27WAS:15,Ballots Cast,,,,118
Washington,27WAS:15,Ballots Cast Blank,,,,0
Washington,27WAS:15,County Commission Seat A,,REP,Bill Hoster,57
Washington,27WAS:15,County Commission Seat A,,REP,Gil Almquist,59
Washington,27WAS:15,County Commission Seat A,,REP,Over Votes,0
Washington,27WAS:15,County Commission Seat A,,REP,Under Votes,2
Washington,27WAS:15,County Commission Seat B,,REP,Over Votes,0
Washington,27WAS:15,County Commission Seat B,,REP,Troy G Belliston,71
Washington,27WAS:15,County Commission Seat B,,REP,Under Votes,2
Washington,27WAS:15,County Commission Seat B,,REP,Victor Iverson,45
Washington,27WAS:15,Registered Voters,,,,376
Washington,27WAS:15,U.S. House,3,REP,Celeste Maloy,72
Washington,27WAS:15,U.S. House,3,REP,Over Votes,0
Washington,27WAS:15,U.S. House,3,REP,Phil Lyman,45
Washington,27WAS:15,U.S. House,3,REP,Under Votes,1
Washington,27WAS:16,Ballots Cast,,,,247
Washington,27WAS:16,Ballots Cast Blank,,,,0
Washington,27WAS:16,County Commission Seat A,,REP,Bill Hoster,90
Washington,27WAS:16,County Commission Seat A,,REP,Gil Almquist,152
Washington,27WAS:16,County Commission Seat A,,REP,Over Votes,0
Washington,27WAS:16,County Commission Seat A,,REP,Under Votes,5
Washington,27WAS:16,County Commission Seat B,,REP,Over Votes,0
Washington,27WAS:16,County Commission Seat B,,REP,Troy G Belliston,108
Washington,27WAS:16,County Commission Seat B,,REP,Under Votes,3
Washington,27WAS:16,County Commission Seat B,,REP,Victor Iverson,136
Washington,27WAS:16,Registered Voters,,,,708
Washington,27WAS:16,U.S. House,3,REP,Celeste Maloy,145
Washington,27WAS:16,U.S. House,3,REP,Over Votes,0
Washington,27WAS:16,U.S. House,3,REP,Phil Lyman,100
Washington,27WAS:16,U.S. House,3,REP,Under Votes,2
Washington,27WAS:17,Ballots Cast,,,,246
Washington,27WAS:17,Ballots Cast Blank,,,,1
Washington,27WAS:17,County Commission Seat A,,REP,Bill Hoster,117
Washington,27WAS:17,County Commission Seat A,,REP,Gil Almquist,126
Washington,27WAS:17,County Commission Seat A,,REP,Over Votes,0
Washington,27WAS:17,County Commission Seat A,,REP,Under Votes,3
Washington,27WAS:17,County Commission Seat B,,REP,Over Votes,0
Washington,27WAS:17,County Commission Seat B,,REP,Troy G Belliston,146
Washington,27WAS:17,County Commission Seat B,,REP,Under Votes,2
Washington,27WAS:17,County Commission Seat B,,REP,Victor Iverson,98
Washington,27WAS:17,Registered Voters,,,,743
Washington,27WAS:17,U.S. House,3,REP,Celeste Maloy,155
Washington,27WAS:17,U.S. House,3,REP,Over Votes,0
Washington,27WAS:17,U.S. House,3,REP,Phil Lyman,87
Washington,27WAS:17,U.S. House,3,REP,Under Votes,4
Washington,27WAS:18,Ballots Cast,,,,255
Washington,27WAS:18,Ballots Cast Blank,,,,0
Washington,27WAS:18,County Commission Seat A,,REP,Bill Hoster,117
Washington,27WAS:18,County Commission Seat A,,REP,Gil Almquist,130
Washington,27WAS:18,County Commission Seat A,,REP,Over Votes,0
Washington,27WAS:18,County Commission Seat A,,REP,Under Votes,8
Washington,27WAS:18,County Commission Seat B,,REP,Over Votes,0
Washington,27WAS:18,County Commission Seat B,,REP,Troy G Belliston,147
Washington,27WAS:18,County Commission Seat B,,REP,Under Votes,3
Washington,27WAS:18,County Commission Seat B,,REP,Victor Iverson,105
Washington,27WAS:18,Registered Voters,,,,798
Washington,27WAS:18,U.S. House,3,REP,Celeste Maloy,162
Washington,27WAS:18,U.S. House,3,REP,Over Votes,0
Washington,27WAS:18,U.S. House,3,REP,Phil Lyman,93
Washington,27WAS:18,U.S. House,3,REP,Under Votes,0
Washington,27WAS:19,Ballots Cast,,,,196
Washington,27WAS:19,Ballots Cast Blank,,,,0
Washington,27WAS:19,County Commission Seat A,,REP,Bill Hoster,87
Washington,27WAS:19,County Commission Seat A,,REP,Gil Almquist,108
Washington,27WAS:19,County Commission Seat A,,REP,Over Votes,0
Washington,27WAS:19,County Commission Seat A,,REP,Under Votes,1
Washington,27WAS:19,County Commission Seat B,,REP,Over Votes,0
Washington,27WAS:19,County Commission Seat B,,REP,Troy G Belliston,105
Washington,27WAS:19,County Commission Seat B,,REP,Under Votes,2
Washington,27WAS:19,County Commission Seat B,,REP,Victor Iverson,89
Washington,27WAS:19,Registered Voters,,,,703
Washington,27WAS:19,U.S. House,3,REP,Celeste Maloy,107
Washington,27WAS:19,U.S. House,3,REP,Over Votes,0
Washington,27WAS:19,U.S. House,3,REP,Phil Lyman,89
Washington,27WAS:19,U.S. House,3,REP,Under Votes,0
Washington,27WAS:20,Ballots Cast,,,,123
Washington,27WAS:20,Ballots Cast Blank,,,,0
Washington,27WAS:20,County Commission Seat A,,REP,Bill Hoster,52
Washington,27WAS:20,County Commission Seat A,,REP,Gil Almquist,68
Washington,27WAS:20,County Commission Seat A,,REP,Over Votes,0
Washington,27WAS:20,County Commission Seat A,,REP,Under Votes,3
Washington,27WAS:20,County Commission Seat B,,REP,Over Votes,0
Washington,27WAS:20,County Commission Seat B,,REP,Troy G Belliston,81
Washington,27WAS:20,County Commission Seat B,,REP,Under Votes,1
Washington,27WAS:20,County Commission Seat B,,REP,Victor Iverson,41
Washington,27WAS:20,Registered Voters,,,,307
Washington,27WAS:20,U.S. House,3,REP,Celeste Maloy,82
Washington,27WAS:20,U.S. House,3,REP,Over Votes,1
Washington,27WAS:20,U.S. House,3,REP,Phil Lyman,39
Washington,27WAS:20,U.S. House,3,REP,Under Votes,1
Washington,27WAS:21,Ballots Cast,,,,214
Washington,27WAS:21,Ballots Cast Blank,,,,0
Washington,27WAS:21,County Commission Seat A,,REP,Bill Hoster,98
Washington,27WAS:21,County Commission Seat A,,REP,Gil Almquist,109
Washington,27WAS:21,County Commission Seat A,,REP,Over Votes,0
Washington,27WAS:21,County Commission Seat A,,REP,Under Votes,7
Washington,27WAS:21,County Commission Seat B,,REP,Over Votes,0
Washington,27WAS:21,County Commission Seat B,,REP,Troy G Belliston,109
Washington,27WAS:21,County Commission Seat B,,REP,Under Votes,7
Washington,27WAS:21,County Commission Seat B,,REP,Victor Iverson,98
Washington,27WAS:21,Registered Voters,,,,631
Washington,27WAS:21,U.S. House,3,REP,Celeste Maloy,131
Washington,27WAS:21,U.S. House,3,REP,Over Votes,0
Washington,27WAS:21,U.S. House,3,REP,Phil Lyman,83
Washington,27WAS:21,U.S. House,3,REP,Under Votes,0
Washington,27WAS:22,Ballots Cast,,,,53
Washington,27WAS:22,Ballots Cast Blank,,,,0
Washington,27WAS:22,County Commission Seat A,,REP,Bill Hoster,27
Washington,27WAS:22,County Commission Seat A,,REP,Gil Almquist,26
Washington,27WAS:22,County Commission Seat A,,REP,Over Votes,0
Washington,27WAS:22,County Commission Seat A,,REP,Under Votes,0
Washington,27WAS:22,County Commission Seat B,,REP,Over Votes,0
Washington,27WAS:22,County Commission Seat B,,REP,Troy G Belliston,27
Washington,27WAS:22,County Commission Seat B,,REP,Under Votes,0
Washington,27WAS:22,County Commission Seat B,,REP,Victor Iverson,26
Washington,27WAS:22,Registered Voters,,,,527
Washington,27WAS:22,U.S. House,3,REP,Celeste Maloy,28
Washington,27WAS:22,U.S. House,3,REP,Over Votes,0
Washington,27WAS:22,U.S. House,3,REP,Phil Lyman,25
Washington,27WAS:22,U.S. House,3,REP,Under Votes,0
Washington,27WAS:23,Ballots Cast,,,,94
Washington,27WAS:23,Ballots Cast Blank,,,,0
Washington,27WAS:23,County Commission Seat A,,REP,Bill Hoster,34
Washington,27WAS:23,County Commission Seat A,,REP,Gil Almquist,58
Washington,27WAS:23,County Commission Seat A,,REP,Over Votes,0
Washington,27WAS:23,County Commission Seat A,,REP,Under Votes,2
Washington,27WAS:23,County Commission Seat B,,REP,Over Votes,0
Washington,27WAS:23,County Commission Seat B,,REP,Troy G Belliston,52
Washington,27WAS:23,County Commission Seat B,,REP,Under Votes,3
Washington,27WAS:23,County Commission Seat B,,REP,Victor Iverson,39
Washington,27WAS:23,Registered Voters,,,,364
Washington,27WAS:23,U.S. House,3,REP,Celeste Maloy,59
Washington,27WAS:23,U.S. House,3,REP,Over Votes,0
Washington,27WAS:23,U.S. House,3,REP,Phil Lyman,35
Washington,27WAS:23,U.S. House,3,REP,Under Votes,0
Washington,27XCBR:01,Ballots Cast,,,,72
Washington,27XCBR:01,Ballots Cast Blank,,,,0
Washington,27XCBR:01,County Commission Seat A,,REP,Bill Hoster,34
Washington,27XCBR:01,County Commission Seat A,,REP,Gil Almquist,37
Washington,27XCBR:01,County Commission Seat A,,REP,Over Votes,0
Washington,27XCBR:01,County Commission Seat A,,REP,Under Votes,1
Washington,27XCBR:01,County Commission Seat B,,REP,Over Votes,0
Washington,27XCBR:01,County Commission Seat B,,REP,Troy G Belliston,39
Washington,27XCBR:01,County Commission Seat B,,REP,Under Votes,0
Washington,27XCBR:01,County Commission Seat B,,REP,Victor Iverson,33
Washington,27XCBR:01,Registered Voters,,,,203
Washington,27XCBR:01,U.S. House,3,REP,Celeste Maloy,39
Washington,27XCBR:01,U.S. House,3,REP,Over Votes,0
Washington,27XCBR:01,U.S. House,3,REP,Phil Lyman,33
Washington,27XCBR:01,U.S. House,3,REP,Under Votes,0
Washington,27XCDS:01,Ballots Cast,,,,50
Washington,27XCDS:01,Ballots Cast Blank,,,,0
Washington,27XCDS:01,County Commission Seat A,,REP,Bill Hoster,14
Washington,27XCDS:01,County Commission Seat A,,REP,Gil Almquist,34
Washington,27XCDS:01,County Commission Seat A,,REP,Over Votes,0
Washington,27XCDS:01,County Commission Seat A,,REP,Under Votes,2
Washington,27XCDS:01,County Commission Seat B,,REP,Over Votes,0
Washington,27XCDS:01,County Commission Seat B,,REP,Troy G Belliston,25
Washington,27XCDS:01,County Commission Seat B,,REP,Under Votes,1
Washington,27XCDS:01,County Commission Seat B,,REP,Victor Iverson,24
Washington,27XCDS:01,Registered Voters,,,,123
Washington,27XCDS:01,U.S. House,3,REP,Celeste Maloy,24
Washington,27XCDS:01,U.S. House,3,REP,Over Votes,0
Washington,27XCDS:01,U.S. House,3,REP,Phil Lyman,26
Washington,27XCDS:01,U.S. House,3,REP,Under Votes,0
Washington,27XDAV:01,Ballots Cast,,,,226
Washington,27XDAV:01,Ballots Cast Blank,,,,1
Washington,27XDAV:01,County Commission Seat A,,REP,Bill Hoster,126
Washington,27XDAV:01,County Commission Seat A,,REP,Gil Almquist,97
Washington,27XDAV:01,County Commission Seat A,,REP,Over Votes,0
Washington,27XDAV:01,County Commission Seat A,,REP,Under Votes,3
Washington,27XDAV:01,County Commission Seat B,,REP,Over Votes,0
Washington,27XDAV:01,County Commission Seat B,,REP,Troy G Belliston,145
Washington,27XDAV:01,County Commission Seat B,,REP,Under Votes,2
Washington,27XDAV:01,County Commission Seat B,,REP,Victor Iverson,79
Washington,27XDAV:01,Registered Voters,,,,456
Washington,27XDAV:01,U.S. House,3,REP,Celeste Maloy,103
Washington,27XDAV:01,U.S. House,3,REP,Over Votes,1
Washington,27XDAV:01,U.S. House,3,REP,Phil Lyman,119
Washington,27XDAV:01,U.S. House,3,REP,Under Votes,3
Washington,27XDDR:01,Ballots Cast,,,,104
Washington,27XDDR:01,Ballots Cast Blank,,,,0
Washington,27XDDR:01,County Commission Seat A,,REP,Bill Hoster,57
Washington,27XDDR:01,County Commission Seat A,,REP,Gil Almquist,44
Washington,27XDDR:01,County Commission Seat A,,REP,Over Votes,0
Washington,27XDDR:01,County Commission Seat A,,REP,Under Votes,3
Washington,27XDDR:01,County Commission Seat B,,REP,Over Votes,0
Washington,27XDDR:01,County Commission Seat B,,REP,Troy G Belliston,73
Washington,27XDDR:01,County Commission Seat B,,REP,Under Votes,2
Washington,27XDDR:01,County Commission Seat B,,REP,Victor Iverson,29
Washington,27XDDR:01,Registered Voters,,,,269
Washington,27XDDR:01,U.S. House,3,REP,Celeste Maloy,63
Washington,27XDDR:01,U.S. House,3,REP,Over Votes,0
Washington,27XDDR:01,U.S. House,3,REP,Phil Lyman,40
Washington,27XDDR:01,U.S. House,3,REP,Under Votes,1
Washington,27XDIV:01,Ballots Cast,,,,193
Washington,27XDIV:01,Ballots Cast Blank,,,,0
Washington,27XDIV:01,County Commission Seat A,,REP,Bill Hoster,116
Washington,27XDIV:01,County Commission Seat A,,REP,Gil Almquist,75
Washington,27XDIV:01,County Commission Seat A,,REP,Over Votes,0
Washington,27XDIV:01,County Commission Seat A,,REP,Under Votes,2
Washington,27XDIV:01,County Commission Seat B,,REP,Over Votes,0
Washington,27XDIV:01,County Commission Seat B,,REP,Troy G Belliston,91
Washington,27XDIV:01,County Commission Seat B,,REP,Under Votes,4
Washington,27XDIV:01,County Commission Seat B,,REP,Victor Iverson,98
Washington,27XDIV:01,Registered Voters,,,,541
Washington,27XDIV:01,U.S. House,3,REP,Celeste Maloy,100
Washington,27XDIV:01,U.S. House,3,REP,Over Votes,0
Washington,27XDIV:01,U.S. House,3,REP,Phil Lyman,93
Washington,27XDIV:01,U.S. House,3,REP,Under Votes,0
Washington,27XGL:01,Ballots Cast,,,,26
Washington,27XGL:01,Ballots Cast Blank,,,,0
Washington,27XGL:01,County Commission Seat A,,REP,Bill Hoster,18
Washington,27XGL:01,County Commission Seat A,,REP,Gil Almquist,8
Washington,27XGL:01,County Commission Seat A,,REP,Over Votes,0
Washington,27XGL:01,County Commission Seat A,,REP,Under Votes,0
Washington,27XGL:01,County Commission Seat B,,REP,Over Votes,0
Washington,27XGL:01,County Commission Seat B,,REP,Troy G Belliston,19
Washington,27XGL:01,County Commission Seat B,,REP,Under Votes,0
Washington,27XGL:01,County Commission Seat B,,REP,Victor Iverson,7
Washington,27XGL:01,Registered Voters,,,,63
Washington,27XGL:01,U.S. House,3,REP,Celeste Maloy,22
Washington,27XGL:01,U.S. House,3,REP,Over Votes,0
Washington,27XGL:01,U.S. House,3,REP,Phil Lyman,4
Washington,27XGL:01,U.S. House,3,REP,Under Votes,0
Washington,27XHS:72,Ballots Cast,,,,17
Washington,27XHS:72,Ballots Cast Blank,,,,0
Washington,27XHS:72,County Commission Seat A,,REP,Bill Hoster,6
Washington,27XHS:72,County Commission Seat A,,REP,Gil Almquist,11
Washington,27XHS:72,County Commission Seat A,,REP,Over Votes,0
Washington,27XHS:72,County Commission Seat A,,REP,Under Votes,0
Washington,27XHS:72,County Commission Seat B,,REP,Over Votes,0
Washington,27XHS:72,County Commission Seat B,,REP,Troy G Belliston,5
Washington,27XHS:72,County Commission Seat B,,REP,Under Votes,0
Washington,27XHS:72,County Commission Seat B,,REP,Victor Iverson,12
Washington,27XHS:72,Registered Voters,,,,53
Washington,27XHS:72,U.S. House,3,REP,Celeste Maloy,9
Washington,27XHS:72,U.S. House,3,REP,Over Votes,0
Washington,27XHS:72,U.S. House,3,REP,Phil Lyman,8
Washington,27XHS:72,U.S. House,3,REP,Under Votes,0
Washington,27XHS:74,Ballots Cast,,,,2
Washington,27XHS:74,Ballots Cast Blank,,,,0
Washington,27XHS:74,Registered Voters,,,,8
Washington,27XHS:75,Ballots Cast,,,,1
Washington,27XHS:75,Ballots Cast Blank,,,,0
Washington,27XHS:75,Registered Voters,,,,12
Washington,27XHV:28,Ballots Cast,,,,2
Washington,27XHV:28,Ballots Cast Blank,,,,0
Washington,27XHV:28,Registered Voters,,,,2
Washington,27XLEE:01,Ballots Cast,,,,74
Washington,27XLEE:01,Ballots Cast Blank,,,,0
Washington,27XLEE:01,County Commission Seat A,,REP,Bill Hoster,33
Washington,27XLEE:01,County Commission Seat A,,REP,Gil Almquist,39
Washington,27XLEE:01,County Commission Seat A,,REP,Over Votes,0
Washington,27XLEE:01,County Commission Seat A,,REP,Under Votes,2
Washington,27XLEE:01,County Commission Seat B,,REP,Over Votes,0
Washington,27XLEE:01,County Commission Seat B,,REP,Troy G Belliston,42
Washington,27XLEE:01,County Commission Seat B,,REP,Under Votes,0
Washington,27XLEE:01,County Commission Seat B,,REP,Victor Iverson,32
Washington,27XLEE:01,Registered Voters,,,,142
Washington,27XLEE:01,U.S. House,3,REP,Celeste Maloy,48
Washington,27XLEE:01,U.S. House,3,REP,Over Votes,0
Washington,27XLEE:01,U.S. House,3,REP,Phil Lyman,26
Washington,27XLEE:01,U.S. House,3,REP,Under Votes,0
Washington,27XNCF:01,Ballots Cast,,,,47
Washington,27XNCF:01,Ballots Cast Blank,,,,0
Washington,27XNCF:01,County Commission Seat A,,REP,Bill Hoster,25
Washington,27XNCF:01,County Commission Seat A,,REP,Gil Almquist,21
Washington,27XNCF:01,County Commission Seat A,,REP,Over Votes,0
Washington,27XNCF:01,County Commission Seat A,,REP,Under Votes,1
Washington,27XNCF:01,County Commission Seat B,,REP,Over Votes,1
Washington,27XNCF:01,County Commission Seat B,,REP,Troy G Belliston,21
Washington,27XNCF:01,County Commission Seat B,,REP,Under Votes,1
Washington,27XNCF:01,County Commission Seat B,,REP,Victor Iverson,24
Washington,27XNCF:01,Registered Voters,,,,157
Washington,27XNCF:01,U.S. House,3,REP,Celeste Maloy,28
Washington,27XNCF:01,U.S. House,3,REP,Over Votes,0
Washington,27XNCF:01,U.S. House,3,REP,Phil Lyman,19
Washington,27XNCF:01,U.S. House,3,REP,Under Votes,0
Washington,27XNHS:27,Ballots Cast,,,,7
Washington,27XNHS:27,Ballots Cast Blank,,,,0
Washington,27XNHS:27,Registered Voters,,,,22
Washington,27XNHS:28,Ballots Cast,,,,304
Washington,27XNHS:28,Ballots Cast Blank,,,,0
Washington,27XNHS:28,County Commission Seat A,,REP,Bill Hoster,160
Washington,27XNHS:28,County Commission Seat A,,REP,Gil Almquist,138
Washington,27XNHS:28,County Commission Seat A,,REP,Over Votes,1
Washington,27XNHS:28,County Commission Seat A,,REP,Under Votes,5
Washington,27XNHS:28,County Commission Seat B,,REP,Over Votes,1
Washington,27XNHS:28,County Commission Seat B,,REP,Troy G Belliston,129
Washington,27XNHS:28,County Commission Seat B,,REP,Under Votes,6
Washington,27XNHS:28,County Commission Seat B,,REP,Victor Iverson,168
Washington,27XNHS:28,Registered Voters,,,,644
Washington,27XNHS:28,U.S. House,3,REP,Celeste Maloy,181
Washington,27XNHS:28,U.S. House,3,REP,Over Votes,0
Washington,27XNHS:28,U.S. House,3,REP,Phil Lyman,120
Washington,27XNHS:28,U.S. House,3,REP,Under Votes,3
Washington,27XPIN:01,Ballots Cast,,,,96
Washington,27XPIN:01,Ballots Cast Blank,,,,0
Washington,27XPIN:01,County Commission Seat A,,REP,Bill Hoster,34
Washington,27XPIN:01,County Commission Seat A,,REP,Gil Almquist,61
Washington,27XPIN:01,County Commission Seat A,,REP,Over Votes,0
Washington,27XPIN:01,County Commission Seat A,,REP,Under Votes,1
Washington,27XPIN:01,County Commission Seat B,,REP,Over Votes,0
Washington,27XPIN:01,County Commission Seat B,,REP,Troy G Belliston,29
Washington,27XPIN:01,County Commission Seat B,,REP,Under Votes,0
Washington,27XPIN:01,County Commission Seat B,,REP,Victor Iverson,67
Washington,27XPIN:01,Registered Voters,,,,169
Washington,27XPIN:01,U.S. House,3,REP,Celeste Maloy,72
Washington,27XPIN:01,U.S. House,3,REP,Over Votes,0
Washington,27XPIN:01,U.S. House,3,REP,Phil Lyman,24
Washington,27XPIN:01,U.S. House,3,REP,Under Votes,0
Washington,27XSH:06,Ballots Cast,,,,2
Washington,27XSH:06,Ballots Cast Blank,,,,0
Washington,27XSH:06,Registered Voters,,,,2
Washington,27XSH:09,Ballots Cast,,,,0
Washington,27XSH:09,Ballots Cast Blank,,,,0
Washington,27XSH:09,County Commission Seat A,,REP,Bill Hoster,0
Washington,27XSH:09,County Commission Seat A,,REP,Gil Almquist,0
Washington,27XSH:09,County Commission Seat A,,REP,Over Votes,0
Washington,27XSH:09,County Commission Seat A,,REP,Under Votes,0
Washington,27XSH:09,County Commission Seat B,,REP,Over Votes,0
Washington,27XSH:09,County Commission Seat B,,REP,Troy G Belliston,0
Washington,27XSH:09,County Commission Seat B,,REP,Under Votes,0
Washington,27XSH:09,County Commission Seat B,,REP,Victor Iverson,0
Washington,27XSH:09,Registered Voters,,,,1
Washington,27XSH:09,U.S. House,3,REP,Celeste Maloy,0
Washington,27XSH:09,U.S. House,3,REP,Over Votes,0
Washington,27XSH:09,U.S. House,3,REP,Phil Lyman,0
Washington,27XSH:09,U.S. House,3,REP,Under Votes,0
Washington,27XVEY:01,Ballots Cast,,,,98
Washington,27XVEY:01,Ballots Cast Blank,,,,0
Washington,27XVEY:01,County Commission Seat A,,REP,Bill Hoster,48
Washington,27XVEY:01,County Commission Seat A,,REP,Gil Almquist,50
Washington,27XVEY:01,County Commission Seat A,,REP,Over Votes,0
Washington,27XVEY:01,County Commission Seat A,,REP,Under Votes,0
Washington,27XVEY:01,County Commission Seat B,,REP,Over Votes,0
Washington,27XVEY:01,County Commission Seat B,,REP,Troy G Belliston,57
Washington,27XVEY:01,County Commission Seat B,,REP,Under Votes,0
Washington,27XVEY:01,County Commission Seat B,,REP,Victor Iverson,41
Washington,27XVEY:01,Registered Voters,,,,225
Washington,27XVEY:01,U.S. House,3,REP,Celeste Maloy,51
Washington,27XVEY:01,U.S. House,3,REP,Over Votes,0
Washington,27XVEY:01,U.S. House,3,REP,Phil Lyman,47
Washington,27XVEY:01,U.S. House,3,REP,Under Votes,0
Washington,27XWH:01,Ballots Cast,,,,213
Washington,27XWH:01,Ballots Cast Blank,,,,0
Washington,27XWH:01,County Commission Seat A,,REP,Bill Hoster,131
Washington,27XWH:01,County Commission Seat A,,REP,Gil Almquist,81
Washington,27XWH:01,County Commission Seat A,,REP,Over Votes,0
Washington,27XWH:01,County Commission Seat A,,REP,Under Votes,1
Washington,27XWH:01,County Commission Seat B,,REP,Over Votes,0
Washington,27XWH:01,County Commission Seat B,,REP,Troy G Belliston,103
Washington,27XWH:01,County Commission Seat B,,REP,Under Votes,1
Washington,27XWH:01,County Commission Seat B,,REP,Victor Iverson,109
Washington,27XWH:01,Registered Voters,,,,479
Washington,27XWH:01,U.S. House,3,REP,Celeste Maloy,104
Washington,27XWH:01,U.S. House,3,REP,Over Votes,0
Washington,27XWH:01,U.S. House,3,REP,Phil Lyman,108
Washington,27XWH:01,U.S. House,3,REP,Under Votes,1
